sample,t,mode,err_mm,nis,compute_ms,period_ms,q_pos,q_pos_z,q_vel,q_vel_z,r,observer_q_d,observer_r_y,observer_d_hat_max,dyn_armature_kg_m2,ee_0,ee_1,ee_2,p_d_0,p_d_1,p_d_2,ee_vel_0,ee_vel_1,ee_vel_2,u_0,u_1,u_2,d_hat_0,d_hat_1,d_hat_2,F_0,F_1,F_2,q_0,q_1,q_2,tau_0,tau_1,tau_2,cur_0,cur_1,cur_2,innovation_0,innovation_1,innovation_2,y_hat_0,y_hat_1,y_hat_2
0,6.998889148235321e-07,circle,6.938893903907228e-13,5.273584665644671e-25,4.605400143191218,0.0006998889148235321,124371.0,124371.0,0.0,0.0,8.77,5e-05,1e-08,100.0,0.01,-0.037471317885280214,0.0,0.21740947874705596,-0.037471317885280214,0.0,0.21740947874705666,0.0,0.0,0.0,-1.0635183469481353e-15,0.0,1.451073940837258e-08,2.6585297153142138e-24,0.0,-3.6307908114999825e-17,-2.349825352704557e-17,0.0,1.309177258060984e-15,0.5218979518752379,-2.29351683795051,-1.8898538486210967,-0.19158820165505439,0.09577999172244622,0.057085851126065075,-0.06994,0.02959,0.03228,5.3175917347406763e-20,0.0,-7.262308598090197e-13,-5.3175917347406763e-20,0.0,7.25536970418629e-13
1,0.01034149993211031,circle,0.0001493256453131169,2.584485022975612e-10,4.380199825391173,10.340800043195486,124371.0,124371.0,0.0,0.0,8.77,5e-05,1e-08,100.0,0.01,-0.037471317885280214,0.0,0.21740947874705596,-0.037471317966137015,0.0,0.21740962807267938,0.0,0.0,0.0,-2.4110930633970885e-07,0.0,0.0002308702113683994,1.3918026862076095e-10,0.0,-2.409801433154302e-07,-5.807763363012894e-09,0.0,3.0777231201613696e-07,0.5218979518752379,-2.29351683795051,-1.8898538486210967,-0.19158818734625344,0.09578003264876071,0.057085885145335385,-0.10491,0.0538,0.03228,9.291226584513439e-11,0.0,-1.6087058429781608e-07,-1.2055465423331955e-11,0.0,1.1544960875857428e-08
2,0.020360399968922138,circle,0.22519600311083826,0.1888873784473416,6.428099935874343,10.018900036811829,124371.0,124371.0,0.0,0.0,8.77,5e-05,1e-08,100.0,0.01,-0.03756153328865565,0.0,0.21720372159276263,-0.037471318502336426,0.0,0.21741005756186757,0.0,0.0,0.0,0.009944584219905265,0.0,0.023169319007162563,-0.033549571196112786,0.0,-0.07663520169741382,4.4167539319605006e-05,0.0,6.0693501637932226e-05,0.5218979518752379,-2.2950508187383956,-1.8898538486210967,-0.191321803715973,0.09629381483723895,0.05692347585019461,-0.10491,0.048420000000000005,0.02959,-9.071216508164617e-05,0.0,-0.00020720751207624298,4.973787624229747e-07,0.0,8.715429713058553e-07
3,0.030577499885112047,circle,0.0013054826833336522,0.5380616260704492,4.806499928236008,10.217099916189909,124371.0,124371.0,0.0,0.0,8.77,5e-05,1e-08,100.0,0.01,-0.037471317885280214,0.0,0.21740947874705596,-0.03747131997540168,0.0,0.21741078422806612,0.0,0.0,0.0,0.033547499208037686,0.0,0.07741350841361766,0.06205506294585831,0.0,0.1410436343865883,0.00022318731761679822,0.0,0.0003043403949896546,0.5218979518752379,-2.29351683795051,-1.8898538486210967,-0.19153790214164307,0.09583394891364987,0.05710516143832639,-0.10491,0.05918,0.02959,0.0001347308274306114,0.0,0.0003067638923880868,-0.0001347287373091466,0.0,-0.0003080693733982422
4,0.04054459999315441,circle,0.2267680475559846,0.28152039676574125,5.886599887162447,9.96710010804236,124371.0,124371.0,0.0,0.0,8.77,5e-05,1e-08,100.0,0.01,-0.03756153328865565,0.0,0.21720372159276263,-0.03747132275792087,0.0,0.2174117740081221,0.0,0.0,0.0,-0.05211365948728551,0.0,-0.11726695552901549,-0.022531009560458358,0.0,-0.052468862323879845,-0.0004611965202532287,0.0,-0.0006116765473297697,0.5218979518752379,-2.2950508187383956,-1.8898538486210967,-0.19143482519948907,0.09617392852145304,0.05688173238395833,-0.10491,0.05111,0.03766,-9.504659826249675e-05,0.0,-0.00021744365223056158,4.836067527720888e-06,0.0,9.391236871106177e-06
5,0.050132100004702806,circle,0.19633797656902452,0.2628334713218115,3.92739987000823,9.5875000115484,124371.0,124371.0,0.0,0.0,8.77,5e-05,1e-08,100.0,0.01,-0.03737517160152529,0.0,0.21724180748034314,-0.03747132709640512,0.0,0.21741298785844657,0.0,0.0,0.0,0.011925362519697575,0.0,0.07238003489106216,0.16952224061778082,0.0,0.030058697394287154,0.0001294694945220996,0.0,0.00046809859905250163,0.5218979518752379,-2.29351683795051,-1.8913878294089825,-0.1914812373915848,0.09568949407426461,0.0571620750838302,-0.1076,0.0538,0.040350000000000004,0.00021060622905091152,0.0,9.04999948133469e-05,-0.00011445073417107942,0.0,-0.00026168037291677735
6,0.060411700047552586,circle,0.5842743741415944,0.5975207869081213,4.618899896740913,10.27960004284978,124371.0,124371.0,0.0,0.0,8.77,5e-05,1e-08,100.0,0.01,-0.03718210798702136,0.0,0.21690690839241952,-0.037471334003894415,0.0,0.2174145744789787,0.0015131025726235572,0.0,-0.0026154329182169474,-0.22388310043716286,0.0,0.0659963394955013,0.29259951203397466,0.0,-0.23186275281938365,-0.0029720106855942083,0.0,0.0005140965342167934,0.5218979518752379,-2.29351683795051,-1.8944557909847537,-0.19184177530215812,0.09505804948203195,0.05751924570065624,-0.1076,0.05111,0.03497,0.0001464547958787169,0.0,-0.00031167129467458694,0.0001427712209943382,0.0,-0.0001959947918845795
7,0.0700636999681592,circle,0.9723594822809684,0.2807159946595398,3.7836001720279455,9.651999920606613,124371.0,124371.0,0.0,0.0,8.77,5e-05,1e-08,100.0,0.01,-0.036988017825189845,0.0,0.21657260319141658,-0.037471343029793464,0.0,0.21741633283376452,0.003042238973265034,0.0,-0.005221556953166172,-0.39106732440429376,0.0,0.4038650922338526,0.3595295268184467,0.0,-0.39008987550647517,-0.006007772830873939,0.0,0.0036523285003800363,0.5218979518752379,-2.29351683795051,-1.8975237525605249,-0.19203578047564732,0.09484739852260715,0.05821001999507773,-0.1076,0.0538,0.01076,9.101211565031654e-05,0.0,-0.00021515885265208968,0.00039231308895330196,0.0,-0.0006285707896958504
8,0.08023800002411008,circle,1.1674937745664098,0.008395061216849948,4.748000064864755,10.17430005595088,124371.0,124371.0,0.0,0.0,8.77,5e-05,1e-08,100.0,0.01,-0.036890588359540066,0.0,0.2164056742820445,-0.037471355651516595,0.0,0.21741846797585462,0.004575367738661792,0.0,-0.007825326111053962,-0.49150846857170605,0.0,0.6196047643090663,0.33868574374853017,0.0,-0.3761348307494499,-0.008630486620193879,0.0,0.006420819590746357,0.5218979518752379,-2.29351683795051,-1.8990577333484107,-0.1921063869190732,0.0948563978712829,0.05878083693367002,-0.10491,0.0538,0.040350000000000004,-3.309527166344632e-05,0.0,2.2157493952039723e-05,0.0006138625636399755,0.0,-0.001034951187762172
9,0.0903900999110192,circle,1.5561460544840158,0.1939145000283244,4.3067000806331635,10.152099886909127,124371.0,124371.0,0.0,0.0,8.77,5e-05,1e-08,100.0,0.01,-0.0366949618050767,0.0,0.2160722658095574,-0.03747137187677279,0.0,0.21742088656553554,0.006132471957229247,0.0,-0.010415003006698903,-0.5153579312297537,0.0,0.6813365340523972,0.3851052850927222,0.0,-0.46593366453968765,-0.010165768511108609,0.0,0.007950919200001164,0.5218979518752379,-2.29351683795051,-1.9021256949241818,-0.1922759117376868,0.09443946088917896,0.05922153647159024,-0.1076,0.04573,0.00269,8.655188640508478e-05,0.0,-0.00016743505507501536,0.0006898581852910069,0.0,-0.0011811857009031207
10,0.10024089994840324,circle,1.944968796393936,0.17463330439152053,4.39310004003346,9.850800037384033,124371.0,124371.0,0.0,0.0,8.77,5e-05,1e-08,100.0,0.01,-0.03649831328849114,0.0,0.21573945907996483,-0.03747139152241131,0.0,0.21742350847639502,0.009246593813910112,0.0,-0.015594209747299153,-0.629704148037999,0.0,0.8852238099581625,0.42383298779988976,0.0,-0.5366779735131906,-0.013728172227746619,0.0,0.011457935879953975,0.5218979518752379,-2.29351683795051,-1.905193656499953,-0.19251669329986879,0.09412725845119892,0.06007619159759358,-0.10491,0.056490000000000005,0.00538,8.461180262562195e-05,0.0,-0.00015456128531590426,0.0008884664312945482,0.0,-0.001529488111114283
11,0.11038729990832508,circle,2.334098643036385,0.17345497966769788,4.197200061753392,10.146399959921837,124371.0,124371.0,0.0,0.0,8.77,5e-05,1e-08,100.0,0.01,-0.0363006446607141,0.0,0.21540725722577048,-0.03747141622262381,0.0,0.21742649233472827,0.012392523545661388,0.0,-0.020754357612559154,-0.7369445150519347,0.0,1.069753064975713,0.45749232073072743,0.0,-0.5958277232610225,-0.0176322615844554,0.0,0.015249974111494738,0.5218979518752379,-2.29351683795051,-1.9082616180757246,-0.19278765266935718,0.09384061614091185,0.06098368245714179,-0.1076,0.0538,0.05111,8.566263234456497e-05,0.0,-0.00015053546296752026,0.0010851089295651423,0.0,-0.001868699645990275
12,0.12023669993504882,circle,3.054066206137762,1.7446949272830052,4.447799874469638,9.849400026723742,124371.0,124371.0,0.0,0.0,8.77,5e-05,1e-08,100.0,0.01,-0.03608861621042986,0.0,0.2147065947575147,-0.037471444963576295,0.0,0.21742966380381964,0.014084591178908869,0.0,-0.0232626687968666,-0.8191122360082858,0.0,1.2439456811607164,0.494029150048714,0.0,-0.77654441835702,-0.02121296729142266,0.0,0.01931021417344296,0.5218979518752379,-2.2950508187383956,-1.9128635604393815,-0.1935040680424117,0.09357854078123486,0.06179704400186931,-0.10491,0.056490000000000005,0.01345,0.0001075155230428834,0.0,-0.0005317880713382648,0.0012753132301035533,0.0,-0.0021912809749666897
13,0.13042239984497428,circle,3.499507812103305,0.5459292029558687,6.5472000278532505,10.18569990992546,124371.0,124371.0,0.0,0.0,8.77,5e-05,1e-08,100.0,0.01,-0.03570153676346166,0.0,0.21441431215503748,-0.03747148007218569,0.0,0.21743322845246527,0.01730164792228792,0.0,-0.028379203605029893,-0.9461009245636447,0.0,1.5334643015056093,0.5809791796954871,0.0,-0.7951494026145502,-0.026407789027509912,0.0,0.025883375723556194,0.5218979518752379,-2.29351683795051,-1.917465502803038,-0.19318943494047053,0.09344160756724756,0.06316283933943452,-0.1076,0.0538,0.00269,0.00029352924508607714,0.0,-6.280741945846905e-05,0.0014764140636379514,0.0,-0.002956108877969318
14,0.1401753998361528,circle,4.082451083374319,0.7783197753029507,3.7279000971466303,9.752999991178513,124371.0,124371.0,0.0,0.0,8.77,5e-05,1e-08,100.0,0.01,-0.03539856206989521,0.0,0.21391991791794665,-0.037471519245459474,0.0,0.21743691314063615,0.019016796778984928,0.0,-0.030871944210029305,-1.0919305352275113,0.0,1.6441958834854107,0.6301431723811366,0.0,-0.8733445188251353,-0.032685155336295776,0.0,0.029777531611226336,0.5218979518752379,-2.29351683795051,-1.922067445166695,-0.194305061235156,0.09267430299525987,0.0642576800003467,-0.10491,0.05111,0.03497,0.00018892980169291974,0.0,-0.0003004920266236398,0.001884027373871345,0.0,-0.003216503196065861
15,0.15020289993844926,circle,4.992844689980304,3.323214033648222,4.621800035238266,10.027500102296472,124371.0,124371.0,0.0,0.0,8.77,5e-05,1e-08,100.0,0.01,-0.035074920330146,0.0,0.21306095679728793,-0.03747156562290855,0.0,0.21744097842268473,0.02246185661404675,0.0,-0.03584604401121369,-1.227940616461706,0.0,1.891601343777046,0.6785626077272409,0.0,-1.033663254513862,-0.03905718793756081,0.0,0.03671965045818434,0.5218979518752379,-2.2950508187383956,-1.9282033683182378,-0.1957585972307696,0.09202484331003602,0.06576141023902599,-0.11029,0.04573,0.06725,0.0002102462168171236,0.0,-0.0006961338442409396,0.0021863990759454226,0.0,-0.003683887781155862
16,0.16024679993279278,circle,5.442380159970042,0.5995055732139573,4.7651000786572695,10.04389999434352,124371.0,124371.0,0.0,0.0,8.77,5e-05,1e-08,100.0,0.01,-0.034682796907714156,0.0,0.21277179191462775,-0.037471618717177066,0.0,0.21744533176368216,0.025796257159325747,0.0,-0.04088795806942575,-1.3691139543776134,0.0,2.1593547510390634,0.7387663243790662,0.0,-1.0519229058721495,-0.046193005527949194,0.0,0.0448154695302712,0.5218979518752379,-2.29351683795051,-1.9328053106818948,-0.1945348290853752,0.09269919906308159,0.06726167144252099,-0.1076,0.0538,0.00269,0.00029333829646850836,0.0,-8.896884314511105e-05,0.002495483512994402,0.0,-0.004584571005909303
17,0.1704130000434816,circle,6.2192956229050145,2.381543325611265,4.301299806684256,10.166200110688806,124371.0,124371.0,0.0,0.0,8.77,5e-05,1e-08,100.0,0.01,-0.0342682663146803,0.0,0.21211919187303452,-0.03747167968032753,0.0,0.2174500249086752,0.027674571306256647,0.0,-0.04327446210208102,-1.5029222078965316,0.0,2.285724191986093,0.7987499584993389,0.0,-1.1461717693262794,-0.05367434174053605,0.0,0.05040719678690199,0.5218979518752379,-2.29351683795051,-1.938941233833437,-0.19668080893274625,0.09130677856701697,0.06879185639959692,-0.1076,0.0538,0.0269,0.0003258424726071841,0.0,-0.00051197769456138,0.002877570893040046,0.0,-0.004818855341079312
18,0.18004760006442666,circle,6.802966771939642,1.363392640904354,3.7205000407993793,9.634600020945072,124371.0,124371.0,0.0,0.0,8.77,5e-05,1e-08,100.0,0.01,-0.0339547448239219,0.0,0.21163141774350025,-0.03747174457789057,0.0,0.2174547389291038,0.03115265051125602,0.0,-0.04822272371650578,-1.6491298441855657,0.0,2.5079428790741245,0.8379001541274121,0.0,-1.2111025189707048,-0.061904798318320575,0.0,0.058470470436022305,0.5218979518752379,-2.29351683795051,-1.943543176197094,-0.19658862450577438,0.09167111970744046,0.0703784205160775,-0.1076,0.04304,0.08608,0.0002356878059028714,0.0,-0.00039088913027933263,0.0032813119480658006,0.0,-0.00543243205532422
19,0.19041289994493127,circle,7.580327080020405,3.3437490662094236,4.307500086724758,10.365299880504608,124371.0,124371.0,0.0,0.0,8.77,5e-05,1e-08,100.0,0.01,-0.033533230731891836,0.0,0.21098330641273322,-0.03747182259386162,0.0,0.2174600998157156,0.03310310857240153,0.0,-0.05055859670457417,-1.7637284675862654,0.0,2.679814902830321,0.8947004278885303,0.0,-1.3019790454088285,-0.06953417559164243,0.0,0.06613645217591639,0.5218979518752379,-2.29351683795051,-1.9496790993486368,-0.1980441649724815,0.09092124323357598,0.07205270963681568,-0.11029,0.0538,0.06994,0.00037685559236895786,0.0,-0.0006029429954387978,0.0035617362696008276,0.0,-0.00587385040754358
20,0.20051690004765987,circle,8.164578142896397,2.1472364659789815,4.170099971815944,10.104000102728605,124371.0,124371.0,0.0,0.0,8.77,5e-05,1e-08,100.0,0.01,-0.0332144897633954,0.0,0.21049892689044492,-0.03747190727555442,0.0,0.2174656142222134,0.033335424973264645,0.0,-0.05040572329245397,-1.8591359848482751,0.0,2.822639293587315,0.9361276178283371,0.0,-1.3680111118837894,-0.07677932207489763,0.0,0.07341821096067484,0.5218979518752379,-2.29351683795051,-1.9542810417122938,-0.19765987937148166,0.09161658696562827,0.07328127979171989,-0.1076,0.04573,0.056490000000000005,0.000301372477921614,0.0,-0.0004803668200705517,0.003956045034237402,0.0,-0.006486320511697921
21,0.210410000057891,circle,8.555770650180689,1.292891481295706,4.2588000651448965,9.893100010231137,124371.0,124371.0,0.0,0.0,8.77,5e-05,1e-08,100.0,0.01,-0.033000758863744845,0.0,0.21017682432778523,-0.03747199888594428,0.0,0.21747128963254714,0.03516440620218117,0.0,-0.052818375141400004,-1.951303048881574,0.0,2.9608371790794124,0.9652888363881551,0.0,-1.4148710253036152,-0.08426277509745794,0.0,0.08086121721785276,0.5218979518752379,-2.29351683795051,-1.957349003288065,-0.19733997865167086,0.09237600956140773,0.07460675251538527,-0.1076,0.048420000000000005,0.04573,0.00023150095989927892,0.0,-0.0003720048569038417,0.004239739062300159,0.0,-0.006922460447858068
22,0.22029179986566305,circle,8.94716590000913,1.9496250421318317,4.290000069886446,9.88179980777204,124371.0,124371.0,0.0,0.0,8.77,5e-05,1e-08,100.0,0.01,-0.032786040773217104,0.0,0.20985537899816054,-0.037472099408184724,0.0,0.21747723127381713,0.033644081145302956,0.0,-0.05020023208594193,-1.9815811903739968,0.0,3.005118299357521,0.9984232584910566,0.0,-1.4674434211472753,-0.08926965777087693,0.0,0.08598107400818451,0.5218979518752379,-2.29351683795051,-1.960416964863836,-0.1977486625098433,0.09258471884578398,0.07546311206528192,-0.1076,0.05111,0.01076,0.000285784582319217,0.0,-0.00045343721828138613,0.004400274052648403,0.0,-0.007168415057375207
23,0.2302357000298798,circle,9.33880238364315,2.7646291501279543,4.902899963781238,9.943900164216757,124371.0,124371.0,0.0,0.0,8.77,5e-05,1e-08,100.0,0.01,-0.032570337512820624,0.0,0.2095345939271367,-0.03747221008675255,0.0,0.21748348537372678,0.033797934955258194,0.0,-0.050096777247603176,-2.0408019862031854,0.0,3.0924144659814687,1.0349948549986963,0.0,-1.5249549401976241,-0.09574492188360216,0.0,0.0925357377964297,0.5218979518752379,-2.29351683795051,-1.9634849264396077,-0.19827656915992803,0.09279816263397346,0.07666214279433434,-0.1076,0.0538,0.03228,0.0003412968801194509,0.0,-0.0005367143875907639,0.0045605756938124735,0.0,-0.00741217705899932
24,0.24032259988598526,circle,9.53762127555622,1.9121653207941143,4.296400118619204,10.086899856105447,124371.0,124371.0,0.0,0.0,8.77,5e-05,1e-08,100.0,0.01,-0.03246211707802282,0.0,0.20937444993239096,-0.037472332560130245,0.0,0.2174901113606908,0.030487268382899682,0.0,-0.04504038565632492,-2.040168924593192,0.0,3.093439403569273,1.0628016363592694,0.0,-1.569393006328181,-0.09971775540414,0.0,0.09666417961389225,0.5218979518752379,-2.29351683795051,-1.965018907227493,-0.19784284064482252,0.09373923296945781,0.0771153541222788,-0.1076,0.048420000000000005,0.05111,0.0002797082736947041,0.0,-0.00044700228345496626,0.004730507208412718,0.0,-0.00766865914484487
25,0.25027009984478354,circle,9.929693382877629,4.501998728426849,4.363900050520897,9.94749995879829,124371.0,124371.0,0.0,0.0,8.77,5e-05,1e-08,100.0,0.01,-0.03224493987249315,0.0,0.2090546609086023,-0.037472463841480376,0.0,0.21749692386539463,0.027222494988324394,0.0,-0.03995256894748807,-2.0434649027904412,0.0,3.098540816619112,1.103140511977941,0.0,-1.6322380560980958,-0.10362721558852098,0.0,0.10091436036318274,0.5218979518752379,-2.29351683795051,-1.9680868688032642,-0.19898095719524345,0.09347185107819311,0.07782605452712227,-0.1076,0.05918,0.024210000000000002,0.00043580329943893655,0.0,-0.0006789500109531058,0.004791720669548292,0.0,-0.007763312945839212
26,0.2604467999190092,circle,9.935939116306088,1.6201902533045724,4.077099962159991,10.176700074225664,124371.0,124371.0,0.0,0.0,8.77,5e-05,1e-08,100.0,0.01,-0.03224493987249315,0.0,0.2090546609086023,-0.03747260939040047,0.0,0.21750417909217254,0.023819683114783847,0.0,-0.03495849782905206,-2.0333036444510775,0.0,3.0882408025674057,1.124952211592205,0.0,-1.667828884639834,-0.10728405091386356,0.0,0.10468243859088076,0.5218979518752379,-2.29351683795051,-1.9680868688032642,-0.1981141779968179,0.09485041843173199,0.07813178424915714,-0.11298000000000001,0.04573,0.040350000000000004,0.00025223923925248373,0.0,-0.0004115866106033615,0.004975430278654842,0.0,-0.00803793157296687
27,0.2702533998526633,circle,9.942197458449165,2.114859027437692,4.34560002759099,9.80659993365407,124371.0,124371.0,0.0,0.0,8.77,5e-05,1e-08,100.0,0.01,-0.03224493987249315,0.0,0.2090546609086023,-0.03747276083264146,0.0,0.2175114438850909,0.020416871241243296,0.0,-0.02996442671061605,-2.0046154316208264,0.0,3.050679313301158,1.1483763555141486,0.0,-1.705767947062312,-0.1097276570134712,0.0,0.10731958807340958,0.5218979518752379,-2.29351683795051,-1.9680868688032642,-0.19859449365952864,0.09518287517962838,0.07842716988433741,-0.1076,0.0538,0.04573,0.0002890524583721377,0.0,-0.0004681656370493035,0.0049387685017761715,0.0,-0.007988617339439277
28,0.28032070002518594,circle,9.94886731961045,2.7430820825707958,4.304499831050634,10.067300172522664,124371.0,124371.0,0.0,0.0,8.77,5e-05,1e-08,100.0,0.01,-0.03224493987249315,0.0,0.2090546609086023,-0.03747292816119425,0.0,0.21751918094203698,0.015312653430932471,0.0,-0.022473320032962037,-1.952278354686809,0.0,2.978445582274469,1.1735098816463625,0.0,-1.7462220764106067,-0.11081130661676422,0.0,0.10870295831221367,0.5218979518752379,-2.29351683795051,-1.9680868688032642,-0.19903006273794097,0.09549156642683923,0.0784195586016685,-0.11029,0.05111,0.040350000000000004,0.0003299669833450236,0.0,-0.0005311044281923177,0.004898021305356077,0.0,-0.007933415605242357
29,0.29024489992298186,circle,9.955685832498562,3.2557493562230313,4.249899880960584,9.924199897795916,124371.0,124371.0,0.0,0.0,8.77,5e-05,1e-08,100.0,0.01,-0.03224493987249315,0.0,0.2090546609086023,-0.03747310530413238,0.0,0.21752708480113891,0.011909841557391923,0.0,-0.01747924891452603,-1.9269156593916668,0.0,2.9458200454128707,1.199324051518554,0.0,-1.7876447735445022,-0.11321640429956575,0.0,0.11133653352753983,0.5218979518752379,-2.29351683795051,-1.9680868688032642,-0.19948797224455278,0.09584011077595728,0.0787122830305549,-0.11029,0.0538,0.03497,0.0003595567125226377,0.0,-0.0005769625317810015,0.0048686087191165935,0.0,-0.007895461360755605
30,0.3003612000029534,circle,9.962885493740172,3.646275480907115,4.1473000310361385,10.116300079971552,124371.0,124371.0,0.0,0.0,8.77,5e-05,1e-08,100.0,0.01,-0.03224493987249315,0.0,0.2090546609086023,-0.03747329878122765,0.0,0.2175354244640161,0.008507029683851372,0.0,-0.01248517779609002,-1.9022362308342107,0.0,2.9142152902328395,1.2251012730815034,0.0,-1.8289919071148035,-0.11563328198899896,0.0,0.11399976827817353,0.5218979518752379,-2.29351683795051,-1.9680868688032642,-0.1999396091472579,0.0961977219920313,0.07900910880844236,-0.11298000000000001,0.0538,0.03766,0.0003799206643591655,0.0,-0.000609399675485376,0.004848438244375334,0.0,-0.007871363879928425
31,0.31023050006479025,circle,9.970152156877788,3.911001875958421,5.992700112983584,9.869300061836839,124371.0,124371.0,0.0,0.0,8.77,5e-05,1e-08,100.0,0.01,-0.03224493987249315,0.0,0.2090546609086023,-0.037473500520999445,0.0,0.2175438356374076,0.005104217810310824,0.0,-0.007491106677654013,-1.8775208757827002,0.0,2.8825377215254497,1.2503409598561164,0.0,-1.8694992741727,-0.11785114622769333,0.0,0.1164852587000272,0.5218979518752379,-2.29351683795051,-1.9680868688032642,-0.20036262487351397,0.09654833132372133,0.07927348422775048,-0.11029,0.05111,0.040350000000000004,0.00039264987435499565,0.0,-0.0006301667975425439,0.004835910774151302,0.0,-0.007859007931262738
32,0.32027420005761087,circle,9.977793795580341,4.088945270676352,4.540600115433335,10.04369999282062,124371.0,124371.0,0.0,0.0,8.77,5e-05,1e-08,100.0,0.01,-0.03224493987249315,0.0,0.2090546609086023,-0.037473719432507574,0.0,0.21755267440234877,0.0034028118735405493,0.0,-0.0049940711184360085,-1.8775343467638896,0.0,2.88714904645619,1.2747751476583504,0.0,-1.9087932871960693,-0.12164456654667324,0.0,0.12046380414806654,0.5218979518752379,-2.29351683795051,-1.9680868688032642,-0.20085204436413265,0.09694263896959279,0.07988106796683953,-0.11298000000000001,0.0538,0.040350000000000004,0.0004002745168392285,0.0,-0.0006437043131904477,0.004828505043175198,0.0,-0.007854309180556011
33,0.33024489996023476,circle,9.985626299516865,4.210007787352106,4.446200095117092,9.970699902623892,124371.0,124371.0,0.0,0.0,8.77,5e-05,1e-08,100.0,0.01,-0.03224493987249315,0.0,0.2090546609086023,-0.03747395076518777,0.0,0.21756172724651715,0.0017014059367702747,0.0,-0.0024970355592180042,-1.8767441659861903,0.0,2.8905692987142473,1.2983018703732179,0.0,-1.9467105483454474,-0.1253549658198848,0.0,0.1243767556328978,0.5218979518752379,-2.29351683795051,-1.9680868688032642,-0.2013302693527495,0.0973341517047342,0.08047597572784043,-0.11298000000000001,0.056490000000000005,0.04573,0.0004049357738810629,0.0,-0.000652621942845908,0.004824075118813563,0.0,-0.007854444395068935
34,0.3403185000643134,circle,9.934451098497071,3.9999124035506557,4.972900031134486,10.07360010407865,124371.0,124371.0,0.0,0.0,8.77,5e-05,1e-08,100.0,0.01,-0.03247430170278477,0.0,0.20898661408921276,-0.03747419910704157,0.0,0.21757115511219913,0.0,0.0,0.0,-1.8497636055861948,0.0,2.9001578866466122,1.3080852976525876,0.0,-1.9869700735866473,-0.12688939580403719,0.0,0.1287371444146159,0.5203639710873522,-2.29351683795051,-1.9680868688032642,-0.20035614483740932,0.09821875313352671,0.08097481729368186,-0.11029,0.0538,0.048420000000000005,0.00017654479960409458,0.0,-0.0007264948788295676,0.004823352604652703,0.0,-0.007858046144156796
35,0.35003599990159273,circle,9.94267045257194,4.376022069268366,3.6512999795377254,9.71749983727932,124371.0,124371.0,0.0,0.0,8.77,5e-05,1e-08,100.0,0.01,-0.03247430170278477,0.0,0.20898661408921276,-0.037474453014784075,0.0,0.2175805178928144,0.0,0.0,0.0,-1.8595889914589132,0.0,2.941650600722308,1.3303447839936193,0.0,-2.021837021592421,-0.1310619841726631,0.0,0.1343993782148642,0.5203639710873522,-2.29351683795051,-1.9680868688032642,-0.20072806705028814,0.09873869591760781,0.0818604935134828,-0.11298000000000001,0.0538,0.048420000000000005,0.0004202789471943061,0.0,-0.0006583190633978452,0.0045798723648049966,0.0,-0.007935584740203798
36,0.36024609999731183,circle,9.898234924321489,4.118630913272424,4.379899939522147,10.210100095719099,124371.0,124371.0,0.0,0.0,8.77,5e-05,1e-08,100.0,0.01,-0.03270355888074844,0.0,0.20891821551338047,-0.0374747354152656,0.0,0.21759063899782416,0.0,0.0,0.0,-1.8566215186186452,0.0,2.9853849996118966,1.3407400764453368,0.0,-2.0587884122020577,-0.13422079706725124,0.0,0.1405142009621469,0.5188299902994666,-2.29351683795051,-1.9680868688032642,-0.19981915112531926,0.09969409729531988,0.08273256682125216,-0.11298000000000001,0.048420000000000005,0.04304,0.0002049646406165331,0.0,-0.0007285729123795853,0.004566211893900629,0.0,-0.007943850572064107
37,0.3701303999405354,circle,9.907202695948987,4.581256266361004,4.279000218957663,9.884299943223596,124371.0,124371.0,0.0,0.0,8.77,5e-05,1e-08,100.0,0.01,-0.03270355888074844,0.0,0.20891821551338047,-0.03747502448658581,0.0,0.21760071407260465,-0.003583171917580086,0.0,-0.0010720281745968394,-1.813858167103143,0.0,3.0395700333097584,1.3622043797776167,0.0,-2.0911078493229422,-0.13400399989785003,0.0,0.14743978187965262,0.5188299902994666,-2.29351683795051,-1.9680868688032642,-0.19938985167200896,0.1005318917618541,0.08349412980931113,-0.1076,0.05918,0.04573,0.0004411424747288988,0.0,-0.000664241287156541,0.00433032313110847,0.0,-0.008018257272067637
38,0.38021839992143214,circle,9.86938687418698,4.281694684296023,4.950599977746606,10.087999980896711,124371.0,124371.0,0.0,0.0,8.77,5e-05,1e-08,100.0,0.01,-0.03293271086691989,0.0,0.2088494653420538,-0.037475335867311506,0.0,0.21761127767616548,-0.0035815232311397975,0.0,-0.001077523427764932,-1.8101351656651758,0.0,3.080923578474241,1.3723236137832988,0.0,-2.1256680438454016,-0.13689864535251428,0.0,0.1536574888423788,0.517296009511581,-2.29351683795051,-1.9680868688032642,-0.1984342393682412,0.10154081070224767,0.08438606838473292,-0.11298000000000001,0.048420000000000005,0.040350000000000004,0.00021640441996585366,0.0,-0.0007390854728075678,0.004326220580425765,0.0,-0.008022726861304095
39,0.39051489997655153,circle,9.647141488337226,2.5812592331393245,4.1588000021874905,10.296500055119395,124371.0,124371.0,0.0,0.0,8.77,5e-05,1e-08,100.0,0.01,-0.033271446899212576,0.0,0.2089395049144394,-0.037475671182080894,0.0,0.21762235220523854,-0.007167364908905662,0.0,-0.0021712931948207922,-1.7297197307318455,0.0,3.1232327421486548,1.3769379792478995,0.0,-2.152161019013712,-0.13336826035151975,0.0,0.16050060210325123,0.5157620287236954,-2.29351683795051,-1.9665528880153789,-0.19638359616765377,0.10309116754610329,0.08489718012926459,-0.1076,0.0538,0.04304,0.00010250797517536922,0.0,-0.000588540561364018,0.004101716307692949,0.0,-0.00809430672943511
40,0.4002167999278754,circle,9.84799032836134,7.563737467490836,4.439899930730462,9.701899951323867,124371.0,124371.0,0.0,0.0,8.77,5e-05,1e-08,100.0,0.01,-0.03316175712208233,0.0,0.20878036373700862,-0.03747600373494853,0.0,0.21763305765868415,-0.007159732235701621,0.0,-0.0021660322913132756,-1.7465922333571644,0.0,3.168572450033997,1.401493965065941,0.0,-2.1890897019598103,-0.1375841769661931,0.0,0.1670495519965121,0.5157620287236954,-2.29351683795051,-1.9680868688032642,-0.19682239595541678,0.10340575934832946,0.08587136243067571,-0.1076,0.056490000000000005,0.04304,0.0005657611999211865,0.0,-0.0008508237514839832,0.0037484854129450165,0.0,-0.008001870170191553
41,0.4104150999337435,circle,9.823615511448082,4.709775040410564,4.237799905240536,10.198300005868077,124371.0,124371.0,0.0,0.0,8.77,5e-05,1e-08,100.0,0.01,-0.0333906971072678,0.0,0.2087109108608476,-0.03747637111588422,0.0,0.2176445937303074,-0.010734601742624196,0.0,-0.003265518947874985,-1.6928855594892966,0.0,3.230966775696427,1.410762551125355,0.0,-2.2215598991679055,-0.1354835923135971,0.0,0.17523881000535954,0.5142280479358097,-2.29351683795051,-1.9680868688032642,-0.19485069780796657,0.10495179227344176,0.08670568963202449,-0.11029,0.06187,0.05111,0.00022113254512187014,0.0,-0.0007746831397160408,0.0038645414634945474,0.0,-0.008158999729743767
42,0.4202233999967575,circle,9.643891150853618,2.8873445869795846,4.336399957537651,9.80830006301403,124371.0,124371.0,0.0,0.0,8.77,5e-05,1e-08,100.0,0.01,-0.03350063087475573,0.0,0.20886988358909636,-0.037476742096445206,0.0,0.2176559621274585,-0.010746038633323242,0.0,-0.0032734278540513025,-1.6899227959621497,0.0,3.247485196846598,1.42355654686626,0.0,-2.243676186061823,-0.13869540070572722,0.0,0.1802769603838083,0.5142280479358097,-2.29351683795051,-1.9665528880153789,-0.19502763672085793,0.10561337569700113,0.08732538157802244,-0.11029,0.056490000000000005,0.048420000000000005,0.00031562449737855764,0.0,-0.0005456029590860893,0.003660486724310919,0.0,-0.008240475579276046
43,0.4303845998365432,circle,9.655045874523275,5.089177527787672,4.250699887052178,10.161199839785695,124371.0,124371.0,0.0,0.0,8.77,5e-05,1e-08,100.0,0.01,-0.03350063087475573,0.0,0.20886988358909636,-0.03747714512158189,0.0,0.21766802232884908,-0.010746038633323242,0.0,-0.0032734278540513025,-1.7027797653109746,0.0,3.2711407849583645,1.4400716016692243,0.0,-2.2720483316116904,-0.1431371505171594,0.0,0.18597731369087425,0.5142280479358097,-2.29351683795051,-1.9665528880153789,-0.1955708303818746,0.10603925894947519,0.08825240311875412,-0.1076,0.056490000000000005,0.04573,0.00042068683058125046,0.0,-0.0007227216700498793,0.0035558274162449067,0.0,-0.008075417069702835
44,0.4402190998662263,circle,9.856287192504746,7.937797132717371,4.379000049084425,9.834500029683113,124371.0,124371.0,0.0,0.0,8.77,5e-05,1e-08,100.0,0.01,-0.0333906971072678,0.0,0.2087109108608476,-0.03747755373595831,0.0,0.21767996878895027,-0.010734601742624196,0.0,-0.003265518947874985,-1.7316476193661128,0.0,3.3184413037609084,1.4596554413910916,0.0,-2.306621642666701,-0.14855326756231796,0.0,0.1931040853659273,0.5142280479358097,-2.29351683795051,-1.9680868688032642,-0.1961210079152894,0.10644832165474635,0.08942389245329103,-0.1076,0.05918,0.040350000000000004,0.0005144059187546751,0.0,-0.0009081322197396057,0.003572450709935834,0.0,-0.008060925708363075
45,0.45030549983493984,circle,9.677705548471378,3.1128578762246093,4.294400103390217,10.086399968713522,124371.0,124371.0,0.0,0.0,8.77,5e-05,1e-08,100.0,0.01,-0.03350063087475573,0.0,0.20886988358909636,-0.03747799220876308,0.0,0.21769250119962766,-0.007164025755548828,0.0,-0.0021822852360342017,-1.7921988479593938,0.0,3.3209947691560204,1.4696030973654923,0.0,-2.328624607602706,-0.1585027134756079,0.0,0.1970952026378458,0.5142280479358097,-2.29351683795051,-1.9665528880153789,-0.1973520878619774,0.10685254545511041,0.09044093478207896,-0.11298000000000001,0.056490000000000005,0.04573,0.0002690898816674514,0.0,-0.0005951930028741548,0.003708271452339897,0.0,-0.008227424607657142
46,0.4603112998884171,circle,9.879634613006374,7.8100997823382,4.280199995264411,10.005800053477287,124371.0,124371.0,0.0,0.0,8.77,5e-05,1e-08,100.0,0.01,-0.0333906971072678,0.0,0.2087109108608476,-0.037478447019484336,0.0,0.2177052135431953,-0.007156401161749464,0.0,-0.0021770126319166565,-1.814449066207473,0.0,3.3620527602501373,1.4865681717032884,0.0,-2.361691824109507,-0.1636237743634158,0.0,0.2041209704510921,0.5142280479358097,-2.29351683795051,-1.9680868688032642,-0.19790807877735733,0.10723421527582282,0.09158794546349427,-0.11029,0.05918,0.04304,0.0004720233200134461,0.0,-0.0009200370719490321,0.003615726592203087,0.0,-0.008074265610398684
47,0.4700893999543041,circle,9.891382893107249,5.328995123722783,5.608199862763286,9.778100065886974,124371.0,124371.0,0.0,0.0,8.77,5e-05,1e-08,100.0,0.01,-0.0333906971072678,0.0,0.2087109108608476,-0.037478910994484076,0.0,0.2177179060729273,-0.003578200580874732,0.0,-0.0010885063159583282,-1.884617157254597,0.0,3.3805585807163547,1.4990476711957066,0.0,-2.388826072902004,-0.17441539925390406,0.0,0.20914351828036892,0.5142280479358097,-2.29351683795051,-1.9680868688032642,-0.19928360930523548,0.10748160806063496,0.0928155469507815,-0.11029,0.06187,0.056490000000000005,0.0003567144617075721,0.0,-0.0007756063420440405,0.003731499425508701,0.0,-0.008231388870035664
48,0.4801763000432402,circle,9.903767387043164,5.258836120272381,3.4984999801963568,10.08690008893609,124371.0,124371.0,0.0,0.0,8.77,5e-05,1e-08,100.0,0.01,-0.0333906971072678,0.0,0.2087109108608476,-0.03747941027200585,0.0,0.2177312785425531,-0.003578200580874732,0.0,-0.0010885063159583282,-1.8971727960239189,0.0,3.409375324674776,1.5108138756744118,0.0,-2.4152201436053944,-0.1792956901864528,0.0,0.21547967894323952,0.5142280479358097,-2.29351683795051,-1.9680868688032642,-0.19972419921087886,0.10805861331530903,0.09382197807970677,-0.11298000000000001,0.056490000000000005,0.048420000000000005,0.00034512925893000895,0.0,-0.0007741974974592621,0.0037435839058080414,0.0,-0.008246170184246265
49,0.49030309985391796,circle,9.726373528501787,3.249896499048699,5.280599929392338,10.126799810677767,124371.0,124371.0,0.0,0.0,8.77,5e-05,1e-08,100.0,0.01,-0.03350063087475573,0.0,0.20886988358909636,-0.037479933067799766,0.0,0.21774498900099853,0.0,0.0,0.0,-1.9500305192986993,0.0,3.403801529906196,1.5186270632715746,0.0,-2.43594806245971,-0.1894196773030875,0.0,0.2190678572676558,0.5142280479358097,-2.29351683795051,-1.9665528880153789,-0.20123621653868703,0.1082363000277351,0.09483232085138961,-0.11029,0.056490000000000005,0.048420000000000005,0.00023492092988676005,0.0,-0.000623231160306631,0.003744381263157276,0.0,-0.008251874251595542
50,0.5002398998476565,circle,9.901399017163325,8.118301504522645,4.98290010727942,9.936799993738532,124371.0,124371.0,0.0,0.0,8.77,5e-05,1e-08,100.0,0.01,-0.033619530283758414,0.0,0.20864110687700016,-0.037480467475530244,0.0,0.2177587198594795,0.0,0.0,0.0,-1.9448163225132402,0.0,3.451468851465953,1.5262024273751065,0.0,-2.469273604560056,-0.19155809448766556,0.0,0.22701666064810014,0.512694067147924,-2.29351683795051,-1.9680868688032642,-0.1999825114618033,0.10935135595789681,0.09584968771480659,-0.1076,0.06187,0.04573,0.00023323335173774896,0.0,-0.0010260401713123209,0.0036277038400340804,0.0,-0.008091572811167024
51,0.5103910998441279,circle,9.725705460998894,3.564274418436067,6.082899868488312,10.151199996471405,124371.0,124371.0,0.0,0.0,8.77,5e-05,1e-08,100.0,0.01,-0.033729707782919255,0.0,0.20879991078198873,-0.03748103577273461,0.0,0.21777303092087752,0.0,0.0,0.0,-1.9403301431227116,0.0,3.4690752241127556,1.534340762476218,0.0,-2.489850142445798,-0.19524970004297046,0.0,0.23275680587945863,0.512694067147924,-2.29351683795051,-1.9665528880153789,-0.2003476010761856,0.11006134572603385,0.09667951509214373,-0.11298000000000001,0.056490000000000005,0.056490000000000005,0.0002563188568322464,0.0,-0.0006480630992595111,0.003495009132983107,0.0,-0.00832505703962928
52,0.5202019000425935,circle,9.718549900676432,5.773351962490545,5.545600084587932,9.810800198465586,124371.0,124371.0,0.0,0.0,8.77,5e-05,1e-08,100.0,0.01,-0.03395867708466303,0.0,0.2087295866577692,-0.03748160691393311,0.0,0.21778713475810943,-0.0035786484415418775,0.0,-0.0011021269429114895,-1.8701724984159571,0.0,3.5155267696493073,1.5388956638132933,0.0,-2.5170165065661263,-0.1900821155055778,0.0,0.24117486868032675,0.5111600863600384,-2.29351683795051,-1.9665528880153789,-0.19796809602359594,0.11170838024477228,0.09727596405717,-0.11298000000000001,0.05918,0.048420000000000005,0.00014661005471509414,0.0,-0.0008744123824751971,0.003376319774554983,0.0,-0.008183135717865038
53,0.530343399848789,circle,9.732623647317723,6.04976124119041,4.383899969980121,10.141499806195498,124371.0,124371.0,0.0,0.0,8.77,5e-05,1e-08,100.0,0.01,-0.03395867708466303,0.0,0.2087295866577692,-0.03748222037914246,0.0,0.21780199569353567,-0.0035786484415418775,0.0,-0.0011021269429114895,-1.8748173920862887,0.0,3.544541005488701,1.5505810825333501,0.0,-2.5420277203795933,-0.1940948872770659,0.0,0.24799866953714603,0.5111600863600384,-2.29351683795051,-1.9665528880153789,-0.19825050113693787,0.11236956371059192,0.09824115529947616,-0.1076,0.06187,0.056490000000000005,0.0003840323830761605,0.0,-0.0008219744858544813,0.0031395109114032635,0.0,-0.008250434549911995
54,0.5403398000635207,circle,9.732844831680849,6.101578342718348,4.320800071582198,9.996400214731693,124371.0,124371.0,0.0,0.0,8.77,5e-05,1e-08,100.0,0.01,-0.034187538241200216,0.0,0.2086589113819173,-0.03748284846043639,0.0,0.21781692421640134,-0.0035769535903077787,0.0,-0.0011076152225719155,-1.8613902587380171,0.0,3.579277177767953,1.5553636531212367,0.0,-2.5687713871951106,-0.1955073510385113,0.0,0.25539289802966825,0.5096261055721527,-2.29351683795051,-1.9665528880153789,-0.19698143915574984,0.11362747769130475,0.09914479077767875,-0.11029,0.06187,0.0538,0.00016033897260956049,0.0,-0.0008965998477624883,0.003134971246626613,0.0,-0.008261412986721542
55,0.5502138000447303,circle,9.747195551497143,6.178226416535041,4.435799783095717,9.873999981209636,124371.0,124371.0,0.0,0.0,8.77,5e-05,1e-08,100.0,0.01,-0.034187538241200216,0.0,0.2086589113819173,-0.037483492080460666,0.0,0.21783194301865497,-0.007153907180615557,0.0,-0.002215230445143831,-1.8131532973271973,0.0,3.6243271687995744,1.5665621645882648,0.0,-2.593133562307133,-0.19268215317902346,0.0,0.2639775076740315,0.5096261055721527,-2.29351683795051,-1.9665528880153789,-0.19607479039295303,0.11478138984790276,0.09985389738458963,-0.1076,0.06725,0.056490000000000005,0.0003826689297442053,0.0,-0.0008324898808031202,0.002913284909516245,0.0,-0.00834054175593454
56,0.5604190998710692,circle,9.762306692759726,6.244843197201192,5.805299850180745,10.205299826338887,124371.0,124371.0,0.0,0.0,8.77,5e-05,1e-08,100.0,0.01,-0.034187538241200216,0.0,0.2086589113819173,-0.037484182006083874,0.0,0.21784775090880834,-0.007153907180615557,0.0,-0.002215230445143831,-1.8244521476336468,0.0,3.6506426770284155,1.5775050292131083,0.0,-2.617225785625164,-0.19744494830153975,0.0,0.27084304173492824,0.5096261055721527,-2.29351683795051,-1.9665528880153789,-0.196468101611407,0.11543703540230392,0.10090672815874807,-0.11029,0.056490000000000005,0.05111,0.0003808248315871404,0.0,-0.0008384383068048857,0.002915818933296518,0.0,-0.00835040122008615
57,0.5700602999422699,circle,9.963475794055233,9.134611978648575,3.647700184956193,9.641200071200728,124371.0,124371.0,0.0,0.0,8.77,5e-05,1e-08,100.0,0.01,-0.03407687405704138,0.0,0.20850044624409386,-0.037484857284380044,0.0,0.2178629512625653,-0.00714630693152648,0.0,-0.0022099228077531604,-1.847805820987286,0.0,3.69400024003151,1.5908929584766505,0.0,-2.645672039194532,-0.2028680825509336,0.0,0.2790068572272427,0.5096261055721527,-2.29351683795051,-1.9680868688032642,-0.19692000641867566,0.11601385927498066,0.10217875658219396,-0.1076,0.06456,0.056490000000000005,0.0004741323520067865,0.0,-0.0010074215993472798,0.0029338508753318786,0.0,-0.00835508341912416
58,0.5803290999028832,circle,9.792604679236812,3.9715665266772966,4.443499958142638,10.26879996061325,124371.0,124371.0,0.0,0.0,8.77,5e-05,1e-08,100.0,0.01,-0.034187538241200216,0.0,0.2086589113819173,-0.03748560206663056,0.0,0.2178794255436763,-0.0035769535903077787,0.0,-0.0011076152225719155,-1.9021023605640734,0.0,3.6906372529407094,1.5974115651212561,0.0,-2.66498235120141,-0.21425581472199426,0.0,0.2829909559712433,0.5096261055721527,-2.29351683795051,-1.9665528880153789,-0.19845408037232268,0.11628815611510789,0.10331295715613904,-0.11029,0.06725,0.05111,0.000234750994884147,0.0,-0.00069541164274565,0.003063312830546199,0.0,-0.008525102519013358
59,0.5900538999121636,circle,9.807796421701903,6.217674971159345,4.864399787038565,9.724800009280443,124371.0,124371.0,0.0,0.0,8.77,5e-05,1e-08,100.0,0.01,-0.034187538241200216,0.0,0.2086589113819173,-0.0374863321078112,0.0,0.21789529756240794,-0.0035769535903077787,0.0,-0.0011076152225719155,-1.9087262191398457,0.0,3.711897450066567,1.606490334053139,0.0,-2.6883715098720495,-0.21852387439936913,0.0,0.28943242248913154,0.5096261055721527,-2.29351683795051,-1.9665528880153789,-0.19883955058897695,0.11688295562245465,0.10429230149571772,-0.1076,0.06725,0.05918,0.0003322263124991582,0.0,-0.0008558973133809024,0.0029665675541118274,0.0,-0.008380488867109733
60,0.6000363000202924,circle,9.823659149806744,6.486420303638898,4.230899969115853,9.982400108128786,124371.0,124371.0,0.0,0.0,8.77,5e-05,1e-08,100.0,0.01,-0.034187538241200216,0.0,0.2086589113819173,-0.03748710692259073,0.0,0.21791186364637694,-0.0035769535903077787,0.0,-0.0011076152225719155,-1.9179161677259147,0.0,3.7373186835678864,1.61545206207261,0.0,-2.711956282092715,-0.22321684437183953,0.0,0.2963827622416511,0.5096261055721527,-2.29351683795051,-1.9665528880153789,-0.19921852979793594,0.11755302122418146,0.10534886587989054,-0.11298000000000001,0.06994,0.05918,0.0003330074763041621,0.0,-0.0008763829318796709,0.002966561205086354,0.0,-0.008376569332579959
61,0.6104341999161988,circle,9.840471657463185,6.574241410860406,5.071600200608373,10.397899895906448,124371.0,124371.0,0.0,0.0,8.77,5e-05,1e-08,100.0,0.01,-0.034187538241200216,0.0,0.2086589113819173,-0.03748794185173212,0.0,0.21792941398150295,0.0,0.0,0.0,-1.9801106301944777,0.0,3.7466058221936622,1.624187454497285,0.0,-2.7354068992143064,-0.23556515266574607,0.0,0.3016950023905118,0.5096261055721527,-2.29351683795051,-1.9665528880153789,-0.20090219559921646,0.11770130262655881,0.10673042386749668,-0.11298000000000001,0.06187,0.056490000000000005,0.00032939190793794017,0.0,-0.0008842697775298201,0.002971011702593963,0.0,-0.008386232822055825
62,0.6202426999807358,circle,9.856602137729702,6.626795723750709,4.5466001611202955,9.80850006453693,124371.0,124371.0,0.0,0.0,8.77,5e-05,1e-08,100.0,0.01,-0.034187538241200216,0.0,0.2086589113819173,-0.03748875594961116,0.0,0.2179462450866558,0.0,0.0,0.0,-1.988962248993327,0.0,3.7721139711741594,1.6327797738416236,0.0,-2.758637986520249,-0.24033153556605288,0.0,0.3086766143324516,0.5096261055721527,-2.29351683795051,-1.9665528880153789,-0.2012906806151274,0.11837181358912743,0.10779551082427655,-0.11029,0.06187,0.0538,0.0003285747547169225,0.0,-0.0008883688451811061,0.0029726429536940206,0.0,-0.008398964859557392
63,0.630293200025335,circle,9.687108648090197,4.331633840476265,4.270500037819147,10.050500044599175,124371.0,124371.0,0.0,0.0,8.77,5e-05,1e-08,100.0,0.01,-0.03429795921277569,0.0,0.20881754608996472,-0.0374896172565137,0.0,0.21796376896565206,0.0,0.0,0.0,-1.9855037109164273,0.0,3.7799957471247296,1.638384594314118,0.0,-2.7775807212834867,-0.2442947218984498,0.0,0.31415641918368775,0.5096261055721527,-2.29351683795051,-1.965018907227493,-0.20170380309894403,0.11903870374808032,0.10861922279886271,-0.11298000000000001,0.06725,0.06456,0.00021722768551938297,0.0,-0.000734169176375872,0.0029744303582186302,0.0,-0.008412053699311466
64,0.6402582000009716,circle,9.704066831539805,6.8196778559824525,4.363999934867024,9.964999975636601,124371.0,124371.0,0.0,0.0,8.77,5e-05,1e-08,100.0,0.01,-0.03429795921277569,0.0,0.20881754608996472,-0.03749049877397395,0.0,0.21798142104661788,0.0,0.0,0.0,-1.9912329484126645,0.0,3.801089447420447,1.646802644590042,0.0,-2.8005528100309283,-0.24876889777174196,0.0,0.320958890811779,0.5096261055721527,-2.29351683795051,-1.965018907227493,-0.2020569355069599,0.11970039951530169,0.10964477825980312,-0.11298000000000001,0.06994,0.05918,0.0003304776166630982,0.0,-0.0009018431691647615,0.0028620619445351644,0.0,-0.0082620317874884
65,0.6502704999875277,circle,9.72137988766014,7.0560976565658065,4.642199957743287,10.012299986556172,124371.0,124371.0,0.0,0.0,8.77,5e-05,1e-08,100.0,0.01,-0.03429795921277569,0.0,0.20881754608996472,-0.03749141252877607,0.0,0.21799943493914653,0.0,0.0,0.0,-1.9997797470969854,0.0,3.826253628021252,1.6552919326521114,0.0,-2.823618173067028,-0.253651646220021,0.0,0.3281842992592832,0.5096261055721527,-2.29351683795051,-1.965018907227493,-0.2024514938576479,0.1203968081993388,0.11074347252806552,-0.11298000000000001,0.05918,0.06456,0.00033739356456898885,0.0,-0.0009166970181632168,0.0028560597514313956,0.0,-0.00826519183101859
66,0.660549100022763,circle,9.553425149210456,4.645735400370032,4.346499918028712,10.278600035235286,124371.0,124371.0,0.0,0.0,8.77,5e-05,1e-08,100.0,0.01,-0.03440813671193653,0.0,0.20897634999495326,-0.03749238029789552,0.0,0.21801821780995906,0.0,0.0,0.0,-1.9962587132952332,0.0,3.834094387233791,1.6608880668894312,0.0,-2.8425135735137763,-0.2577356166620514,0.0,0.3338642828733116,0.5096261055721527,-2.29351683795051,-1.9634849264396077,-0.2028733208644386,0.12108374900595165,0.11159631533209571,-0.11298000000000001,0.06456,0.06456,0.0002250384314620886,0.0,-0.0007598444029499728,0.0028592051544969015,0.0,-0.008282023412055821
67,0.6702167000621557,circle,9.570703245675626,7.112194161842893,3.461600048467517,9.66760003939271,124371.0,124371.0,0.0,0.0,8.77,5e-05,1e-08,100.0,0.01,-0.03440813671193653,0.0,0.20897634999495326,-0.037493318429797126,0.0,0.2180361521111457,-0.0017205077274374588,0.0,0.002483912620198447,-1.9764385040458137,0.0,3.8182825410450154,1.6691205984976263,0.0,-2.865170854382553,-0.2586779847532178,0.0,0.3374752518370214,0.5096261055721527,-2.29351683795051,-1.9634849264396077,-0.2029394005042366,0.12158390385951151,0.11196218241727562,-0.11298000000000001,0.06456,0.06187,0.00033479796508815215,0.0,-0.0009214190592048543,0.0027503837527724445,0.0,-0.008138383056987568
68,0.6803782999049872,circle,9.40339473490832,4.778395652756499,4.1877999901771545,10.161599842831492,124371.0,124371.0,0.0,0.0,8.77,5e-05,1e-08,100.0,0.01,-0.034518070479424484,0.0,0.20913532272320207,-0.037494334084511624,0.0,0.21805528278440947,-0.0017166954305377772,0.0,0.0024865489225900203,-1.9727498655988176,0.0,3.825693092716251,1.6746442466382814,0.0,-2.8839192494826578,-0.26265601891966434,0.0,0.3430588024102432,0.5096261055721527,-2.29351683795051,-1.961950945651722,-0.20339587017690744,0.12223384922506711,0.11280337909368673,-0.11298000000000001,0.06725,0.0538,0.00022706143885787514,0.0,-0.0007706931106587246,0.002749202166229265,0.0,-0.00814926695054868
69,0.6902260999195278,circle,9.421563302337264,7.193371257942456,4.297100007534027,9.847800014540553,124371.0,124371.0,0.0,0.0,8.77,5e-05,1e-08,100.0,0.01,-0.034518070479424484,0.0,0.20913532272320207,-0.03749534773320014,0.0,0.21807409642064504,-0.0034333908610755543,0.0,0.004973097845180041,-1.95292347164977,0.0,3.8097956540485294,1.6826648542155458,0.0,-2.9062549160521907,-0.26354150781384256,0.0,0.34670105922539135,0.5096261055721527,-2.29351683795051,-1.961950945651722,-0.2034035966440602,0.12277270641255593,0.1131626380131585,-0.11298000000000001,0.07532,0.06456,0.00033311082849776753,0.0,-0.0009276419927484597,0.002644166425277886,0.0,-0.008011131704694516
70,0.7004215000197291,circle,9.255192637637473,4.767380753195478,4.4493000023067,10.195400100201368,124371.0,124371.0,0.0,0.0,8.77,5e-05,1e-08,100.0,0.01,-0.03462776025655476,0.0,0.2092944639006329,-0.03749642805615765,0.0,0.2180938579601861,-0.003425758187538712,0.0,0.004978358748021956,-1.949114645723665,0.0,3.8168971988489853,1.687957249940279,0.0,-2.9246366616920265,-0.26747655506665835,0.0,0.35227270974401764,0.5096261055721527,-2.29351683795051,-1.960416964863836,-0.203900156901333,0.1233936566360624,0.11400551619015319,-0.11298000000000001,0.06456,0.06456,0.00022197427650925841,0.0,-0.0007709693117450202,0.0026466935230936377,0.0,-0.008028424747808191
71,0.710339899873361,circle,9.088878674559314,4.652200639692856,5.282399943098426,9.918399853631854,124371.0,124371.0,0.0,0.0,8.77,5e-05,1e-08,100.0,0.01,-0.03473720578521669,0.0,0.20945377315277117,-0.03749750962447159,0.0,0.21811335964843329,-0.005127176180350255,0.0,0.00747541190341591,-1.917226883683172,0.0,3.7829917305230683,1.6930221944455406,0.0,-2.942655042073788,-0.2672454759315579,0.0,0.35395753248188716,0.5096261055721527,-2.29351683795051,-1.9588829840759507,-0.20399638560390096,0.12382814694054753,0.11406552294070066,-0.11298000000000001,0.06456,0.06456,0.0002144405568370463,0.0,-0.00076286551972146,0.002545863282417854,0.0,-0.00789672097594066
72,0.7200342998839915,circle,8.922717007798955,4.656302011408892,3.7014998961240053,9.694400010630488,124371.0,124371.0,0.0,0.0,8.77,5e-05,1e-08,100.0,0.01,-0.03484640680787443,0.0,0.2096132501047469,-0.03749859633970827,0.0,0.21813268491513754,-0.005115703014199152,0.0,0.007483268093947749,-1.9105731188911008,0.0,3.7856416353839073,1.6980083797627643,0.0,-2.96052765161513,-0.2705181551879025,0.0,0.35883769929551623,0.5096261055721527,-2.29351683795051,-1.957349003288065,-0.20433287252970433,0.1244525924111983,0.11477685326884399,-0.11298000000000001,0.07263,0.06456,0.0002130117396985159,0.0,-0.0007635247005767813,0.002439177792135324,0.0,-0.007755910109813855
73,0.7301932000555098,circle,8.94266962037831,7.108587140610611,4.699000157415867,10.158900171518326,124371.0,124371.0,0.0,0.0,8.77,5e-05,1e-08,100.0,0.01,-0.03484640680787443,0.0,0.2096132501047469,-0.03749976693141084,0.0,0.21815321614648642,-0.005115703014199152,0.0,0.007483268093947749,-1.9157200714535294,0.0,3.8059861881265817,1.7054509832594478,0.0,-2.982001963434472,-0.2749679686864693,0.0,0.3659096991774652,0.5096261055721527,-2.29351683795051,-1.957349003288065,-0.20453057621335713,0.12524031825638396,0.11581058369300484,-0.11567000000000001,0.06994,0.06456,0.0003206945087600309,0.0,-0.0009253071029422027,0.00233266561477638,0.0,-0.007614658938797308
74,0.740023500053212,circle,8.777680359482213,4.574168852029327,3.691399935632944,9.830299997702241,124371.0,124371.0,0.0,0.0,8.77,5e-05,1e-08,100.0,0.01,-0.034955363067567385,0.0,0.20977289438129537,-0.03750093107262539,0.0,0.21817335603675603,-0.0068056237477467,0.0,0.009988142236872017,-1.8862174836786476,0.0,3.7750889330766735,1.7101623635379328,0.0,-2.999457343849088,-0.27483471147345306,0.0,0.3676803107713528,0.5096261055721527,-2.29351683795051,-1.9558150225001791,-0.2047736087828518,0.12559418806513467,0.11590492772498441,-0.11298000000000001,0.06994,0.06187,0.00020468323560211572,0.0,-0.0007583390706636496,0.002340884769455892,0.0,-0.007642122584797006
75,0.7500701998360455,circle,8.61375585106083,4.36110826216164,3.764400025829673,10.046699782833457,124371.0,124371.0,0.0,0.0,8.77,5e-05,1e-08,100.0,0.01,-0.03506407430791095,0.0,0.20993270560675814,-0.037502153201898154,0.0,0.21819421643519496,-0.006790294128188447,0.0,0.009998570176759798,-1.8793387294155908,0.0,3.777277127881791,1.7145384571162299,0.0,-3.0164157785193653,-0.27814210388153227,0.0,0.37267786302151745,0.5096261055721527,-2.29351683795051,-1.9542810417122938,-0.2051093221956384,0.1262326527409065,0.1166306490484604,-0.11567000000000001,0.06725,0.06725,0.00019161573720566372,0.0,-0.0007425579236502219,0.0022464631567815432,0.0,-0.007518952904786597
76,0.7602279998827726,circle,8.634618229941296,6.641815645420833,4.438700154423714,10.157800046727061,124371.0,124371.0,0.0,0.0,8.77,5e-05,1e-08,100.0,0.01,-0.03506407430791095,0.0,0.20993270560675814,-0.03750342255244108,0.0,0.21821559230879278,-0.006790294128188447,0.0,0.009998570176759798,-1.8838877924541815,0.0,3.796800446644053,1.7212370249909996,0.0,-3.03679288066416,-0.2824836252997396,0.0,0.37973076038714293,0.5096261055721527,-2.29351683795051,-1.9542810417122938,-0.20524524587886395,0.12705283738437434,0.11764860222628731,-0.11298000000000001,0.06725,0.06187,0.00029551989847406744,0.0,-0.000898974119484067,0.0021438283460560657,0.0,-0.007383912582550575
77,0.7702218999620527,circle,8.471558289024351,4.1947052464092245,4.490199964493513,9.993900079280138,124371.0,124371.0,0.0,0.0,8.77,5e-05,1e-08,100.0,0.01,-0.035172540273097075,0.0,0.21009268340508402,-0.037504704939808134,0.0,0.21823690269312396,-0.006774948528867662,0.0,0.010008974588963222,-1.879031201444151,0.0,3.8019412944115736,1.725267300854858,0.0,-3.053228811985188,-0.2860864164330265,0.0,0.38501996513210157,0.5096261055721527,-2.29351683795051,-1.952747060924408,-0.2057968109530343,0.12759563377013539,0.1184499520927658,-0.11567000000000001,0.06994,0.06187,0.00017908364921973442,0.0,-0.0007303238435090028,0.0021530810174913246,0.0,-0.0074138954445309305
78,0.7804759999271482,circle,8.309731232074487,4.000921656581831,4.273600177839398,10.25409996509552,124371.0,124371.0,0.0,0.0,8.77,5e-05,1e-08,100.0,0.01,-0.03528076070789489,0.0,0.2102528273998298,-0.03750605572961163,0.0,0.21825905592614836,-0.006759586990386038,0.0,0.010019355450851837,-1.8715422649984932,0.0,3.803220893252574,1.728990449914069,0.0,-3.0692138034313925,-0.28936240801324026,0.0,0.39005922806764715,0.5096261055721527,-2.29351683795051,-1.9512130801365222,-0.20612567275250693,0.1282412437147796,0.11917731464279907,-0.11298000000000001,0.06994,0.06187,0.00016657521730568383,0.0,-0.0007151750793306568,0.002058719804411058,0.0,-0.007291053446987892
79,0.7901351000182331,circle,8.14733708744048,3.933152063806978,3.9776000194251537,9.659100091084838,124371.0,124371.0,0.0,0.0,8.77,5e-05,1e-08,100.0,0.01,-0.035388735357651246,0.0,0.2104131372141611,-0.03750736099459541,0.0,0.2182801904761434,-0.006744209544692452,0.0,0.010029712734470377,-1.8637669327367508,0.0,3.803907057691639,1.7325852543287656,0.0,-3.0849745459730626,-0.2923594186337524,0.0,0.3947382997040274,0.5096261055721527,-2.29351683795051,-1.9496790993486368,-0.20642944782711298,0.12885397466312906,0.11984713147683254,-0.11567000000000001,0.06725,0.06187,0.0001618908826482553,0.0,-0.0007097800678199347,0.0019567347542959078,0.0,-0.007157273194162347
80,0.800206399988383,circle,7.996871909385561,4.173566733559948,4.379300167784095,10.071299970149994,124371.0,124371.0,0.0,0.0,8.77,5e-05,1e-08,100.0,0.01,-0.03531052197825256,0.0,0.21061369725104861,-0.03750875633774091,0.0,0.2183025024921693,-0.006728816229060592,0.0,0.010040046417188387,-1.8764010474808197,0.0,3.800070257369228,1.7401821106172186,0.0,-3.0996744116310584,-0.298806885719274,0.0,0.39936992010902006,0.5096261055721527,-2.2919828571626244,-1.9496790993486368,-0.20752803555231167,0.1285445878694829,0.12094824840784443,-0.11298000000000001,0.07263,0.06725,0.00034427243876259664,0.0,-0.0006661648460104435,0.0018539619207257525,0.0,-0.0070226403951102285
81,0.8106374000199139,circle,7.827335376101377,4.110828709949843,4.474200075492263,10.431000031530857,124371.0,124371.0,0.0,0.0,8.77,5e-05,1e-08,100.0,0.01,-0.03560394628631937,0.0,0.21073425279229333,-0.03751023898186243,0.0,0.21832590789832174,-0.006713407079432943,0.0,0.01005035647504421,-1.8520789448396884,0.0,3.804120593804021,1.7393468783903925,0.0,-3.1159757031834507,-0.2994594462630827,0.0,0.4045137111167986,0.5096261055721527,-2.29351683795051,-1.9466111377728657,-0.20718422755237492,0.13007756784834798,0.12130709539639262,-0.11836,0.06994,0.06456,-3.807819349586103e-05,0.0,-0.0007431750284866501,0.0019443708890389255,0.0,-0.006848480077541761
82,0.8204935998655856,circle,7.6676336912037515,3.7439837773538707,4.2692001443356276,9.856199845671654,124371.0,124371.0,0.0,0.0,8.77,5e-05,1e-08,100.0,0.01,-0.03571118205881908,0.0,0.21089505780047826,-0.037511675395885624,0.0,0.21834830072994607,-0.006697982133748794,0.0,0.01006064288407619,-1.8398434475493712,0.0,3.80521219723267,1.7422781832039052,0.0,-3.1311830600656707,-0.3016690632609325,0.0,0.4093709512344179,0.5096261055721527,-2.29351683795051,-1.9450771569849798,-0.20736026637896893,0.13075406622341687,0.12193967898235071,-0.11298000000000001,0.06994,0.06456,0.00013440505095209236,0.0,-0.0006972818272529217,0.0016660882861144492,0.0,-0.006755961102214885
83,0.8305088998749852,circle,7.331984755464905,2.0970545644338463,4.167499952018261,10.015300009399652,124371.0,124371.0,0.0,0.0,8.77,5e-05,1e-08,100.0,0.01,-0.03573897096843087,0.0,0.21125724514333305,-0.03751317073994147,0.0,0.2183713308628856,-0.008333856243316161,0.0,0.012601430821449489,-1.8156209649232866,0.0,3.7455075392911255,1.7470707158125245,0.0,-3.141666272856374,-0.30266941097255273,0.0,0.4076870253114948,0.5096261055721527,-2.2919828571626244,-1.943543176197094,-0.20837466813282754,0.12995448884765987,0.12192569358697886,-0.11567000000000001,0.06725,0.06187,0.00022095049932140207,0.0,-0.0004833083652748798,0.0015532492721891935,0.0,-0.006630777354277669
84,0.8404103999491781,circle,7.172761421122673,3.5334162197136436,4.233600106090307,9.901500074192882,124371.0,124371.0,0.0,0.0,8.77,5e-05,1e-08,100.0,0.01,-0.03584546559265227,0.0,0.21141854193986936,-0.037514684937221404,0.0,0.2183943725846071,-0.008314516092239729,0.0,0.01261419996494562,-1.8091630327663701,0.0,3.740761652075502,1.749912953927298,0.0,-3.1562757009469884,-0.3059372875150764,0.0,0.4117721142697838,0.5096261055721527,-2.2919828571626244,-1.9420091954092087,-0.20851791670184414,0.1306204331117779,0.12251887195113213,-0.11836,0.06725,0.06456,0.0001317225921299099,0.0,-0.0006770691475948493,0.0015374967524392268,0.0,-0.0062987614971428746
85,0.8500981999095529,circle,7.19529650386742,5.583875389118557,3.663499839603901,9.687799960374832,124371.0,124371.0,0.0,0.0,8.77,5e-05,1e-08,100.0,0.01,-0.03584546559265227,0.0,0.21141854193986936,-0.037516201356253547,0.0,0.21841717993499316,-0.009977419310687676,0.0,0.015137039957934745,-1.7875156234194511,0.0,3.720622551103574,1.7546887667275295,0.0,-3.174268109294806,-0.30553514539379606,0.0,0.4143858837895071,0.5096261055721527,-2.2919828571626244,-1.9420091954092087,-0.2081830221332875,0.13121714273813379,0.12265875388878061,-0.11836,0.06994,0.06725,0.00022244170047808426,0.0,-0.0008380273842372001,0.0014482940631231947,0.0,-0.006160610610886591
86,0.860223300056532,circle,6.856931103996201,1.80661315704519,4.421600140631199,10.125100146979094,124371.0,124371.0,0.0,0.0,8.77,5e-05,1e-08,100.0,0.01,-0.036057711936927306,0.0,0.21174162466562135,-0.037517823552167553,0.0,0.21844129467510623,-0.009930932570722058,0.0,0.015167579011372253,-1.7697993793800428,0.0,3.705409807850924,1.754599575743428,0.0,-3.1848052661622486,-0.3075877302718283,0.0,0.4171167739842792,0.5096261055721527,-2.2919828571626244,-1.938941233833437,-0.20906548616761567,0.1314250515119787,0.12309866534097891,-0.11298000000000001,0.07263,0.06456,-4.1740974528903935e-06,0.0,-0.000493134144489875,0.001464285712693138,0.0,-0.006206535864995001
87,0.8704214999452233,circle,6.701098203826621,2.99380775185264,4.2999000288546085,10.198199888691306,124371.0,124371.0,0.0,0.0,8.77,5e-05,1e-08,100.0,0.01,-0.036163463157544734,0.0,0.211903409834592,-0.037519496476327865,0.0,0.21846587056024044,-0.009907654120874012,0.0,0.015182795020729434,-1.7586198272028841,0.0,3.700803016824536,1.756448901019395,0.0,-3.1981804691285984,-0.3099482654637713,0.0,0.4213258554388533,0.5096261055721527,-2.2919828571626244,-1.9374072530455517,-0.20901830931419094,0.13218310360702132,0.1236348797112832,-0.11567000000000001,0.06994,0.06725,8.694317425562157e-05,0.0,-0.000628814528909471,0.0012690901445275098,0.0,-0.005933646196738979
88,0.8801942998543382,circle,6.545227692351155,2.923285753743583,5.060700001195073,9.772799909114838,124371.0,124371.0,0.0,0.0,8.77,5e-05,1e-08,100.0,0.01,-0.03626896607849714,0.0,0.21206535703349175,-0.03752113678480671,0.0,0.21848969155676967,-0.009884352359329322,0.0,0.015197975301259848,-1.7494019469528426,0.0,3.6989252670187516,1.7582378660234426,0.0,-3.2113431705447497,-0.3124877435419189,0.0,0.42562180723655757,0.5096261055721527,-2.2919828571626244,-1.935873272257666,-0.2092714930098269,0.132768443497141,0.12422992008883142,-0.11836,0.07263,0.06994,8.447271942547485e-05,0.0,-0.0006215265145445717,0.0011676979868840954,0.0,-0.005802808008733353
89,0.8903226000256836,circle,6.39125926055658,2.7595644102386636,4.4728999491781,10.128300171345472,124371.0,124371.0,0.0,0.0,8.77,5e-05,1e-08,100.0,0.01,-0.03637422045152593,0.0,0.21222746588124314,-0.03752287558701758,0.0,0.21851465812542964,-0.0098610273350097,0.0,0.015213119823011424,-1.7401640913714427,0.0,3.6969512308043697,1.7598058901699514,0.0,-3.2240992269755893,-0.3151277798075294,0.0,0.43006963964522193,0.5096261055721527,-2.2919828571626244,-1.9343392914697801,-0.2095326134609239,0.1333685479520466,0.124847667483105,-0.11836,0.07263,0.06725,7.434907680045491e-05,0.0,-0.0006048382745629391,0.0010743060586911961,0.0,-0.005682353969623562
90,0.9002357998397201,circle,6.2378547804180275,2.585310519129924,4.629099974408746,9.913199814036489,124371.0,124371.0,0.0,0.0,8.77,5e-05,1e-08,100.0,0.01,-0.036479226028957354,0.0,0.21238973599638833,-0.03752461615985395,0.0,0.21853936945992158,-0.009837679107819288,0.0,0.015228228542054459,-1.730732866188388,0.0,3.694520704606801,1.7611407992871846,0.0,-3.236416769417091,-0.3176337505219331,0.0,0.43435084769198246,0.5096261055721527,-2.2919828571626244,-1.9328053106818948,-0.20978124619878605,0.1339538109781957,0.1254383649776999,-0.11567000000000001,0.07263,0.06725,6.354804624613374e-05,0.0,-0.0005863738187163146,0.0009818420846504656,0.0,-0.00556325964481694
91,0.9105554998386651,circle,6.263811532151118,4.181374532581019,4.140899982303381,10.319699998944998,124371.0,124371.0,0.0,0.0,8.77,5e-05,1e-08,100.0,0.01,-0.036479226028957354,0.0,0.21238973599638833,-0.037526469236741085,0.0,0.2185653830535039,-0.009837679107819288,0.0,0.015228228542054459,-1.732312316458181,0.0,3.7099168552643955,1.7644510877501738,0.0,-3.2517598145780693,-0.321471148541052,0.0,0.44120627636020904,0.5096261055721527,-2.2919828571626244,-1.9328053106818948,-0.20975822105992029,0.13482838365864175,0.12638806073423398,-0.11836,0.07263,0.07263,0.0001581856300274134,0.0,-0.000733183616009333,0.0008890575777563176,0.0,-0.0054424634411062356
92,0.9200190999545157,circle,6.110721651778973,2.2453833109273047,3.665100084617734,9.463600115850568,124371.0,124371.0,0.0,0.0,8.77,5e-05,1e-08,100.0,0.01,-0.03658398256370321,0.0,0.21255216699709018,-0.03752820586981506,0.0,0.21858949765340804,-0.00981430773366862,0.0,0.01524330143243049,-1.724649993640007,0.0,3.709981329149661,1.7652860241162662,0.0,-3.263189239772702,-0.32413301561464397,0.0,0.44556662751656284,0.5096261055721527,-2.2919828571626244,-1.931271329894009,-0.21030408079876572,0.13524259256319177,0.1270358525078809,-0.11567000000000001,0.07263,0.06994,4.004346593456786e-05,0.0,-0.0005481541073302067,0.0009041798401772843,0.0,-0.005489176548987662
93,0.9300418000202626,circle,5.9602646844302765,2.034013362781715,3.6007999442517757,10.022700065746903,124371.0,124371.0,0.0,0.0,8.77,5e-05,1e-08,100.0,0.01,-0.036688489809261204,0.0,0.21271475850113275,-0.03753008441704132,0.0,0.21861530708788485,-0.009790913263476213,0.0,0.015258338450209814,-1.7145582226440965,0.0,3.7063129146263933,1.7657610152203322,0.0,-3.274047770092323,-0.32650278814358574,0.0,0.44974669810441487,0.5096261055721527,-2.2919828571626244,-1.9297373491061236,-0.2105365572487286,0.13582190707655523,0.1276061375874962,-0.11567000000000001,0.06725,0.07263,2.285969933146488e-05,0.0,-0.0005225839729698888,0.0008187349084486541,0.0,-0.005377964613782208
94,0.9402150998357683,circle,5.811492756809684,1.942894805533468,4.929200047627091,10.173299815505743,124371.0,124371.0,0.0,0.0,8.77,5e-05,1e-08,100.0,0.01,-0.03679274751971574,0.0,0.2128775101259226,-0.03753203299287738,0.0,0.2186417884893974,-0.008139579795957837,0.0,0.012727782971200299,-1.7283156910437094,0.0,3.7399319942038076,1.7660728783829625,0.0,-3.2846302614345992,-0.3336077924879155,0.0,0.458508579281015,0.5096261055721527,-2.2919828571626244,-1.9282033683182378,-0.21114389439125777,0.13669566226535376,0.12905367674738166,-0.11567000000000001,0.06994,0.07263,1.505874019295118e-05,0.0,-0.0005109900969817666,0.0007242267329686829,0.0,-0.005253288266493023
95,0.950235900003463,circle,5.837892447747955,3.384790778437015,4.376100143417716,10.020800167694688,124371.0,124371.0,0.0,0.0,8.77,5e-05,1e-08,100.0,0.01,-0.03679274751971574,0.0,0.2128775101259226,-0.03753399397398743,0.0,0.21866815274358622,-0.008139579795957837,0.0,0.012727782971200299,-1.728884676928248,0.0,3.753625606208852,1.7684142429323568,0.0,-3.298361243444372,-0.33718091962004415,0.0,0.46513535116055904,0.5096261055721527,-2.2919828571626244,-1.9282033683182378,-0.21113753651880787,0.13752464541219933,0.12996754348648426,-0.11836,0.07801000000000001,0.06994,0.00011341457435238048,0.0,-0.0006651221743667977,0.0006278318799193032,0.0,-0.0051255204432968295
96,0.9601952999364585,circle,5.690227909143842,1.7793669822497016,3.691399935632944,9.959399932995439,124371.0,124371.0,0.0,0.0,8.77,5e-05,1e-08,100.0,0.01,-0.03689675544973835,0.0,0.21304042148848942,-0.03753598429642134,0.0,0.21869463055250252,-0.008120046053000273,0.0,0.01274025394848836,-1.7203106161861437,0.0,3.752334107106352,1.768422898793191,0.0,-3.3084296760768286,-0.33983078868915373,0.0,0.46960820501089084,0.5096261055721527,-2.2919828571626244,-1.926669387530352,-0.21162990831025125,0.13798385315874256,0.13061937556815528,-0.11567000000000001,0.07801000000000001,0.06994,4.2055611284706924e-07,0.0,-0.0004891877274232331,0.0006388082905701461,0.0,-0.005165021336589861
97,0.9703146999236196,circle,5.544441050337947,1.6390366895966881,4.349699942395091,10.11939998716116,124371.0,124371.0,0.0,0.0,8.77,5e-05,1e-08,100.0,0.01,-0.037000513354588274,0.0,0.21320349220548698,-0.037538049265812015,0.0,0.21872181456874354,-0.008100493201453587,0.0,0.012752694950409642,-1.7094408210776486,0.0,3.7474436741876844,1.768154979532332,0.0,-3.31806097696913,-0.34204825068390565,0.0,0.47370201989554744,0.5096261055721527,-2.2919828571626244,-1.9251354067424666,-0.21184329686721962,0.13855973640890662,0.1311692824218583,-0.11836,0.07801000000000001,0.07263,-1.3054877076624951e-05,0.0,-0.0004693035089520046,0.000550590788300366,0.0,-0.005049018854304551
98,0.9802011998835951,circle,5.399563160654998,1.5930729413853237,4.366699839010835,9.886499959975481,124371.0,124371.0,0.0,0.0,8.77,5e-05,1e-08,100.0,0.01,-0.03710402099011319,0.0,0.21336672189319422,-0.03754010867762961,0.0,0.21874864625671878,-0.006464737032990317,0.0,0.010212084753616046,-1.7223195302102792,0.0,3.7799646217655263,1.7677934257062862,0.0,-3.327526529287707,-0.3490658221380102,0.0,0.4823947802340312,0.5096261055721527,-2.2919828571626244,-1.9236014259545808,-0.21244011253007697,0.1394290503230739,0.13260183017404492,-0.11836,0.06994,0.07263,-1.766610842628255e-05,0.0,-0.0004625022929601111,0.000453753795942703,0.0,-0.004919422070564443
99,0.9902558999601752,circle,5.256784393256548,1.5694853135865932,4.316800041124225,10.054700076580048,124371.0,124371.0,0.0,0.0,8.77,5e-05,1e-08,100.0,0.01,-0.037207278112749625,0.0,0.21353011016751589,-0.0375422461073483,0.0,0.2187762114436809,-0.006449064289831437,0.0,0.010221989516025234,-1.7110858387069732,0.0,3.7745147466926094,1.7673661634686046,0.0,-3.3368937870700153,-0.3511813221507006,0.0,0.48640114121491523,0.5096261055721527,-2.2919828571626244,-1.922067445166695,-0.2126423392332587,0.13999853348359165,0.1331348165236907,-0.11567000000000001,0.07532,0.06994,-2.093186489248762e-05,0.0,-0.00045890826995689804,0.0003558998594911604,0.0,-0.0047871930062081125
100,1.000044499989599,circle,5.2839685635295535,2.884042107416871,5.79180009663105,9.788600029423833,124371.0,124371.0,0.0,0.0,8.77,5e-05,1e-08,100.0,0.01,-0.037207278112749625,0.0,0.21353011016751589,-0.03754436902588512,0.0,0.2188033154068983,-0.006449064289831437,0.0,0.010221989516025234,-1.7109345646423109,0.0,3.7870693907049047,1.7689671702375935,0.0,-3.3494711008778095,-0.354536036847397,0.0,0.49288180539837256,0.5096261055721527,-2.2919828571626244,-1.922067445166695,-0.21265542007652158,0.14079073263717767,0.13402498371156568,-0.11567000000000001,0.07801000000000001,0.07263,7.863227595153775e-05,0.0,-0.0006177255644510028,0.00025845863718395825,0.0,-0.004655479674931403
101,1.0100604000035673,circle,5.08424599741294,1.3341288813495853,3.5888999700546265,10.015900013968349,124371.0,124371.0,0.0,0.0,8.77,5e-05,1e-08,100.0,0.01,-0.03707369644944958,0.0,0.21376911622707082,-0.037546584618423286,0.0,0.21883132267701477,-0.006417673318299072,0.0,0.010241726861677972,-1.7280158445692906,0.0,3.776296907070641,1.773161576142924,0.0,-3.356981611266949,-0.36352343347111765,0.0,0.49612530128182847,0.5111600863600384,-2.2919828571626244,-1.9205334643788097,-0.21553734896939267,0.14025379376220953,0.1349737573519383,-0.11836,0.07263,0.07263,0.00020650161863084316,0.0,-0.0003697621515671755,0.00026638655034286456,0.0,-0.004692444298376781
102,1.0203372999094427,circle,5.00483123613028,2.5091971954321743,5.439399974420667,10.276899905875325,124371.0,124371.0,0.0,0.0,8.77,5e-05,1e-08,100.0,0.01,-0.03741303984805111,0.0,0.21385736093775654,-0.03754890400622222,0.0,0.2188603477089433,-0.006417673318299072,0.0,0.010241726860346769,-1.6951013505296078,0.0,3.7774879587390195,1.7673930573534538,0.0,-3.3672410839823748,-0.3602019212336603,0.0,0.5010791695090018,0.5096261055721527,-2.2919828571626244,-1.9189994835909239,-0.21327175601968687,0.14187627203333808,0.13520611223787365,-0.11836,0.07801000000000001,0.07801000000000001,-0.00028465307403539674,0.0,-0.0005062634886028525,0.0004205172322065043,0.0,-0.004496723282583916
103,1.0301132998429239,circle,5.032763204687942,2.6199323694389878,3.799600061029196,9.775999933481216,124371.0,124371.0,0.0,0.0,8.77,5e-05,1e-08,100.0,0.01,-0.03741303984805111,0.0,0.21385736093775654,-0.03755115407022816,0.0,0.21888822864980118,-0.006417673318299072,0.0,0.010241726860346769,-1.689623585723184,0.0,3.791020163896635,1.7682112358549342,0.0,-3.3792133494363488,-0.36231890917964665,0.0,0.507763816727193,0.5096261055721527,-2.2919828571626244,-1.9189994835909239,-0.21326821995568165,0.1426490296587274,0.13606146720566725,-0.11836,0.07801000000000001,0.07263,4.0462574389263996e-05,0.0,-0.0005920818998090532,9.765164778778528e-05,0.0,-0.004438785812235587
104,1.0402661999687552,circle,4.896388468662066,1.2993147227413058,4.3316001538187265,10.152900125831366,124371.0,124371.0,0.0,0.0,8.77,5e-05,1e-08,100.0,0.01,-0.03751554397653897,0.0,0.21402122266362295,-0.03755353645384404,0.0,0.21891746373282236,-0.006401955161144954,0.0,0.010251559394335802,-1.6796829763985048,0.0,3.7882117282858885,1.7671957308855095,0.0,-3.387584901987007,-0.3646324534784791,0.0,0.5121343147994194,0.5096261055721527,-2.2919828571626244,-1.917465502803038,-0.21366720571637574,0.14314299077692327,0.1366722893468496,-0.11836,0.07801000000000001,0.07532,-5.032672710840661e-05,0.0,-0.000414880136853776,8.831920441347072e-05,0.0,-0.004481360932345644
105,1.0502148000523448,circle,4.761547130226685,1.2028352512795297,4.450600128620863,9.948600083589554,124371.0,124371.0,0.0,0.0,8.77,5e-05,1e-08,100.0,0.01,-0.03761779662378496,0.0,0.21418524143600015,-0.037555916372122654,0.0,0.21894638645666736,-0.006386221939430465,0.0,0.010261367806923877,-1.6679356745316871,0.0,3.781746642186335,1.7659694957099892,0.0,-3.39558886524008,-0.3664489075310454,0.0,0.5158955381700555,0.5096261055721527,-2.2919828571626244,-1.9159315220151527,-0.21383473722452165,0.1436967170445807,0.1371584914558143,-0.11836,0.08070000000000001,0.07532,-6.089207899953208e-05,0.0,-0.00039745880108899186,-9.881726627772352e-07,0.0,-0.0043636862195782205
106,1.0601898999884725,circle,4.790787786954727,2.327230182864024,3.71590000577271,9.975099936127663,124371.0,124371.0,0.0,0.0,8.77,5e-05,1e-08,100.0,0.01,-0.03761779662378496,0.0,0.21418524143600015,-0.03755834825399293,0.0,0.2189756603645453,-0.006386221939430465,0.0,0.010261367806923877,-1.6670228648732448,0.0,3.7931805988303693,1.7667164077711033,0.0,-3.40680536260786,-0.3696503191973,0.0,0.5224041503922141,0.5096261055721527,-2.2919828571626244,-1.9159315220151527,-0.21382234706833086,0.14450059155455008,0.1380416184222009,-0.12105,0.07801000000000001,0.07801000000000001,3.7161045946906346e-05,0.0,-0.0005580533448953139,-9.660941573894029e-05,0.0,-0.004232365583649834
107,1.070227799937129,circle,4.658691332075286,1.1484917288798735,4.397100070491433,10.037899948656559,124371.0,124371.0,0.0,0.0,8.77,5e-05,1e-08,100.0,0.01,-0.0377197975491788,0.0,0.21434941686893627,-0.03756084199904404,0.0,0.21900539561251262,-0.006370473691094893,0.0,0.010271152070155727,-1.657079962993856,0.0,3.7896351133583446,1.7652750275027431,0.0,-3.4145548568397843,-0.37185924862457526,0.0,0.5265937069204213,0.5096261055721527,-2.2919828571626244,-1.914397541227267,-0.21421375410196497,0.14497692432233533,0.13862596732615196,-0.11836,0.08070000000000001,0.07532,-7.18441183351747e-05,0.0,-0.0003862655767235667,-8.711143179958478e-05,0.0,-0.004269713166852778
108,1.0804140998516232,circle,4.6890458914137785,2.14020105706825,4.191400017589331,10.186299914494157,124371.0,124371.0,0.0,0.0,8.77,5e-05,1e-08,100.0,0.01,-0.0377197975491788,0.0,0.21434941686893627,-0.03756342080127139,0.0,0.21903585450156282,-0.006370473691094893,0.0,0.010271152070155727,-1.6559700475189338,0.0,3.8009493862387456,1.765651212635577,0.0,-3.425289498845219,-0.37507160227562325,0.0,0.5332260553335386,0.5096261055721527,-2.2919828571626244,-1.914397541227267,-0.2141967904434668,0.14579658870016288,0.13952313675048653,-0.11836,0.08070000000000001,0.07801000000000001,1.8783343106965555e-05,0.0,-0.0005359926438336304,-0.0001751600910143749,0.0,-0.00415044498879292
109,1.0900685000233352,circle,4.558412079380684,1.038817653502016,4.723800113424659,9.654400171712041,124371.0,124371.0,0.0,0.0,8.77,5e-05,1e-08,100.0,0.01,-0.03782154651270239,0.0,0.21451374857611055,-0.03756591016707515,0.0,0.219064986950909,-0.006354710452746324,0.0,0.010280912166725711,-1.6456829982642776,0.0,3.796830780303015,1.7638564983258604,0.0,-3.4325414516525745,-0.37702999780051727,0.0,0.5371383389284491,0.5096261055721527,-2.2919828571626244,-1.9128635604393815,-0.21456293200362636,0.1462501764904928,0.1400611518912014,-0.12105,0.08070000000000001,0.07532,-8.976173128271651e-05,0.0,-0.0003627027631331551,-0.00016587461434452219,0.0,-0.0041885356116653
110,1.10008589993231,circle,4.431452526179044,0.9820109885781547,3.576700109988451,10.017399908974767,124371.0,124371.0,0.0,0.0,8.77,5e-05,1e-08,100.0,0.01,-0.03792304327493065,0.0,0.2146782361708347,-0.037568540079284174,0.0,0.21909548633083867,-0.006338932259661642,0.0,0.010290648070009768,-1.6332704983697837,0.0,3.7893703378416057,1.7618505616076159,0.0,-3.439510390113727,-0.3785857746480973,0.0,0.5407422520282408,0.5096261055721527,-2.2919828571626244,-1.9113295796514957,-0.21469726207587841,0.14679783760410345,0.14051292054359094,-0.12105,0.07801000000000001,0.07532,-0.00010048593684737305,0.0,-0.00034910388933576553,-0.0002540172587991042,0.0,-0.0040681462706682004
111,1.1101985999848694,circle,4.462209661065104,1.9517295612103511,4.315099911764264,10.112700052559376,124371.0,124371.0,0.0,0.0,8.77,5e-05,1e-08,100.0,0.01,-0.03792304327493065,0.0,0.2146782361708347,-0.03757124394799929,0.0,0.21912655633611883,-0.006338932259661642,0.0,0.010290648070009768,-1.6316107664324841,0.0,3.7999697076669463,1.761807962311048,0.0,-3.44971813695276,-0.3816067973401199,0.0,0.5472702298942447,0.5096261055721527,-2.2919828571626244,-1.9113295796514957,-0.21465557132118634,0.1476139937922103,0.1413863972454394,-0.12105,0.07801000000000001,0.07532,-2.1372318141587264e-06,0.0,-0.0005121286747191301,-0.00034966209511720506,0.0,-0.003936191490564995
112,1.1203796998597682,circle,4.338669872422736,0.9559435029334347,5.789800081402063,10.181099874898791,124371.0,124371.0,0.0,0.0,8.77,5e-05,1e-08,100.0,0.01,-0.038024287597031886,0.0,0.2148428792660535,-0.03757401622635853,0.0,0.21915812108484195,-0.006323139152442543,0.0,0.010300359758708645,-1.6209959804579646,0.0,3.7955692208042757,1.7596321279600153,0.0,-3.4565116741983073,-0.383592327677934,0.0,0.5513731182916957,0.5096261055721527,-2.2919828571626244,-1.90979559886361,-0.21501596892502606,0.14809227944213194,0.1419465704419401,-0.12105,0.08608,0.08070000000000001,-0.000109321742192292,0.0,-0.0003413317410762397,-0.0003409496284810632,0.0,-0.0039739100777122114
113,1.1302114999853075,circle,4.368977725805054,1.797950531278656,4.301500041037798,9.831800125539303,124371.0,124371.0,0.0,0.0,8.77,5e-05,1e-08,100.0,0.01,-0.038024287597031886,0.0,0.2148428792660535,-0.03757674155182335,0.0,0.2191888738479644,-0.006323139152442543,0.0,0.010300359758708645,-1.6191682229543014,0.0,3.8059523590963433,1.7592620468875912,0.0,-3.4662739565354403,-0.3864540762587497,0.0,0.5577624326983279,0.5096261055721527,-2.2919828571626244,-1.90979559886361,-0.2149563310852275,0.1488986912184136,0.1427947496855134,-0.12105,0.08339,0.07801000000000001,-1.8620047911339075e-05,0.0,-0.0004911739031957778,-0.0004289259972971993,0.0,-0.0038548206787151224
114,1.1403552000410855,circle,4.400527769323135,1.7816971163855904,4.143199883401394,10.143700055778027,124371.0,124371.0,0.0,0.0,8.77,5e-05,1e-08,100.0,0.01,-0.038024287597031886,0.0,0.2148428792660535,-0.03757960337112395,0.0,0.21922088116050406,-0.004742354364331908,0.0,0.007725269819031485,-1.642636137949688,0.0,3.8576860646891964,1.7588130087676865,0.0,-3.4759755600963103,-0.3955899160121773,0.0,0.5704111100038429,0.5096261055721527,-2.2919828571626244,-1.90979559886361,-0.21565886356770803,0.1499955906514932,0.1448317070007468,-0.12105,0.08070000000000001,0.07532,-2.262264048750963e-05,0.0,-0.0004887689480715506,-0.0004220615854204293,0.0,-0.003889232946379011
115,1.1501835999079049,circle,4.279059987273308,0.8478592790637762,3.414599923416972,9.828399866819382,124371.0,124371.0,0.0,0.0,8.77,5e-05,1e-08,100.0,0.01,-0.03812527924076839,0.0,0.2150076774743458,-0.03758242513135169,0.0,0.21925216375546072,-0.004730498374275232,0.0,0.007732535407643919,-1.631589458061849,0.0,3.852760381371084,1.756161419502837,0.0,-3.4821188194016037,-0.3973539304191135,0.0,0.5743043248115639,0.5096261055721527,-2.2919828571626244,-1.9082616180757246,-0.21594921077221185,0.15048635242791658,0.14534796624443952,-0.12105,0.07263,0.07801000000000001,-0.00013375704485453477,0.0,-0.00030989121178907723,-0.0004090970645621655,0.0,-0.003934595069325851
116,1.1602938999421895,circle,4.310886070420177,1.639766737271396,4.278999986127019,10.110300034284592,124371.0,124371.0,0.0,0.0,8.77,5e-05,1e-08,100.0,0.01,-0.03812527924076839,0.0,0.2150076774743458,-0.037585378478104815,0.0,0.219284620994971,-0.004730498374275232,0.0,0.007732535407643919,-1.6293137338456414,0.0,3.86268656589348,1.7553794282788704,0.0,-3.4913796657096756,-0.40022018889156197,0.0,0.5808738827447588,0.5096261055721527,-2.2919828571626244,-1.9082616180757246,-0.21592722448170493,0.1512885268874964,0.14622257355537477,-0.12105,0.07532,0.08070000000000001,-3.949462050215427e-05,0.0,-0.00046772086342714665,-0.0005004061421614198,0.0,-0.0038092226571980682
117,1.1702441999223083,circle,4.192982839126293,0.8368098333503388,4.315999802201986,9.95029998011887,124371.0,124371.0,0.0,0.0,8.77,5e-05,1e-08,100.0,0.01,-0.03822601796849712,0.0,0.21517263040792553,-0.037588335673078815,0.0,0.21931683918395475,-0.003145754168021513,0.0,0.005159855200914526,-1.6413337062714117,0.0,3.8957173580054953,1.7525890329543037,0.0,-3.497395451330224,-0.407778138925569,0.0,0.5905375017174178,0.5096261055721527,-2.2919828571626244,-1.9067276372878388,-0.2166976711480052,0.15217239005859415,0.14780963688359072,-0.12105,0.09146,0.08070000000000001,-0.00014109248462231927,0.0,-0.0003041798890234897,-0.0004965898107959822,0.0,-0.0038400288870057337
118,1.180172799853608,circle,4.224576051805428,1.6288882467419865,4.336700076237321,9.928599931299686,124371.0,124371.0,0.0,0.0,8.77,5e-05,1e-08,100.0,0.01,-0.03822601796849712,0.0,0.21517263040792553,-0.03759133686499162,0.0,0.21934925855923862,-0.003145754168021513,0.0,0.005159855200914526,-1.6389245266271069,0.0,3.90550827467908,1.7517123732751834,0.0,-3.5065955397019666,-0.4105703147824591,0.0,0.5970715538410831,0.5096261055721527,-2.2919828571626244,-1.9067276372878388,-0.21671189417457026,0.15294601369886496,0.1486823752839006,-0.12105,0.08070000000000001,0.08070000000000001,-4.43760599794377e-05,0.0,-0.00046570371961241874,-0.0005903050435260562,0.0,-0.00371092443170067
119,1.1902673000004143,circle,4.110474308846829,0.845791822693625,4.22959984280169,10.09450014680624,124371.0,124371.0,0.0,0.0,8.77,5e-05,1e-08,100.0,0.01,-0.03832650354317006,0.0,0.2153377376786425,-0.03759444030321781,0.0,0.2193824975548775,-0.003137835351370593,0.0,0.005164674654163633,-1.6274815144891033,0.0,3.900303866280986,1.7488552933004924,0.0,-3.512603144644414,-0.4122883488651655,0.0,0.6010741908523594,0.5096261055721527,-2.2919828571626244,-1.905193656499953,-0.21694324584620675,0.15348233822693483,0.14920049391146978,-0.12105,0.08339,0.07801000000000001,-0.0001447765278420434,0.0,-0.0003044227644724397,-0.0005872867121102072,0.0,-0.0037403371117625426
120,1.2004021999891847,circle,4.000026615579666,0.827200298474754,5.721900146454573,10.134899988770485,124371.0,124371.0,0.0,0.0,8.77,5e-05,1e-08,100.0,0.01,-0.038426735728334965,0.0,0.21550299889798333,-0.03759760945400116,0.0,0.2194161514054324,-0.004694863725803756,0.0,0.007754222932288868,-1.5908561545327358,0.0,3.853556083106671,1.745882757465178,0.0,-3.518464658423013,-0.40746963473758335,0.0,0.5986540879732953,0.5096261055721527,-2.2919828571626244,-1.9036596757120676,-0.21651779845260147,0.15363735688039526,0.14851631879399038,-0.12105,0.08070000000000001,0.07801000000000001,-0.00015077882808841073,0.0,-0.0002973192678996802,-0.0006783474462453944,0.0,-0.0036158332395494056
121,1.2104408000595868,circle,3.893060878691804,0.8343851632939225,4.197699949145317,10.038600070402026,124371.0,124371.0,0.0,0.0,8.77,5e-05,1e-08,100.0,0.01,-0.038526714288135866,0.0,0.21566841367707246,-0.03760080157425244,0.0,0.21944976378668538,-0.004682963377229535,0.0,0.007761415638527603,-1.5774423127153436,0.0,3.8449832882339905,1.742901271377457,0.0,-3.524346364376378,-0.4085198692950138,0.0,0.6020155260603106,0.5096261055721527,-2.2919828571626244,-1.9021256949241818,-0.21658415339488896,0.15418203235195208,0.1489085562536959,-0.12105,0.08339,0.08070000000000001,-0.0001513784067262321,0.0,-0.00029863069954257776,-0.0007745343071571935,0.0,-0.003482719410070341
122,1.2204827999230474,circle,3.9252327950237778,1.6354468362755445,4.0870001539587975,10.04199986346066,124371.0,124371.0,0.0,0.0,8.77,5e-05,1e-08,100.0,0.01,-0.038526714288135866,0.0,0.21566841367707246,-0.03760404807071778,0.0,0.21948366459232896,-0.004682963377229535,0.0,0.007761415638527603,-1.5748712574952584,0.0,3.854805194419803,1.741872909504663,0.0,-3.5335123289769705,-0.4111872965750626,0.0,0.6085813216773863,0.5096261055721527,-2.2919828571626244,-1.9021256949241818,-0.21653062657156363,0.1549949606456506,0.14977034171593684,-0.12105,0.08608,0.08070000000000001,-5.2260822416653704e-05,0.0,-0.00046580961521592744,-0.0008704053950014324,0.0,-0.0033494413000405743
123,1.2301811999641359,circle,3.8211202080470867,0.8244902795809289,4.34260000474751,9.698400041088462,124371.0,124371.0,0.0,0.0,8.77,5e-05,1e-08,100.0,0.01,-0.03862643898731351,0.0,0.21583398162667283,-0.03760723449491183,0.0,0.2195166683968196,-0.006228069347049195,0.0,0.010358120106658146,-1.5403086831874742,0.0,3.8109952781791563,1.7387736513255794,0.0,-3.539274854053198,-0.4064301668436138,0.0,0.6061584978083882,0.5096261055721527,-2.2919828571626244,-1.900591714136296,-0.2162492356876482,0.15506650734323046,0.1491113331265242,-0.12105,0.08070000000000001,0.08339,-0.00015764102575572083,0.0,-0.00029310574062216743,-0.0008615634666459569,0.0,-0.003389581029524603
124,1.2403022998478264,circle,3.7226794625143627,0.7880122996187635,4.238300025463104,10.121099883690476,124371.0,124371.0,0.0,0.0,8.77,5e-05,1e-08,100.0,0.01,-0.038725909591206045,0.0,0.21599970235718718,-0.037610613677041764,0.0,0.21955138609936845,-0.006212172868578003,0.0,0.010367661654283265,-1.526905796922223,0.0,3.802378157181364,1.7354518361532945,0.0,-3.544735086333954,-0.40734508671691944,0.0,0.6094531191650705,0.5096261055721527,-2.2919828571626244,-1.8990577333484107,-0.21629662444955136,0.15561101551702722,0.14948803302018404,-0.12105,0.08608,0.08070000000000001,-0.00016910290870999025,0.0,-0.0002779628344803057,-0.000946193005454291,0.0,-0.003273720907700955
125,1.2502276999875903,circle,3.754437894176625,1.4777858977722191,4.324399866163731,9.925400139763951,124371.0,124371.0,0.0,0.0,8.77,5e-05,1e-08,100.0,0.01,-0.038725909591206045,0.0,0.21599970235718718,-0.037613981389200184,0.0,0.21958570564424834,-0.006212172868578003,0.0,0.010367661654283265,-1.524008428426635,0.0,3.811822147739742,1.7340022884079278,0.0,-3.5533594418587304,-0.40978506227628725,0.0,0.6158724786490769,0.5096261055721527,-2.2919828571626244,-1.8990577333484107,-0.21616843136416208,0.15644493684954955,0.1503128109882224,-0.12105,0.08070000000000001,0.08070000000000001,-7.385092116461082e-05,0.0,-0.00043938987314610673,-0.0010380772808412507,0.0,-0.00314661341391505
126,1.2604022999294102,circle,3.6486588879851656,1.1459715836478745,4.944700049236417,10.174599941819906,124371.0,124371.0,0.0,0.0,8.77,5e-05,1e-08,100.0,0.01,-0.038485782467148025,0.0,0.2160773307679729,-0.03761748947007137,0.0,0.2196211675238211,-0.0046471963291238195,0.0,0.007782884104709683,-1.5727109253093279,0.0,3.8543843241961873,1.7371923043863813,0.0,-3.560362312281201,-0.4271999455831881,0.0,0.6279836239624873,0.5111600863600384,-2.2919828571626244,-1.8990577333484107,-0.21958626957934546,0.1564832512074184,0.15283004909816444,-0.12105,0.09415,0.08070000000000001,0.0001626478857613921,0.0,-0.00035705215151553976,-0.0010309408828380491,0.0,-0.0031867846043326722
127,1.270176799967885,circle,3.81914797608113,2.681358024251733,4.415599862113595,9.774500038474798,124371.0,124371.0,0.0,0.0,8.77,5e-05,1e-08,100.0,0.01,-0.038725909591206045,0.0,0.21599970235718718,-0.03762091323826877,0.0,0.21965550245062773,-0.004659129651433502,0.0,0.007775746240712448,-1.549683020230882,0.0,3.8740337464462242,1.7306335612604828,0.0,-3.5701261969728924,-0.4233424171680573,0.0,0.6359093520272994,0.5096261055721527,-2.2919828571626244,-1.8990577333484107,-0.2170521741142436,0.15836381960700746,0.15341272295962094,-0.12374,0.08339,0.08608,-0.0003346520200340965,0.0,-0.0004981905332672983,-0.0007703443329031771,0.0,-0.0031576095601732494
128,1.280094499932602,circle,3.7239091848032086,0.7869523547625211,3.4784001763910055,9.91769996471703,124371.0,124371.0,0.0,0.0,8.77,5e-05,1e-08,100.0,0.01,-0.03882512586574957,0.0,0.21616557547865858,-0.03762444130807682,0.0,0.21969060827419792,-0.0046471963291238195,0.0,0.007782884103711281,-1.5328067139938284,0.0,3.8694759105077448,1.7264288410804884,0.0,-3.5749082019771805,-0.42317378349267687,0.0,0.6398026270035335,0.5096261055721527,-2.2919828571626244,-1.8975237525605249,-0.21717595960088854,0.15888406904302438,0.15382484430461468,-0.11836,0.08339,0.08608,-0.00021469056266053255,0.0,-0.0002441663894545954,-0.0009859939950122162,0.0,-0.0032808664060847447
129,1.2901738998480141,circle,3.633922950612373,0.6990657310567299,4.437899915501475,10.079399915412068,124371.0,124371.0,0.0,0.0,8.77,5e-05,1e-08,100.0,0.01,-0.03892408757747856,0.0,0.2163316006007715,-0.037628083209251595,0.0,0.2197265628521852,-0.004635252071313115,0.0,0.007790003654014071,-1.5183268039094397,0.0,3.8600159828057126,1.7224540094720444,0.0,-3.5793994279624615,-0.4236911069718338,0.0,0.6429327248087501,0.5096261055721527,-2.2919828571626244,-1.8959897717726395,-0.2171687536457496,0.15942960773586107,0.15415823017152477,-0.11836,0.08070000000000001,0.08339,-0.00020308788441192023,0.0,-0.00022947225785083626,-0.001092916483815046,0.0,-0.0031654899935628605
130,1.3003328000195324,circle,3.5492327709974667,0.7054851387951433,4.29939990863204,10.158900171518326,124371.0,124371.0,0.0,0.0,8.77,5e-05,1e-08,100.0,0.01,-0.03902279449352658,0.0,0.21649777733285291,-0.03763181171976548,0.0,0.21976308286003138,-0.004623296906955056,0.0,0.007797104873649576,-1.5041154606248262,0.0,3.850312685736707,1.7185063391994475,0.0,-3.5839458419886467,-0.4242615552961252,0.0,0.6460323037410105,0.5096261055721527,-2.2919828571626244,-1.8944557909847537,-0.21717109899669718,0.15996833870958996,0.15449176201194134,-0.11836,0.08608,0.08608,-0.00020182854408208454,0.0,-0.00023243991020954714,-0.0011891542296790182,0.0,-0.0030328656169689165
131,1.3101838000584394,circle,3.5806647265257494,1.2761476733828674,4.483100026845932,9.851000038906932,124371.0,124371.0,0.0,0.0,8.77,5e-05,1e-08,100.0,0.01,-0.03902279449352658,0.0,0.21649777733285291,-0.037635483148402725,0.0,0.21979876614160043,-0.004623296906955056,0.0,0.007797104873649576,-1.5006278419246777,0.0,3.8589911876733356,1.7164801337169782,0.0,-3.591781240177311,-0.4264605915083798,0.0,0.6524031291003904,0.5096261055721527,-2.2919828571626244,-1.8944557909847537,-0.2170530155415598,0.1607819874640365,0.15530308868807247,-0.12105,0.08339,0.08608,-0.00010365475503853138,0.0,-0.0004008360883939249,-0.001283656590085324,0.0,-0.002900152720353593
132,1.320165100041777,circle,3.500297027552117,0.7182905002452659,5.091500002890825,9.981299983337522,124371.0,124371.0,0.0,0.0,8.77,5e-05,1e-08,100.0,0.01,-0.039121246381626715,0.0,0.2166641052838728,-0.037639259726739656,0.0,0.21983519261093065,-0.004611330862507306,0.0,0.007804187745644957,-1.4883987448548621,0.0,3.8526019165157135,1.712454035669677,0.0,-3.5963214926928733,-0.42747046990719834,0.0,0.6559418595329249,0.5096261055721527,-2.2919828571626244,-1.892921810196868,-0.21723966279386997,0.1612726610192745,0.15573315962832518,-0.12105,0.09415,0.08070000000000001,-0.00020608304679196193,0.0,-0.00023240096505823624,-0.001275903608095097,0.0,-0.002938686361999606
133,1.3301837998442352,circle,3.532091962852033,1.2240351473435025,4.367300076410174,10.018699802458286,124371.0,124371.0,0.0,0.0,8.77,5e-05,1e-08,100.0,0.01,-0.039121246381626715,0.0,0.2166641052838728,-0.03764310816601234,0.0,0.21987203001016928,-0.004611330862507306,0.0,0.007804187745644957,-1.4848540067344576,0.0,3.8614046891899387,1.7101835154932299,0.0,-3.6039060067002926,-0.4296712775595242,0.0,0.6624368181147661,0.5096261055721527,-2.2919828571626244,-1.892921810196868,-0.2171152653309908,0.16210300875183697,0.15655827243309714,-0.12105,0.09146,0.08339,-0.00011628511882886996,0.0,-0.0003884423145677908,-0.0013618530967855075,0.0,-0.0028194824117286775
134,1.3403767000418156,circle,3.564775740637584,1.221299794561809,4.1767999064177275,10.192900197580457,124371.0,124371.0,0.0,0.0,8.77,5e-05,1e-08,100.0,0.01,-0.039121246381626715,0.0,0.2166641052838728,-0.03764708330234993,0.0,0.21990979000311703,-0.004611330862507306,0.0,0.007804187745644957,-1.483080438481728,0.0,3.8733571707664907,1.707842207366851,0.0,-3.6114552664048616,-0.43243036323982703,0.0,0.6695854999328854,0.5096261055721527,-2.2919828571626244,-1.892921810196868,-0.21718344503868217,0.16290697546682137,0.15751059878927323,-0.12105,0.09146,0.08608,-0.00011997406995878433,0.0,-0.00038684161291229445,-0.0013541890093180027,0.0,-0.002858843106331924
135,1.3501923999283463,circle,3.488345497100613,0.7027177543300365,4.267299780622125,9.815699886530638,124371.0,124371.0,0.0,0.0,8.77,5e-05,1e-08,100.0,0.01,-0.03921944301011214,0.0,0.21683058406244546,-0.0376509687499068,0.0,0.2199464214783283,-0.004599353967422734,0.0,0.0078112522540257755,-1.4705768607831817,0.0,3.8666844064682317,1.7033729209368542,0.0,-3.6154471032091733,-0.43323116871905315,0.0,0.6729696736631385,0.5096261055721527,-2.2919828571626244,-1.8913878294089825,-0.21734433224237842,0.1633897260574421,0.15791103883052632,-0.12105,0.09146,0.09146,-0.00022913251666587127,0.0,-0.00020465450747402967,-0.0013393417435394654,0.0,-0.0029111829084088087
136,1.3603576999157667,circle,3.520704323931358,1.1257961932511444,4.1767000220716,10.16529998742044,124371.0,124371.0,0.0,0.0,8.77,5e-05,1e-08,100.0,0.01,-0.03921944301011214,0.0,0.21683058406244546,-0.0376550524026255,0.0,0.2199846355781561,-0.004599353967422734,0.0,0.0078112522540257755,-1.4666170061086585,0.0,3.875093207706415,1.7006734517083426,0.0,-3.6225312741780527,-0.43530657494353175,0.0,0.679515146631507,0.5096261055721527,-2.2919828571626244,-1.8913878294089825,-0.21719736134068707,0.16423417236669205,0.15873383599687035,-0.12105,0.09146,0.08877,-0.00013846396723258148,0.0,-0.0003633686231888601,-0.0014259266402540617,0.0,-0.002790682892521772
137,1.370163599960506,circle,3.449347055637129,0.7082570078274457,5.67310000769794,9.805900044739246,124371.0,124371.0,0.0,0.0,8.77,5e-05,1e-08,100.0,0.01,-0.039317384147916745,0.0,0.2169972132768303,-0.037659049770984665,0.0,0.2200217665007822,-0.004587366250155807,0.0,0.007818298382817593,-1.4537967099296225,0.0,3.867993728457539,1.696009098017387,0.0,-3.6263216601831436,-0.43594814393120856,0.0,0.6827938149695916,0.5096261055721527,-2.2919828571626244,-1.8898538486210967,-0.21733798835568252,0.1647125754218528,0.15911298613744973,-0.12105,0.09146,0.08877,-0.00023935929459631606,0.0,-0.00019451014664380968,-0.0014189750823357641,0.0,-0.0028300430773080883
138,1.3802564998622984,circle,3.3018885399182683,0.6310142545695739,4.274900071322918,10.092899901792407,124371.0,124371.0,0.0,0.0,8.77,5e-05,1e-08,100.0,0.01,-0.039075726165974004,0.0,0.21707574782424688,-0.037663224147627926,0.0,0.22006025883582178,-0.00457536773816259,0.0,0.007825326113050765,-1.4764713149872066,0.0,3.8674679294778023,1.6978547993179307,0.0,-3.631683404719942,-0.446760950705525,0.0,0.6880063095050195,0.5111600863600384,-2.2919828571626244,-1.8898538486210967,-0.22004219612260562,0.16434841679819173,0.160353136452215,-0.12105,0.09146,0.08608,9.475708085046326e-05,0.0,-0.00027526840904498057,-0.001507259099196541,0.0,-0.0027092426025299224
139,1.390194799983874,circle,3.4154521317760196,2.352766423161247,4.379400052130222,9.938300121575594,124371.0,124371.0,0.0,0.0,8.77,5e-05,1e-08,100.0,0.01,-0.03941506956457555,0.0,0.2171639925349326,-0.037667394496204605,0.0,0.22009843372872878,-0.004575367738661792,0.0,0.007825326111053962,-1.4414266098401756,0.0,3.8675093512357006,1.6882145003013893,0.0,-3.636865457758859,-0.43992297569205435,0.0,0.6923176823372849,0.5096261055721527,-2.2919828571626244,-1.888319867833211,-0.21740629009002443,0.16600526312823238,0.16034218511111994,-0.12105,0.08608,0.08877,-0.0004951349676897468,0.0,-0.00026615519493618234,-0.001252540100681198,0.0,-0.002668285998860001
140,1.4003208000212908,circle,3.446984780136078,1.1380727882500716,4.169899970293045,10.126000037416816,124371.0,124371.0,0.0,0.0,8.77,5e-05,1e-08,100.0,0.01,-0.03941506956457555,0.0,0.2171639925349326,-0.037671705194381726,0.0,0.2201376072959984,-0.004575367738661792,0.0,0.007825326111053962,-1.4323217963943218,0.0,3.877213130207309,1.6848451303319467,0.0,-3.6436877886009067,-0.440336505099819,0.0,0.6991073322183201,0.5096261055721527,-2.2919828571626244,-1.888319867833211,-0.21712239847548057,0.1668967424818948,0.16110700833452593,-0.12105,0.09146,0.08608,-0.00017312365968584855,0.0,-0.00035054235470564476,-0.0015702407105079757,0.0,-0.0026230724063601623
141,1.4101889999583364,circle,3.3863884051060653,0.712018744723818,4.320400068536401,9.868199937045574,124371.0,124371.0,0.0,0.0,8.77,5e-05,1e-08,100.0,0.01,-0.0395124990302253,0.0,0.21733092144430466,-0.037675966378231666,0.0,0.2201760531193591,-0.0045633584598975515,0.0,0.007832335428750855,-1.4189194582111468,0.0,3.869965158663639,1.6798935977406362,0.0,-3.6471048800732517,-0.4406894337051355,0.0,0.7023345246619462,0.5096261055721527,-2.2919828571626244,-1.8867858870453256,-0.21721882685467928,0.16738641639831828,0.16146300993421692,-0.12105,0.09415,0.09146,-0.00025451545221111824,0.0,-0.00017564310954084087,-0.0015820171997825163,0.0,-0.002669488565513589
142,1.4204624998383224,circle,3.333365075903765,0.7145850957468874,4.094099858775735,10.273499879986048,124371.0,124371.0,0.0,0.0,8.77,5e-05,1e-08,100.0,0.01,-0.03960967231560511,0.0,0.21749799961214672,-0.03768046619328217,0.0,0.22021636060120733,-0.004551338442816754,0.0,0.007839326315940231,-1.4039923709965636,0.0,3.859508707127652,1.6748291751097566,0.0,-3.6503682093891987,-0.4406475869437248,0.0,0.7051534685719854,0.5096261055721527,-2.2919828571626244,-1.8852519062574398,-0.21713535243424004,0.1679261658075052,0.161728955286569,-0.12105,0.09415,0.08877,-0.00026041365541246337,0.0,-0.0001678010659692604,-0.0016687924669104759,0.0,-0.0025505599230913538
143,1.4301658000331372,circle,3.362231054399003,1.0417184816092027,4.427199950441718,9.703300194814801,124371.0,124371.0,0.0,0.0,8.77,5e-05,1e-08,100.0,0.01,-0.03960967231560511,0.0,0.21749799961214672,-0.037684776270737706,0.0,0.2202546956199827,-0.004551338442816754,0.0,0.007839326315940231,-1.399462533798737,0.0,3.8671924080924125,1.6716397951760815,0.0,-3.6569031120104647,-0.4422486997123183,0.0,0.7113758841203898,0.5096261055721527,-2.2919828571626244,-1.8852519062574398,-0.2169290054654544,0.16875503091650979,0.16248749437617865,-0.11836,0.09415,0.09146,-0.00016405603771493175,0.0,-0.00033614378129683724,-0.001760840007152472,0.0,-0.0024205522265391475
144,1.4403429999947548,circle,3.314492971163439,0.733473534033694,4.142299992963672,10.177199961617589,124371.0,124371.0,0.0,0.0,8.77,5e-05,1e-08,100.0,0.01,-0.03970658919205683,0.0,0.21766522664530763,-0.03768935992452801,0.0,0.2202951790665725,-0.004539307717371471,0.0,0.007846298754650842,-1.3863357294216334,0.0,3.8598552264005166,1.6665030648652008,0.0,-3.6601924196093303,-0.44266692266031477,0.0,0.7146839664642786,0.5096261055721527,-2.2919828571626244,-1.883717925469554,-0.21703041688502883,0.1692532342689127,0.16285707218324358,-0.11836,0.09146,0.08877,-0.0002643127065876617,0.0,-0.0001692527622900314,-0.0017529165609411592,0.0,-0.0024606996589748437
145,1.4502230000216514,circle,3.3432603129793836,1.020442832567875,4.287799820303917,9.880000026896596,124371.0,124371.0,0.0,0.0,8.77,5e-05,1e-08,100.0,0.01,-0.03970658919205683,0.0,0.21766522664530763,-0.037693871925716355,0.0,0.2203347507089036,-0.004539307717371471,0.0,0.007846298754650842,-1.3817577678285582,0.0,3.8677045820400475,1.6630904839990248,0.0,-3.6665235277276453,-0.44426380903335133,0.0,0.7210382624017307,0.5096261055721527,-2.2919828571626244,-1.883717925469554,-0.21681626109084695,0.17010034069387964,0.1636300083240884,-0.11836,0.08877,0.08877,-0.00017565196788256313,0.0,-0.00032587406525122703,-0.0018370652984579115,0.0,-0.0023436499983447412
146,1.4601014000363648,circle,3.3002825291744466,0.7495703066076089,3.415999934077263,9.878400014713407,124371.0,124371.0,0.0,0.0,8.77,5e-05,1e-08,100.0,0.01,-0.03980324943152566,0.0,0.21783260215028605,-0.037698444880336954,0.0,0.2203745822001034,-0.004527266310019365,0.0,0.007853252730905057,-1.3684340204457197,0.0,3.8600694630314774,1.6577269108327324,0.0,-3.6695576829728136,-0.44445948767843346,0.0,0.7241124134870216,0.5096261055721527,-2.2919828571626244,-1.8821839446816686,-0.21689382117545636,0.1705807437019218,0.1639605165053409,-0.12105,0.10222,0.09146,-0.0002761574964199125,0.0,-0.00015622136405650088,-0.001828647054768795,0.0,-0.002385758685760843
147,1.4702337000053376,circle,3.2648846726893233,0.7620105250676525,4.307399969547987,10.132299968972802,124371.0,124371.0,0.0,0.0,8.77,5e-05,1e-08,100.0,0.01,-0.03989965280656077,0.0,0.21800012573323124,-0.037703199883487026,0.0,0.22041571396028536,-0.004515214249214901,0.0,0.00786018822872844,-1.3532096613111466,0.0,3.849269342060769,1.6522099798167402,0.0,-3.6724116201105206,-0.4440703085985957,0.0,0.7266887925785286,0.5096261055721527,-2.2919828571626244,-1.8806499638937828,-0.2167659497892331,0.17110984218495828,0.16417918336184617,-0.12105,0.09684000000000001,0.09146,-0.0002841363439195204,0.0,-0.00014698521002592946,-0.0019123165791542236,0.0,-0.0022686030170281923
148,1.4804122999776155,circle,3.010485897649739,0.04718432156834981,4.0785998571664095,10.17859997227788,124371.0,124371.0,0.0,0.0,8.77,5e-05,1e-08,100.0,0.01,-0.03975234465794732,0.0,0.21824737084519208,-0.0377080428412048,0.0,0.22045731551011272,-0.0044910782820651775,0.0,0.007874003719194538,-1.3648891198777895,0.0,3.8294507772382143,1.651420696369658,0.0,-3.6737400340356277,-0.4530857310115511,0.0,0.7279448132221973,0.5111600863600384,-2.2919828571626244,-1.8791159831058974,-0.21961678082234487,0.17037585240486383,0.16484794501000558,-0.12105,0.09953000000000001,0.08877,-4.066147709365798e-05,0.0,-6.843583580313454e-05,-0.0020036403396488612,0.0,-0.0021415088291175033
149,1.4901653998531401,circle,3.261837097469238,2.606516157877245,5.315200192853808,9.75309987552464,124371.0,124371.0,0.0,0.0,8.77,5e-05,1e-08,100.0,0.01,-0.039995799090315656,0.0,0.21816779699994404,-0.03771274603874567,0.0,0.2204974428988187,-0.006004202085881268,0.0,0.010489473638868457,-1.3153740046505513,0.0,3.8053332904495667,1.6428756866710184,0.0,-3.681408703675372,-0.43910987600986895,0.0,0.72769026752298,0.5096261055721527,-2.2919828571626244,-1.8791159831058974,-0.21575365802408736,0.17197001881914295,0.16381346533927285,-0.12374,0.09684000000000001,0.09146,-0.0004403299318854132,0.0,-0.00039517155617248625,-0.0018427231196845714,0.0,-0.0019344743427021742
150,1.5003002998419106,circle,3.2392221732571382,0.8723370593237387,4.15770011022687,10.134899988770485,124371.0,124371.0,0.0,0.0,8.77,5e-05,1e-08,100.0,0.01,-0.04009168805654886,0.0,0.21833561555587777,-0.03771769878761485,0.0,0.22053941573708905,-0.005988104376086903,0.0,0.010498671625592716,-1.2971076847958685,0.0,3.7991942960476592,1.6368595657598288,0.0,-3.6842198327634437,-0.43754642165380087,0.0,0.7310218964760681,0.5096261055721527,-2.2919828571626244,-1.8775820023180116,-0.21576666165105096,0.17245624599696868,0.1640986605749499,-0.12105,0.09146,0.08877,-0.00031009339077702185,0.0,-0.00014489611557021598,-0.002063895878156992,0.0,-0.002058904065641058
151,1.5101635998580605,circle,3.223143138706576,0.7914275730025898,4.647399997338653,9.863300016149879,124371.0,124371.0,0.0,0.0,8.77,5e-05,1e-08,100.0,0.01,-0.040187319479624395,0.0,0.21850358100613917,-0.037722583267269454,0.0,0.22058053240087558,-0.005971992576172867,0.0,0.010507844906517837,-1.281390416691507,0.0,3.7880817677901657,1.6309886181822801,0.0,-3.6865689965613573,-0.4366614622778312,0.0,0.7332486797203457,0.5096261055721527,-2.2919828571626244,-1.8760480215301258,-0.21557573873672964,0.1729695955923231,0.16424960897182317,-0.12105,0.09415,0.09146,-0.0003026840308625119,0.0,-0.00012111407198182617,-0.0021620521814924294,0.0,-0.0019558373227545776
152,1.520118699874729,circle,3.2145733845141895,0.7987976342404258,4.427899839356542,9.955100016668439,124371.0,124371.0,0.0,0.0,8.77,5e-05,1e-08,100.0,0.01,-0.0402826931345122,0.0,0.21867169295548927,-0.03772757810297783,0.0,0.2206223003532129,-0.005955866724078448,0.0,0.010516993463006975,-1.2658601254856248,0.0,3.7765650221741485,1.625054927366239,0.0,-3.6888342478718132,-0.4358064416733993,0.0,0.7354091020202097,0.5096261055721527,-2.2919828571626244,-1.8745140407422405,-0.2153924633469539,0.17347273220221898,0.16439542595317544,-0.11836,0.09684000000000001,0.09146,-0.00030598972328744903,0.0,-0.00011681492062058218,-0.00224912530824692,0.0,-0.0018337924771030427
153,1.5302343999501318,circle,3.213621323777687,0.8143459930421397,5.100300069898367,10.115700075402856,124371.0,124371.0,0.0,0.0,8.77,5e-05,1e-08,100.0,0.01,-0.040377808796788955,0.0,0.21883995100834444,-0.037732720734406706,0.0,0.220665018446792,-0.005939726857742938,0.0,0.01052611726976727,-1.250313512222901,0.0,3.765056471559053,1.6190317465338881,0.0,-3.6910315509222063,-0.43493487962847055,0.0,0.7376139619575292,0.5096261055721527,-2.2919828571626244,-1.8729800599543547,-0.21520366202828145,0.1739834200978667,0.16454535608198242,-0.12105,0.09953000000000001,0.08608,-0.00031067330172623907,0.0,-0.00011333602834772576,-0.00233441476065601,0.0,-0.0017117314100998438
154,1.5404896000400186,circle,3.2201312886175235,0.8334939899106389,5.97400008700788,10.255200089886785,124371.0,124371.0,0.0,0.0,8.77,5e-05,1e-08,100.0,0.01,-0.04047266624263829,0.0,0.21900835476877722,-0.03773800390103457,0.0,0.22070860986532834,-0.007404466267218026,0.0,0.013169020385202351,-1.2127334758660144,0.0,3.7144544516424407,1.6128865410625395,0.0,-3.6931032335964473,-0.4264485859504175,0.0,0.7320964864639186,0.5096261055721527,-2.2919828571626244,-1.8714460791664689,-0.21433034922641972,0.1739604044406053,0.16330714285344378,-0.12105,0.09684000000000001,0.08877,-0.00031703428223250375,0.0,-0.00010687916501794944,-0.0024176280593712126,0.0,-0.0015933759315331626
155,1.5500461000483483,circle,3.0541631347046936,0.50449104209995,4.4819999020546675,9.556500008329749,124371.0,124371.0,0.0,0.0,8.77,5e-05,1e-08,100.0,0.01,-0.040475602332300145,0.0,0.21938539732865725,-0.03774299061618188,0.0,0.22074948884403384,-0.007364029435861423,0.0,0.013191674991657297,-1.2074780421245142,0.0,3.679320213717055,1.6083680097673312,0.0,-3.690861031116968,-0.4293674336670074,0.0,0.729741290509272,0.5096261055721527,-2.2904488763747386,-1.8699120983785835,-0.21562748295010942,0.1728330541647325,0.16338827145376808,-0.12105,0.09684000000000001,0.09146,-0.0002331603927950487,0.0,0.00011569972114518581,-0.002499451323323216,0.0,-0.0014797912365217723
156,1.560235699871555,circle,3.2531360210366778,2.0201000460687935,4.309799987822771,10.189599823206663,124371.0,124371.0,0.0,0.0,8.77,5e-05,1e-08,100.0,0.01,-0.04066160559282782,0.0,0.2193455978269524,-0.037748375603283965,0.0,0.22079334953197252,-0.007364029435029421,0.0,0.013191674991657297,-1.1831159493519394,0.0,3.686503138530727,1.6001018900454123,0.0,-3.6966504733923453,-0.4246262425269712,0.0,0.735033711394144,0.5096261055721527,-2.2919828571626244,-1.8683781175906977,-0.21378337856498136,0.17492347545942422,0.1634069274416407,-0.12105,0.09146,0.08877,-0.00042662166221328363,0.0,-0.0002987981749477855,-0.0024866083273305693,0.0,-0.0011489535300723372
157,1.5701657000463456,circle,3.280163468015148,0.9587816680668644,4.584700101986527,9.93000017479062,124371.0,124371.0,0.0,0.0,8.77,5e-05,1e-08,100.0,0.01,-0.040755687052575484,0.0,0.21951443633112935,-0.037753691254668945,0.0,0.22083636431943002,-0.008812542002181222,0.0,0.015843546896245026,-1.1436219767392706,0.0,3.6392421996550963,1.5933517728828333,0.0,-3.698310693210473,-0.4149963213489866,0.0,0.72970039595415,0.5096261055721527,-2.2919828571626244,-1.866844136802812,-0.21294120752864995,0.17486673505578867,0.16215752429885777,-0.12105,0.09415,0.08608,-0.00034844359995430665,0.0,-8.570117469231192e-05,-0.002653552197952233,0.0,-0.0012362268136083521
158,1.5804029998835176,circle,3.3142014165755556,0.9439875357900219,4.111399874091148,10.237299837172031,124371.0,124371.0,0.0,0.0,8.77,5e-05,1e-08,100.0,0.01,-0.040849509406711684,0.0,0.21968341895575474,-0.037759241978311216,0.0,0.22088099077013523,-0.008788227947506975,0.0,0.01585704652016046,-1.1275707264641948,0.0,3.627195805620516,1.5865409865822053,0.0,-3.699392860119531,-0.41356144678865225,0.0,0.7315702888800706,0.5096261055721527,-2.2919828571626244,-1.8653101560149266,-0.2126755955321772,0.17536985827796972,0.16223867380387325,-0.11836,0.10491,0.08608,-0.0003516371991862284,0.0,-5.5871690015919274e-05,-0.00273863022921424,0.0,-0.0011417001243645688
159,1.5901645999401808,circle,3.3938323069918117,1.676550293391389,4.337899852544069,9.761600056663156,124371.0,124371.0,0.0,0.0,8.77,5e-05,1e-08,100.0,0.01,-0.04103637591566764,0.0,0.22002181497548312,-0.037764601922081836,0.0,0.22092380869102496,-0.008739537857340125,0.0,0.01588393379916373,-1.1015396426446724,0.0,3.5954873351108083,1.577715899880791,0.0,-3.69683289950394,-0.4097902366758694,0.0,0.7288025058840392,0.5096261055721527,-2.2919828571626244,-1.8622421944391554,-0.2126185385836898,0.175386081425039,0.16167201343065002,-0.11567000000000001,0.09146,0.09146,-0.0004557109735942367,0.0,0.0001321915788438583,-0.002816063019991566,0.0,-0.0010341852943856961
160,1.6005146999377757,circle,3.448042161928301,1.0272963840042801,4.06829989515245,10.350099997594953,124371.0,124371.0,0.0,0.0,8.77,5e-05,1e-08,100.0,0.01,-0.041129419630772476,0.0,0.22019122757430756,-0.03777035705037083,0.0,0.22096949059628704,-0.008715161934666987,0.0,0.01589732138636021,-1.0835243035023563,0.0,3.5792932971595866,1.5705453471752457,0.0,-3.6973840570710528,-0.4075168933343255,0.0,0.7297731225941332,0.5096261055721527,-2.2919828571626244,-1.8607082136512696,-0.2119885035559917,0.17597759204666263,0.161560769843495,-0.11836,0.09415,0.08608,-0.0003703333379244714,0.0,-2.846531221971512e-05,-0.002988729242477175,0.0,-0.0007497977097597599
161,1.6105150999501348,circle,3.3819574139249533,0.8577891947691243,3.995800158008933,10.000400012359023,124371.0,124371.0,0.0,0.0,8.77,5e-05,1e-08,100.0,0.01,-0.04112872362700441,0.0,0.22057027945836172,-0.03777598860769608,0.0,0.22101390524650472,-0.010110740060957633,0.0,0.01857798169543879,-1.0563975809615254,0.0,3.5033470875372834,1.5650883614801139,0.0,-3.693724213220844,-0.4021349550022996,0.0,0.7187762354010209,0.5096261055721527,-2.2904488763747386,-1.8591742328633838,-0.21262087881333697,0.17419085782445548,0.1601264053490864,-0.11836,0.10491,0.08877,-0.00028187693153519265,0.0,0.00018904677637601773,-0.0030708580877731426,0.0,-0.0006326725645190161
162,1.6202417998574674,circle,3.6429957523382948,2.498181656314252,5.822099978104234,9.726699907332659,124371.0,124371.0,0.0,0.0,8.77,5e-05,1e-08,100.0,0.01,-0.04140698999314092,0.0,0.22070031894188802,-0.03778153327396161,0.0,0.2210573646377204,-0.010082229909706229,0.0,0.018593469511517798,-1.0213659442033367,0.0,3.4901046486136824,1.5539074796235117,0.0,-3.6945524311836695,-0.39420417181812256,0.0,0.7189794523852955,0.5096261055721527,-2.2919828571626244,-1.8561062712876126,-0.2107267639709743,0.17586929359571987,0.15938101016119008,-0.11836,0.09953000000000001,0.08877,-0.0005776254669359058,0.0,-4.278730368833291e-05,-0.0030478312522434067,0.0,-0.00031425839214405907
163,1.6300272999797016,circle,3.641957682041994,0.9438643148013469,3.5993000492453575,9.785500122234225,124371.0,124371.0,0.0,0.0,8.77,5e-05,1e-08,100.0,0.01,-0.04140698999314092,0.0,0.22070031894188802,-0.03778717876936102,0.0,0.22110134570157086,-0.010082229909706229,0.0,0.018593469511517798,-1.010875299539858,0.0,3.4959753773497093,1.5478119811318956,0.0,-3.6977653393527583,-0.3929449026959632,0.0,0.724411956666528,0.5096261055721527,-2.2919828571626244,-1.8561062712876126,-0.2099117714152206,0.17687315683563287,0.1598561419348561,-0.11836,0.09953000000000001,0.09146,-0.00031494897718543045,0.0,-0.00016600810303489628,-0.0033048622465944744,0.0,-0.0002350186566479469
164,1.6400833998341113,circle,3.7162428856085,1.2519795015058566,4.426100058481097,10.056099854409695,124371.0,124371.0,0.0,0.0,8.77,5e-05,1e-08,100.0,0.01,-0.0414989924605596,0.0,0.2208702992570714,-0.03779305114072215,0.0,0.22114681348592272,-0.010053696032587598,0.0,0.018608913577605496,-0.9957790296221367,0.0,3.485431860368579,1.539900413972149,0.0,-3.6971598114172752,-0.3913455420977958,0.0,0.7262029207551217,0.5096261055721527,-2.2919828571626244,-1.8545722904997268,-0.20994038100714144,0.17719706537777327,0.15997276043221553,-0.11567000000000001,0.09684000000000001,0.08877,-0.0004088381997604958,0.0,3.129126581989249e-05,-0.0032971031200769566,0.0,-0.000307805494671197
165,1.6500959999393672,circle,3.88328805628709,2.42948015124178,4.402699880301952,10.012600105255842,124371.0,124371.0,0.0,0.0,8.77,5e-05,1e-08,100.0,0.01,-0.0416822146154774,0.0,0.22121068227704255,-0.03779896979844562,0.0,0.22119235690944034,-0.009996557376806919,0.0,0.018639670306053006,-0.9692402134363998,0.0,3.4520639858564848,1.5298351623882465,0.0,-3.6925955017083676,-0.38677324229105525,0.0,0.7227578203587665,0.5096261055721527,-2.2919828571626244,-1.8515043289239557,-0.2098283850964288,0.17715305816409624,0.15929438494641968,-0.11836,0.09684000000000001,0.08339,-0.0005201983296543216,0.0,0.00023589537398112638,-0.003363046487377462,0.0,-0.00021757000637891423
166,1.6601642000023276,circle,3.9710032670707065,1.485730578525824,4.328900016844273,10.068200062960386,124371.0,124371.0,0.0,0.0,8.77,5e-05,1e-08,100.0,0.01,-0.04177343387183707,0.0,0.22138108418087624,-0.03780499388701358,0.0,0.2212384271307863,-0.009967952730932381,0.0,0.018654982896195046,-0.9502788966727225,0.0,3.433764498644374,1.5213370247345055,0.0,-3.6910275666705252,-0.3835501887187367,0.0,0.7228042835186661,0.5096261055721527,-2.2919828571626244,-1.8499703481360699,-0.20904268154924419,0.17770620845942653,0.15901959928725748,-0.11836,0.09684000000000001,0.08608,-0.00043925929885256943,0.0,8.104482104568411e-05,-0.0035291806859709214,0.0,6.161222904423858e-05
167,1.67030130000785,circle,3.9634633652789995,0.9845329712214654,4.241000162437558,10.13710000552237,124371.0,124371.0,0.0,0.0,8.77,5e-05,1e-08,100.0,0.01,-0.04177343387183707,0.0,0.22138108418087624,-0.03781113315566765,0.0,0.22128509000109434,-0.009967952730932381,0.0,0.018654982896195046,-0.9425299647353113,0.0,3.437541171551905,1.5144952769652906,0.0,-3.692659769384419,-0.38314491132342154,0.0,0.7279073328851646,0.5096261055721527,-2.2919828571626244,-1.8499703481360699,-0.20838090428661732,0.1786135075729368,0.15951115564855556,-0.11836,0.09684000000000001,0.08608,-0.00035368347626236335,0.0,-8.437655834265476e-05,-0.003608617239907061,0.0,0.0001803707381245545
168,1.68015390005894,circle,3.975388940293271,1.7392875244015649,4.382200073450804,9.852600051090121,124371.0,124371.0,0.0,0.0,8.77,5e-05,1e-08,100.0,0.01,-0.04176908440859224,0.0,0.22176210627308487,-0.037817171658996535,0.0,0.22133070988206038,-0.008494862690295518,0.0,0.016016122586799155,-0.9587779507190254,0.0,3.4415766992012755,1.5074809659491661,0.0,-3.686480737026307,-0.39362192293037324,0.0,0.7333478249620627,0.5096261055721527,-2.2904488763747386,-1.8484363673481845,-0.21073240700174917,0.17781208457357642,0.1610301947234847,-0.11567000000000001,0.09953000000000001,0.08877,-0.00036264439574645,0.0,0.0003194599513272585,-0.003589268353849257,0.0,0.0001119364396972326
169,1.6902677998878062,circle,4.145980547442012,2.485337816372532,4.2837997898459435,10.113899828866124,124371.0,124371.0,0.0,0.0,8.77,5e-05,1e-08,100.0,0.01,-0.0419550876691199,0.0,0.22172230677138005,-0.03782344408846091,0.0,0.22137781290762204,-0.008494862690295518,0.0,0.016016122586799155,-0.9320230910378707,0.0,3.4451775143415935,1.496420287166727,0.0,-3.688060865897181,-0.38692397365741965,0.0,0.7373887118390821,0.5096261055721527,-2.2919828571626244,-1.8469023865602987,-0.20852721769969046,0.17991797579030427,0.16079278263678148,-0.11567000000000001,0.09684000000000001,0.09146,-0.0005719048842136726,0.0,-8.170234727137974e-05,-0.003559738696445318,0.0,0.0004261962110293906
170,1.7002387999091297,circle,4.175624962767623,2.02181757557174,6.381999934092164,9.971000021323562,124371.0,124371.0,0.0,0.0,8.77,5e-05,1e-08,100.0,0.01,-0.04194969049482353,0.0,0.22210388456372612,-0.03782970148994196,0.0,0.22142452131086127,-0.007038071615736249,0.0,0.013368424234364148,-0.9439510929504111,0.0,3.449353135589422,1.4888312514723723,0.0,-3.6814322085616786,-0.3959389599408437,0.0,0.7428976469877067,0.5096261055721527,-2.2904488763747386,-1.845368405772413,-0.21054870936251804,0.17926646454355916,0.1622158052274496,-0.11567000000000001,0.09684000000000001,0.09146,-0.0003924394205316777,0.0,0.00034277694142125496,-0.003727549584349887,0.0,0.00033658631144360137
171,1.710390399908647,circle,4.230352374532573,2.2251145403092645,4.1056000627577305,10.151599999517202,124371.0,124371.0,0.0,0.0,8.77,5e-05,1e-08,100.0,0.01,-0.04204552178259413,0.0,0.22189312665512045,-0.03783614773763983,0.0,0.22147235193822498,-0.007058570233868201,0.0,0.013357612244033498,-0.9262781898124859,0.0,3.471592441892393,1.4792665021192652,0.0,-3.685930598670552,-0.39127142159716255,0.0,0.7513617329555358,0.5096261055721527,-2.2919828571626244,-1.845368405772413,-0.2082318524180163,0.1817701002357605,0.1626080553545299,-0.11567000000000001,0.09953000000000001,0.08877,-0.0004946541447466805,0.0,-0.00023264042055832373,-0.0037147199002076185,0.0,0.000653415137453796
172,1.7203085999935865,circle,4.327594823722402,2.0470501993878703,4.608399933204055,9.918200084939599,124371.0,124371.0,0.0,0.0,8.77,5e-05,1e-08,100.0,0.01,-0.04213569375535116,0.0,0.22206408506202122,-0.037842519781661095,0.0,0.22151935192557806,-0.007038071618232255,0.0,0.013368424236028152,-0.9078524332043109,0.0,3.4624610553284954,1.4695715478860996,0.0,-3.682969480395962,-0.38807566643515645,0.0,0.7531520906113434,0.5096261055721527,-2.2919828571626244,-1.8438344249845275,-0.20813421809693453,0.1821229881740823,0.16265698911184434,-0.11298000000000001,0.09953000000000001,0.08877,-0.0005014342132316808,0.0,0.0001531524519451119,-0.0037917397604583826,0.0,0.0003915806844980421
173,1.7302667999174446,circle,4.427352850707364,2.1750542707410596,4.3518999591469765,9.958199923858047,124371.0,124371.0,0.0,0.0,8.77,5e-05,1e-08,100.0,0.01,-0.04222560337520767,0.0,0.2222351815898008,-0.037848991534142784,0.0,0.221566808896375,-0.007017556437437194,0.0,0.013379204770028524,-0.8893373577794532,0.0,3.4459057084755114,1.4597794446969226,0.0,-3.6793251312084103,-0.3846734553080673,0.0,0.7533301596674261,0.5096261055721527,-2.2919828571626244,-1.8423004441966417,-0.2076294685633398,0.18252695909476863,0.16244059984399345,-0.11567000000000001,0.10222,0.08877,-0.0005065035798313263,0.0,0.00018850658270130167,-0.0038701082612335605,0.0,0.00047986611072448775
174,1.7400487998966128,circle,4.529734448090287,2.2390361125353597,3.5500999074429274,9.781999979168177,124371.0,124371.0,0.0,0.0,8.77,5e-05,1e-08,100.0,0.01,-0.04231525043059757,0.0,0.22240641583585238,-0.03785542138554196,0.0,0.22161368696726352,-0.006997024746395147,0.0,0.013389953821074555,-0.8707488055427294,0.0,3.428585012196023,1.4498831457964234,0.0,-3.675527509406875,-0.3811161831901777,0.0,0.7532154370428273,0.5096261055721527,-2.2919828571626244,-1.8407664634087564,-0.20711431317242276,0.18290138142349513,0.16218321832362737,-0.11567000000000001,0.10222,0.08877,-0.0005119363386152055,0.0,0.00019645128144070326,-0.003947892706440405,0.0,0.0005962775871481568
175,1.7501715999096632,circle,4.63378459320674,2.2922684196103345,4.329799907281995,10.122800013050437,124371.0,124371.0,0.0,0.0,8.77,5e-05,1e-08,100.0,0.01,-0.042404634710572764,0.0,0.2225777873972454,-0.03786215144366937,0.0,0.2216624702794426,-0.006976476590866222,0.0,0.01340067136254218,-0.8521213295039098,0.0,3.4113130091569994,1.4398827952761364,0.0,-3.6716539837363125,-0.37754176884943713,0.0,0.7532060758480039,0.5096261055721527,-2.2919828571626244,-1.8392324826208706,-0.2065895803479946,0.1832924263710905,0.16193736950953747,-0.11567000000000001,0.09953000000000001,0.08877,-0.0005173605964193962,0.0,0.00020039393090298804,-0.004025122670483999,0.0,0.0007149231868998061
176,1.7603797998744994,circle,4.73965244487257,2.3554411512972235,4.163699923083186,10.20819996483624,124371.0,124371.0,0.0,0.0,8.77,5e-05,1e-08,100.0,0.01,-0.04249375600480336,0.0,0.22274929587072595,-0.037869017205386095,0.0,0.22171194523793533,-0.006955912017442528,0.0,0.013411357374463355,-0.833435074638558,0.0,3.3940282886347055,1.429769371151248,0.0,-3.667668877103711,-0.37388370145018657,0.0,0.7531764509439778,0.5096261055721527,-2.2919828571626244,-1.8376985018329848,-0.2060512200817552,0.18368701447505653,0.16168518184699526,-0.11567000000000001,0.09953000000000001,0.08339,-0.0005232506153513786,0.0,0.00020618234457487705,-0.004101488184065886,0.0,0.0008311682882157408
177,1.7701858999207616,circle,4.722899999834145,1.458017110179888,4.28340001963079,9.806100046262145,124371.0,124371.0,0.0,0.0,8.77,5e-05,1e-08,100.0,0.01,-0.04249375600480336,0.0,0.22274929587072595,-0.03787568758200537,0.0,0.2217597361449946,-0.006955912017442528,0.0,0.013411357374463355,-0.8241311650962679,0.0,3.3955044623431765,1.4212574462434586,0.0,-3.66684501066868,-0.3724521416167037,0.0,0.7575340208749995,0.5096261055721527,-2.2919828571626244,-1.8376985018329848,-0.2053503624916262,0.184506592715919,0.16205201014374074,-0.11567000000000001,0.09953000000000001,0.08608,-0.0004404242383428984,0.0,4.262851835226515e-05,-0.004177644184455089,0.0,0.000946931207379072
178,1.780132899992168,circle,4.829944991801662,2.528506623857706,4.383099963888526,9.947000071406364,124371.0,124371.0,0.0,0.0,8.77,5e-05,1e-08,100.0,0.01,-0.04258261410357833,0.0,0.22292094085271796,-0.0378825293622161,0.0,0.2218084786970273,-0.006935331077708189,0.0,0.013422011825222003,-0.806958982189343,0.0,3.381169030227606,1.4108663476703567,0.0,-3.6625053566294064,-0.36924132075558774,0.0,0.7579865394948316,0.5096261055721527,-2.2919828571626244,-1.8361645210450994,-0.20508673682600093,0.1848128502556872,0.16191862292960935,-0.11298000000000001,0.10222,0.09415,-0.0005376942118650559,0.0,0.00022455824492459387,-0.004162390529497173,0.0,0.0008879039107660694
179,1.7901403999421746,circle,4.938613115440357,2.6932769746698444,4.549900069832802,10.007499950006604,124371.0,124371.0,0.0,0.0,8.77,5e-05,1e-08,100.0,0.01,-0.04267120879780603,0.0,0.22309272193932433,-0.037889489971889144,0.0,0.2218577868908819,-0.0069147338165913095,0.0,0.013432634694850077,-0.7879507156224479,0.0,3.363366370217853,1.4002389652510756,0.0,-3.657803082431582,-0.3652035804205335,0.0,0.7576198729794367,0.5096261055721527,-2.2919828571626244,-1.8346305402572136,-0.20450188988872073,0.18518778634016703,0.16160899433440828,-0.11298000000000001,0.09953000000000001,0.09415,-0.0005499577233280548,0.0,0.00024333856732283352,-0.004231761102588833,0.0,0.0009915964811196035
180,1.800293899839744,circle,5.04857400440997,2.7585048597957864,4.17540012858808,10.153499897569418,124371.0,124371.0,0.0,0.0,8.77,5e-05,1e-08,100.0,0.01,-0.04275953987901454,0.0,0.2232646387263275,-0.037896631721249914,0.0,0.22190809026528738,-0.006894120285676011,0.0,0.013443225956723516,-0.7687569862818945,0.0,3.345299057988759,1.3895070900936026,0.0,-3.652993467431182,-0.3610372568216083,0.0,0.7571978097575052,0.5096261055721527,-2.2919828571626244,-1.8330965594693278,-0.20389784603877156,0.18556441087305459,0.16128664058595416,-0.11298000000000001,0.1076,0.08877,-0.000555400673200375,0.0,0.0002489092884384286,-0.004307507484564252,0.0,0.0011076391726017071
181,1.810187199851498,circle,5.028761182163755,1.7132692294705743,4.299500025808811,9.893300011754036,124371.0,124371.0,0.0,0.0,8.77,5e-05,1e-08,100.0,0.01,-0.04275953987901454,0.0,0.2232646387263275,-0.037903667986756956,0.0,0.22195737165597818,-0.006894120285676011,0.0,0.013443225956723516,-0.758877281843204,0.0,3.346116277420047,1.3803801591374194,0.0,-3.651384688916541,-0.3591998032252848,0.0,0.7613512847624705,0.5096261055721527,-2.2919828571626244,-1.8330965594693278,-0.20313984368750015,0.18638282928017458,0.1616088631334206,-0.11298000000000001,0.1076,0.08877,-0.0004723697737127608,0.0,8.326329480999161e-05,-0.004383502118544824,0.0,0.0012240037755393467
182,1.8203141000121832,circle,5.139210462846008,2.9213173590497163,4.285000031813979,10.126900160685182,124371.0,124371.0,0.0,0.0,8.77,5e-05,1e-08,100.0,0.01,-0.04284760713935232,0.0,0.22343669080919065,-0.037910950086709035,0.0,0.22200808963111007,-0.006873490532386407,0.0,0.01345378558255425,-0.7412296158267759,0.0,3.33117328473314,1.3694080832472912,0.0,-3.6462810868775546,-0.35555732677880386,0.0,0.7615618321877237,0.5096261055721527,-2.2919828571626244,-1.8315625786814425,-0.20281473980635997,0.18668781212729904,0.1614269198900391,-0.11298000000000001,0.10222,0.09415,-0.0005678995051629759,0.0,0.00026415539789483174,-0.004368757547480307,0.0,0.0011644457801857479
183,1.8303369998466223,circle,5.251239493252617,3.0795355837083145,4.435000009834766,10.022899834439158,124371.0,124371.0,0.0,0.0,8.77,5e-05,1e-08,100.0,0.01,-0.04293541037158859,0.0,0.22360887778305866,-0.037918237218514526,0.0,0.2220585585360747,-0.00548227568464849,0.0,0.010771450841899389,-0.7421174278595104,0.0,3.352676840957158,1.3582329978262313,0.0,-3.6408530059464947,-0.35983878498663624,0.0,0.770268860197172,0.5096261055721527,-2.2919828571626244,-1.8300285978935567,-0.20296982996258411,0.18772357416593902,0.1626852970438733,-0.11298000000000001,0.10491,0.08877,-0.0005784392482491105,0.0,0.0002809656423100261,-0.00443873390482495,0.0,0.0012693536046739294
184,1.8401698998641223,circle,5.364964073472914,3.1164682319470907,3.5900999791920185,9.832900017499924,124371.0,124371.0,0.0,0.0,8.77,5e-05,1e-08,100.0,0.01,-0.0430229493691139,0.0,0.22378119924275894,-0.037925463787615854,0.0,0.222108333361681,-0.00546574604203259,0.0,0.010779847870316323,-0.7224113237658215,0.0,3.3338068754727552,1.3470004825962507,0.0,-3.635374736328519,-0.35515724645233293,0.0,0.7693778712485875,0.5096261055721527,-2.2919828571626244,-1.8284946171056708,-0.2023034301463749,0.18807181445645332,0.16228363740477406,-0.11029,0.10491,0.08877,-0.0005814428631540731,0.0,0.0002835785847237326,-0.00451604271834397,0.0,0.0013892872963541959
185,1.8501637999434024,circle,5.4794994524083505,3.1436531887452612,4.2819001246243715,9.993900079280138,124371.0,124371.0,0.0,0.0,8.77,5e-05,1e-08,100.0,0.01,-0.04311022392594045,0.0,0.22395365478280238,-0.0379328878322692,0.0,0.22215918961955392,-0.0054492035379975195,0.0,0.010788219533988563,-0.7027004683709334,0.0,3.3149943361887315,1.3357159975845236,0.0,-3.629880431149439,-0.3504211336235295,0.0,0.7685094369733412,0.5096261055721527,-2.2919828571626244,-1.8269606363177855,-0.20162550805637278,0.1884279720967778,0.16188242519746923,-0.11298000000000001,0.1076,0.09146,-0.0005841627499046107,0.0,0.0002844231189009648,-0.004593173343766638,0.0,0.0015100420443475006
186,1.8603354999795556,circle,5.594664102067039,3.1972155268514815,4.111999878659844,10.171700036153197,124371.0,124371.0,0.0,0.0,8.77,5e-05,1e-08,100.0,0.01,-0.04319723383670285,0.0,0.2241262439973845,-0.037940526328162506,0.0,0.2222112263513527,-0.006790810264767215,0.0,0.013495707264521073,-0.6628254368128379,0.0,3.2562059358822193,1.3243499650637245,0.0,-3.624311900372943,-0.33671254571138737,0.0,0.7580804922011762,0.5096261055721527,-2.2919828571626244,-1.8254266555298997,-0.20011920768234076,0.1881057483151965,0.15982766967431264,-0.11298000000000001,0.10222,0.08877,-0.0005884127927510696,0.0,0.00028827955046954734,-0.0046682947157892715,0.0,0.0016267380955622551
187,1.8704419999849051,circle,5.710943588977438,3.285476474114926,4.207799909636378,10.106500005349517,124371.0,124371.0,0.0,0.0,8.77,5e-05,1e-08,100.0,0.01,-0.04328397889665833,0.0,0.2242989664803862,-0.037948198601270744,0.0,0.22226320487454035,-0.0067701001284398,0.0,0.013506108355705456,-0.643130317688423,0.0,3.237369015839112,1.3128696330806118,0.0,-3.6185844195429193,-0.3317659530367958,0.0,0.7570818404488372,0.5096261055721527,-2.2919828571626244,-1.8238926747420143,-0.19941031605559592,0.18846092634554362,0.1594026890760869,-0.11029,0.11029,0.08608,-0.0005943575821121374,0.0,0.000296522057265754,-0.00474142271327545,0.0,0.0017392395485800888
188,1.8803248999174684,circle,5.828691056341759,3.3867436377654956,4.183799959719181,9.882899932563305,124371.0,124371.0,0.0,0.0,8.77,5e-05,1e-08,100.0,0.01,-0.043370458901687434,0.0,0.22447182182537478,-0.03795578130858251,0.0,0.2223142987100859,-0.006749374060106764,0.0,0.013516477662750786,-0.6233392230535847,0.0,3.218257173657849,1.3012661471351523,0.0,-3.6126666972229677,-0.32664849136450314,0.0,0.7558683452848057,0.5096261055721527,-2.2919828571626244,-1.8223586939541285,-0.19868374509876935,0.1887987483479469,0.15894496583311918,-0.11298000000000001,0.10222,0.08877,-0.0006007601048311599,0.0,0.0003063847793676911,-0.004813917488273766,0.0,0.001851138335921193
189,1.8900663999374956,circle,5.947662647194337,3.491350915752947,3.4934000577777624,9.74150002002716,124371.0,124371.0,0.0,0.0,8.77,5e-05,1e-08,100.0,0.01,-0.043456673648294336,0.0,0.22464480962560496,-0.03796333351655813,0.0,0.22236491814531753,-0.0067286321096882255,0.0,0.01352681516735302,-0.6034503533245181,0.0,3.1988857748981063,1.2895369270716868,0.0,-3.6065584167753655,-0.3213750121044837,0.0,0.7544769779320657,0.5096261055721527,-2.2919828571626244,-1.8208247131662427,-0.19793986185800413,0.189123415922881,0.15845953966648035,-0.11029,0.10222,0.08877,-0.000607295576407138,0.0,0.0003162641399181783,-0.0048860445553290666,0.0,0.0019636273403692488
190,1.9002342999447137,circle,6.066233500158033,3.582450859891439,6.33669993840158,10.167900007218122,124371.0,124371.0,0.0,0.0,8.77,5e-05,1e-08,100.0,0.01,-0.043542622933607375,0.0,0.22481792947401963,-0.03797129930907455,0.0,0.22241802490317478,-0.006707874327104302,0.0,0.013537120839560086,-0.5835147122678207,0.0,3.1795921377057152,1.2776876669228268,0.0,-3.600311069225434,-0.31606944313427265,0.0,0.7532124421207864,0.5096261055721527,-2.2919828571626244,-1.8192907323783574,-0.19718219222061828,0.18946921006834416,0.15798778224254556,-0.11029,0.09953000000000001,0.08877,-0.0006135356055490416,0.0,0.00032347759387251363,-0.004957788018983783,0.0,0.0020764269769723382
191,1.9104845998808742,circle,6.38475759516431,6.180717697529948,4.065999994054437,10.250299936160445,124371.0,124371.0,0.0,0.0,8.77,5e-05,1e-08,100.0,0.01,-0.0438821012985927,0.0,0.22490565353483136,-0.03797941592671493,0.0,0.2224718427472744,-0.008049449191526762,0.0,0.016244545007472105,-0.5152981615498888,0.0,3.1296046103970174,1.2607626300827035,0.0,-3.5955055795039677,-0.289426179792819,0.0,0.7431383360537372,0.5080921247842671,-2.2919828571626244,-1.8177567515904716,-0.1919470074825166,0.19063946513110364,0.15521369221956272,-0.11029,0.1076,0.08877,-0.0008763849785093404,0.0,0.0002488301234470757,-0.005026300393368429,0.0,0.002184980664109869
192,1.9200824999716133,circle,6.306729312275214,2.4691713663816373,3.4777000546455383,9.597900090739131,124371.0,124371.0,0.0,0.0,8.77,5e-05,1e-08,100.0,0.01,-0.043713724311989235,0.0,0.2251645636856221,-0.03798709487597862,0.0,0.22252249065087681,-0.007999573748160904,0.0,0.01626916392031262,-0.518600525663974,0.0,3.101661010063618,1.253583352862568,0.0,-3.587013668605745,-0.2938269395840508,0.0,0.7404310954570921,0.5096261055721527,-2.2919828571626244,-1.8162227708025858,-0.1947016156205605,0.18942051297600007,0.15521790612286446,-0.10491,0.10491,0.08339,-0.00037175946825703486,0.0,0.00043973065577619175,-0.005354869967753579,0.0,0.002202342378969093
193,1.9301668000407517,circle,6.427390985842634,3.906026538517998,4.342400003224611,10.084300069138408,124371.0,124371.0,0.0,0.0,8.77,5e-05,1e-08,100.0,0.01,-0.04379887600243994,0.0,0.225338077233146,-0.03799524563253523,0.0,0.22257597125863834,-0.007974607761707232,0.0,0.016281415966600515,-0.5033867114709704,0.0,3.0799504641431397,1.2415560133185402,0.0,-3.579876403300831,-0.29004464224083787,0.0,0.7384511243875206,0.5096261055721527,-2.2919828571626244,-1.8146887900147004,-0.19395555234507578,0.1897220072791787,0.1547079365870571,-0.1076,0.11029,0.08877,-0.0006228252052741367,0.0,0.0003695970095760966,-0.0051808051646305715,0.0,0.0023925089649315594
194,1.9403105999808758,circle,6.396833940341629,2.6876078089176993,4.129600012674928,10.143799940124154,124371.0,124371.0,0.0,0.0,8.77,5e-05,1e-08,100.0,0.01,-0.04379887600243994,0.0,0.225338077233146,-0.03800353036205929,0.0,0.22263004226866942,-0.007974607761707232,0.0,0.016281415966600515,-0.4923566302092492,0.0,3.0789713076368455,1.2306299039370572,0.0,-3.575978311372125,-0.28698211988870753,0.0,0.7418018624819028,0.5096261055721527,-2.2919828571626244,-1.8146887900147004,-0.1929853156071723,0.1905394872742574,0.15487063508665794,-0.11029,0.1076,0.08608,-0.0005658179989790312,0.0,0.00020186605294971382,-0.0052295276414016136,0.0,0.002506168911526866
195,1.9501805999316275,circle,6.517939088697226,4.423408239621731,4.2662001214921474,9.869999950751662,124371.0,124371.0,0.0,0.0,8.77,5e-05,1e-08,100.0,0.01,-0.04388376142636165,0.0,0.22551172119752885,-0.0380116745693095,0.0,0.2226829182868964,-0.007949623010281251,0.0,0.016293629700196342,-0.47342362367227264,0.0,3.0617701974368448,1.2178369353166787,0.0,-3.568374611707485,-0.28162453247115,0.0,0.7406091828386597,0.5096261055721527,-2.2919828571626244,-1.8131548092268146,-0.1924827331208943,0.19075674907806395,0.1544572286665743,-0.1076,0.10491,0.08339,-0.0006625161960307074,0.0,0.0003937767946645995,-0.005209570661021443,0.0,0.00243502611596785
196,1.9602924999780953,circle,6.638786894615469,4.69760377151547,5.9732000809162855,10.111900046467781,124371.0,124371.0,0.0,0.0,8.77,5e-05,1e-08,100.0,0.01,-0.04396838038401071,0.0,0.22568549517016961,-0.038020103808428615,0.0,0.22273736063923325,-0.007924619551790297,0.0,0.016305805095141637,-0.45268710705076026,0.0,3.0410266244652164,1.2047892252021715,0.0,-3.5603155985125254,-0.27536646116048336,0.0,0.7385557693805148,0.5096261055721527,-2.2919828571626244,-1.8116208284389288,-0.19160177469832765,0.1910646469340141,0.15385118798985606,-0.10491,0.10222,0.08608,-0.000675729358446649,0.0,0.0004173691604236686,-0.005272547217135449,0.0,0.0025307653705127007
197,1.97019899985753,circle,6.7710958335214615,5.572641222709176,4.399700090289116,9.906499879434705,124371.0,124371.0,0.0,0.0,8.77,5e-05,1e-08,100.0,0.01,-0.04395081484412444,0.0,0.22607323100599686,-0.038028446091226346,0.0,0.22279096240921384,-0.006562130626027689,0.0,0.01360836728939629,-0.4628100380840336,0.0,3.036377757279663,1.1936089937842538,0.0,-3.5479064897124717,-0.28331156036770777,0.0,0.7415578482455941,0.5096261055721527,-2.2904488763747386,-1.8100868476510434,-0.1933040684163896,0.19029835236746553,0.1548865284881963,-0.1076,0.10491,0.08608,-0.0005790312558735574,0.0,0.00064267559267615,-0.005343337497024538,0.0,0.0026395930041068667
198,1.9802826000377536,circle,6.728341674037216,3.7134389875296994,4.1767000220716,10.083600180223584,124371.0,124371.0,0.0,0.0,8.77,5e-05,1e-08,100.0,0.01,-0.04405273267627055,0.0,0.22585939874216127,-0.03803702358813921,0.0,0.22284579195799717,-0.00658299787178209,0.0,0.013598285099572938,-0.44111532652838537,0.0,3.0539315600183685,1.1799966213517112,0.0,-3.547132561139884,-0.27520697296185925,0.0,0.7485005147782823,0.5096261055721527,-2.2919828571626244,-1.8100868476510434,-0.19048290726583303,0.1928219854165224,0.15493385038257057,-0.10491,0.1076,0.08608,-0.0007050131070565329,0.0,4.008337196943551e-05,-0.005310695981074811,0.0,0.0029735234121946613
199,1.9901699998881668,circle,6.861176382209407,5.709880277199922,4.964299965649843,9.887399850413203,124371.0,124371.0,0.0,0.0,8.77,5e-05,1e-08,100.0,0.01,-0.04403463321076656,0.0,0.22624739254875073,-0.03804551892765948,0.0,0.2228998185836723,-0.005232998351984662,0.0,0.010894733965702423,-0.4505645001094588,0.0,3.0566770697677117,1.1685175368390068,0.0,-3.5347207465623924,-0.2831484869423001,0.0,0.7532772417067283,0.5096261055721527,-2.2904488763747386,-1.8085528668631576,-0.19249818700430782,0.1920801344892544,0.15624140926252966,-0.10491,0.11298000000000001,0.08070000000000001,-0.0005945415755807485,0.0,0.0006428508986540513,-0.005394572707526335,0.0,0.002704723066424375
200,2.0003563000354916,circle,6.816774818852045,3.862094406102985,4.204700002446771,10.1863001473248,124371.0,124371.0,0.0,0.0,8.77,5e-05,1e-08,100.0,0.01,-0.04413681810465209,0.0,0.226033431504292,-0.03805435926830034,0.0,0.22295575162571107,-0.005249704500822151,0.0,0.010886693831517032,-0.4286339739339399,0.0,3.07433541156447,1.1546685880566496,0.0,-3.5334864240550625,-0.2748542315175641,0.0,0.7603121369267568,0.5096261055721527,-2.2919828571626244,-1.8085528668631576,-0.189774407095804,0.19455798175186306,0.1563133901385732,-0.10491,0.10491,0.08608,-0.0007173033717031299,0.0,6.393147308081512e-05,-0.005365155464648614,0.0,0.003013748405500115
201,2.010178399970755,circle,6.938430003101053,5.238973127369443,4.326199879869819,9.822099935263395,124371.0,124371.0,0.0,0.0,8.77,5e-05,1e-08,100.0,0.01,-0.04422063647129419,0.0,0.22620759304704582,-0.03806296869993784,0.0,0.2230099472684249,-0.005232998351984662,0.0,0.010894733964371218,-0.4068259767600999,0.0,3.059947165618596,1.141011329329468,0.0,-3.524785684125421,-0.2680165280038618,0.0,0.7594970423030336,0.5096261055721527,-2.2919828571626244,-1.8070188860752723,-0.18908945976349786,0.19488446549095167,0.1558837348827723,-0.1076,0.1076,0.09146,-0.00070739207301694,0.0,0.0004506639713400761,-0.005450275698339412,0.0,0.0027469818072808406
202,2.020340000046417,circle,7.0593047813396455,5.423984208495749,4.175299778580666,10.161600075662136,124371.0,124371.0,0.0,0.0,8.77,5e-05,1e-08,100.0,0.01,-0.044304187578964135,0.0,0.2263818829606039,-0.03807196415037356,0.0,0.22306628721745736,-0.005216279888852495,0.0,0.010902748462246474,-0.3852852444558529,0.0,3.038320803742916,1.1273635807650215,0.0,-3.515554756597747,-0.26102154076331624,0.0,0.7569890778263507,0.5096261055721527,-2.2919828571626244,-1.8054849052873865,-0.18810427871895502,0.19518482595356082,0.1551918569260547,-0.10491,0.11029,0.09146,-0.0007069159456087343,0.0,0.00047813672938484516,-0.00552530748298184,0.0,0.0028374590137617037
203,2.030050399946049,circle,7.026369556382459,3.6071258910598942,4.535299958661199,9.710399899631739,124371.0,124371.0,0.0,0.0,8.77,5e-05,1e-08,100.0,0.01,-0.044304187578964135,0.0,0.2263818829606039,-0.03808064461937633,0.0,0.22312038297240472,-0.005216279888852495,0.0,0.010902748462246474,-0.37267842603589074,0.0,3.035241115525569,1.1152984989791521,0.0,-3.50964182469263,-0.25674416538005307,0.0,0.7594701352656928,0.5096261055721527,-2.2919828571626244,-1.8054849052873865,-0.18706723083396493,0.195915951223325,0.15520965155839045,-0.10222,0.11029,0.08339,-0.0006249520463012517,0.0,0.0003062804678266493,-0.005598590913286552,0.0,0.002955219520372541
204,2.040227900026366,circle,7.146857183114566,5.476081786399246,5.267899949103594,10.177500080317259,124371.0,124371.0,0.0,0.0,8.77,5e-05,1e-08,100.0,0.01,-0.044387471231058115,0.0,0.2265563008348452,-0.03808983164518687,0.0,0.22317735081415777,-0.003899661863521308,0.0,0.008183052978881061,-0.37208353520307885,0.0,3.0569612135435293,1.101574192190873,0.0,-3.500384511594729,-0.260055839256597,0.0,0.768254712207712,0.5096261055721527,-2.2919828571626244,-1.8039509244995007,-0.18722471974899063,0.19694245757203907,0.15646559516870315,-0.10491,0.11029,0.08339,-0.0007109123632600333,0.0,0.0004795242800523271,-0.005586727222611215,0.0,0.0028994257406351163
205,2.050315799890086,circle,7.112074538851908,3.718956072176562,4.468800034373999,10.08789986371994,124371.0,124371.0,0.0,0.0,8.77,5e-05,1e-08,100.0,0.01,-0.044387471231058115,0.0,0.2265563008348452,-0.038099028112230454,0.0,0.22323408961527252,-0.003899661863521308,0.0,0.008183052978881061,-0.35946126418754665,0.0,3.0541537717996126,1.0893415963567683,0.0,-3.4943451585660585,-0.2557581312211202,0.0,0.7709453048764504,0.5096261055721527,-2.2919828571626244,-1.8039509244995007,-0.18621739785004618,0.19768040868193848,0.15651491746949303,-0.10222,0.10491,0.08877,-0.0006336553225003653,0.0,0.00031284187289229133,-0.005654787796327295,0.0,0.0030093693466803936
206,2.0601675000507385,circle,7.248439420225706,6.511598580343689,4.512500017881393,9.851700160652399,124371.0,124371.0,0.0,0.0,8.77,5e-05,1e-08,100.0,0.01,-0.044367232124722336,0.0,0.22694531832509368,-0.038108096456481236,0.0,0.22328976163489805,-0.0038745382582890476,0.0,0.00819497846073703,-0.35091923028503363,0.0,3.0113788368683223,1.0774636407570357,0.0,-3.4807523059076337,-0.25442860715121607,0.0,0.763754575032569,0.5096261055721527,-2.2904488763747386,-1.8024169437116153,-0.18710780656544837,0.1961577868291101,0.1558307165570338,-0.10222,0.10491,0.08877,-0.0006152966817935474,0.0,0.0007041310321976289,-0.005643838986447553,0.0,0.0029514256579979982
207,2.0701880999840796,circle,7.198219500134035,4.231568983455982,4.485700046643615,10.020599933341146,124371.0,124371.0,0.0,0.0,8.77,5e-05,1e-08,100.0,0.01,-0.0444704872316016,0.0,0.22673084625934756,-0.03811740909033402,0.0,0.2233466532827196,-0.0038871046340871766,0.0,0.008189025354890998,-0.32858676963293787,0.0,3.0279827674227744,1.0630444427091648,0.0,-3.4787943194133133,-0.24542032545112594,0.0,0.7704385050908612,0.5096261055721527,-2.2919828571626244,-1.8024169437116153,-0.18441776127698653,0.19856340092088293,0.15585046391840013,-0.10491,0.10491,0.08877,-0.0007469508393256608,0.0,0.00010142864051560776,-0.005606127301941918,0.0,0.0032827643361123455
208,2.0803602000232786,circle,7.317989364381618,5.714403572192937,4.1462997905910015,10.172100039198995,124371.0,124371.0,0.0,0.0,8.77,5e-05,1e-08,100.0,0.01,-0.044553235385249995,0.0,0.22690551882338883,-0.038126954570726033,0.0,0.22340467846283485,-0.0038745382582890476,0.0,0.008194978461735433,-0.30637418140592015,0.0,3.013273491868501,1.0488971497033295,0.0,-3.4695319414303656,-0.23794005967575646,0.0,0.769371979623825,0.5096261055721527,-2.2919828571626244,-1.8008829629237295,-0.18353782968344864,0.1989582145538572,0.15535098156193694,-0.10491,0.11029,0.08608,-0.0007328784257842717,0.0,0.0004798230299154498,-0.00569340238873969,0.0,0.003021017330638531
209,2.0903427999000996,circle,7.2966003316970705,4.42006486834096,4.050899995490909,9.982599876821041,124371.0,124371.0,0.0,0.0,8.77,5e-05,1e-08,100.0,0.01,-0.044449712236761196,0.0,0.22712011761765236,-0.038136412816225124,0.0,0.22346189033832967,-0.003861962764581388,0.0,0.008200912284438332,-0.30495776965043725,0.0,2.9867643432447863,1.0384011093879584,0.0,-3.458996431988113,-0.23855600101823435,0.0,0.7667470303684255,0.5096261055721527,-2.2904488763747386,-1.8008829629237295,-0.18417981488552515,0.19790753572114073,0.15527079079857975,-0.09953000000000001,0.11298000000000001,0.08339,-0.0005437401599138747,0.0,0.0005457848309247957,-0.005769559260622198,0.0,0.0031124424483978943
210,2.100160700036213,circle,7.247596187497873,4.33340840972123,4.5264000073075294,9.817900136113167,124371.0,124371.0,0.0,0.0,8.77,5e-05,1e-08,100.0,0.01,-0.044553235385249995,0.0,0.22690551882338883,-0.03814580295355996,0.0,0.22351841679800483,-0.0038745382582890476,0.0,0.008194978461735433,-0.28398567692079824,0.0,3.006395060822159,1.0238348712738432,0.0,-3.456841093376879,-0.23000090381245056,0.0,0.7741753612317467,0.5096261055721527,-2.2919828571626244,-1.8008829629237295,-0.18166178334943595,0.20031231219443335,0.15542269623307772,-0.10222,0.11029,0.08339,-0.0007546061280448288,0.0,0.00011165763674237175,-0.005652826303645207,0.0,0.0032754443886416316
211,2.1104617998935282,circle,7.365879940810588,5.997383103900992,4.458700073882937,10.301099857315421,124371.0,124371.0,0.0,0.0,8.77,5e-05,1e-08,100.0,0.01,-0.044635715497288855,0.0,0.2270803181159475,-0.03815574942833953,0.0,0.22357800073345613,-0.003861962765080589,0.0,0.008200912285436734,-0.26170236282940923,0.0,2.991648638476441,1.0094481012930894,0.0,-3.4471928423642497,-0.22227767881130608,0.0,0.7730159643297025,0.5096261055721527,-2.2919828571626244,-1.7993489821358437,-0.180742312380003,0.20071485773322395,0.1549034814177183,-0.09953000000000001,0.11567000000000001,0.08608,-0.0007453202318877866,0.0,0.0004998367730674963,-0.0057346458370615356,0.0,0.0030024806094238804
212,2.1203864000272006,circle,7.343249260754211,4.68322195252766,4.348999820649624,9.924600133672357,124371.0,124371.0,0.0,0.0,8.77,5e-05,1e-08,100.0,0.01,-0.04453192411310687,0.0,0.22729504322740887,-0.03816542401713348,0.0,0.22363567357765524,-0.0038493781849130737,0.0,0.008206826810020464,-0.26010074816511075,0.0,2.9647892599021857,0.9987166535851983,0.0,-3.436277470214078,-0.2226863404460897,0.0,0.7701374955318964,0.5096261055721527,-2.2904488763747386,-1.7993489821358437,-0.18136150995658912,0.1996450085921456,0.15478571163876992,-0.09953000000000001,0.11298000000000001,0.08608,-0.0005559609795088571,0.0,0.0005654894994131139,-0.005810539116464536,0.0,0.0030938801503405215
213,2.130220100050792,circle,7.4648247258582785,6.145809352935286,4.234799882397056,9.833700023591518,124371.0,124371.0,0.0,0.0,8.77,5e-05,1e-08,100.0,0.01,-0.04461386756030683,0.0,0.22747009474274632,-0.03817509911962878,0.0,0.2236930761890305,-0.003836784546740169,0.0,0.008212722024504196,-0.2416787531152526,0.0,2.9410050006799136,0.9843451741570165,0.0,-3.426230738429836,-0.2161736676746545,0.0,0.7665066433620056,0.5096261055721527,-2.2904488763747386,-1.7978150013479584,-0.18050644155483989,0.19976961811490693,0.15400379390539864,-0.10222,0.11029,0.08339,-0.0007445494990560497,0.0,0.0005204954127714556,-0.005694218941621997,0.0,0.0032565231409443607
214,2.1401839000172913,circle,7.586086600861786,6.20707410617505,4.5825999695807695,9.96379996649921,124371.0,124371.0,0.0,0.0,8.77,5e-05,1e-08,100.0,0.01,-0.044695542385540285,0.0,0.22764527175175162,-0.0381849931170663,0.0,0.22375150004060218,-0.0038241818780179403,0.0,0.008218597913911895,-0.2196718331587543,0.0,2.9181908515681276,0.9697522714316925,0.0,-3.416352474872961,-0.20799701662054976,0.0,0.7629696510258988,0.5096261055721527,-2.2904488763747386,-1.7962810205600725,-0.17936472268002315,0.20002223695388738,0.15314539791730714,-0.10222,0.11029,0.08608,-0.0007560310151744146,0.0,0.0005117743718050342,-0.005754518253299569,0.0,0.003381997339344401
215,2.150326499948278,circle,7.531252073941634,4.593590033524545,6.493000080808997,10.142599930986762,124371.0,124371.0,0.0,0.0,8.77,5e-05,1e-08,100.0,0.01,-0.04479987082083449,0.0,0.22743029524104147,-0.03819515905772841,0.0,0.22381124283363724,-0.003836784546240968,0.0,0.008212722024504196,-0.19460386859802284,0.0,2.9388797754073765,0.9547568843821037,0.0,-3.4141288458334995,-0.1973005035108653,0.0,0.7706038258143658,0.5096261055721527,-2.2919828571626244,-1.7962810205600725,-0.17647509923777593,0.20260101972756364,0.15320838129321337,-0.09684000000000001,0.11298000000000001,0.08608,-0.0007768929303668508,0.0,0.00011520354058237696,-0.005827818832739227,0.0,0.003503848866821856
216,2.160470800008625,circle,7.649503200144043,6.16257264039892,4.421300021931529,10.144300060346723,124371.0,124371.0,0.0,0.0,8.77,5e-05,1e-08,100.0,0.01,-0.044881545646067944,0.0,0.2276054722500468,-0.038205422397779694,0.0,0.22387126850859412,-0.0038241818785171417,0.0,0.008218597913911895,-0.1720162061635469,0.0,2.9240692439385034,0.940241490324368,0.0,-3.4042498655233793,-0.1889955121628667,0.0,0.7690938724624548,0.5096261055721527,-2.2919828571626244,-1.7947470397721867,-0.17546898259539614,0.20300350216167523,0.15262642350576158,-0.09953000000000001,0.11029,0.08339,-0.0007520342752702393,0.0,0.000511824327219754,-0.005924088973018011,0.0,0.0032223794142329145
217,2.1705120999831706,circle,7.61156387630571,4.293902101650978,6.563600152730942,10.041299974545836,124371.0,124371.0,0.0,0.0,8.77,5e-05,1e-08,100.0,0.01,-0.044881545646067944,0.0,0.2276054722500468,-0.038215676210233515,0.0,0.22393095332813465,-0.0038241818785171417,0.0,0.008218597913911895,-0.15872388793972125,0.0,2.920962070621461,0.9273523900526806,0.0,-3.3972731761460073,-0.18365433760835384,0.0,0.7713506527173191,0.5096261055721527,-2.2919828571626244,-1.7947470397721867,-0.17430511948573366,0.20375664209802957,0.1525762167357368,-0.09953000000000001,0.1076,0.08339,-0.0006677847283590999,0.0,0.0003614625165845129,-0.005998084707475329,0.0,0.0033130564053276326
218,2.1802115999162197,circle,7.589549895822966,4.8650232125702715,5.049300147220492,9.699499933049083,124371.0,124371.0,0.0,0.0,8.77,5e-05,1e-08,100.0,0.01,-0.04477694839661846,0.0,0.22782057384221635,-0.03822567083230861,0.0,0.22398886013989505,-0.003811570212692068,0.0,0.008224454463267526,-0.15874498932395673,0.0,2.896754580219728,0.9164554475093734,0.0,-3.3861096342979926,-0.18463209834738054,0.0,0.7688418674682351,0.5096261055721527,-2.2904488763747386,-1.7947470397721867,-0.1751301372959754,0.20263315247307667,0.15255982840051005,-0.09415,0.11567000000000001,0.08339,-0.000564577270489741,0.0,0.0005783899438307244,-0.005986700293820109,0.0,0.0032533237584905744
219,2.1902063998859376,circle,7.550466051044312,4.429421204879092,5.072500091046095,9.99479996971786,124371.0,124371.0,0.0,0.0,8.77,5e-05,1e-08,100.0,0.01,-0.04477694839661846,0.0,0.22782057384221635,-0.038236062509563296,0.0,0.22404879052387802,-0.003811570212692068,0.0,0.008224454463267526,-0.14908706118573,0.0,2.8923886591599084,0.9033574355794945,0.0,-3.3790375226544422,-0.18084026495263114,0.0,0.7708385519719824,0.5096261055721527,-2.2904488763747386,-1.7947470397721867,-0.17424089783525423,0.20324487637503413,0.1525631060400126,-0.09953000000000001,0.11298000000000001,0.08070000000000001,-0.0006786232595983373,0.0,0.00036641434451906065,-0.005862262627456824,0.0,0.003405368973819268
220,2.2001418999861926,circle,7.6697401351054175,6.588332021373137,3.627300029620528,9.935500100255013,124371.0,124371.0,0.0,0.0,8.77,5e-05,1e-08,100.0,0.01,-0.04485808540198512,0.0,0.2279960006016377,-0.03824648626744378,0.0,0.224108627372299,-0.0025326330518129435,0.0,0.005486861106394572,-0.14727717961278372,0.0,2.913413474244466,0.888435038991175,0.0,-3.36869909724175,-0.1833020532056313,0.0,0.7794044131920169,0.5096261055721527,-2.2904488763747386,-1.7932130589843014,-0.1742081538734115,0.2043371850996367,0.15375377147887895,-0.09684000000000001,0.11298000000000001,0.08339,-0.0007731546275844946,0.0,0.0005356513213176954,-0.0058384445069568445,0.0,0.003351721908020991
221,2.210185599979013,circle,7.629926188099023,4.554163479209176,4.4605000875890255,10.04369999282062,124371.0,124371.0,0.0,0.0,8.77,5e-05,1e-08,100.0,0.01,-0.04485808540198512,0.0,0.2279960006016377,-0.03825711895142153,0.0,0.22416938126410577,-0.0025326330518129435,0.0,0.005486861106394572,-0.13362139718682944,0.0,2.909964408416733,0.8750553555727951,0.0,-3.3617142886891376,-0.1776283496739126,0.0,0.7815020831286162,0.5096261055721527,-2.2904488763747386,-1.7932130589843014,-0.17304113796002935,0.20506836445320278,0.15367804761419226,-0.09684000000000001,0.11567000000000001,0.08070000000000001,-0.0006932307889559574,0.0,0.00036189827458713844,-0.005907735661607629,0.0,0.003464721062944784
222,2.220163800055161,circle,7.578478145747112,4.857266131363513,4.340799991041422,9.978200076147914,124371.0,124371.0,0.0,0.0,8.77,5e-05,1e-08,100.0,0.01,-0.04496295165714609,0.0,0.22778077434051144,-0.038267777701990205,0.0,0.2242300030558792,-0.0025410468084613785,0.0,0.005482969642178351,-0.10982541512101893,0.0,2.933637925219591,0.8597048851027023,0.0,-3.35900810232087,-0.16709299746348216,0.0,0.7900146713721607,0.5096261055721527,-2.2919828571626244,-1.7932130589843014,-0.17031101249033115,0.20766312693915204,0.15388073398618785,-0.09415,0.11029,0.08877,-0.0007953489832595983,0.0,0.00014021476284430687,-0.005899824971896285,0.0,0.0034105565217879357
223,2.2303090000059456,circle,7.539975433414636,4.527018918325482,4.358799895271659,10.145199950784445,124371.0,124371.0,0.0,0.0,8.77,5e-05,1e-08,100.0,0.01,-0.04496295165714609,0.0,0.22778077434051144,-0.038278712768748384,0.0,0.2242919091927409,-0.0012705234042306893,0.0,0.0027414848210891756,-0.11464225388766357,0.0,2.9786579874528347,0.8463910055973329,0.0,-3.351995401342381,-0.17190726120331926,0.0,0.8059275245041206,0.5096261055721527,-2.2919828571626244,-1.7932130589843014,-0.17022563314856914,0.20943196855442667,0.15604990362385873,-0.09415,0.11567000000000001,0.08877,-0.0006898338714611991,0.0,0.00036335004109356965,-0.0059944050169365055,0.0,0.003125515106676984
224,2.2402145999949425,circle,7.655749187197372,6.678068659729583,4.351699957624078,9.905599988996983,124371.0,124371.0,0.0,0.0,8.77,5e-05,1e-08,100.0,0.01,-0.04504408866251278,0.0,0.22795620109993286,-0.03828948526624486,0.0,0.22435261558320108,-0.001266316526072872,0.0,0.002743430553530087,-0.09372822394857849,0.0,2.9591583309137137,0.8316121264452522,0.0,-3.34124319618888,-0.16373088436026487,0.0,0.8029142050052576,0.5096261055721527,-2.2919828571626244,-1.7916790781964156,-0.1690879840686533,0.2097457690118118,0.15527173216435705,-0.09415,0.11836,0.08339,-0.000765746588204305,0.0,0.000557110206209843,-0.005988856808063614,0.0,0.0030464753105219457
225,2.2502339999191463,circle,7.464704832209749,3.0058435799034995,4.293800098821521,10.019399924203753,124371.0,124371.0,0.0,0.0,8.77,5e-05,1e-08,100.0,0.01,-0.04496295165714609,0.0,0.22778077434051144,-0.03830047811903217,0.0,0.22441428290491452,-0.0012705234042306893,0.0,0.0027414848210891756,-0.08913923934265609,0.0,2.974763226935506,0.8199689772107845,0.0,-3.337398512270329,-0.16115754933036985,0.0,0.8110531452754415,0.5096261055721527,-2.2919828571626244,-1.7932130589843014,-0.1680787999493041,0.21090935632947633,0.1560582421552675,-0.09146,0.11836,0.08070000000000001,-0.0006032780878346654,0.0,0.00019920843716801162,-0.006059195450279251,0.0,0.0031672829984289073
226,2.2601584000512958,circle,7.5790928119914485,6.527729273162642,4.395599942654371,9.924400132149458,124371.0,124371.0,0.0,0.0,8.77,5e-05,1e-08,100.0,0.01,-0.04504408866251278,0.0,0.22795620109993286,-0.03831146292475831,0.0,0.2244756266461815,-0.001266316526072872,0.0,0.002743430553530087,-0.06992038394320424,0.0,2.958502018206373,0.8052094086465696,0.0,-3.32697497360534,-0.1537946328993291,0.0,0.8089154346905488,0.5096261055721527,-2.2919828571626244,-1.7916790781964156,-0.1670718262158272,0.21126851460436682,0.15543359138394605,-0.09146,0.11836,0.08339,-0.0007647581375317663,0.0,0.0005400893651630653,-0.005967867600222701,0.0,0.002940485088588291
227,2.2703634998761117,circle,7.540050258723679,4.55776657489971,4.74689994007349,10.205099824815989,124371.0,124371.0,0.0,0.0,8.77,5e-05,1e-08,100.0,0.01,-0.04504408866251278,0.0,0.22795620109993286,-0.03832285867826059,0.0,0.22453897628981745,-0.001266316526072872,0.0,0.002743430553530087,-0.056515480196812413,0.0,2.9552559283151636,0.7918948165723678,0.0,-3.319855819205812,-0.14792728455129983,0.0,0.8111319540481735,0.5096261055721527,-2.2919828571626244,-1.7916790781964156,-0.16591112791718782,0.2120055258190336,0.1553692637729211,-0.09146,0.11567000000000001,0.08608,-0.0006898926456399279,0.0,0.00036887741179284905,-0.006031337338612261,0.0,0.0030483473983225666
228,2.280138999922201,circle,7.6642458672307106,7.454637686192866,3.4264998976141214,9.775500046089292,124371.0,124371.0,0.0,0.0,8.77,5e-05,1e-08,100.0,0.01,-0.04501955163252458,0.0,0.22834722647587358,-0.038333870441654795,0.0,0.2245999165437472,-0.0012578938402129521,0.0,0.002747302646743767,-0.047339717832262804,0.0,2.9118756142440696,0.7791107996224281,0.0,-3.305384679615499,-0.145279399648244,0.0,0.8022205686732118,0.5096261055721527,-2.2904488763747386,-1.7901450974085302,-0.16645934768808127,0.21046435532773017,0.15442316600201822,-0.09415,0.11836,0.08608,-0.0006624056831796461,0.0,0.0007498241862667946,-0.006023275507690138,0.0,0.0029974857458595857
229,2.2902897000312805,circle,7.615205901785803,4.834392298042166,4.38880012370646,10.15070010907948,124371.0,124371.0,0.0,0.0,8.77,5e-05,1e-08,100.0,0.01,-0.04512495647124473,0.0,0.22813175211551473,-0.03834540441541676,0.0,0.22466346221285202,-0.0012621066681832186,0.0,0.0027453698299685536,-0.02424348750421543,0.0,2.928384861518118,0.7637637698825726,0.0,-3.302883012960879,-0.13427829599195745,0.0,0.8089714012268981,0.5096261055721527,-2.2919828571626244,-1.7901450974085302,-0.1637044832567886,0.21286862826676595,0.15438987103180407,-0.09415,0.11567000000000001,0.08608,-0.0007952139156707358,0.0,0.0001296250916199863,-0.005984338140157233,0.0,0.0033386648110427216
230,2.3001226999331266,circle,7.729097986676143,6.318656248613837,4.3789001647382975,9.832999901846051,124371.0,124371.0,0.0,0.0,8.77,5e-05,1e-08,100.0,0.01,-0.04520555489305224,0.0,0.22830742697416873,-0.03835667452470169,0.0,0.22472527770485237,-0.0012578938402129521,0.0,0.002747302646743767,-0.0014120406635698098,0.0,2.9134892619002577,0.7488465958360103,0.0,-3.2932135679734094,-0.12491697488370088,0.0,0.8068233069875675,0.5096261055721527,-2.2919828571626244,-1.7886111166206444,-0.16235426594820346,0.21337039346537928,0.15366518982164679,-0.08608,0.11836,0.08608,-0.0007729457020841657,0.0,0.0005010302837035303,-0.0060759346662663805,0.0,0.0030811189856128234
231,2.310257500037551,circle,7.842009251995052,6.360740853723405,4.165000049397349,10.134800104424357,124371.0,124371.0,0.0,0.0,8.77,5e-05,1e-08,100.0,0.01,-0.045285883738279395,0.0,0.22848322526251488,-0.03836839099851966,0.0,0.22478925675916414,-0.002507356104957793,0.0,0.00549845799706183,0.039522756162886905,0.0,2.850832990303043,0.7340448722426319,0.0,-3.2832621818629675,-0.10458410659281837,0.0,0.7906586505391621,0.5096261055721527,-2.2919828571626244,-1.7870771358327586,-0.15998484083083422,0.21277169707172508,0.15067555976494862,-0.08877,0.11836,0.08339,-0.0007669682526294111,0.0,0.0005156424634074727,-0.006150524487130326,0.0,0.003178326039943269
232,2.320118899922818,circle,7.969848785697667,7.153890017714838,4.35160007327795,9.86139988526702,124371.0,124371.0,0.0,0.0,8.77,5e-05,1e-08,100.0,0.01,-0.045259728683013686,0.0,0.2288749899750175,-0.038379889698388035,0.0,0.22485176922386407,-0.002490475273647021,0.0,0.005506124579670742,0.049825817291006415,0.0,2.8046563698203997,0.721339306048573,0.0,-3.269249566540083,-0.10088621141381128,0.0,0.7805401682244844,0.5096261055721527,-2.2904488763747386,-1.7855431550448733,-0.1604088138897664,0.21114904814809038,0.14954550422595522,-0.08877,0.11567000000000001,0.08339,-0.0006583573197666941,0.0,0.0007260839639881265,-0.006221481664858957,0.0,0.0032971367871653125
233,2.3303098999895155,circle,7.92691308912293,4.2723667181573335,4.15279995650053,10.191000066697598,124371.0,124371.0,0.0,0.0,8.77,5e-05,1e-08,100.0,0.01,-0.045259728683013686,0.0,0.2288749899750175,-0.03839187501630649,0.0,0.22491663967025607,-0.003735712910470532,0.0,0.008259186869506113,0.07959940852438438,0.0,2.7571076206386436,0.7080990357645747,0.0,-3.2630556110910227,-0.08458863271855498,0.0,0.7693059296168311,0.5096261055721527,-2.2904488763747386,-1.7855431550448733,-0.1581864465290994,0.2108847820862038,0.1472981483995387,-0.08877,0.11836,0.08070000000000001,-0.0006860676310567471,0.0,0.0003209505735652196,-0.0061817860356504495,0.0,0.003637399731196218
234,2.340129900025204,circle,8.042600488354328,6.256937027226747,4.288099939003587,9.820000035688281,124371.0,124371.0,0.0,0.0,8.77,5e-05,1e-08,100.0,0.01,-0.04533924766691022,0.0,0.22905115606926105,-0.03840352278721117,0.0,0.22497940668989094,-0.0037230390861114817,0.0,0.008264907662099578,0.10003624828698351,0.0,2.7385127238904405,0.6931151083121625,0.0,-3.2536534405119033,-0.07575285461282648,0.0,0.765851619281209,0.5096261055721527,-2.2904488763747386,-1.7840091742569875,-0.15703441479916505,0.21115400249754807,0.1464686853368033,-0.08877,0.11567000000000001,0.07801000000000001,-0.0007764224147461182,0.0,0.0004871924272243796,-0.006159302464952936,0.0,0.0035845569521457247
235,2.3502907999791205,circle,8.31593472097112,8.96747483502542,4.515700042247772,10.160899953916669,124371.0,124371.0,0.0,0.0,8.77,5e-05,1e-08,100.0,0.01,-0.04549747446165557,0.0,0.22940385316275916,-0.03841567738429889,0.0,0.2250446192348086,-0.004930220247202389,0.0,0.011035054518229205,0.14894740352261676,0.0,2.656475842065815,0.6764728182601117,0.0,-3.2405573900796187,-0.051493141832346316,0.0,0.7426624918149093,0.5096261055721527,-2.2904488763747386,-1.7809412126812163,-0.1545695421430621,0.20998221398477437,0.1425177257603922,-0.08608,0.11298000000000001,0.08070000000000001,-0.0008623582245092833,0.0,0.0006786017287012296,-0.006219438852847401,0.0,0.003680632199249338
236,2.3604879998601973,circle,8.410489999727918,6.549903795191505,3.9918001275509596,10.197199881076813,124371.0,124371.0,0.0,0.0,8.77,5e-05,1e-08,100.0,0.01,-0.04568347772218323,0.0,0.2293640536610543,-0.03842798062196517,0.0,0.22511033718434237,-0.006162775309002985,0.0,0.01379381814945051,0.2029389158679353,0.0,2.614239497725636,0.6592598279942687,0.0,-3.23496481031686,-0.023423871687397412,0.0,0.730484093522895,0.5096261055721527,-2.2919828571626244,-1.7794072318933305,-0.1498659689501547,0.21132936412631292,0.13931939997107215,-0.08608,0.11836,0.08339,-0.0008919347121428582,0.0,0.0002897936932393895,-0.0063635623880752045,0.0,0.003963922783472549
237,2.3701601000502706,circle,8.526109586916608,6.515386914448365,4.552900092676282,9.672100190073252,124371.0,124371.0,0.0,0.0,8.77,5e-05,1e-08,100.0,0.01,-0.04576218516070912,0.0,0.22954058383037856,-0.03843974811504586,0.0,0.22517292308343295,-0.006141608614093486,0.0,0.013803255494487174,0.22712033928550238,0.0,2.5961275117293194,0.6441677598391733,0.0,-3.2250620742889726,-0.012279430085934781,0.0,0.726602055204236,0.5096261055721527,-2.2919828571626244,-1.7778732511054447,-0.1484272084359511,0.21166317144115798,0.13834927358921903,-0.08339,0.11836,0.07532,-0.0007820374042829537,0.0,0.0005131377554728157,-0.006540399641380312,0.0,0.003854522991472796
238,2.3801188999786973,circle,8.663976122342193,7.649267200226648,4.635300021618605,9.958799928426743,124371.0,124371.0,0.0,0.0,8.77,5e-05,1e-08,100.0,0.01,-0.04573278393350906,0.0,0.2299338048389206,-0.03845196431933675,0.0,0.22523762043087192,-0.0073190783032850764,0.0,0.016586439268620436,0.25500791897294667,0.0,2.5088679487202685,0.631190019158547,0.0,-3.2104294090951204,0.0030496399646679126,0.0,0.7031288700404336,0.5096261055721527,-2.2904488763747386,-1.7763392703175593,-0.14790504225141443,0.20898565061028435,0.13506799455159893,-0.08339,0.11567000000000001,0.07263,-0.0006724806517800644,0.0,0.0007582355410700381,-0.006608338962392247,0.0,0.003937948866978632
239,2.3903460998553783,circle,8.778710796649822,6.916726895488495,4.290800075978041,10.22719987668097,124371.0,124371.0,0.0,0.0,8.77,5e-05,1e-08,100.0,0.01,-0.04581067815981109,0.0,0.23011069534479858,-0.0384646156839071,0.0,0.22530433192207122,-0.007293626423357652,0.0,0.016597647073901736,0.2746965377337703,0.0,2.482113971060241,0.6159281530409054,0.0,-3.19980043564248,0.012644610094643783,0.0,0.6969378428400423,0.5096261055721527,-2.2904488763747386,-1.7748052895296735,-0.14635154622915647,0.20915410655385008,0.1338260911109547,-0.08339,0.11567000000000001,0.06994,-0.0007908428421464948,0.0,0.0005507745586019281,-0.006555219633757495,0.0,0.004255588864125433
240,2.4001217000186443,circle,8.733581114156717,5.017091395633575,4.278399981558323,9.775600163266063,124371.0,124371.0,0.0,0.0,8.77,5e-05,1e-08,100.0,0.01,-0.04581067815981109,0.0,0.23011069534479858,-0.038476809136767216,0.0,0.2253683537048076,-0.007293626423357652,0.0,0.016597647073901736,0.2885147420266638,0.0,2.478726410784594,0.6018459014186756,0.0,-3.1925486355696444,0.019823117154517938,0.0,0.6981156550385571,0.5096261055721527,-2.2904488763747386,-1.7748052895296735,-0.14478357524824884,0.20996933507101262,0.13354839976093164,-0.08339,0.11836,0.07532,-0.0007297202746446982,0.0,0.00037577694837271323,-0.006604148748399174,0.0,0.004366564691618275
241,2.4102040999569,circle,8.983144490350321,9.59713644238831,4.232099978253245,10.082399938255548,124371.0,124371.0,0.0,0.0,8.77,5e-05,1e-08,100.0,0.01,-0.04607430420846326,0.0,0.23024790562905123,-0.03848948882980863,0.0,0.22543464679472333,-0.007268157378896896,0.0,0.016608815825676415,0.3297806019672703,0.0,2.463680140309622,0.5824800749832815,0.0,-3.1823064828421677,0.03944477556632634,0.0,0.6931528813846858,0.5096261055721527,-2.2919828571626244,-1.7717373279539024,-0.14166011857776792,0.21154893025362576,0.1318331634806347,-0.08070000000000001,0.11567000000000001,0.06994,-0.0010035107587367028,0.0,0.0005307344093440072,-0.006581304619917927,0.0,0.004282524424983892
242,2.4201404000632465,circle,8.963926876871524,6.096184118225033,4.279199987649918,9.936300106346607,124371.0,124371.0,0.0,0.0,8.77,5e-05,1e-08,100.0,0.01,-0.04596565211522874,0.0,0.23046483378027205,-0.038502088080485025,0.0,0.22550023944103548,-0.0072426712338005605,0.0,0.016619945493992407,0.335299452704967,0.0,2.4367754319294557,0.5701519072067227,0.0,-3.169942256930113,0.04261456964998199,0.0,0.688204175983549,0.5096261055721527,-2.2904488763747386,-1.7717373279539024,-0.14173313027883866,0.210493143580072,0.13132582075997615,-0.07801000000000001,0.11567000000000001,0.07263,-0.0006388312360998847,0.0,0.0006406997265104549,-0.006824732798643829,0.0,0.004323894612726117
243,2.4303123999852687,circle,9.050481575944838,7.636937660487937,4.261400084942579,10.171999922022223,124371.0,124371.0,0.0,0.0,8.77,5e-05,1e-08,100.0,0.01,-0.0461516553757564,0.0,0.2304250342785672,-0.038515092843910775,0.0,0.22556765541196347,-0.0072426712338005605,0.0,0.016619945493992407,0.36659430239088375,0.0,2.4364212654640443,0.5521741536400206,0.0,-3.1622803116848526,0.05830879724237652,0.0,0.6884889866834842,0.5096261055721527,-2.2919828571626244,-1.7702033471660166,-0.13842689714630838,0.21259615080113303,0.13030750816288733,-0.07801000000000001,0.11567000000000001,0.07263,-0.0009315894612407774,0.0,0.00039703444685708616,-0.006704973070604845,0.0,0.004460344419746643
244,2.4401519000530243,circle,9.16500339982212,8.224564808368473,4.351000068709254,9.83950006775558,124371.0,124371.0,0.0,0.0,8.77,5e-05,1e-08,100.0,0.01,-0.04622873474020335,0.0,0.23060228137484073,-0.03852777558118366,0.0,0.22563312497260687,-0.0072171680449775785,0.0,0.01663103605289125,0.3911911280281205,0.0,2.4164565163203577,0.5359445767534999,0.0,-3.150119354439729,0.07053711410306986,0.0,0.6835373241516836,0.5096261055721527,-2.2919828571626244,-1.7686693663781312,-0.13689015760730752,0.21285374416661645,0.12918709100541215,-0.07801000000000001,0.11836,0.07263,-0.0008410035121923665,0.0,0.0006301709419957056,-0.006859955646827327,0.0,0.004338985460238154
245,2.4501387998461723,circle,9.145951740029085,6.747983056051778,3.3418999519199133,9.98689979314804,124371.0,124371.0,0.0,0.0,8.77,5e-05,1e-08,100.0,0.01,-0.04611953885990133,0.0,0.2308194460024972,-0.03854075236869898,0.0,0.2256998338539346,-0.00599303989527408,0.0,0.013868406232009403,0.3756716910930242,0.0,2.428917318285613,0.5233594176586565,0.0,-3.136738032057077,0.060978241840340994,0.0,0.6910783267430057,0.5096261055721527,-2.2904488763747386,-1.7686693663781312,-0.13829392314225375,0.21259375713017387,0.13083594938315085,-0.07532,0.11567000000000001,0.07263,-0.0006521548430912507,0.0,0.0006934115121665415,-0.006926631648111103,0.0,0.004426200636396061
246,2.4601284998934716,circle,9.07114696120721,6.2506493414161,4.414199851453304,9.989700047299266,124371.0,124371.0,0.0,0.0,8.77,5e-05,1e-08,100.0,0.01,-0.04622873474020335,0.0,0.23060228137484073,-0.03855383808160351,0.0,0.2257668218856472,-0.004811445363318385,0.0,0.011087357368594166,0.38120251199554156,0.0,2.488343532461709,0.5064020141128807,0.0,-3.131735993120696,0.062090686873039334,0.0,0.7108000757526666,0.5096261055721527,-2.2919828571626244,-1.7686693663781312,-0.13614577534969716,0.21616115697448646,0.13283643063341694,-0.07532,0.11567000000000001,0.06994,-0.0008787244453476728,0.0,0.0002592032369881179,-0.006796172213252169,0.0,0.004576256252205415
247,2.4702182998880744,circle,9.18338554503663,8.758390880704496,4.7339999582618475,10.0897999946028,124371.0,124371.0,0.0,0.0,8.77,5e-05,1e-08,100.0,0.01,-0.04630554212042898,0.0,0.23077964650079236,-0.03856716222803928,0.0,0.2258347454188852,-0.0047944319162192646,0.0,0.011094724986938725,0.40480029040152077,0.0,2.471356261363784,0.48977673376631203,0.0,-3.1190247743080763,0.07377647338460384,0.0,0.7067922636599411,0.5096261055721527,-2.2919828571626244,-1.7671353855902454,-0.13473483880778914,0.21647091355121625,0.13187310095491528,-0.07263,0.12105,0.07263,-0.0008615165188101421,0.0,0.0006586911470363322,-0.006876863373579558,0.0,0.004286209934870817
248,2.480249400017783,circle,9.162398712830706,7.2784495110616705,4.221100127324462,10.031100129708648,124371.0,124371.0,0.0,0.0,8.77,5e-05,1e-08,100.0,0.01,-0.0461960740751704,0.0,0.23099692874076966,-0.03858051618405403,0.0,0.2259025369046486,-0.003583055390879329,0.0,0.008326549872297027,0.389792635146567,0.0,2.4834558588977775,0.4767887910215957,0.0,-3.1050505173239924,0.06436090072463518,0.0,0.714346302975446,0.5096261055721527,-2.2904488763747386,-1.7671353855902454,-0.1361123154163232,0.21622277371664567,0.13351741513610846,-0.07263,0.12105,0.07263,-0.0006730327823806954,0.0,0.000724143403198093,-0.006942525108735675,0.0,0.004370248432922972
249,2.4901198998559266,circle,9.276468060627476,8.966060158894333,4.325800109654665,9.870499838143587,124371.0,124371.0,0.0,0.0,8.77,5e-05,1e-08,100.0,0.01,-0.046272336945388196,0.0,0.23117452867372884,-0.03859376120354916,0.0,0.22596949896615917,-0.0035702784125870982,0.0,0.008332036411742143,0.409433622387522,0.0,2.457387158365745,0.46014509105638496,0.0,-3.0919607475273736,0.07459691513942354,0.0,0.7077159998077257,0.5096261055721527,-2.2904488763747386,-1.7656014048023596,-0.13473126398106666,0.21625022021580004,0.13225886254676217,-0.06994,0.11836,0.07532,-0.0008624757597444598,0.0,0.0006783112633499148,-0.006816099982094575,0.0,0.004526718444219755
250,2.500134199857712,circle,9.200429097132721,6.67021088364932,4.371199989691377,10.014300001785159,124371.0,124371.0,0.0,0.0,8.77,5e-05,1e-08,100.0,0.01,-0.04638207733569806,0.0,0.2309571292390648,-0.03860730589803665,0.0,0.22603769587093278,-0.0023887035935867516,0.0,0.005551033248198017,0.41903128845451415,0.0,2.5172630389031565,0.4426326674247547,0.0,-3.086777854720595,0.07782244593047993,0.0,0.727620345846674,0.5096261055721527,-2.2919828571626244,-1.7656014048023596,-0.13238632453666355,0.2199061121865748,0.13420892217839997,-0.07263,0.11836,0.07263,-0.000907495307997757,0.0,0.0002685779537397589,-0.00686727612966365,0.0,0.004650855414392267
251,2.510240999981761,circle,9.31143203863394,8.902309415813502,4.372800001874566,10.106800124049187,124371.0,124371.0,0.0,0.0,8.77,5e-05,1e-08,100.0,0.01,-0.04645834020591583,0.0,0.23113472917202393,-0.03862108510097071,0.0,0.22610678734359052,-0.0023801856080585978,0.0,0.0055546909411614285,0.44319822221216515,0.0,2.500252519869392,0.4258414529474697,0.0,-3.0740021936778072,0.09003693572143612,0.0,0.7234501928486992,0.5096261055721527,-2.2919828571626244,-1.7640674240144743,-0.13070347011226036,0.22033230948247262,0.13317403212928425,-0.07801000000000001,0.12374,0.07532,-0.0008701243192547475,0.0,0.0006620374829303267,-0.006967130785690369,0.0,0.0043659043455030865
252,2.520161399850622,circle,9.26333339665454,6.516911551446614,4.583899863064289,9.92039986886084,124371.0,124371.0,0.0,0.0,8.77,5e-05,1e-08,100.0,0.01,-0.04645834020591583,0.0,0.23113472917202393,-0.038634717464850594,0.0,0.2261748629618261,-0.0023801856080585978,0.0,0.0055546909411614285,0.4583808372499823,0.0,2.4951659395123884,0.4106275623765462,0.0,-3.064285408112131,0.09868314747392916,0.0,0.7239117823014859,0.5096261055721527,-2.2919828571626244,-1.7640674240144743,-0.12910080227522208,0.2210637514323991,0.13278157236399774,-0.06994,0.12643000000000001,0.07532,-0.0007883889026657253,0.0,0.0005035270809823165,-0.007035233838399507,0.0,0.004456339129215522
253,2.5301337998826057,circle,9.215028779087337,6.450987454003114,4.38979989849031,9.972400031983852,124371.0,124371.0,0.0,0.0,8.77,5e-05,1e-08,100.0,0.01,-0.04645834020591583,0.0,0.23113472917202393,-0.038648528826306504,0.0,0.2262435532792214,-0.0023801856080585978,0.0,0.0055546909411614285,0.4719652934941178,0.0,2.4932071446539106,0.39542690796932967,0.0,-3.0547187734858667,0.10637183139140963,0.0,0.7254051618916452,0.5096261055721527,-2.2919828571626244,-1.7640674240144743,-0.12769385660108268,0.22182616766601282,0.13257296333629082,-0.07263,0.12374,0.07263,-0.0007877047608459437,0.0,0.0004957473170894861,-0.007022106618763379,0.0,0.004395428575713038
254,2.540130899986252,circle,9.3254335810104,9.053435814665352,4.71300003118813,9.997100103646517,124371.0,124371.0,0.0,0.0,8.77,5e-05,1e-08,100.0,0.01,-0.04653433055162842,0.0,0.2313124458817601,-0.03866248302966022,0.0,0.22631267308045006,-0.0023716620214932183,0.0,0.005558335563041175,0.4937708835276722,0.0,2.4718001231461533,0.37864971226964195,0.0,-3.0416329386401695,0.11784275401480829,0.0,0.7198456913001766,0.5096261055721527,-2.2919828571626244,-1.7625334432265884,-0.12612169164417927,0.2220553775990698,0.13140335206254117,-0.07532,0.12105,0.08070000000000001,-0.0008694036969625054,0.0,0.00067811530581965,-0.007002443825005694,0.0,0.004321657495490382
255,2.5502514999825507,circle,9.30130971790794,7.346923597080236,4.4432999566197395,10.120599996298552,124371.0,124371.0,0.0,0.0,8.77,5e-05,1e-08,100.0,0.01,-0.04642404493349554,0.0,0.23153007845179346,-0.038676720830558745,0.0,0.22638291110338685,-0.0023631328545242617,0.0,0.005561967105850036,0.4965845862000344,0.0,2.442598732001156,0.3654139372875076,0.0,-3.0277695816815022,0.12019700402363845,0.0,0.7139150214619391,0.5096261055721527,-2.2904488763747386,-1.7625334432265884,-0.1263791619992632,0.22081448736167755,0.13083795062279013,-0.06725,0.12105,0.07263,-0.0006858866862654855,0.0,0.0007184084028121181,-0.007061437416671312,0.0,0.004428758945594499
256,2.560132100014016,circle,9.251685901061277,6.527279058734673,4.593699937686324,9.880600031465292,124371.0,124371.0,0.0,0.0,8.77,5e-05,1e-08,100.0,0.01,-0.04642404493349554,0.0,0.23153007845179346,-0.038690729351360656,0.0,0.2264517399322572,-0.0023631328545242617,0.0,0.005561967105850036,0.5081687614053958,0.0,2.4365060095544053,0.35001129480703635,0.0,-3.0183276590956125,0.12721421499953045,0.0,0.7141342172837707,0.5096261055721527,-2.2904488763747386,-1.7625334432265884,-0.1250674813069137,0.2213975351567444,0.13050075711847314,-0.06994,0.12105,0.07263,-0.0007981767593518629,0.0,0.0004892876778261708,-0.0069351388227830236,0.0,0.004589050841710092
257,2.5702231999021024,circle,9.376040055272275,9.722886030399355,4.381599836051464,10.091099888086319,124371.0,124371.0,0.0,0.0,8.77,5e-05,1e-08,100.0,0.01,-0.04668786692657495,0.0,0.23144025472276683,-0.038705147232284375,0.0,0.22652229646750932,-0.0023716620214932183,0.0,0.005558335563041175,0.5510831921818357,0.0,2.4449856310395446,0.32926869865979946,0.0,-3.010849162657685,0.1512018069731633,0.0,0.7167492738266177,0.5080921247842671,-2.2904488763747386,-1.7625334432265884,-0.11945566891093137,0.22388963793628397,0.12953955381268442,-0.06725,0.12105,0.07263,-0.0010748992574617314,0.0,0.00038754214809940107,-0.006907820436828844,0.0,0.0045304161071581086
258,2.5802915999665856,circle,9.286669181301384,6.1158755413946615,4.207000136375427,10.068400064483285,124371.0,124371.0,0.0,0.0,8.77,5e-05,1e-08,100.0,0.01,-0.04661004819402319,0.0,0.2314902789500886,-0.038719644808215485,0.0,0.22659295734617416,-0.0023631328548570623,0.0,0.005561967105850036,0.5614125865901635,0.0,2.4399147558622647,0.31517129515301195,0.0,-3.0005011984772274,0.15627451134624992,0.0,0.7166873489171804,0.5096261055721527,-2.2919828571626244,-1.7609994624387026,-0.11967697449949896,0.22461569140948556,0.12916980224671115,-0.06456,0.12374,0.07263,-0.0007305409299218826,0.0,0.0005362413987476649,-0.00715986245588582,0.0,0.004361080205166791
259,2.5903201999608427,circle,9.080410480419873,4.60534286363706,4.2281001806259155,10.028599994257092,124371.0,124371.0,0.0,0.0,8.77,5e-05,1e-08,100.0,0.01,-0.04653433055162842,0.0,0.2313124458817601,-0.03873419683215075,0.0,0.22666359995495347,-0.0023716620214932183,0.0,0.005558335563041175,0.5655750751090248,0.0,2.4571985750380008,0.3012999434921959,0.0,-2.9943473740790734,0.15990235658737192,0.0,0.725290543083238,0.5096261055721527,-2.2919828571626244,-1.7625334432265884,-0.11839318670457512,0.2259408881865696,0.1299207251210338,-0.06456,0.12374,0.06994,-0.0007188279266145845,0.0,0.00031889760573014774,-0.007081305792863088,0.0,0.0043299483210764685
260,2.6001412998884916,circle,9.210186554733959,10.462840926145784,4.2975000105798244,9.821099927648902,124371.0,124371.0,0.0,0.0,8.77,5e-05,1e-08,100.0,0.01,-0.046499489694401555,0.0,0.23170802746025598,-0.03874855626058326,0.0,0.22673303326151364,-0.0023545981271197746,0.0,0.005565585560935194,0.5736609571331072,0.0,2.4151635370022824,0.2864150192862934,0.0,-2.9769802341446243,0.1642460385681012,0.0,0.7140077838712529,0.5096261055721527,-2.2904488763747386,-1.7609994624387026,-0.11886016478019938,0.22420326533881285,0.12872906085309646,-0.06994,0.12374,0.06994,-0.0007713535640496661,0.0,0.0008999847832933021,-0.006979579869768629,0.0,0.004075009415449036
261,2.6102426999714226,circle,9.139139030311785,7.005465183041436,4.2323998641222715,10.101400082930923,124371.0,124371.0,0.0,0.0,8.77,5e-05,1e-08,100.0,0.01,-0.04661004819402319,0.0,0.2314902789500886,-0.03876343793343453,0.0,0.2268047085863236,-0.0011815664274285312,0.0,0.002780983552925018,0.5815638749685752,0.0,2.4712367448185906,0.268539736284923,0.0,-2.9714330871381294,0.16717476393027583,0.0,0.7335292549693988,0.5096261055721527,-2.2919828571626244,-1.7609994624387026,-0.11659843895695746,0.22777279686087246,0.13063986025742663,-0.06456,0.12105,0.07263,-0.0009263187637835969,0.0,0.0002874598604782003,-0.006920291496805062,0.0,0.004398110503286818
262,2.620171600021422,circle,9.09038816852199,6.6896476112928935,4.383499966934323,9.928900049999356,124371.0,124371.0,0.0,0.0,8.77,5e-05,1e-08,100.0,0.01,-0.04661004819402319,0.0,0.2314902789500886,-0.038778176977398014,0.0,0.22687541705609843,-0.0011815664274285312,0.0,0.002780983552925018,0.5977044277371796,0.0,2.4736683966626365,0.25277561692122846,0.0,-2.96215967392462,0.17649442663775095,0.0,0.7360974150969161,0.5096261055721527,-2.2919828571626244,-1.7609994624387026,-0.11489089616766256,0.22878486745320886,0.13048698612564424,-0.06456,0.12643000000000001,0.07263,-0.0008169169206073169,0.0,0.0004805601880525229,-0.007014954296017856,0.0,0.0041343017059376624
263,2.6301330998539925,circle,8.901676096605977,5.003351559834814,4.33659995906055,9.961499832570553,124371.0,124371.0,0.0,0.0,8.77,5e-05,1e-08,100.0,0.01,-0.04642404493349554,0.0,0.23153007845179346,-0.0387930759098047,0.0,0.22694661370464453,-0.0011815664272621308,0.0,0.002780983552925018,0.5912098919344294,0.0,2.468039774698881,0.24076580705967376,0.0,-2.951866606359138,0.1743683401296083,0.0,0.7385053893773189,0.5096261055721527,-2.2904488763747386,-1.7625334432265884,-0.11545255640384315,0.22816024069656676,0.13108304592888037,-0.06456,0.12374,0.07263,-0.0006223646568957741,0.0,0.0005334007396988914,-0.007008604366795068,0.0,0.004050064007450044
264,2.640043399995193,circle,9.008776352975916,9.188224529146819,3.4506998490542173,9.910300141200423,124371.0,124371.0,0.0,0.0,8.77,5e-05,1e-08,100.0,0.01,-0.046499489694401555,0.0,0.23170802746025598,-0.03880800948621096,0.0,0.2270176987313767,0.0,0.0,0.0,0.592234849905335,0.0,2.4874422995543557,0.22363374207829365,0.0,-2.938985215648602,0.17253503825014757,0.0,0.7465739829843239,0.5096261055721527,-2.2904488763747386,-1.7609994624387026,-0.11518391803677346,0.22933957874507893,0.13222633016773697,-0.06456,0.12643000000000001,0.07263,-0.000887808070458595,0.0,0.0006675320601441537,-0.006803672137732002,0.0,0.00402279666873513
265,2.650466699851677,circle,8.956369951165069,6.678735568827057,4.815099993720651,10.423299856483936,124371.0,124371.0,0.0,0.0,8.77,5e-05,1e-08,100.0,0.01,-0.046499489694401555,0.0,0.23170802746025598,-0.038823836225203655,0.0,0.22709273694687301,0.0,0.0,0.0,0.6075054746984765,0.0,2.4830248192928157,0.2077860703379491,0.0,-2.9298854035272544,0.18193421854784245,0.0,0.7471790734876308,0.5096261055721527,-2.2904488763747386,-1.7609994624387026,-0.11352990625221782,0.23010388757043648,0.13183510905252707,-0.06187,0.12643000000000001,0.07532,-0.0008212500362338553,0.0,0.0004715658651202846,-0.006854403432964045,0.0,0.0041437246482626845
266,2.6604432999156415,circle,8.741816240176588,5.389055641431507,4.045499954372644,9.976600063964725,124371.0,124371.0,0.0,0.0,8.77,5e-05,1e-08,100.0,0.01,-0.04653433055162842,0.0,0.2313124458817601,-0.03883910048049964,0.0,0.22716482182340927,0.0,0.0,0.0,0.6253991950050715,0.0,2.525664881529367,0.19140862333910955,0.0,-2.9287690387128023,0.1933055327244064,0.0,0.7629904572536028,0.5096261055721527,-2.2919828571626244,-1.7625334432265884,-0.11037843639877191,0.23346677164994362,0.13281384869703972,-0.06187,0.13181,0.07532,-0.0008487048257538685,0.0,5.785176440470732e-05,-0.006846525245374912,0.0,0.0040897722939461055
267,2.670435299864039,circle,8.845141866068127,8.849445850380238,4.084000131115317,9.991999948397279,124371.0,124371.0,0.0,0.0,8.77,5e-05,1e-08,100.0,0.01,-0.04661004819402319,0.0,0.2314902789500886,-0.038854502224999546,0.0,0.22723727514651257,0.0,0.0,0.0,0.6483133797040639,0.0,2.513115329232372,0.17431066357519068,0.0,-2.916515287167232,0.2056576336771344,0.0,0.7596359898717009,0.5096261055721527,-2.2919828571626244,-1.7609994624387026,-0.10841413564390738,0.23413891049646435,0.13185924634298074,-0.06456,0.13181,0.07532,-0.0008860439608510155,0.0,0.0006350092469882222,-0.006869502008172626,0.0,0.003617994556587822
268,2.6800983999855816,circle,8.807980423804558,7.183609445097078,6.408999906852841,9.663100121542811,124371.0,124371.0,0.0,0.0,8.77,5e-05,1e-08,100.0,0.01,-0.046499489694401555,0.0,0.23170802746025598,-0.038869505833271784,0.0,0.22730758822933556,0.0,0.0,0.0,0.651459867028768,0.0,2.4847847657079773,0.16093379793094414,0.0,-2.903089294637114,0.20843550154348264,0.0,0.753340826225235,0.5096261055721527,-2.2904488763747386,-1.7609994624387026,-0.10860571319141406,0.23289111754584374,0.13124909688438202,-0.06187,0.12912,0.07532,-0.0006932116158846939,0.0,0.0006957574535154491,-0.006936772245245078,0.0,0.0037046817774049785
269,2.690047699958086,circle,8.758380852121894,6.256671941731948,4.478299990296364,9.949299972504377,124371.0,124371.0,0.0,0.0,8.77,5e-05,1e-08,100.0,0.01,-0.046499489694401555,0.0,0.23170802746025598,-0.038885066022899366,0.0,0.22738023503204474,0.0,0.0,0.0,0.6630081352260363,0.0,2.4795493214097686,0.14552383253404733,0.0,-2.8944070722373905,0.21601962818547382,0.0,0.7537316228147231,0.5096261055721527,-2.2904488763747386,-1.7609994624387026,-0.10727680430125978,0.23349400537736026,0.13092211565592007,-0.05918,0.13181,0.07263,-0.0007985711110279252,0.0,0.00044992781030740205,-0.006815852560474264,0.0,0.003877864617903839
270,2.7004229000303894,circle,8.554878682487047,4.392822436258529,8.093199925497174,10.375200072303414,124371.0,124371.0,0.0,0.0,8.77,5e-05,1e-08,100.0,0.01,-0.04642404493349554,0.0,0.23153007845179346,-0.038901413989451336,0.0,0.22745626292433277,0.0,0.0,0.0,0.66818041034153,0.0,2.499055922855186,0.13147106200233943,0.0,-2.8896985232791876,0.2204811543209831,0.0,0.7634282361731392,0.5096261055721527,-2.2904488763747386,-1.7625334432265884,-0.10598229618510072,0.2349278513274955,0.13178065914439652,-0.05918,0.13181,0.07263,-0.0007282396664680685,0.0,0.0002440054162368456,-0.006794391277576138,0.0,0.003829810111223849
271,2.7100251000374556,circle,8.659182040607174,8.491533175871766,3.6580997984856367,9.60220000706613,124371.0,124371.0,0.0,0.0,8.77,5e-05,1e-08,100.0,0.01,-0.046499489694401555,0.0,0.23170802746025598,-0.03891665505077902,0.0,0.22752687302877994,0.0,0.0,0.0,0.6887602007608105,0.0,2.482689959979519,0.11448496705280332,0.0,-2.8780337432900986,0.2319850819254234,0.0,0.7587125096667825,0.5096261055721527,-2.2904488763747386,-1.7609994624387026,-0.10423604566602679,0.23535318171616387,0.13071631214470275,-0.05918,0.12643000000000001,0.07532,-0.0008802506369267431,0.0,0.0006044903225556498,-0.006702584006695791,0.0,0.003576664108920392
272,2.720053399913013,circle,8.609602338379009,6.180992622334685,3.5164000000804663,10.028299875557423,124371.0,124371.0,0.0,0.0,8.77,5e-05,1e-08,100.0,0.01,-0.046499489694401555,0.0,0.23170802746025598,-0.038932686849474755,0.0,0.2276008694244569,0.0,0.0,0.0,0.7038639684578243,0.0,2.4793654895201374,0.09895363124690891,0.0,-2.869797260292939,0.24162624361651847,0.0,0.7594812373923417,0.5096261055721527,-2.2904488763747386,-1.7609994624387026,-0.10253079004903437,0.23615817643992054,0.1303322002102867,-0.0538,0.13719,0.07263,-0.0008048630976405643,0.0,0.0004268300744770335,-0.006761939747286235,0.0,0.003680327961322052
273,2.730116300052032,circle,8.560009754551313,5.960485039322094,3.7499999161809683,10.062900139018893,124371.0,124371.0,0.0,0.0,8.77,5e-05,1e-08,100.0,0.01,-0.046499489694401555,0.0,0.23170802746025598,-0.038948891872485104,0.0,0.2276753807450472,0.0,0.0,0.0,0.71749293117152,0.0,2.479526883746292,0.08358701712158259,0.0,-2.8619294235639674,0.2502727893556018,0.0,0.7614735900627814,0.5096261055721527,-2.2904488763747386,-1.7609994624387026,-0.10092523384838917,0.23706500383333207,0.1301389097049561,-0.0538,0.12643000000000001,0.06725,-0.0007963276196483564,0.0,0.0004077264934919901,-0.006754270202268094,0.0,0.003624920221716792
274,2.740217699902132,circle,8.51039684118208,5.889468096617505,4.45799995213747,10.101399850100279,124371.0,124371.0,0.0,0.0,8.77,5e-05,1e-08,100.0,0.01,-0.046499489694401555,0.0,0.23170802746025598,-0.03896527810594164,0.0,0.22775043853077906,0.0,0.0,0.0,0.7309363456471892,0.0,2.480117683889879,0.06827560921340858,0.0,-2.8541805538636478,0.258846531853601,0.0,0.7636228479332631,0.5096261055721527,-2.2904488763747386,-1.7609994624387026,-0.09932303607615345,0.23798884016678584,0.12996740101359222,-0.0538,0.13181,0.07263,-0.0007934674025302374,0.0,0.00040156173426583557,-0.006740744185929674,0.0,0.0035560271952110884
275,2.7502643999177963,circle,8.461231176476248,5.835775304144422,4.243300063535571,10.0467000156641,124371.0,124371.0,0.0,0.0,8.77,5e-05,1e-08,100.0,0.01,-0.046499489694401555,0.0,0.23170802746025598,-0.038981694494283514,0.0,0.22782534947324035,0.0,0.0,0.0,0.7443214575936834,0.0,2.4808100826944286,0.05300625649972065,0.0,-2.8465224964512448,0.26743135576320626,0.0,0.7657890196021174,0.5096261055721527,-2.2904488763747386,-1.7609994624387026,-0.09771794054731006,0.23891587635397188,0.12979731101662376,-0.056490000000000005,0.13181,0.07263,-0.0007912886628297089,0.0,0.00039685598488410027,-0.006726506537288332,0.0,0.0034858220021315367
276,2.7603537999093533,circle,8.41204633380018,5.775957547413633,4.2583998292684555,10.089399991557002,124371.0,124371.0,0.0,0.0,8.77,5e-05,1e-08,100.0,0.01,-0.046499489694401555,0.0,0.23170802746025598,-0.03899830039494911,0.0,0.2279008391781006,0.0,0.0,0.0,0.7576427220701223,0.0,2.4816576881821932,0.03778037874871128,0.0,-2.8389739750095035,0.2760294481458128,0.0,0.7680176508946847,0.5096261055721527,-2.2904488763747386,-1.7609994624387026,-0.09610690622479058,0.23985273296995113,0.12963381759155,-0.0538,0.13181,0.06725,-0.0007890363154514557,0.0,0.00039117991375591443,-0.006712152984000992,0.0,0.003416008368399457
277,2.7701006999704987,circle,8.370013530702693,6.226816579732573,4.289200063794851,9.746900061145425,124371.0,124371.0,0.0,0.0,8.77,5e-05,1e-08,100.0,0.01,-0.04661004819402319,0.0,0.2314902789500886,-0.039014456929798255,0.0,0.22797401390732291,0.0,0.0,0.0,0.7831618719073452,0.0,2.5063583141395958,0.02043971453442558,0.0,-2.835710214672885,0.2917730809407246,0.0,0.7770876223968376,0.5096261055721527,-2.2919828571626244,-1.7609994624387026,-0.09258027482163214,0.24281434942265587,0.1296400390914801,-0.0538,0.13988,0.06994,-0.000898629568263665,0.0,0.00016913490198347753,-0.006696961695961267,0.0,0.0033471301407822208
278,2.7801971998997033,circle,8.315908556567644,6.05761225953046,4.2238999158144,10.096499929204583,124371.0,124371.0,0.0,0.0,8.77,5e-05,1e-08,100.0,0.01,-0.046499489694401555,0.0,0.23170802746025598,-0.039031311862443546,0.0,0.2280500696978637,0.0,0.0,0.0,0.7863381058948578,0.0,2.4876577064749434,0.0074716827878188435,0.0,-2.8241033202015626,0.29426840882964383,0.0,0.773662846937559,0.5096261055721527,-2.2904488763747386,-1.7609994624387026,-0.09263576969465821,0.24197027704568008,0.12939348804492584,-0.05111,0.13719,0.07263,-0.0006720310642571456,0.0,0.0006014940275207285,-0.006796146767700863,0.0,0.003056463734871549
279,2.7901864000596106,circle,8.267833792267732,5.60183735609886,4.377299919724464,9.989200159907341,124371.0,124371.0,0.0,0.0,8.77,5e-05,1e-08,100.0,0.01,-0.046499489694401555,0.0,0.23170802746025598,-0.03904810714893609,0.0,0.2281255738628319,0.0,0.0,0.0,0.7973369333087871,0.0,2.484555277024591,-0.007498925306813842,0.0,-2.8166212806066775,0.3019306064373838,0.0,0.7746927831142145,0.5096261055721527,-2.2904488763747386,-1.7609994624387026,-0.0912560270178042,0.24266949066910787,0.1291368413537371,-0.05111,0.12912,0.06725,-0.0007758093668682187,0.0,0.00038773551243199067,-0.006675573178597245,0.0,0.003194718084992105
280,2.800521400058642,circle,8.218337028758171,5.525935908904891,4.06700000166893,10.334999999031425,124371.0,124371.0,0.0,0.0,8.77,5e-05,1e-08,100.0,0.01,-0.046499489694401555,0.0,0.23170802746025598,-0.03906560936061332,0.0,0.22820396029463627,0.0,0.0,0.0,0.8102561376589256,0.0,2.485901943287283,-0.022584568432838324,0.0,-2.8096407469228684,0.31050921009008964,0.0,0.7771661378478162,0.5096261055721527,-2.2904488763747386,-1.7609994624387026,-0.08963403261460486,0.24363966550107496,0.12900270299547265,-0.048420000000000005,0.1345,0.07532,-0.0007817712368754634,0.0,0.00036174662269637843,-0.006652109096912774,0.0,0.0031423205429233336
281,2.8101093999575824,circle,8.172649166840879,5.512754713582081,4.377500154078007,9.587999898940325,124371.0,124371.0,0.0,0.0,8.77,5e-05,1e-08,100.0,0.01,-0.046499489694401555,0.0,0.23170802746025598,-0.03908196106958413,0.0,0.22827692508575897,0.0,0.0,0.0,0.8234256393154923,0.0,2.487138726953335,-0.03766461840430738,0.0,-2.8026954499870347,0.31921208987160693,0.0,0.7793761257824688,0.5096261055721527,-2.2904488763747386,-1.7609994624387026,-0.08800604368773923,0.2445814404669665,0.12883190178527085,-0.048420000000000005,0.13181,0.06725,-0.0007814818697120121,0.0,0.0003599207990284789,-0.0066360467551054144,0.0,0.0030711815754685293
282,2.8203012000303715,circle,8.124340309262358,5.417455198604075,4.1380999609827995,10.191800072789192,124371.0,124371.0,0.0,0.0,8.77,5e-05,1e-08,100.0,0.01,-0.046499489694401555,0.0,0.23170802746025598,-0.03909946380423947,0.0,0.22835474216287432,0.0,0.0,0.0,0.8364551132049545,0.0,2.4889563924391,-0.052682439483993954,0.0,-2.7959616040389013,0.3279165979810154,0.0,0.7819549893512919,0.5096261055721527,-2.2904488763747386,-1.7609994624387026,-0.08635619531338395,0.24557567444826317,0.12870382585532103,-0.048420000000000005,0.13719,0.07532,-0.0007782574884068923,0.0,0.000348963142329736,-0.006621768401755195,0.0,0.0030043221550519225
283,2.8300983998924494,circle,8.078162465682988,5.379679152751196,4.426599945873022,9.797199862077832,124371.0,124371.0,0.0,0.0,8.77,5e-05,1e-08,100.0,0.01,-0.046499489694401555,0.0,0.23170802746025598,-0.03911640709238183,0.0,0.2284297962125062,0.0,0.0,0.0,0.849488326983902,0.0,2.4906736046558957,-0.06766945911069712,0.0,-2.789299793678702,0.3366375960184985,0.0,0.7843885465856547,0.5096261055721527,-2.2904488763747386,-1.7609994624387026,-0.08471200758745545,0.24655048051041756,0.1285580786811828,-0.048420000000000005,0.1345,0.07263,-0.0007766617247232481,0.0,0.00034523028947749035,-0.006606420877296477,0.0,0.002933000958272295
284,2.840051299892366,circle,8.04980569671891,5.942106149858105,3.4158998169004917,9.952899999916553,124371.0,124371.0,0.0,0.0,8.77,5e-05,1e-08,100.0,0.01,-0.04661004819402319,0.0,0.2314902789500886,-0.03913373870536464,0.0,0.22850629366448105,0.0,0.0,0.0,0.8746339080533616,0.0,2.516629689116735,-0.0847542629636312,0.0,-2.787014698548691,0.35271391938872715,0.0,0.794158416832904,0.5096261055721527,-2.2919828571626244,-1.7609994624387026,-0.08109852293127735,0.2496240406004071,0.128617052963613,-0.0538,0.13181,0.06994,-0.0008853741900549548,0.0,0.00011841893341870682,-0.00659093529860359,0.0,0.002865566352188853
285,2.8500971999019384,circle,7.984743474798755,5.501564755865637,4.27310005761683,10.045900009572506,124371.0,124371.0,0.0,0.0,8.77,5e-05,1e-08,100.0,0.01,-0.046499489694401555,0.0,0.23170802746025598,-0.03915135435349083,0.0,0.22858376188735727,0.0,0.0,0.0,0.8774682200922238,0.0,2.499061230910797,-0.09747298217364458,0.0,-2.7763695823531287,0.3550952314896152,0.0,0.7909178152531025,0.5096261055721527,-2.2904488763747386,-1.7609994624387026,-0.081151495706167,0.2488092541026085,0.12840960358050696,-0.048420000000000005,0.13988,0.07263,-0.0006591138885931715,0.0,0.0005516549122854498,-0.0066890214523175505,0.0,0.002572610660613266
286,2.8602368999272585,circle,8.149292374018797,8.318640464795227,4.251000005751848,10.139700025320053,124371.0,124371.0,0.0,0.0,8.77,5e-05,1e-08,100.0,0.01,-0.046763584568969715,0.0,0.23161808779109536,-0.039169259278756946,0.0,0.2286622140482444,0.0,0.0,0.0,0.9172052434079159,0.0,2.5071621259346077,-0.11731117649672734,0.0,-2.771638108091521,0.38070260135172734,0.0,0.7936850982241216,0.5080921247842671,-2.2904488763747386,-1.7609994624387026,-0.07533928314117742,0.2513565233513742,0.1273615838452885,-0.05111,0.13181,0.06725,-0.0010280623073632214,0.0,0.000245196224384109,-0.006566262982849548,0.0,0.002710677518466836
287,2.870149099966511,circle,7.892298867585728,3.0842481087045712,4.291000077500939,9.912200039252639,124371.0,124371.0,0.0,0.0,8.77,5e-05,1e-08,100.0,0.01,-0.046499489694401555,0.0,0.23170802746025598,-0.039186884073422246,0.0,0.22873915891360108,0.0,0.0,0.0,0.9058668464487293,0.0,2.5011765040070664,-0.12696194028692576,0.0,-2.7638228491321044,0.37445698997817134,0.0,0.7953007169598866,0.5096261055721527,-2.2904488763747386,-1.7609994624387026,-0.07756084795532632,0.25082873092527,0.12796767243816567,-0.04304,0.1345,0.06994,-0.000500125715940933,0.0,0.00040500545524816854,-0.0068124799050383765,0.0,0.002563863091406733
288,2.8800474999006838,circle,7.8471489882489704,4.92078695509,5.383500130847096,9.89839993417263,124371.0,124371.0,0.0,0.0,8.77,5e-05,1e-08,100.0,0.01,-0.046499489694401555,0.0,0.23170802746025598,-0.03920460469157439,0.0,0.2288162459956041,0.0,0.0,0.0,0.9134436346681936,0.0,2.5020371427480073,-0.14145492987860386,0.0,-2.7578230709865967,0.3802428444164881,0.0,0.7978288239031265,0.5096261055721527,-2.2904488763747386,-1.7609994624387026,-0.07641658440923224,0.2516050891476852,0.1279769930827981,-0.04304,0.1345,0.07532,-0.000751061801631178,0.0,0.00031092302625677394,-0.006543823201195985,0.0,0.0025808584383951085
289,2.8900382998399436,circle,7.8019206700171635,5.058481380909126,3.629300044849515,9.990799939259887,124371.0,124371.0,0.0,0.0,8.77,5e-05,1e-08,100.0,0.01,-0.046499489694401555,0.0,0.23170802746025598,-0.03922261309636419,0.0,0.22889430517151155,0.0,0.0,0.0,0.9258299249544444,0.0,2.504822071685947,-0.15629722873763438,0.0,-2.7521103759301644,0.3888421163246789,0.0,0.8007193463983087,0.5096261055721527,-2.2904488763747386,-1.7609994624387026,-0.07476662666535995,0.2526359497258524,0.1278902492061003,-0.04573,0.13988,0.07263,-0.0007691641821373696,0.0,0.00029604581221644123,-0.006507712415899995,0.0,0.0025176764765279945
290,2.900047600036487,circle,7.756968409760067,5.010924055492371,4.65080002322793,10.009300196543336,124371.0,124371.0,0.0,0.0,8.77,5e-05,1e-08,100.0,0.01,-0.046499489694401555,0.0,0.23170802746025598,-0.03924077853010866,0.0,0.22897276309581416,0.0,0.0,0.0,0.9385475907055972,0.0,2.507938183242882,-0.17111601865844206,0.0,-2.746546737859916,0.3976723237232112,0.0,0.8037079168691466,0.5096261055721527,-2.2904488763747386,-1.7609994624387026,-0.07307116421968282,0.2536973921259664,0.12780354565588475,-0.040350000000000004,0.14795,0.07263,-0.0007679462050228436,0.0,0.0002883214327890804,-0.006490764959270049,0.0,0.0024469429316527447
291,2.910124500049278,circle,7.712091142004127,4.946128441245037,3.3717001788318157,10.076900012791157,124371.0,124371.0,0.0,0.0,8.77,5e-05,1e-08,100.0,0.01,-0.046499489694401555,0.0,0.23170802746025598,-0.03925919211271681,0.0,0.22905200774812495,0.0,0.0,0.0,0.9512131672161069,0.0,2.5112910988587767,-0.18588011739806531,0.0,-2.7411308391349087,0.4065158924139307,0.0,0.8068024350268415,0.5096261055721527,-2.2904488763747386,-1.7609994624387026,-0.07136720296661948,0.2547748323783188,0.1277284805807365,-0.040350000000000004,0.14526,0.07532,-0.0007651122715676313,0.0,0.000280665325337466,-0.00647518531011711,0.0,0.0023753543867935643
292,2.920225099893287,circle,7.667504797502361,4.883811375116537,4.426199942827225,10.100599844008684,124371.0,124371.0,0.0,0.0,8.77,5e-05,1e-08,100.0,0.01,-0.046499489694401555,0.0,0.23170802746025598,-0.03927777574930917,0.0,0.22913169721842364,0.0,0.0,0.0,0.9638046132327345,0.0,2.5148410200266755,-0.20059027682416972,0.0,-2.7358577289804895,0.415355892012159,0.0,0.8099792814655808,0.5096261055721527,-2.2904488763747386,-1.7609994624387026,-0.06965904017750635,0.25586369694995903,0.12766314429706435,-0.040350000000000004,0.13988,0.07263,-0.0007623172862190088,0.0,0.00027326576867123904,-0.006459396658873375,0.0,0.0023030644731611085
293,2.930101899895817,circle,7.624305226060527,4.835954986251003,4.304700065404177,9.876800002530217,124371.0,124371.0,0.0,0.0,8.77,5e-05,1e-08,100.0,0.01,-0.046499489694401555,0.0,0.23170802746025598,-0.039296070736623036,0.0,0.22920987104024323,0.0,0.0,0.0,0.9763762977357346,0.0,2.5183624509032065,-0.21525690672680292,0.0,-2.7306913553422425,0.4242047687006058,0.0,0.8130880309044664,0.5096261055721527,-2.2904488763747386,-1.7609994624387026,-0.06795333232193737,0.2569435396858161,0.12758947006678065,-0.040350000000000004,0.13988,0.06456,-0.0007600617476577511,0.0,0.00026773451042313556,-0.006443357210120768,0.0,0.0022304219095896126
294,2.94024629984051,circle,7.580361618391547,4.76327149646714,4.146800143644214,10.14439994469285,124371.0,124371.0,0.0,0.0,8.77,5e-05,1e-08,100.0,0.01,-0.046499489694401555,0.0,0.23170802746025598,-0.039314988539813044,0.0,0.22929042008408837,0.0,0.0,0.0,0.9888320992647156,0.0,2.522257044895713,-0.22986356694362411,0.0,-2.7257101373382917,0.4330464951624873,0.0,0.8164123618054446,0.5096261055721527,-2.2904488763747386,-1.7609994624387026,-0.06623624438726365,0.2580534561620342,0.12754116345911584,-0.03497,0.14526,0.06994,-0.0007569542244269794,0.0,0.0002581393662145987,-0.006427546930161532,0.0,0.0021594680099530144
295,2.9501161999069154,circle,7.477434609211259,5.650206997858431,4.334000172093511,9.869900066405535,124371.0,124371.0,0.0,0.0,8.77,5e-05,1e-08,100.0,0.01,-0.046277371280630517,0.0,0.23214301441638857,-0.039333518491978844,0.0,0.22936903950940676,0.0,0.0,0.0,0.9767868459548886,0.0,2.478165028525946,-0.2401208489955994,0.0,-2.712394640421438,0.42649392645917117,0.0,0.8045969280979629,0.5096261055721527,-2.2873809147989674,-1.7609994624387026,-0.06857493005436952,0.2548774608382586,0.12709000321514594,-0.040350000000000004,0.14526,0.06725,-0.0005315585756099075,0.0,0.0006900430873203692,-0.006412294213041765,0.0,0.0020839318196614384
296,2.9602740998379886,circle,7.4298066386889445,4.656127026918018,4.154500085860491,10.157899931073189,124371.0,124371.0,0.0,0.0,8.77,5e-05,1e-08,100.0,0.01,-0.046277371280630517,0.0,0.23214301441638857,-0.039352717311005765,0.0,0.22945021028514054,0.00174141029633447,0.0,0.0033974240844086147,0.9589431046733989,0.0,2.4235304402014366,-0.2546649267287475,0.0,-2.7077816958245764,0.42079680559747373,0.0,0.7893080373882947,0.5096261055721527,-2.2873809147989674,-1.7609994624387026,-0.0703502844201252,0.2521966867398766,0.12567405924432667,-0.03228,0.14257,0.06994,-0.0007537115192572394,0.0,0.00023905465469464295,-0.006170942450367512,0.0,0.0024537494765533904
297,2.9701328999362886,circle,7.360545655599373,4.530820371381861,4.334199940785766,9.85880009829998,124371.0,124371.0,0.0,0.0,8.77,5e-05,1e-08,100.0,0.01,-0.04616581188914716,0.0,0.23236025183878753,-0.0393714755441821,0.0,0.2295292403623626,0.0017466198290454831,0.0,0.003394748798398588,0.9589202412899049,0.0,2.403896029997224,-0.267230341746635,0.0,-2.6994959098964917,0.4217913273033413,0.0,0.7850391523599082,0.5096261055721527,-2.285846934011082,-1.7609994624387026,-0.07073852039912505,0.25114443439964085,0.1254583454683563,-0.040350000000000004,0.14526,0.06994,-0.0006511723204239627,0.0,0.00042939086704628067,-0.006143164024541099,0.0,0.002401620609378641
298,2.98046169988811,circle,7.282358020528084,5.194708620506297,5.675500025972724,10.328799951821566,124371.0,124371.0,0.0,0.0,8.77,5e-05,1e-08,100.0,0.01,-0.04594169404953431,0.0,0.2327942120163488,-0.03939126025277664,0.0,0.22961230136181363,0.0035140531027711263,0.0,0.00677874853476872,0.9182236438739224,0.0,2.3068611616896875,-0.2774451732548807,0.0,-2.6870301244479116,0.4015210310529432,0.0,0.7562541821754376,0.5096261055721527,-2.2827789724353105,-1.7609994624387026,-0.07648927840943538,0.2444421604960198,0.12385416596236051,-0.040350000000000004,0.13719,0.06456,-0.0005293591502166049,0.0,0.0006460094409306803,-0.00602107464654107,0.0,0.0025359012136045057
299,2.990108300000429,circle,7.227371814243883,4.399538554246555,4.326099995523691,9.646600112318993,124371.0,124371.0,0.0,0.0,8.77,5e-05,1e-08,100.0,0.01,-0.04582913612877576,0.0,0.2330109337503608,-0.03940986078280312,0.0,0.22969011948667264,0.0052866711516581216,0.0,0.010160025109073375,0.8875364262121814,0.0,2.2290446055662674,-0.2898049960987974,0.0,-2.6788316939939554,0.38775397208168555,0.0,0.7331647415570272,0.5096261055721527,-2.281244991647425,-1.7609994624387026,-0.08031130354164695,0.23955874527197646,0.12216212101046676,-0.04304,0.13719,0.06725,-0.000640518355922954,0.0,0.00042486411511159176,-0.0057787569900496875,0.0,0.002895950148576568
300,3.0002760000061244,circle,7.174241206624065,4.290795393897865,4.170999862253666,10.167700005695224,124371.0,124371.0,0.0,0.0,8.77,5e-05,1e-08,100.0,0.01,-0.045716245893601085,0.0,0.23322748256776907,-0.03942941450580263,0.0,0.2297712580391519,0.007069666944090368,0.0,0.013535871339009607,0.8586934409433885,0.0,2.15596516349681,-0.3021398357360802,0.0,-2.6709327142697874,0.3748358428013466,0.0,0.7115346780597707,0.5096261055721527,-2.2797110108595393,-1.7609994624387026,-0.08399994830967712,0.23493033182632428,0.12065322171037438,-0.04573,0.13181,0.06994,-0.0006392238256001069,0.0,0.00040934590040058155,-0.005647607562198346,0.0,0.0030468786282165762
301,3.0101389000192285,circle,7.152390952577248,4.581118146916479,4.2755999602377415,9.862900013104081,124371.0,124371.0,0.0,0.0,8.77,5e-05,1e-08,100.0,0.01,-0.045603023609651974,0.0,0.23344385795901312,-0.039442202540295956,0.0,0.2298105426561681,0.008863027982399956,0.0,0.01690626335776906,0.8304458972506394,0.0,2.0784766489690796,-0.31436075928099644,0.0,-2.662004816318585,0.3614436163911629,0.0,0.6858488234856529,0.5096261055721527,-2.2781770300716535,-1.7609994624387026,-0.08799933931693414,0.22969404335611032,0.1186836752190022,-0.04573,0.13181,0.06456,-0.0006333205500919864,0.0,0.00046266726248954913,-0.005527500519264031,0.0,0.0031706480403554758
302,3.020310299936682,circle,7.158852406531021,5.489516165495347,4.104000050574541,10.171399917453527,124371.0,124371.0,0.0,0.0,8.77,5e-05,1e-08,100.0,0.01,-0.045375583961903,0.0,0.23387608642680946,-0.039455433060442545,0.0,0.22985104219321004,0.010697824748632867,0.0,0.020254790892054505,0.7888269260361882,0.0,1.9766209064084213,-0.3240453101234698,0.0,-2.6485627904062192,0.3402300011753031,0.0,0.6524764576944763,0.5096261055721527,-2.2751090684958823,-1.7609994624387026,-0.09437384660608952,0.22223566323089933,0.11664172114089005,-0.04573,0.12912,0.06725,-0.0005018791326933071,0.0,0.000696601465186397,-0.005418271768767147,0.0,0.003328442768413026
303,3.030195700004697,circle,7.156274178832078,4.510787924140666,4.216999979689717,9.88540006801486,124371.0,124371.0,0.0,0.0,8.77,5e-05,1e-08,100.0,0.01,-0.045261367133290584,0.0,0.2340919384862863,-0.039468332892766245,0.0,0.22989038943733645,0.012517029710355622,0.0,0.02361141627350642,0.7574230664929604,0.0,1.8938576934408518,-0.3355914802353944,0.0,-2.638959273776974,0.32558779875745303,0.0,0.6251211094519595,0.5096261055721527,-2.2735750877079965,-1.7609994624387026,-0.09836563842831024,0.21670606960597283,0.11431465559959597,-0.0538,0.11836,0.06456,-0.0005983533193836986,0.0,0.0004976798364447177,-0.0051946809211406405,0.0,0.0037038692125051253
304,3.0402899000328034,circle,7.204060824468849,5.528997185045941,4.613300086930394,10.09420002810657,124371.0,124371.0,0.0,0.0,8.77,5e-05,1e-08,100.0,0.01,-0.04503194081040546,0.0,0.23452311571679493,-0.03948154722055412,0.0,0.22993055397410883,0.012589409606285865,0.0,0.023572903447358625,0.7410823698085525,0.0,1.8416987398724503,-0.34464441436866905,0.0,-2.62501306301749,0.3167050013367838,0.0,0.6077412367907278,0.5096261055721527,-2.2705071261322254,-1.7609994624387026,-0.10180976209813286,0.21250796531332888,0.11345414759986695,-0.0538,0.11836,0.06725,-0.00046914728419827044,0.0,0.0007227299797333085,-0.005081246305653065,0.0,0.0038698317629527936
305,3.0501796000171453,circle,7.220753058526686,4.468086170202423,4.633100004866719,9.88969998434186,124371.0,124371.0,0.0,0.0,8.77,5e-05,1e-08,100.0,0.01,-0.04491673185599504,0.0,0.234738439873225,-0.03949453500497827,0.0,0.22996989124276665,0.014429205900612299,0.0,0.02691835863501005,0.7086222291444881,0.0,1.7586544568277473,-0.35551215436311795,0.0,-2.6147515570169704,0.30171405038313065,0.0,0.5803549098265091,0.5096261055721527,-2.26897314534434,-1.7609994624387026,-0.10580796633156325,0.20695157553635318,0.11108365655135985,-0.0538,0.12105,0.05918,-0.0005631954980997817,0.0,0.0005317788230274683,-0.004859001352916986,0.0,0.004236769807430895
306,3.0602126999292523,circle,7.243043863986424,4.462717425848537,6.491800071671605,10.03309991210699,124371.0,124371.0,0.0,0.0,8.77,5e-05,1e-08,100.0,0.01,-0.04480119273414393,0.0,0.23495358704806252,-0.03950775273402021,0.0,0.23000978513245934,0.01447048114933428,0.0,0.026896192854003784,0.7046201959968539,0.0,1.7293805875278543,-0.36605143788576944,0.0,-2.60416565824163,0.3002312052311233,0.0,0.570182763620263,0.5096261055721527,-2.2674391645564542,-1.7609994624387026,-0.10691532154392941,0.20488724355749935,0.11021909974454927,-0.056490000000000005,0.11567000000000001,0.06187,-0.0005461741077509887,0.0,0.0005485898359160078,-0.004747265892372728,0.0,0.0043952120796871665
307,3.070225599920377,circle,7.343891741393585,5.956441884514902,5.131000187247992,10.012899991124868,124371.0,124371.0,0.0,0.0,8.77,5e-05,1e-08,100.0,0.01,-0.044569125076394725,0.0,0.23538334842832898,-0.03952098563273298,0.0,0.2300495848352687,0.014552929405052015,0.0,0.026851671467747806,0.6868305905412061,0.0,1.6764445978342841,-0.373857369343171,0.0,-2.5887743644919996,0.29090327764330887,0.0,0.5526193300713379,0.5096261055721527,-2.264371202980683,-1.7609994624387026,-0.11050193669186764,0.2006201217214293,0.10936017090250649,-0.05918,0.11298000000000001,0.05918,-0.00040452450459302087,0.0,0.000797618517801797,-0.0046436149390687255,0.0,0.00453614507525849
308,3.0802311999723315,circle,7.384783452349788,4.630119292362453,4.952300107106566,10.005600051954389,124371.0,124371.0,0.0,0.0,8.77,5e-05,1e-08,100.0,0.01,-0.044452597086574286,0.0,0.23559796162248786,-0.03953425056297479,0.0,0.23008934163996084,0.014594102219023315,0.0,0.026829315966331948,0.6796541871452838,0.0,1.6420873131862488,-0.3834737827784773,0.0,-2.5769831671255794,0.28798003597085897,0.0,0.540843049894045,0.5096261055721527,-2.2628372221927973,-1.7609994624387026,-0.11153785990275754,0.19827108367871582,0.10810859071105586,-0.05918,0.11298000000000001,0.06187,-0.000498348671972175,0.0,0.0006110518841612421,-0.004419997851627319,0.0,0.004897568098365782
309,3.0903063998557627,circle,7.522989514378004,6.289450838517636,4.4479998759925365,10.075199883431196,124371.0,124371.0,0.0,0.0,8.77,5e-05,1e-08,100.0,0.01,-0.04421855415604911,0.0,0.23602665049383031,-0.03954764985003624,0.0,0.2301293609301823,0.01467634471732719,0.0,0.026784415629139545,0.6607083227455959,0.0,1.5880938393098545,-0.39050787348669735,0.0,-2.5607044565914845,0.27826450080260684,0.0,0.5229772318937874,0.5096261055721527,-2.259769260617026,-1.7609994624387026,-0.11521114318008532,0.19392983364232114,0.10721350939319349,-0.05918,0.11298000000000001,0.06456,-0.0003645257542440822,0.0,0.0008436071528943479,-0.004306378551768789,0.0,0.005053682410753669
310,3.1003942999523133,circle,7.58101356158616,4.793911637113919,4.2860999237746,10.087900096550584,124371.0,124371.0,0.0,0.0,8.77,5e-05,1e-08,100.0,0.01,-0.04410103976607001,0.0,0.2362407251622676,-0.03956110832309732,0.0,0.23016941648010844,0.01471741420863531,0.0,0.026761870897196848,0.6526310646329561,0.0,1.5529439520910462,-0.39937912123630653,0.0,-2.5480159490140974,0.2749805535710106,0.0,0.5109708035986854,0.5096261055721527,-2.2582352798291403,-1.7609994624387026,-0.11632245263570265,0.19152137133063868,0.10594233389398774,-0.06456,0.11298000000000001,0.05918,-0.00045973231477014747,0.0,0.0006575531564641203,-0.004080199128202543,0.0,0.00541375552569504
311,3.1100530999246985,circle,7.646177804401403,4.892264253701903,4.551999969407916,9.658799972385168,124371.0,124371.0,0.0,0.0,8.77,5e-05,1e-08,100.0,0.01,-0.04398319712805246,0.0,0.23645461931408984,-0.03957403397129594,0.0,0.23020775487874137,0.01475844907534967,0.0,0.02673926318337103,0.6464169301550858,0.0,1.5212170436974974,-0.4079511553931341,0.0,-2.5349340882939106,0.2726068573539686,0.0,0.500049368016844,0.5096261055721527,-2.2567012990412545,-1.7609994624387026,-0.11762460224614114,0.1892873588631453,0.10501216241538752,-0.06456,0.1076,0.05918,-0.00044422631734896117,0.0,0.0006779378972926638,-0.003964936839407557,0.0,0.005568926538055807
312,3.1201227998826653,circle,7.714997559904107,5.065625343481979,4.378799814730883,10.069699957966805,124371.0,124371.0,0.0,0.0,8.77,5e-05,1e-08,100.0,0.01,-0.04386502651929167,0.0,0.23666833244598345,-0.039587550776542246,0.0,0.2302477103094988,0.014799449212305223,0.0,0.026716592551559844,0.6398002560802625,0.0,1.4892950138665575,-0.41604539469516505,0.0,-2.5212313084306412,0.2700426780304715,0.0,0.48908258974498364,0.5096261055721527,-2.255167318253369,-1.7609994624387026,-0.11896197156334501,0.18703318327259763,0.10408269605817985,-0.06725,0.10491,0.05918,-0.0004194657400091351,0.0,0.0007101157355313536,-0.0038580100027402853,0.0,0.00571050640095329
313,3.1301645999774337,circle,7.789088874873999,5.281739493625326,4.366100067272782,10.041800094768405,124371.0,124371.0,0.0,0.0,8.77,5e-05,1e-08,100.0,0.01,-0.04374652821785438,0.0,0.23688186405506084,-0.03960107208155951,0.0,0.23028754082043387,0.014840414519661732,0.0,0.026693859057673817,0.6326698750594703,0.0,1.4567592347176725,-0.4236806771158053,0.0,-2.506885889336724,0.2672552305593905,0.0,0.4779275465089,0.5096261055721527,-2.2536333374654833,-1.7609994624387026,-0.12034843647903826,0.1847363291180727,0.10313846604450544,-0.06456,0.1076,0.05111,-0.0003956813884056602,0.0,0.0007434191732054295,-0.0037497747478892098,0.0,0.00585090406142154
314,3.140110499924049,circle,7.868594431201082,5.514564079949285,4.3745997827500105,9.9458999466151,124371.0,124371.0,0.0,0.0,8.77,5e-05,1e-08,100.0,0.01,-0.04362770250257865,0.0,0.23709521363886138,-0.03961450553616335,0.0,0.23032697690899712,0.014881344913553397,0.0,0.026671062752298677,0.6250552582448214,0.0,1.423558470579138,-0.43087896770891165,0.0,-2.4919221189581044,0.2642684275323919,0.0,0.46656318499863036,0.5096261055721527,-2.252099356677598,-1.7609994624387026,-0.12178098418327465,0.1823956616960794,0.10217577249826457,-0.06456,0.10491,0.06187,-0.0003730353174952266,0.0,0.0007754639468792388,-0.003640161648920072,0.0,0.005992772782985024
315,3.15015110000968,circle,8.082882845767433,8.101951163160184,4.349099937826395,10.040600085631013,124371.0,124371.0,0.0,0.0,8.77,5e-05,1e-08,100.0,0.01,-0.04338906994971495,0.0,0.23752136472293311,-0.03962810855274959,0.0,0.23036677427560925,0.013092712977405968,0.0,0.023297121668416316,0.6309433838976954,0.0,1.416079607914753,-0.4353612900783737,0.0,-2.472300482944245,0.2663834174825182,0.0,0.4635296084698414,0.5096261055721527,-2.2490313951018264,-1.7609994624387026,-0.1225673000087068,0.181144515728416,0.10233299147367983,-0.06456,0.10222,0.05111,-0.0002322863661812966,0.0,0.001016847551894952,-0.00352867503078406,0.0,0.006137742895428909
316,3.1601040998939425,circle,8.041684989858837,4.316914322598611,5.882600089535117,9.952999884262681,124371.0,124371.0,0.0,0.0,8.77,5e-05,1e-08,100.0,0.01,-0.04338906994971495,0.0,0.23752136472293311,-0.039641634179977445,0.0,0.2304062102883609,0.013092712977405968,0.0,0.023297121668416316,0.6338729548268417,0.0,1.4007839991628757,-0.44416166748161345,0.0,-2.4605361205937966,0.2694493660801684,0.0,0.4577080895801675,0.5096261055721527,-2.2490313951018264,-1.7609994624387026,-0.12162132244615598,0.18065659423088432,0.10105976483237544,-0.06994,0.10222,0.056490000000000005,-0.00045606000019294494,0.0,0.0006096619326621568,-0.0032913757695445583,0.0,0.006505492501910067
317,3.1701686000451446,circle,8.134901783282135,5.983779449672881,4.397899843752384,10.064500151202083,124371.0,124371.0,0.0,0.0,8.77,5e-05,1e-08,100.0,0.01,-0.04326926367365251,0.0,0.23773416522042948,-0.0396553531194133,0.0,0.23044607373296822,0.01312843489656032,0.0,0.023277010293617974,0.627360769593371,0.0,1.370232036673912,-0.4504125343455715,0.0,-2.4444079726685333,0.26700493278257936,0.0,0.44719541938488144,0.5096261055721527,-2.247497414313941,-1.7609994624387026,-0.12326763401939123,0.17843919916350787,0.10039375770349088,-0.06456,0.09953000000000001,0.05111,-0.0003239373209899688,0.0,0.0008358055202813191,-0.0032899732332492392,0.0,0.006452285967179943
318,3.1800961999688298,circle,8.233123783337286,6.363965280745064,4.4148999731987715,9.927599923685193,124371.0,124371.0,0.0,0.0,8.77,5e-05,1e-08,100.0,0.01,-0.0431491311068011,0.0,0.2379467816871022,-0.03966892660329279,0.0,0.23048538075661237,0.013164125922816123,0.0,0.02325684415212391,0.6182802253123829,0.0,1.3352758629442298,-0.45615260347681663,0.0,-2.4275185850557444,0.26340735158975,0.0,0.4352842226478834,0.5096261055721527,-2.245963433526055,-1.7609994624387026,-0.12483470727487389,0.1759786713131684,0.09938526497586939,-0.06994,0.10222,0.05918,-0.0002974663941467076,0.0,0.0008752551785787613,-0.0031827381093616045,0.0,0.00658614575191107
319,3.190308399964124,circle,8.334445771375545,6.545067752371921,4.233099985867739,10.212199995294213,124371.0,124371.0,0.0,0.0,8.77,5e-05,1e-08,100.0,0.01,-0.04302867253184428,0.0,0.2381592136226441,-0.03968293183624638,0.0,0.230525799870343,0.011314102261977925,0.0,0.019917105667609892,0.6366041809562885,0.0,1.3489923222043896,-0.4615735352252524,0.0,-2.410259720586889,0.27239060841203483,0.0,0.43882192781132123,0.5096261055721527,-2.2444294527381694,-1.7609994624387026,-0.12338976476432634,0.17675185022879789,0.09954722525935676,-0.06994,0.09684000000000001,0.056490000000000005,-0.0002809278349951202,0.0,0.0008944025962158153,-0.0030648128606027784,0.0,0.0067390111560853005
320,3.200138699961826,circle,8.441500084752825,6.728595534483351,4.278399981558323,9.830299997702241,124371.0,124371.0,0.0,0.0,8.77,5e-05,1e-08,100.0,0.01,-0.04290788823223282,0.0,0.23837146052718222,-0.03969645414636797,0.0,0.23056469328375634,0.011344641394289218,0.0,0.01989972662553548,0.6267047970138345,0.0,1.3128595570986226,-0.4667381182917832,0.0,-2.3926597675432184,0.2684479879088876,0.0,0.4265356176011598,0.5096261055721527,-2.242895471950284,-1.7609994624387026,-0.12503656238328645,0.17421443673410297,0.09850657807058501,-0.06994,0.09953000000000001,0.048420000000000005,-0.0002676431573163493,0.0,0.0009120788533258685,-0.0029437909285484998,0.0,0.006894688390100014
321,3.2100986998993903,circle,8.399842277404668,4.833158334874844,4.308199975639582,9.959999937564135,124371.0,124371.0,0.0,0.0,8.77,5e-05,1e-08,100.0,0.01,-0.04290788823223282,0.0,0.23837146052718222,-0.03971019569482562,0.0,0.23060408563462778,0.00945386782857435,0.0,0.016583105521279565,0.6583686469827487,0.0,1.3488283857181693,-0.4740121768346176,0.0,-2.378921244684334,0.28461867296718374,0.0,0.4369829646948314,0.5096261055721527,-2.242895471950284,-1.7609994624387026,-0.12139266140547333,0.1770687591840791,0.09877240068247324,-0.06994,0.09684000000000001,0.056490000000000005,-0.00037696212086423854,0.0,0.0007119687976017827,-0.0028207304165429655,0.0,0.007055406094952658
322,3.220208799932152,circle,8.35755488216957,4.912958960837339,4.241799935698509,10.110100032761693,124371.0,124371.0,0.0,0.0,8.77,5e-05,1e-08,100.0,0.01,-0.04290788823223282,0.0,0.23837146052718222,-0.0397241863446976,0.0,0.23064405695937362,0.00945386782857435,0.0,0.016583105521279565,0.6640383258261342,0.0,1.3394749983133718,-0.48104318695974313,0.0,-2.364913609759644,0.28886429425936944,0.0,0.43307756548983994,0.5096261055721527,-2.242895471950284,-1.7609994624387026,-0.12084767814727655,0.17686337754538084,0.09812583033559966,-0.06994,0.09415,0.05918,-0.0003643667041755192,0.0,0.0007259150079395038,-0.002819335183359704,0.0,0.007001488559869096
323,3.2301151000428945,circle,8.468199208039527,7.354477883029768,4.31269989348948,9.90630011074245,124371.0,124371.0,0.0,0.0,8.77,5e-05,1e-08,100.0,0.01,-0.04278677849218371,0.0,0.23858352190127924,-0.03973793601054342,0.0,0.23068320815123192,0.0094792948602639,0.0,0.016568583965325415,0.6557636602561443,0.0,1.3065996732098113,-0.48533761251681334,0.0,-2.3462244893714055,0.2856411783836866,0.0,0.4218258426574524,0.5096261055721527,-2.2413614911623982,-1.7609994624387026,-0.12256233044534562,0.17450165897178066,0.09733834987424073,-0.06725,0.09953000000000001,0.056490000000000005,-0.0002225492210809468,0.0,0.0009685228279817009,-0.0028262932605593394,0.0,0.006931790922065621
324,3.2402717999648303,circle,8.425673549309666,5.275239014649355,4.107299959287047,10.156699921935797,124371.0,124371.0,0.0,0.0,8.77,5e-05,1e-08,100.0,0.01,-0.04278677849218371,0.0,0.23858352190127924,-0.03975207538423272,0.0,0.23072333412959534,0.007583435888211119,0.0,0.013254867172260333,0.6865878651405967,0.0,1.3415164658525995,-0.4916696730179027,0.0,-2.331268957562262,0.3013567558751122,0.0,0.4319556471624607,0.5096261055721527,-2.2413614911623982,-1.7609994624387026,-0.1190601096255054,0.17727330049931828,0.09761987215884997,-0.06725,0.09684000000000001,0.05111,-0.0003281452278590894,0.0,0.0007750378241681228,-0.0027065578800918987,0.0,0.007085149947515779
325,3.250369600020349,circle,8.539389338310185,7.63680524677812,4.0957999881356955,10.097800055518746,124371.0,124371.0,0.0,0.0,8.77,5e-05,1e-08,100.0,0.01,-0.042665343596679894,0.0,0.23879539724593427,-0.039766175061918624,0.0,0.2307632124822292,0.007603759670115825,0.0,0.013243218738738566,0.6776146266483728,0.0,1.3077509940138008,-0.49551986393824193,0.0,-2.3121112532379176,0.29779461822602754,0.0,0.42042603522017874,0.5096261055721527,-2.2398275103745124,-1.7609994624387026,-0.12079611963971587,0.17485495196242046,0.09678260417767244,-0.06456,0.09415,0.05111,-0.0001995277650776511,0.0,0.000992806332709895,-0.0026996407696836195,0.0,0.007039378430995174
326,3.2604985998477787,circle,8.496961725922008,5.394119909089884,3.916800022125244,10.128999827429652,124371.0,124371.0,0.0,0.0,8.77,5e-05,1e-08,100.0,0.01,-0.042665343596679894,0.0,0.23879539724593427,-0.039780360660841715,0.0,0.23080319904821006,0.005702819752586869,0.0,0.009932414054053925,0.7080651627996016,0.0,1.3421405221833504,-0.5015071539961626,0.0,-2.2968187956507173,0.3132944264692902,0.0,0.43039054079798655,0.5096261055721527,-2.2398275103745124,-1.7609994624387026,-0.11738445897160774,0.17758381765003722,0.09708731408893885,-0.06456,0.09953000000000001,0.05111,-0.0003102783010247752,0.0,0.0007924983945571135,-0.002574704634813404,0.0,0.0071996998031670905
327,3.2700906998943537,circle,8.456782837563718,5.392561136593532,4.325800109654665,9.59210004657507,124371.0,124371.0,0.0,0.0,8.77,5e-05,1e-08,100.0,0.01,-0.042665343596679894,0.0,0.23879539724593427,-0.03979383342926357,0.0,0.23084105218677717,0.005702819752586869,0.0,0.009932414054053925,0.7125084593096823,0.0,1.3310004922895826,-0.5074475051416046,0.0,-2.2815105903344794,0.3169526126625887,0.0,0.42592602039552335,0.5096261055721527,-2.2398275103745124,-1.7609994624387026,-0.11697261756666658,0.1772574250736988,0.09640093089208203,-0.06456,0.10222,0.05111,-0.0003078458168030182,0.0,0.0007933145455519914,-0.0025636643506133064,0.0,0.007161030513605106
328,3.280213200021535,circle,8.414382066213657,5.445985584439763,4.231400089338422,10.12250012718141,124371.0,124371.0,0.0,0.0,8.77,5e-05,1e-08,100.0,0.01,-0.042665343596679894,0.0,0.23879539724593427,-0.039808092408334925,0.0,0.23088098373620916,0.0038018798350579123,0.0,0.006621609369369283,0.7450413890992108,0.0,1.3692337444599698,-0.513178438713857,0.0,-2.2660362078312466,0.3333834499072332,0.0,0.43711844602359773,0.5096261055721527,-2.2398275103745124,-1.7609994624387026,-0.11352646926205372,0.18020774972558173,0.09693741275628573,-0.06187,0.10222,0.05111,-0.0002969932263305699,0.0,0.0008019263750255372,-0.0025602579620144,0.0,0.007112487134699567
329,3.2901611998677254,circle,8.372712107741966,5.508814404027653,4.301700042560697,9.947999846190214,124371.0,124371.0,0.0,0.0,8.77,5e-05,1e-08,100.0,0.01,-0.042665343596679894,0.0,0.23879539724593427,-0.039822146811472475,0.0,0.23092021216368286,0.0038018798350579123,0.0,0.006621609369369283,0.7491620686888677,0.0,1.3580624983451541,-0.5187530599521528,0.0,-2.250404025506993,0.3368486363636476,0.0,0.43267036599405023,0.5096261055721527,-2.2398275103745124,-1.7609994624387026,-0.11314833310297226,0.17986832798722374,0.09626130536296904,-0.06187,0.10491,0.0538,-0.0002888926976481591,0.0,0.0008101040642470754,-0.00255430408755926,0.0,0.0070650810180043315
330,3.300115699879825,circle,8.331014838736772,5.527612224851565,4.308599978685379,9.954500012099743,124371.0,124371.0,0.0,0.0,8.77,5e-05,1e-08,100.0,0.01,-0.042665343596679894,0.0,0.23879539724593427,-0.03983625129667401,0.0,0.23095945154670308,0.0019009399175289562,0.0,0.0033108046846846415,0.7813473754407344,0.0,1.3958957103049834,-0.5242109390079722,0.0,-2.2347007475100042,0.353103171563366,0.0,0.44374630919181945,0.5096261055721527,-2.2398275103745124,-1.7609994624387026,-0.10973355844473386,0.18278927975784015,0.09678935094540825,-0.06187,0.10491,0.056490000000000005,-0.00028284280471979877,0.0,0.0008137884966921902,-0.0025462494952860877,0.0,0.007022157202538994
331,3.3102609999477863,circle,8.288518309919027,5.477937203971107,4.162600031122565,10.145300067961216,124371.0,124371.0,0.0,0.0,8.77,5e-05,1e-08,100.0,0.01,-0.042665343596679894,0.0,0.23879539724593427,-0.039850668205571434,0.0,0.23099942788885292,0.0,0.0,0.0,0.8133805137636362,0.0,1.4337388671898952,-0.5296135301594713,0.0,-2.219057550901757,0.3692645432428398,0.0,0.454839042046006,0.5096261055721527,-2.2398275103745124,-1.7609994624387026,-0.10632796571364742,0.18570584858044878,0.09732114855850552,-0.06187,0.1076,0.05111,-0.0002799776457511828,0.0,0.0008106749586602778,-0.002534697745357278,0.0,0.006985294398421073
332,3.320305800065398,circle,8.246442761807272,5.4145031805691035,4.08330000936985,10.044800117611885,124371.0,124371.0,0.0,0.0,8.77,5e-05,1e-08,100.0,0.01,-0.042665343596679894,0.0,0.23879539724593427,-0.039864984134131504,0.0,0.23103899311100942,0.0,0.0,0.0,0.8171434958437491,0.0,1.4224355295272522,-0.5350032493973202,0.0,-2.203511594008685,0.3725241641921709,0.0,0.4503734898982749,0.5096261055721527,-2.2398275103745124,-1.7609994624387026,-0.10598764162316354,0.1853477196262642,0.09665184480284258,-0.05918,0.1076,0.056490000000000005,-0.00027931060311020507,0.0,0.000805635767673521,-0.0025210488594381857,0.0,0.006950768367251323
333,3.330470999935642,circle,8.203862940412606,5.339456839085554,4.010000033304095,10.165199870243669,124371.0,124371.0,0.0,0.0,8.77,5e-05,1e-08,100.0,0.01,-0.042665343596679894,0.0,0.23879539724593427,-0.039879514018718955,0.0,0.23107901721980587,0.0,0.0,0.0,0.820869143587377,0.0,1.4112794045251622,-0.5403753419988898,0.0,-2.1880806474059304,0.3757484176119586,0.0,0.445965083150486,0.5096261055721527,-2.2398275103745124,-1.7609994624387026,-0.10565053489501595,0.1849946766403323,0.09599083221677344,-0.056490000000000005,0.09953000000000001,0.048420000000000005,-0.00027839715636461234,0.0,0.0007996756520849769,-0.0025074324215963273,0.0,0.006916704374043423
334,3.34032760001719,circle,8.162575876996078,5.2885995578222085,4.291000077500939,9.856600081548095,124371.0,124371.0,0.0,0.0,8.77,5e-05,1e-08,100.0,0.01,-0.042665343596679894,0.0,0.23879539724593427,-0.03989364347574104,0.0,0.2311178114673639,0.0,0.0,0.0,0.8246232207042199,0.0,1.4001033306177904,-0.5457399929719482,0.0,-2.1727297154230407,0.37899163670959973,0.0,0.44154691799300616,0.5096261055721527,-2.2398275103745124,-1.7609994624387026,-0.10531056115494226,0.1846417897968911,0.0953278459159387,-0.056490000000000005,0.09953000000000001,0.056490000000000005,-0.00027801152498253606,0.0,0.0007955291093305512,-0.002493688595956315,0.0,0.00688205666923981
335,3.350160300033167,circle,8.121389070012928,5.22448940066554,4.316200036555529,9.832700015977025,124371.0,124371.0,0.0,0.0,8.77,5e-05,1e-08,100.0,0.01,-0.042665343596679894,0.0,0.23879539724593427,-0.03990777856162562,0.0,0.23115649709578362,0.0,0.0,0.0,0.8283694053375436,0.0,1.3889952857794092,-0.551087783839193,0.0,-2.1574776275970615,0.3822241890603976,0.0,0.437154353010187,0.5096261055721527,-2.2398275103745124,-1.7609994624387026,-0.1049711004711372,0.18429159178238835,0.09466835047294664,-0.05918,0.09684000000000001,0.04573,-0.00027713780048402173,0.0,0.000790406763804279,-0.0024804272345702537,0.0,0.006848493386346367
336,3.3600812000222504,circle,8.079833007891878,5.154975381880185,4.377299919724464,9.92089998908341,124371.0,124371.0,0.0,0.0,8.77,5e-05,1e-08,100.0,0.01,-0.042665343596679894,0.0,0.23879539724593427,-0.039922080803831216,0.0,0.2311955149649518,0.0,0.0,0.0,0.832079785534586,0.0,1.378022451955877,-0.5564135247485581,0.0,-2.1423321398331123,0.385423338676409,0.0,0.4328144058058327,0.5096261055721527,-2.2398275103745124,-1.7609994624387026,-0.10463475237499574,0.1839460103980684,0.0940165254312347,-0.0538,0.10491,0.056490000000000005,-0.0002759951222809343,0.0,0.00078488248274808,-0.0024672676705677445,0.0,0.006814999798234382
337,3.370101299835369,circle,8.03786166958592,5.086496276042792,6.35869987308979,10.020099813118577,124371.0,124371.0,0.0,0.0,8.77,5e-05,1e-08,100.0,0.01,-0.042665343596679894,0.0,0.23879539724593427,-0.0399365671935688,0.0,0.23123490787280354,0.0,0.0,0.0,0.8357472314316451,0.0,1.3671972776151222,-0.5617156361605833,0.0,-2.1272917627224364,0.38858368487820283,0.0,0.4285322519732916,0.5096261055721527,-2.2398275103745124,-1.7609994624387026,-0.10430220225789322,0.18360533208161217,0.09337321655313442,-0.056490000000000005,0.10491,0.048420000000000005,-0.00027477058710136115,0.0,0.0007794353848456443,-0.002454005816009734,0.0,0.00678105398828508
338,3.38004479999654,circle,7.996211479354736,5.029012760439268,4.3703000992536545,9.94350016117096,124371.0,124371.0,0.0,0.0,8.77,5e-05,1e-08,100.0,0.01,-0.042665343596679894,0.0,0.23879539724593427,-0.0399509836951002,0.0,0.2312739845895737,0.0,0.0,0.0,0.8393992437737146,0.0,1.356442465691597,-0.5669981908359052,0.0,-2.1123403166159265,0.39172858749977657,0.0,0.4242772055732907,0.5096261055721527,-2.2398275103745124,-1.7609994624387026,-0.10397093926652734,0.183267172031281,0.09273378312101806,-0.056490000000000005,0.10491,0.05111,-0.0002737571133491698,0.0,0.0007748267605511266,-0.0024406027882305226,0.0,0.006746585895809428
339,3.3904305999167264,circle,7.952709001892512,4.946496205111157,4.013899946585298,10.3857999201864,124371.0,124371.0,0.0,0.0,8.77,5e-05,1e-08,100.0,0.01,-0.042665343596679894,0.0,0.23879539724593427,-0.039966084897679256,0.0,0.23131478343792014,0.0,0.0,0.0,0.8429535386615797,0.0,1.34596537119878,-0.5722457245065806,0.0,-2.0975150457008613,0.39479021979957196,0.0,0.420132318593567,0.5096261055721527,-2.2398275103745124,-1.7609994624387026,-0.10364858435802385,0.18293761987727442,0.09211098397037662,-0.05918,0.09684000000000001,0.05111,-0.0002719422362635589,0.0,0.0007682880337453726,-0.0024273164627370792,0.0,0.006712325774268752
340,3.400090599898249,circle,7.912247032989168,4.924858624440457,4.298199899494648,9.65999998152256,124371.0,124371.0,0.0,0.0,8.77,5e-05,1e-08,100.0,0.01,-0.042665343596679894,0.0,0.23879539724593427,-0.03998017059176645,0.0,0.23135271634153362,0.0,0.0,0.0,0.8465892196166392,0.0,1.3353000859911035,-0.5774903471995468,0.0,-2.0827252756327805,0.3979174755222445,0.0,0.4159114802851752,0.5096261055721527,-2.2398275103745124,-1.7609994624387026,-0.10331861537732502,0.18260278375841738,0.09147636163768685,-0.05918,0.10222,0.04573,-0.00027179139220474824,0.0,0.0007664483095386181,-0.0024133816127086954,0.0,0.006676232594862027
341,3.4104960998520255,circle,7.868662928704787,4.830223796412636,3.882500110194087,10.405499953776598,124371.0,124371.0,0.0,0.0,8.77,5e-05,1e-08,100.0,0.01,-0.042665343596679894,0.0,0.23879539724593427,-0.039995386254435175,0.0,0.23139356071192688,0.0,0.0,0.0,0.8500928940484948,0.0,1.3249895057910193,-0.5826901206720443,0.0,-2.0680803463808495,0.40093401171507687,0.0,0.4118319584369706,0.5096261055721527,-2.2398275103745124,-1.7609994624387026,-0.10300077278586005,0.18227868121674357,0.09086324656425997,-0.05918,0.10222,0.048420000000000005,-0.00026946718750781896,0.0,0.0007589422727050776,-0.0024004901547369003,0.0,0.006642894261302311
342,3.420132099883631,circle,7.8283024129133825,4.8110991285685465,4.498099908232689,9.636000031605363,124371.0,124371.0,0.0,0.0,8.77,5e-05,1e-08,100.0,0.01,-0.042665343596679894,0.0,0.23879539724593427,-0.04000951638314152,0.0,0.2314313697826602,0.0,0.0,0.0,0.8536761085618196,0.0,1.3144908416271137,-0.5878861416596802,0.0,-2.053466766749637,0.4040150416860439,0.0,0.40767668463623186,0.5096261055721527,-2.2398275103745124,-1.7609994624387026,-0.10267550776333777,0.18194923269019236,0.0902383806645618,-0.0538,0.09684000000000001,0.048420000000000005,-0.00026927273304737506,0.0,0.0007573176737094732,-0.002386554480490999,0.0,0.00660670978956458
343,3.4301062000449747,circle,7.786526308422352,4.73889699893191,4.423199919983745,9.974100161343813,124371.0,124371.0,0.0,0.0,8.77,5e-05,1e-08,100.0,0.01,-0.042665343596679894,0.0,0.23879539724593427,-0.0400241824743809,0.0,0.23147049042892903,0.0,0.0,0.0,0.8571944475382478,0.0,1.3041672788953542,-0.5930473969962612,0.0,-2.0389648131687,0.40704159018729413,0.0,0.40359114769266013,0.5096261055721527,-2.2398275103745124,-1.7609994624387026,-0.10235619882831264,0.18162509336874877,0.08962412141819989,-0.0538,0.09415,0.04573,-0.0002674710867058283,0.0,0.0007515329180013417,-0.002373690035593165,0.0,0.006573373899003892
344,3.440297699999064,circle,7.743840266539057,4.671294716466023,4.058199934661388,10.191499954089522,124371.0,124371.0,0.0,0.0,8.77,5e-05,1e-08,100.0,0.01,-0.042665343596679894,0.0,0.23879539724593427,-0.04003921043226582,0.0,0.23151044792034275,0.0,0.0,0.0,0.8606368255400177,0.0,1.2940470378001527,-0.598175308851594,0.0,-2.024567952439203,0.4100044923055578,0.0,0.3995866441674721,0.5096261055721527,-2.2398275103745124,-1.7609994624387026,-0.10204387167714975,0.18130709636633693,0.08902220163432548,-0.056490000000000005,0.10222,0.0538,-0.00026574314073872767,0.0,0.0007460867298364066,-0.0023603900236753477,0.0,0.006538862595755104
345,3.4500497998669744,circle,7.70299525972151,4.638385886335766,3.448599949479103,9.752099867910147,124371.0,124371.0,0.0,0.0,8.77,5e-05,1e-08,100.0,0.01,-0.042665343596679894,0.0,0.23879539724593427,-0.040053630387869146,0.0,0.23154866763277665,0.0,0.0,0.0,0.8641155890982177,0.0,1.2838412598489464,-0.6032889487575687,0.0,-2.0102232563270093,0.4129968526020137,0.0,0.39554767335345004,0.5096261055721527,-2.2398275103745124,-1.7609994624387026,-0.10172814697641261,0.18098667591781226,0.08841493030777749,-0.0538,0.09684000000000001,0.05111,-0.00026500353591530365,0.0,0.0007433834335734812,-0.0023467096728954444,0.0,0.006503346179584134
346,3.460129699902609,circle,7.660778046660444,4.568651876183805,4.393799928948283,10.079900035634637,124371.0,124371.0,0.0,0.0,8.77,5e-05,1e-08,100.0,0.01,-0.042665343596679894,0.0,0.23879539724593427,-0.040068576058959235,0.0,0.2315881565370891,0.0,0.0,0.0,0.8675201522785503,0.0,1.2738267443055364,-0.6083661182467434,0.0,-1.9959875529784805,0.4159276781603763,0.0,0.39158516486324335,0.5096261055721527,-2.2398275103745124,-1.7609994624387026,-0.10141927533178294,0.18067193408902038,0.08781936619128289,-0.0538,0.09415,0.048420000000000005,-0.0002631135421554843,0.0,0.0007377351378740323,-0.002333653995565175,0.0,0.006469505570971121
347,3.470125799998641,circle,7.6189125991666,4.518572200290434,4.296600120142102,9.996100096032023,124371.0,124371.0,0.0,0.0,8.77,5e-05,1e-08,100.0,0.01,-0.042665343596679894,0.0,0.23879539724593427,-0.04008343863473348,0.0,0.23162730154615346,0.0,0.0,0.0,0.8708979393716741,0.0,1.2638834413970281,-0.613417451872694,0.0,-1.9818308256834933,0.41883610605775035,0.0,0.387651055560516,0.5096261055721527,-2.2398275103745124,-1.7609994624387026,-0.10111286703333619,0.18035933762250966,0.08722813056540418,-0.056490000000000005,0.10222,0.04304,-0.0002617746611165185,0.0,0.0007336423931940837,-0.002320130300829896,0.0,0.006434453306586718
348,3.4802265998441726,circle,7.576609510062793,4.460944887242721,4.149300046265125,10.100799845531583,124371.0,124371.0,0.0,0.0,8.77,5e-05,1e-08,100.0,0.01,-0.042665343596679894,0.0,0.23879539724593427,-0.04009849849628254,0.0,0.2316668407371774,0.0,0.0,0.0,0.8742275285965392,0.0,1.254062262617766,-0.6184377424590038,0.0,-1.9677651156275913,0.42170474446115797,0.0,0.38376584132717995,0.5096261055721527,-2.2398275103745124,-1.7609994624387026,-0.10081091994224803,0.18005033755400845,0.08664440029892934,-0.0538,0.1076,0.04573,-0.0002601659287588616,0.0,0.0007289256383536296,-0.0023066791716384936,0.0,0.0063996308704032485
349,3.490082399919629,circle,7.526342691383025,4.884753341379307,4.40480001270771,9.8558000754565,124371.0,124371.0,0.0,0.0,8.77,5e-05,1e-08,100.0,0.01,-0.042390243693395585,0.0,0.23887904185019354,-0.04011323337899936,0.0,0.2317054055103539,0.0,0.0,0.0,0.8472357734055727,0.0,1.2350040126194435,-0.6180989277187192,0.0,-1.9521406746226353,0.40629867940514397,0.0,0.3791338734138929,0.5111600863600384,-2.2398275103745124,-1.7609994624387026,-0.10496632076051247,0.17791967091521535,0.08684124076823052,-0.056490000000000005,0.10491,0.05111,1.755835692361131e-05,0.0,0.0008097035910140478,-0.0022945686713198386,0.0,0.006363932748825592
350,3.5001526998821646,circle,7.493159925904279,5.158349890504775,4.240700043737888,10.0702999625355,124371.0,124371.0,0.0,0.0,8.77,5e-05,1e-08,100.0,0.01,-0.042665343596679894,0.0,0.23879539724593427,-0.04012833005225916,0.0,0.2317447938710022,0.0,0.0,0.0,0.8754985022593142,0.0,1.232919444876908,-0.6284756232058607,0.0,-1.939883351390564,0.42430314902764366,0.0,0.37591147403107184,0.5096261055721527,-2.2398275103745124,-1.7609994624387026,-0.10077439965027493,0.1791719329943891,0.08560247306200634,-0.05918,0.10491,0.05111,-0.0005377502986399193,0.0,0.0006352098543067203,-0.001999263245780816,0.0,0.006415393520625354
351,3.510154099902138,circle,7.451276038447807,4.3226331788618575,4.264600109308958,10.001400019973516,124371.0,124371.0,0.0,0.0,8.77,5e-05,1e-08,100.0,0.01,-0.042665343596679894,0.0,0.23879539724593427,-0.0401433645394207,0.0,0.23178389696169463,0.0,0.0,0.0,0.8841574618896152,0.0,1.224949795620054,-0.6337488261966773,0.0,-1.9261601877873646,0.4302446274317885,0.0,0.37224387926543095,0.5096261055721527,-2.2398275103745124,-1.7609994624387026,-0.09990961024758965,0.1791365590444874,0.08491188419884832,-0.0538,0.09684000000000001,0.04573,-0.00027327259981632874,0.0,0.0007111739491314963,-0.0022487064574428623,0.0,0.006300326335108139
352,3.520173199940473,circle,7.409319125339885,4.256733238255282,4.280699882656336,10.019100038334727,124371.0,124371.0,0.0,0.0,8.77,5e-05,1e-08,100.0,0.01,-0.042665343596679894,0.0,0.23879539724593427,-0.04015846668881864,0.0,0.2318230534456072,0.0,0.0,0.0,0.8877048511023392,0.0,1.21551992350806,-0.6385788380826314,0.0,-1.9123940022762025,0.43321156892440393,0.0,0.36848317217958354,0.5096261055721527,-2.2398275103745124,-1.7609994624387026,-0.09958323163907294,0.17885254089968533,0.08433865018624995,-0.056490000000000005,0.09953000000000001,0.048420000000000005,-0.0002503051634297629,0.0,0.0007134034854440561,-0.0022565717444314936,0.0,0.006258940314883018
353,3.530086499871686,circle,7.367806416791269,4.210787748713674,4.288600059226155,9.91329993121326,124371.0,124371.0,0.0,0.0,8.77,5e-05,1e-08,100.0,0.01,-0.042665343596679894,0.0,0.23879539724593427,-0.04017344978822396,0.0,0.23186178082716047,0.0,0.0,0.0,0.8908228427050853,0.0,1.2059999101068242,-0.6433595238184371,0.0,-1.8986941980508587,0.43592582235599114,0.0,0.3647265582205714,0.5096261055721527,-2.2398275103745124,-1.7609994624387026,-0.0993019350846541,0.1785490574821345,0.08377680640973112,-0.0538,0.09415,0.04304,-0.00024774894548381223,0.0,0.0007099634315518551,-0.002244144862972124,0.0,0.006223652987221942
354,3.5402226999867707,circle,7.325361542825283,4.150559697600715,4.752200096845627,10.136200115084648,124371.0,124371.0,0.0,0.0,8.77,5e-05,1e-08,100.0,0.01,-0.042665343596679894,0.0,0.23879539724593427,-0.04018881134331975,0.0,0.23190136288779747,0.0,0.0,0.0,0.893848457754041,0.0,1.1966399105103012,-0.6481124474408456,0.0,-1.8850950107801454,0.4385702143120538,0.0,0.36103653342661296,0.5096261055721527,-2.2398275103745124,-1.7609994624387026,-0.09902952425165437,0.17824922953748867,0.0832258604512278,-0.0538,0.09684000000000001,0.03766,-0.000246310237877548,0.0,0.0007047491854904461,-0.002230222015482594,0.0,0.006189285172646345
355,3.550115899881348,circle,7.283935503085257,4.112408290278185,4.68469993211329,9.893199894577265,124371.0,124371.0,0.0,0.0,8.77,5e-05,1e-08,100.0,0.01,-0.042665343596679894,0.0,0.23879539724593427,-0.04020384513591503,0.0,0.23193998028263013,0.0,0.0,0.0,0.8968839432693794,0.0,1.1872746922161055,-0.6528524062360492,0.0,-1.8715615933513474,0.4412210416915281,0.0,0.357343748315344,0.5096261055721527,-2.2398275103745124,-1.7609994624387026,-0.09875611047055177,0.17794953063268631,0.08267430998739472,-0.056490000000000005,0.09415,0.04304,-0.00024563836812199324,0.0,0.0007013408166517262,-0.00221586009264287,0.0,0.006154076146652408
356,3.5603358999360353,circle,7.241142446059142,4.048670666644003,4.269900033250451,10.220000054687262,124371.0,124371.0,0.0,0.0,8.77,5e-05,1e-08,100.0,0.01,-0.042665343596679894,0.0,0.23879539724593427,-0.0402194175405497,0.0,0.2319798569407154,0.0,0.0,0.0,0.899845128674695,0.0,1.1781132284378826,-0.6575617718819788,0.0,-1.8581356639669344,0.4438091943517615,0.0,0.3537320097825287,0.5096261055721527,-2.2398275103745124,-1.7609994624387026,-0.0984895035390744,0.1776560528867766,0.08213505860811934,-0.0538,0.09684000000000001,0.04573,-0.0002440529474806506,0.0,0.0006957704891241796,-0.002201873108649541,0.0,0.006119769816094679
357,3.5702978000044823,circle,7.199431543092124,4.011795403197462,4.496500128880143,9.961900068446994,124371.0,124371.0,0.0,0.0,8.77,5e-05,1e-08,100.0,0.01,-0.042665343596679894,0.0,0.23879539724593427,-0.04023463773932789,0.0,0.23201871047593342,0.0,0.0,0.0,0.9028161387713872,0.0,1.1689470113993654,-0.6622562392301372,0.0,-1.8447733322623299,0.44640371422707215,0.0,0.35011768562657475,0.5096261055721527,-2.2398275103745124,-1.7609994624387026,-0.09822189633921766,0.17736272289225835,0.08159522634722627,-0.0538,0.09684000000000001,0.05111,-0.00024328087917318717,0.0,0.0006924746864359829,-0.00218742497817882,0.0,0.006084212083564862
358,3.5800775999668986,circle,7.1584845537977,3.9724755381331933,4.404000006616116,9.779799962416291,124371.0,124371.0,0.0,0.0,8.77,5e-05,1e-08,100.0,0.01,-0.042665343596679894,0.0,0.23879539724593427,-0.04024961913784902,0.0,0.2320568383164623,0.0,0.0,0.0,0.9057997055766184,0.0,1.15976475914034,-0.6669330247230508,0.0,-1.8314785359995542,0.4490072346010813,0.0,0.34649640609104526,0.5096261055721527,-2.2398275103745124,-1.7609994624387026,-0.09795305560958567,0.17706914609654398,0.081054182272988,-0.0538,0.09415,0.03766,-0.0002423645586283811,0.0,0.0006889748168189807,-0.002173359900202496,0.0,0.0060495841126529965
359,3.590202199993655,circle,7.116095512496757,3.9084502391216276,4.235000116750598,10.124600026756525,124371.0,124371.0,0.0,0.0,8.77,5e-05,1e-08,100.0,0.01,-0.042665343596679894,0.0,0.23879539724593427,-0.040265169854835386,0.0,0.23209629422001082,0.0,0.0,0.0,0.9087007629353416,0.0,1.1507955643692118,-0.6715748193112759,0.0,-1.8182923159566418,0.45154229670501095,0.0,0.3429602897651634,0.5096261055721527,-2.2398275103745124,-1.7609994624387026,-0.09769183365656534,0.17678190034665503,0.08052617421219492,-0.048420000000000005,0.09415,0.040350000000000004,-0.0002405512328070812,0.0,0.0006833480945999532,-0.0021596225090374267,0.0,0.006015754931323489
360,3.600105999968946,circle,7.0746325407256725,3.870185051665912,4.367000190541148,9.903799975290895,124371.0,124371.0,0.0,0.0,8.77,5e-05,1e-08,100.0,0.01,-0.042665343596679894,0.0,0.23879539724593427,-0.040280421903624714,0.0,0.23213487368511043,0.0,0.0,0.0,0.9116011169679832,0.0,1.1418387922217972,-0.6761973626598075,0.0,-1.8051720460729788,0.45407585579280246,0.0,0.3394287881810968,0.5096261055721527,-2.2398275103745124,-1.7609994624387026,-0.09743062892097361,0.17649517256752006,0.0799987773030493,-0.0538,0.09415,0.040350000000000004,-0.0002395535817570956,0.0,0.0006799303775592881,-0.0021453681112980853,0.0,0.005980593183264545
361,3.6102877999655902,circle,7.032007468397021,3.810743419594205,4.142399877309799,10.181799996644258,124371.0,124371.0,0.0,0.0,8.77,5e-05,1e-08,100.0,0.01,-0.042665343596679894,0.0,0.23879539724593427,-0.04029614378137955,0.0,0.23217451956463156,0.0,0.0,0.0,0.9144287670975302,0.0,1.1330648019323124,-0.6807856065009833,0.0,-1.792153393394543,0.45654952023789036,0.0,0.3359705142090296,0.5096261055721527,-2.2398275103745124,-1.7609994624387026,-0.09717616000656777,0.17621380683116183,0.07948263390116625,-0.0538,0.09684000000000001,0.04573,-0.00023777608568161706,0.0,0.0006746642902774923,-0.0021314237296187265,0.0,0.005946213391025214
362,3.6201704000122845,circle,6.990636755737644,3.7770450214220306,4.287000047042966,9.882600046694279,124371.0,124371.0,0.0,0.0,8.77,5e-05,1e-08,100.0,0.01,-0.042665343596679894,0.0,0.23879539724593427,-0.040311444078206075,0.0,0.23221298436708818,0.0,0.0,0.0,0.9172704293746246,0.0,1.1242628818141447,-0.6853558148200817,0.0,-1.7791932402981283,0.45903409434131764,0.0,0.3325008043257959,0.5096261055721527,-2.2398275103745124,-1.7609994624387026,-0.09692036018864938,0.17593172704664184,0.07896466589316717,-0.0538,0.10222,0.04304,-0.00023684143622319494,0.0,0.0006716326825191481,-0.002117058082250624,0.0,0.005910780196326941
363,3.6304685999639332,circle,6.947528210058518,3.7124461914686284,3.899199888110161,10.298199951648712,124371.0,124371.0,0.0,0.0,8.77,5e-05,1e-08,100.0,0.01,-0.042665343596679894,0.0,0.23879539724593427,-0.04032743015379359,0.0,0.23225304988713938,0.0,0.0,0.0,0.9200159660856584,0.0,1.11569485940243,-0.6898862782330787,0.0,-1.7663442199191473,0.4614401505391813,0.0,0.3291250664952249,0.5096261055721527,-2.2398275103745124,-1.7609994624387026,-0.09667350125525286,0.17565639704235386,0.07846121083204881,-0.0538,0.09684000000000001,0.048420000000000005,-0.00023478174338459725,0.0,0.0006658734726136479,-0.002103131699501704,0.0,0.005876473886181239
364,3.6400913998950273,circle,6.907248790547244,3.695777092881006,4.313400015234947,9.62279993109405,124371.0,124371.0,0.0,0.0,8.77,5e-05,1e-08,100.0,0.01,-0.042665343596679894,0.0,0.23879539724593427,-0.04034240683606351,0.0,0.2322904721379339,0.0,0.0,0.0,0.9228371445562947,0.0,1.1069481423202143,-0.6944088533189087,0.0,-1.7535248877408534,0.4639075252168823,0.0,0.32567735106493545,0.5096261055721527,-2.2398275103745124,-1.7609994624387026,-0.09641958288087508,0.17537599043899949,0.07794658878644323,-0.0538,0.10222,0.03766,-0.00023437295060176142,0.0,0.0006643349530634519,-0.0020885638100146256,0.0,0.0058405901549369015
365,3.6502445999067277,circle,6.864751261055358,3.6270031677521146,4.147699801251292,10.153200011700392,124371.0,124371.0,0.0,0.0,8.77,5e-05,1e-08,100.0,0.01,-0.042665343596679894,0.0,0.23879539724593427,-0.04035824989646037,0.0,0.23232994068552273,0.0,0.0,0.0,0.9255517432603266,0.0,1.0984553495860212,-0.6988871511672934,0.0,-1.7408246866305277,0.46628831130395015,0.0,0.3223318445272788,0.5096261055721527,-2.2398275103745124,-1.7609994624387026,-0.09617560215801765,0.17510283104169483,0.07744780306803592,-0.0538,0.09684000000000001,0.04573,-0.00023207837882849736,0.0,0.0006581612443539,-0.002075015321391027,0.0,0.005807295316057631
366,3.6601583999581635,circle,6.823257890170355,3.5906390337124092,4.222800023853779,9.913800051435828,124371.0,124371.0,0.0,0.0,8.77,5e-05,1e-08,100.0,0.01,-0.042665343596679894,0.0,0.23879539724593427,-0.040373759880498544,0.0,0.23236846233825825,0.0,0.0,0.0,0.9282602545110782,0.0,1.089977821951114,-0.7033428030502741,0.0,-1.7281882625347598,0.4686640823700749,0.0,0.3189924594811407,0.5096261055721527,-2.2398275103745124,-1.7609994624387026,-0.09593218597189526,0.17483011924407793,0.07694995844084257,-0.05111,0.10222,0.03497,-0.000230904802109899,0.0,0.0006548561426791945,-0.002060678914071451,0.0,0.005772078764996818
367,3.6702701000031084,circle,6.780938469974203,3.5370463695275838,4.163600038737059,10.111700044944882,124371.0,124371.0,0.0,0.0,8.77,5e-05,1e-08,100.0,0.01,-0.042665343596679894,0.0,0.23879539724593427,-0.04038962066473334,0.0,0.23240773635398104,0.0,0.0,0.0,0.9309062775437461,0.0,1.0816464662253125,-0.707763147118616,0.0,-1.7156458159208903,0.4709893184444422,0.0,0.31571201110050484,0.5096261055721527,-2.2398275103745124,-1.7609994624387026,-0.09569460868412483,0.17456153840565997,0.07646127163814512,-0.05111,0.10222,0.03766,-0.0002290750514790862,0.0,0.0006499859647404217,-0.0020466478804674693,0.0,0.005737674927212801
368,3.6805006000213325,circle,6.738124247520951,3.486730975850157,3.9966998156160116,10.23050001822412,124371.0,124371.0,0.0,0.0,8.77,5e-05,1e-08,100.0,0.01,-0.042665343596679894,0.0,0.23879539724593427,-0.040405710107258096,0.0,0.23244745467621034,0.0,0.0,0.0,0.9334910933831149,0.0,1.073457715248713,-0.7121497867132708,0.0,-1.7031921406863892,0.47326510377621006,0.0,0.31248908345426357,0.5096261055721527,-2.2398275103745124,-1.7609994624387026,-0.09546275329618341,0.1742969789898025,0.0759815282501845,-0.056490000000000005,0.09953000000000001,0.04304,-0.00022732839046356182,0.0,0.0006453855816795934,-0.002032305098958237,0.0,0.005702556988044337
369,3.6901924000121653,circle,6.697566774492792,3.4654630180440464,4.215599969029427,9.691799990832806,124371.0,124371.0,0.0,0.0,8.77,5e-05,1e-08,100.0,0.01,-0.042665343596679894,0.0,0.23879539724593427,-0.04042099158116103,0.0,0.23248506565962074,0.0,0.0,0.0,0.9361345534438762,0.0,1.0651266750090733,-0.7165229296721086,0.0,-1.6907764710613171,0.4755887524328111,0.0,0.30920897934898706,0.5096261055721527,-2.2398275103745124,-1.7609994624387026,-0.09522544180518118,0.17402831984893213,0.07549295071303787,-0.0538,0.09146,0.048420000000000005,-0.00022662895809109993,0.0,0.0006434160276985621,-0.002017723057427762,0.0,0.005666915558614966
370,3.700088100042194,circle,6.656158445841619,3.412644047381477,4.299799911677837,9.89570003002882,124371.0,124371.0,0.0,0.0,8.77,5e-05,1e-08,100.0,0.01,-0.042665343596679894,0.0,0.23879539724593427,-0.04043663393002214,0.0,0.23252345189557486,0.0,0.0,0.0,0.9387235292816507,0.0,1.0569185407801394,-0.7208595398019904,0.0,-1.678454698022184,0.477868732110655,0.0,0.30597859827715124,0.5096261055721527,-2.2398275103745124,-1.7609994624387026,-0.09499324183436494,0.17376306389168206,0.07501214398163115,-0.05111,0.09953000000000001,0.040350000000000004,-0.0002247357232065708,0.0,0.0006385500407462986,-0.0020039739434511814,0.0,0.0056333953096131106
371,3.7102518000174314,circle,6.613631306005282,3.356075958480813,4.135200055316091,10.16369997523725,124371.0,124371.0,0.0,0.0,8.77,5e-05,1e-08,100.0,0.01,-0.042665343596679894,0.0,0.23879539724593427,-0.040452741312586686,0.0,0.232562860829338,0.0,0.0,0.0,0.9412231149457052,0.0,1.0489163260853878,-0.725156232764054,0.0,-1.6662341293454779,0.4800766954754267,0.0,0.30283136187885384,0.5096261055721527,-2.2398275103745124,-1.7609994624387026,-0.09476940892486219,0.17350357825703944,0.07454428787432621,-0.05111,0.09953000000000001,0.03766,-0.0002226671019154359,0.0,0.0006333053432083617,-0.0019899351821777724,0.0,0.0055992310733879065
372,3.7200950998812914,circle,6.591393174100737,4.06657228008117,4.315000027418137,9.843299863860011,124371.0,124371.0,0.0,0.0,8.77,5e-05,1e-08,100.0,0.01,-0.04294031486713022,0.0,0.238711330742286,-0.04046838090005025,0.0,0.2326010110748727,0.0,0.0,0.0,0.9740497723544813,0.0,1.0501449681017307,-0.7347666806479844,0.0,-1.6556999949267452,0.5005287354655835,0.0,0.300525917378997,0.5080921247842671,-2.2398275103745124,-1.7609994624387026,-0.0901177992628456,0.17504650545927575,0.07329635041706814,-0.056490000000000005,0.09146,0.040350000000000004,-0.0004980413116536706,0.0,0.0005459094296545947,-0.0019738926554263036,0.0,0.005564410237758727
373,3.7301049998495728,circle,6.530569246935199,3.79696385667639,3.3681001514196396,10.009899968281388,124371.0,124371.0,0.0,0.0,8.77,5e-05,1e-08,100.0,0.01,-0.042665343596679894,0.0,0.23879539724593427,-0.04048432551130716,0.0,0.23263979046834582,0.0,0.0,0.0,0.9515291880933384,0.0,1.0345937213653513,-0.7335954581356384,0.0,-1.6419713204018274,0.48756649291036164,0.0,0.296694297197888,0.5096261055721527,-2.2398275103745124,-1.7609994624387026,-0.09376200746790832,0.17325000199971996,0.07349454488690688,-0.048420000000000005,0.10222,0.040350000000000004,6.0696151582589637e-05,0.0,0.0007114597791698365,-0.002241714236955326,0.0,0.0054441469984186095
374,3.7400594998616725,circle,6.488925699012259,3.2291337886391904,4.5334999449551105,9.954500012099743,124371.0,124371.0,0.0,0.0,8.77,5e-05,1e-08,100.0,0.01,-0.042665343596679894,0.0,0.23879539724593427,-0.040500222181233635,0.0,0.2326783386403888,0.0,0.0,0.0,0.9485449751229645,0.0,1.0250898782000286,-0.7374676911368464,0.0,-1.629869148664561,0.48657769759648756,0.0,0.2934709540655805,0.5096261055721527,-2.2398275103745124,-1.7609994624387026,-0.09411549907637459,0.1727266046358173,0.07315564752869666,-0.0538,0.09146,0.03497,-0.00020067036002827544,0.0,0.0006271696870729917,-0.0019644510554179843,0.0,0.005489888918472464
375,3.750280800042674,circle,6.446169088237177,3.181827242610345,4.50280006043613,10.221300181001425,124371.0,124371.0,0.0,0.0,8.77,5e-05,1e-08,100.0,0.01,-0.042665343596679894,0.0,0.23879539724593427,-0.04051658671783028,0.0,0.2327179027136668,0.0,0.0,0.0,0.9505515949167275,0.0,1.017323968860481,-0.7417129900240336,0.0,-1.617991907582902,0.48846620354065245,0.0,0.29045287246028617,0.5096261055721527,-2.2398275103745124,-1.7609994624387026,-0.0939418831208674,0.1724596270538738,0.07271686787434761,-0.05111,0.08877,0.040350000000000004,-0.00022000371952079394,0.0,0.0006155131323018551,-0.0019287531593288189,0.0,0.005461981399965614
376,3.7604123998899013,circle,6.4037908767796505,3.143489698172069,4.187399987131357,10.131599847227335,124371.0,124371.0,0.0,0.0,8.77,5e-05,1e-08,100.0,0.01,-0.042665343596679894,0.0,0.23879539724593427,-0.04053284942537254,0.0,0.23275710227112006,0.0,0.0,0.0,0.9529430703145663,0.0,1.0097429647922078,-0.7459517901961548,0.0,-1.6061933012643497,0.49057218627078697,0.0,0.2874692605557578,0.5096261055721527,-2.2398275103745124,-1.7609994624387026,-0.09372739028059074,0.17221464757975466,0.07227278264424797,-0.05111,0.08877,0.03228,-0.0002196669389527327,0.0,0.0006114380552664223,-0.0019128272323546231,0.0,0.005426856919547779
377,3.7700988999567926,circle,6.363277476407473,3.119652861479726,3.3506001345813274,9.686500066891313,124371.0,124371.0,0.0,0.0,8.77,5e-05,1e-08,100.0,0.01,-0.042665343596679894,0.0,0.23879539724593427,-0.04054843656335073,0.0,0.23279456356601977,0.0,0.0,0.0,0.9554052262894999,0.0,1.0020500151659564,-0.7501640757433868,0.0,-1.5944357784033705,0.49273071264665297,0.0,0.28443854470044005,0.5096261055721527,-2.2398275103745124,-1.7609994624387026,-0.09350605156013439,0.17196733000134273,0.07182085363034255,-0.0538,0.09415,0.04304,-0.00021829287569957658,0.0,0.0006093089957097493,-0.0018986141576295904,0.0,0.0053915246842047475
378,3.7801587998401374,circle,6.321205619440568,3.06230105506548,4.353899974375963,10.05989988334477,124371.0,124371.0,0.0,0.0,8.77,5e-05,1e-08,100.0,0.01,-0.042665343596679894,0.0,0.23879539724593427,-0.040564664778035976,0.0,0.2328334521787479,0.0,0.0,0.0,0.9577679757590009,0.0,0.9945544995783363,-0.7543222340640815,0.0,-1.582781387845478,0.4948118815692138,0.0,0.2814887292642779,0.5096261055721527,-2.2398275103745124,-1.7609994624387026,-0.09329416022578828,0.17172504951490974,0.07138184008738958,-0.05111,0.09684000000000001,0.04304,-0.00021548784709777527,0.0,0.0006039643844386799,-0.001885190971546143,0.0,0.005357980682747684
379,3.7900661998428404,circle,6.279774906877563,3.0254492542516327,4.490500083193183,9.90740000270307,124371.0,124371.0,0.0,0.0,8.77,5e-05,1e-08,100.0,0.01,-0.042665343596679894,0.0,0.23879539724593427,-0.040580687018639226,0.0,0.23287173454177218,0.0,0.0,0.0,0.960100246493075,0.0,0.9870956049866582,-0.7584426895957375,0.0,-1.5711928437864657,0.4968713950865751,0.0,0.2785549639438104,0.5096261055721527,-2.2398275103745124,-1.7609994624387026,-0.09308527422083084,0.17148326830965638,0.0709456611432852,-0.048420000000000005,0.09146,0.03228,-0.00021353398047116575,0.0,0.0006005520316322618,-0.0018711225975695024,0.0,0.005323110672529824
380,3.8002845998853445,circle,6.2370472775273225,2.9715005144539552,4.162900149822235,10.218400042504072,124371.0,124371.0,0.0,0.0,8.77,5e-05,1e-08,100.0,0.01,-0.042665343596679894,0.0,0.23879539724593427,-0.040597253806767424,0.0,0.23291120117824832,0.0,0.0,0.0,0.9623329411833729,0.0,0.9798322659781098,-0.7625125577427916,0.0,-1.559703229314419,0.49885360976931803,0.0,0.27570142672109593,0.5096261055721527,-2.2398275103745124,-1.7609994624387026,-0.09288586184460335,0.17124643602200335,0.07052231555224187,-0.05111,0.09684000000000001,0.03766,-0.00021091239656139543,0.0,0.0005954252168144424,-0.0018571773933510755,0.0,0.005288770850871506
381,3.81013619992882,circle,6.195856998502318,2.9445305472330032,4.309599986299872,9.851600043475628,124371.0,124371.0,0.0,0.0,8.77,5e-05,1e-08,100.0,0.01,-0.042665343596679894,0.0,0.23879539724593427,-0.040613265889457406,0.0,0.23294923431377007,0.0,0.0,0.0,0.9645784284599399,0.0,0.972510688963734,-0.7665538193571892,0.0,-1.548262304027635,0.500848612398675,0.0,0.2728254588446483,0.5096261055721527,-2.2398275103745124,-1.7609994624387026,-0.09268538282780119,0.17100752063681207,0.07009576275619672,-0.048420000000000005,0.09684000000000001,0.03497,-0.0002094299241991854,0.0,0.0005929020054141745,-0.0018426477830233029,0.0,0.0052532609267500205
382,3.8202865999192,circle,6.15342123232016,2.8922828011006523,4.211699822917581,10.15039999037981,124371.0,124371.0,0.0,0.0,8.77,5e-05,1e-08,100.0,0.01,-0.042665343596679894,0.0,0.23879539724593427,-0.040629804651309664,0.0,0.2329884036981292,0.0,0.0,0.0,0.9667354811548591,0.0,0.9653622420673199,-0.770546669176075,0.0,-1.5369189655671993,0.5027750125420075,0.0,0.2700205424413702,0.5096261055721527,-2.2398275103745124,-1.7609994624387026,-0.09249331986778914,0.17077297659209,0.06968058168033044,-0.05111,0.09146,0.03497,-0.0002069210854620479,0.0,0.000587844775902892,-0.001828617859908182,0.0,0.00521914877190217
383,3.830092899966985,circle,6.112427844513706,2.864597266604616,4.606100032106042,9.806300047785044,124371.0,124371.0,0.0,0.0,8.77,5e-05,1e-08,100.0,0.01,-0.042665343596679894,0.0,0.23879539724593427,-0.04064582227997299,0.0,0.23302622851848723,0.0,0.0,0.0,0.968903662681857,0.0,0.9581639667289029,-0.7745113548154029,0.0,-1.5256268813416018,0.504712464941464,0.0,0.2671964190299928,0.5096261055721527,-2.2398275103745124,-1.7609994624387026,-0.09230032524682208,0.17053665692123904,0.06926264991802686,-0.05111,0.09953000000000001,0.03766,-0.000205461536968107,0.0,0.0005851886357774007,-0.0018140597797388,0.0,0.0051839800916696375
384,3.840319599956274,circle,6.069681162663186,2.8081779952206207,4.144199891015887,10.226699989289045,124371.0,124371.0,0.0,0.0,8.77,5e-05,1e-08,100.0,0.01,-0.042665343596679894,0.0,0.23879539724593427,-0.0406625679577347,0.0,0.23306565736035167,0.0,0.0,0.0,0.970960925063758,0.0,0.9511926419370673,-0.7784246349219812,0.0,-1.5144422860703526,0.5065630261578975,0.0,0.2644650014633728,0.5096261055721527,-2.2398275103745124,-1.7609994624387026,-0.0921178420181755,0.1703062484745933,0.06885944259177024,-0.05111,0.09684000000000001,0.03497,-0.0002027975539033713,0.0,0.0005796182487922599,-0.0017999780850418224,0.0,0.005150121636790331
385,3.850067700026557,circle,6.028939015575996,2.7859996368885995,4.587200004607439,9.748100070282817,124371.0,124371.0,0.0,0.0,8.77,5e-05,1e-08,100.0,0.01,-0.042665343596679894,0.0,0.23879539724593427,-0.04067856925276885,0.0,0.2331032242548955,0.0,0.0,0.0,0.9730517381981937,0.0,0.9441247013555375,-0.7823149888693574,0.0,-1.5032993439498676,0.5084422823412282,0.0,0.26169530422685056,0.5096261055721527,-2.2398275103745124,-1.7609994624387026,-0.09193230648534799,0.17007282974345242,0.06845046536049595,-0.048420000000000005,0.09415,0.03766,-0.00020160945471621753,0.0,0.0005774596643990468,-0.0017851648891948247,0.0,0.005114713326639727
386,3.8602225000504404,circle,5.986501385972876,2.731101152771617,4.204099997878075,10.154800023883581,124371.0,124371.0,0.0,0.0,8.77,5e-05,1e-08,100.0,0.01,-0.042665343596679894,0.0,0.23879539724593427,-0.04069527891014016,0.0,0.23314234108354703,0.0,0.0,0.0,0.9750391250626449,0.0,0.9372681771289639,-0.7861553168658921,0.0,-1.492262724556777,0.5102405348646514,0.0,0.25901197567986983,0.5096261055721527,-2.2398275103745124,-1.7609994624387026,-0.09175657316181245,0.16984491402470958,0.06805520828814181,-0.048420000000000005,0.09684000000000001,0.03497,-0.00019901696545404808,0.0,0.0005719497143124534,-0.0017710477210856872,0.0,0.005081106448074779
387,3.870066399918869,circle,5.945367369649172,2.7027495714544596,3.378600114956498,9.843899868428707,124371.0,124371.0,0.0,0.0,8.77,5e-05,1e-08,100.0,0.01,-0.042665343596679894,0.0,0.23879539724593427,-0.040711516680824865,0.0,0.233180243326141,0.0,0.0,0.0,0.9770303950900513,0.0,0.9303848136514021,-0.7899680066697838,0.0,-1.4812808803334097,0.5120434580915256,0.0,0.2563184862002675,0.5096261055721527,-2.2398275103745124,-1.7609994624387026,-0.09158055785351925,0.16961596572523596,0.06765854680441187,-0.048420000000000005,0.09684000000000001,0.03766,-0.00019758467486723306,0.0,0.0005691111084100758,-0.0017562422409877964,0.0,0.005046042811383177
388,3.8802096999716014,circle,5.90298688211371,2.652612361419893,4.193800035864115,10.14330005273223,124371.0,124371.0,0.0,0.0,8.77,5e-05,1e-08,100.0,0.01,-0.042665343596679894,0.0,0.23879539724593427,-0.0407282891828986,0.0,0.23321928082601825,0.0,0.0,0.0,0.9789333125607528,0.0,0.9236805448636737,-0.7937345759317649,0.0,-1.4703977006575635,0.5137773131881161,0.0,0.25369822580446943,0.5096261055721527,-2.2398275103745124,-1.7609994624387026,-0.09141292305005506,0.16939165249702542,0.06727353491841434,-0.05111,0.09415,0.03497,-0.00019519457512577653,0.0,0.0005639980271402254,-0.001741859838655518,0.0,0.005012118392775785
389,3.8900687999557704,circle,5.861798458802039,2.623982304357066,4.3038001749664545,9.859099984169006,124371.0,124371.0,0.0,0.0,8.77,5e-05,1e-08,100.0,0.01,-0.042665343596679894,0.0,0.23879539724593427,-0.0407446314750375,0.0,0.23325720745888381,0.0,0.0,0.0,0.9808392631251447,0.0,0.916953147259505,-0.7974734718004438,0.0,-1.4595708914661225,0.5155150030502378,0.0,0.25106923653993424,0.5096261055721527,-2.2398275103745124,-1.7609994624387026,-0.09124507785739036,0.16916643813544668,0.06688732422376174,-0.05111,0.09415,0.03766,-0.00019376046022655962,0.0,0.0005610767470932559,-0.001726951661415836,0.0,0.0049771130399571956
390,3.9004774000495672,circle,5.818319492163718,2.5654220645816075,3.95760009996593,10.40860009379685,124371.0,124371.0,0.0,0.0,8.77,5e-05,1e-08,100.0,0.01,-0.042665343596679894,0.0,0.23879539724593427,-0.04076192709181166,0.0,0.23329722961281435,0.0,0.0,0.0,0.9826091860000888,0.0,0.9105116506426496,-0.8011585807254455,0.0,-1.4488614984771138,0.5171454781492948,0.0,0.24855671315668182,0.5096261055721527,-2.2398275103745124,-1.7609994624387026,-0.09109008913084266,0.1689488042874936,0.0665195277681802,-0.048420000000000005,0.08608,0.040350000000000004,-0.00019097306512829803,0.0,0.0005549919002118871,-0.0017124434397399375,0.0,0.004943175732908029
391,3.9100597999058664,circle,5.778296523394873,2.5572883045619546,4.364199936389923,9.582399856299162,124371.0,124371.0,0.0,0.0,8.77,5e-05,1e-08,100.0,0.01,-0.042665343596679894,0.0,0.23879539724593427,-0.04077788839811527,0.0,0.23333405825392062,0.0,0.0,0.0,0.9844773832936425,0.0,0.9038375889166572,-0.8048340946978705,0.0,-1.4381678071626574,0.5188556536832171,0.0,0.24595052713449367,0.5096261055721527,-2.2398275103745124,-1.7609994624387026,-0.09092593058350448,0.168724557115236,0.06613720395697456,-0.048420000000000005,0.09146,0.03497,-0.00019047582752237122,0.0,0.000554178195939772,-0.001696979371042255,0.0,0.004907160796073876
392,3.920491399941966,circle,5.734732061674569,2.4891207543990426,4.025599919259548,10.431600036099553,124371.0,124371.0,0.0,0.0,8.77,5e-05,1e-08,100.0,0.01,-0.042665343596679894,0.0,0.23879539724593427,-0.04079530621294539,0.0,0.2333741324486168,0.0,0.0,0.0,0.9861703727079183,0.0,0.897534755131505,-0.8084467931420393,0.0,-1.4276129756713776,0.5204274779091547,0.0,0.24349544136971749,0.5096261055721527,-2.2398275103745124,-1.7609994624387026,-0.09077831784140235,0.1685102039281423,0.0657787381431603,-0.048420000000000005,0.09415,0.03766,-0.00018722054479791608,0.0,0.0005469820779636743,-0.0016828168389365914,0.0,0.004874282719353797
393,3.9301231999415904,circle,5.536766392689463,1.5354688481640224,4.305599955841899,9.63179999962449,124371.0,124371.0,0.0,0.0,8.77,5e-05,1e-08,100.0,0.01,-0.04278677849218371,0.0,0.23858352190127924,-0.04081142745057524,0.0,0.2334111172042711,0.0,0.0,0.0,1.001335545976153,0.0,0.9143898393731762,-0.8144049313397077,0.0,-1.421188487871542,0.5291926813362836,0.0,0.2485664969121802,0.5096261055721527,-2.2413614911623982,-1.7609994624387026,-0.08873931780078827,0.17035584150011984,0.06572668024909632,-0.048420000000000005,0.08877,0.03766,-0.00030876805816879515,0.0,0.00033293565151956694,-0.0016665829834396717,0.0,0.00483946904548857
394,3.940141399856657,circle,5.6526855537586185,4.290300949670797,4.3027999345213175,10.018199915066361,124371.0,124371.0,0.0,0.0,8.77,5e-05,1e-08,100.0,0.01,-0.042665343596679894,0.0,0.23879539724593427,-0.04082823499574283,0.0,0.23344956840860376,0.0,0.0,0.0,0.9919939343426581,0.0,0.8888210226474393,-0.815569972148685,0.0,-1.406588564616293,0.5247134326463734,0.0,0.23980017403334095,0.5096261055721527,-2.2398275103745124,-1.7609994624387026,-0.09021186894282496,0.1683397775083929,0.06515632378885061,-0.05111,0.08877,0.03766,-6.037580492008923e-05,0.0,0.0007566105079881433,-0.0017767327960169718,0.0,0.004589218329342364
395,3.9500531000085175,circle,5.61130847226748,2.48284433529055,4.351099953055382,9.911700151860714,124371.0,124371.0,0.0,0.0,8.77,5e-05,1e-08,100.0,0.01,-0.042665343596679894,0.0,0.23879539724593427,-0.040844903555416076,0.0,0.2334875934791109,0.0,0.0,0.0,0.9912619993246434,0.0,0.878386814068397,-0.8189425736837108,0.0,-1.3959693465118006,0.525171297411762,0.0,0.23604141787073898,0.5096261055721527,-2.2398275103745124,-1.7609994624387026,-0.09033524959496073,0.16785713628889917,0.06469160933313021,-0.048420000000000005,0.08877,0.03766,-0.0001747780261859152,0.0,0.0005503187852657762,-0.0016456620150779031,0.0,0.0047574849815575785
396,3.9600500999949872,circle,5.569581082635479,2.3351840177438894,4.363599931821227,9.996999986469746,124371.0,124371.0,0.0,0.0,8.77,5e-05,1e-08,100.0,0.01,-0.042665343596679894,0.0,0.23879539724593427,-0.04086175553423452,0.0,0.23352592824639973,0.0,0.0,0.0,0.9927171597033357,0.0,0.8719675789265972,-0.8224591822337821,0.0,-1.3857520728581763,0.5266089061178484,0.0,0.23356425716568108,0.5096261055721527,-2.2398275103745124,-1.7609994624387026,-0.09021290781200302,0.16762909627202854,0.06433632290851415,-0.048420000000000005,0.09684000000000001,0.03766,-0.00018224088935208976,0.0,0.0005294888557762249,-0.0016213471730932873,0.0,0.004739980143758313
397,3.9700890998356044,circle,5.334448072245736,0.967342885890615,4.537499975413084,10.03899984061718,124371.0,124371.0,0.0,0.0,8.77,5e-05,1e-08,100.0,0.01,-0.04259899965475919,0.0,0.23861385870200658,-0.0408787186883239,0.0,0.23356440629288272,0.0,0.0,0.0,0.9869899389188599,0.0,0.885979134133292,-0.8246614271098223,0.0,-1.379155310923705,0.52296976822555,0.0,0.23999088406782518,0.5096261055721527,-2.2398275103745124,-1.7625334432265884,-0.09056582621715427,0.16795545239270548,0.06519416953724338,-0.05111,0.09415,0.03497,-0.00011412673894909786,0.0,0.0003418634028375918,-0.0016061542274861927,0.0,0.004707589006286264
398,3.9803177998401225,circle,5.485002438348495,4.153929911623904,4.097699886187911,10.228700004518032,124371.0,124371.0,0.0,0.0,8.77,5e-05,1e-08,100.0,0.01,-0.042665343596679894,0.0,0.23879539724593427,-0.04089604397890283,0.0,0.2336035930690394,0.0,0.0,0.0,0.9945350170843158,0.0,0.8636626719450238,-0.8294106808242292,0.0,-1.3655486540879551,0.5284296420593702,0.0,0.23036489424143053,0.5096261055721527,-2.2398275103745124,-1.7609994624387026,-0.09006135251163026,0.16733171882786013,0.06387900842444191,-0.048420000000000005,0.09415,0.03497,-0.00024612015053881845,0.0,0.0007051365604212687,-0.0015231794672382491,0.0,0.0044866676164735855
399,3.9900626000016928,circle,5.444345859595557,2.335860845378292,4.375800024718046,9.74480016157031,124371.0,124371.0,0.0,0.0,8.77,5e-05,1e-08,100.0,0.01,-0.042665343596679894,0.0,0.23879539724593427,-0.04091258867797095,0.0,0.23364090871322446,0.0,0.0,0.0,0.9974024159707126,0.0,0.8541437738415749,-0.8329119155061889,0.0,-1.3553244469465389,0.5309917961547604,0.0,0.22663034902692383,0.5096261055721527,-2.2398275103745124,-1.7609994624387026,-0.08980612027261531,0.1670192254447797,0.06332634151606419,-0.048420000000000005,0.09415,0.03228,-0.00018144417231931833,0.0,0.0005298481738325485,-0.0015713107463896261,0.0,0.004624640358877257
400,4.000473399879411,circle,5.400917522385713,2.156851186629971,3.9413999766111374,10.410799877718091,124371.0,124371.0,0.0,0.0,8.77,5e-05,1e-08,100.0,0.01,-0.042665343596679894,0.0,0.23879539724593427,-0.04093030617216964,0.0,0.23368075598586902,0.0,0.0,0.0,0.9988884399400698,0.0,0.8482849442447882,-0.8362522697673597,0.0,-1.34549161394566,0.5323997043640468,0.0,0.2243557795068801,0.5096261055721527,-2.2398275103745124,-1.7609994624387026,-0.08967802893529099,0.16681680093580287,0.06299631924268002,-0.048420000000000005,0.09146,0.03497,-0.00017310688108755396,0.0,0.00050956602801773,-0.0015619305434227012,0.0,0.00460507523204752
401,4.010112999938428,circle,5.360712749731218,2.142654532460581,4.312999779358506,9.639600059017539,124371.0,124371.0,0.0,0.0,8.77,5e-05,1e-08,100.0,0.01,-0.042665343596679894,0.0,0.23879539724593427,-0.04094674993458018,0.0,0.233717634253265,0.0,0.0,0.0,1.0003586174806056,0.0,0.8424921630054962,-0.8395730522318915,0.0,-1.335688290942234,0.5337922808354493,0.0,0.22210678474270237,0.5096261055721527,-2.2398275103745124,-1.7609994624387026,-0.08955128845518423,0.1666166919564826,0.0626699861532893,-0.048420000000000005,0.09146,0.03228,-0.00017209261404312363,0.0,0.0005080367353139711,-0.0015465010480565891,0.0,0.004569726257355295
402,4.020076599903405,circle,5.125943352685243,0.8459415102013625,4.440400050953031,9.96359996497631,124371.0,124371.0,0.0,0.0,8.77,5e-05,1e-08,100.0,0.01,-0.04259899965475919,0.0,0.23861385870200658,-0.04096378550983479,0.0,0.23375573458305107,0.0,0.0,0.0,0.9944281747941992,0.0,0.856875912934757,-0.8415599072539114,0.0,-1.3294955946834088,0.5299791954780043,0.0,0.22869042114153948,0.5096261055721527,-2.2398275103745124,-1.7625334432265884,-0.08992733462628442,0.16695041345322564,0.06355340382429661,-0.048420000000000005,0.09415,0.03497,-0.0001029646111807142,0.0,0.0003209235477090698,-0.0015322495337436876,0.0,0.004537200571246434
403,4.030223399866372,circle,5.276857476787538,3.8994848423820345,4.439699929207563,10.146799962967634,124371.0,124371.0,0.0,0.0,8.77,5e-05,1e-08,100.0,0.01,-0.042665343596679894,0.0,0.23879539724593427,-0.04098117516380891,0.0,0.23379451717138244,0.0,0.0,0.0,1.0017513958893371,0.0,0.8349188570178668,-0.8460964025809081,0.0,-1.3162897447941508,0.5352919354331098,0.0,0.21921213059195868,0.5096261055721527,-2.2398275103745124,-1.7609994624387026,-0.08944064455210768,0.16633593090934712,0.06226259991668808,-0.048420000000000005,0.09953000000000001,0.03497,-0.0002350943945835203,0.0,0.0006843655864032985,-0.0014490740382874616,0.0,0.004316514488148524
404,4.040071599883959,circle,5.235388760760025,2.6991309115488424,6.024000002071261,9.84820001758635,124371.0,124371.0,0.0,0.0,8.77,5e-05,1e-08,100.0,0.01,-0.042390243693395585,0.0,0.23887904185019354,-0.04099809247399603,0.0,0.23383214077541342,0.0,0.0,0.0,0.9740368373195353,0.0,0.8166129633877486,-0.8440450153066469,0.0,-1.304855219512828,0.5195027959974442,0.0,0.2147603318902902,0.5111600863600384,-2.2398275103745124,-1.7609994624387026,-0.09360019177292607,0.16424375066354302,0.06250700445168371,-0.048420000000000005,0.08877,0.03228,0.00010630886082339699,0.0,0.0005925703897873471,-0.0014984600802229523,0.0,0.004454330684992772
405,4.0500862000044435,circle,5.194063965390759,2.685901827161752,4.436699906364083,10.014600120484829,124371.0,124371.0,0.0,0.0,8.77,5e-05,1e-08,100.0,0.01,-0.042665343596679894,0.0,0.23879539724593427,-0.04101533540837386,0.0,0.2338703821743742,0.0,0.0,0.0,1.0003521636576587,0.0,0.8185885299725126,-0.8526032471215371,0.0,-1.297041656208066,0.5358547017001217,0.0,0.21335124349399903,0.5096261055721527,-2.2398275103745124,-1.7609994624387026,-0.08966013055770902,0.16557138388383802,0.06154451224006923,-0.0538,0.08877,0.03228,-0.00044351248942691595,0.0,0.0004049215991743125,-0.001206495698879116,0.0,0.004520093472385756
406,4.06052519986406,circle,5.150563683593819,1.9426898576325087,4.190900130197406,10.43899985961616,124371.0,124371.0,0.0,0.0,8.77,5e-05,1e-08,100.0,0.01,-0.042665343596679894,0.0,0.23879539724593427,-0.041033351745311294,0.0,0.23391022489935098,0.0,0.0,0.0,1.0068627794106775,0.0,0.8151395408494461,-0.8560294747986463,0.0,-1.2878006895353582,0.5401023219384843,0.0,0.21152512823307668,0.5096261055721527,-2.2398275103745124,-1.7609994624387026,-0.08899837701788903,0.16565597480162864,0.061145018614648994,-0.05111,0.08877,0.03497,-0.00017755709383538375,0.0,0.0004788937984471567,-0.0014544347575332162,0.0,0.004406278548136126
407,4.070057299919426,circle,5.110850230633411,1.9372604094299979,4.51249978505075,9.532100055366755,124371.0,124371.0,0.0,0.0,8.77,5e-05,1e-08,100.0,0.01,-0.042665343596679894,0.0,0.23879539724593427,-0.04104984092733614,0.0,0.2339465890206784,0.0,0.0,0.0,1.008414619923044,0.0,0.8098818738604805,-0.8590391890366087,0.0,-1.2784302760682724,0.5414981915961115,0.0,0.2094650798324943,0.5096261055721527,-2.2398275103745124,-1.7609994624387026,-0.08886071726676217,0.1654822129009968,0.060840910465400654,-0.048420000000000005,0.09146,0.02959,-0.00015597215501662442,0.0,0.00048560210913832415,-0.0014595305143271274,0.0,0.004363206116117528
408,4.080175099894404,circle,5.0687048637531325,1.891559086236734,4.195100162178278,10.11779997497797,124371.0,124371.0,0.0,0.0,8.77,5e-05,1e-08,100.0,0.01,-0.042665343596679894,0.0,0.23879539724593427,-0.0410673829905559,0.0,0.23398516950734324,0.0,0.0,0.0,1.0094304336398565,0.0,0.8047374539685568,-0.861973760579198,0.0,-1.2691584773479847,0.5425591245060286,0.0,0.2074928247185909,0.5096261055721527,-2.2398275103745124,-1.7609994624387026,-0.08877831088268805,0.16529402162921952,0.06056165055006101,-0.05111,0.08877,0.03766,-0.00015207804202806304,0.0,0.00048049160669483195,-0.0014458825640959307,0.0,0.00432973613189619
409,4.090084899915382,circle,5.0274344265506326,1.8690216822621666,4.364499822258949,9.909800020977855,124371.0,124371.0,0.0,0.0,8.77,5e-05,1e-08,100.0,0.01,-0.042665343596679894,0.0,0.23879539724593427,-0.04108460404313536,0.0,0.23402293882525355,0.0,0.0,0.0,1.010407753054212,0.0,0.7996027272359679,-0.8648891985394773,0.0,-1.2599415737173634,0.5435958658139196,0.0,0.20552745022661234,0.5096261055721527,-2.2398275103745124,-1.7609994624387026,-0.08869986580994764,0.16510486265146468,0.060284249227417985,-0.048420000000000005,0.09146,0.03228,-0.00015108648434102403,0.0,0.000477646784130893,-0.0014296530692035102,0.0,0.004294811636549827
410,4.100229599978775,circle,4.99985311296696,2.475823943278902,4.440800053998828,10.14470006339252,124371.0,124371.0,0.0,0.0,8.77,5e-05,1e-08,100.0,0.01,-0.04294031486713022,0.0,0.238711330742286,-0.041102273890355964,0.0,0.23406158488697906,0.0,0.0,0.0,1.0416285618900967,0.0,0.8038865340531437,-0.8731082279797855,0.0,-1.2524423230226325,0.5627367600206152,0.0,0.2045699228961716,0.5080921247842671,-2.2398275103745124,-1.7609994624387026,-0.08424126894805661,0.16670511779488525,0.05924753570281948,-0.05111,0.09146,0.03497,-0.000425934038656311,0.0,0.0003886330081308391,-0.0014121069381179468,0.0,0.004261112847176108
411,4.110042299842462,circle,4.944346281759221,2.435283482627358,3.3597000874578953,9.812699863687158,124371.0,124371.0,0.0,0.0,8.77,5e-05,1e-08,100.0,0.01,-0.042665343596679894,0.0,0.23879539724593427,-0.041119404518842786,0.0,0.2340989483191852,0.0,0.0,0.0,1.0175880077855783,0.0,0.7912122289704377,-0.8705678255672821,0.0,-1.2417040485829163,0.548676883234857,0.0,0.2018333285678244,0.5096261055721527,-2.2398275103745124,-1.7609994624387026,-0.08799080320279426,0.16499761836057159,0.05962765658581119,-0.048420000000000005,0.09684000000000001,0.03228,0.0001316510506414253,0.0,0.0005564886512099817,-0.0016775901284785332,0.0,0.004139960275539077
412,4.120064500020817,circle,4.902635067536187,1.781577247129234,4.368199966847897,10.022200178354979,124371.0,124371.0,0.0,0.0,8.77,5e-05,1e-08,100.0,0.01,-0.042665343596679894,0.0,0.23879539724593427,-0.0411369405076895,0.0,0.23413709126596685,0.0,0.0,0.0,1.013054520499569,0.0,0.7846515611021285,-0.8730678573812937,0.0,-1.23260302067202,0.5464939463274127,0.0,0.19982189865300617,0.5096261055721527,-2.2398275103745124,-1.7609994624387026,-0.08849214925020774,0.16454687974021892,0.059483760601280675,-0.048420000000000005,0.09146,0.03228,-0.00012955892886317398,0.0,0.00047164176914915156,-0.001398844160127222,0.0,0.004186664210818263
413,4.130057199858129,circle,4.861056303570717,1.7523037271721935,4.362700041383505,9.992699837312102,124371.0,124371.0,0.0,0.0,8.77,5e-05,1e-08,100.0,0.01,-0.042665343596679894,0.0,0.23879539724593427,-0.04115446472505617,0.0,0.23417510359490237,0.0,0.0,0.0,1.0135635029979697,0.0,0.7797139236964045,-0.8759540783680386,0.0,-1.223698812668197,0.5472295597906907,0.0,0.1979691860977698,0.5096261055721527,-2.2398275103745124,-1.7609994624387026,-0.0884615363105081,0.1643494047732888,0.05923269226068068,-0.04573,0.08608,0.0269,-0.00014957237661741602,0.0,0.0004614419890729346,-0.0013613064950063088,0.0,0.004158851661958958
414,4.140187700046226,circle,4.818914327972117,1.7194645303775942,4.120999947190285,10.130500188097358,124371.0,124371.0,0.0,0.0,8.77,5e-05,1e-08,100.0,0.01,-0.042665343596679894,0.0,0.23879539724593427,-0.041172271197218835,0.0,0.23421362137731055,0.0,0.0,0.0,1.0144267702763132,0.0,0.775028388766665,-0.8788297976525341,0.0,-1.2148838554829646,0.548158301723004,0.0,0.19617819427934768,0.5096261055721527,-2.2398275103745124,-1.7609994624387026,-0.08839292233994711,0.16417576013522628,0.05898059510708263,-0.048420000000000005,0.09415,0.03497,-0.00014902814802833595,0.0,0.000456816752367647,-0.0013440442514327236,0.0,0.004124959116256064
415,4.150049099931493,circle,4.777901916950855,1.6985487856408326,4.4213999062776566,9.86139988526702,124371.0,124371.0,0.0,0.0,8.77,5e-05,1e-08,100.0,0.01,-0.042665343596679894,0.0,0.23879539724593427,-0.041189643908247316,0.0,0.23425109783265144,0.0,0.0,0.0,1.0153289731692827,0.0,0.7703179817799047,-0.8816765364024833,0.0,-1.2061189526000315,0.5491128079345784,0.0,0.19437473213214232,0.5096261055721527,-2.2398275103745124,-1.7609994624387026,-0.08832037064750885,0.16400243615019733,0.058725909788359995,-0.048420000000000005,0.08608,0.03497,-0.00014752629252348486,0.0,0.0004542227932473929,-0.001328173395909094,0.0,0.004090076620035433
416,4.160089100012556,circle,4.736157313719924,1.6644519999545928,4.287899937480688,10.040000081062317,124371.0,124371.0,0.0,0.0,8.77,5e-05,1e-08,100.0,0.01,-0.042665343596679894,0.0,0.23879539724593427,-0.04120737100652154,0.0,0.23428923457392056,0.0,0.0,0.0,1.016162101183174,0.0,0.7657298674530483,-0.884476905238836,0.0,-1.197436755939754,0.5500148471853197,0.0,0.1926220297422688,0.5096261055721527,-2.2398275103745124,-1.7609994624387026,-0.08825445124008018,0.16383196107071019,0.05847949771044677,-0.04573,0.09146,0.03228,-0.0001451232687398839,0.0,0.0004499367164873206,-0.0013128493214184707,0.0,0.004056225955526382
417,4.170060199918225,circle,4.694710081648328,1.637245821754762,4.317799815908074,9.97109990566969,124371.0,124371.0,0.0,0.0,8.77,5e-05,1e-08,100.0,0.01,-0.042665343596679894,0.0,0.23879539724593427,-0.04122501612637871,0.0,0.23432709113186528,0.0,0.0,0.0,1.0169583317509219,0.0,0.7611937000519566,-0.8872390205720285,0.0,-1.1888208976439731,0.5508900140558934,0.0,0.19089154432136335,0.5096261055721527,-2.2398275103745124,-1.7609994624387026,-0.08819213542848635,0.16366242312603008,0.05823687540850738,-0.048420000000000005,0.09415,0.02959,-0.00014314086096937667,0.0,0.00044649886977123684,-0.0012971866093318084,0.0,0.004021807244297745
418,4.180374299874529,circle,4.651848872509897,1.5985358757745096,4.529700148850679,10.314099956303835,124371.0,124371.0,0.0,0.0,8.77,5e-05,1e-08,100.0,0.01,-0.042665343596679894,0.0,0.23879539724593427,-0.04124330980951909,0.0,0.2343662305251114,0.0,0.0,0.0,1.0176428151209285,0.0,0.7568642846778328,-0.8899494672816785,0.0,-1.1803014917762757,0.5516795321470036,0.0,0.18924643935852073,0.5096261055721527,-2.2398275103745124,-1.7609994624387026,-0.08814050869675391,0.16349788354325584,0.05800805675828619,-0.04573,0.09415,0.03228,-0.00014046324257729697,0.0,0.00044150042454195633,-0.001281570544583508,0.0,0.003987666296280902
419,4.190235099988058,circle,4.610882948465978,1.5829152440022864,9.120000060647726,9.860800113528967,124371.0,124371.0,0.0,0.0,8.77,5e-05,1e-08,100.0,0.01,-0.042665343596679894,0.0,0.23879539724593427,-0.041260839012203336,0.0,0.23440363126439123,0.0,0.0,0.0,1.0183626102159307,0.0,0.7524408397521246,-0.8926360116530802,0.0,-1.1718204396455625,0.5524985899105112,0.0,0.18756384935466217,0.5096261055721527,-2.2398275103745124,-1.7609994624387026,-0.08808563477037125,0.16333051034195328,0.0577735258130982,-0.04304,0.09415,0.03228,-0.00013922455394594106,0.0,0.00043951282266547955,-0.0012652800305306172,0.0,0.003952253158877554
420,4.2001966999378055,circle,4.5695100886923035,1.551908113585817,5.052200052887201,9.961599949747324,124371.0,124371.0,0.0,0.0,8.77,5e-05,1e-08,100.0,0.01,-0.042665343596679894,0.0,0.23879539724593427,-0.041278586608681486,0.0,0.23444139592451757,0.0,0.0,0.0,1.0190338623559905,0.0,0.7480955250752503,-0.8952803994763231,0.0,-1.1634179029936198,0.5532814508783916,0.0,0.1859140702695374,0.5096261055721527,-2.2398275103745124,-1.7609994624387026,-0.08803545714269338,0.1631647977428839,0.057544441163296156,-0.048420000000000005,0.08339,0.0269,-0.00013703987898081504,0.0,0.00043544392232980084,-0.0012497171090175931,0.0,0.003918557399086894
421,4.210553399985656,circle,4.526509289710308,1.5119598937522591,4.791600164026022,10.356700047850609,124371.0,124371.0,0.0,0.0,8.77,5e-05,1e-08,100.0,0.01,-0.042665343596679894,0.0,0.23879539724593427,-0.04129707987531591,0.0,0.2344806387661775,0.0,0.0,0.0,1.0195784546190685,0.0,0.7439905252180281,-0.8978715516569644,0.0,-1.1551182687672796,0.5539667172477484,0.0,0.18436325288536037,0.5096261055721527,-2.2398275103745124,-1.7609994624387026,-0.08799736800194198,0.16300501160386832,0.05733128345054848,-0.04304,0.08877,0.02959,-0.00013428105306155643,0.0,0.00043011121935063873,-0.0012339826683024275,0.0,0.0038846472604061252
422,4.220285299932584,circle,4.486115110167925,1.5010988221513237,4.484700039029121,9.731899946928024,124371.0,124371.0,0.0,0.0,8.77,5e-05,1e-08,100.0,0.01,-0.042665343596679894,0.0,0.23879539724593427,-0.041314496255567414,0.0,0.23451749586293275,0.0,0.0,0.0,1.020192237945569,0.0,0.7397270951726526,-0.9004454665268419,0.0,-1.14684603168111,0.5547076375943307,0.0,0.18274843686823572,0.5096261055721527,-2.2398275103745124,-1.7609994624387026,-0.08795279886649524,0.1628408014255769,0.057108147759325684,-0.04573,0.09415,0.03228,-0.00013338776553829118,0.0,0.00042869142015551425,-0.0012174595755741896,0.0,0.0038492099628460058
423,4.230037400033325,circle,4.445649579637074,1.4728057990510268,4.492300096899271,9.75210010074079,124371.0,124371.0,0.0,0.0,8.77,5e-05,1e-08,100.0,0.01,-0.042665343596679894,0.0,0.23879539724593427,-0.04133198645619418,0.0,0.23455441163869117,0.0,0.0,0.0,1.0207805566979693,0.0,0.7354974117775085,-0.9029806061767225,0.0,-1.1386476562459844,0.5554301950655225,0.0,0.18114818189552348,0.5096261055721527,-2.2398275103745124,-1.7609994624387026,-0.08791072612559035,0.16267714594262322,0.05688752829238504,-0.04573,0.09415,0.0269,-0.0001313783208172709,0.0,0.0004248636946477878,-0.0012019788196684427,0.0,0.003816121912595304
424,4.2400853000581264,circle,4.403970142514771,1.435992153317099,4.506800090894103,10.047900024801493,124371.0,124371.0,0.0,0.0,8.77,5e-05,1e-08,100.0,0.01,-0.042665343596679894,0.0,0.23879539724593427,-0.04135004659083265,0.0,0.23459242843774988,0.0,0.0,0.0,1.021265557201497,0.0,0.7314620832680597,-0.9054659699221185,0.0,-1.1305468799011624,0.5560732874971184,0.0,0.17962803893823376,0.5096261055721527,-2.2398275103745124,-1.7609994624387026,-0.08787852174967792,0.16251825163762212,0.05667982192762049,-0.048420000000000005,0.09415,0.02959,-0.00012879878857475395,0.0,0.0004198058258719278,-0.0011864982172724923,0.0,0.003783162982312454
425,4.250053900061175,circle,4.3626336069684974,1.4099117428287036,5.4108998738229275,9.968600003048778,124371.0,124371.0,0.0,0.0,8.77,5e-05,1e-08,100.0,0.01,-0.042665343596679894,0.0,0.23879539724593427,-0.04136800371095509,0.0,0.2346301264012522,0.0,0.0,0.0,1.0217126330229016,0.0,0.7274893669932778,-0.9079150045018718,0.0,-1.122515826466383,0.5566879625522025,0.0,0.1781341083864324,0.5096261055721527,-2.2398275103745124,-1.7609994624387026,-0.08784997956842341,0.16236072360884368,0.05647644499024254,-0.048420000000000005,0.09415,0.03497,-0.0001269161054974809,0.0,0.00041619258193040373,-0.0011704237802273266,0.0,0.0037490782627516693
426,4.260096299927682,circle,4.321005558081604,1.3805394179041437,4.315800033509731,10.042399866506457,124371.0,124371.0,0.0,0.0,8.77,5e-05,1e-08,100.0,0.01,-0.042665343596679894,0.0,0.23879539724593427,-0.04138613355321031,0.0,0.23466808447638812,0.0,0.0,0.0,1.022103934139106,0.0,0.7236147797296252,-0.9103232521380942,0.0,-1.1145642658296748,0.5572603252800363,0.0,0.17668093932104442,0.5096261055721527,-2.2398275103745124,-1.7609994624387026,-0.0878267955520315,0.16220546906860236,0.056279719458285984,-0.04573,0.08608,0.02959,-0.000124802407377448,0.0,0.00041207303391173735,-0.001154407636092137,0.0,0.0037152397356344058
427,4.270051199942827,circle,4.279755053545916,1.3556102209193364,4.52080019749701,9.95490001514554,124371.0,124371.0,0.0,0.0,8.77,5e-05,1e-08,100.0,0.01,-0.042665343596679894,0.0,0.23879539724593427,-0.041404144817488706,0.0,0.23470569298306654,0.0,0.0,0.0,1.0224680638480639,0.0,0.7197813329245489,-0.9126963258177603,0.0,-1.1066807999324495,0.5578126491163465,0.0,0.1752451888289301,0.5096261055721527,-2.2398275103745124,-1.7609994624387026,-0.0878062522243628,0.16205103087917777,0.05608592075357823,-0.04573,0.09146,0.0269,-0.00012297959058477732,0.0,0.0004085441664694713,-0.0011382191886064115,0.0,0.003681160096398256
428,4.2801218999084085,circle,4.238040224028616,1.3256398375164826,4.919499857351184,10.070699965581298,124371.0,124371.0,0.0,0.0,8.77,5e-05,1e-08,100.0,0.01,-0.042665343596679894,0.0,0.23879539724593427,-0.04142240547964949,0.0,0.23474371984296677,0.0,0.0,0.0,1.0227688751181983,0.0,0.7160617125952199,-0.9150272635777457,0.0,-1.098880240780326,0.5583167286188934,0.0,0.1738566007048523,0.5096261055721527,-2.2398275103745124,-1.7609994624387026,-0.08779178073662762,0.16189927966203568,0.055899787195063416,-0.048420000000000005,0.09146,0.02959,-0.00012079598457646543,0.0,0.00040424769773072687,-0.0011221421324539398,0.0,0.0036474297052367694
429,4.29011379997246,circle,4.196667729339344,1.3008897029419602,4.293600097298622,9.991900064051151,124371.0,124371.0,0.0,0.0,8.77,5e-05,1e-08,100.0,0.01,-0.042665343596679894,0.0,0.23879539724593427,-0.041440562881878466,0.0,0.23478143010218125,0.0,0.0,0.0,1.0230394258951212,0.0,0.7123902576008423,-0.9173227877933089,0.0,-1.0911488078183802,0.5587982884083953,0.0,0.17248827103475436,0.5096261055721527,-2.2398275103745124,-1.7609994624387026,-0.08778023949444125,0.161748540218424,0.055717023712005986,-0.048420000000000005,0.08877,0.03228,-0.00011896075162911028,0.0,0.00040066537747128744,-0.0011058199631723178,0.0,0.0036133017662817292
430,4.3002911999356,circle,4.154544004556805,1.2697461395252247,4.234800115227699,10.177399963140488,124371.0,124371.0,0.0,0.0,8.77,5e-05,1e-08,100.0,0.01,-0.042665343596679894,0.0,0.23879539724593427,-0.04145909793014147,0.0,0.234819820900578,0.0,0.0,0.0,1.0232318725576606,0.0,0.7088623651542578,-0.919573819686348,0.0,-1.0835054993603432,0.559220066059707,0.0,0.17117927205115036,0.5096261055721527,-2.2398275103745124,-1.7609994624387026,-0.08777617358210706,0.16160125311916118,0.05554386379207864,-0.048420000000000005,0.08877,0.03228,-0.00011665502994791894,0.0,0.000396098509235103,-0.0010895906365905044,0.0,0.003579477836121149
431,4.310489800060168,circle,3.919402678052693,0.344271911713895,3.931300016120076,10.198600124567747,124371.0,124371.0,0.0,0.0,8.77,5e-05,1e-08,100.0,0.01,-0.04259899965475919,0.0,0.23861385870200658,-0.04147771262136973,0.0,0.23485827183155886,0.0,0.0,0.0,1.0160570447273698,0.0,0.7254423281578594,-0.920498775785693,0.0,-1.0794609904576447,0.5543740027269034,0.0,0.17868013361382665,0.5096261055721527,-2.2398275103745124,-1.7625334432265884,-0.08828839823993756,0.16197861316513723,0.056579331951729706,-0.04573,0.09415,0.03228,-4.7933919493040305e-05,0.0,0.00020959823311412487,-0.0010733531138964162,0.0,0.0035459886373335942
432,4.320068199886009,circle,4.072738828790132,2.7138980088032665,4.398599965497851,9.578399825841188,124371.0,124371.0,0.0,0.0,8.77,5e-05,1e-08,100.0,0.01,-0.042665343596679894,0.0,0.23879539724593427,-0.04149523269659584,0.0,0.23489436635025562,0.0,0.0,0.0,1.0223081657700075,0.0,0.7053369185068789,-0.9240007333736384,0.0,-1.0683510310974105,0.5589647140412908,0.0,0.16996746419300754,0.5096261055721527,-2.2398275103745124,-1.7609994624387026,-0.08788820091662924,0.16141370877151662,0.055411433220452735,-0.04573,0.09146,0.03228,-0.0001814816436238871,0.0,0.0005757504580381849,-0.0009886292564601639,0.0,0.003325280437640457
433,4.330062699969858,circle,4.031424432088767,1.2709705168907992,4.335500067099929,9.994500083848834,124371.0,124371.0,0.0,0.0,8.77,5e-05,1e-08,100.0,0.01,-0.042665343596679894,0.0,0.23879539724593427,-0.041513552458718884,0.0,0.2349320101146521,0.0,0.0,0.0,1.023732070970986,0.0,0.698348124478031,-0.9262258127950219,0.0,-1.060696127507179,0.5604325930290285,0.0,0.16728438794736633,0.5096261055721527,-2.2398275103745124,-1.7609994624387026,-0.08777168825527631,0.16115963945091039,0.05503046452323952,-0.04573,0.08608,0.03497,-0.00011531009747438553,0.0,0.0003966994034746837,-0.0010364810404866244,0.0,0.0034666877278074918
434,4.340177800040692,circle,3.9896305418597136,1.151199362051223,4.174199886620045,10.11510007083416,124371.0,124371.0,0.0,0.0,8.77,5e-05,1e-08,100.0,0.01,-0.042665343596679894,0.0,0.23879539724593427,-0.04153213338318467,0.0,0.23497008856916451,0.0,0.0,0.0,1.0238495001669907,0.0,0.6948622579224841,-0.9283076058784454,0.0,-1.0534005050517468,0.5608052325101115,0.0,0.16599726636989012,0.5096261055721527,-2.2398275103745124,-1.7609994624387026,-0.08777523665477044,0.16101147761562373,0.05486201514618393,-0.04573,0.09146,0.02959,-0.00010788458209408315,0.0,0.0003780804086572077,-0.001025325631401141,0.0,0.003447228268112543
435,4.350036500021815,circle,3.948915101144349,1.1275657227024034,5.5738999508321285,9.858699981123209,124371.0,124371.0,0.0,0.0,8.77,5e-05,1e-08,100.0,0.01,-0.042665343596679894,0.0,0.23879539724593427,-0.04155028211782851,0.0,0.2350071828414387,0.0,0.0,0.0,1.0238728189756494,0.0,0.6916278455138437,-0.9303549328132158,0.0,-1.0461764660276345,0.5610990494111812,0.0,0.16481038470840434,0.5096261055721527,-2.2398275103745124,-1.7609994624387026,-0.08778743793061047,0.160870906753662,0.05470883384174917,-0.048420000000000005,0.08608,0.02959,-0.00010609844592219717,0.0,0.00037437074691033367,-0.0010089630329291855,0.0,0.0034138436575852265
436,4.3602791000157595,circle,3.920286384366048,1.7543102223357085,4.096500109881163,10.242599993944168,124371.0,124371.0,0.0,0.0,8.77,5e-05,1e-08,100.0,0.01,-0.042390243693395585,0.0,0.23887904185019354,-0.041569178119873935,0.0,0.23504570170621683,0.0,0.0,0.0,0.9934494342887907,0.0,0.6793997303878359,-0.927014980714789,0.0,-1.0374265955728126,0.543186860934385,0.0,0.16277523184412182,0.5111600863600384,-2.2398275103745124,-1.7609994624387026,-0.09217924915743878,0.1589554208722529,0.05533181148664788,-0.04304,0.09684000000000001,0.02959,0.000173086047594961,0.0,0.00045344377684531723,-0.0009941516211166106,0.0,0.003379896367131393
437,4.370056599844247,circle,3.8662946173672883,1.6857828770778336,4.301599925383925,9.777499828487635,124371.0,124371.0,0.0,0.0,8.77,5e-05,1e-08,100.0,0.01,-0.042665343596679894,0.0,0.23879539724593427,-0.04158725461862311,0.0,0.23508245256230703,0.0,0.0,0.0,1.0183866162115234,0.0,0.6838943350377363,-0.9344062003062134,0.0,-1.0319805861594993,0.5584397066339951,0.0,0.16245153155501996,0.5096261055721527,-2.2398275103745124,-1.7609994624387026,-0.08839319336840264,0.16033443840912626,0.05454437171178865,-0.05111,0.08608,0.02959,-0.0003830345313027356,0.0,0.0002822280730935215,-0.0006950544467540506,0.0,0.0034307166105337124
438,4.380242799874395,circle,3.8242899953179488,1.052380478783792,4.115300020202994,10.18620003014803,124371.0,124371.0,0.0,0.0,8.77,5e-05,1e-08,100.0,0.01,-0.042665343596679894,0.0,0.23879539724593427,-0.04160612672729262,0.0,0.23512071990065694,0.0,0.0,0.0,1.0236383256375134,0.0,0.6826378918747857,-0.9366711509850469,0.0,-1.0250893581564555,0.5617341878801533,0.0,0.16153730111877512,0.5096261055721527,-2.2398275103745124,-1.7609994624387026,-0.08785248476556187,0.1604693700740116,0.05429396136440556,-0.04573,0.09415,0.0269,-0.00011737634247688798,0.0,0.00035712351078131784,-0.0009418405269103842,0.0,0.003317553834496004
439,4.390043999999762,circle,3.7838946905149546,1.0396051222760812,4.4571999460458755,9.80120012536645,124371.0,124371.0,0.0,0.0,8.77,5e-05,1e-08,100.0,0.01,-0.042665343596679894,0.0,0.23879539724593427,-0.04162432406616148,0.0,0.2351575218541724,0.0,0.0,0.0,1.0238398955938017,0.0,0.6797755720167106,-0.9384998056908072,0.0,-1.0181153866157124,0.5621039777533363,0.0,0.16047130627327538,0.5096261055721527,-2.2398275103745124,-1.7609994624387026,-0.08784445611785403,0.16035151122118635,0.05415181148658072,-0.04573,0.09146,0.024210000000000002,-9.476621416715941e-05,0.0,0.00036141152211180676,-0.0009462533163512517,0.0,0.003276463869650051
440,4.400284899864346,circle,3.7417107198393302,1.007892574840582,5.520599894225597,10.240899864584208,124371.0,124371.0,0.0,0.0,8.77,5e-05,1e-08,100.0,0.01,-0.042665343596679894,0.0,0.23879539724593427,-0.04164337811294092,0.0,0.23519595483619818,0.0,0.0,0.0,1.0235081913201083,0.0,0.6770089825743895,-0.940253601980205,0.0,-1.011236518379173,0.5621420125314412,0.0,0.15948645336839098,0.5096261055721527,-2.2398275103745124,-1.7609994624387026,-0.08789147397964431,0.16021855691596398,0.05403358515427424,-0.03766,0.08608,0.0269,-9.088683298819642e-05,0.0,0.00035648299197668957,-0.0009310786507507758,0.0,0.003242959417759397
441,4.410488999914378,circle,3.6997031160536102,0.9863100965901483,3.909899853169918,10.204100050032139,124371.0,124371.0,0.0,0.0,8.77,5e-05,1e-08,100.0,0.01,-0.042665343596679894,0.0,0.23879539724593427,-0.04166240467429874,0.0,0.2352342293665849,0.0,0.0,0.0,1.023104903573204,0.0,0.6743200743109172,-0.9419802106523801,0.0,-1.0044295860185346,0.5621299105868369,0.0,0.1585362403732195,0.5096261055721527,-2.2398275103745124,-1.7609994624387026,-0.08794558752248294,0.1600864107179979,0.053921623259231236,-0.048420000000000005,0.08339,0.02959,-8.947789149441109e-05,0.0,0.0003527550654588859,-0.0009134610308867414,0.0,0.003208412813890489
442,4.420517599908635,circle,3.465781777441002,0.211392243783341,4.073199816048145,10.028599994257092,124371.0,124371.0,0.0,0.0,8.77,5e-05,1e-08,100.0,0.01,-0.04259899965475919,0.0,0.23861385870200658,-0.041681143837808673,0.0,0.2352718257835373,0.0,0.0,0.0,1.0153932582125886,0.0,0.6916420160463559,-0.9423996588542641,0.0,-1.0012056636300495,0.5568688922987999,0.0,0.1663520300118545,0.5096261055721527,-2.2398275103745124,-1.7625334432265884,-0.08851463106617326,0.16047472173655825,0.05501264584967343,-0.03766,0.09146,0.02959,-2.1737027801795126e-05,0.0,0.0001670730504375979,-0.0008961187891487212,0.0,0.0031749598680316697
443,4.430045699933544,circle,3.6192657745686327,2.294064472608096,4.376699915155768,9.528100024908781,124371.0,124371.0,0.0,0.0,8.77,5e-05,1e-08,100.0,0.01,-0.042665343596679894,0.0,0.23879539724593427,-0.04169898434859084,0.0,0.23530752761669113,0.0,0.0,0.0,1.0211041561964627,0.0,0.6723134024417707,-0.9454022487741083,0.0,-0.9909252123177251,0.5610899655191136,0.0,0.15797381085969694,0.5096261055721527,-2.2398275103745124,-1.7609994624387026,-0.0881627902891268,0.15992632583634953,0.05389992677316091,-0.04573,0.08877,0.02959,-0.00015560295716000503,0.0,0.0005327629372778734,-0.0008107562909290512,0.0,0.002955106691965261
444,4.440185699844733,circle,3.577598929127467,0.9872794008773242,4.129699897021055,10.13999991118908,124371.0,124371.0,0.0,0.0,8.77,5e-05,1e-08,100.0,0.01,-0.042665343596679894,0.0,0.23879539724593427,-0.04171800970432301,0.0,0.23534550266869195,0.0,0.0,0.0,1.0219503917270767,0.0,0.6661895404400177,-0.9471287450211855,0.0,-0.9841146924047584,0.562132682613301,0.0,0.15565746163395175,0.5096261055721527,-2.2398275103745124,-1.7609994624387026,-0.0881024599398244,0.15968918480485977,0.053580719898179516,-0.0538,0.08877,0.02959,-8.947206539527313e-05,0.0,0.0003529409832545736,-0.0008578618269616113,0.0,0.003096953593987745
445,4.450064399978146,circle,3.5370328639012594,0.8910920621577015,4.2842000257223845,9.878700133413076,124371.0,124371.0,0.0,0.0,8.77,5e-05,1e-08,100.0,0.01,-0.042665343596679894,0.0,0.23879539724593427,-0.04173658356037271,0.0,0.23538247968536,0.0,0.0,0.0,1.021571728320726,0.0,0.6634266441626133,-0.9487333691443118,0.0,-0.9776355115026251,0.562141907785476,0.0,0.15467802593897098,0.5096261055721527,-2.2398275103745124,-1.7609994624387026,-0.08815434709771382,0.15955469468893668,0.053464378230224874,-0.03766,0.09146,0.02959,-8.315629690450524e-05,0.0,0.0003357700305203254,-0.0008456037394026819,0.0,0.0030771475300539436
446,4.460198599845171,circle,3.49544639022298,0.8604101314367966,4.148200154304504,10.134199867025018,124371.0,124371.0,0.0,0.0,8.77,5e-05,1e-08,100.0,0.01,-0.042665343596679894,0.0,0.23879539724593427,-0.041755677543907944,0.0,0.2354203930771432,0.0,0.0,0.0,1.0210123981035084,0.0,0.6610975029612053,-0.9502920021542495,0.0,-0.9712643914838004,0.5620040582405876,0.0,0.15387307485419005,0.5096261055721527,-2.2398275103745124,-1.7609994624387026,-0.08822306581425542,0.15943263551639122,0.05337503924118352,-0.0538,0.08339,0.02959,-8.077290345590178e-05,0.0,0.00033017000083109763,-0.0008288931493160482,0.0,0.0030448341679599816
447,4.470107099972665,circle,3.4548153208282915,0.8455209254996643,4.401099868118763,9.908500127494335,124371.0,124371.0,0.0,0.0,8.77,5e-05,1e-08,100.0,0.01,-0.042665343596679894,0.0,0.23879539724593427,-0.04177438517471525,0.0,0.23545744248420364,0.0,0.0,0.0,1.0204510116698802,0.0,0.6587817774489705,-0.9518284813215202,0.0,-0.9649465375293427,0.5618637986115,0.0,0.1530732192000334,0.5096261055721527,-2.2398275103745124,-1.7609994624387026,-0.08829193810433507,0.15931108877621103,0.05328640745463377,-0.040350000000000004,0.08877,0.02959,-7.962482681038972e-05,0.0,0.00032740959828997775,-0.0008113335951542513,0.0,0.0030105451634406494
448,4.480146999936551,circle,3.413676016957016,0.8239836994481767,4.325499990954995,10.039899963885546,124371.0,124371.0,0.0,0.0,8.77,5e-05,1e-08,100.0,0.01,-0.042665343596679894,0.0,0.23879539724593427,-0.041793380094252694,0.0,0.23549496339578935,0.0,0.0,0.0,1.0198350676168144,0.0,0.6565708493340985,-0.9533297862786845,0.0,-0.9587059230638829,0.5616813896366454,0.0,0.15231646139081176,0.5096261055721527,-2.2398275103745124,-1.7609994624387026,-0.08836601161960614,0.15919215100281386,0.053204696612597094,-0.04573,0.08339,0.02959,-7.78019967888141e-05,0.0,0.00032340682303415346,-0.0007941615056383863,0.0,0.0029770270271107647
449,4.490041999844834,circle,3.373161715292514,0.8077840124720702,5.017000017687678,9.894999908283353,124371.0,124371.0,0.0,0.0,8.77,5e-05,1e-08,100.0,0.01,-0.042665343596679894,0.0,0.23879539724593427,-0.041812139459629916,0.0,0.23553192322917912,0.0,0.0,0.0,1.0192107892753848,0.0,0.6543756733563307,-0.9548046011760902,0.0,-0.9525241658607804,0.561492561613533,0.0,0.15156619599301596,0.5096261055721527,-2.2398275103745124,-1.7609994624387026,-0.08844088113078319,0.15907360074241994,0.05312403136654799,-0.048420000000000005,0.08877,0.02959,-7.642920473681153e-05,0.0,0.0003203566683115627,-0.0007767749323131672,0.0,0.0029431173484435785
450,4.50023219990544,circle,3.3314724255994257,0.7829426668636649,4.16609994135797,10.190200060606003,124371.0,124371.0,0.0,0.0,8.77,5e-05,1e-08,100.0,0.01,-0.042665343596679894,0.0,0.23879539724593427,-0.04183149849609857,0.0,0.23556996535690516,0.0,0.0,0.0,1.0184922292979521,0.0,0.6523577356946327,-0.956236069480593,0.0,-0.9464333504574756,0.5612312296306856,0.0,0.1508889922645903,0.5096261055721527,-2.2398275103745124,-1.7609994624387026,-0.08852475632696317,0.15895939008463178,0.0530551441861637,-0.048420000000000005,0.09146,0.02959,-7.418285802521978e-05,0.0,0.00031564379937710834,-0.0007596622425561079,0.0,0.002909788089651993
451,4.510073999874294,circle,3.098988569865223,0.1276293727568835,4.342800006270409,9.841799968853593,124371.0,124371.0,0.0,0.0,8.77,5e-05,1e-08,100.0,0.01,-0.04259899965475919,0.0,0.23861385870200658,-0.041850234179436285,0.0,0.23560668720388417,0.0,0.0,0.0,1.0104871865095335,0.0,0.6702993847632547,-0.9563596605043077,0.0,-0.9439102186802348,0.5557209838055426,0.0,0.1589517731065875,0.5096261055721527,-2.2398275103745124,-1.7625334432265884,-0.08912428401014928,0.15936274412651022,0.0541868607720008,-0.04573,0.09146,0.02959,-6.404846924563143e-06,0.0,0.000130756039702713,-0.0007423606283983414,0.0,0.0028764154584196944
452,4.520209199981764,circle,3.249848576272837,1.9577014542294546,4.726100014522672,10.135200107470155,124371.0,124371.0,0.0,0.0,8.77,5e-05,1e-08,100.0,0.01,-0.042665343596679894,0.0,0.23879539724593427,-0.04186956794938854,0.0,0.23564448358671086,0.0,0.0,0.0,1.0157343500805671,0.0,0.6519001460696351,-0.9590313768087083,0.0,-0.9343840963996022,0.559598141442141,0.0,0.1509593849268037,0.5096261055721527,-2.2398275103745124,-1.7609994624387026,-0.08881371348340786,0.15883965499212968,0.053133959162218025,-0.05111,0.09146,0.02959,-0.00013845612282606585,0.0,0.000493671410535208,-0.0006573195244652852,0.0,0.0026572422486881952
453,4.530039399862289,circle,3.0176067235184836,0.13600867536697048,4.3114000000059605,9.83019988052547,124371.0,124371.0,0.0,0.0,8.77,5e-05,1e-08,100.0,0.01,-0.04259899965475919,0.0,0.23861385870200658,-0.04188835821762326,0.0,0.23568112293387994,0.0,0.0,0.0,1.0089637947351784,0.0,0.6663969558531998,-0.9591679408431933,0.0,-0.9317799105192284,0.5551309640771672,0.0,0.15765226630241766,0.5096261055721527,-2.2398275103745124,-1.7625334432265884,-0.08930091649197576,0.15913675651340625,0.05405868575023184,-0.05111,0.08877,0.02959,-7.0771461421450165e-06,0.0,0.0001349564995367378,-0.0007035642909937846,0.0,0.0027977792685898997
454,4.540311199845746,circle,3.167862884287211,1.8710970010108066,4.145000129938126,10.27179998345673,124371.0,124371.0,0.0,0.0,8.77,5e-05,1e-08,100.0,0.01,-0.042665343596679894,0.0,0.23879539724593427,-0.041908032883087636,0.0,0.23571938753581909,0.0,0.0,0.0,1.0141856215099632,0.0,0.6479677518388001,-0.9617459768243011,0.0,-0.9224574333051447,0.5589988290296014,0.0,0.14965253063205222,0.5096261055721527,-2.2398275103745124,-1.7609994624387026,-0.08899260707954817,0.1586117230317009,0.05300512209497982,-0.048420000000000005,0.08877,0.02959,-0.00013360133559892691,0.0,0.00048311793009071704,-0.0006237093779933319,0.0,0.0025928917800244625
455,4.550038499990478,circle,3.1282474598172563,0.73750695992524,4.333399934694171,9.727300144731998,124371.0,124371.0,0.0,0.0,8.77,5e-05,1e-08,100.0,0.01,-0.042665343596679894,0.0,0.23879539724593427,-0.04192670254504316,0.0,0.23575560423214367,0.0,0.0,0.0,1.0146492461592638,0.0,0.6426085769348225,-0.9630785244687553,0.0,-0.9165329362715168,0.5597433628622286,0.0,0.14764934328168453,0.5096261055721527,-2.2398275103745124,-1.7609994624387026,-0.0889686205150613,0.15839418054865748,0.05273585587517887,-0.0538,0.08877,0.02959,-6.905650130174747e-05,0.0,0.00030702469725387566,-0.0006695845503349873,0.0,0.002732768316536717
456,4.560132399899885,circle,3.0871806123894716,0.6463020783251263,4.7102998942136765,10.0938999094069,124371.0,124371.0,0.0,0.0,8.77,5e-05,1e-08,100.0,0.01,-0.042665343596679894,0.0,0.23879539724593427,-0.0419461148170314,0.0,0.23579316572654094,0.0,0.0,0.0,1.013783297132439,0.0,0.6407948305863214,-0.9642640740339034,0.0,-0.910973298115936,0.5593749770661823,0.0,0.14705966986409488,0.5096261055721527,-2.2398275103745124,-1.7609994624387026,-0.08906690509268886,0.15828356830335982,0.05268195065598767,-0.05111,0.09146,0.02959,-6.143863256666e-05,0.0,0.0002881166472374851,-0.0006577901470818339,0.0,0.002714114872155843
457,4.5700389998964965,circle,3.046918660464726,0.6295440522037327,4.524099873378873,9.906599996611476,124371.0,124371.0,0.0,0.0,8.77,5e-05,1e-08,100.0,0.01,-0.042665343596679894,0.0,0.23879539724593427,-0.04196520547466774,0.0,0.23583001026720898,0.0,0.0,0.0,1.0128069194054012,0.0,0.6392674058420665,-0.9654161903562589,0.0,-0.9054824119536792,0.5589148576094327,0.0,0.14658441665018207,0.5096261055721527,-2.2398275103745124,-1.7609994624387026,-0.08917538227370488,0.15818148131847876,0.05264554936789067,-0.0538,0.08608,0.02959,-5.970602452866987e-05,0.0,0.00028455371868836435,-0.0006404320974834834,0.0,0.0026808332600369174
458,4.58018649998121,circle,3.0057235240777813,0.6106325969456653,4.337199963629246,10.147500084713101,124371.0,124371.0,0.0,0.0,8.77,5e-05,1e-08,100.0,0.01,-0.042665343596679894,0.0,0.23879539724593427,-0.041984799980152074,0.0,0.23586773020728424,0.0,0.0,0.0,1.0117402025602111,0.0,0.6379044541525113,-0.9665266850563874,0.0,-0.9000696093888082,0.5583857280942183,0.0,0.14617720965919903,0.5096261055721527,-2.2398275103745124,-1.7609994624387026,-0.08929251287041061,0.15808331845977075,0.05262018163513692,-0.05111,0.08608,0.02959,-5.7549070810210615e-05,0.0,0.00028050719922519595,-0.00062299454571761,0.0,0.0026471598394248266
459,4.5900419999379665,circle,2.9657601025173195,0.6009819194303327,4.801000002771616,9.85549995675683,124371.0,124371.0,0.0,0.0,8.77,5e-05,1e-08,100.0,0.01,-0.042665343596679894,0.0,0.23879539724593427,-0.042003869001464134,0.0,0.23590434478263173,0.0,0.0,0.0,1.01069151248867,0.0,0.6364985469137874,-0.9676149558859817,0.0,-0.8946970157138042,0.5578712414415162,0.0,0.14575271599082162,0.5096261055721527,-2.2398275103745124,-1.7609994624387026,-0.08940796305142475,0.15798392972113723,0.05259213557454637,-0.04573,0.09146,0.02959,-5.639736509917932e-05,0.0,0.00027842345745102484,-0.0006050772301165815,0.0,0.0026126290058515154
460,4.600178000051528,circle,2.9247088972330864,0.5816051820145273,6.777799921110272,10.13600011356175,124371.0,124371.0,0.0,0.0,8.77,5e-05,1e-08,100.0,0.01,-0.042665343596679894,0.0,0.23879539724593427,-0.042023520157971006,0.0,0.23594198090633742,0.0,0.0,0.0,1.0095548351922166,0.0,0.6352445590584436,-0.968659177204775,0.0,-0.8894064712101744,0.557290256950446,0.0,0.14539146647767684,0.5096261055721527,-2.2398275103745124,-1.7609994624387026,-0.08953187872530903,0.15788800127437308,0.052574446186431326,-0.05111,0.08877,0.02959,-5.411459111885218e-05,0.0,0.00027417143038301886,-0.0005877088475900362,0.0,0.0025792449092138293
461,4.610076499870047,circle,2.8846702284698686,0.5705737231323198,4.331100033596158,9.898499818518758,124371.0,124371.0,0.0,0.0,8.77,5e-05,1e-08,100.0,0.01,-0.042665343596679894,0.0,0.23879539724593427,-0.042042749405940466,0.0,0.23597871501311532,0.0,0.0,0.0,1.0084220220102373,0.0,0.6339738379932416,-0.9696774749478932,0.0,-0.8841632130573911,0.5567130588796945,0.0,0.14502375801499048,0.5096261055721527,-2.2398275103745124,-1.7609994624387026,-0.08965546859215409,0.1577914812481487,0.052555828784402,-0.05111,0.08339,0.02959,-5.2771155906362324e-05,0.0,0.000271720913954433,-0.000569823034833066,0.0,0.0025449613188645126
462,4.6203360999934375,circle,2.8432260831412517,0.5498275889639147,4.135400056838989,10.259600123390555,124371.0,124371.0,0.0,0.0,8.77,5e-05,1e-08,100.0,0.01,-0.042665343596679894,0.0,0.23879539724593427,-0.04206272031795719,0.0,0.23601676813362074,0.0,0.0,0.0,1.0071794723242022,0.0,0.6328946593653806,-0.9706471855660179,0.0,-0.879010442837052,0.5560527467914528,0.0,0.1447356850470656,0.5096261055721527,-2.2398275103745124,-1.7609994624387026,-0.08978960711809837,0.15769936735975812,0.05255022556036135,-0.05111,0.09146,0.02959,-5.025322953591653e-05,0.0,0.00026703156569462226,-0.0005523700491867847,0.0,0.002511597546618902
463,4.630309900036082,circle,2.802992633863816,0.5394605891809854,4.205200122669339,9.973800042644143,124371.0,124371.0,0.0,0.0,8.77,5e-05,1e-08,100.0,0.01,-0.042665343596679894,0.0,0.23879539724593427,-0.04208217408368975,0.0,0.23605374062545575,0.0,0.0,0.0,1.0059470257900311,0.0,0.6317876443835999,-0.9715917061378375,0.0,-0.8739034955575552,0.5554009645078234,0.0,0.14443654790559826,0.5096261055721527,-2.2398275103745124,-1.7609994624387026,-0.08992282111618458,0.1576064020964696,0.05254294444722431,-0.056490000000000005,0.08877,0.02959,-4.894780795086054e-05,0.0,0.00026465688743065093,-0.0005342217050392843,0.0,0.00247699973304786
464,4.640039999969304,circle,2.7637980131682904,0.5286244862967971,4.668199922889471,9.730099933221936,124371.0,124371.0,0.0,0.0,8.77,5e-05,1e-08,100.0,0.01,-0.042665343596679894,0.0,0.23879539724593427,-0.04210118971777232,0.0,0.23608979013134676,0.0,0.0,0.0,1.004739126065667,0.0,0.6306253794462047,-0.9725096971899122,0.0,-0.8688449862020691,0.5547688434323925,0.0,0.14411505662051716,0.5096261055721527,-2.2398275103745124,-1.7609994624387026,-0.09005373194707789,0.15751190913638355,0.05253216854482502,-0.048420000000000005,0.08877,0.02959,-4.7572970948827806e-05,0.0,0.00026214669311757765,-0.0005165809079587486,0.0,0.0024434604214699273
465,4.65028589987196,circle,2.7225878702442077,0.5054516436852542,4.116300027817488,10.245899902656674,124371.0,124371.0,0.0,0.0,8.77,5e-05,1e-08,100.0,0.01,-0.042665343596679894,0.0,0.23879539724593427,-0.04212125307842822,0.0,0.23612772968434614,0.0,0.0,0.0,1.0033862549486101,0.0,0.629718284606438,-0.9733709042804481,0.0,-0.8638921178740906,0.5540267384303493,0.0,0.1438995487536393,0.5096261055721527,-2.2398275103745124,-1.7609994624387026,-0.09019856876981253,0.15742332996648092,0.05253868550337361,-0.056490000000000005,0.09415,0.02959,-4.463026062375558e-05,0.0,0.00025667206731341385,-0.0004994602576279192,0.0,0.002410995494274708
466,4.660526399966329,circle,2.68146615416648,0.49049601846820806,3.8723000325262547,10.240500094369054,124371.0,124371.0,0.0,0.0,8.77,5e-05,1e-08,100.0,0.01,-0.042665343596679894,0.0,0.23879539724593427,-0.04214134652871861,0.0,0.23616562771065017,0.0,0.0,0.0,1.0019733452480335,0.0,0.6289122096571438,-0.9741942867313212,0.0,-0.8590087949894788,0.5532394835281836,0.0,0.14372623107225638,0.5096261055721527,-2.2398275103745124,-1.7609994624387026,-0.0903491944208389,0.15733699659999786,0.05255214545980501,-0.0538,0.08877,0.02959,-4.2670077596824064e-05,0.0,0.00025306801984397364,-0.0004813269903644636,0.0,0.002376701515440125
467,4.670051399851218,circle,2.6432802339777295,0.48693913968085434,4.518300062045455,9.52499988488853,124371.0,124371.0,0.0,0.0,8.77,5e-05,1e-08,100.0,0.01,-0.042665343596679894,0.0,0.23879539724593427,-0.04216007252768173,0.0,0.23620085845413122,0.0,0.0,0.0,1.00067750934061,0.0,0.6278837590288809,-0.9750079557918523,0.0,-0.8541420815430671,0.5525424526611386,0.0,0.14346135622469144,0.5096261055721527,-2.2398275103745124,-1.7609994624387026,-0.090488648321595,0.15724517478886185,0.05255087311659937,-0.04573,0.08339,0.02959,-4.2166701413587696e-05,0.0,0.00025220727039369437,-0.00046310436758457524,0.0,0.0023423315214093528
468,4.680157199967653,circle,2.602834957071735,0.46367524770490687,4.253299906849861,10.105800116434693,124371.0,124371.0,0.0,0.0,8.77,5e-05,1e-08,100.0,0.01,-0.042665343596679894,0.0,0.23879539724593427,-0.042179978780699436,0.0,0.2362382170002021,0.0,0.0,0.0,0.9992385401517732,0.0,0.6271046512763326,-0.9757616447302148,0.0,-0.8493864832123018,0.5517370575750956,0.0,0.14330017047219182,0.5096261055721527,-2.2398275103745124,-1.7609994624387026,-0.09064186322803494,0.15715907840536802,0.052566552132679606,-0.048420000000000005,0.08608,0.02959,-3.905835672988453e-05,0.0,0.0002464489613853752,-0.0004463064592505743,0.0,0.0023107312843468016
469,4.690260499948636,circle,2.5624741343212087,0.44878169639150556,4.309799987822771,10.103299980983138,124371.0,124371.0,0.0,0.0,8.77,5e-05,1e-08,100.0,0.01,-0.042665343596679894,0.0,0.23879539724593427,-0.04219991961885612,0.0,0.2362755452244989,0.0,0.0,0.0,0.997735822935192,0.0,0.6264332662404677,-0.9764756632785755,0.0,-0.8447036141731671,0.5508836831907203,0.0,0.1431839505339769,0.5096261055721527,-2.2398275103745124,-1.7609994624387026,-0.09080122253014111,0.15707538674597193,0.05258962483297911,-0.040350000000000004,0.09146,0.02959,-3.700252154061127e-05,0.0,0.0002426799176159359,-0.0004284214562831616,0.0,0.0022771721038194344
470,4.700028100050986,circle,2.5235285425995437,0.43944475075825706,3.514199983328581,9.767600102350116,124371.0,124371.0,0.0,0.0,8.77,5e-05,1e-08,100.0,0.01,-0.042665343596679894,0.0,0.23879539724593427,-0.0422192354245241,0.0,0.23631161307575152,0.0,0.0,0.0,0.9962643001130178,0.0,0.6256966359144236,-0.9771641307754247,0.0,-0.8400669936212593,0.5500548647312526,0.0,0.14304114241477106,0.5096261055721527,-2.2398275103745124,-1.7609994624387026,-0.09095763251998566,0.1569899708365481,0.05260849027780223,-0.0538,0.09415,0.02959,-3.5678391609460876e-05,0.0,0.00024028318628331906,-0.0004104297805463363,0.0,0.0022435009838994266
471,4.71052709990181,circle,2.481752026727115,0.41512127431318185,4.145600134506822,10.498999850824475,124371.0,124371.0,0.0,0.0,8.77,5e-05,1e-08,100.0,0.01,-0.042665343596679894,0.0,0.23879539724593427,-0.0422400387291255,0.0,0.23635035964053866,0.0,0.0,0.0,0.9945990768793501,0.0,0.6252992461515595,-0.9777856368387531,0.0,-0.8355537028021411,0.5490792412073034,0.0,0.14303931857814522,0.5096261055721527,-2.2398275103745124,-1.7609994624387026,-0.09113265702793563,0.15691238217345543,0.05265038106591109,-0.04573,0.08608,0.02959,-3.220825502841352e-05,0.0,0.00023389188021927677,-0.0003930966125259842,0.0,0.002211145725176329
472,4.720201199874282,circle,2.443339987433828,0.412555379495245,4.356199875473976,9.674099972471595,124371.0,124371.0,0.0,0.0,8.77,5e-05,1e-08,100.0,0.01,-0.042665343596679894,0.0,0.23879539724593427,-0.042259245231406894,0.0,0.2363860416449663,0.0,0.0,0.0,0.993047689721547,0.0,0.6246898301124414,-0.9783992754425374,0.0,-0.8310535676127035,0.5481909813972189,0.0,0.1429500099678899,0.5096261055721527,-2.2398275103745124,-1.7609994624387026,-0.09129680000931302,0.15682964056700507,0.05267814508346433,-0.048420000000000005,0.09146,0.02959,-3.180054035515007e-05,0.0,0.00023321011718105368,-0.00037429782491784985,0.0,0.002176145483786918
473,4.730077899992466,circle,2.2146642768443416,0.026326297767428883,4.2912999633699656,9.87670011818409,124371.0,124371.0,0.0,0.0,8.77,5e-05,1e-08,100.0,0.01,-0.04259899965475919,0.0,0.23861385870200658,-0.04227889124798576,0.0,0.23642245082873345,0.0,0.0,0.0,0.9841249465225126,0.0,0.6441862705852628,-0.977679477297711,0.0,-0.8301601441273249,0.5419599405044765,0.0,0.151640022369891,0.5096261055721527,-2.2398275103745124,-1.7625334432265884,-0.09198829185153928,0.15726543694160994,0.053918203874526976,-0.0538,0.08339,0.02959,3.730203708345026e-05,0.0,4.629980810920203e-05,-0.0003574104438568772,0.0,0.0021451080651639248
474,4.740075999870896,circle,2.364688900782549,1.3165456443768546,4.30570007301867,9.998099878430367,124371.0,124371.0,0.0,0.0,8.77,5e-05,1e-08,100.0,0.01,-0.042665343596679894,0.0,0.23879539724593427,-0.04229881708802047,0.0,0.23645928682133227,0.0,0.0,0.0,0.9884649413754734,0.0,0.6273099433303906,-0.9795068754370251,0.0,-0.8222552153796845,0.5451849455872785,0.0,0.14430541090590565,0.5096261055721527,-2.2398275103745124,-1.7609994624387026,-0.09176167493601675,0.15677848195404837,0.05296833131556681,-0.05111,0.08339,0.02959,-9.470109593194564e-05,0.0,0.0004096564396998165,-0.0002718254127274804,0.0,0.0019264539849021783
475,4.750527299940586,circle,2.323481915496003,0.40196550370908024,3.927099984139204,10.45130006968975,124371.0,124371.0,0.0,0.0,8.77,5e-05,1e-08,100.0,0.01,-0.042665343596679894,0.0,0.23879539724593427,-0.042319687356244806,0.0,0.2364977702146071,0.0,0.0,0.0,0.9879318032672012,0.0,0.6236147780131723,-0.9800522467989926,0.0,-0.8178054013010141,0.5451810476131824,0.0,0.14299784516130543,0.5096261055721527,-2.2398275103745124,-1.7609994624387026,-0.09183385235553763,0.15659764977658258,0.052813712686572,-0.04304,0.08608,0.02959,-2.8262732987070218e-05,0.0,0.00023060233066485476,-0.00031739350744801803,0.0,0.002067024700662305
476,4.7601147999521345,circle,2.2857793774523443,0.3510975025373861,4.296599887311459,9.5875000115484,124371.0,124371.0,0.0,0.0,8.77,5e-05,1e-08,100.0,0.01,-0.042665343596679894,0.0,0.23879539724593427,-0.042338869726855737,0.0,0.2365330528480345,0.0,0.0,0.0,0.9863075620842282,0.0,0.6230248496239726,-0.9804916305231348,0.0,-0.8136386499129816,0.5442469091880922,0.0,0.1429219721052155,0.5096261055721527,-2.2398275103745124,-1.7609994624387026,-0.09200548670223291,0.1565131263299798,0.05284504724013607,-0.048420000000000005,0.08070000000000001,0.02959,-2.2770144788094356e-05,0.0,0.0002159331973133863,-0.0003037037250360635,0.0,0.002046411200586382
477,4.770107100019231,circle,2.2465908029235404,0.3312309235668154,4.482999909669161,9.992300067096949,124371.0,124371.0,0.0,0.0,8.77,5e-05,1e-08,100.0,0.01,-0.042665343596679894,0.0,0.23879539724593427,-0.04235889969702824,0.0,0.23656980465694882,0.0,0.0,0.0,0.9844816112282143,0.0,0.6228786236780934,-0.9808705277879316,0.0,-0.8095867388706474,0.5431520742780533,0.0,0.1430260432386875,0.5096261055721527,-2.2398275103745124,-1.7609994624387026,-0.09219609647808287,0.15644070779286126,0.052904618664493835,-0.048420000000000005,0.08070000000000001,0.02959,-1.9635560230940033e-05,0.0,0.00020998183601254406,-0.0002868083394207152,0.0,0.002015610752972898
478,4.780523299938068,circle,2.2058609094011716,0.31451846268652467,3.9920001290738583,10.416199918836355,124371.0,124371.0,0.0,0.0,8.77,5e-05,1e-08,100.0,0.01,-0.042665343596679894,0.0,0.23879539724593427,-0.04237982031814213,0.0,0.23660809324122042,0.0,0.0,0.0,0.9824945952691285,0.0,0.6230152735213877,-0.9811933773681815,0.0,-0.8056343103347016,0.5419350971529299,0.0,0.14324763820318678,0.5096261055721527,-2.2398275103745124,-1.7609994624387026,-0.09240218131030342,0.1563748325437701,0.05298337381591364,-0.048420000000000005,0.08608,0.02959,-1.673100591630789e-05,0.0,0.00020482636269036512,-0.0002687922726214572,0.0,0.0019824776420234763
479,4.790047399932519,circle,2.168733474354073,0.31411251739221085,4.400599980726838,9.524099994450808,124371.0,124371.0,0.0,0.0,8.77,5e-05,1e-08,100.0,0.01,-0.042665343596679894,0.0,0.23879539724593427,-0.042398985725643046,0.0,0.23664308259251562,0.0,0.0,0.0,0.9806501588425731,0.0,0.6228904231086496,-0.9815130753640272,0.0,-0.8016841939936672,0.5408271940344604,0.0,0.1433611441732714,0.5096261055721527,-2.2398275103745124,-1.7609994624387026,-0.09259461839719009,0.15630268067898193,0.053044626123744096,-0.0538,0.08339,0.02959,-1.6567681631042726e-05,0.0,0.00020470653802727554,-0.0002497901894058059,0.0,0.0019476081153913655
480,4.80054029985331,circle,2.1279627095966203,0.2923696108789902,3.910900093615055,10.492899920791388,124371.0,124371.0,0.0,0.0,8.77,5e-05,1e-08,100.0,0.01,-0.042665343596679894,0.0,0.23879539724593427,-0.04242014104586352,0.0,0.2366816089399521,0.0,0.0,0.0,0.9785777018387998,0.0,0.6231547108305807,-0.9817572249917087,0.0,-0.7978685850586847,0.5395473589451082,0.0,0.14363687290417926,0.5096261055721527,-2.2398275103745124,-1.7609994624387026,-0.09280901413213641,0.15623929646665752,0.053132502386713826,-0.0538,0.09415,0.02959,-1.2652545072516379e-05,0.0,0.000197735972351933,-0.00023255000574385522,0.0,0.0019160523336302286
481,4.810093599837273,circle,2.090971080488413,0.29191372314852276,4.408699925988913,9.55329998396337,124371.0,124371.0,0.0,0.0,8.77,5e-05,1e-08,100.0,0.01,-0.042665343596679894,0.0,0.23879539724593427,-0.04243943879267475,0.0,0.23671666516147358,0.0,0.0,0.0,0.9766398716289959,0.0,0.6231738466334141,-0.9819981949292911,0.0,-0.794055761998779,0.5383703599986633,0.0,0.14381118876136761,0.5096261055721527,-2.2398275103745124,-1.7609994624387026,-0.0930105155895756,0.15617006287697915,0.053203935329498894,-0.04573,0.09146,0.02959,-1.2487764267869793e-05,0.0,0.00019759160020084042,-0.00021341703973727638,0.0,0.0018811404842598478
482,4.820133799919859,circle,2.052233392554184,0.276181584230346,4.772599786520004,10.040200082585216,124371.0,124371.0,0.0,0.0,8.77,5e-05,1e-08,100.0,0.01,-0.042665343596679894,0.0,0.23879539724593427,-0.04245975786867884,0.0,0.23675348725625384,0.0,0.0,0.0,0.9745835258329214,0.0,0.6233888473799046,-0.9821818338810497,0.0,-0.7903442453299974,0.5371045502932108,0.0,0.14406747998256475,0.5096261055721527,-2.2398275103745124,-1.7609994624387026,-0.09322345919589106,0.15610510689271656,0.053288905303266174,-0.05111,0.08070000000000001,0.02959,-9.516705540561895e-06,0.0,0.0001923416078528702,-0.00019606902246049456,0.0,0.0018495683818275592
483,4.830272499937564,circle,2.013268814358078,0.2643922194859604,4.1992999613285065,10.13870001770556,124371.0,124371.0,0.0,0.0,8.77,5e-05,1e-08,100.0,0.01,-0.042665343596679894,0.0,0.23879539724593427,-0.04248031556122285,0.0,0.23679064889639967,0.0,0.0,0.0,0.9724430134353307,0.0,0.6237422191646582,-0.9823207719613412,0.0,-0.7867110226260042,0.5357757282838409,0.0,0.1443817257618548,0.5096261055721527,-2.2398275103745124,-1.7609994624387026,-0.09344453251243781,0.15604315721127554,0.05338345534691028,-0.0538,0.09415,0.02959,-7.20017613865657e-06,0.0,0.00018828418648679512,-0.00017782785931838726,0.0,0.0018164641630478012
484,4.840047999983653,circle,1.7901300486614322,0.027642630572909554,4.327799892053008,9.775500046089292,124371.0,124371.0,0.0,0.0,8.77,5e-05,1e-08,100.0,0.01,-0.04259899965475919,0.0,0.23861385870200658,-0.04250017416268587,0.0,0.23682645860319348,0.0,0.0,0.0,0.9630230634052305,0.0,0.644039156709926,-0.9811470666880834,0.0,-0.7866435877430836,0.5291653939998953,0.0,0.1533923410216178,0.5096261055721527,-2.2398275103745124,-1.7625334432265884,-0.09418429760075825,0.1564953563554361,0.05468004270011147,-0.048420000000000005,0.09146,0.02959,6.082482703849667e-05,0.0,3.494672115279167e-06,-0.0001596503191118131,0.0,0.001783905426697812
485,4.850230899872258,circle,1.9370512318859632,1.0349366912537739,4.142999881878495,10.18289988860488,124371.0,124371.0,0.0,0.0,8.77,5e-05,1e-08,100.0,0.01,-0.042665343596679894,0.0,0.23879539724593427,-0.04252089935334163,0.0,0.23686373906304647,0.0,0.0,0.0,0.9668203373656676,0.0,0.6280365730132303,-0.9825100588990536,0.0,-0.7795803670250138,0.5319941820130002,0.0,0.14644023687058758,0.5096261055721527,-2.2398275103745124,-1.7609994624387026,-0.09401001713623099,0.1560275962766236,0.05379034433107874,-0.05111,0.08070000000000001,0.02959,-7.063422767226722e-05,0.0,0.00036603667745427554,-7.38100156659995e-05,0.0,0.0015656215054335155
486,4.860388200031593,circle,1.8985297101744654,0.2657821909057432,4.246799973770976,10.157300159335136,124371.0,124371.0,0.0,0.0,8.77,5e-05,1e-08,100.0,0.01,-0.042665343596679894,0.0,0.23879539724593427,-0.04254161203356741,0.0,0.23690090376199063,0.0,0.0,0.0,0.9658422151631032,0.0,0.6250379857435496,-0.9826090183666767,0.0,-0.7759362873610017,0.5316601522434459,0.0,0.14542627431947022,0.5096261055721527,-2.2398275103745124,-1.7609994624387026,-0.09412533574771031,0.15586112983244135,0.05368472990069836,-0.04304,0.09146,0.02959,-5.128367947007954e-06,0.0,0.0001888468258181375,-0.00011860319516547422,0.0,0.0017056466581254948
487,4.870535499881953,circle,1.6762496906074353,0.036219315286726235,4.25949995405972,10.147299850359559,124371.0,124371.0,0.0,0.0,8.77,5e-05,1e-08,100.0,0.01,-0.04259899965475919,0.0,0.23861385870200658,-0.042562343782162476,0.0,0.2369380098507477,0.0,0.0,0.0,0.9562840121263918,0.0,0.6454656262054316,-0.9812814030534067,0.0,-0.7761562949700319,0.524953034679959,0.0,0.15449185140965702,0.5096261055721527,-2.2398275103745124,-1.7625334432265884,-0.09487875736545485,0.15631393686458622,0.05499269232376352,-0.04573,0.08070000000000001,0.02959,6.880089376381531e-05,0.0,-1.140143532906172e-05,-0.00010545676636052897,0.0,0.0016872502865879382
488,4.880527999950573,circle,1.6394104360017174,0.21493366066828576,3.865000093355775,9.992500068619847,124371.0,124371.0,0.0,0.0,8.77,5e-05,1e-08,100.0,0.01,-0.04259899965475919,0.0,0.23861385870200658,-0.04258279778313602,0.0,0.23697452832742455,0.0,0.0,0.0,0.9526445478226182,0.0,0.6496801308609489,-0.98121944682446,0.0,-0.7728786670960635,0.5223829163549569,0.0,0.15634755247977486,0.5096261055721527,-2.2398275103745124,-1.7625334432265884,-0.09523778175383942,0.1563667482176037,0.055323632832847,-0.04573,0.08877,0.02959,3.2107523040385616e-06,0.0,0.0001698562263560265,-1.9412623927208445e-05,0.0,0.001469474148226
489,4.890498999971896,circle,1.7855305239890313,1.0006190831300936,3.892800072208047,9.971000021323562,124371.0,124371.0,0.0,0.0,8.77,5e-05,1e-08,100.0,0.01,-0.042665343596679894,0.0,0.23879539724593427,-0.04260324585388659,0.0,0.23701094687609023,0.0,0.0,0.0,0.9575855889131607,0.0,0.6303724153032803,-0.9824881361038007,0.0,-0.7659201197072161,0.5261911183743009,0.0,0.14809319996732198,0.5096261055721527,-2.2398275103745124,-1.7609994624387026,-0.09496011994096645,0.15579580118199,0.05423647156047856,-0.048420000000000005,0.08339,0.02959,-6.574717500057082e-05,0.0,0.00036061220061863516,3.6494322072677156e-06,0.0,0.001423838169225402
490,4.900534299900755,circle,1.74831067523056,0.21354469462536368,8.101100102066994,10.035299928858876,124371.0,124371.0,0.0,0.0,8.77,5e-05,1e-08,100.0,0.01,-0.042665343596679894,0.0,0.23879539724593427,-0.042623864172077953,0.0,0.2370475786985845,0.0,0.0,0.0,0.9565243950776046,0.0,0.6274199023762339,-0.9823914007874743,0.0,-0.7626539480906332,0.5258027136918585,0.0,0.14710329474280293,0.5096261055721527,-2.2398275103745124,-1.7609994624387026,-0.095083872622028,0.1556283458504828,0.054136051738591484,-0.0538,0.08877,0.0269,5.01310594728047e-06,0.0,0.00016926252973297677,-4.64925305492214e-05,0.0,0.0015785560176167842
491,4.910215900046751,circle,1.7126339918729812,0.17357347119694003,4.127100110054016,9.681600145995617,124371.0,124371.0,0.0,0.0,8.77,5e-05,1e-08,100.0,0.01,-0.042665343596679894,0.0,0.23879539724593427,-0.0426437922603704,0.0,0.23708289885760742,0.0,0.0,0.0,0.9541757797058315,0.0,0.6280165903448989,-0.9821641810187369,0.0,-0.7597167649585506,0.5243266212308335,0.0,0.14752465445392876,0.5096261055721527,-2.2398275103745124,-1.7609994624387026,-0.09532549543281958,0.15556951036675803,0.05424963771073657,-0.05111,0.09146,0.024210000000000002,1.177519046093398e-05,0.0,0.00015221338790680477,-3.332652677042972e-05,0.0,0.0015602850004200449
492,4.92053829994984,circle,1.7798546157592703,1.0287891723489972,3.9052001666277647,10.322399903088808,124371.0,124371.0,0.0,0.0,8.77,5e-05,1e-08,100.0,0.01,-0.042390243693395585,0.0,0.23887904185019354,-0.04266507876800378,0.0,0.23712053449024173,0.0,0.0,0.0,0.9212156834550155,0.0,0.6199742411266028,-0.9765303943541974,0.0,-0.7552783072849923,0.5045550038806391,0.0,0.14725268639441633,0.5111600863600384,-2.2398275103745124,-1.7609994624387026,-0.09995326969069225,0.15374376738460238,0.05515354545965975,-0.048420000000000005,0.08608,0.024210000000000002,0.0002919592400008897,0.0,0.0002300138088835652,-1.712416539269404e-05,0.0,0.0015284935510682456
493,4.9302217999938875,circle,1.6396963398676208,0.5482879678036523,4.338099854066968,9.683500044047832,124371.0,124371.0,0.0,0.0,8.77,5e-05,1e-08,100.0,0.01,-0.042665343596679894,0.0,0.23879539724593427,-0.04268508473034989,0.0,0.2371558197471204,0.0,0.0,0.0,0.9436485966846087,0.0,0.6286156856001717,-0.9816364638135974,0.0,-0.7541196644976101,0.5178892990185747,0.0,0.14865351057490966,0.5096261055721527,-2.2398275103745124,-1.7609994624387026,-0.0964179683683736,0.15521507964956904,0.05466109607358412,-0.056490000000000005,0.09146,0.03228,-0.000264611396841757,0.0,6.004424515718555e-05,0.0002843525305117524,0.0,0.001579533253656669
494,4.940330399898812,circle,1.6032806535916146,0.13707477824215747,4.077899968251586,10.108599904924631,124371.0,124371.0,0.0,0.0,8.77,5e-05,1e-08,100.0,0.01,-0.042665343596679894,0.0,0.23879539724593427,-0.042706007102958826,0.0,0.23719263234319954,0.0,0.0,0.0,0.9463913885671977,0.0,0.6314830440228257,-0.9816144740134884,0.0,-0.7515017921991556,0.5193054825255938,0.0,0.14946656854647433,0.5096261055721527,-2.2398275103745124,-1.7609994624387026,-0.09611960709052046,0.15543959053033096,0.05469622344509034,-0.05918,0.08339,0.024210000000000002,1.139575512937542e-06,0.0,0.00013566577015440757,3.952393076599424e-05,0.0,0.0014670991325803193
495,4.95053939986974,circle,1.566829744238243,0.1479612261817817,3.9099000860005617,10.208999970927835,124371.0,124371.0,0.0,0.0,8.77,5e-05,1e-08,100.0,0.01,-0.042665343596679894,0.0,0.23879539724593427,-0.04272717681879342,0.0,0.23722978806734826,0.0,0.0,0.0,0.9439777823806541,0.0,0.6329284556029418,-0.9811378106081153,0.0,-0.7488239472974483,0.517716629911648,0.0,0.1502044065715155,0.5096261055721527,-2.2398275103745124,-1.7609994624387026,-0.0963641468819523,0.15541550979945434,0.054852140036119976,-0.0538,0.08339,0.02959,2.4702086513036835e-05,0.0,0.0001387737252006786,3.7131135600489375e-05,0.0,0.001426835453385324
496,4.960102400043979,circle,1.5330037010835311,0.1480083874487843,4.458100069314241,9.563000174239278,124371.0,124371.0,0.0,0.0,8.77,5e-05,1e-08,100.0,0.01,-0.042665343596679894,0.0,0.23879539724593427,-0.042747042989626484,0.0,0.23726457212309104,0.0,0.0,0.0,0.9412568977943597,0.0,0.6340544646624219,-0.9806276862311045,0.0,-0.7461518334333921,0.5159689708197249,0.0,0.15085181941203465,0.5096261055721527,-2.2398275103745124,-1.7609994624387026,-0.09664210306772102,0.1553663564647496,0.055004206174313994,-0.05111,0.08877,0.0269,2.6436131558837076e-05,0.0,0.00013847672613554146,5.5263261387752435e-05,0.0,0.0013923483967076798
497,4.970368499867618,circle,1.497057771429495,0.13748750463515272,4.035399993881583,10.266099823638797,124371.0,124371.0,0.0,0.0,8.77,5e-05,1e-08,100.0,0.01,-0.042665343596679894,0.0,0.23879539724593427,-0.042768408537376686,0.0,0.2373018914411258,0.0,0.0,0.0,0.9383333179784062,0.0,0.6354633618841539,-0.9800604010140774,0.0,-0.7435920360345286,0.5140739201953858,0.0,0.15162035367373966,0.5096261055721527,-2.2398275103745124,-1.7609994624387026,-0.09693986473273945,0.15532224161085742,0.05517697164359507,-0.05918,0.08608,0.0269,2.9398372838094293e-05,0.0,0.00013265615965836843,7.366656785869694e-05,0.0,0.0013608496451501075
498,4.980385100003332,circle,1.4623780382833362,0.13292510638260963,3.958699991926551,10.016600135713816,124371.0,124371.0,0.0,0.0,8.77,5e-05,1e-08,100.0,0.01,-0.042665343596679894,0.0,0.23879539724593427,-0.04278929349085164,0.0,0.237338281618886,0.0,0.0,0.0,0.9354070009961812,0.0,0.6368828972342565,-0.9794737921265999,0.0,-0.7410816286292442,0.5121762857621215,0.0,0.15239302519958264,0.5096261055721527,-2.2398275103745124,-1.7609994624387026,-0.09723786349783987,0.15527849313336636,0.05535033838739223,-0.05918,0.08877,0.02959,3.03997817448481e-05,0.0,0.00013009662628785438,9.355011242690063e-05,0.0,0.001327019000760401
499,4.990035800030455,circle,1.4293585447247836,0.12938307628344253,4.319299943745136,9.650700027123094,124371.0,124371.0,0.0,0.0,8.77,5e-05,1e-08,100.0,0.01,-0.042665343596679894,0.0,0.23879539724593427,-0.0428094516243808,0.0,0.23737332174662704,0.0,0.0,0.0,0.9325435868602423,0.0,0.6382041183427937,-0.9788729842881241,0.0,-0.7386101546230969,0.5103252989450787,0.0,0.153124256287068,0.5096261055721527,-2.2398275103745124,-1.7609994624387026,-0.09752976391586074,0.15523272108563127,0.05551678624723113,-0.056490000000000005,0.08608,0.0269,3.1135612757761394e-05,0.0,0.00012807898410828835,0.00011297241494314658,0.0,0.001293996515198941
500,5.000238299835473,circle,1.3949017231981446,0.12048544116709549,4.130899906158447,10.202499805018306,124371.0,124371.0,0.0,0.0,8.77,5e-05,1e-08,100.0,0.01,-0.042665343596679894,0.0,0.23879539724593427,-0.04283080083869706,0.0,0.23741034319700866,0.0,0.0,0.0,0.9295315868356705,0.0,0.6397808437132447,-0.9782183177903108,0.0,-0.7362446348405096,0.5083621077745706,0.0,0.15396190505008164,0.5096261055721527,-2.2398275103745124,-1.7609994624387026,-0.09783596469921174,0.15519274677048034,0.05570067420532285,-0.05111,0.08339,0.03497,3.3926725412977124e-05,0.0,0.0001225881275288413,0.00013153051660418693,0.0,0.001262465921396769
501,5.010654599871486,circle,1.3602365982236593,0.11382215839542678,3.794299904257059,10.416300036013126,124371.0,124371.0,0.0,0.0,8.77,5e-05,1e-08,100.0,0.01,-0.042665343596679894,0.0,0.23879539724593427,-0.04285263823321373,0.0,0.2374481169030684,0.0,0.0,0.0,0.9264107379971248,0.0,0.6415456984204126,-0.9775213504558216,0.0,-0.7339631124407562,0.5063166338024584,0.0,0.1548778649608707,0.5096261055721527,-2.2398275103745124,-1.7609994624387026,-0.09815263750436252,0.1551570616429384,0.05589738369377763,-0.048420000000000005,0.08339,0.0269,3.611887802201975e-05,0.0,0.00011823513841088752,0.00015117575851181735,0.0,0.0012290452044549656
502,5.020520099904388,circle,1.3279197717929299,0.11159854778224858,4.045099951326847,9.865500032901764,124371.0,124371.0,0.0,0.0,8.77,5e-05,1e-08,100.0,0.01,-0.042665343596679894,0.0,0.23879539724593427,-0.04287335887669085,0.0,0.23748387120212097,0.0,0.0,0.0,0.9233738406692203,0.0,0.6431736643988453,-0.976813715855921,0.0,-0.7317094086740878,0.5043339061243618,0.0,0.15573643942147633,0.5096261055721527,-2.2398275103745124,-1.7609994624387026,-0.09846119718315358,0.15511842769751782,0.056084591962797734,-0.056490000000000005,0.08070000000000001,0.02959,3.667168679764759e-05,0.0,0.00011679349579226989,0.00017134359321331017,0.0,0.0011947325480210237
503,5.030530399875715,circle,1.2956802506306004,0.10593813799144766,3.9109999779611826,10.010299971327186,124371.0,124371.0,0.0,0.0,8.77,5e-05,1e-08,100.0,0.01,-0.042665343596679894,0.0,0.23879539724593427,-0.0428944213894587,0.0,0.23752012838144734,0.0,0.0,0.0,0.9202878078429731,0.0,0.6448843521920729,-0.9760661909262986,0.0,-0.7295326878871271,0.5023142263612334,0.0,0.15662955713115967,0.5096261055721527,-2.2398275103745124,-1.7609994624387026,-0.09877449388212983,0.15508163364957278,0.05627748419414244,-0.05918,0.08877,0.03497,3.8738919912943205e-05,0.0,0.00011280401348154551,0.00019033887286586581,0.0,0.001162464851005377
504,5.040051199961454,circle,1.26557139663323,0.10335512978659493,6.208100123330951,9.520800085738301,124371.0,124371.0,0.0,0.0,8.77,5e-05,1e-08,100.0,0.01,-0.042665343596679894,0.0,0.23879539724593427,-0.04291448920806521,0.0,0.23755459209430746,0.0,0.0,0.0,0.9172743301417835,0.0,0.6464758548150465,-0.9753020967332565,0.0,-0.7273916795829969,0.500348850829937,0.0,0.15747275769263622,0.5096261055721527,-2.2398275103745124,-1.7609994624387026,-0.09908078282034553,0.15504225266606836,0.056462123636643095,-0.05111,0.08608,0.03228,3.9597587422008924e-05,0.0,0.000110953288568399,0.00020954802396330768,0.0,0.001129851863058407
505,5.05053610005416,circle,1.233086906980778,0.09438267842700121,3.9456000085920095,10.484900092706084,124371.0,124371.0,0.0,0.0,8.77,5e-05,1e-08,100.0,0.01,-0.042665343596679894,0.0,0.23879539724593427,-0.042936628888040645,0.0,0.2375925225181015,0.0,0.0,0.0,0.9140104877801091,0.0,0.6484820229440338,-0.9744611375121981,0.0,-0.7253887014218303,0.49819578360879313,0.0,0.15848946234238687,0.5096261055721527,-2.2398275103745124,-1.7609994624387026,-0.09941123935405187,0.15501194758102158,0.05667540266365187,-0.0538,0.07801000000000001,0.03228,4.358095713608527e-05,0.0,0.00010380016438425298,0.0002277043342246658,0.0,0.001099074563448506
506,5.060252299997956,circle,1.2036622399856483,0.09320402498832196,5.458399886265397,9.7161999437958,124371.0,124371.0,0.0,0.0,8.77,5e-05,1e-08,100.0,0.01,-0.042665343596679894,0.0,0.23879539724593427,-0.04295718256531584,0.0,0.23762765035368716,0.0,0.0,0.0,0.9108489788299666,0.0,0.6503197303437515,-0.9736128247828602,0.0,-0.7234036153363768,0.4961193378891489,0.0,0.1594356323924246,0.5096261055721527,-2.2398275103745124,-1.7609994624387026,-0.09973181380333776,0.1549779781759871,0.05687702506619592,-0.0538,0.08877,0.03228,4.396203736190896e-05,0.0,0.00010287294489076128,0.0002478769312740359,0.0,0.0010648739473563455
507,5.070528700016439,circle,1.173306869395487,0.0870224818702063,4.2796998750418425,10.2764000184834,124371.0,124371.0,0.0,0.0,8.77,5e-05,1e-08,100.0,0.01,-0.042665343596679894,0.0,0.23879539724593427,-0.0429789601717289,0.0,0.23766478075320777,0.0,0.0,0.0,0.9075420768201049,0.0,0.6523941884601978,-0.9727042742027462,0.0,-0.7215259412591062,0.49393424552398146,0.0,0.16048107503280398,0.5096261055721527,-2.2398275103745124,-1.7609994624387026,-0.10006644132583176,0.1549491020660028,0.05709508820073539,-0.05918,0.07801000000000001,0.03228,4.7083738304959334e-05,0.0,9.730654166235355e-05,0.0002665328367440448,0.0,0.0010333099510641459
508,5.080037900013849,circle,1.1459723976567429,0.0859878610341353,4.471399821341038,9.509199997410178,124371.0,124371.0,0.0,0.0,8.77,5e-05,1e-08,100.0,0.01,-0.042665343596679894,0.0,0.23879539724593427,-0.042999147521966305,0.0,0.23769911823233666,0.0,0.0,0.0,0.904354590925128,0.0,0.6542706373162063,-0.9717876036783437,0.0,-0.7196660734668245,0.4918386907396879,0.0,0.16144368373050824,0.5096261055721527,-2.2398275103745124,-1.7609994624387026,-0.10038954331813207,0.15491588742936094,0.05729948129884846,-0.056490000000000005,0.08877,0.03228,4.75045374779329e-05,0.0,9.638376809381773e-05,0.00028629938780847766,0.0,0.000999895245503783
509,5.090537199983373,circle,1.1167002080075994,0.07907426171786786,3.8723000325262547,10.499299969524145,124371.0,124371.0,0.0,0.0,8.77,5e-05,1e-08,100.0,0.01,-0.042665343596679894,0.0,0.23879539724593427,-0.04302147649002531,0.0,0.23773700756493693,0.0,0.0,0.0,0.9009173683510199,0.0,0.6565531213827419,-0.97079090412944,0.0,-0.7179455203295844,0.4895565715738711,0.0,0.16257658073487544,0.5096261055721527,-2.2398275103745124,-1.7609994624387026,-0.10073678657653588,0.15489139407953129,0.05753208465084417,-0.056490000000000005,0.08070000000000001,0.03228,5.165187470909389e-05,0.0,8.916407674993234e-05,0.0003044810186363197,0.0,0.0009692256042474024
510,5.100138299865648,circle,1.0908298502974496,0.07856191837383232,4.539899993687868,9.601099882274866,124371.0,124371.0,0.0,0.0,8.77,5e-05,1e-08,100.0,0.01,-0.042665343596679894,0.0,0.23879539724593427,-0.04304193170106916,0.0,0.23777163401064377,0.0,0.0,0.0,0.8976117534922348,0.0,0.658618132470295,-0.9697900442048099,0.0,-0.716234855156978,0.48737306524280033,0.0,0.16361846319461326,0.5096261055721527,-2.2398275103745124,-1.7609994624387026,-0.10107132434891453,0.15486215217280663,0.057749657887500985,-0.056490000000000005,0.08877,0.03228,5.186747750219472e-05,0.0,8.865165361350081e-05,0.0003247206268870705,0.0,0.0009351115816769916
511,5.110514200059697,circle,1.063910358108846,0.07339624021150994,3.8701000157743692,10.375900194048882,124371.0,124371.0,0.0,0.0,8.77,5e-05,1e-08,100.0,0.01,-0.042665343596679894,0.0,0.23879539724593427,-0.04306407675926061,0.0,0.23780903163666472,0.0,0.0,0.0,0.8941113802309966,0.0,0.6609958988207177,-0.9687177063105332,0.0,-0.714647434779895,0.4850444023338817,0.0,0.16479171977128726,0.5096261055721527,-2.2398275103745124,-1.7609994624387026,-0.1014247064163397,0.1548395414022427,0.057989047689789575,-0.0538,0.08877,0.03228,5.55716741556828e-05,0.0,8.226474921214943e-05,0.00034316148842503526,0.0,0.0009041008600573911
512,5.1204698998481035,circle,1.0391710526513416,0.07174650250318863,4.034999990835786,9.955699788406491,124371.0,124371.0,0.0,0.0,8.77,5e-05,1e-08,100.0,0.01,-0.042665343596679894,0.0,0.23879539724593427,-0.04308536318062151,0.0,0.2378448921035105,0.0,0.0,0.0,0.8906365740076111,0.0,0.6633287905314337,-0.9676208276129878,0.0,-0.7131033550376638,0.4827351195068187,0.0,0.16594633717216406,0.5096261055721527,-2.2398275103745124,-1.7609994624387026,-0.10177563264123915,0.154815893540567,0.058225394605891004,-0.0538,0.08608,0.03228,5.684345008654621e-05,0.0,8.001871123359866e-05,0.0003631761338550717,0.0,0.000870486431190159
513,5.130527700064704,circle,1.0153426709453617,0.06912185173335511,3.8294000551104546,10.057800216600299,124371.0,124371.0,0.0,0.0,8.77,5e-05,1e-08,100.0,0.01,-0.042665343596679894,0.0,0.23879539724593427,-0.04310690585623085,0.0,0.23788109778165425,0.0,0.0,0.0,0.8871084418213849,0.0,0.6657426783125144,-0.9664793024745029,0.0,-0.711636040161086,0.4803864910364418,0.0,0.16713522856799418,0.5096261055721527,-2.2398275103745124,-1.7609994624387026,-0.10213173975917605,0.1547938586676369,0.05846749691356386,-0.056490000000000005,0.08608,0.03228,5.915715874339891e-05,0.0,7.604053222644508e-05,0.0003824051008075577,0.0,0.0008382589320535655
514,5.140460799913853,circle,0.9930407364406613,0.06720680313657346,3.9866999723017216,9.933099849149585,124371.0,124371.0,0.0,0.0,8.77,5e-05,1e-08,100.0,0.01,-0.042665343596679894,0.0,0.23879539724593427,-0.043128218853438406,0.0,0.23791683227912114,0.0,0.0,0.0,0.8835617156294896,0.0,0.6681817447405459,-0.9653010306697977,0.0,-0.7102317553918658,0.47802440536457985,0.0,0.16833495138712964,0.5096261055721527,-2.2398275103745124,-1.7609994624387026,-0.10248966758792244,0.1547722524453476,0.05871146221813449,-0.056490000000000005,0.08877,0.03228,6.106147805670761e-05,0.0,7.277412841306117e-05,0.00040181377870180415,0.0,0.0008057908384000667
515,5.150555599946529,circle,0.9717162726912469,0.06503927687630894,3.890200052410364,10.094800032675266,124371.0,124371.0,0.0,0.0,8.77,5e-05,1e-08,100.0,0.01,-0.042665343596679894,0.0,0.23879539724593427,-0.04314991687467708,0.0,0.23795312576187225,0.0,0.0,0.0,0.8799349280905634,0.0,0.6707448654853222,-0.9640739132690873,0.0,-0.7089103369378793,0.47560303609919136,0.0,0.169587029043635,0.5096261055721527,-2.2398275103745124,-1.7609994624387026,-0.10285536269694677,0.15475317499736713,0.058964183783041774,-0.0538,0.08339,0.03228,6.359279916421219e-05,0.0,6.847975451053129e-05,0.00042098047883297067,0.0,0.000773791729551487
516,5.160060799913481,circle,0.952953499376562,0.06431111855464988,5.620599957183003,9.505199966952205,124371.0,124371.0,0.0,0.0,8.77,5e-05,1e-08,100.0,0.01,-0.042665343596679894,0.0,0.23879539724593427,-0.04317038265470316,0.0,0.23798727849114323,0.0,0.0,0.0,0.8763984680824141,0.0,0.6731567681514785,-0.9628287936765592,0.0,-0.7076198978150303,0.4732495183331296,0.0,0.17077592228281763,0.5096261055721527,-2.2398275103745124,-1.7609994624387026,-0.10321234634232826,0.1547307528085389,0.059206497324808205,-0.05111,0.07801000000000001,0.03228,6.452572519811587e-05,0.0,6.687431530716349e-05,0.00044051333282514967,0.0,0.0007412444394838683
517,5.170499699888751,circle,0.9339118847247988,0.06182337137513405,3.9526999462395906,10.438899975270033,124371.0,124371.0,0.0,0.0,8.77,5e-05,1e-08,100.0,0.01,-0.042665343596679894,0.0,0.23879539724593427,-0.043192897952974645,0.0,0.23802476256621588,0.0,0.0,0.0,0.8726128845929393,0.0,0.6759637142826729,-0.9615018529128178,0.0,-0.7064664695424969,0.4707107572344739,0.0,0.1721310257540502,0.5096261055721527,-2.2398275103745124,-1.7609994624387026,-0.10359345732517065,0.1547165936039255,0.05947648135181238,-0.06456,0.08339,0.03228,6.876593669411391e-05,0.0,5.977401383509525e-05,0.00045878841960063626,0.0,0.0007108606658832897
518,5.1805128999985754,circle,0.9172770453205028,0.06123827608059544,4.535299958661199,10.013200109824538,124371.0,124371.0,0.0,0.0,8.77,5e-05,1e-08,100.0,0.01,-0.042665343596679894,0.0,0.23879539724593427,-0.04321453356540348,0.0,0.23806069488706688,0.0,0.0,0.0,0.8688448674308336,0.0,0.6787379766384141,-0.9601486442277628,0.0,-0.7053570822971057,0.46818546922851306,0.0,0.1734726468123195,0.5096261055721527,-2.2398275103745124,-1.7609994624387026,-0.1039728896652433,0.15470164101138079,0.059744287877538736,-0.0538,0.08339,0.03228,7.012721691442134e-05,0.0,5.7491679486582786e-05,0.00047906275180916466,0.0,0.0006772106793808012
519,5.190506399841979,circle,1.144016087254692,0.81240008398008,4.067400004714727,9.993499843403697,124371.0,124371.0,0.0,0.0,8.77,5e-05,1e-08,100.0,0.01,-0.042543583831469486,0.0,0.239007086062584,-0.04323616416622516,0.0,0.23809653387418003,0.0,0.0,0.0,0.8516282066764669,0.0,0.6582089361237893,-0.9563919880071292,0.0,-0.700208535098315,0.45870342834272,0.0,0.1672320487788482,0.5096261055721527,-2.238293529586627,-1.7609994624387026,-0.10620982436103493,0.15263202185200958,0.05967059111735785,-0.05918,0.08608,0.03228,0.00019468087115438238,0.0,0.00026681271720705086,0.0004978994636012904,0.0,0.0006437394711969171
520,5.200531899929047,circle,0.8160220258648024,0.9054230281632095,3.9143001195043325,10.025500087067485,124371.0,124371.0,0.0,0.0,8.77,5e-05,1e-08,100.0,0.01,-0.04259899965475919,0.0,0.23861385870200658,-0.043257901705028884,0.0,0.238132464856131,0.0,0.0,0.0,0.8515281732937643,0.0,0.700337645211821,-0.9560616101490191,0.0,-0.7069288030914432,0.4566696621872613,0.0,0.18356504664178133,0.5096261055721527,-2.2398275103745124,-1.7625334432265884,-0.10552188832056908,0.15492549813882572,0.06139180765130835,-0.056490000000000005,0.08877,0.03228,1.712114323221812e-05,0.0,-0.0003482638683095131,0.0006417809070374759,0.0,0.0008296577141851015
521,5.210512399906293,circle,0.8778649012708203,0.354678739448469,4.7651000786572695,9.980499977245927,124371.0,124371.0,0.0,0.0,8.77,5e-05,1e-08,100.0,0.01,-0.042665343596679894,0.0,0.23879539724593427,-0.04327957913078736,0.0,0.23816821187180398,0.0,0.0,0.0,0.8560664150682478,0.0,0.6909526441054435,-0.9560354516751196,0.0,-0.7027177162110392,0.45937888630307694,0.0,0.17905044522985977,0.5096261055721527,-2.2398275103745124,-1.7609994624387026,-0.10524695718226475,0.15477362419747207,0.060784656923829984,-0.056490000000000005,0.08339,0.02959,1.3556083356687076e-06,0.0,0.0002182307920266402,0.0006128799257717956,0.0,0.0004089545821036444
522,5.220522499876097,circle,0.8684559041717064,0.06814716612340056,4.030199954286218,10.010099969804287,124371.0,124371.0,0.0,0.0,8.77,5e-05,1e-08,100.0,0.01,-0.042665343596679894,0.0,0.23879539724593427,-0.04330135836271644,0.0,0.2382040421285351,0.0,0.0,0.0,0.853583635288388,0.0,0.6906574155792927,-0.9545571995148353,0.0,-0.7016122168405338,0.45789849997534504,0.0,0.17915670444044507,0.5096261055721527,-2.2398275103745124,-1.7609994624387026,-0.10550657494072356,0.15467094540797255,0.0608611272846773,-0.056490000000000005,0.08339,0.02959,7.660733414411442e-05,0.0,5.7290198484221994e-05,0.0005594074318924295,0.0,0.0005340649189149396
523,5.230255899950862,circle,0.8612097687957864,0.06522154453548797,4.2131999507546425,9.733400074765086,124371.0,124371.0,0.0,0.0,8.77,5e-05,1e-08,100.0,0.01,-0.042665343596679894,0.0,0.23879539724593427,-0.04332257157657834,0.0,0.238238860051932,0.0,0.0,0.0,0.8497126065836086,0.0,0.6933574080551994,-0.9529369003410454,0.0,-0.7008149039687748,0.45531713863949386,0.0,0.18048002899427806,0.5096261055721527,-2.2398275103745124,-1.7609994624387026,-0.10589706115545577,0.15464902190466015,0.06112918796372514,-0.05918,0.08608,0.03228,8.39686242685556e-05,0.0,4.131907615345914e-05,0.0005732593556298879,0.0,0.0005152181178487954
524,5.240271999966353,circle,0.8557625266442197,0.06566972730935731,4.095399985089898,10.016100015491247,124371.0,124371.0,0.0,0.0,8.77,5e-05,1e-08,100.0,0.01,-0.042665343596679894,0.0,0.23879539724593427,-0.0433444379522737,0.0,0.23827466664551872,0.0,0.0,0.0,0.8456259891412933,0.0,0.6964735614869808,-0.9512588112546642,0.0,-0.7001311617769589,0.4525690400086113,0.0,0.18197441137737283,0.5096261055721527,-2.2398275103745124,-1.7609994624387026,-0.10630809166472532,0.15463749760545403,0.06142469427887568,-0.05918,0.08070000000000001,0.02959,8.696346592287506e-05,0.0,3.543351260703264e-05,0.0005921308896709275,0.0,0.000485297087808515
525,5.250502199865878,circle,0.8523428420470478,0.06659820566613021,3.8792998529970646,10.23019989952445,124371.0,124371.0,0.0,0.0,8.77,5e-05,1e-08,100.0,0.01,-0.042665343596679894,0.0,0.23879539724593427,-0.043366810491422055,0.0,0.23831121492906424,0.0,0.0,0.0,0.8414246266445679,0.0,0.699784265938843,-0.9495332957103497,0.0,-0.6995374392905815,0.44973452701110794,0.0,0.18354996661608103,0.5096261055721527,-2.2398275103745124,-1.7609994624387026,-0.10673017853014337,0.15463033007697502,0.06173353920047035,-0.056490000000000005,0.07801000000000001,0.03228,8.942124316071076e-05,0.0,3.0768429180061635e-05,0.0006120456515814494,0.0,0.00045341388768996825
526,5.260590299963951,circle,1.1314403419499695,1.0995632157482802,3.8389000110328197,10.088100098073483,124371.0,124371.0,0.0,0.0,8.77,5e-05,1e-08,100.0,0.01,-0.042390243693395585,0.0,0.23887904185019354,-0.04338891060076141,0.0,0.2383472320575757,0.0,0.0,0.0,0.806879053343049,0.0,0.6939056868822135,-0.9424385671648391,0.0,-0.6973826799834281,0.428817312200515,0.0,0.18426930734980462,0.5111600863600384,-2.2398275103745124,-1.7609994624387026,-0.11152568122205472,0.1528300971761959,0.06279292705016051,-0.05918,0.08877,0.03497,0.00036766950522283193,0.0,0.00011166590564436999,0.0006309974021429917,0.0,0.00042014388697348445
527,5.27050430001691,circle,0.8519997660400737,0.2903630698189538,3.8781999610364437,9.914000052958727,124371.0,124371.0,0.0,0.0,8.77,5e-05,1e-08,100.0,0.01,-0.042665343596679894,0.0,0.23879539724593427,-0.043410666365398566,0.0,0.23838260483834678,0.0,0.0,0.0,0.8276579848555092,0.0,0.7048377545377121,-0.9460639185199065,0.0,-0.6985552758422,0.4409471874160386,0.0,0.1865903329309476,0.5096261055721527,-2.2398275103745124,-1.7609994624387026,-0.10813950540435402,0.15435351950581983,0.06247270189600343,-0.05918,0.08070000000000001,0.03497,-0.00018787627045013789,0.0,-6.076733400844805e-05,0.0009331990391688096,0.0,0.00047355974159593475
528,5.280518000014126,circle,1.1397118668212791,1.0068445328699727,3.8914999458938837,10.013699997216463,124371.0,124371.0,0.0,0.0,8.77,5e-05,1e-08,100.0,0.01,-0.042390243693395585,0.0,0.23887904185019354,-0.04343267818401123,0.0,0.2384183103967978,0.0,0.0,0.0,0.7984740310588767,0.0,0.7006914428778512,-0.9392320416821104,0.0,-0.6966401556025241,0.4231324159316244,0.0,0.18748572017756832,0.5111600863600384,-2.2398275103745124,-1.7609994624387026,-0.11237049099028647,0.15282192471281308,0.06341821207669732,-0.06187,0.09146,0.040350000000000004,0.00035404776386019614,0.0,9.924711092996964e-05,0.000688386726755451,0.0,0.00036148434246576
529,5.290512799983844,circle,0.8600372193784239,0.2739586938433758,3.9158000145107508,9.99479996971786,124371.0,124371.0,0.0,0.0,8.77,5e-05,1e-08,100.0,0.01,-0.042665343596679894,0.0,0.23879539724593427,-0.043454685781146085,0.0,0.23845392552742992,0.0,0.0,0.0,0.8194876727796995,0.0,0.7118894739449361,-0.9426976296195715,0.0,-0.697939245647125,0.4353819517445684,0.0,0.18987898036212805,0.5096261055721527,-2.2398275103745124,-1.7609994624387026,-0.10895755150306571,0.15436640024269832,0.06310219361174686,-0.05918,0.08608,0.03228,-0.00017959686464771082,0.0,-6.732263128671163e-05,0.0009689390491139016,0.0,0.00040879434979106084
530,5.300298099871725,circle,0.8669589640127037,0.05619527084158854,4.065799992531538,9.785299887880683,124371.0,124371.0,0.0,0.0,8.77,5e-05,1e-08,100.0,0.01,-0.042665343596679894,0.0,0.23879539724593427,-0.043476268180385316,0.0,0.23848877179880998,0.0,0.0,0.0,0.8205202738031806,0.0,0.7169967673379727,-0.9410326233875583,0.0,-0.6977455505510649,0.4355671456326102,0.0,0.19166028224176343,0.5096261055721527,-2.2398275103745124,-1.7609994624387026,-0.10882697161203696,0.15462700784660793,0.06330506761533754,-0.06456,0.08339,0.03497,8.628547429372492e-05,0.0,1.0037844249806524e-05,0.0007246391094116969,0.0,0.00029658760287448033
531,5.310348100028932,circle,0.8760520084969334,0.09112089909876646,4.1912999004125595,10.05000015720725,124371.0,124371.0,0.0,0.0,8.77,5e-05,1e-08,100.0,0.01,-0.042665343596679894,0.0,0.23879539724593427,-0.04349847155835744,0.0,0.23852453764934864,0.0,0.0,0.0,0.8163518578525502,0.0,0.7207115221702455,-0.938910157925577,0.0,-0.6975193088244209,0.43271769872285726,0.0,0.19338098910175713,0.5096261055721527,-2.2398275103745124,-1.7609994624387026,-0.10924380129593278,0.15463869622563586,0.06363173980708285,-0.05918,0.08608,0.03497,0.00010999234449641712,0.0,1.1724505478290855e-05,0.000723135617181129,0.0,0.00025913509110733556
532,5.320044900057837,circle,0.8866738650573539,0.09416986748240835,5.036000162363052,9.696800028905272,124371.0,124371.0,0.0,0.0,8.77,5e-05,1e-08,100.0,0.01,-0.042665343596679894,0.0,0.23879539724593427,-0.04351993028308593,0.0,0.23855902436594736,0.0,0.0,0.0,0.8118100648004132,0.0,0.724253876030039,-0.9367478680050044,0.0,-0.6973376617084653,0.4296566501983482,0.0,0.1950708217746754,0.5096261055721527,-2.2398275103745124,-1.7609994624387026,-0.10970025792345012,0.15462934861520236,0.06396388963883147,-0.06187,0.08339,0.03766,0.00011205616397835729,0.0,9.413482816551875e-06,0.0007425305224276763,0.0,0.0002269593971703495
533,5.33015160006471,circle,0.8996065137210891,0.09728566831389628,4.18570009060204,10.106700006872416,124371.0,124371.0,0.0,0.0,8.77,5e-05,1e-08,100.0,0.01,-0.042665343596679894,0.0,0.23879539724593427,-0.04354233336313416,0.0,0.2385949456830471,0.0,0.0,0.0,0.8071221102821774,0.0,0.7279975072886646,-0.9345436726963168,0.0,-0.6972614615899474,0.4264895520860927,0.0,0.1968470028258404,0.5096261055721527,-2.2398275103745124,-1.7609994624387026,-0.11017100849016473,0.1546235158431623,0.06431083817598561,-0.05918,0.08877,0.02959,0.00011422782329145384,0.0,3.948912166967919e-06,0.000762761943162809,0.0,0.00019650265072020378
534,5.340584399877116,circle,0.9148651951226603,0.10066074844128611,3.7696000654250383,10.432799812406301,124371.0,124371.0,0.0,0.0,8.77,5e-05,1e-08,100.0,0.01,-0.042665343596679894,0.0,0.23879539724593427,-0.043565499158808425,0.0,0.2386320011345488,0.0,0.0,0.0,0.8023064014975255,0.0,0.7319704318987014,-0.9323003644283887,0.0,-0.6972860672458759,0.4232251477626481,0.0,0.19871820457774345,0.5096261055721527,-2.2398275103745124,-1.7609994624387026,-0.11065401127341462,0.15462308829491658,0.06467323467650823,-0.05918,0.08877,0.03497,0.00011625477080391894,0.0,-1.2751367840715e-06,0.000783900791324612,0.0,0.000164671248169538
535,5.350446299882606,circle,0.9309865984956498,0.10083372915600416,3.8819999899715185,9.861900005489588,124371.0,124371.0,0.0,0.0,8.77,5e-05,1e-08,100.0,0.01,-0.042665343596679894,0.0,0.23879539724593427,-0.04358743449357091,0.0,0.23866700556221127,0.0,0.0,0.0,0.7975904163653155,0.0,0.7358199682133422,-0.9300558128430184,0.0,-0.697346686051159,0.4200318897852093,0.0,0.20053560303448856,0.5096261055721527,-2.2398275103745124,-1.7609994624387026,-0.111127199019911,0.1546208723480449,0.06502619146978475,-0.06187,0.07801000000000001,0.03497,0.0001163192031370607,0.0,-3.1414431156812626e-06,0.0008057716937539526,0.0,0.00013153312683868162
536,5.3603623998351395,circle,1.0143794734988016,0.521714906270422,4.031300079077482,9.916099952533841,124371.0,124371.0,0.0,0.0,8.77,5e-05,1e-08,100.0,0.01,-0.04259899965475919,0.0,0.23861385870200658,-0.043609526819629374,0.0,0.23870217951107858,0.0,0.0,0.0,0.7855417117297455,0.0,0.7597371823283958,-0.9264941459251985,0.0,-0.7010073245317622,0.41152879538007003,0.0,0.21097795371119787,0.5096261055721527,-2.2398275103745124,-1.7625334432265884,-0.11211052585529824,0.1551382352122892,0.06659148890354608,-0.05918,0.07801000000000001,0.03497,0.00018457595736396369,0.0,-0.0001897049521223211,0.0008259512075062204,0.0,0.00010138414305031442
537,5.370482099941,circle,0.9684660676294558,0.2439224958167765,3.860000055283308,10.11970010586083,124371.0,124371.0,0.0,0.0,8.77,5e-05,1e-08,100.0,0.01,-0.042665343596679894,0.0,0.23879539724593427,-0.04363211039673242,0.0,0.23873805198923537,0.0,0.0,0.0,0.7867483363390239,0.0,0.7473045619277762,-0.9254849344752221,0.0,-0.6976640301919537,0.41246285172229086,0.0,0.20567881599519594,0.5096261055721527,-2.2398275103745124,-1.7609994624387026,-0.11220313720251199,0.15473095559547984,0.06596170432393506,-0.06187,0.08877,0.03497,5.2300277892628855e-05,0.0,0.0001732592540967751,0.0009144665221598962,0.0,-0.00011591399739787654
538,5.3800279998686165,circle,0.9883847843641769,0.10050775607232783,4.254699917510152,9.54589992761612,124371.0,124371.0,0.0,0.0,8.77,5e-05,1e-08,100.0,0.01,-0.042665343596679894,0.0,0.23879539724593427,-0.04365344828747817,0.0,0.23877186849787868,0.0,0.0,0.0,0.7833342885891115,0.0,0.7476558139747626,-0.923243596889987,0.0,-0.6977063815038715,0.4103616758650607,0.0,0.20610235606540775,0.5096261055721527,-2.2398275103745124,-1.7609994624387026,-0.11255671539906274,0.15462287129360033,0.06610252621927583,-0.06187,0.08877,0.03497,0.00011615264428704376,0.0,-2.1947683832617653e-06,0.0008719520465112325,0.0,2.5723516438846346e-05
539,5.390024699969217,circle,1.0105560965332803,0.11822971199890599,3.3415001817047596,9.99670010060072,124371.0,124371.0,0.0,0.0,8.77,5e-05,1e-08,100.0,0.01,-0.042665343596679894,0.0,0.23879539724593427,-0.04367583007402583,0.0,0.23880725908987088,0.0,0.0,0.0,0.7785704588214415,0.0,0.75156496860362,-0.9208488999337532,0.0,-0.6981269906916739,0.4071342460257296,0.0,0.20794572423748642,0.5096261055721527,-2.2398275103745124,-1.7609994624387026,-0.11303461035970004,0.15462153196376766,0.06646003206717858,-0.06456,0.08877,0.03766,0.000124100173738333,0.0,-2.1797193647545307e-05,0.0008863863036076055,0.0,9.935349710928373e-06
540,5.400504400022328,circle,1.0351468388884408,0.12678516947250718,4.268700024113059,10.479700053110719,124371.0,124371.0,0.0,0.0,8.77,5e-05,1e-08,100.0,0.01,-0.042665343596679894,0.0,0.23879539724593427,-0.04369933302102871,0.0,0.23884433443420178,0.0,0.0,0.0,0.7735270491186561,0.0,0.7560363703965176,-0.9183907983852647,0.0,-0.6986719633993259,0.4036886403099911,0.0,0.21001918551520213,0.5096261055721527,-2.2398275103745124,-1.7609994624387026,-0.11353904513208904,0.15463466478471155,0.06685419204682283,-0.06456,0.08070000000000001,0.03766,0.00012738598445245634,0.0,-2.8242073606217087e-05,0.0009066034398963627,0.0,-2.06951146612945e-05
541,5.410507299937308,circle,1.059819125217324,0.1288935600284492,3.877999959513545,10.002899914979935,124371.0,124371.0,0.0,0.0,8.77,5e-05,1e-08,100.0,0.01,-0.042665343596679894,0.0,0.23879539724593427,-0.043721804582913346,0.0,0.23887969886361185,0.0,0.0,0.0,0.7685365953537432,0.0,0.7604451274126598,-0.915919184660717,0.0,-0.6992514490325885,0.4002805634205512,0.0,0.21206513270556043,0.5096261055721527,-2.2398275103745124,-1.7609994624387026,-0.11403825522569766,0.15464697387560294,0.0672434752699733,-0.06725,0.08339,0.03766,0.00012808622478700728,0.0,-3.003063397234282e-05,0.0009283747614464439,0.0,-5.4270983705241776e-05
542,5.4205145998857915,circle,1.0855942068911157,0.133864487822046,3.8568000309169292,10.007299948483706,124371.0,124371.0,0.0,0.0,8.77,5e-05,1e-08,100.0,0.01,-0.042665343596679894,0.0,0.23879539724593427,-0.04374432308587611,0.0,0.23891505527503978,0.0,0.0,0.0,0.7635274690085337,0.0,0.7648874371227725,-0.9134134932500786,0.0,-0.6998954482149287,0.39685826026542154,0.0,0.21412498323219556,0.5096261055721527,-2.2398275103745124,-1.7609994624387026,-0.11453925599260979,0.154660074763916,0.0676350183284147,-0.06456,0.08608,0.03228,0.00012985222977342236,0.0,-3.337391405984136e-05,0.0009491272594227966,0.0,-8.62841150456769e-05
543,5.430464099859819,circle,1.1122280166252072,0.13902381915418194,3.9621000178158283,9.949499974027276,124371.0,124371.0,0.0,0.0,8.77,5e-05,1e-08,100.0,0.01,-0.042665343596679894,0.0,0.23879539724593427,-0.04376674824646187,0.0,0.23895018406192542,0.0,0.0,0.0,0.7584949091023775,0.0,0.7693693116728285,-0.9108735905418159,0.0,-0.7006026152329377,0.39341832208031835,0.0,0.21620135167893703,0.5096261055721527,-2.2398275103745124,-1.7609994624387026,-0.1150425156814484,0.15467405821051455,0.06802927784903705,-0.06187,0.08339,0.03228,0.00013162515889881014,0.0,-3.6647455357493225e-05,0.0009697794908831684,0.0,-0.0001181393606336604
544,5.440514700021595,circle,1.1400806089828697,0.14559720315977467,3.8600999396294355,10.050600161775947,124371.0,124371.0,0.0,0.0,8.77,5e-05,1e-08,100.0,0.01,-0.042665343596679894,0.0,0.23879539724593427,-0.04378943842490354,0.0,0.238985646062329,0.0,0.0,0.0,0.7533984037714465,0.0,0.7739506757493133,-0.9082912380425278,0.0,-0.7013844820556764,0.3899309982377082,0.0,0.218319685668132,0.5096261055721527,-2.2398275103745124,-1.7609994624387026,-0.1155519773397762,0.15469007921957698,0.06843055026726524,-0.06187,0.08608,0.03228,0.00013382503075687964,0.0,-4.0518616892791455e-05,0.0009902697974667688,0.0,-0.0001497301995019421
545,5.45036459993571,circle,1.1682361099720635,0.15051555381675685,3.945400007069111,9.849899914115667,124371.0,124371.0,0.0,0.0,8.77,5e-05,1e-08,100.0,0.01,-0.042665343596679894,0.0,0.23879539724593427,-0.043811711704652964,0.0,0.23902037673314344,0.0,0.0,0.0,0.7483065451875925,0.0,0.7785267650881373,-0.905678548922246,0.0,-0.7022209228800483,0.38644694553018233,0.0,0.22043568939099886,0.5096261055721527,-2.2398275103745124,-1.7609994624387026,-0.11606097988344909,0.15470603781104178,0.06883140565541046,-0.06456,0.08070000000000001,0.03228,0.00013539716284953983,0.0,-4.334680067075028e-05,0.00101097094512353,0.0,-0.00018163268653842565
546,5.460501099936664,circle,1.198035087339739,0.15914702210856344,3.820100100710988,10.136500000953674,124371.0,124371.0,0.0,0.0,8.77,5e-05,1e-08,100.0,0.01,-0.042665343596679894,0.0,0.23879539724593427,-0.043834670454530406,0.0,0.23905609394711513,0.0,0.0,0.0,0.7431072489654041,0.0,0.7832651199127749,-0.9030134210391517,0.0,-0.7031452845372308,0.38288370272394023,0.0,0.22262040777196285,0.5096261055721527,-2.2398275103745124,-1.7609994624387026,-0.11658042453693453,0.15472520584987423,0.06924381308463087,-0.06187,0.08877,0.03497,0.00013811469233063396,0.0,-4.7903114403563193e-05,0.0010312121655198772,0.0,-0.00021279358677730488
547,5.470419900026172,circle,1.2279454228358808,0.16459132017104766,4.210500046610832,9.918800089508295,124371.0,124371.0,0.0,0.0,8.77,5e-05,1e-08,100.0,0.01,-0.042665343596679894,0.0,0.23879539724593427,-0.0438571728117166,0.0,0.2390910204582309,0.0,0.0,0.0,0.7379070559302088,0.0,0.7880049382564296,-0.900316805417616,0.0,-0.704123972536195,0.37931978564048696,0.0,0.2248057433210135,0.5096261055721527,-2.2398275103745124,-1.7609994624387026,-0.11709995634751487,0.15474440564585268,0.06965632267386133,-0.06187,0.08608,0.03228,0.00013974647868345166,0.0,-5.071846372643675e-05,0.0010520827363532505,0.0,-0.0002449047485702106
548,5.480177900055423,circle,1.2580442351923284,0.17058338877882176,4.12080017849803,9.75800002925098,124371.0,124371.0,0.0,0.0,8.77,5e-05,1e-08,100.0,0.01,-0.042665343596679894,0.0,0.23879539724593427,-0.043879345757513365,0.0,0.23912535792721662,0.0,0.0,0.0,0.7327126070525518,0.0,0.792734656281205,-0.8975862614530156,0.0,-0.7051599740310723,0.37576022313217894,0.0,0.22698688559844168,0.5096261055721527,-2.2398275103745124,-1.7609994624387026,-0.11761893662944872,0.15476337170017018,0.070068147934475,-0.06456,0.08339,0.03497,0.00014150474427908062,0.0,-5.368861608013822e-05,0.0010724974165543897,0.0,-0.0002762720652022159
549,5.4902995999436826,circle,1.2899202417043891,0.18113345062172156,4.005599999800324,10.121699888259172,124371.0,124371.0,0.0,0.0,8.77,5e-05,1e-08,100.0,0.01,-0.042665343596679894,0.0,0.23879539724593427,-0.04390238219407412,0.0,0.2391609512618001,0.0,0.0,0.0,0.7273870844507361,0.0,0.7976587934757574,-0.8947972364094754,0.0,-0.70629046588804,0.37210435538450276,0.0,0.22925056114535794,0.5096261055721527,-2.2398275103745124,-1.7609994624387026,-0.11815067228799758,0.1547860983034068,0.07049389972212958,-0.06456,0.08608,0.04304,0.00014453540418747288,0.0,-5.858538196202917e-05,0.0010925031932067543,0.0,-0.0003069686339037974
550,5.5002232999540865,circle,1.3217745377073131,0.1876294092775293,4.126100102439523,9.92370001040399,124371.0,124371.0,0.0,0.0,8.77,5e-05,1e-08,100.0,0.01,-0.042665343596679894,0.0,0.23879539724593427,-0.04392500460838396,0.0,0.23919582459780234,0.0,0.0,0.0,0.7220498414174835,0.0,0.8025986929530321,-0.8919737298879324,0.0,-0.7074775974678353,0.3684400123063263,0.0,0.2315210262553604,0.5096261055721527,-2.2398275103745124,-1.7609994624387026,-0.1186835563804963,0.15480909044477636,0.07092082102852285,-0.06456,0.08877,0.04304,0.00014632233484725447,0.0,-6.152061743127751e-05,0.001113338676856809,0.0,-0.0003389067344367937
551,5.510332299862057,circle,1.483677979074252,0.8054212796788425,4.4413001742213964,10.108999907970428,124371.0,124371.0,0.0,0.0,8.77,5e-05,1e-08,100.0,0.01,-0.04259899965475919,0.0,0.23861385870200658,-0.04394808668811136,0.0,0.2392313249132529,0.0,0.0,0.0,0.7093125603158384,0.0,0.8276768599641525,-0.8878120612126407,0.0,-0.712268377970573,0.3594386782925767,0.0,0.24239742451674098,0.5096261055721527,-2.2398275103745124,-1.7625334432265884,-0.11972511605067702,0.15535425497243815,0.0725663753651975,-0.06725,0.08070000000000001,0.03766,0.0002156697966817962,0.0,-0.0002482722046343856,0.0011334172366703709,0.0,-0.0003691940066119513
552,5.520453999983147,circle,1.3883863691289335,0.15178720178620664,3.918600035831332,10.121700121089816,124371.0,124371.0,0.0,0.0,8.77,5e-05,1e-08,100.0,0.01,-0.042665343596679894,0.0,0.23879539724593427,-0.04397123540542167,0.0,0.2392668453277462,0.0,0.0,0.0,0.7098574263488063,0.0,0.8163346911314341,-0.8861987871385545,0.0,-0.7100352844096179,0.3598572933040937,0.0,0.23760557704472277,0.5096261055721527,-2.2398275103745124,-1.7609994624387026,-0.11988978433395149,0.1549687816262694,0.0720115166595296,-0.06725,0.08070000000000001,0.03497,8.360456314476686e-05,0.0,0.00011572541493346986,0.0012222872455970115,0.0,-0.0005871734967454014
553,5.530543199973181,circle,1.4223668169081067,0.19383264114765375,3.8439000491052866,10.089199990034103,124371.0,124371.0,0.0,0.0,8.77,5e-05,1e-08,100.0,0.01,-0.042665343596679894,0.0,0.23879539724593427,-0.043994347249198734,0.0,0.23930222725040606,0.0,0.0,0.0,0.7056413160927302,0.0,0.8179659596612976,-0.8833192472929225,0.0,-0.7112184506429768,0.35715897363076604,0.0,0.23856726712818854,0.5096261055721527,-2.2398275103745124,-1.7609994624387026,-0.12032100951284325,0.15488765949510225,0.07224181559211482,-0.06725,0.08608,0.03497,0.0001492261449679128,0.0,-6.131512162548257e-05,0.001179777507550927,0.0,-0.00044551488284631514
554,5.540081899845973,circle,1.4549158876332076,0.22409503953194537,4.929000046104193,9.538699872791767,124371.0,124371.0,0.0,0.0,8.77,5e-05,1e-08,100.0,0.01,-0.042665343596679894,0.0,0.23879539724593427,-0.04401623240136292,0.0,0.23933565614449087,0.0,0.0,0.0,0.7002970810989997,0.0,0.8228004424008981,-0.8803205570490116,0.0,-0.7127059346928848,0.3534994929261877,0.0,0.24079973094631565,0.5096261055721527,-2.2398275103745124,-1.7609994624387026,-0.12085509915781369,0.15490579059518836,0.07266402853218454,-0.06456,0.08608,0.03766,0.00015540086577773876,0.0,-7.708575757554826e-05,0.0011954879389052843,0.0,-0.00046317314098105766
555,5.550515000009909,circle,1.4909549730584022,0.24417036202246523,3.886000020429492,10.433100163936615,124371.0,124371.0,0.0,0.0,8.77,5e-05,1e-08,100.0,0.01,-0.042665343596679894,0.0,0.23879539724593427,-0.04404020784601298,0.0,0.23937219446124772,0.0,0.0,0.0,0.6945984249310573,0.0,0.8282787773934617,-0.8772316613248726,0.0,-0.7143391037924034,0.3495693924582485,0.0,0.24329863925956519,0.5096261055721527,-2.2398275103745124,-1.7609994624387026,-0.12142314440088403,0.1549392553540847,0.07312946221692689,-0.06725,0.08070000000000001,0.040350000000000004,0.0001600755765968386,0.0,-8.463558133172582e-05,0.0012147886727362468,0.0,-0.0004921616339817257
556,5.560110899852589,circle,1.5244790515703572,0.2455980041908624,5.126200150698423,9.5958998426795,124371.0,124371.0,0.0,0.0,8.77,5e-05,1e-08,100.0,0.01,-0.042665343596679894,0.0,0.23879539724593427,-0.04406229462135691,0.0,0.23940577763006426,0.0,0.0,0.0,0.6890223656136826,0.0,0.8335799578600273,-0.8741359599638835,0.0,-0.7159812162411026,0.34572895464665426,0.0,0.24572207835782314,0.5096261055721527,-2.2398275103745124,-1.7609994624387026,-0.12197923909293507,0.15496940827898226,0.07358209228799131,-0.06456,0.08608,0.03497,0.00016042826452844538,0.0,-8.509905174483383e-05,0.0012365227601485724,0.0,-0.0005252813323851655
557,5.570041100028902,circle,1.559525756719551,0.2583592969116509,4.898799816146493,9.93020017631352,124371.0,124371.0,0.0,0.0,8.77,5e-05,1e-08,100.0,0.01,-0.042665343596679894,0.0,0.23879539724593427,-0.044085186371074794,0.0,0.23944050737751668,0.0,0.0,0.0,0.6833489792522781,0.0,0.8390152256996116,-0.8709835136811322,0.0,-0.7177074975857899,0.3418178960010798,0.0,0.2482030365313212,0.5096261055721527,-2.2398275103745124,-1.7609994624387026,-0.1225448514754573,0.1550019042618841,0.07404457925202897,-0.06725,0.08339,0.040350000000000004,0.00016336895171318905,0.0,-8.946092917957223e-05,0.0012564738226817109,0.0,-0.0005556492024028437
558,5.580063599860296,circle,1.8186855092802543,1.4588894769222267,4.436200018972158,10.022499831393361,124371.0,124371.0,0.0,0.0,8.77,5e-05,1e-08,100.0,0.01,-0.042390243693395585,0.0,0.23887904185019354,-0.04410832750352341,0.0,0.2394755357755965,0.0,0.0,0.0,0.6472632468945537,0.0,0.8353460283166835,-0.8624445584187771,0.0,-0.7178827599016265,0.31976580414871686,0.0,0.24996108494729108,0.5111600863600384,-2.2398275103745124,-1.7609994624387026,-0.1275142444569114,0.15322403151345737,0.07526043881288624,-0.07263,0.08877,0.04304,0.00044251354180788356,0.0,-9.082603871720849e-06,0.0012755702683199446,0.0,-0.0005874113215312314
559,5.590512899914756,circle,1.632816716941928,0.34258229570076065,4.075299948453903,10.449300054460764,124371.0,124371.0,0.0,0.0,8.77,5e-05,1e-08,100.0,0.01,-0.042665343596679894,0.0,0.23879539724593427,-0.04413249321469888,0.0,0.23951202994786167,0.0,0.0,0.0,0.6663305279518307,0.0,0.8487279930809135,-0.864592895042194,0.0,-0.7214202398717199,0.3306553483691555,0.0,0.25323101827808214,0.5096261055721527,-2.2398275103745124,-1.7609994624387026,-0.12427138853766308,0.15481122412228782,0.07512154265406769,-0.07263,0.08070000000000001,0.03766,-0.00011133306347400678,0.0,-0.00018332251927168878,0.001578482681492991,0.0,-0.0005333101826557111
560,5.600519699975848,circle,1.6691072716312432,0.25653129101931704,3.85489990003407,10.00680006109178,124371.0,124371.0,0.0,0.0,8.77,5e-05,1e-08,100.0,0.01,-0.042665343596679894,0.0,0.23879539724593427,-0.04415567299211949,0.0,0.23954695388205755,0.0,0.0,0.0,0.6658696542932911,0.0,0.8560797560024547,-0.8616412254726036,0.0,-0.7234485917405633,0.3297406310992117,0.0,0.2559634874283779,0.5096261055721527,-2.2398275103745124,-1.7609994624387026,-0.12428602176897567,0.15511596132045552,0.0754844846113161,-0.07263,0.08877,0.040350000000000004,0.00015296411743118067,0.0,-0.0001051151038903639,0.0013373652780084156,0.0,-0.0006464415322329156
561,5.61048400006257,circle,1.7055211720878714,0.3091576511382754,3.931300016120076,9.964300086721778,124371.0,124371.0,0.0,0.0,8.77,5e-05,1e-08,100.0,0.01,-0.042665343596679894,0.0,0.23879539724593427,-0.04417879067418299,0.0,0.239581705335704,0.0,0.0,0.0,0.6603153543203686,0.0,0.8619033067869414,-0.8582348158858286,0.0,-0.7254118177298732,0.3258682578166734,0.0,0.2585763741805937,0.5096261055721527,-2.2398275103745124,-1.7609994624387026,-0.1248374861228784,0.15516973798616182,0.07596091938895791,-0.06994,0.08070000000000001,0.040350000000000004,0.00017653007010648317,0.0,-0.00010174009105459833,0.0013369170073966122,0.0,-0.0006845679987151344
562,5.620116299949586,circle,1.740968609379236,0.3193688436467487,4.666600143536925,9.632299887016416,124371.0,124371.0,0.0,0.0,8.77,5e-05,1e-08,100.0,0.01,-0.042665343596679894,0.0,0.23879539724593427,-0.04420117255676757,0.0,0.23961527595903753,0.0,0.0,0.0,0.6543892688514331,0.0,0.8675326986990495,-0.8547753958798261,0.0,-0.7274120315698046,0.32178712885705923,0.0,0.2611502793155691,0.5096261055721527,-2.2398275103745124,-1.7609994624387026,-0.12542851035233138,0.15520158494160288,0.07644174923910087,-0.07263,0.08608,0.040350000000000004,0.0001792772244885851,0.0,-0.00010365690924616202,0.001356551735599094,0.0,-0.000716221803857105
563,5.630528899841011,circle,1.7795435266100577,0.33963802266748444,3.8907001726329327,10.412599891424179,124371.0,124371.0,0.0,0.0,8.77,5e-05,1e-08,100.0,0.01,-0.042665343596679894,0.0,0.23879539724593427,-0.04422540564111177,0.0,0.2396515406805425,0.0,0.0,0.0,0.6482019046357447,0.0,0.8734932012433755,-0.8512434641172786,0.0,-0.729535085775223,0.31751890616782086,0.0,0.2638680305675458,0.5096261055721527,-2.2398275103745124,-1.7609994624387026,-0.1260452162289493,0.15523846060078947,0.07694768201877576,-0.06725,0.08070000000000001,0.03766,0.00018303499499189193,0.0,-0.00011002285490815348,0.0013770270494399839,0.0,-0.0007461205797000885
564,5.640397599898279,circle,1.8163338997121294,0.3443185965327747,3.9338998030871153,9.868700057268143,124371.0,124371.0,0.0,0.0,8.77,5e-05,1e-08,100.0,0.01,-0.042665343596679894,0.0,0.23879539724593427,-0.044248409401735384,0.0,0.2396858867136471,0.0,0.0,0.0,0.6420805320164196,0.0,0.8793669403054192,-0.8476994929388655,0.0,-0.7316929083152491,0.3132982026709507,0.0,0.2665483080248895,0.5096261055721527,-2.2398275103745124,-1.7609994624387026,-0.12665545065095407,0.15527392941568613,0.0774471278612314,-0.06994,0.09146,0.040350000000000004,0.00018365891260177492,0.0,-0.00011182465131284053,0.0013994068924537142,0.0,-0.0007786648163999945
565,5.650432199938223,circle,1.853958605752238,0.35747275326682887,4.12319996394217,10.034600039944053,124371.0,124371.0,0.0,0.0,8.77,5e-05,1e-08,100.0,0.01,-0.042665343596679894,0.0,0.23879539724593427,-0.044271836254352846,0.0,0.23972078573337383,0.0,0.0,0.0,0.6358996198864982,0.0,0.885335748604735,-0.8441123212127298,0.0,-0.7339302810315337,0.30903316944542975,0.0,0.26926855017308143,0.5096261055721527,-2.2398275103745124,-1.7609994624387026,-0.1272714485057103,0.1553114017953941,0.0779532178546578,-0.06725,0.08070000000000001,0.04304,0.00018589769085926603,0.0,-0.00011594717323356858,0.0014205949668136858,0.0,-0.0008094413142059916
566,5.660480399848893,circle,1.8918394191717252,0.3696494557353366,3.875900059938431,10.048199910670519,124371.0,124371.0,0.0,0.0,8.77,5e-05,1e-08,100.0,0.01,-0.042665343596679894,0.0,0.23879539724593427,-0.04429533159155664,0.0,0.23975570736484883,0.0,0.0,0.0,0.6296679213190932,0.0,0.8913864944392224,-0.8404859101492456,0.0,-0.7362393101752244,0.30473024816209704,0.0,0.27202319316564444,0.5096261055721527,-2.2398275103745124,-1.7609994624387026,-0.1278923589808653,0.15535062021833,0.07846501534825508,-0.07263,0.08070000000000001,0.04573,0.00018793118765331705,0.0,-0.00011966061808861398,0.0014420568072234258,0.0,-0.0008406495008259507
567,5.670497699873522,circle,1.9297959966048124,0.3815421343557578,3.899600123986602,10.01730002462864,124371.0,124371.0,0.0,0.0,8.77,5e-05,1e-08,100.0,0.01,-0.042665343596679894,0.0,0.23879539724593427,-0.04431879124054949,0.0,0.23979049697837018,0.0,0.0,0.0,0.6234011229169352,0.0,0.897494398273092,-0.836821584903699,0.0,-0.7386162466938615,0.3004010950584287,0.0,0.2748018058514336,0.5096261055721527,-2.2398275103745124,-1.7609994624387026,-0.12851666238915183,0.15539106853471463,0.07898078245584741,-0.06994,0.08339,0.04304,0.00018989601103929638,0.0,-0.00012317977612151022,0.0014635516328303025,0.0,-0.0008719199563144065
568,5.6804845000151545,circle,1.9678169912551988,0.39382246667873594,3.884200006723404,9.986800141632557,124371.0,124371.0,0.0,0.0,8.77,5e-05,1e-08,100.0,0.01,-0.042665343596679894,0.0,0.23879539724593427,-0.044342215776748864,0.0,0.23982515615110742,0.0,0.0,0.0,0.6171004841480336,0.0,0.9036558837354165,-0.8331183218710158,0.0,-0.7410610301700978,0.2960467832128222,0.0,0.2776029694284428,0.5096261055721527,-2.2398275103745124,-1.7609994624387026,-0.12914424389185153,0.155432635926055,0.07950030490994098,-0.07263,0.08877,0.040350000000000004,0.0001919138806227164,0.0,-0.0001266958031514322,0.0014849582994462531,0.0,-0.0009030631020217182
569,5.69047120003961,circle,2.006007043001639,0.40693704160133615,3.869899781420827,9.986700024455786,124371.0,124371.0,0.0,0.0,8.77,5e-05,1e-08,100.0,0.01,-0.042665343596679894,0.0,0.23879539724593427,-0.044365676311848894,0.0,0.23985979046007,0.0,0.0,0.0,0.610756977721235,0.0,0.9098824188886134,-0.8293736690178815,0.0,-0.7435758715349848,0.29166084609317416,0.0,0.28043166405804654,0.5096261055721527,-2.2398275103745124,-1.7609994624387026,-0.1297759906661739,0.15547549735934224,0.08002445133891167,-0.06994,0.08070000000000001,0.04304,0.00019405882171702493,0.0,-0.00013032640707047796,0.0015062738934519743,0.0,-0.0009340668070652558
570,5.700312800006941,circle,2.0437986948518234,0.4184604731591197,3.996599931269884,9.841599967330694,124371.0,124371.0,0.0,0.0,8.77,5e-05,1e-08,100.0,0.01,-0.042665343596679894,0.0,0.23879539724593427,-0.04438883140381861,0.0,0.23989389753438312,0.0,0.0,0.0,0.6044065739823891,0.0,0.9161213632816547,-0.8255933156515971,0.0,-0.7461511292084861,0.2872696500671553,0.0,0.2832655024108161,0.5096261055721527,-2.2398275103745124,-1.7609994624387026,-0.13040839915480895,0.15551865206852922,0.08054943363874148,-0.07263,0.09146,0.04304,0.00019590892632994662,0.0,-0.00013345735621918525,0.0015275788808087661,0.0,-0.0009650429322296651
571,5.710278599988669,circle,2.0822168201236613,0.43410955067245727,4.223800031468272,9.965799981728196,124371.0,124371.0,0.0,0.0,8.77,5e-05,1e-08,100.0,0.01,-0.042665343596679894,0.0,0.23879539724593427,-0.04441231451740082,0.0,0.23992841070047105,0.0,0.0,0.0,0.5979836770151644,0.0,0.9224649813937209,-0.8217641456662105,0.0,-0.7488049820223358,0.2828254356759801,0.0,0.28614394351422634,0.5096261055721527,-2.2398275103745124,-1.7609994624387026,-0.13104787536759707,0.15556376193443783,0.08108198412390241,-0.06994,0.08070000000000001,0.04573,0.0001984387457699562,0.0,-0.00013753038539636052,0.0015485321749509674,0.0,-0.0009954830691404249
572,5.720531800063327,circle,2.1218913078397126,0.4526632952152231,3.8030000869184732,10.253200074657798,124371.0,124371.0,0.0,0.0,8.77,5e-05,1e-08,100.0,0.01,-0.042665343596679894,0.0,0.23879539724593427,-0.04443651242993352,0.0,0.2399638935815711,0.0,0.0,0.0,0.5914316538489108,0.0,0.928992987548591,-0.8178776665317736,0.0,-0.7515487831629589,0.2782869630557907,0.0,0.28910107667346147,0.5096261055721527,-2.2398275103745124,-1.7609994624387026,-0.13169994991873032,0.15561226429416763,0.08162791807497012,-0.06725,0.08877,0.04573,0.00020140867285671905,0.0,-0.00014219176977409089,0.0015697601603969033,0.0,-0.0010263045658627519
573,5.730427399976179,circle,2.160317090986515,0.46203577607766644,3.8325998466461897,9.895599912852049,124371.0,124371.0,0.0,0.0,8.77,5e-05,1e-08,100.0,0.01,-0.042665343596679894,0.0,0.23879539724593427,-0.04445990250904424,0.0,0.23999811427153178,0.0,0.0,0.0,0.5849133402089343,0.0,0.9354730532038396,-0.8139634767374233,0.0,-0.7543382108925478,0.2737730753788691,0.0,0.2920377428734014,0.5096261055721527,-2.2398275103745124,-1.7609994624387026,-0.1323487353360563,0.1556598898030955,0.08217036813541206,-0.07263,0.07801000000000001,0.04304,0.0002028447199947151,0.0,-0.00014455627255751725,0.0015917141923696304,0.0,-0.001058160753039999
574,5.740052799927071,circle,2.1978141649377587,0.472680460259006,4.26850002259016,9.625399950891733,124371.0,124371.0,0.0,0.0,8.77,5e-05,1e-08,100.0,0.01,-0.042665343596679894,0.0,0.23879539724593427,-0.044482687931266425,0.0,0.24003137729154475,0.0,0.0,0.0,0.5784354653837456,0.0,0.9418941075015976,-0.8100177559769038,0.0,-0.7571781599579093,0.26928881307348446,0.0,0.2949493041252694,0.5096261055721527,-2.2398275103745124,-1.7609994624387026,-0.13299358143123619,0.1557063976886904,0.0827085677313753,-0.07532,0.09146,0.04304,0.000204478746534174,0.0,-0.00014717443538238523,0.0016128655880523566,0.0,-0.0010888056102281
575,5.750095499912277,circle,2.2370570075106895,0.49441314927529756,4.193099914118648,10.042699985206127,124371.0,124371.0,0.0,0.0,8.77,5e-05,1e-08,100.0,0.01,-0.042665343596679894,0.0,0.23879539724593427,-0.044506496921023625,0.0,0.24006605789737143,0.0,0.0,0.0,0.5718110160451312,0.0,0.9485203675971106,-0.8060070525826151,0.0,-0.7601166826731008,0.2646979116431845,0.0,0.2979486883374968,0.5096261055721527,-2.2398275103745124,-1.7609994624387026,-0.13365274655837633,0.15575657726211156,0.08326176603433456,-0.07263,0.08877,0.04304,0.0002078463359574444,0.0,-0.00015228280913268718,0.0016333069883862862,0.0,-0.0011183778423044738
576,5.760485799983144,circle,2.277780538802016,0.5158582749446596,4.274599952623248,10.390300070866942,124371.0,124371.0,0.0,0.0,8.77,5e-05,1e-08,100.0,0.01,-0.042665343596679894,0.0,0.23879539724593427,-0.044531168366415415,0.0,0.24010191250094914,0.0,0.0,0.0,0.5650246774755947,0.0,0.9553732871923055,-0.8019335430839392,0.0,-0.7631497395654652,0.2599892257137839,0.0,0.3010450781879951,0.5096261055721527,-2.2398275103745124,-1.7609994624387026,-0.13432772705752571,0.15581081280399883,0.083831531090631,-0.07532,0.08608,0.048420000000000005,0.00021110113128633683,0.0,-0.00015718184563999526,0.0016547236384491836,0.0,-0.0011493334093748832
577,5.77050879993476,circle,2.3171763270693124,0.5259199912627197,3.969800192862749,10.02299995161593,124371.0,124371.0,0.0,0.0,8.77,5e-05,1e-08,100.0,0.01,-0.042665343596679894,0.0,0.23879539724593427,-0.04455500462357979,0.0,0.24013647417666795,0.0,0.0,0.0,0.5582696146467298,0.0,0.9621795065722587,-0.797831475737672,0.0,-0.7662269205888514,0.25530354097381175,0.0,0.30412166584583317,0.5096261055721527,-2.2398275103745124,-1.7609994624387026,-0.13499966604294503,0.15586413773025584,0.08439795930279978,-0.07532,0.08608,0.05111,0.0002125810821582471,0.0,-0.00015946848667502934,0.0016770799447416457,0.0,-0.0011816084440586518
578,5.780667099868879,circle,2.3572102276571747,0.5439200232621338,4.0327999740839005,10.158299934118986,124371.0,124371.0,0.0,0.0,8.77,5e-05,1e-08,100.0,0.01,-0.042665343596679894,0.0,0.23879539724593427,-0.044579199645666444,0.0,0.2401714768516,0.0,0.0,0.0,0.5514457588003066,0.0,0.9690779064797534,-0.7936781464235262,0.0,-0.7693806258338319,0.2505681623431477,0.0,0.3072379603104077,0.5096261055721527,-2.2398275103745124,-1.7609994624387026,-0.13567834432800344,0.1559190054050607,0.0849712326486838,-0.07263,0.08608,0.04573,0.00021523762669688347,0.0,-0.00016343419480829608,0.001698618422289666,0.0,-0.001212645410857446
579,5.790493799839169,circle,2.396034063481708,0.5551222324298009,4.004199989140034,9.826699970290065,124371.0,124371.0,0.0,0.0,8.77,5e-05,1e-08,100.0,0.01,-0.042665343596679894,0.0,0.23879539724593427,-0.044602640282347165,0.0,0.24020531241539209,0.0,0.0,0.0,0.5446556202670032,0.0,0.9759253395055935,-0.789493555164781,0.0,-0.7725814550419522,0.245857635362745,0.0,0.3103326782072684,0.5096261055721527,-2.2398275103745124,-1.7609994624387026,-0.13635374631704367,0.15597286417760492,0.08554087924010997,-0.07532,0.08339,0.04304,0.00021685771175471939,0.0,-0.0001658762958843393,0.0017204389739125516,0.0,-0.0012440388735734812
580,5.800495899980888,circle,2.435643813269813,0.5748653589318722,3.9748998824507,10.002100141718984,124371.0,124371.0,0.0,0.0,8.77,5e-05,1e-08,100.0,0.01,-0.042665343596679894,0.0,0.23879539724593427,-0.044626535062418475,0.0,0.24023972713201766,0.0,0.0,0.0,0.5377832548924253,0.0,0.9828830352028481,-0.7852540153450069,0.0,-0.7758631573538578,0.2410877035217394,0.0,0.3134748863329022,0.5096261055721527,-2.2398275103745124,-1.7609994624387026,-0.13703720325449087,0.15602857050139368,0.0861187114635558,-0.07263,0.08339,0.04573,0.00021970530629209818,0.0,-0.00017006737576417312,0.0017414861594464825,0.0,-0.0012742625103192222
581,5.810235599987209,circle,2.474300215616544,0.5879864846523544,4.41240007057786,9.739700006321073,124371.0,124371.0,0.0,0.0,8.77,5e-05,1e-08,100.0,0.01,-0.042665343596679894,0.0,0.23879539724593427,-0.044649837602890645,0.0,0.24027321492627027,0.0,0.0,0.0,0.5309226712441086,0.0,0.989820339994682,-0.7809786004605723,0.0,-0.7791978465146908,0.23632667594087592,0.0,0.31660861179574123,0.5096261055721527,-2.2398275103745124,-1.7609994624387026,-0.13771952740675497,0.15608381153774215,0.08669515523064257,-0.07801000000000001,0.08877,0.04573,0.0002215644566728348,0.0,-0.000172813308664534,0.0017629295495379157,0.0,-0.0013050043716714681
582,5.820516200037673,circle,2.5151908665856912,0.6149242404768713,3.918199799954891,10.280600050464272,124371.0,124371.0,0.0,0.0,8.77,5e-05,1e-08,100.0,0.01,-0.042665343596679894,0.0,0.23879539724593427,-0.044674471303640495,0.0,0.24030853668183544,0.0,0.0,0.0,0.523876611794757,0.0,0.9970107400347903,-0.776630179898483,0.0,-0.782638406155192,0.23143127520075055,0.0,0.31985106101973315,0.5096261055721527,-2.2398275103745124,-1.7609994624387026,-0.138420000626228,0.15614341138327137,0.08729026886341683,-0.07532,0.09415,0.048420000000000005,0.0002253478236071331,0.0,-0.0001782998253979744,0.0017837798833534675,0.0,-0.0013348396105031985
583,5.830048899864778,circle,2.7179025127888923,1.6136443729587966,4.36919997446239,9.532699827104807,124371.0,124371.0,0.0,0.0,8.77,5e-05,1e-08,100.0,0.01,-0.04259899965475919,0.0,0.23861385870200658,-0.04469734690049211,0.0,0.2403412651120182,0.0,0.0,0.0,0.5096414860823544,0.0,1.024037078072918,-0.7709808470492747,0.0,-0.7896217618677995,0.22141835341165692,0.0,0.33143921018653993,0.5096261055721527,-2.2398275103745124,-1.7625334432265884,-0.13958487659232569,0.1567258015076877,0.089082886250551,-0.07801000000000001,0.09146,0.04573,0.0002927648888198715,0.0,-0.00036189784057026717,0.001805582356913049,0.0,-0.0013655085694413555
584,5.840474399970844,circle,2.5948142707163746,0.19791496623113516,3.978000022470951,10.425500106066465,124371.0,124371.0,0.0,0.0,8.77,5e-05,1e-08,100.0,0.01,-0.042665343596679894,0.0,0.23879539724593427,-0.04472240233885238,0.0,0.24037703261186572,0.0,0.0,0.0,0.5084881028815826,0.0,1.0149117534752314,-0.767835141845703,0.0,-0.7896387054215763,0.22054984556649487,0.0,0.32773738587104295,0.5096261055721527,-2.2398275103745124,-1.7609994624387026,-0.13993988221743336,0.1563696395282541,0.08869346416132276,-0.07532,0.09146,0.04573,0.0001630196093532221,0.0,-8.780643254869408e-07,0.0018940391328192616,0.0,-0.0015807573016059628
585,5.850418800022453,circle,2.634598746404052,0.6185656149810947,3.9386998396366835,9.944400051608682,124371.0,124371.0,0.0,0.0,8.77,5e-05,1e-08,100.0,0.01,-0.042665343596679894,0.0,0.23879539724593427,-0.04474633793158839,0.0,0.24041112405843462,0.0,0.0,0.0,0.502650752478951,0.0,1.018649513669825,-0.7634383813936625,0.0,-0.7930441096967147,0.21668602845446708,0.0,0.3296107523346419,0.5096261055721527,-2.2398275103745124,-1.7609994624387026,-0.14053023862002112,0.15632199588922951,0.08908198682144534,-0.07532,0.09146,0.05111,0.00022785293755368656,0.0,-0.00017647797193227834,0.001853141397354806,0.0,-0.0014392488405680782
586,5.860518699977547,circle,2.675076455595691,0.696266413557105,3.8747000508010387,10.09989995509386,124371.0,124371.0,0.0,0.0,8.77,5e-05,1e-08,100.0,0.01,-0.042665343596679894,0.0,0.23879539724593427,-0.04477068412915955,0.0,0.24044572305788192,0.0,0.0,0.0,0.4955161645708319,0.0,1.0258314002138105,-0.7588877101451291,0.0,-0.7967997337282685,0.21173765861442576,0.0,0.33285773697752385,0.5096261055721527,-2.2398275103745124,-1.7609994624387026,-0.14123996102507366,0.1563780230806,0.08967992342753867,-0.07801000000000001,0.08339,0.05111,0.00023582904348102966,0.0,-0.00019462738015213693,0.0018695114889986251,0.0,-0.001455698431795519
587,5.870516799855977,circle,2.715213601490354,0.71704945063757,3.818799974396825,9.998099878430367,124371.0,124371.0,0.0,0.0,8.77,5e-05,1e-08,100.0,0.01,-0.042665343596679894,0.0,0.23879539724593427,-0.04479482096294001,0.0,0.24047994794220437,0.0,0.0,0.0,0.4882513280312071,0.0,1.033322588398599,-0.7542876926044253,0.0,-0.8006327887967277,0.2066835473020314,0.0,0.33622927029047184,0.5096261055721527,-2.2398275103745124,-1.7609994624387026,-0.14196183389357372,0.15644286348603165,0.09029716751072002,-0.07801000000000001,0.09415,0.04573,0.00023838631212269742,0.0,-0.00019864008209703526,0.0018910910541374197,0.0,-0.0014859106141730687
588,5.880528099834919,circle,2.7554679627828707,0.7355998102527381,4.05830005183816,10.011299978941679,124371.0,124371.0,0.0,0.0,8.77,5e-05,1e-08,100.0,0.01,-0.042665343596679894,0.0,0.23879539724593427,-0.04481902555476521,0.0,0.24051419267219667,0.0,0.0,0.0,0.48092964499101787,0.0,1.0408932892515035,-0.7496407036269274,0.0,-0.8045296444466562,0.20158808138585219,0.0,0.3396348399858173,0.5096261055721527,-2.2398275103745124,-1.7609994624387026,-0.14268926084164896,0.15650912482667773,0.09092022556162134,-0.07801000000000001,0.08339,0.05111,0.00024082050883909942,0.0,-0.00020194641412589974,0.0019128614492462176,0.0,-0.0015168490121365097
589,5.890109200030565,circle,2.794050117439681,0.7458060049510531,4.40780003555119,9.581100195646286,124371.0,124371.0,0.0,0.0,8.77,5e-05,1e-08,100.0,0.01,-0.042665343596679894,0.0,0.23879539724593427,-0.04484222364934449,0.0,0.24054694207695507,0.0,0.0,0.0,0.4736742741151949,0.0,1.0483645077067527,-0.7449674375145758,0.0,-0.8084604057077106,0.1965414301647893,0.0,0.34299824758845804,0.5096261055721527,-2.2398275103745124,-1.7609994624387026,-0.1434102403448561,0.15657343474765262,0.0915361857722404,-0.07801000000000001,0.08608,0.04573,0.00024218226653153693,0.0,-0.000203703501685995,0.001934697786133057,0.0,-0.0015478413293348065
590,5.900211700005457,circle,2.8347902791249138,0.7748909481075095,4.1519999504089355,10.102499974891543,124371.0,124371.0,0.0,0.0,8.77,5e-05,1e-08,100.0,0.01,-0.042665343596679894,0.0,0.23879539724593427,-0.044866719751525015,0.0,0.24058144846342508,0.0,0.0,0.0,0.4662468006974055,0.0,1.0560613042264506,-0.740222550939661,0.0,-0.8124891274401302,0.1913708958565613,0.0,0.34645914459393945,0.5096261055721527,-2.2398275103745124,-1.7609994624387026,-0.14414810222368574,0.15664138399588395,0.09216903321064752,-0.08070000000000001,0.08877,0.048420000000000005,0.00024589384758365003,0.0,-0.00020878009874162446,0.0019554823072614707,0.0,-0.0015772711187491894
591,5.910504800034687,circle,2.8763580683798247,0.7985382849697276,3.865799866616726,10.293100029230118,124371.0,124371.0,0.0,0.0,8.77,5e-05,1e-08,100.0,0.01,-0.042665343596679894,0.0,0.23879539724593427,-0.044891715543121574,0.0,0.24061657919555687,0.0,0.0,0.0,0.4586916465491523,0.0,1.0639241169080038,-0.735420221233779,0.0,-0.8165957737172254,0.1861085660812559,0.0,0.34999188107918316,0.5096261055721527,-2.2398275103745124,-1.7609994624387026,-0.1448984954774057,0.15671197488890332,0.09281434663181293,-0.08070000000000001,0.08877,0.05111,0.0002488707180036795,0.0,-0.00021281837569711234,0.0019775012284380003,0.0,-0.0016083635739254955
592,5.920280199963599,circle,2.9158879566337457,0.8076091568024575,4.187100101262331,9.77539992891252,124371.0,124371.0,0.0,0.0,8.77,5e-05,1e-08,100.0,0.01,-0.042665343596679894,0.0,0.23879539724593427,-0.044915489195569584,0.0,0.24064991803563685,0.0,0.0,0.0,0.4512165660468386,0.0,1.0716692134209727,-0.7305954691637903,0.0,-0.8207312574016242,0.18090497288480759,0.0,0.3534745889460574,0.5096261055721527,-2.2398275103745124,-1.7609994624387026,-0.14564109236449924,0.15678031480518922,0.0934512027739835,-0.07801000000000001,0.08608,0.04304,0.0002500327102442786,0.0,-0.00021431281416780645,0.0020001128886454112,0.0,-0.001640207975534773
593,5.9305151998996735,circle,2.957329160536342,0.836610685872266,3.8149000611156225,10.234999936074018,124371.0,124371.0,0.0,0.0,8.77,5e-05,1e-08,100.0,0.01,-0.042665343596679894,0.0,0.23879539724593427,-0.04494041714860864,0.0,0.24068479823489158,0.0,0.0,0.0,0.4435894160708556,0.0,1.0796112719550512,-0.7257021169751319,0.0,-0.8249603989991621,0.17559212067481242,0.0,0.35704257449302745,0.5096261055721527,-2.2398275103745124,-1.7609994624387026,-0.14639861715614616,0.15685176733023293,0.09410286938938253,-0.08070000000000001,0.08608,0.05111,0.0002535877682753821,0.0,-0.0002191664401197033,0.002021485783653366,0.0,-0.001670234548837615
594,5.94043629989028,circle,2.9975487992191816,0.850908892228095,3.8958999793976545,9.921099990606308,124371.0,124371.0,0.0,0.0,8.77,5e-05,1e-08,100.0,0.01,-0.042665343596679894,0.0,0.23879539724593427,-0.04496461624877251,0.0,0.2407185831638942,0.0,0.0,0.0,0.43597571723346407,0.0,1.087527379623101,-0.7207749365779824,0.0,-0.8292345466271683,0.17028966482635866,0.0,0.3605998974116145,0.5096261055721527,-2.2398275103745124,-1.7609994624387026,-0.14715486080426482,0.15692257187831798,0.09475282509148927,-0.08339,0.09415,0.056490000000000005,0.0002553408446054118,0.0,-0.00022149878375363522,0.0020439318074872022,0.0,-0.001701687134206289
595,5.950473299948499,circle,3.0382857454600884,0.8738716756064453,3.9661999326199293,10.037000058218837,124371.0,124371.0,0.0,0.0,8.77,5e-05,1e-08,100.0,0.01,-0.042665343596679894,0.0,0.23879539724593427,-0.044989133751578946,0.0,0.24075273717222714,0.0,0.0,0.0,0.4282925162742602,0.0,1.0955286842473315,-0.7157945763774702,0.0,-0.833580762918853,0.16493768811617596,0.0,0.364194430802495,0.5096261055721527,-2.2398275103745124,-1.7609994624387026,-0.14791794919170595,0.15699458824561627,0.09540932294881896,-0.08070000000000001,0.08608,0.05111,0.00025809677696682224,0.0,-0.0002252335918934466,0.002065693377932229,0.0,-0.0017321063343994315
596,5.960490599973127,circle,3.0789884010893807,0.894822151992547,3.8809000980108976,10.01730002462864,124371.0,124371.0,0.0,0.0,8.77,5e-05,1e-08,100.0,0.01,-0.042665343596679894,0.0,0.23879539724593427,-0.04501363891208916,0.0,0.2407867984324534,0.0,0.0,0.0,0.4205576397504517,0.0,1.103591852682135,-0.7107662431127477,0.0,-0.8379917687201558,0.1595490181048071,0.0,0.367816089813497,0.5096261055721527,-2.2398275103745124,-1.7609994624387026,-0.14868613368781547,0.1570674409423629,0.09607061551649668,-0.08070000000000001,0.09146,0.0538,0.0002605828809343746,0.0,-0.00022859117306043577,0.002087712434474894,0.0,-0.0017628100134587015
597,5.970365999964997,circle,3.1191573553341962,0.9133574062337553,4.000399960204959,9.875399991869926,124371.0,124371.0,0.0,0.0,8.77,5e-05,1e-08,100.0,0.01,-0.042665343596679894,0.0,0.23879539724593427,-0.045037831906692236,0.0,0.240820352017328,0.0,0.0,0.0,0.41280999348809105,0.0,1.1116643285588912,-0.705695864588297,0.0,-0.8424593331495821,0.15415179494443068,0.0,0.3714422638401187,0.5096261055721527,-2.2398275103745124,-1.7609994624387026,-0.1494556049092938,0.1571402389834602,0.09673281170535562,-0.08070000000000001,0.08608,0.0538,0.0002627617888016965,0.0,-0.0002315222059658885,0.0021097265212106447,0.0,-0.0017934325654278336
598,5.980378699954599,circle,3.159926529569152,0.9383036937763436,4.024999914690852,10.01269998960197,124371.0,124371.0,0.0,0.0,8.77,5e-05,1e-08,100.0,0.01,-0.042665343596679894,0.0,0.23879539724593427,-0.04506239667525267,0.0,0.24085434654370236,0.0,0.0,0.0,0.40497863171511045,0.0,1.1198413943926784,-0.7005698106423907,0.0,-0.8470023228736584,0.14869475343498845,0.0,0.3751139795771789,0.5096261055721527,-2.2398275103745124,-1.7609994624387026,-0.15023331173218163,0.15721458278548914,0.09740298071040929,-0.08070000000000001,0.08608,0.048420000000000005,0.0002656470513642097,0.0,-0.0002354309645029248,0.0021314060272085667,0.0,-0.0018235183332651675
599,5.990044499980286,circle,3.1993215452216823,0.9531987585568955,4.21390007250011,9.665800025686622,124371.0,124371.0,0.0,0.0,8.77,5e-05,1e-08,100.0,0.01,-0.042665343596679894,0.0,0.23879539724593427,-0.04508614417361491,0.0,0.24088713884480129,0.0,0.0,0.0,0.39718356094508506,0.0,1.1279626211324685,-0.6954106159230605,0.0,-0.8515895494623993,0.14326454540283495,0.0,0.3787621119372606,0.5096261055721527,-2.2398275103745124,-1.7609994624387026,-0.15100749662950508,0.15728779772193097,0.09806919986600529,-0.08339,0.08339,0.056490000000000005,0.00026736450280604677,0.0,-0.00023772344772375956,0.0021534360741289676,0.0,-0.00185401815114326
600,6.00004389998503,circle,3.2401143224609665,0.9832580649433043,4.226099932566285,9.99940000474453,124371.0,124371.0,0.0,0.0,8.77,5e-05,1e-08,100.0,0.01,-0.042665343596679894,0.0,0.23879539724593427,-0.04511074619717723,0.0,0.24092103760688377,0.0,0.0,0.0,0.3892594256773805,0.0,1.1362487324560988,-0.6901859348496266,0.0,-0.8562656173541893,0.13774180310432294,0.0,0.3824817866141939,0.5096261055721527,-2.2398275103745124,-1.7609994624387026,-0.15179436160954207,0.15736355471269597,0.09874788171249638,-0.08339,0.08339,0.05111,0.0002707581964846908,0.0,-0.00024232746290653849,0.002174644404012648,0.0,-0.001883312898042966
601,6.010492899920791,circle,3.2827810594682028,1.0168807572017038,5.950099788606167,10.448999935761094,124371.0,124371.0,0.0,0.0,8.77,5e-05,1e-08,100.0,0.01,-0.042665343596679894,0.0,0.23879539724593427,-0.04513649230555186,0.0,0.24095643300293682,0.0,0.0,0.0,0.3811413486552944,0.0,1.1447869005670541,-0.6848891860256501,0.0,-0.8610393464789242,0.13207964029499222,0.0,0.3863105378387506,0.5096261055721527,-2.2398275103745124,-1.7609994624387026,-0.15260026133849686,0.15744331911917087,0.09944549302416439,-0.08608,0.08339,0.05918,0.00027449295730315416,0.0,-0.0002473885525553271,0.0021966557515688133,0.0,-0.0019136472044472225
602,6.020133899990469,circle,3.322183172277094,1.021609817769872,4.263200098648667,9.64100006967783,124371.0,124371.0,0.0,0.0,8.77,5e-05,1e-08,100.0,0.01,-0.042665343596679894,0.0,0.23879539724593427,-0.045160281860508224,0.0,0.2409890663389942,0.0,0.0,0.0,0.3731711914858493,0.0,1.1531212793334806,-0.6795819048026155,0.0,-0.8658261258668479,0.1265248028171103,0.0,0.3900518749425973,0.5096261055721527,-2.2398275103745124,-1.7609994624387026,-0.15339169665245841,0.15751952267744818,0.10012812441059232,-0.08608,0.09146,0.056490000000000005,0.0002750387769108707,0.0,-0.00024806485521864253,0.0022198994869174586,0.0,-0.0019456042378412875
603,6.030585600063205,circle,3.3649347492011468,1.0632181552125237,3.992399899289012,10.451700072735548,124371.0,124371.0,0.0,0.0,8.77,5e-05,1e-08,100.0,0.01,-0.042665343596679894,0.0,0.23879539724593427,-0.045186109054692794,0.0,0.2410244166204733,0.0,0.0,0.0,0.36496164697766775,0.0,1.1617650568629008,-0.6741873259552373,0.0,-0.8707311668269803,0.12079802873876737,0.0,0.3939272134338165,0.5096261055721527,-2.2398275103745124,-1.7609994624387026,-0.1542066341756182,0.1576005972641082,0.10083403916560932,-0.08339,0.08877,0.05111,0.00027956279416528097,0.0,-0.00025419351447170373,0.0022412026638476187,0.0,-0.0019748258600673337
604,6.040442599914968,circle,3.405286978591208,1.073780773875844,4.317999817430973,9.856999851763248,124371.0,124371.0,0.0,0.0,8.77,5e-05,1e-08,100.0,0.01,-0.042665343596679894,0.0,0.23879539724593427,-0.04521050212286454,0.0,0.24105772955643873,0.0,0.0,0.0,0.35682607019426305,0.0,1.1703047295953466,-0.668770444563882,0.0,-0.8756653774716824,0.11512510939976421,0.0,0.39775803773470797,0.5096261055721527,-2.2398275103745124,-1.7609994624387026,-0.15501434917540352,0.15767979521941228,0.10153236012201451,-0.08339,0.08877,0.056490000000000005,0.00028071857697761814,0.0,-0.00025570517251846626,0.002264439949207025,0.0,-0.002006627137985995
605,6.050461999839172,circle,3.446335840465863,1.101206267316174,3.9998001884669065,10.019399924203753,124371.0,124371.0,0.0,0.0,8.77,5e-05,1e-08,100.0,0.01,-0.042665343596679894,0.0,0.23879539724593427,-0.04523533230904867,0.0,0.24109156552016345,0.0,0.0,0.0,0.34861919149335013,0.0,1.1789305481448595,-0.6632969971277463,0.0,-0.8806755358055245,0.10940149636102449,0.0,0.401626574862749,0.5096261055721527,-2.2398275103745124,-1.7609994624387026,-0.15582909173756698,0.15776018137940423,0.10223733331956572,-0.08608,0.09146,0.0538,0.0002836499942358377,0.0,-0.0002596410030600853,0.0022863387181329396,0.0,-0.002036527271169097
606,6.060467700008303,circle,3.487359406975364,1.125772609996413,4.045899957418442,10.00570016913116,124371.0,124371.0,0.0,0.0,8.77,5e-05,1e-08,100.0,0.01,-0.042665343596679894,0.0,0.23879539724593427,-0.045260163959614554,0.0,0.24112532920148988,0.0,0.0,0.0,0.340355696847151,0.0,1.1876243445515946,-0.6577733926480083,0.0,-0.8857527815206467,0.1036376648773669,0.0,0.4055249039122028,0.5096261055721527,-2.2398275103745124,-1.7609994624387026,-0.15664941669616836,0.15784149254454555,0.10294756899934973,-0.08608,0.08877,0.0538,0.0002862492783789611,0.0,-0.00026311766663194604,0.002308571084555698,0.0,-0.002066814288923668
607,6.070491199847311,circle,3.528485722270812,1.1511782826732744,4.0333999786525965,10.023499839007854,124371.0,124371.0,0.0,0.0,8.77,5e-05,1e-08,100.0,0.01,-0.042665343596679894,0.0,0.23879539724593427,-0.045285075242685165,0.0,0.24115912684028035,0.0,0.0,0.0,0.33203321348599474,0.0,1.1963888479198796,-0.6521984727584147,0.0,-0.8908985742058173,0.09783194037683947,0.0,0.40945422905138185,0.5096261055721527,-2.2398275103745124,-1.7609994624387026,-0.1574755584679764,0.1579237622210003,0.10366328198068767,-0.08877,0.09146,0.056490000000000005,0.00028890859243648793,0.0,-0.0002666699703466032,0.0023308230535687823,0.0,-0.002097059623999478
608,6.080054800026119,circle,3.5677518648196016,1.1652321895530808,4.371799994260073,9.563600178807974,124371.0,124371.0,0.0,0.0,8.77,5e-05,1e-08,100.0,0.01,-0.042665343596679894,0.0,0.23879539724593427,-0.04530887660202573,0.0,0.2411913493778791,0.0,0.0,0.0,0.3237842243122224,0.0,1.2050499814529736,-0.6465952116600879,0.0,-0.8960817271595795,0.09207972244307927,0.0,0.4133393479607821,0.5096261055721527,-2.2398275103745124,-1.7609994624387026,-0.15829452330738042,0.15800417018393886,0.10437145264582304,-0.08877,0.08339,0.05918,0.0002903773164514541,0.0,-0.00026860608832244377,0.0023531556888943842,0.0,-0.002127346043622379
609,6.090487599838525,circle,3.6106155309772725,1.2123720633260886,5.9726000763475895,10.432799812406301,124371.0,124371.0,0.0,0.0,8.77,5e-05,1e-08,100.0,0.01,-0.042665343596679894,0.0,0.23879539724593427,-0.045334877966454266,0.0,0.24122647329598446,0.0,0.0,0.0,0.3152598509619427,0.0,1.2140649061251976,-0.6408990269221326,0.0,-0.9013894651521567,0.08612989677108118,0.0,0.41737783821907143,0.5096261055721527,-2.2398275103745124,-1.7609994624387026,-0.15914053420722646,0.15809008847226064,0.1051063075886973,-0.08877,0.08608,0.056490000000000005,0.0002951928902105586,0.0,-0.0002750624480398621,0.0023743414795638134,0.0,-0.0021560136020103283
610,6.100146600045264,circle,3.6503258326769776,1.2195659568411643,5.1692998968064785,9.65900020673871,124371.0,124371.0,0.0,0.0,8.77,5e-05,1e-08,100.0,0.01,-0.042665343596679894,0.0,0.23879539724593427,-0.045358985009303146,0.0,0.24125896673448333,0.0,0.0,0.0,0.30685547432482024,0.0,1.2229173769391573,-0.6351884381706776,0.0,-0.906715577613817,0.08026688633546489,0.0,0.42134646722482094,0.5096261055721527,-2.2398275103745124,-1.7609994624387026,-0.1599747985241523,0.15817324345211084,0.10582914566768048,-0.08877,0.08877,0.06187,0.00029593934815943254,0.0,-0.0002760146665658613,0.002397702064463819,0.0,-0.0021875548219832
611,6.110483499942347,circle,3.692849662377454,1.2621605720389029,4.039300139993429,10.33689989708364,124371.0,124371.0,0.0,0.0,8.77,5e-05,1e-08,100.0,0.01,-0.042665343596679894,0.0,0.23879539724593427,-0.04538482035533396,0.0,0.24129371363663854,0.0,0.0,0.0,0.29824266123036786,0.0,1.2320339566803247,-0.6293954878534779,0.0,-0.9121515462694326,0.07425462582616019,0.0,0.42542983626305086,0.5096261055721527,-2.2398275103745124,-1.7609994624387026,-0.16082955038902982,0.158260408570003,0.10657200787479976,-0.08608,0.09146,0.0538,0.0003002075644749514,0.0,-0.0002817077346269001,0.002419269194179117,0.0,-0.002216608656077375
612,6.120517899980769,circle,3.734154396358002,1.2814150524350252,4.004899878054857,10.034400038421154,124371.0,124371.0,0.0,0.0,8.77,5e-05,1e-08,100.0,0.01,-0.042665343596679894,0.0,0.23879539724593427,-0.0454099356173424,0.0,0.24132741693305274,0.0,0.0,0.0,0.28962848967343785,0.0,1.2411464671903867,-0.6235654838600584,0.0,-0.9176362345977596,0.06824188714102863,0.0,0.4295118370953287,0.5096261055721527,-2.2398275103745124,-1.7609994624387026,-0.16168446278208065,0.15834734688809005,0.10731472875406928,-0.09146,0.08877,0.0538,0.00030212779394075484,0.0,-0.0002842325300223534,0.0024424642267217487,0.0,-0.0022477871570961163
613,6.130174699937925,circle,3.77392755461688,1.2978376459939103,4.110400099307299,9.656799957156181,124371.0,124371.0,0.0,0.0,8.77,5e-05,1e-08,100.0,0.01,-0.042665343596679894,0.0,0.23879539724593427,-0.0454341392066782,0.0,0.2413598270183302,0.0,0.0,0.0,0.2810797816268819,0.0,1.2501665464080287,-0.6177040418142147,0.0,-0.9231621172823014,0.062276839820047725,0.0,0.4335543309514298,0.5096261055721527,-2.2398275103745124,-1.7609994624387026,-0.16253298399547786,0.15843261130772812,0.10805071458168032,-0.08877,0.08339,0.056490000000000005,0.00030375700541912173,0.0,-0.000286367341590283,0.0024650386045791846,0.0,-0.002278062430805649
614,6.1404990998562425,circle,3.8164741657150105,1.342397620541428,3.8473999593406916,10.324399918317795,124371.0,124371.0,0.0,0.0,8.77,5e-05,1e-08,100.0,0.01,-0.042665343596679894,0.0,0.23879539724593427,-0.045460052291428216,0.0,0.24139445060611528,0.0,0.0,0.0,0.2723077367004968,0.0,1.259469180882128,-0.6117588693917919,0.0,-0.9287990318545774,0.05615190940121085,0.0,0.43771960922189634,0.5096261055721527,-2.2398275103745124,-1.7609994624387026,-0.16340345946021906,0.1585221536058814,0.10880813572231293,-0.09146,0.09146,0.06456,0.0003080961575004002,0.0,-0.0002921213375285947,0.002486612537247921,0.0,-0.0023069320226524193
615,6.150463599944487,circle,3.8575601994199045,1.3608924251672567,3.843100043013692,9.964500088244677,124371.0,124371.0,0.0,0.0,8.77,5e-05,1e-08,100.0,0.01,-0.042665343596679894,0.0,0.23879539724593427,-0.04548509755328095,0.0,0.24142784065774414,0.0,0.0,0.0,0.26354954694998123,0.0,1.2687482130975105,-0.6057790725196215,0.0,-0.9344811661918079,0.050037416416445366,0.0,0.44187505088210666,0.5096261055721527,-2.2398275103745124,-1.7609994624387026,-0.16427260126275164,0.15861116522334184,0.1095639419592889,-0.08877,0.08608,0.06187,0.0003098904973723301,0.0,-0.00029446475750632885,0.0025098634592287264,0.0,-0.002337978654303547
616,6.160069599980488,circle,3.8971883253968405,1.378448252554612,4.264199873432517,9.606000036001205,124371.0,124371.0,0.0,0.0,8.77,5e-05,1e-08,100.0,0.01,-0.042665343596679894,0.0,0.23879539724593427,-0.0455092747150701,0.0,0.24146000465368897,0.0,0.0,0.0,0.25485434225551346,0.0,1.2779386493638614,-0.5997666141222068,0.0,-0.9402059156751884,0.04396878024696575,0.0,0.44599260425056,0.5096261055721527,-2.2398275103745124,-1.7609994624387026,-0.16513559232585814,0.15869858099558443,0.11031328393786877,-0.08877,0.08608,0.05918,0.0003115831127770822,0.0,-0.000296673198548484,0.002532348005613126,0.0,-0.0023679342092062204
617,6.1701324000023305,circle,3.938721550938374,1.418896555537771,4.3443001341074705,10.062800021842122,124371.0,124371.0,0.0,0.0,8.77,5e-05,1e-08,100.0,0.01,-0.042665343596679894,0.0,0.23879539724593427,-0.04553463627411931,0.0,0.24149367206274203,0.0,0.0,0.0,0.2459935693050929,0.0,1.28733559643486,-0.5936800949088764,0.0,-0.9460282100376387,0.03778187153524225,0.0,0.4502000995056124,0.5096261055721527,-2.2398275103745124,-1.7609994624387026,-0.16601487240727528,0.15878903882439016,0.11107837754116992,-0.08877,0.09415,0.05918,0.0003154211600503846,0.0,-0.00030172825840042456,0.002553871517389028,0.0,-0.0023965465584073363
618,6.180478399852291,circle,3.981444942281474,1.4556816945134514,3.8593001663684845,10.345999849960208,124371.0,124371.0,0.0,0.0,8.77,5e-05,1e-08,100.0,0.01,-0.042665343596679894,0.0,0.23879539724593427,-0.04556074856430939,0.0,0.24152825909788456,0.0,0.0,0.0,0.2369745409298369,0.0,1.2969303056147317,-0.5875269968529727,0.0,-0.9519378182345052,0.031481878934377296,0.0,0.45449370296207225,0.5096261055721527,-2.2398275103745124,-1.7609994624387026,-0.16690972077510213,0.15888242072944692,0.11185854500989434,-0.09415,0.08608,0.05918,0.00031887146966470825,0.0,-0.00030625311570801027,0.0025765334979647864,0.0,-0.002426608736242281
619,6.190459199948236,circle,4.022680024306752,1.4739605743962558,3.8761000614613295,9.980800095945597,124371.0,124371.0,0.0,0.0,8.77,5e-05,1e-08,100.0,0.01,-0.042665343596679894,0.0,0.23879539724593427,-0.04558597462380058,0.0,0.24156159842830993,0.0,0.0,0.0,0.2279885724950435,0.0,1.3064761586175406,-0.5813408910417273,0.0,-0.9578901390938205,0.0252061558560446,0.0,0.4587665602178394,0.5096261055721527,-2.2398275103745124,-1.7609994624387026,-0.16780135182743472,0.15897486222835436,0.11263520914515249,-0.09146,0.09415,0.06456,0.00032058202772192483,0.0,-0.0003084666103289062,0.0026000489993987627,0.0,-0.00245773457204676
620,6.200600299984217,circle,4.064596597453074,1.5065987102048282,3.730500116944313,10.141100035980344,124371.0,124371.0,0.0,0.0,8.77,5e-05,1e-08,100.0,0.01,-0.042665343596679894,0.0,0.23879539724593427,-0.04561164151029752,0.0,0.24159544619269208,0.0,0.0,0.0,0.21892020966220418,0.0,1.3161200873263155,-0.5750966207700223,0.0,-0.9639183249141554,0.018871979308730767,0.0,0.46308245863864317,0.5096261055721527,-2.2398275103745124,-1.7609994624387026,-0.16870111045763336,0.15906861245453635,0.11341949118082616,-0.09146,0.08608,0.06725,0.000323596279537949,0.0,-0.00031239815365826686,0.0026227016340796775,0.0,-0.0024876507930995436
621,6.2104884998407215,circle,4.1054858971702775,1.5287299833162686,3.808500012382865,9.888199856504798,124371.0,124371.0,0.0,0.0,8.77,5e-05,1e-08,100.0,0.01,-0.042665343596679894,0.0,0.23879539724593427,-0.045636702910645206,0.0,0.24162842359229528,0.0,0.0,0.0,0.20986178506692366,0.0,1.325744872487201,-0.5688131123256103,0.0,-0.9699973068021979,0.012545480912942207,0.0,0.46739049037699965,0.5096261055721527,-2.2398275103745124,-1.7609994624387026,-0.16959992246550307,0.15916188524322872,0.11420251059590143,-0.09415,0.08877,0.06187,0.0003256297159767358,0.0,-0.00031503055389244536,0.002645729597988576,0.0,-0.0025179957924685663
622,6.220202700002119,circle,4.145672475606623,1.5531294215018119,6.6860998049378395,9.714200161397457,124371.0,124371.0,0.0,0.0,8.77,5e-05,1e-08,100.0,0.01,-0.042665343596679894,0.0,0.23879539724593427,-0.045661356551809716,0.0,0.24166079541158186,0.0,0.0,0.0,0.2008100174375301,0.0,1.3353543255273255,-0.5624866925652839,0.0,-0.9761318715048941,0.006224342402513333,0.0,0.4716923337962725,0.5096261055721527,-2.2398275103745124,-1.7609994624387026,-0.17049811175718702,0.1592547285431007,0.11498456612494073,-0.09146,0.08339,0.06725,0.0003278535053990229,0.0,-0.00031791101730061985,0.002668159449730799,0.0,-0.002547487148346978
623,6.230210799956694,circle,4.187091741796859,1.5917056826955251,5.101200193166733,10.0080999545753,124371.0,124371.0,0.0,0.0,8.77,5e-05,1e-08,100.0,0.01,-0.042665343596679894,0.0,0.23879539724593427,-0.04568679050718892,0.0,0.24169412038228222,0.0,0.0,0.0,0.1916278335430419,0.0,1.3451232244578666,-0.5560932405718209,0.0,-0.9823535317127787,-0.0001896810006416382,0.0,0.47606384495318455,0.5096261055721527,-2.2398275103745124,-1.7609994624387026,-0.17140914647179512,0.15934982729808145,0.11577887756875735,-0.09684000000000001,0.08608,0.06456,0.00033132731103339497,0.0,-0.0003224245601514703,0.0026901195994756314,0.0,-0.0025762985761964823
624,6.241258800029755,circle,4.2328339275397795,1.6526890782463617,5.0385999493300915,11.048000073060393,124371.0,124371.0,0.0,0.0,8.77,5e-05,1e-08,100.0,0.01,-0.042665343596679894,0.0,0.23879539724593427,-0.04571490774010313,0.0,0.2417308770352156,0.0,0.0,0.0,0.18207746911247788,0.0,1.3553533648405411,-0.5495954748255422,0.0,-0.988710692574289,-0.0068668853867804025,0.0,0.4806361011561877,0.5096261055721527,-2.2398275103745124,-1.7609994624387026,-0.1723563945283759,0.1594517788786144,0.11660831134731028,-0.09415,0.09146,0.05918,0.0003367331536454493,0.0,-0.0003294465988334149,0.002712830989777787,0.0,-0.0026060331904479107
625,6.250242299865931,circle,4.270042825953167,1.622482408899978,4.640000173822045,8.983499836176634,124371.0,124371.0,0.0,0.0,8.77,5e-05,1e-08,100.0,0.01,-0.042665343596679894,0.0,0.23879539724593427,-0.045737802142182996,0.0,0.24176074110822732,0.0,0.0,0.0,0.17300928023207568,0.0,1.364967279991069,-0.5431486031096108,0.0,-0.9950005228997919,-0.013198384881169301,0.0,0.4849410098096698,0.5096261055721527,-2.2398275103745124,-1.7609994624387026,-0.1732562739347136,0.15954422405971255,0.11739117689937467,-0.09684000000000001,0.08608,0.05918,0.0003340956767019011,0.0,-0.0003259573342751761,0.0027383628688012,0.0,-0.0026393865280178756
626,6.260541399940848,circle,4.31271620393476,1.6899755454411682,4.103100160136819,10.299100074917078,124371.0,124371.0,0.0,0.0,8.77,5e-05,1e-08,100.0,0.01,-0.042665343596679894,0.0,0.23879539724593427,-0.045764083898283,0.0,0.24179495214606564,0.0,0.0,0.0,0.16361180653722163,0.0,1.374987803456708,-0.5365873683584895,0.0,-1.0014386108001727,-0.01976474392417755,0.0,0.4894232868049703,0.5096261055721527,-2.2398275103745124,-1.7609994624387026,-0.1741885666757702,0.15964253968323083,0.11820517518382967,-0.09415,0.08339,0.06187,0.00034002230240738444,0.0,-0.0003336404737865127,0.0027587179991957218,0.0,-0.002665914426344861
627,6.2703980000223964,circle,4.499752816900273,3.3198290013626477,4.040599800646305,9.856600081548095,124371.0,124371.0,0.0,0.0,8.77,5e-05,1e-08,100.0,0.01,-0.042390243693395585,0.0,0.23887904185019354,-0.04578927100035493,0.0,0.24182766674660655,0.0,0.0,0.0,0.12389532466685949,0.0,1.37577215189497,-0.5246546590266745,0.0,-1.0062967892727173,-0.044464097674378325,0.0,0.49346266159761176,0.5111600863600384,-2.2398275103745124,-1.7609994624387026,-0.17960534516657467,0.15786302967763177,0.11975527410279663,-0.09415,0.08608,0.06456,0.0006183877661546551,0.0,-0.0002517649638215471,0.0027806395408046906,0.0,-0.002696859932591463
628,6.280452499864623,circle,4.395260694835211,1.3775444855964691,3.971799975261092,10.054499842226505,124371.0,124371.0,0.0,0.0,8.77,5e-05,1e-08,100.0,0.01,-0.042665343596679894,0.0,0.23879539724593427,-0.04581499858350289,0.0,0.24186101138335345,0.0,0.0,0.0,0.13940156081396987,0.0,1.393487387688194,-0.5234111389325989,0.0,-1.0145023289902295,-0.03604923627814083,0.0,0.4982912312333085,0.5096261055721527,-2.2398275103745124,-1.7609994624387026,-0.1766235319722172,0.15957599444689358,0.11995776194963895,-0.10222,0.08339,0.06456,6.444283454500998e-05,0.0,-0.00042523497681094206,0.003085212152277983,0.0,-0.0026403791606082394
629,6.2904739999212325,circle,4.436827696526776,1.7168680686438278,3.9099999703466892,10.021500056609511,124371.0,124371.0,0.0,0.0,8.77,5e-05,1e-08,100.0,0.01,-0.042665343596679894,0.0,0.23879539724593427,-0.045840676648280856,0.0,0.2418942196061346,0.0,0.0,0.0,0.1352760784155525,0.0,1.4053141755931244,-0.5170404970330542,0.0,-1.0212297597940518,-0.0395736546596986,0.0,0.5029795094917697,0.5096261055721527,-2.2398275103745124,-1.7609994624387026,-0.17699915762413176,0.15994388280895278,0.120664859875794,-0.09953000000000001,0.08877,0.06456,0.0003301452255044593,0.0,-0.00034863506610727495,0.0028451878260965027,0.0,-0.002750187294093068
630,6.300486600026488,circle,4.47837147232744,1.8237009364959211,3.8986001163721085,10.012600105255842,124371.0,124371.0,0.0,0.0,8.77,5e-05,1e-08,100.0,0.01,-0.042665343596679894,0.0,0.23879539724593427,-0.04586636669854201,0.0,0.2419273714069869,0.0,0.0,0.0,0.12602170495677037,0.0,1.4156564526916173,-0.5102047908982914,0.0,-1.0278974556827547,-0.046081018351955536,0.0,0.5075672765729053,0.5096261055721527,-2.2398275103745124,-1.7609994624387026,-0.17791510611855094,0.1600614389593627,0.1214887996874719,-0.09953000000000001,0.08608,0.06994,0.00035424620924069325,0.0,-0.00034553942875496443,0.00284677689262142,0.0,-0.002786434732297661
631,6.310490000061691,circle,4.51989031814327,1.8600479043729718,3.988000098615885,10.003400035202503,124371.0,124371.0,0.0,0.0,8.77,5e-05,1e-08,100.0,0.01,-0.042665343596679894,0.0,0.23879539724593427,-0.0458920678417533,0.0,0.241960465828809,0.0,0.0,0.0,0.11630113559560333,0.0,1.4259326525440899,-0.5032944778900226,0.0,-1.034624265427846,-0.05286547069019163,0.0,0.5121711294219292,0.5096261055721527,-2.2398275103745124,-1.7609994624387026,-0.1788798559977961,0.16015925133309145,0.12232660249735379,-0.09684000000000001,0.08608,0.06187,0.00035811255480937667,0.0,-0.00034860288103429277,0.0028686116902640296,0.0,-0.002816465701840449
632,6.320230999961495,circle,4.560332411993667,1.8827061041712434,5.017600022256374,9.740999899804592,124371.0,124371.0,0.0,0.0,8.77,5e-05,1e-08,100.0,0.01,-0.042665343596679894,0.0,0.23879539724593427,-0.04591712811854929,0.0,0.24199266625732674,0.0,0.0,0.0,0.10657800021951358,0.0,1.436170406851288,-0.49635355054188,0.0,-1.0414035598422091,-0.0596481622722676,0.0,0.516761126391698,0.5096261055721527,-2.2398275103745124,-1.7609994624387026,-0.17984504761796644,0.1602552903307921,0.12316268908559354,-0.09953000000000001,0.08070000000000001,0.06456,0.0003596990791032862,0.0,-0.00035132278952164364,0.0028920854427661093,0.0,-0.0028459462218708292
633,6.330485299928114,circle,4.60291833987323,1.9298560155124704,3.917000023648143,10.254299966618419,124371.0,124371.0,0.0,0.0,8.77,5e-05,1e-08,100.0,0.01,-0.042665343596679894,0.0,0.23879539724593427,-0.04594354441584324,0.0,0.24202653584289635,0.0,0.0,0.0,0.09667216548822474,0.0,1.4466425472449536,-0.48934439125426177,0.0,-1.0482857460396802,-0.06656192595276077,0.0,0.5214527550325604,0.5096261055721527,-2.2398275103745124,-1.7609994624387026,-0.18082818413187013,0.16035497067247223,0.12401646352328165,-0.10222,0.08070000000000001,0.06187,0.0003632350570157406,0.0,-0.00035665494152021214,0.0029149657621476027,0.0,-0.0028744836554418732
634,6.340489699970931,circle,4.64447865332014,1.9537232999760845,4.535300191491842,10.004400042816997,124371.0,124371.0,0.0,0.0,8.77,5e-05,1e-08,100.0,0.01,-0.042665343596679894,0.0,0.23879539724593427,-0.045969351978120555,0.0,0.24205955266143095,0.0,0.0,0.0,0.08676653053915495,0.0,1.457124518210888,-0.4823036186771305,0.0,-1.0552221490351927,-0.07347642285200005,0.0,0.5261479711516766,0.5096261055721527,-2.2398275103745124,-1.7609994624387026,-0.1818112559977888,0.16045508818157667,0.12487069428384287,-0.09953000000000001,0.08608,0.06994,0.00036487334979061524,0.0,-0.0003594646139673408,0.0029391350316500457,0.0,-0.0029046908015293426
635,6.350035300012678,circle,4.6841439268583,1.970216705897189,4.309399984776974,9.545600041747093,124371.0,124371.0,0.0,0.0,8.77,5e-05,1e-08,100.0,0.01,-0.042665343596679894,0.0,0.23879539724593427,-0.04599400824464875,0.0,0.2420910301121507,0.0,0.0,0.0,0.07695859862759814,0.0,1.4674927911102564,-0.4752422834235159,0.0,-1.0621969880821631,-0.08032183554120123,0.0,0.5307931058016269,0.5096261055721527,-2.2398275103745124,-1.7609994624387026,-0.1827846791035448,0.160553767665436,0.1257160149182353,-0.09953000000000001,0.08608,0.06456,0.00036593896759989746,0.0,-0.0003614564821458237,0.0029627256803689567,0.0,-0.002934176384070601
636,6.360046899877489,circle,4.7257566955364485,2.017618573743172,4.223200026899576,10.011599864810705,124371.0,124371.0,0.0,0.0,8.77,5e-05,1e-08,100.0,0.01,-0.042665343596679894,0.0,0.23879539724593427,-0.04601990198103116,0.0,0.24212401773968031,0.0,0.0,0.0,0.06699133649854559,0.0,1.4780640582341733,-0.4681117986264257,0.0,-1.0692706798513771,-0.08728143245745616,0.0,0.5355263551212792,0.5096261055721527,-2.2398275103745124,-1.7609994624387026,-0.18377375809695484,0.1606555610167055,0.12657669442872072,-0.09953000000000001,0.09146,0.06456,0.00036952249842526347,0.0,-0.00036657931824170655,0.002985035885926003,0.0,-0.002962041175504342
637,6.370462999911979,circle,4.769062455503315,2.064546428051094,4.032700089737773,10.416100034490228,124371.0,124371.0,0.0,0.0,8.77,5e-05,1e-08,100.0,0.01,-0.042665343596679894,0.0,0.23879539724593427,-0.046046878599260675,0.0,0.2421583093367883,0.0,0.0,0.0,0.05683351541926196,0.0,1.4888762497491381,-0.4609130631480713,0.0,-1.0764404447649187,-0.09437743637832961,0.0,0.5403643119078735,0.5096261055721527,-2.2398275103745124,-1.7609994624387026,-0.1847815703687881,0.1607609974643192,0.1274556561427195,-0.09953000000000001,0.08608,0.06725,0.0003730594475918063,0.0,-0.000371558108511077,0.0030084755549889745,0.0,-0.002991353982342965
638,6.380484899971634,circle,4.810740221703638,2.0844027177755304,4.128900123760104,10.021900059655309,124371.0,124371.0,0.0,0.0,8.77,5e-05,1e-08,100.0,0.01,-0.042665343596679894,0.0,0.23879539724593427,-0.046072869573406394,0.0,0.24219127536486776,0.0,0.0,0.0,0.046718162431808534,0.0,1.4996399157801898,-0.45368748869748904,0.0,-1.0836523245301448,-0.10144349301301599,0.0,0.5451808309813123,0.5096261055721527,-2.2398275103745124,-1.7609994624387026,-0.18578518513000342,0.160865848106814,0.1283307876183008,-0.10222,0.08877,0.06994,0.00037445032133393485,0.0,-0.0003737406228362947,0.003033075655392565,0.0,-0.0030221374960971983
639,6.390240199863911,circle,4.851319265429674,2.107994398198837,4.115700023248792,9.755299892276525,124371.0,124371.0,0.0,0.0,8.77,5e-05,1e-08,100.0,0.01,-0.042665343596679894,0.0,0.23879539724593427,-0.04609820235767447,0.0,0.24222333822299205,0.0,0.0,0.0,0.03664993714823231,0.0,1.5103471500374843,-0.4464291011662696,0.0,-1.0909128706774247,-0.10847608996058149,0.0,0.5499726117391915,0.5096261055721527,-2.2398275103745124,-1.7609994624387026,-0.18678415305184462,0.16096993568644535,0.12920154654632204,-0.10222,0.09415,0.06725,0.00037615079078071826,0.0,-0.0003762626565545768,0.0030567079702138586,0.0,-0.0030516783205032094
640,6.400369300041348,circle,4.8934633111458945,2.154433319439473,4.047799855470657,10.129100177437067,124371.0,124371.0,0.0,0.0,8.77,5e-05,1e-08,100.0,0.01,-0.042665343596679894,0.0,0.23879539724593427,-0.046124540481858385,0.0,0.24225660225100148,0.0,0.0,0.0,0.026436201310916733,0.0,1.52123390540104,-0.43910320576472794,0.0,-1.098264939946538,-0.11561246129840877,0.0,0.5548427166109859,0.5096261055721527,-2.2398275103745124,-1.7609994624387026,-0.1877974456296131,0.161076610623484,0.13008605608967405,-0.10222,0.08339,0.07801000000000001,0.0003796492453199021,0.0,-0.00038100565140080115,0.0030795476398585886,0.0,-0.0030801993536664182
641,6.410526299849153,circle,4.9357334707438385,2.19028025773782,3.8071998860687017,10.156999807804823,124371.0,124371.0,0.0,0.0,8.77,5e-05,1e-08,100.0,0.01,-0.042665343596679894,0.0,0.23879539724593427,-0.046150986566583875,0.0,0.242289929829926,0.0,0.0,0.0,0.01614295500850319,0.0,1.5322190243291636,-0.4317259070350835,0.0,-1.1056871684758054,-0.12280556419561155,0.0,0.5597557209596435,0.5096261055721527,-2.2398275103745124,-1.7609994624387026,-0.1888185648002135,0.16118471122059502,0.13097809244523295,-0.10491,0.09415,0.06994,0.00038231311555713635,0.0,-0.0003846415086864699,0.0031033298543468443,0.0,-0.0031098910753052686
642,6.420677099842578,circle,4.850228899135579,1.7507081676073921,3.802100196480751,10.150799993425608,124371.0,124371.0,0.0,0.0,8.77,5e-05,1e-08,100.0,0.01,-0.04294031486713022,0.0,0.238711330742286,-0.04617745190976763,0.0,0.24232320894360934,0.0,0.0,0.0,0.0361097192465252,0.0,1.5525366134140932,-0.4296350096364599,0.0,-1.1148065739634971,-0.11186680001415387,0.0,0.5650744989459789,0.5080921247842671,-2.2398275103745124,-1.7609994624387026,-0.1853316357456902,0.16318800993809074,0.13113689755287894,-0.10222,0.09415,0.07263,0.00010835639548741191,0.0,-0.00047259416377144455,0.0031287806471499966,0.0,-0.0031392840375518874
643,6.4300804999656975,circle,4.889552352620388,2.2490601548096034,4.259000066667795,9.403400123119354,124371.0,124371.0,0.0,0.0,8.77,5e-05,1e-08,100.0,0.01,-0.04294031486713022,0.0,0.238711330742286,-0.04620200017047376,0.0,0.24235401261021908,0.0,0.0,0.0,0.03126514667531563,0.0,1.5650139400696446,-0.422122236744317,0.0,-1.122290640452495,-0.11588033122567964,0.0,0.5700581216110067,0.5080921247842671,-2.2398275103745124,-1.7609994624387026,-0.18577710421676433,0.1635593576861174,0.13190046519861778,-0.10491,0.08339,0.07263,0.0003893337813916909,0.0,-0.0003878461319382757,0.002872351521951847,0.0,-0.0032548357359947918
644,6.440477499971166,circle,4.933034634630197,2.392526519309011,3.9709999691694975,10.397000005468726,124371.0,124371.0,0.0,0.0,8.77,5e-05,1e-08,100.0,0.01,-0.04294031486713022,0.0,0.238711330742286,-0.04622917759121546,0.0,0.2423880429541111,0.0,0.0,0.0,0.020703307060363912,0.0,1.5762073879625798,-0.4141719286959789,0.0,-1.1298018938700123,-0.12325302678796377,0.0,0.5750637815787606,0.5080921247842671,-2.2398275103745124,-1.7609994624387026,-0.18682336226491753,0.1636681841582367,0.13281222725771052,-0.10491,0.09146,0.07263,0.00041200812804091744,0.0,-0.00038925503778927065,0.0028768545960443223,0.0,-0.0032874571740358132
645,6.450493999989703,circle,4.861806544958396,1.8330663627372346,3.8586000446230173,10.016500018537045,124371.0,124371.0,0.0,0.0,8.77,5e-05,1e-08,100.0,0.01,-0.04321515685771268,0.0,0.23862684253706545,-0.04625539542458587,0.0,0.2424207998822523,-0.00429560927054682,0.0,-0.0013241049549206798,0.10389546496000428,0.0,1.6162646542185921,-0.4116589310050381,0.0,-1.1390397594645272,-0.07558757027211638,0.0,0.582179095281291,0.5065581439963814,-2.2398275103745124,-1.7609994624387026,-0.17660341622295153,0.16876929978875407,0.1316723368031199,-0.10491,0.08608,0.07532,0.00013023086251760362,0.0,-0.00047873311166671,0.0029100077043555843,0.0,-0.003315224233520128
646,6.460459499852732,circle,4.805472418762359,1.8661996520994302,5.5339999962598085,9.965499863028526,124371.0,124371.0,0.0,0.0,8.77,5e-05,1e-08,100.0,0.01,-0.04348986892169747,0.0,0.2385419328290814,-0.04628151385019,0.0,0.24245336271605467,-0.0042935730663786744,0.0,-0.001330692775430282,0.12870797580524207,0.0,1.6385105083005427,-0.40924169807838284,0.0,-1.1483921371078538,-0.06178784656889584,0.0,0.5878073406049782,0.5050241632084959,-2.2398275103745124,-1.7609994624387026,-0.17258294793811357,0.17102893777947065,0.13172734975200778,-0.09953000000000001,0.09953000000000001,0.06994,0.00012526805340056651,0.0,-0.0004846674596922611,0.0026663768750919623,0.0,-0.0034267624272810056
647,6.470620800042525,circle,4.847966974121893,2.4635348824597516,4.830500110983849,10.16130018979311,124371.0,124371.0,0.0,0.0,8.77,5e-05,1e-08,100.0,0.01,-0.04348986892169747,0.0,0.2385419328290814,-0.04630818042116697,0.0,0.24248653725463976,-0.008587146132757349,0.0,-0.002661385550860564,0.18705417496281748,0.0,1.6712380484642968,-0.40128641304956947,0.0,-1.1561310119765598,-0.02914012495620594,0.0,0.5947912646642527,0.5050241632084959,-2.2398275103745124,-1.7609994624387026,-0.16626556795835018,0.174467248601945,0.13113675825294396,-0.09684000000000001,0.09415,0.07263,0.00041226604967071773,0.0,-0.0004010510446152151,0.0024060454497987797,0.0,-0.0035435533809431417
648,6.480081100016832,circle,4.887528717283137,2.466094070293563,4.330799914896488,9.460299974307418,124371.0,124371.0,0.0,0.0,8.77,5e-05,1e-08,100.0,0.01,-0.04348986892169747,0.0,0.2385419328290814,-0.04633303905735473,0.0,0.24251739764995128,-0.008587146132757349,0.0,-0.002661385550860564,0.1763107424228883,0.0,1.6823405659850683,-0.3933572342041269,0.0,-1.1639048672846948,-0.036612644580358,0.0,0.5997654910541316,0.5050241632084959,-2.2398275103745124,-1.7609994624387026,-0.16732744314488582,0.17456821358903826,0.1320511743986613,-0.09146,0.09953000000000001,0.06725,0.0004109131511823329,0.0,-0.00040286383290966945,0.0024322569844749294,0.0,-0.0035726009879602145
649,6.49021439999342,circle,4.929903532444398,2.431867541912686,4.8090999480336905,10.133299976587296,124371.0,124371.0,0.0,0.0,8.77,5e-05,1e-08,100.0,0.01,-0.04348986892169747,0.0,0.2385419328290814,-0.04635970002020565,0.0,0.24255042610027983,-0.008587146132757349,0.0,-0.002661385550860564,0.16539099208127567,0.0,1.6937141555788997,-0.3857905479690471,0.0,-1.1719260041439956,-0.044215370688640225,0.0,0.60485382270581,0.5050241632084959,-2.2398275103745124,-1.7609994624387026,-0.1684062990659922,0.17467473493985392,0.13298476569895396,-0.09415,0.09684000000000001,0.07263,0.0003921277279111679,0.0,-0.0004156786834004361,0.002477703370597016,0.0,-0.0035928145877979906
650,6.500261300010607,circle,4.971915679468562,2.382830520098825,4.13619983009994,10.046900017187,124371.0,124371.0,0.0,0.0,8.77,5e-05,1e-08,100.0,0.01,-0.04348986892169747,0.0,0.2385419328290814,-0.046386168249268736,0.0,0.2425831449899133,-0.008587146132757349,0.0,-0.002661385550860564,0.15485545976471798,0.0,1.705301203977733,-0.3786061018639611,0.0,-1.1801433796476581,-0.05160293439447501,0.0,0.6099873952480775,0.5050241632084959,-2.2398275103745124,-1.7609994624387026,-0.1694441214836005,0.1748044375696875,0.13391430022296633,-0.09415,0.09415,0.06994,0.0003723189306339696,0.0,-0.0004258483417358444,0.002523980396937297,0.0,-0.0036153638190960474
651,6.510197099996731,circle,5.013461901013799,2.3570407085588663,4.40780003555119,9.935799986124039,124371.0,124371.0,0.0,0.0,8.77,5e-05,1e-08,100.0,0.01,-0.04348986892169747,0.0,0.2385419328290814,-0.046412377629575945,0.0,0.24261547466454736,-0.0042935730663786744,0.0,-0.001330692775430282,0.08097698575327505,0.0,1.6972828201799424,-0.37169930561566966,0.0,-1.1885188319347086,-0.09579247761239905,0.0,0.6133591521559283,0.5050241632084959,-2.2398275103745124,-1.7609994624387026,-0.17723545479592973,0.17187044248200295,0.1361947496193659,-0.09415,0.10222,0.06994,0.00035793030606078545,0.0,-0.00043404034124259767,0.00256457840181769,0.0,-0.0036395014942233626
652,6.520534100010991,circle,5.056684290948236,2.370432593042682,4.015399841591716,10.337000014260411,124371.0,124371.0,0.0,0.0,8.77,5e-05,1e-08,100.0,0.01,-0.04348986892169747,0.0,0.2385419328290814,-0.046439681012261425,0.0,0.24264908082357653,-0.0042935730663786744,0.0,-0.001330692775430282,0.07100752924591468,0.0,1.7093205851405393,-0.36493981681760873,0.0,-1.1970529365064342,-0.10287465088749638,0.0,0.6186091608514153,0.5050241632084959,-2.2398275103745124,-1.7609994624387026,-0.17821213849366851,0.17204027641111436,0.13712469784106834,-0.09684000000000001,0.10222,0.07532,0.0003502964047770998,0.0,-0.0004422621649028953,0.0025995156857868554,0.0,-0.0036648858295922353
653,6.530078599927947,circle,5.013018898183231,2.1384060987132223,4.327999893575907,9.544499916955829,124371.0,124371.0,0.0,0.0,8.77,5e-05,1e-08,100.0,0.01,-0.043764450412660555,0.0,0.23845660181813455,-0.046464923432368896,0.0,0.24268008426078416,-0.0042915267578794705,0.0,-0.0013372774666140944,0.09165710288926357,0.0,1.7307382534560205,-0.36368529264137445,0.0,-1.2073167795501976,-0.09149234245127294,0.0,0.6242573413660962,0.5034901824206102,-2.2398275103745124,-1.7609994624387026,-0.17462792251126652,0.1741422064995278,0.1373258430347566,-0.10222,0.10222,0.07532,6.501309814536515e-05,0.0,-0.0005319022524984856,0.002635459921562976,0.0,-0.0036915801901511265
654,6.540024099871516,circle,4.986261544762309,2.189848836256846,4.355099983513355,9.945499943569303,124371.0,124371.0,0.0,0.0,8.77,5e-05,1e-08,100.0,0.01,-0.0440389006844852,0.0,0.23837084970501723,-0.0464912593349482,0.0,0.2427123634090466,-0.0042894703517052215,0.0,-0.001343859009169672,0.1176750276411006,0.0,1.7540711340439668,-0.3624477580867231,0.0,-1.2177072054336247,-0.07698048101416494,0.0,0.6301567722052874,0.5019562016327246,-2.2398275103745124,-1.7609994624387026,-0.17045037704828245,0.17649823576380308,0.13737517812021577,-0.09684000000000001,0.09684000000000001,0.07532,6.413264645193121e-05,0.0,-0.0005384621440768884,0.0023882260040110734,0.0,-0.0038030515599524655
655,6.550283299991861,circle,5.028612101229864,2.476259317729709,4.477000096812844,10.259200120344758,124371.0,124371.0,0.0,0.0,8.77,5e-05,1e-08,100.0,0.01,-0.0440389006844852,0.0,0.23837084970501723,-0.046518461132935285,0.0,0.24274563194498272,-0.0042894703517052215,0.0,-0.001343859009169672,0.11338744988176108,0.0,1.7680870889709535,-0.3555511044556259,0.0,-1.2264392804779238,-0.08077205017211059,0.0,0.6356345778139206,0.5019562016327246,-2.2398275103745124,-1.7609994624387026,-0.17080372669941313,0.17693969226435302,0.13815050507471022,-0.09415,0.09415,0.07532,0.0003574046860850607,0.0,-0.0004525215716223276,0.0021221557623650276,0.0,-0.003922260668343158
656,6.560483000008389,circle,5.017899152840472,2.2351767933183573,6.395499920472503,10.199700016528368,124371.0,124371.0,0.0,0.0,8.77,5e-05,1e-08,100.0,0.01,-0.044313219091363376,0.0,0.23828467669151224,-0.046545540585035516,0.0,0.2427786785447569,-0.004287403851849538,0.0,-0.001350437391781788,0.13366485789721455,0.0,1.790017843332117,-0.35379832303068004,0.0,-1.2368645668980842,-0.06959712984598812,0.0,0.641510103470194,0.5004222208448389,-2.2398275103745124,-1.7609994624387026,-0.16723901151398768,0.1790499998712573,0.13837698909080356,-0.09415,0.10222,0.07532,9.083424055600017e-05,0.0,-0.0005402687186642947,0.00214148725311614,0.0,-0.003953733134580372
657,6.570272600045428,circle,5.000788897194494,3.2899850654277496,4.240100039169192,9.789600037038326,124371.0,124371.0,0.0,0.0,8.77,5e-05,1e-08,100.0,0.01,-0.04486145772860137,0.0,0.2381110687754231,-0.04657156443488929,0.0,0.2428103692177669,-0.008566481181791033,0.0,-0.0027271692119125333,0.2529725079072734,0.0,1.8434782684117852,-0.35760730816031056,0.0,-1.2491116435106386,-2.772686434889725e-05,0.0,0.650203774357678,0.4973542592690676,-2.2398275103745124,-1.7609994624387026,-0.151795416535357,0.1864446151162565,0.13643539534546045,-0.09146,0.10222,0.07532,-0.00019739270773581397,0.0,-0.0006346791946217423,0.001907499414023734,0.0,-0.0040646212477220755
658,6.5804695000406355,circle,4.870505332640202,1.1557256638039157,6.217499962076545,10.196899995207787,124371.0,124371.0,0.0,0.0,8.77,5e-05,1e-08,100.0,0.01,-0.04501655095362697,0.0,0.23823698386515574,-0.04659870554556014,0.0,0.24284335000806073,-0.012858780416054573,0.0,-0.004101911608183998,0.33457272247929637,0.0,1.865851612443312,-0.35370326194401125,0.0,-1.2556342738336939,0.04747028275117046,0.0,0.6515460346124153,0.49582027848118193,-2.238293529586627,-1.7609994624387026,-0.14208830133773223,0.1900070196263356,0.13456545376116555,-0.08339,0.10491,0.07263,0.00020231905022843975,0.0,-0.00033802170846294107,0.0013798355417047317,0.0,-0.004268344434442053
659,6.590147600043565,circle,5.1145594699734245,6.1950102491650885,5.052899941802025,9.678100002929568,124371.0,124371.0,0.0,0.0,8.77,5e-05,1e-08,100.0,0.01,-0.045682810570082916,0.0,0.23784750524988113,-0.04662449832666704,0.0,0.24287462597063117,-0.01710768048162406,0.0,-0.005533125294487473,0.4643181644625233,0.0,1.9399707965941868,-0.35960886402364034,0.0,-1.272213609662839,0.12310911358931566,0.0,0.6667540580568475,0.49275231690541066,-2.2398275103745124,-1.7609994624387026,-0.125269294463158,0.19927526698239034,0.13311157108088895,-0.07801000000000001,0.10491,0.07263,-0.00030604550704070696,0.0,-0.0008591894902183319,0.0012477332636248323,0.0,-0.004167931230531707
660,6.6003616999369115,circle,5.152035321614919,2.6560160529347803,4.361400147899985,10.214099893346429,124371.0,124371.0,0.0,0.0,8.77,5e-05,1e-08,100.0,0.01,-0.045682810570082916,0.0,0.23784750524988113,-0.046651753947980074,0.0,0.2429076057118875,-0.021384600602030075,0.0,-0.006916406618109341,0.5306764073711608,0.0,1.9806844887373274,-0.3530121588411579,0.0,-1.2816626457714717,0.16020046960507967,0.0,0.6760882619089392,0.49275231690541066,-2.2398275103745124,-1.7609994624387026,-0.11770410025860742,0.20318606891070157,0.1321384341829508,-0.06994,0.11029,0.07263,0.00034186048351190937,0.0,-0.000489676583000343,0.0006270828943852485,0.0,-0.004570423879006019
661,6.610044199973345,circle,5.230008917588107,2.446633817777525,4.381699953228235,9.68250003643334,124371.0,124371.0,0.0,0.0,8.77,5e-05,1e-08,100.0,0.01,-0.04595632424279693,0.0,0.23775881112692365,-0.04667762358740536,0.0,0.24293884206636007,-0.025648758971776618,0.0,-0.008339042444695282,0.6146498332023741,0.0,2.024439293646635,-0.35189894207334094,0.0,-1.2926668467564053,0.20869666401553086,0.0,0.6847997760001049,0.4912183361175251,-2.2398275103745124,-1.7609994624387026,-0.10735329570938992,0.20850469522259935,0.13117193999515828,-0.06725,0.11029,0.07532,5.769013651088484e-05,0.0,-0.0005702697582061714,0.0006636092080975489,0.0,-0.004609761181230248
662,6.620367399882525,circle,5.041615621951973,3.676529386116332,4.231099970638752,10.323199909180403,124371.0,124371.0,0.0,0.0,8.77,5e-05,1e-08,100.0,0.01,-0.04556463996132211,0.0,0.23806121838177474,-0.04670523991427012,0.0,0.24297211644901714,-0.02569227082315595,0.0,-0.00828268497186643,0.5679071576485363,0.0,2.004894241468416,-0.3389020992289605,0.0,-1.2965280053110901,0.17960241032261787,0.0,0.6820949010510166,0.49275231690541066,-2.238293529586627,-1.7609994624387026,-0.11373082810065216,0.20474910081603376,0.13182321895883733,-0.05918,0.11836,0.07263,0.000673534265364321,0.0,-0.0002000964866409275,0.0004670656875836903,0.0,-0.0047108015806014755
663,6.630466399947181,circle,4.923348078124743,1.2273781183582744,4.633400123566389,10.099000064656138,124371.0,124371.0,0.0,0.0,8.77,5e-05,1e-08,100.0,0.01,-0.045720310996018615,0.0,0.2381864184106395,-0.04673229126046616,0.0,0.2430046392692909,-0.02142523768544354,0.0,-0.006920903074550948,0.5056780260257928,0.0,1.978275062935441,-0.3373268226466327,0.0,-1.3042018185487916,0.1435426156990565,0.0,0.6775512265957322,0.4912183361175251,-2.2367595487987413,-1.7609994624387026,-0.11981611512835214,0.20144074802380557,0.13350817018165306,-0.06187,0.11567000000000001,0.07263,8.163542241203031e-05,0.0,-0.00039767936132528714,0.0009303448420355125,0.0,-0.004420541497326097
664,6.640206399839371,circle,4.95942469909511,2.5514581151701465,4.2153000831604,9.739999892190099,124371.0,124371.0,0.0,0.0,8.77,5e-05,1e-08,100.0,0.01,-0.045720310996018615,0.0,0.2381864184106395,-0.046758413551659356,0.0,0.24303597884741795,-0.019575306533905386,0.0,-0.0035813290052731667,0.4737049032664892,0.0,1.939774309076885,-0.3340739929822978,0.0,-1.3150181027967858,0.12727720192746653,0.0,0.6661981351852814,0.4912183361175251,-2.2367595487987413,-1.7609994624387026,-0.12347999192915633,0.19836161159429966,0.13296736118498334,-0.06725,0.11836,0.06994,0.0001685711110425924,0.0,-0.0005605313653611341,0.0008695314445981484,0.0,-0.004289029071417315
665,6.650213500019163,circle,4.996546284340206,2.645076986562442,4.188999999314547,10.00710017979145,124371.0,124371.0,0.0,0.0,8.77,5e-05,1e-08,100.0,0.01,-0.045720310996018615,0.0,0.2381864184106395,-0.04678528547309808,0.0,0.243068150084413,-0.015290258996816679,0.0,-0.002197148390362977,0.40381168774191567,0.0,1.933541821980814,-0.33122208856991087,0.0,-1.3261590403942596,0.08525991312042694,0.0,0.6697256351034443,0.4912183361175251,-2.2367595487987413,-1.7609994624387026,-0.13084099734730473,0.19570478760880924,0.135230389322477,-0.06725,0.11298000000000001,0.07532,0.00014779399630248584,0.0,-0.0005773558478803266,0.0009171804807769767,0.0,-0.004304375825893155
666,6.660474800039083,circle,5.069953952470704,3.496040540885191,3.8739999290555716,10.261300019919872,124371.0,124371.0,0.0,0.0,8.77,5e-05,1e-08,100.0,0.01,-0.045994344510685056,0.0,0.2380976663640239,-0.046812874987127315,0.0,0.24310110927259282,-0.011003951435351041,0.0,-0.0008298485951155317,0.3644302266602029,0.0,1.9377547932229908,-0.33407277037333305,0.0,-1.339069332424264,0.061765681002316296,0.0,0.6741680042708855,0.4896843553296394,-2.2367595487987413,-1.7609994624387026,-0.13358756107882613,0.19504203631058653,0.13680739701732336,-0.07263,0.10491,0.07263,-0.00014773063714359504,0.0,-0.0006690489499784997,0.0009662611135858536,0.0,-0.004334393958590412
667,6.670523099834099,circle,5.156648970827881,3.4862849298835945,4.017899977043271,10.048299795016646,124371.0,124371.0,0.0,0.0,8.77,5e-05,1e-08,100.0,0.01,-0.046268241559056816,0.0,0.23800849405984756,-0.04683992611465674,0.0,0.24313335555819351,-0.006721884752469105,0.0,0.0005505929800023604,0.3308602684034873,0.0,1.9435107290052527,-0.33708558499120894,0.0,-1.3519237944733964,0.041668588432688655,0.0,0.6786641215652368,0.4881503745417538,-2.2367595487987413,-1.7609994624387026,-0.13569834295424038,0.19455988091833137,0.1381194177567266,-0.07532,0.11298000000000001,0.07801000000000001,-0.00015613283199830718,0.0,-0.0006661556776967588,0.0007278173875982303,0.0,-0.004458705820649197
668,6.680162600008771,circle,5.335610624308502,5.450388968071948,4.162400029599667,9.639500174671412,124371.0,124371.0,0.0,0.0,8.77,5e-05,1e-08,100.0,0.01,-0.04681562367921416,0.0,0.237828889519125,-0.04686590858372151,0.0,0.2431642631857591,-0.006723542313874351,0.0,0.0005299679375078796,0.3913300349430941,0.0,1.979838504427651,-0.34514137304967557,0.0,-1.3663329487567262,0.07720676014589038,0.0,0.686193356114268,0.48508241296598253,-2.2367595487987413,-1.7609994624387026,-0.12638399684691687,0.19912625781752347,0.13734821451010457,-0.07532,0.1076,0.07801000000000001,-0.00041747440950526334,0.0,-0.0007467243592116464,0.0004677593140126189,0.0,-0.004588649307422439
669,6.690354499965906,circle,5.569093719963797,5.315405865928116,4.074500175192952,10.19189995713532,124371.0,124371.0,0.0,0.0,8.77,5e-05,1e-08,100.0,0.01,-0.047362452204321656,0.0,0.2376476064789781,-0.04689341391808328,0.0,0.24319691345803257,-0.010997262973720593,0.0,-0.0009142226069070083,0.5200469733351674,0.0,2.0392342617790384,-0.35290811010781586,0.0,-1.3806664092170005,0.1526396717839917,0.0,0.6966406126706008,0.48201445139021115,-2.2367595487987413,-1.7609994624387026,-0.10978528511362651,0.2070120179588555,0.13513356139436788,-0.06725,0.11029,0.07532,-0.00040249494445450417,0.0,-0.0007428016847502647,-6.654334178387406e-05,0.0,-0.0048065052943042155
670,6.700452599907294,circle,5.848645738422385,5.18143481274963,4.0889999363571405,10.098099941387773,124371.0,124371.0,0.0,0.0,8.77,5e-05,1e-08,100.0,0.01,-0.04790872198742094,0.0,0.23746464664571199,-0.046920700462622936,0.0,0.24322923426670467,-0.02133869427878221,0.0,-0.007183302566482091,0.7385363566242155,0.0,2.1703470487140164,-0.36037229340890126,0.0,-1.3949267636405553,0.27737677625787127,0.0,0.7260072398769415,0.4789464898144399,-2.2367595487987413,-1.7609994624387026,-0.08344218548216109,0.22124752087567276,0.13287311495810758,-0.06187,0.11567000000000001,0.07532,-0.0003868157272068144,0.0,-0.0007390131169169069,-0.0006012057975911879,0.0,-0.0050255745040757825
671,6.710228999843821,circle,6.015982498501711,3.2458245355740565,4.1016999166458845,9.776399936527014,124371.0,124371.0,0.0,0.0,8.77,5e-05,1e-08,100.0,0.01,-0.04818164574372971,0.0,0.23737253846919554,-0.04694715027481128,0.0,0.2432604979085513,-0.025593180152946423,0.0,-0.008659232700570946,0.8362995829327629,0.0,2.2200837766867383,-0.36260319863565826,0.0,-1.4074692629388612,0.3341467587772072,0.0,0.7359659584792233,0.4774125090265543,-2.2367595487987413,-1.7609994624387026,-0.0713593418217343,0.2270585852898967,0.131190975276203,-0.048420000000000005,0.12105,0.07532,-0.0001156120090850428,0.0,-0.0006499888589766648,-0.0011188834598333912,0.0,-0.005237970580379107
672,6.720481799915433,circle,5.808976929538604,1.4123835203905202,3.881599986925721,10.252800071612,124371.0,124371.0,0.0,0.0,8.77,5e-05,1e-08,100.0,0.01,-0.0480661066218786,0.0,0.23758768564403296,-0.04697492334530048,0.0,0.24329325590692763,-0.02989482602689324,0.0,-0.010083043089956013,0.8865555157471301,0.0,2.2336182997696876,-0.3576534023751057,0.0,-1.414260337448729,0.362167437206774,0.0,0.7370105259300934,0.4774125090265543,-2.235225568010856,-1.7609994624387026,-0.06606048395569891,0.22858098056195492,0.12986492554779092,-0.04304,0.12374,0.06994,0.0002565128645451171,0.0,-0.00035193326839497857,-0.0013476961411232411,0.0,-0.005353636994499693
673,6.730530000058934,circle,5.835454125590304,2.651736885498678,5.365599878132343,10.048200143501163,124371.0,124371.0,0.0,0.0,8.77,5e-05,1e-08,100.0,0.01,-0.0480661066218786,0.0,0.23758768564403296,-0.047002176299986445,0.0,0.24332533125194805,-0.02989482602689324,0.0,-0.010083043089956013,0.8785515033969072,0.0,2.243902824438873,-0.35593607186801024,0.0,-1.4256461892044998,0.35646063569611647,0.0,0.7413709776803314,0.4774125090265543,-2.235225568010856,-1.7609994624387026,-0.06717550647860057,0.22872277568787824,0.13086608269899763,-0.03766,0.12643000000000001,0.06994,8.899707069894578e-05,0.0,-0.0005900480131747444,-0.0011529273925911022,0.0,-0.005147597594740348
674,6.740088599966839,circle,5.398859131662919,0.7368077248578577,4.278300097212195,9.558599907904863,124371.0,124371.0,0.0,0.0,8.77,5e-05,1e-08,100.0,0.01,-0.0478340389641294,0.0,0.23801744702429942,-0.047028132660730394,0.0,0.24335581708956108,-0.028147852072518752,0.0,-0.006687627941183954,0.8224011268290972,0.0,2.1608135555884505,-0.3511392981081803,0.0,-1.4293652411992848,0.32579370612738706,0.0,0.716140369986934,0.4774125090265543,-2.2321576064350843,-1.7609994624387026,-0.07404967198860937,0.22174430511831658,0.1295914330003217,-0.03497,0.12912,0.07263,0.000248582792692866,0.0,-0.0001927321106481323,-0.0010544890960918684,0.0,-0.005145637954613534
675,6.750193999847397,circle,5.198271218925118,1.4296383191150894,4.05939994379878,10.105399880558252,124371.0,124371.0,0.0,0.0,8.77,5e-05,1e-08,100.0,0.01,-0.04771751097430896,0.0,0.23823206021845827,-0.04705560702505549,0.0,0.24338801859954204,-0.023892589615707973,0.0,-0.005238786199277265,0.738493027844682,0.0,2.122865811264926,-0.34964072139864105,0.0,-1.4376860695115026,0.2763026747718999,0.0,0.7093931541760342,0.4774125090265543,-2.230623625647199,-1.7609994624387026,-0.08399817931807183,0.21655795902127278,0.13153213931971267,-0.040350000000000004,0.12374,0.07263,7.766061152214055e-05,0.0,-0.00043120956770792765,-0.0007395645607756065,0.0,-0.004724748813375836
676,6.7604378999676555,circle,5.000949716164673,1.6200510513085882,3.8882000371813774,10.243900120258331,124371.0,124371.0,0.0,0.0,8.77,5e-05,1e-08,100.0,0.01,-0.047600653909201776,0.0,0.2384464944084869,-0.04708349270581011,0.0,0.24342063175613965,-0.011676922238983523,0.0,0.004335495354042927,0.5395985670522033,0.0,1.9689320353501214,-0.3490877890207766,0.0,-1.4466692102958256,0.16654030756096597,0.0,0.6700544791149892,0.4774125090265543,-2.229089644859313,-1.7609994624387026,-0.10643347064875011,0.20209053093445645,0.13241884623761419,-0.048420000000000005,0.12105,0.07263,2.8654566911391773e-05,0.0,-0.0004655325298059043,-0.0005458157703030585,0.0,-0.004508604817846853
677,6.770422999979928,circle,4.925845151149989,2.8637715369918904,3.9601000025868416,9.985100012272596,124371.0,124371.0,0.0,0.0,8.77,5e-05,1e-08,100.0,0.01,-0.0477582270978744,0.0,0.23856929183713577,-0.047110707543159186,0.0,0.24345239217189946,-0.005565067129029407,0.0,0.009104294103429887,0.4626123373552767,0.0,1.8970247184668099,-0.35426461255979796,0.0,-1.457457587138311,0.12527131039368194,0.0,0.6502585232463659,0.4758785282386686,-2.2275556640714274,-1.7609994624387026,-0.11396886972472947,0.19600986129706494,0.132245902396276,-0.056490000000000005,0.11567000000000001,0.07532,-0.00026827807960943953,0.0,-0.0005590851222933646,-0.00037924147510577785,0.0,-0.004324015212470326
678,6.7806993999984115,circle,4.8558092628622385,2.787931173552786,3.6353999748826027,10.2764000184834,124371.0,124371.0,0.0,0.0,8.77,5e-05,1e-08,100.0,0.01,-0.04791598846997705,0.0,0.2386918474071581,-0.0471387509931558,0.0,0.24348504941645452,0.0005526891465520953,0.0,0.013880641298135602,0.39119729288956057,0.0,1.8269353802040051,-0.3594575246842147,0.0,-1.4680608989957342,0.08730050907292788,0.0,0.6306787366856949,0.474344547450783,-2.226021683283542,-1.7609994624387026,-0.12097899575502578,0.1901036128009975,0.13187962857585284,-0.06456,0.11029,0.07532,-0.00026911183698227173,0.0,-0.0005494945155397795,-0.0005081256398389775,0.0,-0.004243707493756642
679,6.790429699933156,circle,5.022026633708739,5.085503513055583,3.894199850037694,9.730299934744835,124371.0,124371.0,0.0,0.0,8.77,5e-05,1e-08,100.0,0.01,-0.04819079471938913,0.0,0.2385997266401404,-0.0471653365586013,0.0,0.24351594338375063,0.0005313958687004923,0.0,0.0138814727782686,0.4240224886780387,0.0,1.8510458513436103,-0.3664911420930203,0.0,-1.4823718529052192,0.10605797281074021,0.0,0.636423321799764,0.47281056666289734,-2.226021683283542,-1.7609994624387026,-0.11587226404965334,0.19271122090445764,0.13155294814929755,-0.06456,0.10491,0.07263,-0.00036450254812019783,0.0,-0.0007416353297106304,-0.0006609556126676296,0.0,-0.0041745814138996
680,6.800489699933678,circle,5.1227500549509,4.535467908725883,4.05100011266768,10.06000000052154,124371.0,124371.0,0.0,0.0,8.77,5e-05,1e-08,100.0,0.01,-0.04862378302730627,0.0,0.23862901270027798,-0.04719285602822426,0.0,0.2435478556586166,-0.0037914030603156163,0.0,0.012420869864909933,0.5398950673097896,0.0,1.887291943124945,-0.37618744487996836,0.0,-1.4938937931801983,0.17396540260640142,0.0,0.6397916071420022,0.46974260508712606,-2.224487702495656,-1.7609994624387026,-0.10121805721489674,0.19848400576778064,0.12906787900986402,-0.06187,0.09953000000000001,0.07263,-0.0005024906627367631,0.0,-0.0005971005167640731,-0.0009284363363452475,0.0,-0.004321742441574564
681,6.810261999955401,circle,5.495550865728139,7.2350846664784285,4.102800041437149,9.772300021722913,124371.0,124371.0,0.0,0.0,8.77,5e-05,1e-08,100.0,0.01,-0.04917305778619639,0.0,0.23844217853989857,-0.04721962066103506,0.0,0.24357882751718393,-0.008120672785936195,0.0,0.010942199224177043,0.6714314457794233,0.0,1.9447402828807387,-0.3877748545928659,0.0,-1.5089764378246058,0.25099806077225656,0.0,0.6494217822481277,0.4666746435113548,-2.224487702495656,-1.7609994624387026,-0.08426104567135656,0.2062935051972733,0.12656623239390724,-0.056490000000000005,0.1076,0.06994,-0.0006004933337966658,0.0,-0.0007816265920855036,-0.0013529437913646692,0.0,-0.004355022385199854
682,6.820535499835387,circle,5.901307553618729,6.877801687390173,3.946000011637807,10.273499879986048,124371.0,124371.0,0.0,0.0,8.77,5e-05,1e-08,100.0,0.01,-0.049721756760968974,0.0,0.23825366010758506,-0.04724779215277823,0.0,0.24361135830362196,-0.01423935189563281,0.0,0.006069537638995109,0.8312087081769672,0.0,2.0565017212827197,-0.39896118722709767,0.0,-1.523766841692179,0.34109054117595744,0.0,0.6765721574935183,0.4636066819355835,-2.224487702495656,-1.7609994624387026,-0.06420380039684907,0.21755693912059124,0.12548381175640627,-0.048420000000000005,0.11298000000000001,0.07532,-0.0005797083509536611,0.0,-0.0007664818235219905,-0.0018942562572370819,0.0,-0.0045912163725149125
683,6.8301102998666465,circle,5.877190628923323,1.6214639959488444,4.747400060296059,9.574800031259656,124371.0,124371.0,0.0,0.0,8.77,5e-05,1e-08,100.0,0.01,-0.049881010199300094,0.0,0.23837427047468066,-0.04727407919826263,0.0,0.2436416493716781,-0.022832918345937835,0.0,0.003082527277294915,0.9846119614316241,0.0,2.10564854457949,-0.4024577267973013,0.0,-1.5320642756829657,0.42996867189740484,0.0,0.681978163470886,0.46207270114769783,-2.2229537217077704,-1.7609994624387026,-0.0469357910058599,0.22447624140026406,0.12214107265964788,-0.03497,0.11836,0.06456,-0.0001812008684673092,0.0,-0.0004299972058068712,-0.0024257301325701524,0.0,-0.0048373816911905666
684,6.840441399952397,circle,5.692459243375329,1.9445349634934805,3.9429001044481993,10.331100085750222,124371.0,124371.0,0.0,0.0,8.77,5e-05,1e-08,100.0,0.01,-0.04960654780655856,0.0,0.2384689842640152,-0.047302476670347454,0.0,0.24367430350847735,-0.02463181368226931,0.0,-0.00024724593330702736,0.9813821473538791,0.0,2.156503372686978,-0.39772826065141675,0.0,-1.5407163793664422,0.4228715250243187,0.0,0.7007754990140873,0.4636066819355835,-2.2229537217077704,-1.7609994624387026,-0.04860882753119179,0.22604027241450925,0.12446744238616217,-0.02959,0.12105,0.06994,0.0002450947160226487,0.0,-0.0004483772226904527,-0.0025491658522337514,0.0,-0.004756942021771706
685,6.850450299913064,circle,5.467003009341154,0.8829233383428896,3.991000121459365,10.008899960666895,124371.0,124371.0,0.0,0.0,8.77,5e-05,1e-08,100.0,0.01,-0.049491008684707447,0.0,0.23868413143885261,-0.047330022175715455,0.0,0.24370590992979582,-0.024652451308959905,0.0,-0.00023616304446789842,0.9611355688023333,0.0,2.1447142888636264,-0.3970679046144395,0.0,-1.5473277405592363,0.409924900282409,0.0,0.6982372887792077,0.4636066819355835,-2.221419740919885,-1.7609994624387026,-0.05111499670980171,0.2243753769507526,0.12510694978154668,-0.024210000000000002,0.12374,0.06456,3.422157392914647e-05,0.0,-0.00034262000066985574,-0.0021952080829211375,0.0,-0.0046791584902733515
686,6.860492500010878,circle,5.054303719661948,0.94271224516321,3.908199956640601,10.042200097814202,124371.0,124371.0,0.0,0.0,8.77,5e-05,1e-08,100.0,0.01,-0.04909987278990989,0.0,0.23899303830230845,-0.047357692604317866,0.0,0.24373759247435867,-0.020368997152312093,0.0,0.001278025054597343,0.8506514388197356,0.0,2.09823657919032,-0.3924406553164501,0.0,-1.5523996412081476,0.3440770406401196,0.0,0.6907160799889959,0.4651406627234691,-2.2198857601319992,-1.7609994624387026,-0.06503277301703742,0.21745953930307693,0.12750670458817095,-0.0269,0.12643000000000001,0.06456,0.00023979754113339236,0.0,-0.0002628406697279661,-0.001981977726725416,0.0,-0.004481713502322253
687,6.870498300064355,circle,4.8333071182629315,1.1004566213015001,3.98750021122396,10.005800053477287,124371.0,124371.0,0.0,0.0,8.77,5e-05,1e-08,100.0,0.01,-0.04898334480008948,0.0,0.23920765149646728,-0.047385295857467716,0.0,0.24376913122090282,-0.011765361859658435,0.0,0.004211270071547948,0.702331126881679,0.0,2.039527238023943,-0.3940405978692044,0.0,-1.559642776916732,0.2575210638080741,0.0,0.6817903192793763,0.4651406627234691,-2.218351779344114,-1.7609994624387026,-0.08155503407750739,0.20941682157709543,0.13081703511109333,-0.040350000000000004,0.12105,0.07263,-8.291368486929604e-05,0.0,-0.0003753603968925448,-0.001515135257752467,0.0,-0.004186119327543002
688,6.880462700035423,circle,4.206947313472378,0.6104771146419679,4.076799843460321,9.964399971067905,124371.0,124371.0,0.0,0.0,8.77,5e-05,1e-08,100.0,0.01,-0.048472904818122456,0.0,0.23972931665410366,-0.04741281772577914,0.0,0.24380051071174566,-0.0012853879105626572,0.0,0.010480555280682893,0.4889602909328637,0.0,1.8995855244367377,-0.3887273614637732,0.0,-1.5611571661111285,0.13650657176975498,0.0,0.6494759402460907,0.4666746435113548,-2.2152838177683423,-1.7609994624387026,-0.10757336450082919,0.19415108012782067,0.13328860532438486,-0.04304,0.11567000000000001,0.07263,0.00027534739181579314,0.0,-7.848006056061091e-05,-0.001335434484159108,0.0,-0.003992713997081392
689,6.890473699895665,circle,4.395063826865266,5.635697193247948,3.8681000005453825,10.01099986024201,124371.0,124371.0,0.0,0.0,8.77,5e-05,1e-08,100.0,0.01,-0.04874930186956426,0.0,0.23963634036780976,-0.04744050126235253,0.0,0.24383200801584645,0.003018354497345963,0.0,0.011935389501763786,0.44710956734396734,0.0,1.8931751264968193,-0.39878500971361125,0.0,-1.5745969790318868,0.11255081769002348,0.0,0.6503292789680243,0.4651406627234691,-2.2152838177683423,-1.7609994624387026,-0.11006282475499282,0.1929969706335855,0.13409852508747658,-0.05918,0.1076,0.07532,-0.0005212166374834657,0.0,-0.0006964902654134123,-0.0007875839697282655,0.0,-0.0034991773826232816
690,6.900455999886617,circle,4.592581259563498,5.728398784875704,3.9065999444574118,9.982299990952015,124371.0,124371.0,0.0,0.0,8.77,5e-05,1e-08,100.0,0.01,-0.04902555597203059,0.0,0.23954294020330655,-0.047468138298035104,0.0,0.24386338610788866,0.00914702542747494,0.0,0.016754310832047377,0.39352336691980666,0.0,1.8487728210279508,-0.40898096721462157,0.0,-1.588104843033328,0.08461908103594933,0.0,0.6383406916760865,0.4636066819355835,-2.2152838177683423,-1.7609994624387026,-0.11441491819741366,0.18950071580701677,0.13386043807073567,-0.05918,0.10491,0.07801000000000001,-0.0005283842258737262,0.0,-0.0007000168706962381,-0.0010290334481217636,0.0,-0.0036204290338858716
691,6.910245799925178,circle,4.798042117575586,4.869802428759483,5.529700079932809,9.789800038561225,124371.0,124371.0,0.0,0.0,8.77,5e-05,1e-08,100.0,0.01,-0.04930166647546891,0.0,0.23944911638037356,-0.047495274221290684,0.0,0.24389413102445226,0.009121313885225567,0.0,0.01676832247729346,0.4315007846369061,0.0,1.8757630054082155,-0.4181404915069852,0.0,-1.600737864689908,0.10617264575288111,0.0,0.6446707902393506,0.46207270114769783,-2.2152838177683423,-1.7609994624387026,-0.1088939374617926,0.19238807770208743,0.13357061263883235,-0.06187,0.11029,0.07532,-0.0004746732371248702,0.0,-0.0006546799913393735,-0.0013317190170533538,0.0,-0.0037903346527393307
692,6.920571999857202,circle,5.011763829025959,4.201592614986069,4.283500136807561,10.326199932023883,124371.0,124371.0,0.0,0.0,8.77,5e-05,1e-08,100.0,0.01,-0.04957763273016447,0.0,0.23935486911978734,-0.04752393110922761,0.0,0.24392653034193562,0.0029633967558351355,0.0,0.011949153365176777,0.5593119185964358,0.0,1.9738722965338784,-0.426387144923659,0.0,-1.6126572748336443,0.176335487551767,0.0,0.6694106798218826,0.46053872035981225,-2.2152838177683423,-1.7609994624387026,-0.09365061743206024,0.201579924269776,0.1332494854948483,-0.06187,0.10491,0.07263,-0.00042736560849595184,0.0,-0.0006176985634792501,-0.0016263360124409037,0.0,-0.0039539626586690265
693,6.930508799850941,circle,5.231168569245123,3.791110754801541,3.7698999512940645,9.936799993738532,124371.0,124371.0,0.0,0.0,8.77,5e-05,1e-08,100.0,0.01,-0.04985345408674208,0.0,0.2392601986433208,-0.04755154041181904,0.0,0.24395767860954315,-0.0031796994607982674,0.0,0.007111142833081328,0.6860920885837868,0.0,2.071458531080985,-0.4341043479104398,0.0,-1.624059042933414,0.24605496070164437,0.0,0.694094081929793,0.45900473957192656,-2.2152838177683423,-1.7609994624387026,-0.07847129879040052,0.2107013589466711,0.13290320780587728,-0.0538,0.11029,0.07801000000000001,-0.0003999279445482764,0.0,-0.0005908728444966298,-0.0019019857303747604,0.0,-0.004106607121725727
694,6.940498200012371,circle,5.247176136011396,1.8204064455725744,3.858699928969145,9.98940016143024,124371.0,124371.0,0.0,0.0,8.77,5e-05,1e-08,100.0,0.01,-0.04985345408674208,0.0,0.2392601986433208,-0.0475793285183968,0.0,0.2439889627843756,-0.009304462425948859,0.0,0.0022686005693249734,0.7816434820666756,0.0,2.158172429231175,-0.4362320885407632,0.0,-1.6333592064851326,0.29686183085931866,0.0,0.7176831038724153,0.45900473957192656,-2.2152838177683423,-1.7609994624387026,-0.06804296219389036,0.21781378805755275,0.13330343020103144,-0.04573,0.11567000000000001,0.07801000000000001,-0.00011026571910505937,0.0,-0.00048196157332815355,-0.002163859849240216,0.0,-0.00424680256772665
695,6.950291599845514,circle,5.263106217289299,1.8158710048442648,4.002199973911047,9.793399833142757,124371.0,124371.0,0.0,0.0,8.77,5e-05,1e-08,100.0,0.01,-0.04985345408674208,0.0,0.2392601986433208,-0.04760660315378895,0.0,0.24401960490246247,-0.015429225391099451,0.0,-0.0025739416944313784,0.8716624834655612,0.0,2.24271455742424,-0.4384855615149097,0.0,-1.642617468190065,0.34449383736014033,0.0,0.7409382684220729,0.45900473957192656,-2.2152838177683423,-1.7609994624387026,-0.058070352391013005,0.22469441035558552,0.1337827785378985,-0.03766,0.11836,0.07801000000000001,-0.00011678153551089414,0.0,-0.0004797900975374242,-0.002130069397442232,0.0,-0.00427961616160425
696,6.960395500063896,circle,5.279784594773287,1.9809269033750292,3.913199994713068,10.103900218382478,124371.0,124371.0,0.0,0.0,8.77,5e-05,1e-08,100.0,0.01,-0.04985345408674208,0.0,0.2392601986433208,-0.04763477545364843,0.0,0.24405118919750257,-0.017243190685000034,0.0,-0.005933187166550185,0.8976967072124356,0.0,2.305292107064312,-0.44135769788069157,0.0,-1.6521462235056934,0.3551490129508643,0.0,0.7614742505898432,0.45900473957192656,-2.2152838177683423,-1.7609994624387026,-0.05495669666283236,0.228485284432001,0.13560401163628033,-0.0269,0.12374,0.07263,-0.00014884247507770433,0.0,-0.0004938078645865037,-0.0020698361580159443,0.0,-0.004297182689595275
697,6.970421500038356,circle,5.100708026307876,1.3424224520452581,4.085399908944964,10.02599997445941,124371.0,124371.0,0.0,0.0,8.77,5e-05,1e-08,100.0,0.01,-0.04957763273016447,0.0,0.23935486911978734,-0.047662763565024344,0.0,0.24408250049818786,-0.012939203844066226,0.0,-0.004430047102097772,0.8031186502689831,0.0,2.285473031851662,-0.4394476803644945,0.0,-1.6601132151393085,0.29840168333461337,0.0,0.7623112119881049,0.46053872035981225,-2.2152838177683423,-1.7609994624387026,-0.06638236197235928,0.2240013205792125,0.13825781653436725,-0.02959,0.12643000000000001,0.07801000000000001,9.8982672946711e-05,0.0,-0.0004128727200415584,-0.0020138518380868344,0.0,-0.004314758658358957
698,6.980347299948335,circle,4.876766252661016,0.7436143396537865,4.044200060889125,9.925799909979105,124371.0,124371.0,0.0,0.0,8.77,5e-05,1e-08,100.0,0.01,-0.04946110474034403,0.0,0.2395694823139462,-0.04769050433068877,0.0,0.2441134699099264,-0.008636429098871374,0.0,-0.002947775860709086,0.7213640483693715,0.0,2.2511414060540265,-0.4410816389776995,0.0,-1.6659878126772705,0.25020647483373304,0.0,0.7568472551903958,0.46053872035981225,-2.213749836980457,-1.7609994624387026,-0.07571122645745457,0.21916814118322678,0.14010561862476595,-0.03228,0.12643000000000001,0.07532,-8.467649623515009e-05,0.0,-0.0003044387613530342,-0.0016859239134201082,0.0,-0.004239548834627175
699,6.990456799976528,circle,4.654138694328464,0.8533003774525573,3.821799997240305,10.109500028192997,124371.0,124371.0,0.0,0.0,8.77,5e-05,1e-08,100.0,0.01,-0.049344247675236846,0.0,0.23978391650397482,-0.04771879157804098,0.0,0.24414498282565972,-0.002493951771724972,0.0,0.0018797765634401453,0.6157390248892259,0.0,2.1651226120688047,-0.4432316199636591,0.0,-1.6721556810799396,0.19200462475310254,0.0,0.7346719832018723,0.46053872035981225,-2.212215856192571,-1.7609994624387026,-0.08794845817999582,0.21101768654797864,0.14052484434795678,-0.040350000000000004,0.12374,0.07801000000000001,-0.00011141827913631179,0.0,-0.00031963691207153016,-0.001514037818059555,0.0,-0.0040414294096133676
700,7.000475799897686,circle,4.673720851826645,2.659357961538226,3.896299982443452,10.018999921157956,124371.0,124371.0,0.0,0.0,8.77,5e-05,1e-08,100.0,0.01,-0.049344247675236846,0.0,0.23978391650397482,-0.04774685849774544,0.0,0.2441761840751085,0.0018294050858277888,0.0,0.0033508621664094756,0.5505489484320764,0.0,2.1528419442028484,-0.4477255812443325,0.0,-1.6827751071512833,0.15360984572441092,0.0,0.735637133405222,0.46053872035981225,-2.212215856192571,-1.7609994624387026,-0.09487108232336164,0.20829209610574323,0.14233831397709487,-0.048420000000000005,0.11567000000000001,0.07532,-0.0002328901677120449,0.0,-0.0005503296010575202,-0.0013644990097793632,0.0,-0.003841937970076153
701,7.010467699961737,circle,4.212073377612349,0.12091607917002224,3.953400067985058,9.991900064051151,124371.0,124371.0,0.0,0.0,8.77,5e-05,1e-08,100.0,0.01,-0.049109547419839764,0.0,0.24021224585372597,-0.04777488208862944,0.0,0.24420727158481406,0.0018396767762458143,0.0,0.0033452338614840043,0.5258783481654629,0.0,2.119708455317169,-0.4475732562321746,0.0,-1.6852292059775682,0.13881538440650357,0.0,0.7263215046344051,0.46053872035981225,-2.2091478946168,-1.7609994624387026,-0.09886937328242261,0.20467043689940223,0.142462757224613,-0.056490000000000005,0.12105,0.07532,7.893925962547442e-06,0.0,-0.00012717855173638394,-0.0013425592571728693,0.0,-0.003867847179351708
702,7.020501499995589,circle,4.414029912327218,4.934659365093035,3.8334999699145555,10.033800033852458,124371.0,124371.0,0.0,0.0,8.77,5e-05,1e-08,100.0,0.01,-0.0493866845260644,0.0,0.24011829240210575,-0.04780305591126104,0.0,0.244238459932352,0.003669086178333395,0.0,0.006696103906619284,0.5259588016629747,0.0,2.0861575627829994,-0.4571157022749244,0.0,-1.6977061724268252,0.14259196266222116,0.0,0.7137728089088774,0.45900473957192656,-2.2091478946168,-1.7609994624387026,-0.09737184125317276,0.20348532547162312,0.1407101712114615,-0.048420000000000005,0.11567000000000001,0.08070000000000001,-0.000494517357956889,0.0,-0.0006465927557946539,-0.0010891112568464686,0.0,-0.0034735747744515898
703,7.0305723999626935,circle,4.433224434553238,2.6969263844356597,5.207099951803684,10.070899967104197,124371.0,124371.0,0.0,0.0,8.77,5e-05,1e-08,100.0,0.01,-0.0493866845260644,0.0,0.24011829240210575,-0.047831366843531085,0.0,0.24426973381365416,0.003669086178333395,0.0,0.006696103906619284,0.5323318826972294,0.0,2.102038170054024,-0.4611762244184936,0.0,-1.7085854407452086,0.1451095147163994,0.0,0.7190082360951263,0.45900473957192656,-2.2091478946168,-1.7609994624387026,-0.09669839096516428,0.2043984182823534,0.14127525647732173,-0.05111,0.11029,0.07532,-0.0002104280887067682,0.0,-0.000563795383406826,-0.001344889593826547,0.0,-0.003587646028141586
704,7.040480899857357,circle,3.9703363477780007,0.11552352046665514,3.8625001907348633,9.908499894663692,124371.0,124371.0,0.0,0.0,8.77,5e-05,1e-08,100.0,0.01,-0.04915132749806775,0.0,0.24054626122236533,-0.0478592534162954,0.0,0.2443004742266712,0.0036896122691702183,0.0,0.0066848157965083595,0.507019183497799,0.0,2.0692503814573384,-0.4599856910712236,0.0,-1.7106732162054465,0.13001565550292005,0.0,0.7098781429277432,0.45900473957192656,-2.2060799330410283,-1.7609994624387026,-0.10084873339249419,0.2007650869471183,0.14149044168638159,-0.05111,0.11836,0.07801000000000001,6.169690693706687e-05,0.0,-0.00010819460754389132,-0.0013537709887094169,0.0,-0.003646018396761976
705,7.050460000056773,circle,4.174259230413445,4.342780454462558,3.8664001040160656,9.97910019941628,124371.0,124371.0,0.0,0.0,8.77,5e-05,1e-08,100.0,0.01,-0.04942897692809348,0.0,0.2404522432879478,-0.04788737091040415,0.0,0.24433140440975182,0.00367935355315723,0.0,0.006690467722968009,0.5334413453623423,0.0,2.0849843106332737,-0.4685389458563584,0.0,-1.7226724184832531,0.14550959720100784,0.0,0.7130180959694391,0.457470758784041,-2.2060799330410283,-1.7609994624387026,-0.09627087283247286,0.20278570491047,0.1409072282195849,-0.056490000000000005,0.11029,0.08070000000000001,-0.00044325458476033946,0.0,-0.0006218336243587817,-0.0010983514329289837,0.0,-0.0032573274974452495
706,7.060474300058559,circle,4.192813504589997,2.37566170426381,3.8537001237273216,10.014300001785159,124371.0,124371.0,0.0,0.0,8.77,5e-05,1e-08,100.0,0.01,-0.04942897692809348,0.0,0.2404522432879478,-0.047915620062881886,0.0,0.24436241413879167,-0.0006600303314629911,0.0,0.005217350244071154,0.6032671728892653,0.0,2.1222324117778286,-0.47176064511935206,0.0,-1.7330841301135294,0.1844679479155296,0.0,0.7206688027257613,0.457470758784041,-2.2060799330410283,-1.7609994624387026,-0.08880081514758319,0.20676204517290683,0.1401614674146598,-0.056490000000000005,0.11567000000000001,0.07801000000000001,-0.00016695784293983633,0.0,-0.0005395652334995579,-0.001346399022271754,0.0,-0.003370605617344328
707,7.0704346999991685,circle,4.211562395979218,2.139202922437004,3.8295998238027096,9.960399940609932,124371.0,124371.0,0.0,0.0,8.77,5e-05,1e-08,100.0,0.01,-0.04942897692809348,0.0,0.2404522432879478,-0.047943749411994425,0.0,0.24439322756102583,-0.0006600303314629911,0.0,0.005217350244071154,0.6033402277862902,0.0,2.135997509794134,-0.47450636486982833,0.0,-1.7430551465699247,0.18335052479421815,0.0,0.7256675890673607,0.457470758784041,-2.2060799330410283,-1.7609994624387026,-0.0886959450373527,0.20737363433338823,0.1407997950197595,-0.048420000000000005,0.11298000000000001,0.07532,-0.00014229119772987773,0.0,-0.0005167271255264424,-0.0013429363183691733,0.0,-0.0034242571475515985
708,7.080456000054255,circle,4.230718332624674,2.014703512037649,3.859700169414282,10.021300055086613,124371.0,124371.0,0.0,0.0,8.77,5e-05,1e-08,100.0,0.01,-0.04942897692809348,0.0,0.2404522432879478,-0.04797208317005883,0.0,0.24442419975646631,-0.0006600303314629911,0.0,0.005217350244071154,0.6029141541546355,0.0,2.1493389728315457,-0.47717531393237733,0.0,-1.7527304701564208,0.18196790460689444,0.0,0.7305544607490893,0.457470758784041,-2.2060799330410283,-1.7609994624387026,-0.08864593773418675,0.20794926736508323,0.14143698704083718,-0.05111,0.11298000000000001,0.07532,-0.00013831271699315216,0.0,-0.0005014034594418705,-0.0013185810410414976,0.0,-0.0034705530090766577
709,7.090434399899095,circle,4.250079737770733,1.9136794212509085,3.9258000906556845,9.978399844840169,124371.0,124371.0,0.0,0.0,8.77,5e-05,1e-08,100.0,0.01,-0.04942897692809348,0.0,0.2404522432879478,-0.04800032791327467,0.0,0.24445500980248078,-0.0006600303314629911,0.0,0.005217350244071154,0.6024213749347876,0.0,2.162367006050991,-0.47980483176237215,0.0,-1.7621522325735215,0.1805715148715965,0.0,0.7353329970762755,0.457470758784041,-2.2060799330410283,-1.7609994624387026,-0.08860507699160794,0.20850873170235407,0.14206206696680004,-0.05111,0.11567000000000001,0.08339,-0.00013626927563059935,0.0,-0.00048826318083739764,-0.0012923797391882106,0.0,-0.003514503333695593
710,7.100477200001478,circle,4.269851764861703,1.8508779442874264,6.093299947679043,10.042800102382898,124371.0,124371.0,0.0,0.0,8.77,5e-05,1e-08,100.0,0.01,-0.04942897692809348,0.0,0.2404522432879478,-0.048028787438329695,0.0,0.2444859888781713,-0.002499707108041606,0.0,0.0018721163825871495,0.629182180217933,0.0,2.2248324209721853,-0.4824162079392027,0.0,-1.771410991220201,0.19143553675641967,0.0,0.7557873348143976,0.457470758784041,-2.2060799330410283,-1.7609994624387026,-0.08548064124922126,0.2123015517193182,0.14388983372539638,-0.048420000000000005,0.11836,0.07801000000000001,-0.0001353291223039183,0.0,-0.00047981585050671906,-0.001264860367459863,0.0,-0.003553929739716795
711,7.110549199860543,circle,4.289965116716683,1.8196566861066095,3.9419999811798334,10.071999859064817,124371.0,124371.0,0.0,0.0,8.77,5e-05,1e-08,100.0,0.01,-0.04942897692809348,0.0,0.2404522432879478,-0.04805736241679358,0.0,0.24451702794830035,-0.002499707108041606,0.0,0.0018721163825871495,0.6285952227475805,0.0,2.237468909200041,-0.485035045578565,0.0,-1.780582933420411,0.19001540832604963,0.0,0.7604314490494183,0.457470758784041,-2.2060799330410283,-1.7609994624387026,-0.08545233348836365,0.2128404435832632,0.14450018661561873,-0.048420000000000005,0.11836,0.08070000000000001,-0.00013571579703293164,0.0,-0.00047531676929181725,-0.0012358987142669668,0.0,-0.003589467891060749
712,7.120058999862522,circle,4.3092130710389895,1.7925331953177777,5.012799985706806,9.509800001978874,124371.0,124371.0,0.0,0.0,8.77,5e-05,1e-08,100.0,0.01,-0.04942897692809348,0.0,0.2404522432879478,-0.04808437242831229,0.0,0.24454630679878656,0.0,0.0,0.0,0.591073230425883,0.0,2.2776253237389037,-0.48765307965769844,0.0,-1.789680875898048,0.16400270137669035,0.0,0.7781991195514533,0.457470758784041,-2.2060799330410283,-1.7609994624387026,-0.08922546496997481,0.21349804749149554,0.14762971494677468,-0.04573,0.11836,0.08070000000000001,-0.00013567415420051923,0.0,-0.0004714818880535588,-0.0012089303455806687,0.0,-0.0036225816227852103
713,7.130425599869341,circle,4.330475883391788,1.7992166086646035,4.308799980208278,10.366600006818771,124371.0,124371.0,0.0,0.0,8.77,5e-05,1e-08,100.0,0.01,-0.04942897692809348,0.0,0.2404522432879478,-0.04811384914864243,0.0,0.24457819291201666,0.0,0.0,0.0,0.5903918364570019,0.0,2.2901928447702855,-0.4901500696481982,0.0,-1.7988310601268263,0.16253145938785168,0.0,0.7828261223823545,0.457470758784041,-2.2060799330410283,-1.7609994624387026,-0.08920745745823293,0.21403063122877022,0.14824037315926103,-0.05111,0.12105,0.08608,-0.00012940129683886937,0.0,-0.00047418920781556106,-0.0011857264826121753,0.0,-0.0036517604162533087
714,7.140441899886355,circle,4.351294367658772,1.7902776273731276,3.8948000874370337,10.016300017014146,124371.0,124371.0,0.0,0.0,8.77,5e-05,1e-08,100.0,0.01,-0.04942897692809348,0.0,0.2404522432879478,-0.04814236267910706,0.0,0.24460897114147923,0.0,0.0,0.0,0.5896975136802107,0.0,2.3026918150603404,-0.4925896898519167,0.0,-1.8079722927915314,0.16105819979590055,0.0,0.7874292960287902,0.457470758784041,-2.2060799330410283,-1.7609994624387026,-0.08919127883872252,0.21455973610590962,0.14884832139021803,-0.05111,0.11836,0.08070000000000001,-0.00012642822732833524,0.0,-0.00047372531168293763,-0.001160186021658078,0.0,-0.0036830025418485013
715,7.15002189995721,circle,4.371454513906292,1.7815323495387914,4.274100065231323,9.580000070855021,124371.0,124371.0,0.0,0.0,8.77,5e-05,1e-08,100.0,0.01,-0.04942897692809348,0.0,0.2404522432879478,-0.04816966437933239,0.0,0.24463838070467034,0.0,0.0,0.0,0.5890815461782763,0.0,2.315032831076942,-0.49498147505483175,0.0,-1.8171022424639043,0.15964550574092504,0.0,0.791968430122887,0.457470758784041,-2.2060799330410283,-1.7609994624387026,-0.08916807463361215,0.21508455396324277,0.14944599545365916,-0.048420000000000005,0.12105,0.08339,-0.00012394927820887297,0.0,-0.00047314059414479796,-0.0011353632705522108,0.0,-0.003712996822577754
716,7.160023599863052,circle,4.392757626409131,1.7897529629643627,4.180500051006675,10.001699905842543,124371.0,124371.0,0.0,0.0,8.77,5e-05,1e-08,100.0,0.01,-0.04942897692809348,0.0,0.2404522432879478,-0.04819819933257886,0.0,0.24466905559996202,0.0,0.0,0.0,0.5882798218459471,0.0,2.327500136925164,-0.49727794583466745,0.0,-1.8262790540074407,0.15811016046651585,0.0,0.7965691547196673,0.457470758784041,-2.2060799330410283,-1.7609994624387026,-0.08916328100023321,0.21560855433553244,0.15005647013393075,-0.05111,0.12105,0.08608,-0.00011900980708530484,0.0,-0.00047556911285089477,-0.0011117677884293143,0.0,-0.0037412431991633395
717,7.170482499990612,circle,4.415309696627157,1.8012197784588695,5.28350006788969,10.4589001275599,124371.0,124371.0,0.0,0.0,8.77,5e-05,1e-08,100.0,0.01,-0.04942897692809348,0.0,0.2404522432879478,-0.04822807303020498,0.0,0.24470110072791515,0.0,0.0,0.0,0.5872330637872609,0.0,2.3401632829794425,-0.499477229223156,0.0,-1.8355107462412659,0.15641055402525034,0.0,0.8012617609709888,0.457470758784041,-2.2060799330410283,-1.7609994624387026,-0.08918256659744699,0.21613277063735306,0.1506851927572101,-0.05111,0.12105,0.08339,-0.00011397327328879097,0.0,-0.0004784131901286507,-0.001086930624599705,0.0,-0.003770444249838712
718,7.18042859993875,circle,4.43701310133085,1.7973424140010543,3.8572000339627266,9.946099948137999,124371.0,124371.0,0.0,0.0,8.77,5e-05,1e-08,100.0,0.01,-0.04942897692809348,0.0,0.2404522432879478,-0.04825651456195116,0.0,0.24473154431280705,0.0,0.0,0.0,0.5862494913295961,0.0,2.3527069815408432,-0.5016365599269299,0.0,-1.844741369817807,0.15475911513421833,0.0,0.8059056104017644,0.457470758784041,-2.2060799330410283,-1.7609994624387026,-0.08919613124999567,0.2166538806971296,0.15130599990860935,-0.048420000000000005,0.12105,0.08339,-0.0001119028087559178,0.0,-0.0004783578091944263,-0.0010605595573863992,0.0,-0.0038009432156648404
719,7.190445799846202,circle,4.459121155333173,1.8046563105140248,3.9135999977588654,10.017199907451868,124371.0,124371.0,0.0,0.0,8.77,5e-05,1e-08,100.0,0.01,-0.04942897692809348,0.0,0.2404522432879478,-0.048285191442495067,0.0,0.24476217556593943,0.0,0.0,0.0,0.5851997317732478,0.0,2.3652699313725027,-0.5037260498758018,0.0,-1.8540078064187486,0.1530661456317461,0.0,0.8105620445513403,0.457470758784041,-2.2060799330410283,-1.7609994624387026,-0.08921643789344899,0.21717356027753532,0.15193016916115107,-0.05111,0.12374,0.08070000000000001,-0.00010828345734044983,0.0,-0.0004802137444680039,-0.0010355020282579602,0.0,-0.003829718533523642
720,7.200463799992576,circle,4.481477674393201,1.8129105932287284,3.956699976697564,10.018000146374106,124371.0,124371.0,0.0,0.0,8.77,5e-05,1e-08,100.0,0.01,-0.04942897692809348,0.0,0.2404522432879478,-0.04831390273414349,0.0,0.24479277916362852,0.0,0.0,0.0,0.5840763804390436,0.0,2.3778655922962075,-0.5057484859116256,0.0,-1.8633113155493102,0.1513260433994074,0.0,0.8152365834715409,0.457470758784041,-2.2060799330410283,-1.7609994624387026,-0.0892441611525673,0.2176921496411542,0.152558603417159,-0.05111,0.11836,0.08339,-0.00010480852818992806,0.0,-0.00048213495097190664,-0.0010102656657600606,0.0,-0.003858400924708822
721,7.2104758999776095,circle,4.50406382327643,1.8223423905312812,3.876500064507127,10.012099985033274,124371.0,124371.0,0.0,0.0,8.77,5e-05,1e-08,100.0,0.01,-0.04942897692809348,0.0,0.2404522432879478,-0.04834262917766087,0.0,0.24482333462642122,0.0,0.0,0.0,0.582884379598277,0.0,2.3904929956350314,-0.5077052847525345,0.0,-1.8726541233618892,0.14954186999442282,0.0,0.8199284579470196,0.457470758784041,-2.2060799330410283,-1.7609994624387026,-0.08927879428381533,0.2182097763511801,0.1531910734634809,-0.05111,0.12643000000000001,0.08877,-0.00010140701750099303,0.0,-0.0004841715231794267,-0.0009849407329316133,0.0,-0.0038869198152940107
722,7.2202019998803735,circle,4.526233742709652,1.8279637174256715,4.123299848288298,9.726099902763963,124371.0,124371.0,0.0,0.0,8.77,5e-05,1e-08,100.0,0.01,-0.04942897692809348,0.0,0.2404522432879478,-0.04837056569942148,0.0,0.24485298840266012,0.0,0.0,0.0,0.5817152264029126,0.0,2.4030615218733082,-0.5096128596548776,0.0,-1.882022119084734,0.147776435420864,0.0,0.8245970003653884,0.457470758784041,-2.2060799330410283,-1.7609994624387026,-0.08931146984587765,0.21872558586782487,0.15381995107507257,-0.048420000000000005,0.12643000000000001,0.08339,-9.885608957970469e-05,0.0,-0.00048547683407993824,-0.0009595551390922885,0.0,-0.003915268280632396
723,7.230419900035486,circle,4.5497640500613326,1.8487948775274432,3.777200123295188,10.217900155112147,124371.0,124371.0,0.0,0.0,8.77,5e-05,1e-08,100.0,0.01,-0.04942897692809348,0.0,0.2404522432879478,-0.04839994734752501,0.0,0.2448841109567242,0.0,0.0,0.0,0.5803352528774797,0.0,2.4158149086018543,-0.5114282835603854,0.0,-1.891463728053532,0.14586829613563274,0.0,0.8293505442418795,0.457470758784041,-2.2060799330410283,-1.7609994624387026,-0.08936474659303675,0.2192423052452852,0.15446529060786393,-0.05111,0.12374,0.08608,-9.408055642144795e-05,0.0,-0.0004892916869736639,-0.0009349490241470211,0.0,-0.0039425759818027374
724,7.240311099914834,circle,4.33881200628526,0.5712457677078295,4.07269992865622,9.891199879348278,124371.0,124371.0,0.0,0.0,8.77,5e-05,1e-08,100.0,0.01,-0.049311134290075984,0.0,0.24066613743977,-0.04842842127236971,0.0,0.2449142084554496,0.0,0.0,0.0,0.5659735469942341,0.0,2.4049501378935405,-0.5109107060759499,0.0,-1.8967829763023918,0.13665478972909126,0.0,0.8270109068026952,0.457470758784041,-2.204545952253143,-1.7609994624387026,-0.09151744972796783,0.21760482532593842,0.15485307280095517,-0.048420000000000005,0.11836,0.08608,2.6822373319623826e-05,0.0,-0.00027565894305911585,-0.000909535391025898,0.0,-0.003972412072620473
725,7.250052599934861,circle,4.59564983029559,4.087968070182755,4.179500043392181,9.74150002002716,124371.0,124371.0,0.0,0.0,8.77,5e-05,1e-08,100.0,0.01,-0.04942897692809348,0.0,0.2404522432879478,-0.04845649471045581,0.0,0.24494382159619027,0.0,0.0,0.0,0.5753060016164849,0.0,2.4370701785878675,-0.5149441005275655,0.0,-1.9104990301338267,0.14104251829178144,0.0,0.8375032779789355,0.457470758784041,-2.2060799330410283,-1.7609994624387026,-0.0897371678270367,0.2200093735325186,0.15564250818451614,-0.05111,0.11836,0.08608,-0.00020902225266721994,0.0,-0.0007108058742935656,-0.0007634599649704486,0.0,-0.0037807724339489176
726,7.260062400018796,circle,4.619379459157477,1.9979900694428547,4.163999808952212,10.00980008393526,124371.0,124371.0,0.0,0.0,8.77,5e-05,1e-08,100.0,0.01,-0.04942897692809348,0.0,0.2404522432879478,-0.0484853727993893,0.0,0.2449742204922223,0.0,0.0,0.0,0.5761087147033978,0.0,2.454093043493098,-0.5167246868126728,0.0,-1.920334121183402,0.14009011406113414,0.0,0.8436250370988616,0.457470758784041,-2.2060799330410283,-1.7609994624387026,-0.08953345410949087,0.2207902724714118,0.15640537593224513,-0.048420000000000005,0.12105,0.08608,-9.227516942520038e-05,0.0,-0.0005096830748963846,-0.0008513289592789795,0.0,-0.00401229412937814
727,7.270435199839994,circle,4.644203156720778,1.8842462468001533,3.880700096487999,10.372799821197987,124371.0,124371.0,0.0,0.0,8.77,5e-05,1e-08,100.0,0.01,-0.04942897692809348,0.0,0.2404522432879478,-0.04851533173787165,0.0,0.2450056898317517,0.0,0.0,0.0,0.5745375687258183,0.0,2.4673508580142673,-0.5182445298313355,0.0,-1.929920694582622,0.13802414058229098,0.0,0.8485781268025733,0.457470758784041,-2.2060799330410283,-1.7609994624387026,-0.08960303341203954,0.22132271956360033,0.15708132943847525,-0.04573,0.12105,0.08877,-7.876269362501454e-05,0.0,-0.0004968041661439831,-0.0008348824965968145,0.0,-0.004056642377659924
728,7.28045849991031,circle,4.436699918121646,0.6072848369480445,3.7940999027341604,10.0233000703156,124371.0,124371.0,0.0,0.0,8.77,5e-05,1e-08,100.0,0.01,-0.049311134290075984,0.0,0.24066613743977,-0.0485443137023288,0.0,0.24503606791400728,0.0,0.0,0.0,0.5598238370217818,0.0,2.456661194441631,-0.5174262147837378,0.0,-1.9353699699775968,0.12856205042194424,0.0,0.8463492789485205,0.457470758784041,-2.204545952253143,-1.7609994624387026,-0.09179792251819882,0.21967761451960222,0.1574932869918864,-0.05111,0.12374,0.08339,4.2407470107921506e-05,0.0,-0.0002823973286335737,-0.0008092280578551072,0.0,-0.004087533145603709
729,7.290429899934679,circle,4.461574382455505,1.9285293315062007,3.8026999682188034,9.971400024369359,124371.0,124371.0,0.0,0.0,8.77,5e-05,1e-08,100.0,0.01,-0.049311134290075984,0.0,0.24066613743977,-0.0485731772228687,0.0,0.24506625849914349,0.0,0.0,0.0,0.5557763127391709,0.0,2.465393512510618,-0.5188730266072129,0.0,-1.9450824980791142,0.12538287054386013,0.0,0.8498702497994548,0.457470758784041,-2.204545952253143,-1.7609994624387026,-0.09215800754031732,0.2199237924765931,0.15805100863786609,-0.048420000000000005,0.12105,0.08339,-7.497800429789425e-05,0.0,-0.0005033315058138458,-0.0006629790629093915,0.0,-0.0038967895535596394
730,7.300337200053036,circle,4.486503049767836,2.060123621841803,3.9163001347333193,9.907300118356943,124371.0,124371.0,0.0,0.0,8.77,5e-05,1e-08,100.0,0.01,-0.049311134290075984,0.0,0.24066613743977,-0.04860188640408544,0.0,0.24509622514226462,0.0,0.0,0.0,0.554011507050927,0.0,2.4783650499007237,-0.5204105323886008,0.0,-1.9551145595354795,0.12321899522121588,0.0,0.854740072538307,0.457470758784041,-2.204545952253143,-1.7609994624387026,-0.09225145411857066,0.22043607694004017,0.15872155852937564,-0.05111,0.12374,0.08339,-7.967802945378925e-05,0.0,-0.000519890655292986,-0.0006295698565367518,0.0,-0.003910197047201631
731,7.310374699998647,circle,4.741935451970536,4.306037239111833,3.8590000476688147,10.037499945610762,124371.0,124371.0,0.0,0.0,8.77,5e-05,1e-08,100.0,0.01,-0.04942897692809348,0.0,0.2404522432879478,-0.04863100456557211,0.0,0.2451265552094296,0.0,0.0,0.0,0.5652829845929018,0.0,2.515275727775948,-0.5241366513442762,0.0,-1.9693067369400836,0.12840039283473936,0.0,0.8667844345208776,0.457470758784041,-2.2060799330410283,-1.7609994624387026,-0.09022607729942697,0.22312414940507846,0.15965797331398712,-0.048420000000000005,0.12643000000000001,0.08608,-0.00019309834115265945,0.0,-0.0007354799851462543,-0.0006048740213687086,0.0,-0.0039388319363355675
732,7.32015429995954,circle,4.7663705070928915,2.0162510009909838,4.0843000169843435,9.779599960893393,124371.0,124371.0,0.0,0.0,8.77,5e-05,1e-08,100.0,0.01,-0.04942897692809348,0.0,0.2404522432879478,-0.04865940522257674,0.0,0.24515607653339272,0.0,0.0,0.0,0.5658324169068755,0.0,2.5326787125932233,-0.5254580424874822,0.0,-1.9792599512699476,0.12726318874453826,0.0,0.8730657875237605,0.457470758784041,-2.2060799330410283,-1.7609994624387026,-0.09004599984207609,0.2239131342567845,0.1604479805122731,-0.048420000000000005,0.12105,0.09146,-6.847833920552789e-05,0.0,-0.0005158045674591846,-0.000701093366311211,0.0,-0.004188028677985748
733,7.330440700054169,circle,4.56352213216,0.6491737372530361,3.8389998953789473,10.286400094628334,124371.0,124371.0,0.0,0.0,8.77,5e-05,1e-08,100.0,0.01,-0.049311134290075984,0.0,0.24066613743977,-0.04868931027077443,0.0,0.2451870963136964,0.0,0.0,0.0,0.5508174747194873,0.0,2.5224249913678376,-0.5242233618222827,0.0,-1.9848218080208568,0.11755593938043628,0.0,0.871043584316401,0.457470758784041,-2.204545952253143,-1.7609994624387026,-0.09227782127151256,0.22227278390741878,0.1608950733743143,-0.05111,0.12374,0.08877,6.398474958512585e-05,0.0,-0.0002882316225287125,-0.0006858087688866793,0.0,-0.0042327272513976825
734,7.340453400043771,circle,4.589551948874538,1.9475528714593817,6.6686999052762985,10.01269998960197,124371.0,124371.0,0.0,0.0,8.77,5e-05,1e-08,100.0,0.01,-0.049311134290075984,0.0,0.24066613743977,-0.048718451682701246,0.0,0.24521725976490405,0.0,0.0,0.0,0.546322989751663,0.0,2.531266468486821,-0.5252624080218499,0.0,-1.994634963811332,0.11409824649666421,0.0,0.8746422128198675,0.457470758784041,-2.204545952253143,-1.7609994624387026,-0.0926836021403377,0.2225083601039761,0.16147450496841323,-0.05111,0.11836,0.09415,-5.3846401551885356e-05,0.0,-0.0005085463258566085,-0.0005388362058228526,0.0,-0.004042575999277441
735,7.350042899837717,circle,4.614669225105848,2.0801485594279474,4.163800040259957,9.589499793946743,124371.0,124371.0,0.0,0.0,8.77,5e-05,1e-08,100.0,0.01,-0.049311134290075984,0.0,0.24066613743977,-0.04874639102947254,0.0,0.2452461196566287,0.0,0.0,0.0,0.544237007174286,0.0,2.5442178197627427,-0.5264245355966638,0.0,-2.004766937334356,0.11174260089374878,0.0,0.8795319553994606,0.457470758784041,-2.204545952253143,-1.7609994624387026,-0.09281056969151419,0.22300866838356273,0.16215605651353562,-0.05111,0.11836,0.08877,-6.022483704191614e-05,0.0,-0.0005250683897030772,-0.000504518423561525,0.0,-0.004054913827155631
736,7.360085099935532,circle,4.641165714111314,2.0956027781027338,4.159200005233288,10.042200097814202,124371.0,124371.0,0.0,0.0,8.77,5e-05,1e-08,100.0,0.01,-0.049311134290075984,0.0,0.24066613743977,-0.048775680384921236,0.0,0.24527631187261925,0.0,0.0,0.0,0.542123207592888,0.0,2.5576327638117626,-0.527481242276425,0.0,-2.0149484652107645,0.10933086058166581,0.0,0.88459274798747,0.457470758784041,-2.204545952253143,-1.7609994624387026,-0.092937212434447,0.22352850205715005,0.16286026182763114,-0.048420000000000005,0.12374,0.09146,-5.476161909324885e-05,0.0,-0.0005276364406830185,-0.00048069228606149915,0.0,-0.004082537992166233
737,7.370440099854022,circle,4.8949843244723725,4.329949549918794,4.516500048339367,10.354999918490648,124371.0,124371.0,0.0,0.0,8.77,5e-05,1e-08,100.0,0.01,-0.04942897692809348,0.0,0.2404522432879478,-0.04880591529308417,0.0,0.2453074122588292,0.0,0.0,0.0,0.5527895743043012,0.0,2.5947760936501334,-0.5307144415092884,0.0,-2.0293026945602124,0.11415946497416793,0.0,0.896744889353028,0.457470758784041,-2.2060799330410283,-1.7609994624387026,-0.09096256505432698,0.2262110334916087,0.16382577339905957,-0.05111,0.12374,0.09415,-0.00016755380488618963,0.0,-0.0007438779891021626,-0.0004555078301231136,0.0,-0.004111290981779261
738,7.380242999875918,circle,4.694936568000445,0.7536180992012074,4.085000138729811,9.802900021895766,124371.0,124371.0,0.0,0.0,8.77,5e-05,1e-08,100.0,0.01,-0.049311134290075984,0.0,0.24066613743977,-0.04883456921915384,0.0,0.24533682423195857,0.0,0.0,0.0,0.5398270918516458,0.0,2.588748502435677,-0.5292861533753568,0.0,-2.035272694389905,0.10530714540443796,0.0,0.8961099631301608,0.457470758784041,-2.204545952253143,-1.7609994624387026,-0.09296003984713537,0.22482421468642683,0.1643967349274147,-0.048420000000000005,0.12374,0.08877,7.401805273289685e-05,0.0,-0.0003093827860861679,-0.0005505831236550382,0.0,-0.004361304006102404
739,7.390436899848282,circle,4.9474538638143954,4.148221055144386,3.9041000418365,10.193899972364306,124371.0,124371.0,0.0,0.0,8.77,5e-05,1e-08,100.0,0.01,-0.04942897692809348,0.0,0.2404522432879478,-0.04886439804712116,0.0,0.24536737812045564,0.0,0.0,0.0,0.5480538534377722,0.0,2.6216202721370823,-0.5322127747786505,0.0,-2.0493739687975254,0.10903901682631127,0.0,0.9069050203792158,0.457470758784041,-2.2060799330410283,-1.7609994624387026,-0.09126499517915301,0.22723552059355856,0.16525234497109675,-0.048420000000000005,0.12912,0.08608,-0.00015166604847575418,0.0,-0.000730769126976622,-0.00041291283249656483,0.0,-0.004184365705531234
740,7.400449499953538,circle,4.9739970608391815,2.100218977653844,3.8471000734716654,10.012600105255842,124371.0,124371.0,0.0,0.0,8.77,5e-05,1e-08,100.0,0.01,-0.04942897692809348,0.0,0.2404522432879478,-0.04889372810044783,0.0,0.2453973575893306,0.0,0.0,0.0,0.5477006166099326,0.0,2.6389814178954034,-0.5329252253708848,0.0,-2.0595966574378157,0.10736108390380249,0.0,0.9132473371789909,0.457470758784041,-2.2060799330410283,-1.7609994624387026,-0.09117901887334663,0.22799152792455496,0.16607403072811106,-0.048420000000000005,0.12643000000000001,0.09415,-3.692126557155052e-05,0.0,-0.0005297695113983276,-0.000498327562074098,0.0,-0.0044153447899844805
741,7.410076200030744,circle,4.775898129791545,0.741777536140625,4.155700094997883,9.626700077205896,124371.0,124371.0,0.0,0.0,8.77,5e-05,1e-08,100.0,0.01,-0.049311134290075984,0.0,0.24066613743977,-0.04892195735652552,0.0,0.2454261525931638,0.0,0.0,0.0,0.5322649347628405,0.0,2.628754513358592,-0.5311595968680759,0.0,-2.065425159200456,0.0973568034964168,0.0,0.9113090552550529,0.457470758784041,-2.204545952253143,-1.7609994624387026,-0.09346849900377302,0.22633103222358963,0.16654360473361607,-0.05111,0.12643000000000001,0.09146,9.150001356369889e-05,0.0,-0.0003020499439656769,-0.000480676947114163,0.0,-0.004457965209428127
742,7.420127799967304,circle,4.803535041368527,2.0618949446065775,4.153600195422769,10.051599936559796,124371.0,124371.0,0.0,0.0,8.77,5e-05,1e-08,100.0,0.01,-0.049311134290075984,0.0,0.24066613743977,-0.048951463548240315,0.0,0.24545618815465003,0.0,0.0,0.0,0.5271994899384576,0.0,2.6378479651531532,-0.531639614325103,0.0,-2.075567364605164,0.0935337791786727,0.0,0.9150478350874883,0.457470758784041,-2.204545952253143,-1.7609994624387026,-0.09393187272042844,0.226558038124053,0.16715601743405,-0.048420000000000005,0.12912,0.08877,-2.4875903259895206e-05,0.0,-0.0005255986356247737,-0.0003347948385757735,0.0,-0.0042644520792552605
743,7.430430799955502,circle,4.8320454734266045,2.220134410014602,3.796100150793791,10.30299998819828,124371.0,124371.0,0.0,0.0,8.77,5e-05,1e-08,100.0,0.01,-0.049311134290075984,0.0,0.24066613743977,-0.04898174051200488,0.0,0.2454869426833191,0.0,0.0,0.0,0.524293827576082,0.0,2.651333600029847,-0.5322106975034979,0.0,-2.0860878486484045,0.09063902654102408,0.0,0.9202015580920038,0.457470758784041,-2.204545952253143,-1.7609994624387026,-0.0941403232714776,0.2270536669269085,0.1678929624172214,-0.0538,0.12374,0.09684000000000001,-2.9595194281247493e-05,0.0,-0.0005452021368718314,-0.0002997985837898573,0.0,-0.0042756031066772775
744,7.440330399898812,circle,4.859610442337813,2.2250231349776737,3.9232000708580017,9.899599943310022,124371.0,124371.0,0.0,0.0,8.77,5e-05,1e-08,100.0,0.01,-0.049311134290075984,0.0,0.24066613743977,-0.049010863264540544,0.0,0.2455164622703873,0.0,0.0,0.0,0.5216083916714561,0.0,2.6650631651566057,-0.5327335705358224,0.0,-2.0966224469103674,0.08785622610249172,0.0,0.9254253583320556,0.457470758784041,-2.204545952253143,-1.7609994624387026,-0.0943241953602363,0.22756767528213723,0.16863309614160127,-0.05111,0.12105,0.08877,-2.7096804040978545e-05,0.0,-0.0005459335768108996,-0.00027317422149446106,0.0,-0.004304391253806387
745,7.450480399886146,circle,4.888043420601238,2.235594334480597,3.804899984970689,10.149999987334013,124371.0,124371.0,0.0,0.0,8.77,5e-05,1e-08,100.0,0.01,-0.049311134290075984,0.0,0.24066613743977,-0.04904075440351564,0.0,0.2455466971616284,0.0,0.0,0.0,0.5187889268390763,0.0,2.6788845039326246,-0.5331594560006664,0.0,-2.107186458378312,0.08498490278998093,0.0,0.9306939261083175,0.457470758784041,-2.204545952253143,-1.7609994624387026,-0.09452136004772531,0.22808111334109998,0.16938249280420972,-0.0538,0.12912,0.09684000000000001,-2.2070625699471033e-05,0.0,-0.0005474578548467345,-0.00024830926086086914,0.0,-0.004333101867011678
746,7.460453900042921,circle,4.916147492626992,2.238353791383363,3.766399808228016,9.973500156775117,124371.0,124371.0,0.0,0.0,8.77,5e-05,1e-08,100.0,0.01,-0.049311134290075984,0.0,0.24066613743977,-0.049070157048295364,0.0,0.2455763753299548,0.0,0.0,0.0,0.5159271913338604,0.0,2.6926746424710544,-0.5335127589461738,0.0,-2.1177596729603523,0.08209075995892587,0.0,0.9359547309481,0.457470758784041,-2.204545952253143,-1.7609994624387026,-0.09472313481368824,0.22859171394592784,0.17013200659187677,-0.05111,0.12912,0.09415,-1.8309188062263615e-05,0.0,-0.0005479347870344644,-0.00022266805371835607,0.0,-0.004362303103150334
747,7.47049680002965,circle,4.767847896346965,1.0595676440872035,4.715699935331941,10.042899986729026,124371.0,124371.0,0.0,0.0,8.77,5e-05,1e-08,100.0,0.01,-0.049380255083637,0.0,0.2408466369618149,-0.04909979559364859,0.0,0.2456062289650412,0.0,0.0,0.0,0.5205866295855657,0.0,2.686594279917512,-0.5351237085883168,0.0,-2.1248577870376857,0.08327320781884522,0.0,0.932707414173681,0.457470758784041,-2.204545952253143,-1.7594654816508173,-0.09468972450118658,0.22847186087398136,0.16972718202638243,-0.05111,0.12643000000000001,0.09684000000000001,-8.348410431301156e-05,0.0,-0.0003678449534086376,-0.0001969753856753962,0.0,-0.00439174704981765
748,7.480519899865612,circle,4.973176609828652,4.04781914187327,4.151300061494112,10.023099835962057,124371.0,124371.0,0.0,0.0,8.77,5e-05,1e-08,100.0,0.01,-0.049311134290075984,0.0,0.24066613743977,-0.04912940699257114,0.0,0.24563599264710637,0.0,0.0,0.0,0.5112669113233373,0.0,2.7168259546198352,-0.5339566710198351,0.0,-2.1390362559397715,0.07723398198482123,0.0,0.9451383425933584,0.457470758784041,-2.204545952253143,-1.7609994624387026,-0.09503996087292559,0.22949808656964607,0.17143158413237594,-0.056490000000000005,0.13181,0.08608,6.047928722012887e-05,0.0,-0.0007347695706030246,-0.0002422065847249756,0.0,-0.004235085636733341
749,7.490480700042099,circle,5.001721407096981,2.365615050202903,3.8944000843912363,9.960800176486373,124371.0,124371.0,0.0,0.0,8.77,5e-05,1e-08,100.0,0.01,-0.049311134290075984,0.0,0.24066613743977,-0.04915886527233696,0.0,0.24566554052218384,0.0,0.0,0.0,0.5068061885499112,0.0,2.7342164494274166,-0.5339927896947813,0.0,-2.1499118914592006,0.07307102335426019,0.0,0.9518449878334405,0.457470758784041,-2.204545952253143,-1.7609994624387026,-0.09538295598148427,0.23011259808309256,0.17240846321428133,-0.05111,0.1345,0.09684000000000001,-1.8717749754354105e-06,0.0,-0.0005636071211800753,-0.00015039724276358666,0.0,-0.004435795961233764
750,7.500449100043625,circle,5.030440765307819,2.2640510367442994,3.8848000112921,9.968400001525879,124371.0,124371.0,0.0,0.0,8.77,5e-05,1e-08,100.0,0.01,-0.049311134290075984,0.0,0.24066613743977,-0.04918837686837812,0.0,0.24569508016251887,0.0,0.0,0.0,0.5035428920339414,0.0,2.74830276817819,-0.5340581139633512,0.0,-2.1605513597061177,0.06990984154379527,0.0,0.957247652240999,0.457470758784041,-2.204545952253143,-1.7609994624387026,-0.09562441159688549,0.23062242796346047,0.173186721149608,-0.05111,0.12643000000000001,0.09146,-3.385293933964444e-06,0.0,-0.0005513682449930467,-0.0001193721277639008,0.0,-0.0044775744777558225
751,7.510489899897948,circle,4.880859451608095,1.0621571343905045,3.858099924400449,10.040799854323268,124371.0,124371.0,0.0,0.0,8.77,5e-05,1e-08,100.0,0.01,-0.049380255083637,0.0,0.2408466369618149,-0.04921813396175996,0.0,0.2457248031877848,0.0,0.0,0.0,0.507901485533644,0.0,2.7422740758489654,-0.5353931916958788,0.0,-2.1677155361533886,0.07087037991624526,0.0,0.9540485626945543,0.457470758784041,-2.204545952253143,-1.7594654816508173,-0.09562901049010741,0.2304914619967654,0.17279682531257748,-0.05111,0.12374,0.09953000000000001,-6.918761814307541e-05,0.0,-0.00037126849790609495,-9.293350373396201e-05,0.0,-0.004506897728063804
752,7.520450099837035,circle,4.731303560419541,1.0828151203104635,3.7962000351399183,9.960199939087033,124371.0,124371.0,0.0,0.0,8.77,5e-05,1e-08,100.0,0.01,-0.04944909891318364,0.0,0.24102724230142122,-0.04924768304919382,0.0,0.2457542566900784,0.0,0.0,0.0,0.5135227824409192,0.0,2.7327286887189266,-0.536635015893518,0.0,-2.174968027358325,0.0729037167517909,0.0,0.9494669247217092,0.457470758784041,-2.204545952253143,-1.7579315008629315,-0.09552411770015369,0.2302502125463305,0.17219549591555283,-0.0538,0.13181,0.09415,-6.435494825040875e-05,0.0,-0.0003758452259728434,-0.0001370609157394049,0.0,-0.00435116916268432
753,7.530357199953869,circle,4.7593890329962125,2.4353986109498824,3.8850000128149986,9.907100116834044,124371.0,124371.0,0.0,0.0,8.77,5e-05,1e-08,100.0,0.01,-0.04944909891318364,0.0,0.24102724230142122,-0.04927710506427145,0.0,0.24578352257946845,-0.0010740744333423264,0.0,0.002824240226306592,0.5274243196934552,0.0,2.7012249547999994,-0.5363835599270728,0.0,-2.1860001033390475,0.083988562077411,0.0,0.9368087397522263,0.457470758784041,-2.204545952253143,-1.7579315008629315,-0.09436657583039323,0.2294297654640704,0.17012988679998142,-0.0538,0.12105,0.09415,1.3031180853625523e-05,0.0,-0.0005717143217080977,-0.00018502502976581136,0.0,-0.004184565956339128
754,7.540419999975711,circle,4.788083279236125,2.503598444196564,3.8879001513123512,10.062800021842122,124371.0,124371.0,0.0,0.0,8.77,5e-05,1e-08,100.0,0.01,-0.04944909891318364,0.0,0.24102724230142122,-0.04930702054108403,0.0,0.24581321714726842,-0.0010740744333423264,0.0,0.002824240226306592,0.523828773357976,0.0,2.7154839273139397,-0.5360167718332188,0.0,-2.1971824728868685,0.08059424799710861,0.0,0.9423049766672945,0.457470758784041,-2.204545952253143,-1.7579315008629315,-0.09464499749910768,0.2299342354201303,0.17092921043553536,-0.0538,0.12643000000000001,0.09415,1.9008027741534078e-05,0.0,-0.0005795029722686093,-0.00016108639984113902,0.0,-0.004206471873578587
755,7.5504215999972075,circle,4.638275106599848,1.1540383120785387,3.8258000276982784,10.001600021496415,124371.0,124371.0,0.0,0.0,8.77,5e-05,1e-08,100.0,0.01,-0.049517665616719664,0.0,0.24120795303360706,-0.049336785067843364,0.0,0.24584269986504695,-0.001069740841118896,0.0,0.00282588451245489,0.5276293751430673,0.0,2.7099239332010603,-0.5369857006305263,0.0,-2.2047166014091117,0.08120831684009558,0.0,0.939329201713727,0.457470758784041,-2.204545952253143,-1.7563975200750461,-0.09474444215660346,0.22978587142521723,0.17058932299401086,-0.0538,0.12912,0.09953000000000001,-5.0212713464269136e-05,0.0,-0.00039044049236811994,-0.00013066783541203076,0.0,-0.004244306339071764
756,7.560560300014913,circle,4.312425235596876,0.4076061154088968,3.663900075480342,10.13870001770556,124371.0,124371.0,0.0,0.0,8.77,5e-05,1e-08,100.0,0.01,-0.04965396700103619,0.0,0.24156968897455133,-0.04936698910115005,0.0,0.2458725548913084,-0.0021221322304796537,0.0,0.0056583062640263426,0.5558750983606576,0.0,2.6387654832421656,-0.5392610844807496,0.0,-2.208615695419852,0.10017830261982937,0.0,0.9097478545844523,0.457470758784041,-2.204545952253143,-1.7533295584992745,-0.09329134475567663,0.22763603020938614,0.16626491463711532,-0.048420000000000005,0.12912,0.09684000000000001,-0.0001179170209513687,0.0,-0.0002020624125070895,-0.00016906087893477683,0.0,-0.0041008035042499865
757,7.570332600036636,circle,4.3392785824920175,2.413966755087002,3.939300077036023,9.772300021722913,124371.0,124371.0,0.0,0.0,8.77,5e-05,1e-08,100.0,0.01,-0.04965396700103619,0.0,0.24156968897455133,-0.04939613158273468,0.0,0.24590130062768267,-0.0031831983457194808,0.0,0.008487459396039515,0.5706488815966718,0.0,2.6037779027071712,-0.5388337665734485,0.0,-2.2195936614045166,0.11214978568087675,0.0,0.8957240787653811,0.457470758784041,-2.204545952253143,-1.7533295584992745,-0.09186371360265637,0.22678903107836618,0.16396873792438682,-0.048420000000000005,0.12643000000000001,0.09684000000000001,2.2144859041332626e-05,0.0,-0.0005689101840509626,-0.00027998027734284204,0.0,-0.003762701469080377
758,7.580069599905983,circle,4.18970438499276,1.1686465946967026,4.128400003537536,9.736999869346619,124371.0,124371.0,0.0,0.0,8.77,5e-05,1e-08,100.0,0.01,-0.04972170136108632,0.0,0.24175071333211004,-0.0494251980365929,0.0,0.24592991285022256,-0.003170175005155908,0.0,0.008492332373306209,0.5742465635224008,0.0,2.597835868216515,-0.5396229851354701,0.0,-2.2271969149052357,0.11275967734166072,0.0,0.8926271027010779,0.457470758784041,-2.204545952253143,-1.7517955777113892,-0.09206176686311045,0.2265812008218619,0.16363252826185626,-0.048420000000000005,0.12643000000000001,0.09146,-4.08996054463447e-05,0.0,-0.0003940227501636204,-0.00025560371904707706,0.0,-0.0037851767679488993
759,7.590083200018853,circle,3.867103845937047,0.37106617402258724,4.310199990868568,10.013600112870336,124371.0,124371.0,0.0,0.0,8.77,5e-05,1e-08,100.0,0.01,-0.04985633662004332,0.0,0.2421130726915628,-0.049455120598541534,0.0,0.2459593069355151,-0.004192141303716261,0.0,0.01133602448772108,0.6017088692946188,0.0,2.5264600850653682,-0.5417884561994274,0.0,-2.2309203600535215,0.13155566589455908,0.0,0.8630043045481915,0.457470758784041,-2.204545952253143,-1.7487276161356176,-0.09072149695557269,0.22438038850548908,0.15933456555736547,-0.05111,0.12643000000000001,0.08877,-0.00011222102011191536,0.0,-0.0001929597766630077,-0.00028899500138987395,0.0,-0.003653274467289299
760,7.600045999977738,circle,3.7200265887716326,1.0104287163525874,4.619200015440583,9.962799958884716,124371.0,124371.0,0.0,0.0,8.77,5e-05,1e-08,100.0,0.01,-0.04992323720214038,0.0,0.24229440684079018,-0.04948492193270713,0.0,0.24598852074614685,-0.005218433918975665,0.0,0.01417805226673711,0.6231583024011841,0.0,2.4711655654148528,-0.5426628133693702,0.0,-2.2379742196606442,0.14743950325882405,0.0,0.8403598312121755,0.457470758784041,-2.204545952253143,-1.7471936353477322,-0.08912748458909153,0.2228645634777148,0.15589288975929405,-0.048420000000000005,0.12643000000000001,0.08877,-4.5311736178935656e-05,0.0,-0.00036555155781716094,-0.00039300353325431945,0.0,-0.0033285623475395165
761,7.6104266999755055,circle,3.574629756798407,0.9908030287025578,4.001899855211377,10.380699997767806,124371.0,124371.0,0.0,0.0,8.77,5e-05,1e-08,100.0,0.01,-0.04998985954253368,0.0,0.2424758434008366,-0.04951600572052352,0.0,0.24601892686775564,-0.006236014713548408,0.0,0.017023248672652907,0.6430132223083557,0.0,2.419272919838258,-0.5434944499242638,0.0,-2.244963392149265,0.16212294327611382,0.0,0.8190834156681263,0.457470758784041,-2.204545952253143,-1.7456596545598464,-0.08784746493716832,0.22136234405733746,0.1527012382295474,-0.05111,0.12374,0.08877,-4.3097829431147324e-05,0.0,-0.0003621992828561917,-0.00043075599257901725,0.0,-0.003180884184062842
762,7.620461100013927,circle,3.2605777775430145,0.2807376439271254,3.9972998201847076,10.034400038421154,124371.0,124371.0,0.0,0.0,8.77,5e-05,1e-08,100.0,0.01,-0.05012226887178883,0.0,0.24283902204539543,-0.04954608395449196,0.0,0.24604828650699515,-0.007214385235692854,0.0,0.019882683776818132,0.6696081835959342,0.0,2.3469546940461967,-0.545742966333769,0.0,-2.2479602331781723,0.18089118522837835,0.0,0.7891407815230967,0.457470758784041,-2.204545952253143,-1.7425916929840752,-0.08664972242830593,0.21906803697325353,0.1484029346915446,-0.048420000000000005,0.11567000000000001,0.08339,-0.00011652467188914101,0.0,-0.00015530503407542315,-0.0004596602454077298,0.0,-0.003053959427524297
763,7.630418899934739,circle,2.9535629583212053,0.23911470612931457,3.836899995803833,9.95779992081225,124371.0,124371.0,0.0,0.0,8.77,5e-05,1e-08,100.0,0.01,-0.0502535633615217,0.0,0.2432026052068636,-0.04957596306109552,0.0,0.24607739076088836,-0.007153352068904757,0.0,0.019904723627005436,0.6820857202518883,0.0,2.312703201960006,-0.5480965236118115,0.0,-2.2504933149860573,0.18778972978244343,0.0,0.7743284952559512,0.457470758784041,-2.204545952253143,-1.739523731408304,-0.08625508461325151,0.2180345699926116,0.1464189762485199,-0.048420000000000005,0.12105,0.08339,-0.00012196819575649171,0.0,-0.0001312716799772573,-0.0005556321046696926,0.0,-0.002743513874047504
764,7.640170499915257,circle,2.8133062650046674,0.6968250851468991,4.226800054311752,9.751599980518222,124371.0,124371.0,0.0,0.0,8.77,5e-05,1e-08,100.0,0.01,-0.05031879215497155,0.0,0.2433845474121543,-0.04960525284728463,0.0,0.24610586213064978,-0.008140354516916807,0.0,0.022760769495621967,0.7030129761548053,0.0,2.2558623201745287,-0.5492283974859538,0.0,-2.2562864243230525,0.2038472237135371,0.0,0.751109856638453,0.457470758784041,-2.204545952253143,-1.7379897506204183,-0.08450680263082153,0.21653371901294355,0.14288575931331432,-0.048420000000000005,0.12374,0.08608,-5.865700212227809e-05,0.0,-0.0003002158053451039,-0.0006548823055646456,0.0,-0.002421098913150384
765,7.650352800032124,circle,2.6756160118457637,0.6210917659356425,3.889499930664897,10.182300116866827,124371.0,124371.0,0.0,0.0,8.77,5e-05,1e-08,100.0,0.01,-0.0503837417759386,0.0,0.24356658946305793,-0.049635867291447436,0.0,0.2461355590616115,-0.00810543037050066,0.0,0.022773229857896163,0.7073654323677342,0.0,2.2446273922202016,-0.5504215705475637,0.0,-2.2617298539718886,0.205683657987451,0.0,0.7460179711238248,0.457470758784041,-2.204545952253143,-1.7364557698325325,-0.08446026799184353,0.2162146684698989,0.14223743778658982,-0.04573,0.11836,0.08070000000000001,-6.18337046255548e-05,0.0,-0.0002820943850358093,-0.0006860407798656102,0.0,-0.0022868752135177628
766,7.66034399997443,circle,2.388844048504524,0.1704654134651562,4.086000146344304,9.991199942305684,124371.0,124371.0,0.0,0.0,8.77,5e-05,1e-08,100.0,0.01,-0.05051280288975067,0.0,0.24393097138801986,-0.04966593793033785,0.0,0.2461646668973931,-0.00803552493976704,0.0,0.022797989794404082,0.7183883326722378,0.0,2.212694731520666,-0.5530563123870591,0.0,-2.262987393678009,0.2117115098050171,0.0,0.7321855864180793,0.457470758784041,-2.204545952253143,-1.7333878082567613,-0.08452996164931012,0.21507951416298296,0.14047672466764993,-0.048420000000000005,0.11298000000000001,0.07801000000000001,-0.00013653999902423137,0.0,-6.516937169051898e-05,-0.0007103249603885914,0.0,-0.002168526137682727
767,7.670524299843237,circle,2.259519128360746,0.4037805482076261,3.9331999141722918,10.180299868807197,124371.0,124371.0,0.0,0.0,8.77,5e-05,1e-08,100.0,0.01,-0.05057691407890244,0.0,0.24411331040465237,-0.04969660901338006,0.0,0.24619429326932082,-0.008000543821849965,0.0,0.022810289304740054,0.7241442782202964,0.0,2.196885906199318,-0.554584073356683,0.0,-2.267212908301114,0.21488820403930398,0.0,0.7253051754162555,0.457470758784041,-2.204545952253143,-1.7318538274688755,-0.0839794740793978,0.21478895673041976,0.13948955385047812,-0.048420000000000005,0.12105,0.07801000000000001,-7.917302491452268e-05,0.0,-0.00021897847973831514,-0.0008011320406078613,0.0,-0.0018620043849301418
768,7.680421099998057,circle,2.1331832176254855,0.34271977439540297,3.844400169327855,9.896800154820085,124371.0,124371.0,0.0,0.0,8.77,5e-05,1e-08,100.0,0.01,-0.050640745488185576,0.0,0.24429574755204805,-0.04972645623250778,0.0,0.2462230632493097,-0.008961236861317685,0.0,0.025675352036581153,0.7436389783601532,0.0,2.141581408698474,-0.5562269988926397,0.0,-2.2710124851726974,0.23018784468122502,0.0,0.7027398486764989,0.457470758784041,-2.204545952253143,-1.7303198466809901,-0.08264159908249845,0.21317728607062825,0.13613247778106333,-0.04573,0.12105,0.07532,-8.514118829925634e-05,0.0,-0.00019690514439085934,-0.0008291480673785407,0.0,-0.0017304105528707907
769,7.690411899937317,circle,2.011078697186168,0.2652458878228718,3.9330001454800367,9.990799939259887,124371.0,124371.0,0.0,0.0,8.77,5e-05,1e-08,100.0,0.01,-0.05070429696739864,0.0,0.24447828240091476,-0.04975661716716533,0.0,0.2462520750952581,-0.007930525186932234,0.0,0.02283472728178052,0.7336131773746617,0.0,2.170588632483152,-0.5580481367211405,0.0,-2.274166173711654,0.2195572709967985,0.0,0.7136815359316548,0.457470758784041,-2.204545952253143,-1.7287858658931043,-0.08379286014474036,0.21402799651729157,0.13797752315507353,-0.04304,0.11836,0.07532,-9.437666855972122e-05,0.0,-0.00016343332905600287,-0.0008533031316735888,0.0,-0.0016103593652873262
770,7.7004329999908805,circle,1.8938984564773875,0.20988858554229245,3.7992000579833984,10.021100053563714,124371.0,124371.0,0.0,0.0,8.77,5e-05,1e-08,100.0,0.01,-0.05076756836699886,0.0,0.24466091452173033,-0.049786900048738696,0.0,0.246281143213307,-0.007895487837663178,0.0,0.02284686568192486,0.7385055593280371,0.0,2.1565856915035475,-0.5600288773968575,0.0,-2.2767295885537493,0.22209876719443136,0.0,0.707547564694692,0.457470758784041,-2.204545952253143,-1.7272518851052185,-0.08368147848551342,0.21361884233687023,0.1371742026932774,-0.04573,0.12105,0.07801000000000001,-0.0001026477531405666,0.0,-0.00013284362619201762,-0.0008780205651195987,0.0,-0.0014873850653846408
771,7.710421900032088,circle,1.7825606209333271,0.1732136543486218,3.850499866530299,9.988900041207671,124371.0,124371.0,0.0,0.0,8.77,5e-05,1e-08,100.0,0.01,-0.05083055953810249,0.0,0.2448436434847437,-0.049817115965569654,0.0,0.2463100862871039,-0.0068778779201928665,0.0,0.02000158153474588,0.7289443077190123,0.0,2.1843971162651057,-0.562146551012798,0.0,-2.2787731494590764,0.2118280888710848,0.0,0.7180413628346023,0.457470758784041,-2.204545952253143,-1.7257179043173332,-0.08479592373207845,0.21443304074887115,0.13894673923949935,-0.04304,0.12105,0.08070000000000001,-0.00010974401708727772,0.0,-0.00010590328047955155,-0.0009036995554455587,0.0,-0.0013605395218806667
772,7.720206799916923,circle,1.7894726965267074,0.5471436535515101,4.054100019857287,9.784899884834886,124371.0,124371.0,0.0,0.0,8.77,5e-05,1e-08,100.0,0.01,-0.05083055953810249,0.0,0.2448436434847437,-0.049846744130769366,0.0,0.24633840760523512,-0.0068778779201928665,0.0,0.02000158153474588,0.7277516421361951,0.0,2.1895167599177427,-0.5631707140880037,0.0,-2.283902308520069,0.21060033560750474,0.0,0.7200183566746028,0.457470758784041,-2.204545952253143,-1.7257179043173332,-0.08457657179407091,0.21476144695393096,0.1391709157933429,-0.04573,0.11836,0.07263,-5.3075114682213246e-05,0.0,-0.0002658079674770506,-0.0009307402926509113,0.0,-0.0012289561530143813
773,7.730408999836072,circle,1.6825278528482919,0.13572788304167602,4.480700008571148,10.20219991914928,124371.0,124371.0,0.0,0.0,8.77,5e-05,1e-08,100.0,0.01,-0.05089327033248528,0.0,0.24502646885997603,-0.04987766674451762,0.0,0.24636790440733472,-0.005869018114136435,0.0,0.01715323588125288,0.7172539452036328,0.0,2.219989057512303,-0.5654994972792311,0.0,-2.2850698542366645,0.19946860895913499,0.0,0.7315940491072187,0.457470758784041,-2.204545952253143,-1.7241839235294474,-0.08610578747362953,0.21550751509216284,0.1411663647970062,-0.048420000000000005,0.11836,0.07532,-0.00012068433039296583,0.0,-6.05056209359836e-05,-0.0008949192575746917,0.0,-0.0012809299264227045
774,7.740508100017905,circle,1.5835454292832598,0.1300696297959881,3.7128000985831022,10.09910018183291,124371.0,124371.0,0.0,0.0,8.77,5e-05,1e-08,100.0,0.01,-0.0509557006025826,0.0,0.2452093902172215,-0.0499083078857272,0.0,0.24639707057122343,-0.0048689154031519724,0.0,0.014301848882517466,0.7081915523228308,0.0,2.246498198679318,-0.5679673354796178,0.0,-2.2857127042242293,0.18956359669403874,0.0,0.7416077486186337,0.457470758784041,-2.204545952253143,-1.722649942741562,-0.08718329016526585,0.21628137906884143,0.14286102926319802,-0.04573,0.11836,0.07801000000000001,-0.00012789056613504127,0.0,-3.33143594408497e-05,-0.0009195021507203613,0.0,-0.0011543659945610857
775,7.75040249992162,circle,1.5856187584444443,0.3509135038733854,3.884699894115329,9.894399903714657,124371.0,124371.0,0.0,0.0,8.77,5e-05,1e-08,100.0,0.01,-0.0509557006025826,0.0,0.2452093902172215,-0.0499383578542768,0.0,0.24642561411914107,-0.0048689154031519724,0.0,0.014301848882517466,0.7073022047912024,0.0,2.2502409752337553,-0.5692653062737766,0.0,-2.2896952846705205,0.18865108657641166,0.0,0.7430559273911032,0.457470758784041,-2.204545952253143,-1.722649942741562,-0.08703108540379526,0.21651759903708295,0.14302654016876618,-0.04573,0.11836,0.08070000000000001,-6.726462847755162e-05,0.0,-0.0002063889228534966,-0.0009500781198282521,0.0,-0.0010098349790660865
776,7.760392199968919,circle,1.588763113591261,0.32266184231637735,3.8695998955518007,9.989700047299266,124371.0,124371.0,0.0,0.0,8.77,5e-05,1e-08,100.0,0.01,-0.0509557006025826,0.0,0.2452093902172215,-0.04996872724314658,0.0,0.24645440098780613,-0.003895132322521578,0.0,0.011441479106013973,0.6907478726044041,0.0,2.299822921417367,-0.5705853856182789,0.0,-2.2934887636331664,0.1737256183518744,0.0,0.7627327380980908,0.457470758784041,-2.204545952253143,-1.722649942741562,-0.08849886681232302,0.21797971426953347,0.1460585156881023,-0.04573,0.12105,0.07801000000000001,-6.841035797449269e-05,0.0,-0.0001965891329821156,-0.000918563001461532,0.0,-0.0010484216376025269
777,7.770412300014868,circle,1.5929716779373475,0.27655828082506345,3.9199998136609793,10.02010004594922,124371.0,124371.0,0.0,0.0,8.77,5e-05,1e-08,100.0,0.01,-0.0509557006025826,0.0,0.2452093902172215,-0.04999921928550342,0.0,0.2464832435277675,-0.0029213492418911835,0.0,0.00858110932951048,0.6742019576824744,0.0,2.3492219555187845,-0.5719833552495895,0.0,-2.2969345719492495,0.1588239453178461,0.0,0.7823423689941716,0.457470758784041,-2.204545952253143,-1.722649942741562,-0.08996396935318661,0.21943597087704825,0.14908154984598657,-0.048420000000000005,0.12374,0.08070000000000001,-7.244685958743258e-05,0.0,-0.00017857182706209674,-0.0008840344574917519,0.0,-0.0010952814834839003
778,7.780415799934417,circle,1.4933054163610755,0.14443445042855857,6.096499972045422,10.00349991954863,124371.0,124371.0,0.0,0.0,8.77,5e-05,1e-08,100.0,0.01,-0.05101785020149005,0.0,0.24539240712604854,-0.050029690984869916,0.0,0.24651200635306775,-0.002908182552713918,0.0,0.008585580523710034,0.6788517952066877,0.0,2.335548965687293,-0.5746431210126,0.0,-2.2965506857586337,0.16112587272121096,0.0,0.7764133591555401,0.457470758784041,-2.204545952253143,-1.7211159619536762,-0.09002999409397647,0.2189647594336252,0.14833087514241686,-0.0538,0.12105,0.08070000000000001,-0.000137836811653498,0.0,1.9894100934816613e-05,-0.0008503224049666359,0.0,-0.0011394933279540245
779,7.790415900060907,circle,1.6044973408351089,0.8650520795760386,3.82829993031919,10.000100126489997,124371.0,124371.0,0.0,0.0,8.77,5e-05,1e-08,100.0,0.01,-0.0509557006025826,0.0,0.2452093902172215,-0.0500601824269443,0.0,0.24654072748247338,-0.001947566161260789,0.0,0.005720739553006986,0.6569900187263077,0.0,2.4009992476997786,-0.5749012958478213,0.0,-2.3031222875217705,0.14328260074155827,0.0,0.802882525254728,0.457470758784041,-2.204545952253143,-1.722649942741562,-0.09139455312314185,0.221015507310246,0.15222379576646022,-0.048420000000000005,0.11836,0.08070000000000001,-1.3379372210506335e-05,0.0,-0.00034055955117718076,-0.0008821388034277941,0.0,-0.000990777714074711
780,7.80035370006226,circle,1.611748887112483,0.22810567739138676,3.8761000614613295,9.937800001353025,124371.0,124371.0,0.0,0.0,8.77,5e-05,1e-08,100.0,0.01,-0.0509557006025826,0.0,0.2452093902172215,-0.05009051368886909,0.0,0.24656923803203284,-0.001947566161260789,0.0,0.005720739553006986,0.6538598117828571,0.0,2.410667407824042,-0.5763115121875444,0.0,-2.306190931154509,0.14043048237394964,0.0,0.8067092102075336,0.457470758784041,-2.204545952253143,-1.722649942741562,-0.09177554733116954,0.2212802979834015,0.1528138396926006,-0.05111,0.12374,0.08877,-7.308151970084888e-05,0.0,-0.00015902605421868818,-0.0007921053940126626,0.0,-0.0012008217605926665
781,7.810408300021663,circle,1.502499023238445,0.15971277477974063,4.131299909204245,10.054599959403276,124371.0,124371.0,0.0,0.0,8.77,5e-05,1e-08,100.0,0.01,-0.05101785020149005,0.0,0.24539240712604854,-0.05012123161590065,0.0,0.24659805152918246,-0.0019387883684759454,0.0,0.005723720349140022,0.6585599260954602,0.0,2.3966443412923732,-0.5790068335555901,0.0,-2.305341883769528,0.14276240472735005,0.0,0.8006618063039828,0.457470758784041,-2.204545952253143,-1.7211159619536762,-0.09179928649231298,0.22081415347300798,0.1520371252068262,-0.05111,0.12374,0.08339,-0.00013967940670552535,0.0,4.4000109376579393e-05,-0.0007569391788838729,0.0,-0.0012496445125105002
782,7.820195100037381,circle,1.507669232400554,0.18692972257346657,4.2755999602377415,9.786800015717745,124371.0,124371.0,0.0,0.0,8.77,5e-05,1e-08,100.0,0.01,-0.05101785020149005,0.0,0.24539240712604854,-0.05015116050496009,0.0,0.24662606651350363,-0.0009693941842379727,0.0,0.002861860174570011,0.6435179947180308,0.0,2.4413320261405675,-0.5804724804979959,0.0,-2.3080248606924423,0.1292118489252252,0.0,0.8184189565934593,0.457470758784041,-2.204545952253143,-1.7211159619536762,-0.09303437055313234,0.22216362443481608,0.15476531210059402,-0.05111,0.12105,0.08070000000000001,-7.595409504115803e-05,0.0,-0.00013903968159054473,-0.0007907356014888045,0.0,-0.0010946197058645491
783,7.830258399946615,circle,1.4038867634392922,0.13490270870707077,3.997000167146325,10.063299909234047,124371.0,124371.0,0.0,0.0,8.77,5e-05,1e-08,100.0,0.01,-0.05107971898296358,0.0,0.24557551915580064,-0.05018196487810709,0.0,0.24665484098536464,-0.000965003006995365,0.0,0.002863343839078229,0.648298165310719,0.0,2.4269308466256723,-0.5829973395921177,0.0,-2.307416401991967,0.13162384480432895,0.0,0.8122389365535566,0.457470758784041,-2.204545952253143,-1.7195819811657904,-0.09300699288406387,0.22170506764858028,0.15395900734657908,-0.048420000000000005,0.12105,0.08608,-0.00013084555499135104,0.0,3.153210273727043e-05,-0.0007669085498651411,0.0,-0.0011108539323012655
784,7.840029099956155,circle,1.4067908287083077,0.20839611185247103,4.256200045347214,9.770700009539723,124371.0,124371.0,0.0,0.0,8.77,5e-05,1e-08,100.0,0.01,-0.05107971898296358,0.0,0.24557551915580064,-0.05021190258270465,0.0,0.24668274773706986,-0.000965003006995365,0.0,0.002863343839078229,0.647479289015372,0.0,2.429352041599393,-0.5842865686782907,0.0,-2.3103757421136817,0.13088615854412747,0.0,0.8132018517248165,0.457470758784041,-2.204545952253143,-1.7195819811657904,-0.09303741839259763,0.22180179757788882,0.1540947674133042,-0.05111,0.12105,0.08070000000000001,-6.681160769882882e-05,0.0,-0.0001533616277975253,-0.0008010047925601018,0.0,-0.0009538669534716898
785,7.850044899852946,circle,1.4109510791727167,0.22769828109958543,4.131000023335218,10.015799896791577,124371.0,124371.0,0.0,0.0,8.77,5e-05,1e-08,100.0,0.01,-0.05107971898296358,0.0,0.24557551915580064,-0.05024262090100976,0.0,0.2467113227255291,-0.000965003006995365,0.0,0.002863343839078229,0.6453375691041926,0.0,2.4354138429810663,-0.5854545013931562,0.0,-2.313541314293956,0.12898461927676969,0.0,0.8156223950130403,0.457470758784041,-2.204545952253143,-1.7195819811657904,-0.09323856110858318,0.22198783213313283,0.1544603027614992,-0.048420000000000005,0.12374,0.08070000000000001,-6.052567631394633e-05,0.0,-0.0001640491739746861,-0.0007765724056398738,0.0,-0.0009717543957537635
786,7.860538400011137,circle,1.416583341504137,0.21968945510828508,3.689400153234601,10.493500158190727,124371.0,124371.0,0.0,0.0,8.77,5e-05,1e-08,100.0,0.01,-0.05107971898296358,0.0,0.24557551915580064,-0.050274836449839815,0.0,0.24674122601058845,-0.000965003006995365,0.0,0.002863343839078229,0.6429074282384559,0.0,2.441825982541848,-0.5865762457997298,0.0,-2.316659993860974,0.12687551971958042,0.0,0.8181999822365834,0.457470758784041,-2.204545952253143,-1.7195819811657904,-0.09346841942594923,0.22217904668869193,0.15485294172759254,-0.04573,0.12105,0.08070000000000001,-5.8132063598427975e-05,0.0,-0.00016161906212377314,-0.0007467504695253392,0.0,-0.0010040877926640393
787,7.87032900005579,circle,1.31163298764534,0.11607879739226613,3.9821001701056957,9.79060004465282,124371.0,124371.0,0.0,0.0,8.77,5e-05,1e-08,100.0,0.01,-0.05114130680142,0.0,0.2457587258755975,-0.05030492367692779,0.0,0.24676909430510433,-0.000960609558886595,0.0,0.0028648207657017365,0.647393236227835,0.0,2.42775114095604,-0.5889204066614095,0.0,-2.316104251362885,0.129089996131548,0.0,0.8121752603805472,0.457470758784041,-2.204545952253143,-1.718048000377905,-0.09346857774389863,0.22172568901398476,0.15407230601083108,-0.05111,0.12105,0.08608,-0.00012148124608203842,0.0,2.8800195529342983e-05,-0.0007149018784101659,0.0,-0.0010391686250361735
788,7.880562199978158,circle,1.4308890291287746,0.8609128333976458,3.645900171250105,10.23319992236793,124371.0,124371.0,0.0,0.0,8.77,5e-05,1e-08,100.0,0.01,-0.05107971898296358,0.0,0.24557551915580064,-0.05033640156746241,0.0,0.24679818944393794,-0.000965003006995365,0.0,0.002863343839078229,0.6394976764760774,0.0,2.4505727240196338,-0.5888133165869294,0.0,-2.3226642950659278,0.12394240601019185,0.0,0.8217258371663261,0.457470758784041,-2.204545952253143,-1.7195819811657904,-0.09374566949470237,0.22245783779657843,0.15538302548469668,-0.05111,0.12643000000000001,0.08608,5.549719690121717e-06,0.0,-0.00033996057882615567,-0.0007488671351912902,0.0,-0.0008827097093111452
789,7.890309900045395,circle,1.3188100263140854,0.10335492960402551,4.2542999144643545,9.74770006723702,124371.0,124371.0,0.0,0.0,8.77,5e-05,1e-08,100.0,0.01,-0.05114130680142,0.0,0.2457587258755975,-0.050366415012345914,0.0,0.24682587281989904,-0.000960609558886595,0.0,0.0028648207657017365,0.6427629537966174,0.0,2.4399193293602615,-0.59104088652966,0.0,-2.3222107770062608,0.12506962846519412,0.0,0.8170718485177854,0.457470758784041,-2.204545952253143,-1.718048000377905,-0.0939082293291578,0.22208737455393252,0.15481831253025158,-0.05111,0.12105,0.08339,-0.00011543916494873507,0.0,2.3502627276865765e-05,-0.0006594526241253486,0.0,-0.0010906495715784104
790,7.900233200052753,circle,1.324262840983995,0.18476405244059302,4.315799800679088,9.923300007358193,124371.0,124371.0,0.0,0.0,8.77,5e-05,1e-08,100.0,0.01,-0.05114130680142,0.0,0.2457587258755975,-0.050396998144891486,0.0,0.246854023413177,-0.000960609558886595,0.0,0.0028648207657017365,0.6415752572889983,0.0,2.4425213390869693,-0.5921098770580338,0.0,-2.325056029520938,0.12409293162451523,0.0,0.818139552879138,0.457470758784041,-2.204545952253143,-1.718048000377905,-0.09397663169502986,0.22217918225349048,0.15497606798211924,-0.048420000000000005,0.11836,0.08608,-5.539820392005132e-05,0.0,-0.0001474492755814405,-0.0006889104526084599,0.0,-0.0009478482619980633
791,7.910502899903804,circle,1.2184563810258235,0.09620083762765651,3.809800138697028,10.269699851050973,124371.0,124371.0,0.0,0.0,8.77,5e-05,1e-08,100.0,0.01,-0.05120261351193722,0.0,0.24594202685433608,-0.05042867964995879,0.0,0.24688312319889688,-0.0009562138503948875,0.0,0.002866290951112526,0.6457996187472314,0.0,2.428296060709979,-0.5942427409891435,0.0,-2.3245452131813855,0.1261795566920081,0.0,0.8120946415522107,0.457470758784041,-2.204545952253143,-1.7165140195900193,-0.09400255263922648,0.2217118352245485,0.15419722396738392,-0.05111,0.12374,0.08877,-0.00011053122347968471,0.0,2.6471991091699836e-05,-0.0006634026384987458,0.0,-0.0009675683356524988
792,7.92042290000245,circle,1.2213898307668638,0.19862526944061526,3.866399871185422,9.920000098645687,124371.0,124371.0,0.0,0.0,8.77,5e-05,1e-08,100.0,0.01,-0.05120261351193722,0.0,0.24594202685433608,-0.050459312046713875,0.0,0.24691119972358982,-0.0009562138503948875,0.0,0.002866290951112526,0.6445118960833821,0.0,2.430832534200204,-0.5951684851791877,0.0,-2.3275575646161673,0.12514910580127328,0.0,0.8131499761755844,0.457470758784041,-2.204545952253143,-1.7165140195900193,-0.09408187206721642,0.22179732350190068,0.15435550941258008,-0.05111,0.12105,0.08070000000000001,-4.79747612880067e-05,0.0,-0.00015610882850081197,-0.000695326703935341,0.0,-0.0008130640407529307
793,7.930481699993834,circle,1.2257525249435224,0.21498983896666074,3.846399951726198,10.058799991384149,124371.0,124371.0,0.0,0.0,8.77,5e-05,1e-08,100.0,0.01,-0.05120261351193722,0.0,0.24594202685433608,-0.05049040281406487,0.0,0.24693963658476256,-0.0009562138503948875,0.0,0.002866290951112526,0.6419658450995873,0.0,2.436931540583505,-0.595991964723989,0.0,-2.330731107334901,0.12299709122119495,0.0,0.8156296713683051,0.457470758784041,-2.204545952253143,-1.7165140195900193,-0.09432637481048292,0.22197072483774544,0.15473770287139504,-0.05111,0.12374,0.08877,-4.2675109400912314e-05,0.0,-0.00016446223050157398,-0.0006695355884714427,0.0,-0.0008331474999249057
794,7.940439200028777,circle,1.2314335567587371,0.20081410151984996,3.826999804005027,9.957500034943223,124371.0,124371.0,0.0,0.0,8.77,5e-05,1e-08,100.0,0.01,-0.05120261351193722,0.0,0.24594202685433608,-0.05052120995941326,0.0,0.24696775479259223,-0.0009562138503948875,0.0,0.002866290951112526,0.6393492917036823,0.0,2.4431570494089025,-0.5968138431307911,0.0,-2.333791372186254,0.12078995040319311,0.0,0.8181626713552953,0.457470758784041,-2.204545952253143,-1.7165140195900193,-0.09457778639897085,0.22214712492070984,0.15512846565720032,-0.05111,0.12374,0.08339,-4.2592133764532154e-05,0.0,-0.0001585918413538409,-0.000638811418759429,0.0,-0.0008671360969023026
795,7.950446099974215,circle,1.1242856398308527,0.08704508826227703,3.858499927446246,10.006899945437908,124371.0,124371.0,0.0,0.0,8.77,5e-05,1e-08,100.0,0.01,-0.05126363897025463,0.0,0.24612542166069143,-0.0505521994631303,0.0,0.2469959801180236,-0.0009518158918370669,0.0,0.002867754391982589,0.6433731493851677,0.0,2.4290412117138374,-0.5988101402581967,0.0,-2.3331855238618147,0.12275788959591939,0.0,0.8121862390299166,0.457470758784041,-2.204545952253143,-1.7149800388021335,-0.09462228884917283,0.22167893629519472,0.15436151419082222,-0.05111,0.12105,0.08339,-0.00010345393379422433,0.0,3.139682544519391e-05,-0.0006079855733301055,0.0,-0.0009019552827773595
796,7.960415199864656,circle,1.127250682419627,0.1814093526898404,3.8364999927580357,9.969099890440702,124371.0,124371.0,0.0,0.0,8.77,5e-05,1e-08,100.0,0.01,-0.05126363897025463,0.0,0.24612542166069143,-0.05058310130074759,0.0,0.24702406651901837,-0.0009518158918370669,0.0,0.002867754391982589,0.6419191416301578,0.0,2.431483321041604,-0.5995949724646779,0.0,-2.3360931871920787,0.12163767589930022,0.0,0.8132259373922136,0.457470758784041,-2.204545952253143,-1.7149800388021335,-0.09471947370098058,0.22175465525875498,0.15452134659272876,-0.0538,0.12374,0.08070000000000001,-4.067229172162554e-05,0.0,-0.00015068358589282675,-0.0006398653777854095,0.0,-0.0007479612724341146
797,7.970072600059211,circle,1.1315447836861128,0.19481075589207097,4.154000198468566,9.657400194555521,124371.0,124371.0,0.0,0.0,8.77,5e-05,1e-08,100.0,0.01,-0.05126363897025463,0.0,0.24612542166069143,-0.05061306488804731,0.0,0.24705124397682307,-0.0009518158918370669,0.0,0.002867754391982589,0.6393583993726972,0.0,2.4373405525451006,-0.6003052632273458,0.0,-2.3391322700845105,0.11949926708107494,0.0,0.8156213477754098,0.457470758784041,-2.204545952253143,-1.7149800388021335,-0.09496701277071543,0.22191702215288275,0.1548926774599357,-0.0538,0.11836,0.08877,-3.680933691027784e-05,0.0,-0.00015749413052425373,-0.0006137647452970405,0.0,-0.0007683281856073877
798,7.9801075998693705,circle,1.1374718971233297,0.18308003788222676,4.516500048339367,10.034999810159206,124371.0,124371.0,0.0,0.0,8.77,5e-05,1e-08,100.0,0.01,-0.05126363897025463,0.0,0.24612542166069143,-0.05064422913838092,0.0,0.24707945194161732,-0.0009518158918370669,0.0,0.002867754391982589,0.6365891517459286,0.0,2.4434409388490854,-0.6009856463831221,0.0,-2.3420803339670355,0.11721156759211332,0.0,0.8181270589085721,0.457470758784041,-2.204545952253143,-1.7149800388021335,-0.09523543524800353,0.22208267823643374,0.15528312412960832,-0.05111,0.11836,0.08070000000000001,-3.525943757874705e-05,0.0,-0.0001527772602269036,-0.0005841503942949631,0.0,-0.0008012530206989847
799,7.990411999868229,circle,1.1450878601836896,0.1710813055274041,3.8430001586675644,10.304399998858571,124371.0,124371.0,0.0,0.0,8.77,5e-05,1e-08,100.0,0.01,-0.05126363897025463,0.0,0.24612542166069143,-0.05067626085482395,0.0,0.24710838308264713,-0.0009518158918370669,0.0,0.002867754391982589,0.6336932382568584,0.0,2.449528683739703,-0.6016422071815918,0.0,-2.344930420491035,0.11485021290849444,0.0,0.8206416407106475,0.457470758784041,-2.204545952253143,-1.7149800388021335,-0.09551704246625685,0.22224351973923157,0.15567755502788105,-0.0538,0.12374,0.08339,-3.402489361142239e-05,0.0,-0.0001476997880294704,-0.000553353221819256,0.0,-0.0008352616339262266
800,8.000359599944204,circle,1.1538820076904412,0.15836885126744865,3.8522998802363873,9.94760007597506,124371.0,124371.0,0.0,0.0,8.77,5e-05,1e-08,100.0,0.01,-0.05126363897025463,0.0,0.24612542166069143,-0.050707213040573906,0.0,0.24713627964896212,-0.0009518158918370669,0.0,0.002867754391982589,0.6308941193950167,0.0,2.455406077395807,-0.6023086850316328,0.0,-2.347664327921578,0.11256851533788192,0.0,0.8230696829668734,0.457470758784041,-2.204545952253143,-1.7149800388021335,-0.09578925844879167,0.22239869329736772,0.1560584754200179,-0.0538,0.11836,0.08877,-3.4538824119368316e-05,0.0,-0.00014167904889313024,-0.0005218871055613523,0.0,-0.0008691789393775612
801,8.010405999841169,circle,1.1641681105025574,0.15376432965665526,3.8209999911487103,10.04639989696443,124371.0,124371.0,0.0,0.0,8.77,5e-05,1e-08,100.0,0.01,-0.05126363897025463,0.0,0.24612542166069143,-0.05073850212158046,0.0,0.2471644205440766,0.0,0.0,0.0,0.6139340945204134,0.0,2.5037763566229994,-0.6029388788907112,0.0,-2.3503645264666506,0.09738684071520413,0.0,0.8424076686627433,0.457470758784041,-2.204545952253143,-1.7149800388021335,-0.09732429181051111,0.22379064602415763,0.15905279435752118,-0.05111,0.12105,0.08877,-3.26584819862715e-05,0.0,-0.00013993215622979522,-0.0004924783666878966,0.0,-0.0008990667271553885
802,8.020366299897432,circle,1.1757231568000246,0.15406610791628436,3.890099935233593,9.960300056263804,124371.0,124371.0,0.0,0.0,8.77,5e-05,1e-08,100.0,0.01,-0.05126363897025463,0.0,0.24612542166069143,-0.05076955225763703,0.0,0.2471922877543745,0.0,0.0,0.0,0.6110977763714757,0.0,2.5095007167573975,-0.6035239175464482,0.0,-2.353077649237022,0.0950993753311266,0.0,0.8447841821933734,0.457470758784041,-2.204545952253143,-1.7149800388021335,-0.09760084410835841,0.2239380617862477,0.1594277815993591,-0.0538,0.12643000000000001,0.08877,-3.031840777947565e-05,0.0,-0.0001406019272423547,-0.000463768304838119,0.0,-0.0009262641664407063
803,8.030407999875024,circle,1.1887003779907912,0.15604587577945866,3.8087000139057636,10.041699977591634,124371.0,124371.0,0.0,0.0,8.77,5e-05,1e-08,100.0,0.01,-0.05126363897025463,0.0,0.24612542166069143,-0.05080088555567588,0.0,0.24722034990762415,0.0,0.0,0.0,0.6081848650771533,0.0,2.515258806755511,-0.604051086044097,0.0,-2.355820710877609,0.0927629740230898,0.0,0.8471810607075111,0.457470758784041,-2.204545952253143,-1.7149800388021335,-0.097885240730685,0.22408432403217868,0.15980714649566558,-0.0538,0.12643000000000001,0.08608,-2.7319407569868738e-05,0.0,-0.0001421534467304301,-0.00043543400700888084,0.0,-0.0009527748002022892
804,8.04032179992646,circle,1.202778048823615,0.15759358567298679,4.1467000264674425,9.913800051435828,124371.0,124371.0,0.0,0.0,8.77,5e-05,1e-08,100.0,0.01,-0.05126363897025463,0.0,0.24612542166069143,-0.05083184869617875,0.0,0.24724802229936282,0.0,0.0,0.0,0.6052554961551168,0.0,2.5210044433690486,-0.6045314091084985,0.0,-2.3585863878358695,0.09041814763689769,0.0,0.8495751748745617,0.457470758784041,-2.204545952253143,-1.7149800388021335,-0.098171384569431,0.22422950146796689,0.1601865152139749,-0.05111,0.12643000000000001,0.08877,-2.489174072449349e-05,0.0,-0.00014332543838699134,-0.00040689853335138096,0.0,-0.0009792752002844036
805,8.050412500044331,circle,1.218353160532732,0.16108513355159915,3.906899830326438,10.090700117871165,124371.0,124371.0,0.0,0.0,8.77,5e-05,1e-08,100.0,0.01,-0.05126363897025463,0.0,0.24612542166069143,-0.050863393822235654,0.0,0.247276155446268,0.0,0.0,0.0,0.602214406644877,0.0,2.526822584289976,-0.6049455196788119,0.0,-2.361394014789924,0.0879994673998179,0.0,0.8520074420618565,0.457470758784041,-2.204545952253143,-1.7149800388021335,-0.09846889771534229,0.2243739864561967,0.1605733777849101,-0.056490000000000005,0.12374,0.08877,-2.146041635614596e-05,0.0,-0.0001454994093996124,-0.0003787847316628266,0.0,-0.0010052343761769507
806,8.060428600059822,circle,1.2350098045400533,0.16380924200270042,3.818599972873926,10.016100015491247,124371.0,124371.0,0.0,0.0,8.77,5e-05,1e-08,100.0,0.01,-0.05126363897025463,0.0,0.24612542166069143,-0.05089473511854348,0.0,0.24730404762574681,0.0,0.0,0.0,0.5991299488617984,0.0,2.532656428242709,-0.6053073163107932,0.0,-2.364232952143446,0.08555343681951451,0.0,0.8544500110939474,0.457470758784041,-2.204545952253143,-1.7149800388021335,-0.0987708633984005,0.22451767408193352,0.16096255785970448,-0.056490000000000005,0.12105,0.08877,-1.8749355643567418e-05,0.0,-0.0001471220055297589,-0.0003501544960675824,0.0,-0.0010315039595256265
807,8.070390099892393,circle,1.252710949634328,0.16698945988914476,3.81499994546175,9.961499832570553,124371.0,124371.0,0.0,0.0,8.77,5e-05,1e-08,100.0,0.01,-0.05126363897025463,0.0,0.24612542166069143,-0.05092593456568794,0.0,0.24733175513799777,0.0,0.0,0.0,0.5960091024669607,0.0,2.5385014445611302,-0.6056153938558403,0.0,-2.3671060273636058,0.08308467070603016,0.0,0.8569004975689613,0.457470758784041,-2.204545952253143,-1.7149800388021335,-0.09907657122367476,0.22466060755905864,0.16135358713382789,-0.056490000000000005,0.12374,0.09415,-1.5965476036235008e-05,0.0,-0.00014889112924712684,-0.00032173892853045187,0.0,-0.0010574423480592104
808,8.080356899881735,circle,1.2715071821164439,0.17094035516410744,3.9091999642550945,9.96679998934269,124371.0,124371.0,0.0,0.0,8.77,5e-05,1e-08,100.0,0.01,-0.05126363897025463,0.0,0.24612542166069143,-0.05095717952254055,0.0,0.24735944480515853,0.0,0.0,0.0,0.5928295479129907,0.0,2.544378560344368,-0.6058649461772369,0.0,-2.3700188853067763,0.08057773063190758,0.0,0.8593688588769317,0.457470758784041,-2.204545952253143,-1.7149800388021335,-0.09938827245347102,0.22480292223800505,0.16174826912703177,-0.056490000000000005,0.12643000000000001,0.09146,-1.293252842050755e-05,0.0,-0.00015095278586928869,-0.0002935269192935686,0.0,-0.001083070358597817
809,8.090437999926507,circle,1.291575247350337,0.17596926991546805,5.764200119301677,10.081100044772029,124371.0,124371.0,0.0,0.0,8.77,5e-05,1e-08,100.0,0.01,-0.05126363897025463,0.0,0.24612542166069143,-0.05098881218092437,0.0,0.24738741883003632,0.0,0.0,0.0,0.5895482847772496,0.0,2.55032620420293,-0.6060483841608452,0.0,-2.372979428162731,0.07800307377929418,0.0,0.8618735939437095,0.457470758784041,-2.204545952253143,-1.7149800388021335,-0.0997103102192619,0.22494479862394737,0.16214998861456992,-0.056490000000000005,0.12643000000000001,0.08608,-9.506290797611902e-06,0.0,-0.00015342395699027194,-0.0002653204985326478,0.0,-0.0011085732123546142
810,8.100378599949181,circle,1.3123564826417775,0.17986841502572018,3.98089992813766,9.940600022673607,124371.0,124371.0,0.0,0.0,8.77,5e-05,1e-08,100.0,0.01,-0.05126363897025463,0.0,0.24612542166069143,-0.05102003287608546,0.0,0.24741497026714857,0.0,0.0,0.0,0.5862469794278817,0.0,2.5562755870656213,-0.6061807446848729,0.0,-2.3759754090443397,0.07541636107122111,0.0,0.8643810910120215,0.457470758784041,-2.204545952253143,-1.7149800388021335,-0.10003442317989357,0.2250860721120819,0.16255251690237735,-0.056490000000000005,0.12105,0.09146,-6.859308016706985e-06,0.0,-0.00015526045873618093,-0.0002367467861524589,0.0,-0.001134288147720955
811,8.110509000020102,circle,1.334500874532972,0.18615671200122133,4.077200079336762,10.130400070920587,124371.0,124371.0,0.0,0.0,8.77,5e-05,1e-08,100.0,0.01,-0.05126363897025463,0.0,0.24612542166069143,-0.05105187917050856,0.0,0.2474430143031044,0.0,0.0,0.0,0.58282486395582,0.0,2.562313739581017,-0.6062416963102664,0.0,-2.3790256746884144,0.07274868438778191,0.0,0.8669336034968848,0.457470758784041,-2.204545952253143,-1.7149800388021335,-0.10037079823750703,0.2252270372344514,0.16296364189051538,-0.0538,0.12912,0.09415,-3.1586908238953344e-06,0.0,-0.00015807365329780203,-0.0002086011089221715,0.0,-0.0011595189891151604
812,8.120201699901372,circle,1.3565578730341201,0.1888193984854071,5.146800074726343,9.692699881270528,124371.0,124371.0,0.0,0.0,8.77,5e-05,1e-08,100.0,0.01,-0.05126363897025463,0.0,0.24612542166069143,-0.051082377328621364,0.0,0.2474698150109291,0.0,0.0,0.0,0.5794818933259929,0.0,2.5682712067702997,-0.6062685933484723,0.0,-2.382098173097463,0.07013643524309694,0.0,0.8694484620123022,0.457470758784041,-2.204545952253143,-1.7149800388021335,-0.10069921123445727,0.22536724723469018,0.16336806405855825,-0.05918,0.12105,0.08608,-1.393882890282725e-06,0.0,-0.00015922581995880987,-0.0001798677587429797,0.0,-0.0011851675302788616
813,8.13045769999735,circle,1.3807765574252129,0.19843962709931062,4.783499985933304,10.25600009597838,124371.0,124371.0,0.0,0.0,8.77,5e-05,1e-08,100.0,0.01,-0.05126363897025463,0.0,0.24612542166069143,-0.0511146775181381,0.0,0.24749813954405944,0.0,0.0,0.0,0.575903841175813,0.0,2.5744160922317336,-0.6062002428738666,0.0,-2.385247349111532,0.06736508464690694,0.0,0.8720562354047332,0.457470758784041,-2.204545952253143,-1.7149800388021335,-0.10105143847364818,0.22550748097650997,0.1637899123308061,-0.05111,0.12643000000000001,0.08877,3.5421207482513916e-06,0.0,-0.00016319947686807838,-0.00015250357286477917,0.0,-0.0012095184064999348
814,8.140374399954453,circle,1.4050110667733857,0.20243513525561285,3.966500051319599,9.916699957102537,124371.0,124371.0,0.0,0.0,8.77,5e-05,1e-08,100.0,0.01,-0.05126363897025463,0.0,0.24612542166069143,-0.051145938028104396,0.0,0.24752549401095503,0.0,0.0,0.0,0.5723466630748294,0.0,2.58053233257552,-0.6060900768348751,0.0,-2.3884269120070623,0.06460913006016329,0.0,0.8746514110704897,0.457470758784041,-2.204545952253143,-1.7149800388021335,-0.10140158940411635,0.22564720271211633,0.16420964302141344,-0.06187,0.12643000000000001,0.09146,5.709125133597205e-06,0.0,-0.0001647742136042965,-0.0001234100672838284,0.0,-0.0012352981366593016
815,8.150472000008449,circle,1.430470380889324,0.21019902434054213,3.8101000245660543,10.097600053995848,124371.0,124371.0,0.0,0.0,8.77,5e-05,1e-08,100.0,0.01,-0.05126363897025463,0.0,0.24612542166069143,-0.051177797962610516,0.0,0.2475533141048231,0.0,0.0,0.0,0.5686808654762073,0.0,2.586729357625845,-0.6059080381796219,0.0,-2.39166370256949,0.06178027829228017,0.0,0.8772874122280404,0.457470758784041,-2.204545952253143,-1.7149800388021335,-0.10176276203257938,0.22578668852067185,0.16463714918209973,-0.056490000000000005,0.12105,0.09146,9.433773525000295e-06,0.0,-0.0001677399180483449,-9.527478116911103e-05,0.0,-0.0012601525260833172
816,8.160384000046179,circle,1.4561900612717722,0.2157682355228053,3.9162999019026756,9.91200003772974,124371.0,124371.0,0.0,0.0,8.77,5e-05,1e-08,100.0,0.01,-0.05126363897025463,0.0,0.24612542166069143,-0.051209100886447485,0.0,0.247580590067427,0.0,0.0,0.0,0.5650054463246278,0.0,2.59292449109911,-0.6056749471725272,0.0,-2.3949399932096123,0.0589459258741457,0.0,0.8799237526631157,0.457470758784041,-2.204545952253143,-1.7149800388021335,-0.10212493975828416,0.2259257690938416,0.16506491424010145,-0.056490000000000005,0.12105,0.08877,1.2079455149717155e-05,0.0,-0.00016978692716666257,-6.661753895685875e-05,0.0,-0.001285381479568906
817,8.17010400001891,circle,1.4820757878579132,0.22148061373829994,5.805999971926212,9.719999972730875,124371.0,124371.0,0.0,0.0,8.77,5e-05,1e-08,100.0,0.01,-0.05126363897025463,0.0,0.24612542166069143,-0.05123982493652813,0.0,0.24760730611393073,0.0,0.0,0.0,0.5613436629204183,0.0,2.5990982972955816,-0.6053914566464521,0.0,-2.3982556626455693,0.05612190931762516,0.0,0.8825509152547619,0.457470758784041,-2.204545952253143,-1.7149800388021335,-0.10248576917323016,0.22606440410204992,0.16549117152513176,-0.056490000000000005,0.12105,0.08608,1.4691305073400026e-05,0.0,-0.00017182765110564406,-3.850533879989779e-05,0.0,-0.001310056802133652
818,8.18009479995817,circle,1.5093323292676781,0.23128054078738436,4.917499842122197,9.990799939259887,124371.0,124371.0,0.0,0.0,8.77,5e-05,1e-08,100.0,0.01,-0.05126363897025463,0.0,0.24612542166069143,-0.05127143328477005,0.0,0.2476347338645889,0.0,0.0,0.0,0.5575328873913444,0.0,2.6053885660617264,-0.605027960354291,0.0,-2.4016367715590703,0.05319730061711073,0.0,0.8852361261051075,0.457470758784041,-2.204545952253143,-1.7149800388021335,-0.10286169929538425,0.22620295556820788,0.16592836310295067,-0.0538,0.12374,0.09146,1.883743698642718e-05,0.0,-0.00017521891550430603,-1.104312247100112e-05,0.0,-0.001334093288393161
819,8.190214700065553,circle,1.5375768850132818,0.240445062514278,4.930100170895457,10.119900107383728,124371.0,124371.0,0.0,0.0,8.77,5e-05,1e-08,100.0,0.01,-0.05126363897025463,0.0,0.24612542166069143,-0.051303479309745034,0.0,0.24766248230512822,0.0,0.0,0.0,0.5535933552326094,0.0,2.6117789486930345,-0.6045924165713463,0.0,-2.4050766196282227,0.05018581576039939,0.0,0.8879713102939385,0.457470758784041,-2.204545952253143,-1.7149800388021335,-0.10325068122157731,0.2263414122851742,0.16637497893440428,-0.056490000000000005,0.11836,0.09146,2.2571147885082856e-05,0.0,-0.0001782629496996672,1.7269191605324472e-05,0.0,-0.0013587976947371213
820,8.200293499976397,circle,1.5663084821224038,0.24833942150522215,4.566499963402748,10.078799910843372,124371.0,124371.0,0.0,0.0,8.77,5e-05,1e-08,100.0,0.01,-0.05126363897025463,0.0,0.24612542166069143,-0.05133542439518082,0.0,0.24769008428053532,0.0,0.0,0.0,0.5495931302955914,0.0,2.6182120813954275,-0.6040964847406803,0.0,-2.4085653189122818,0.04713384908536925,0.0,0.8907284421368792,0.457470758784041,-2.204545952253143,-1.7149800388021335,-0.10364582959571815,0.22647963568027232,0.1668258261350469,-0.05918,0.12912,0.09146,2.5700632471905606e-05,0.0,-0.00018079456199491,4.608479245429061e-05,0.0,-0.0013838680578489829
821,8.21041509998031,circle,1.4095203376216694,0.008034817450090367,4.066599998623133,10.121600003913045,124371.0,124371.0,0.0,0.0,8.77,5e-05,1e-08,100.0,0.01,-0.05132438303277337,0.0,0.2463089098631178,-0.05136753443726794,0.0,0.2477177695220119,-0.0009474156935299575,0.0,0.0028692110846511177,0.5662787347910314,0.0,2.5618705435808105,-0.6047275259740756,0.0,-2.408505923337872,0.06103101919162187,0.0,0.8681588548774598,0.457470758784041,-2.204545952253143,-1.713446058014248,-0.1025967417837903,0.2247313824059888,0.16351354332272322,-0.05918,0.12643000000000001,0.09146,-3.270239539238538e-05,0.0,3.0780517280306046e-06,7.585379988695338e-05,0.0,-0.0014119377106221488
822,8.220441599842161,circle,1.4382075035296733,0.2543586851179752,3.995700040832162,10.026499861851335,124371.0,124371.0,0.0,0.0,8.77,5e-05,1e-08,100.0,0.01,-0.05132438303277337,0.0,0.2463089098631178,-0.051399371695556285,0.0,0.24774516106804786,-0.0009474156935299575,0.0,0.0028692110846511177,0.5633575071465498,0.0,2.5647808030177353,-0.6041329673205421,0.0,-2.4120222330886487,0.058991236070125304,0.0,0.8695262147155153,0.457470758784041,-2.204545952253143,-1.713446058014248,-0.10284510338794975,0.22477731820839109,0.16374874501700099,-0.0538,0.11836,0.08877,3.081176180390456e-05,0.0,-0.00018222541682940915,4.417690097901232e-05,0.0,-0.0012540257881006633
823,8.230394099839032,circle,1.2806584003076513,0.0048837682151081805,4.021700005978346,9.952499996870756,124371.0,124371.0,0.0,0.0,8.77,5e-05,1e-08,100.0,0.01,-0.05138484555655691,0.0,0.24649249102984983,-0.05143100240672256,0.0,0.24777231737879774,-0.0009430132659567841,0.0,0.0028706610257901036,0.5658337738095678,0.0,2.550981818410565,-0.6046033817435216,0.0,-2.4121735561913407,0.05997390785226377,0.0,0.8638972849369042,0.457470758784041,-2.204545952253143,-1.7119120772263623,-0.1030604077955868,0.2242682030694152,0.1630530589789549,-0.0538,0.12912,0.09146,-2.437824605499355e-05,0.0,-7.842004094729422e-06,7.053509622064529e-05,0.0,-0.0012719843448531806
824,8.240399699890986,circle,1.3094186306611095,0.28504427874274785,3.9625000208616257,10.005600051954389,124371.0,124371.0,0.0,0.0,8.77,5e-05,1e-08,100.0,0.01,-0.05138484555655691,0.0,0.24649249102984983,-0.051462830391223305,0.0,0.24779958533244795,-0.0009430132659567841,0.0,0.0028706610257901036,0.5627530530980308,0.0,2.554089429253872,-0.6038558746300147,0.0,-2.415874021979913,0.057817524372620235,0.0,0.8653554218056624,0.457470758784041,-2.204545952253143,-1.7119120772263623,-0.1033251101996852,0.22431699907087824,0.16330339927826487,-0.056490000000000005,0.12374,0.09146,3.87379966488062e-05,0.0,-0.00019176891928721854,3.924683801758852e-05,0.0,-0.0011153253833109033
825,8.250062800012529,circle,1.1507489262028623,0.0036117835732227327,4.4565999414771795,9.663100121542811,124371.0,124371.0,0.0,0.0,8.77,5e-05,1e-08,100.0,0.01,-0.05144502639933102,0.0,0.24667616472890322,-0.05149359598204512,0.0,0.2478258882116555,-0.0018772172385359413,0.0,0.005744208424808679,0.5790791783551923,0.0,2.497724516081245,-0.6042136304011413,0.0,-2.4161033688501483,0.07161739476788351,0.0,0.8428003361314309,0.457470758784041,-2.204545952253143,-1.7103780964384765,-0.10233428030303802,0.22254607368312218,0.1600075575643902,-0.05918,0.12374,0.09146,-1.8539946460140045e-05,0.0,-1.1885423068297733e-05,6.710952917424449e-05,0.0,-0.0011378380596839763
826,8.26018049987033,circle,0.993684671468147,0.00233344489715438,4.38580010086298,10.117699857801199,124371.0,124371.0,0.0,0.0,8.77,5e-05,1e-08,100.0,0.01,-0.05150492541948434,0.0,0.246859930528076,-0.051525837444138946,0.0,0.24785339512912408,-0.0018684035282262844,0.0,0.005747081279669231,0.5823124580177181,0.0,2.4806341844913464,-0.6045371887031624,0.0,-2.41621283240596,0.07347045573499067,0.0,0.835897825042869,0.457470758784041,-2.204545952253143,-1.7088441156505911,-0.10242120114428652,0.22195010423203737,0.15911584564377473,-0.0538,0.12374,0.08608,-1.6767733969227407e-05,0.0,-5.672720408369213e-06,3.7679758623830086e-05,0.0,-0.0009877918806397027
827,8.270244000013918,circle,1.0221657342369908,0.2925804490095979,4.347600042819977,10.06350014358759,124371.0,124371.0,0.0,0.0,8.77,5e-05,1e-08,100.0,0.01,-0.05150492541948434,0.0,0.246859930528076,-0.051557935083835535,0.0,0.24788072079239754,-0.0028026052923394267,0.0,0.008620621919503847,0.5929268177529134,0.0,2.4410373062603052,-0.6036388380145434,0.0,-2.419930625903552,0.0840581207433145,0.0,0.820382911989807,0.457470758784041,-2.204545952253143,-1.7088441156505911,-0.10140010830944793,0.22076941609805434,0.15674693844178295,-0.0538,0.12643000000000001,0.08877,4.655515022714488e-05,0.0,-0.0001926668916567251,6.454514124046927e-06,0.0,-0.0008281233726648054
828,8.280250399839133,circle,1.0513652167324308,0.2823315238211854,4.341599997133017,10.00639982521534,124371.0,124371.0,0.0,0.0,8.77,5e-05,1e-08,100.0,0.01,-0.05150492541948434,0.0,0.246859930528076,-0.051589879136301836,0.0,0.24790785785616404,-0.0028026052923394267,0.0,0.008620621919503847,0.5884647017609792,0.0,2.447696888807044,-0.6027209131254659,0.0,-2.4235739746501137,0.08069620970787496,0.0,0.8232839316367774,0.457470758784041,-2.204545952253143,-1.7088441156505911,-0.10184576669115789,0.22090067030969474,0.15722552504538606,-0.05918,0.12105,0.08339,4.756954232865597e-05,0.0,-0.00018880894774711814,3.738417448883701e-05,0.0,-0.0008591183803409149
829,8.290408999891952,circle,0.8934567252997396,0.0029245155071217096,4.250700119882822,10.158600052818656,124371.0,124371.0,0.0,0.0,8.77,5e-05,1e-08,100.0,0.01,-0.05156454247606876,0.0,0.2470437879949496,-0.051622338137016804,0.0,0.24793537342639121,-0.002789378131928169,0.0,0.008624910917253975,0.5903014885897538,0.0,2.433990642239985,-0.6030117262364556,0.0,-2.423325673401964,0.08139836190617021,0.0,0.8177605167405557,0.457470758784041,-2.204545952253143,-1.7073101348627053,-0.10219885681754115,0.22034173397938017,0.15657088682479536,-0.048420000000000005,0.12105,0.08877,-1.5070782759636368e-05,0.0,1.2867694159569842e-05,7.286644370768204e-05,0.0,-0.0009044531256011748
830,8.300467299995944,circle,0.9231891104060148,0.1999018527240618,3.8406001403927803,10.058300103992224,124371.0,124371.0,0.0,0.0,8.77,5e-05,1e-08,100.0,0.01,-0.05156454247606876,0.0,0.2470437879949496,-0.05165450547811433,0.0,0.24796258328870943,-0.002789378131928169,0.0,0.008624910917253975,0.58700384154016,0.0,2.4366916965987255,-0.6021898291657022,0.0,-2.4263784717643344,0.07915519578875467,0.0,0.8191015796639017,0.457470758784041,-2.204545952253143,-1.7073101348627053,-0.10239599514014591,0.2204074199964493,0.1567914271930829,-0.05918,0.12374,0.08339,4.2593100984868e-05,0.0,-0.00015820490613950317,4.7369901060702506e-05,0.0,-0.0007605903876203189
831,8.310236199991778,circle,0.9529328665324511,0.19287948089110157,4.1408000979572535,9.768899995833635,124371.0,124371.0,0.0,0.0,8.77,5e-05,1e-08,100.0,0.01,-0.05156454247606876,0.0,0.2470437879949496,-0.051685774710244076,0.0,0.24798897781372392,-0.002789378131928169,0.0,0.008624910917253975,0.5826936477817272,0.0,2.44260571881506,-0.6013544183965506,0.0,-2.4293694687371414,0.0759616947996783,0.0,0.8217188048577458,0.457470758784041,-2.204545952253143,-1.7073101348627053,-0.10282855369058969,0.22051206430966,0.15722901593860703,-0.05111,0.12105,0.08608,4.329342021100639e-05,0.0,-0.00015500217806035618,7.793881396431053e-05,0.0,-0.0007901876407139551
832,8.320500199915841,circle,0.7946117660155732,0.01620370338409281,4.079400096088648,10.263999924063683,124371.0,124371.0,0.0,0.0,8.77,5e-05,1e-08,100.0,0.01,-0.05162387742879952,0.0,0.24722773669688952,-0.051718657776383854,0.0,0.24801667556930118,-0.00277614440702141,0.0,0.008629179621477783,0.5845347195498677,0.0,2.4282567875694685,-0.6016844715945202,0.0,-2.428532061992653,0.07675443685778012,0.0,0.8159728421754894,0.457470758784041,-2.204545952253143,-1.70577615407482,-0.10318014330591582,0.21992791401975031,0.15654264331207549,-0.0538,0.11836,0.08339,-1.710431840158669e-05,0.0,4.3396857468672796e-05,0.0001118846659859187,0.0,-0.0008323357298803325
833,8.330442100064829,circle,0.8255084607134278,0.14153287329363118,3.8791000843048096,9.94190014898777,124371.0,124371.0,0.0,0.0,8.77,5e-05,1e-08,100.0,0.01,-0.05162387742879952,0.0,0.24722773669688952,-0.05175053728868702,0.0,0.24804347041484087,-0.0018507629380142732,0.0,0.005752786414318522,0.5675679012486611,0.0,2.473034362810299,-0.6008919363516396,0.0,-2.431071457895909,0.06179935622100003,0.0,0.8340839469664865,0.457470758784041,-2.204545952253143,-1.70577615407482,-0.1046276249684734,0.22121399237571743,0.15934413071023615,-0.05918,0.12105,0.08877,4.107148551233598e-05,0.0,-0.00013159889479688852,8.558837437515975e-05,0.0,-0.0006841348231544617
834,8.340141099877656,circle,0.8565014068860437,0.14953362756842423,4.697799915447831,9.698999812826514,124371.0,124371.0,0.0,0.0,8.77,5e-05,1e-08,100.0,0.01,-0.05162387742879952,0.0,0.24722773669688952,-0.05178166478735055,0.0,0.2480695786116688,-0.0018507629380142732,0.0,0.005752786414318522,0.563303061216812,0.0,2.4784038819827834,-0.6000443225261377,0.0,-2.4336711179085335,0.05869011724951073,0.0,0.8365018216475977,0.457470758784041,-2.204545952253143,-1.70577615407482,-0.10505748080111854,0.22129699338233255,0.15975412456479493,-0.0538,0.12374,0.08608,4.392581814737713e-05,0.0,-0.00013472195653714005,0.00011386154040365153,0.0,-0.0007071199582421499
835,8.35039749997668,circle,0.8900917582297757,0.13569318508360134,3.999300068244338,10.256400099024177,124371.0,124371.0,0.0,0.0,8.77,5e-05,1e-08,100.0,0.01,-0.05162387742879952,0.0,0.24722773669688952,-0.05181461000848247,0.0,0.24809715283494774,-0.0018507629380142732,0.0,0.005752786414318522,0.5587805539267837,0.0,2.483992208870078,-0.5991704275012364,0.0,-2.4361248837367317,0.0554046852851037,0.0,0.8390274813872944,0.457470758784041,-2.204545952253143,-1.70577615407482,-0.10551355524219103,0.2213805562219625,0.16018384576243816,-0.05918,0.12105,0.09146,4.528778647632561e-05,0.0,-0.00012716129480527024,0.00014544479320662088,0.0,-0.0007422548432529453
836,8.360406199935824,circle,0.9235937758477878,0.1219809971042009,3.9144998881965876,10.008699959143996,124371.0,124371.0,0.0,0.0,8.77,5e-05,1e-08,100.0,0.01,-0.05162387742879952,0.0,0.24722773669688952,-0.051846788110340394,0.0,0.24812402699073396,-0.0009253814690071366,0.0,0.002876393207159261,0.5405766333098323,0.0,2.532069591079756,-0.5983047669171124,0.0,-2.438437821610585,0.03935531206640014,0.0,0.8584718017567461,0.457470758784041,-2.204545952253143,-1.70577615407482,-0.1072174244824213,0.22270336356172818,0.1632147828502235,-0.05918,0.12374,0.08339,4.486105376238272e-05,0.0,-0.00011986317987780102,0.0001780496277784894,0.0,-0.0007764271139666418
837,8.370393899967894,circle,0.95766202842136,0.11671777057260066,3.890200052410364,9.98770003207028,124371.0,124371.0,0.0,0.0,8.77,5e-05,1e-08,100.0,0.01,-0.05162387742879952,0.0,0.24722773669688952,-0.051878926758004984,0.0,0.24815081112528192,-0.0009253814690071366,0.0,0.002876393207159261,0.5361261454245092,0.0,2.537285595448063,-0.5974148262699984,0.0,-2.4406836831764975,0.03615347419804144,0.0,0.8608544951941414,0.457470758784041,-2.204545952253143,-1.70577615407482,-0.10766690206353383,0.22277364861838111,0.16362413011368598,-0.05918,0.12105,0.08877,4.611931737184266e-05,0.0,-0.00011638709015871515,0.0002089300118336191,0.0,-0.0008066873382336857
838,8.380404399940744,circle,0.6543176918405765,0.7279162990889289,5.128599936142564,10.010499972850084,124371.0,124371.0,0.0,0.0,8.77,5e-05,1e-08,100.0,0.01,-0.051554409062558954,0.0,0.24762911968420737,-0.051911166863943856,0.0,0.24817762265868115,-0.0009165524638389636,0.0,0.002879218700474376,0.5238507772915296,0.0,2.49814580712377,-0.5951430749247479,0.0,-2.435094858543375,0.029907303245813328,0.0,0.8484194958006129,0.457470758784041,-2.203011971465257,-1.7042421732869342,-0.11010654442718601,0.22002243716148545,0.1626072706786731,-0.05918,0.12374,0.09415,0.00011772877395957451,0.0,0.00028962917676188954,0.00023902902742532758,0.0,-0.0008381321512356752
839,8.390545799862593,circle,0.8347998938473168,0.8917844023598784,3.7752999924123287,10.14139992184937,124371.0,124371.0,0.0,0.0,8.77,5e-05,1e-08,100.0,0.01,-0.05168293013805578,0.0,0.24741177620104682,-0.051943857191967396,0.0,0.2482047503086345,-0.0009209680500224088,0.0,0.002877809339732014,0.5321668132731779,0.0,2.519477410497628,-0.5966869625842895,0.0,-2.4415914446478384,0.033872581174673226,0.0,0.8545398413319568,0.457470758784041,-2.204545952253143,-1.7042421732869342,-0.10845338117595651,0.22192946214037906,0.16294553624572028,-0.06456,0.11567000000000001,0.09146,-8.000875697472543e-05,0.0,-0.00033667202117007285,0.0003409358108863447,0.0,-0.00045630208641761775
840,8.400065999943763,circle,0.6756760913400953,0.018045065268144294,4.330999916419387,9.520200081169605,124371.0,124371.0,0.0,0.0,8.77,5e-05,1e-08,100.0,0.01,-0.0517417004648808,0.0,0.24759590607435866,-0.051974571311969475,0.0,0.2482301846795353,-0.0009165524638389636,0.0,0.002879218700474376,0.5366987518585106,0.0,2.5084108299811194,-0.5969264908231341,0.0,-2.440672271385497,0.03587303322166896,0.0,0.8497347769016093,0.457470758784041,-2.204545952253143,-1.7027081924990484,-0.10847846931524291,0.2215942754465854,0.162309947563962,-0.05918,0.12374,0.09415,-1.2413051255288768e-05,0.0,4.76342366685995e-05,0.0002452838983439619,0.0,-0.0006819128418452464
841,8.41004169988446,circle,0.51952113387085,0.030855833665039203,4.179899813607335,9.975699940696359,124371.0,124371.0,0.0,0.0,8.77,5e-05,1e-08,100.0,0.01,-0.051800188270982345,0.0,0.24778012588354967,-0.05200678215685017,0.0,0.2482568031064799,-0.0009121347214392269,0.0,0.002880621286391141,0.5397281764679508,0.0,2.4900460978558945,-0.5968963411302771,0.0,-2.439430545699497,0.03782400777079016,0.0,0.8424532140639254,0.457470758784041,-2.204545952253143,-1.701174211711163,-0.10857866513616105,0.2209451251253557,0.16136020894170894,-0.05918,0.12105,0.08877,1.562444931628524e-06,0.0,6.434984309024129e-05,0.00020503144093619993,0.0,-0.0005410270660204798
842,8.420410000020638,circle,0.5585472375407731,0.1584658350671817,3.849299857392907,10.368300136178732,124371.0,124371.0,0.0,0.0,8.77,5e-05,1e-08,100.0,0.01,-0.051800188270982345,0.0,0.24778012588354967,-0.052040290131571625,0.0,0.2482844334415993,-0.0018242694428784539,0.0,0.005761242572782282,0.5495052048446131,0.0,2.4490242835912173,-0.5955947236831759,0.0,-2.4419263589486726,0.048196673630018144,0.0,0.8264734603754211,0.457470758784041,-2.204545952253143,-1.701174211711163,-0.10767080738415943,0.21966305472058345,0.15895754937400797,-0.05918,0.12374,0.09146,6.745360865835509e-05,0.0,-0.00012934031467476458,0.00017264825193092482,0.0,-0.0003749672433748791
843,8.430396300042048,circle,0.40742612401313605,0.023417137608093892,3.8781999610364437,9.986300021409988,124371.0,124371.0,0.0,0.0,8.77,5e-05,1e-08,100.0,0.01,-0.05185839341873294,0.0,0.24796443519513295,-0.05207259191356212,0.0,0.24831101137916942,-0.0018154296642832412,0.0,0.005764034187642999,0.5508866586663573,0.0,2.434039558149104,-0.5953926218567902,0.0,-2.440863338849062,0.048845664968835835,0.0,0.8205995148880313,0.457470758784041,-2.204545952253143,-1.6996402309232772,-0.10801797648983594,0.21906331825190956,0.15824495248778087,-0.05918,0.12374,0.08608,1.0473505511564052e-05,0.0,5.508879890538793e-05,0.0002037249893176193,0.0,-0.00040166498294185577
844,8.44040900003165,circle,0.2669209961145697,0.03395703786023458,5.243499996140599,10.01269998960197,124371.0,124371.0,0.0,0.0,8.77,5e-05,1e-08,100.0,0.01,-0.05191631577117026,0.0,0.2481488335754108,-0.05210500697590795,0.0,0.2483376256499834,-0.0027098784207857125,0.0,0.008650218358312332,0.5667366771347374,0.0,2.372675032580628,-0.5952151905557271,0.0,-2.4395724592937142,0.06330920179375671,0.0,0.7962568495925603,0.457470758784041,-2.204545952253143,-1.6981062501353914,-0.10696303905213281,0.21712184887129066,0.15470187322687465,-0.06187,0.12912,0.08877,9.195007006323807e-06,0.0,6.68971398204747e-05,0.00017949619773136605,0.0,-0.00025568921439309374
845,8.450319800060242,circle,0.3082583468894154,0.13660702087435395,4.020299995318055,9.910800028592348,124371.0,124371.0,0.0,0.0,8.77,5e-05,1e-08,100.0,0.01,-0.05191631577117026,0.0,0.2481488335754108,-0.05213711961166263,0.0,0.24836393558016856,-0.0027098784207857125,0.0,0.008650218358312332,0.5629782895822223,0.0,2.3742341362316255,-0.5938876088483559,0.0,-2.4418236540551623,0.06092049108712683,0.0,0.797250134114383,0.457470758784041,-2.204545952253143,-1.6981062501353914,-0.10721185434612424,0.21712316194139847,0.15488368778749323,-0.056490000000000005,0.12105,0.08070000000000001,6.879915227814669e-05,0.0,-0.00011666347189079089,0.00015200468821422898,0.0,-9.843853286698141e-05
846,8.460375600028783,circle,0.20398106318197068,0.04351477457644373,4.108699969947338,10.055799968540668,124371.0,124371.0,0.0,0.0,8.77,5e-05,1e-08,100.0,0.01,-0.051973955191997365,0.0,0.24833332059047594,-0.05216972996152139,0.0,0.2483905963598262,-0.003595474625133208,0.0,0.011539153440975069,0.5775184745205768,0.0,2.316138387254705,-0.5936694701785377,0.0,-2.4403648345839626,0.07431535823367297,0.0,0.7742276037814162,0.457470758784041,-2.204545952253143,-1.696572269347506,-0.10640792960982112,0.21522070463263177,0.15156877616704717,-0.05918,0.12105,0.08608,1.1304581465118417e-05,0.0,7.560027558992837e-05,0.0001844701880589052,0.0,-0.00013287604494017407
847,8.470531899947673,circle,0.19862973105014034,0.06808719812608856,4.439400043338537,10.15629991889,124371.0,124371.0,0.0,0.0,8.77,5e-05,1e-08,100.0,0.01,-0.052031311545583214,0.0,0.24851789580621278,-0.05220269470532202,0.0,0.2484174887217267,-0.003577769562756157,0.0,0.011544655251649846,0.5796847314328746,0.0,2.2971627436054853,-0.5935152640738601,0.0,-2.4385261991161267,0.076003766588465,0.0,0.7668103398992606,0.457470758784041,-2.204545952253143,-1.6950382885596202,-0.10656448483090974,0.21453195397794575,0.15061314432291134,-0.05918,0.12105,0.08608,7.991409657893625e-06,0.0,9.528344721330396e-05,0.00016339175008090907,0.0,5.123637272777637e-06
848,8.480036800028756,circle,0.2158116829605045,0.08019677814543105,4.148500040173531,9.504900081083179,124371.0,124371.0,0.0,0.0,8.77,5e-05,1e-08,100.0,0.01,-0.052031311545583214,0.0,0.24851789580621278,-0.05223357106514228,0.0,0.2484426245019197,-0.003577769562756157,0.0,0.011544655251649846,0.5760876048191141,0.0,2.2980468184572973,-0.5922852213945882,0.0,-2.440106336424857,0.07378799214197541,0.0,0.7675453437600886,0.457470758784041,-2.204545952253143,-1.6950382885596202,-0.10675180037784916,0.21453078898222033,0.15074728788993305,-0.056490000000000005,0.11836,0.08070000000000001,6.37443956405684e-05,0.0,-8.188731941702633e-05,0.0001385151239184973,0.0,0.00015715862371010493
849,8.490533099975437,circle,0.2411203830224644,0.07799922243251789,3.697700100019574,10.496299946680665,124371.0,124371.0,0.0,0.0,8.77,5e-05,1e-08,100.0,0.01,-0.052031311545583214,0.0,0.24851789580621278,-0.05226769700565498,0.0,0.2484703463227712,-0.002683327172067118,0.0,0.008658491438737386,0.5577708953887135,0.0,2.3454860703508307,-0.590991359080497,0.0,-2.4415982752419003,0.057558902820353225,0.0,0.7868710946848162,0.457470758784041,-2.204545952253143,-1.6950382885596202,-0.10851562559470083,0.21580497147880798,0.15375801973015335,-0.056490000000000005,0.11836,0.08070000000000001,6.705171506947888e-05,0.0,-7.731661659205521e-05,0.0001693337450022852,0.0,0.0001248661000336276
850,8.500394199974835,circle,0.29531298128310784,0.12188903661723338,3.949899924919009,9.861099999397993,124371.0,124371.0,0.0,0.0,8.77,5e-05,1e-08,100.0,0.01,-0.05208838469696271,0.0,0.24870255878829792,-0.052299785504461044,0.0,0.24849635632588932,-0.002670042059890217,0.0,0.008662597422346556,0.558993543936739,0.0,2.329377175712141,-0.5909050165558546,0.0,-2.4391310912602524,0.05836241094889701,0.0,0.7806242850329214,0.457470758784041,-2.204545952253143,-1.6935043077717344,-0.10890565978602859,0.21514297040432334,0.15300097335220034,-0.05918,0.11836,0.08339,4.474521204964521e-06,0.0,0.00012785666261378933,0.00020692628629336804,0.0,7.834579979481074e-05
851,8.510558599838987,circle,0.3032762497714755,0.04238235858228584,3.663300070911646,10.164399864152074,124371.0,124371.0,0.0,0.0,8.77,5e-05,1e-08,100.0,0.01,-0.05208838469696271,0.0,0.24870255878829792,-0.05233288904865358,0.0,0.2485231316284818,-0.002670042059890217,0.0,0.008662597422346556,0.5552162036297383,0.0,2.329809980281409,-0.5897314589248788,0.0,-2.4399924160630375,0.05609369199411586,0.0,0.7812188520062561,0.457470758784041,-2.204545952253143,-1.6935043077717344,-0.10915846717025442,0.21509629852055995,0.15312898064181574,-0.05918,0.11567000000000001,0.08339,6.08171758562119e-05,0.0,-4.4636360940145635e-05,0.00018368717583465852,0.0,0.0002240635207562602
852,8.520552600035444,circle,0.4033542210260047,0.15512411488341213,4.599699983373284,9.99400019645691,124371.0,124371.0,0.0,0.0,8.77,5e-05,1e-08,100.0,0.01,-0.0521451745118372,0.0,0.24888730910220147,-0.052365465402320704,0.0,0.2485494236908717,-0.0026567506662648834,0.0,0.008666683021574795,0.5564736848877719,0.0,2.313091236514462,-0.5896396206591782,0.0,-2.437208934164924,0.057013358913342325,0.0,0.7747539425372489,0.457470758784041,-2.204545952253143,-1.691970326983849,-0.10954147211054824,0.21441229399314748,0.15234019383684033,-0.06187,0.12105,0.08339,4.7593265196494935e-06,0.0,0.00014424814224877467,0.00021553156396385487,0.0,0.00019363726908098336
853,8.530078199924901,circle,0.40132856224028995,0.03155003032059543,4.171599866822362,9.525599889457226,124371.0,124371.0,0.0,0.0,8.77,5e-05,1e-08,100.0,0.01,-0.0521451745118372,0.0,0.24888730910220147,-0.05239654055866155,0.0,0.24857445174592907,-0.0026567506662648834,0.0,0.008666683021574795,0.552917178320038,0.0,2.313018277163936,-0.5885035848419062,0.0,-2.437744587166321,0.05493418961545073,0.0,0.77514176808085,0.457470758784041,-2.204545952253143,-1.691970326983849,-0.1097720243514348,0.2143518598436077,0.15243584620370476,-0.06456,0.11836,0.08877,5.887268614199529e-05,0.0,-2.775909927555314e-05,0.00019249336068235753,0.0,0.00034061645554795333
854,8.54003439983353,circle,0.5235189175252718,0.18437503898003257,4.160500131547451,9.95619990862906,124371.0,124371.0,0.0,0.0,8.77,5e-05,1e-08,100.0,0.01,-0.052201680856574825,0.0,0.24907214631318822,-0.05242904711932279,0.0,0.2486005780365083,-0.0017623020140954584,0.0,0.005780498818290985,0.541104776227678,0.0,2.338863093510507,-0.5883906283772165,0.0,-2.4347104492679903,0.04322215928705208,0.0,0.7856694462474917,0.457470758784041,-2.204545952253143,-1.6904363461959633,-0.11134487559026685,0.21493252836253657,0.15422840402064406,-0.056490000000000005,0.11836,0.08339,5.853733123804692e-06,0.0,0.00015723786652159657,0.00022151252962415726,0.0,0.0003143304101583102
855,8.550041999900714,circle,0.5157172238403365,0.03266307759569005,4.085399908944964,10.007600067183375,124371.0,124371.0,0.0,0.0,8.77,5e-05,1e-08,100.0,0.01,-0.052201680856574825,0.0,0.24907214631318822,-0.05246174893225765,0.0,0.24862680503846038,-0.0017623020140954584,0.0,0.005780498818290985,0.5373458852334649,0.0,2.3386693694131133,-0.5871765965451962,0.0,-2.4351095489931542,0.0410396628590513,0.0,0.786039542950644,0.457470758784041,-2.204545952253143,-1.6904363461959633,-0.11164262677636885,0.21483983094717354,0.1543345941012555,-0.05918,0.11836,0.08070000000000001,6.291466688484939e-05,0.0,-2.0682510623093507e-05,0.00019715340879797392,0.0,0.0004660237853509331
856,8.56036869995296,circle,0.7652572993605605,0.5808697999843184,3.9971000514924526,10.326700052246451,124371.0,124371.0,0.0,0.0,8.77,5e-05,1e-08,100.0,0.01,-0.05207061219588881,0.0,0.24929028359616698,-0.05249552226258983,0.0,0.2486538323651675,-0.0017534327696514674,0.0,0.005783195353963989,0.5177855077860687,0.0,2.3179075656100143,-0.583341965038045,0.0,-2.4313228497439954,0.03066537552562,0.0,0.7814747485120571,0.457470758784041,-2.203011971465257,-1.6904363461959633,-0.11436867662907868,0.21262418681106288,0.1543946233585031,-0.06456,0.11836,0.08339,0.00019872177774539034,0.0,0.0001962377884750242,0.00022618828895562993,0.0,0.00044021344252445546
857,8.570463999873027,circle,0.8909322486154821,0.22044300183985124,3.7525000516325235,10.095299920067191,124371.0,124371.0,0.0,0.0,8.77,5e-05,1e-08,100.0,0.01,-0.052126551202125296,0.0,0.24947529329629703,-0.05252856703571622,0.0,0.24868021874560053,-0.0017445593994761342,0.0,0.005785878280747257,0.5163016813718682,0.0,2.296542277521629,-0.5832057182126121,0.0,-2.428005684253015,0.030584857440672356,0.0,0.7736807927636802,0.457470758784041,-2.203011971465257,-1.688902365408078,-0.11489337035279534,0.21172211220427153,0.15344768991858926,-0.06725,0.11567000000000001,0.08877,7.060707479111892e-06,0.0,0.00017190518103603965,0.0003949551261118122,0.0,0.0006231693696604555
858,8.580026299925521,circle,0.6291107322958931,0.4668967305685552,4.102499922737479,9.56230005249381,124371.0,124371.0,0.0,0.0,8.77,5e-05,1e-08,100.0,0.01,-0.052257903598210656,0.0,0.24925706998631822,-0.05255989285783245,0.0,0.24870517977933593,-0.0017534327696514674,0.0,0.005783195353963989,0.5272855827996732,0.0,2.320025132858137,-0.584728943024105,0.0,-2.4325909457179784,0.035577188897420314,0.0,0.780234450405623,0.457470758784041,-2.204545952253143,-1.688902365408078,-0.11296700883691227,0.21380281853335917,0.15380835757854863,-0.06456,0.11567000000000001,0.08070000000000001,-7.89379479830748e-05,0.0,-0.00023762160928520728,0.00038092720760486665,0.0,0.000789511816267499
859,8.590030499966815,circle,0.5187422517970381,0.4057697044512422,4.2166998609900475,10.004200041294098,124371.0,124371.0,0.0,0.0,8.77,5e-05,1e-08,100.0,0.01,-0.052201680856574825,0.0,0.24907214631318822,-0.05259269306871479,0.0,0.24873126074036814,-0.0017623020140954584,0.0,0.005780498818290985,0.5190860498402989,0.0,2.3478615359560724,-0.5824505771760625,0.0,-2.4364765002839364,0.029249667216172122,0.0,0.7915166466095854,0.457470758784041,-2.204545952253143,-1.6904363461959633,-0.1134337722491575,0.21465380886759522,0.15540923542352567,-0.06456,0.12105,0.08339,0.00011807155676707252,0.0,-0.00020136075902832005,0.00027294065537288893,0.0,0.0005422463318484022
860,8.600361299933866,circle,0.6203593986618796,0.2959858116503697,4.0963999927043915,10.330799967050552,124371.0,124371.0,0.0,0.0,8.77,5e-05,1e-08,100.0,0.01,-0.052257903598210656,0.0,0.24925706998631822,-0.0526265927411516,0.0,0.24875815706868068,-0.0008767163848257337,0.0,0.0028915976769819944,0.5060767686762001,0.0,2.377170145731887,-0.5821398322058032,0.0,-2.4326420866200267,0.016404447044817454,0.0,0.8034858290838239,0.457470758784041,-2.204545952253143,-1.688902365408078,-0.11517834409183722,0.2153183609996272,0.15742070168463632,-0.06725,0.11836,0.08339,1.6103709782858686e-05,0.0,0.00019871048847388466,0.00035258543315808355,0.0,0.0003002024291636549
861,8.610246199881658,circle,0.5406500749541875,0.299924121753928,4.349800059571862,9.884899947792292,124371.0,124371.0,0.0,0.0,8.77,5e-05,1e-08,100.0,0.01,-0.052201680856574825,0.0,0.24907214631318822,-0.052659056451948606,0.0,0.24878385814432857,-0.0008811510070477292,0.0,0.0028902494091454923,0.49601487892915147,0.0,2.3965249653310394,-0.5797093608159251,0.0,-2.435656885935185,0.010009816328555066,0.0,0.8118890327174052,0.457470758784041,-2.204545952253143,-1.6904363461959633,-0.11574810283521426,0.2157970783517673,0.15866055249318348,-0.06456,0.12105,0.08339,0.00012595410913804892,0.0,-0.0001562356847943842,0.00033142148623573205,0.0,0.00044452385365403033
862,8.62037570006214,circle,0.5562318823557559,0.044582935542289474,4.4241000432521105,10.129500180482864,124371.0,124371.0,0.0,0.0,8.77,5e-05,1e-08,100.0,0.01,-0.052201680856574825,0.0,0.24907214631318822,-0.052692351053560293,0.0,0.2488101603121514,-0.0008811510070477292,0.0,0.0028902494091454923,0.4898728643976584,0.0,2.4023880117243044,-0.5782752574414082,0.0,-2.435241561618158,0.005719164112744124,0.0,0.8147375204721067,0.457470758784041,-2.204545952253143,-1.6904363461959633,-0.11642474830572522,0.21581576509578015,0.15917086196044092,-0.06456,0.11836,0.08877,7.431941544400943e-05,0.0,2.1523316247354276e-05,0.0004163507815414588,0.0,0.00024046268478947484
863,8.630460700020194,circle,0.6290541718289707,0.3611133626743583,3.759999992325902,10.084999958053231,124371.0,124371.0,0.0,0.0,8.77,5e-05,1e-08,100.0,0.01,-0.052257903598210656,0.0,0.24925706998631822,-0.052725527085732964,0.0,0.2488363118313017,0.0,0.0,0.0,0.4778547368248162,0.0,2.4273344220324184,-0.5779695187733869,0.0,-2.4310033789887053,-0.006057608381142302,0.0,0.8250288634047259,0.457470758784041,-2.204545952253143,-1.688902365408078,-0.11793655284573583,0.21639274710815332,0.16090996300545904,-0.06187,0.11836,0.08877,1.5844268613919783e-05,0.0,0.00021963497273827775,0.0004517792189083878,0.0,0.00020112318227824295
864,8.640377499861643,circle,0.594854645993767,0.317186514928872,3.8497999776154757,9.916799841448665,124371.0,124371.0,0.0,0.0,8.77,5e-05,1e-08,100.0,0.01,-0.052201680856574825,0.0,0.24907214631318822,-0.052758176713496294,0.0,0.2488619930094083,0.0,0.0,0.0,0.46771154108549634,0.0,2.44626297029659,-0.5754169918121708,0.0,-2.4340601635507424,-0.012425601330539568,0.0,0.8332646896918096,0.457470758784041,-2.204545952253143,-1.6904363461959633,-0.11860124797840206,0.21681208724854956,0.1621502429010284,-0.06456,0.11836,0.09146,0.00013227938448061104,0.0,-0.0001584114826209158,0.00042421647244085737,0.0,0.0003685647864008244
865,8.650404899846762,circle,0.887007098908524,1.4897934040601792,3.8713000249117613,10.0273999851197,124371.0,124371.0,0.0,0.0,8.77,5e-05,1e-08,100.0,0.01,-0.052126551202125296,0.0,0.24947529329629703,-0.052791217575514165,0.0,0.248887926115055,0.0,0.0,0.0,0.45319355194802385,0.0,2.407683864730317,-0.5723683966498809,0.0,-2.425985775788226,-0.0195325630005686,0.0,0.8215504534070427,0.457470758784041,-2.203011971465257,-1.688902365408078,-0.12110780176352817,0.2140885959767797,0.16118618911571475,-0.06456,0.11836,0.09415,0.00015798708406438843,0.0,0.00041843830036355833,0.0005066792893244813,0.0,0.00016892888087846836
866,8.660376099869609,circle,0.6621900734098265,0.32500291847459256,3.793699899688363,9.97120002284646,124371.0,124371.0,0.0,0.0,8.77,5e-05,1e-08,100.0,0.01,-0.052257903598210656,0.0,0.24925706998631822,-0.05282410024039894,0.0,0.2489136794568955,0.0,0.0,0.0,0.46096023136837894,0.0,2.4264541595676703,-0.5733648906198975,0.0,-2.4298918154310676,-0.01585988086048277,0.0,0.8267003966603471,0.457470758784041,-2.204545952253143,-1.688902365408078,-0.11968919412790843,0.21579236460896523,0.1614698776528275,-0.06456,0.12105,0.08608,-5.164122103126496e-05,0.0,-0.00020242235540023025,0.0006178378632195516,0.0,0.0005458128848229571
867,8.67029509996064,circle,0.6780283463782609,0.04912810296087112,4.025500034913421,9.919000091031194,124371.0,124371.0,0.0,0.0,8.77,5e-05,1e-08,100.0,0.01,-0.052257903598210656,0.0,0.24925706998631822,-0.05285683742486627,0.0,0.24893926389798746,0.0,0.0,0.0,0.45830811128026466,0.0,2.4331302554526246,-0.5718076916158966,0.0,-2.4300694003684424,-0.018201832960793238,0.0,0.8294372359589808,0.457470758784041,-2.204545952253143,-1.688902365408078,-0.11995773254072364,0.2159816034616477,0.16188550415378813,-0.06725,0.12105,0.09415,8.069858963014054e-05,0.0,-9.202968887654932e-06,0.0005182352370254744,0.0,0.0003270090572184181
868,8.680366900051013,circle,0.6963214883449195,0.06644242287946288,4.229000071063638,10.071800090372562,124371.0,124371.0,0.0,0.0,8.77,5e-05,1e-08,100.0,0.01,-0.052257903598210656,0.0,0.24925706998631822,-0.05289010609232212,0.0,0.24896520765306823,0.0,0.0,0.0,0.4530428924792198,0.0,2.4361162550752398,-0.569987925675971,0.0,-2.429966574944253,-0.021641066929959287,0.0,0.8311421110840101,0.457470758784041,-2.204545952253143,-1.688902365408078,-0.12050079980031239,0.21593012908018816,0.16221681244197728,-0.06456,0.11836,0.09146,9.430557329645527e-05,0.0,5.32871308604586e-06,0.0005378969208150101,0.0,0.00028653362016394115
869,8.690380200045183,circle,0.7260802897832149,0.4192958008003995,3.819399978965521,10.013299994170666,124371.0,124371.0,0.0,0.0,8.77,5e-05,1e-08,100.0,0.01,-0.052201680856574825,0.0,0.24907214631318822,-0.05292320863226682,0.0,0.24899096592074868,0.0,0.0,0.0,0.4413355857879336,0.0,2.45918806500605,-0.5670192198093503,0.0,-2.433452485946776,-0.029414838274307076,0.0,0.8410482779556586,0.457470758784041,-2.204545952253143,-1.6904363461959633,-0.12132221464051354,0.21646968354335855,0.1637125993381479,-0.06994,0.12105,0.09146,0.0001538469879877256,0.0,-0.0001806500651214527,0.0005676807877042707,0.0,0.00026183045756099203
870,8.700400399975479,circle,0.9480957403818413,1.4892295523864152,3.8809000980108976,10.020199930295348,124371.0,124371.0,0.0,0.0,8.77,5e-05,1e-08,100.0,0.01,-0.052126551202125296,0.0,0.24947529329629703,-0.0529563610019786,0.0,0.24901670717679752,0.0,0.0,0.0,0.42638942281682735,0.0,2.421016761048961,-0.5636509719779411,0.0,-2.42550790388316,-0.03681067318361529,0.0,0.8295682935564648,0.457470758784041,-2.203011971465257,-1.688902365408078,-0.12387605937633042,0.21374730021152077,0.16278190027542533,-0.06725,0.12105,0.09146,0.000174552416756723,0.0,0.00041171139082900473,0.0006552573830965794,0.0,4.6874728670499724e-05
871,8.710394300054759,circle,0.7624114279008734,0.3337982265649454,4.638700047507882,9.993900079280138,124371.0,124371.0,0.0,0.0,8.77,5e-05,1e-08,100.0,0.01,-0.052257903598210656,0.0,0.24925706998631822,-0.052989453243451036,0.0,0.24904234620574764,0.0,0.0,0.0,0.4338135229484082,0.0,2.4399039330830745,-0.5643311237297759,0.0,-2.429536216795872,-0.03336276125393314,0.0,0.834783992673945,0.457470758784041,-2.204545952253143,-1.688902365408078,-0.1224910544944908,0.21544602900894522,0.16308448312270013,-0.06994,0.12105,0.09146,-3.524744555224806e-05,0.0,-0.00020875891251506565,0.000766797090792628,0.0,0.00042348269308564604
872,8.720396799966693,circle,0.787730693572791,0.07265718287416917,3.8614999502897263,10.002499911934137,124371.0,124371.0,0.0,0.0,8.77,5e-05,1e-08,100.0,0.01,-0.052257903598210656,0.0,0.24925706998631822,-0.05302260081030135,0.0,0.24906797260553945,0.0,0.0,0.0,0.4307997535050715,0.0,2.4467062895074294,-0.5624515553023864,0.0,-2.429852573667884,-0.035931662735814926,0.0,0.8376093144885955,0.457470758784041,-2.204545952253143,-1.688902365408078,-0.12279697245600599,0.21562845259014113,0.16351907586437833,-0.06725,0.11836,0.08608,9.74047124445691e-05,0.0,-1.6394534883200617e-05,0.0006672924996461248,0.0,0.00020549191566196943
873,8.730365099851042,circle,0.8542472237099062,0.4710731216754769,3.8960000965744257,9.968299884349108,124371.0,124371.0,0.0,0.0,8.77,5e-05,1e-08,100.0,0.01,-0.052201680856574825,0.0,0.24907214631318822,-0.053055661727760425,0.0,0.24909347682807104,0.0,0.0,0.0,0.41903762714147735,0.0,2.470169337825868,-0.5592282303973783,0.0,-2.4334807733096526,-0.043783808247669385,0.0,0.8476482769165001,0.457470758784041,-2.204545952253143,-1.6904363461959633,-0.12362244009181454,0.21618249078510798,0.1650360265715864,-0.06725,0.11836,0.08877,0.00016704208844569874,0.0,-0.00018802387699648194,0.0006869387827399013,0.0,0.00016669336211366505
874,8.740368600003421,circle,1.0261427813643795,1.4866338131832906,3.8812998682260513,10.003500152379274,124371.0,124371.0,0.0,0.0,8.77,5e-05,1e-08,100.0,0.01,-0.052126551202125296,0.0,0.24947529329629703,-0.05308886613694332,0.0,0.24911903640306912,0.0,0.0,0.0,0.4038313906832767,0.0,2.4321202120416494,-0.5555872857844079,0.0,-2.425665710099131,-0.051337885919341394,0.0,0.8362733819193787,0.457470758784041,-2.203011971465257,-1.688902365408078,-0.12620589668439575,0.21345519450360861,0.16411918565943293,-0.06725,0.12105,0.09146,0.00018868435853945664,0.0,0.00040499934647989893,0.0007736305762785707,0.0,-4.874245325199139e-05
875,8.750365499872714,circle,0.8714670775983169,0.35032761229668324,3.8294000551104546,9.996899869292974,124371.0,124371.0,0.0,0.0,8.77,5e-05,1e-08,100.0,0.01,-0.052257903598210656,0.0,0.24925706998631822,-0.053122075368545685,0.0,0.24914454435060007,0.0,0.0,0.0,0.410970100493708,0.0,2.4511222699428385,-0.555992259063614,0.0,-2.4298313285715745,-0.04807942549770711,0.0,0.8415501228573338,0.457470758784041,-2.204545952253143,-1.688902365408078,-0.12484886824044654,0.21515046022775733,0.16443836767220515,-0.06725,0.12105,0.09146,-2.0986895307452597e-05,0.0,-0.0002158744866903864,0.0008851586656424814,0.0,0.0003284001224085334
876,8.760365499882028,circle,0.9586506030990674,0.5384901752284806,3.864599857479334,10.000000009313226,124371.0,124371.0,0.0,0.0,8.77,5e-05,1e-08,100.0,0.01,-0.052201680856574825,0.0,0.24907214631318822,-0.053155321596454724,0.0,0.24917002541240518,0.0,0.0,0.0,0.4014723780890856,0.0,2.478432164578565,-0.5527471556066098,0.0,-2.4338802558757826,-0.05505757979785911,0.0,0.8527066987331444,0.457470758784041,-2.204545952253143,-1.6904363461959633,-0.12543487397857894,0.21594010642445693,0.16605992783123008,-0.06994,0.11836,0.08339,0.0001681707164667565,0.0,-0.00020982721034697106,0.0007854700234131425,0.0,0.00011194811113000793
877,8.770325700053945,circle,0.9326016269984517,0.27150171566675596,3.9637000299990177,9.960200171917677,124371.0,124371.0,0.0,0.0,8.77,5e-05,1e-08,100.0,0.01,-0.052257903598210656,0.0,0.24925706998631822,-0.05318846201145587,0.0,0.24919537043835627,0.0,0.0,0.0,0.40073233878119324,0.0,2.4648376488808124,-0.5514469627362881,0.0,-2.430432853334259,-0.05569910892431339,0.0,0.8477372810168412,0.457470758784041,-2.204545952253143,-1.688902365408078,-0.12589718322922339,0.21537941815818645,0.16546298106947419,-0.06994,0.11567000000000001,0.09146,6.737978293882175e-05,0.0,0.00017865444446955232,0.0008631786303063921,0.0,-0.00011695489650760034
878,8.78003460005857,circle,1.0297865163314404,0.4953792381115629,4.156900104135275,9.70890000462532,124371.0,124371.0,0.0,0.0,8.77,5e-05,1e-08,100.0,0.01,-0.052201680856574825,0.0,0.24907214631318822,-0.05322079170591628,0.0,0.24922004271602677,0.0,0.0,0.0,0.38963160338456526,0.0,2.4844460016149377,-0.5479711426776288,0.0,-2.4339948242529217,-0.06270929138311185,0.0,0.8562777508951377,0.457470758784041,-2.204545952253143,-1.6904363461959633,-0.12665615781558076,0.2157952019137015,0.16677147739372333,-0.06994,0.12643000000000001,0.08608,0.00018012712300823465,0.0,-0.00018459171159315718,0.0008389837263332203,0.0,3.6695308754608415e-05
879,8.79002989991568,circle,1.0665873125829255,0.12866408085257267,4.1573999915272,9.995299857109785,124371.0,124371.0,0.0,0.0,8.77,5e-05,1e-08,100.0,0.01,-0.052201680856574825,0.0,0.24907214631318822,-0.053254101271778105,0.0,0.24924540844126652,0.0,0.0,0.0,0.3824440464907106,0.0,2.4907529587361803,-0.5454483284256936,0.0,-2.4342567637361254,-0.0676654245684857,0.0,0.8594099635927229,0.457470758784041,-2.204545952253143,-1.6904363461959633,-0.12739460930099644,0.21581788975016603,0.16733109026145854,-0.06725,0.11567000000000001,0.09684000000000001,0.00013073958531114325,0.0,-1.3574467238089692e-05,0.0009216808298921366,0.0,-0.00015968766084021563
880,8.800382900051773,circle,1.0308303028713397,0.28249175138285826,3.8448001723736525,10.353000136092305,124371.0,124371.0,0.0,0.0,8.77,5e-05,1e-08,100.0,0.01,-0.052257903598210656,0.0,0.24925706998631822,-0.05328863085499242,0.0,0.24927164515166741,0.0,0.0,0.0,0.3822718747522835,0.0,2.4734672393480985,-0.544005526492747,0.0,-2.430786474101033,-0.06754071356750178,0.0,0.8530467982760706,0.457470758784041,-2.204545952253143,-1.688902365408078,-0.1278030329821684,0.21512240989934187,0.16653611836739474,-0.06994,0.11836,0.09684000000000001,7.477020008700484e-05,0.0,0.00017984052034488254,0.0009559570566947598,0.0,-0.000194415685694078
881,8.81043259985745,circle,1.0650241541935799,0.13593450797744427,5.461700027808547,10.049699805676937,124371.0,124371.0,0.0,0.0,8.77,5e-05,1e-08,100.0,0.01,-0.052257903598210656,0.0,0.24925706998631822,-0.05332217605149128,0.0,0.24929707741317608,0.0,0.0,0.0,0.3770914694043888,0.0,2.4727481919398677,-0.5414102215081319,0.0,-2.4310336935090575,-0.07049343971308027,0.0,0.8533962379726686,0.457470758784041,-2.204545952253143,-1.688902365408078,-0.12834087938171357,0.2149196288145786,0.16668620255208774,-0.07263,0.12105,0.09146,0.0001344962662963577,0.0,-1.2811630052108139e-05,0.0009297761869842687,0.0,-2.7195796805755043e-05
882,8.820425800047815,circle,1.0995939517569349,0.15588253336193567,5.441899877041578,9.993200190365314,124371.0,124371.0,0.0,0.0,8.77,5e-05,1e-08,100.0,0.01,-0.052257903598210656,0.0,0.24925706998631822,-0.05335555917754058,0.0,0.2493223316742087,0.0,0.0,0.0,0.37077659764581805,0.0,2.4757276396273222,-0.5386789744410285,0.0,-2.4316119807443792,-0.07454740794358429,0.0,0.8552224757595472,0.457470758784041,-2.204545952253143,-1.688902365408078,-0.12899279830333396,0.2148328557330741,0.1670546188059241,-0.06994,0.11836,0.09146,0.00014154118110814543,0.0,-2.9968529501792247e-05,0.0009561143982217818,0.0,-3.529315838868546e-05
883,8.830447499873117,circle,1.1347791634556434,0.16365310056087967,5.071199964731932,10.021699825301766,124371.0,124371.0,0.0,0.0,8.77,5e-05,1e-08,100.0,0.01,-0.052257903598210656,0.0,0.24925706998631822,-0.053389064032001735,0.0,0.2493476228594845,0.0,0.0,0.0,0.3643123075304247,0.0,2.47904203464293,-0.5358890926972012,0.0,-2.4322438152824533,-0.07872847841997528,0.0,0.8571879592530202,0.457470758784041,-2.204545952253143,-1.688902365408078,-0.1296598881375332,0.2147550311169529,0.16744447198723628,-0.07263,0.11836,0.09415,0.00014457980090104355,0.0,-3.274350675229991e-05,0.000986580632890035,0.0,-5.7809366413983114e-05
884,8.840155199868605,circle,1.1693113723351365,0.16761490052496833,4.753399873152375,9.707699995487928,124371.0,124371.0,0.0,0.0,8.77,5e-05,1e-08,100.0,0.01,-0.052257903598210656,0.0,0.24925706998631822,-0.05342154440329484,0.0,0.24937208808148287,0.0,0.0,0.0,0.3579036082469555,0.0,2.4823205138564415,-0.5330675129844409,0.0,-2.4328914517165643,-0.08287272465058285,0.0,0.8591338516350931,0.457470758784041,-2.204545952253143,-1.688902365408078,-0.13032124919449548,0.2146775673778678,0.16783061662074636,-0.07263,0.11836,0.09415,0.00014622248201017754,0.0,-3.3562407047242485e-05,0.0010174183230740098,0.0,-8.145568811740596e-05
885,8.85011879983358,circle,1.2946859563489415,0.6835885955334731,4.346800036728382,9.96359996497631,124371.0,124371.0,0.0,0.0,8.77,5e-05,1e-08,100.0,0.01,-0.052201680856574825,0.0,0.24907214631318822,-0.05345490681924414,0.0,0.24939716386972746,0.0,0.0,0.0,0.34516690131836475,0.0,2.506067140752763,-0.5290848203132938,0.0,-2.437171356956621,-0.09133046138625008,0.0,0.8693385633403532,0.457470758784041,-2.204545952253143,-1.6904363461959633,-0.13124340833089077,0.21521097912446333,0.1693972661667717,-0.07532,0.11836,0.09415,0.00020639473867252564,0.0,-0.00022179715998780973,0.0010468312239967903,0.0,-0.0001032203965514324
886,8.860266000032425,circle,1.242095386034958,0.23731197138107385,4.197699949145317,10.147200198844075,124371.0,124371.0,0.0,0.0,8.77,5e-05,1e-08,100.0,0.01,-0.052257903598210656,0.0,0.24925706998631822,-0.05348891088014948,0.0,0.2494226659398404,0.0,0.0,0.0,0.34359381917419274,0.0,2.492719573828252,-0.5272308907237535,0.0,-2.434268161536729,-0.09248925278108762,0.0,0.8645967668961543,0.457470758784041,-2.204545952253143,-1.688902365408078,-0.13179501791386636,0.214632678541577,0.16884090387918171,-0.06994,0.12105,0.09146,9.607603316281717e-05,0.0,0.00015045204575909663,0.0011349312487760085,0.0,-0.0003160479992812651
887,8.870400700019673,circle,1.3736672817678204,0.6674883844248065,4.19729994609952,10.134699987247586,124371.0,124371.0,0.0,0.0,8.77,5e-05,1e-08,100.0,0.01,-0.052201680856574825,0.0,0.24907214631318822,-0.053522900081477594,0.0,0.24944810051351948,0.0,0.0,0.0,0.3317552123063375,0.0,2.5129535909066543,-0.5231930198308185,0.0,-2.43839974935175,-0.10000613411207097,0.0,0.8734105601051173,0.457470758784041,-2.204545952253143,-1.6904363461959633,-0.1326266451935434,0.21504996434770163,0.1702068156662132,-0.07263,0.12105,0.09684000000000001,0.0002092542348995014,0.0,-0.0002141109188669091,0.001111964990003267,0.0,-0.00016184328146435416
888,8.880381299881265,circle,1.3163451270881474,0.23328901007380162,3.9724998641759157,9.980599861592054,124371.0,124371.0,0.0,0.0,8.77,5e-05,1e-08,100.0,0.01,-0.052257903598210656,0.0,0.24925706998631822,-0.053556398832976054,0.0,0.24947311308132536,0.0,0.0,0.0,0.330183417904296,0.0,2.4994045306192816,-0.5212208159615096,0.0,-2.435611405326782,-0.1011405473676116,0.0,0.8686049299390183,0.457470758784041,-2.204545952253143,-1.688902365408078,-0.1331791060718629,0.21446328802556158,0.16964048969490333,-0.07532,0.11836,0.09415,0.00010220535095863061,0.0,0.00014450011182925591,0.0011962898838067677,0.0,-0.00036054320683639605
889,8.890226499876007,circle,1.3531420921043575,0.19674868426458067,4.148600157350302,9.84519999474287,124371.0,124371.0,0.0,0.0,8.77,5e-05,1e-08,100.0,0.01,-0.052257903598210656,0.0,0.24925706998631822,-0.05358946872511841,0.0,0.2494977520052305,0.0,0.0,0.0,0.3245272452932148,0.0,2.4992807048058703,-0.5181568481451787,0.0,-2.4362818793633543,-0.10444243123229859,0.0,0.8692266065192757,0.457470758784041,-2.204545952253143,-1.688902365408078,-0.1337657142457268,0.21426939335933076,0.1698361649667561,-0.07532,0.11836,0.09684000000000001,0.0001587837397884148,0.0,-3.474591814919039e-05,0.0011727813871193402,0.0,-0.00020593610076309008
890,8.900331999873742,circle,1.391190266891434,0.22771530134612014,4.032300086691976,10.105499997735023,124371.0,124371.0,0.0,0.0,8.77,5e-05,1e-08,100.0,0.01,-0.052257903598210656,0.0,0.24925706998631822,-0.05362343936152453,0.0,0.24952300689200124,0.0,0.0,0.0,0.317678942192535,0.0,2.5026825609120893,-0.5149326226273445,0.0,-2.437276934576623,-0.10885899074562506,0.0,0.8712691196197211,0.457470758784041,-2.204545952253143,-1.688902365408078,-0.13447254002853198,0.21418239312944098,0.17024391560359764,-0.07532,0.11836,0.09415,0.00016708876082648246,0.0,-5.15666604644488e-05,0.001198447002487389,0.0,-0.00021437024521857417
891,8.910467199981213,circle,1.4296109841368336,0.23846413552443713,4.486399935558438,10.135200107470155,124371.0,124371.0,0.0,0.0,8.77,5e-05,1e-08,100.0,0.01,-0.052257903598210656,0.0,0.24925706998631822,-0.053657536662441656,0.0,0.24954829988086208,0.0,0.0,0.0,0.31065635702939864,0.0,2.506413001498953,-0.5116419529862577,0.0,-2.438323213740829,-0.11341648222132789,0.0,0.873451498912829,0.457470758784041,-2.204545952253143,-1.688902365408078,-0.1351971211392619,0.2141032469677325,0.17067368358730187,-0.07532,0.11836,0.09953000000000001,0.00017053208889304282,0.0,-5.4221234854310256e-05,0.001229100975337957,0.0,-0.00023700865968954936
892,8.920327099971473,circle,1.467219122855278,0.24442339297178023,4.047400085255504,9.859899990260601,124371.0,124371.0,0.0,0.0,8.77,5e-05,1e-08,100.0,0.01,-0.052257903598210656,0.0,0.24925706998631822,-0.05369073352907921,0.0,0.24957287110043821,0.0,0.0,0.0,0.3036677157986201,0.0,2.510116496629108,-0.5083113870796182,0.0,-2.439385522730775,-0.11795089953186662,0.0,0.8756200958462925,0.457470758784041,-2.204545952253143,-1.688902365408078,-0.13591820938955507,0.214024112516846,0.17110094613007584,-0.07263,0.12105,0.09684000000000001,0.00017259962962055259,0.0,-5.505194713058731e-05,0.0012602303012479998,0.0,-0.00026074916698940836
893,8.930382400052622,circle,1.5057893352462983,0.2557645701328287,4.013600060716271,10.055300081148744,124371.0,124371.0,0.0,0.0,8.77,5e-05,1e-08,100.0,0.01,-0.052257903598210656,0.0,0.24925706998631822,-0.05372461439086403,0.0,0.24959789394799872,0.0,0.0,0.0,0.29656307259806736,0.0,2.513884745106388,-0.5049093067828636,0.0,-2.4404873748810543,-0.12256096781764764,0.0,0.8778258794178765,0.457470758784041,-2.204545952253143,-1.688902365408078,-0.13665126341184508,0.21394380103899677,0.1715354583506127,-0.07532,0.11836,0.09415,0.0001763057136892688,0.0,-5.7101188916801955e-05,0.0012904050789641077,0.0,-0.00028372277276370115
894,8.940163099905476,circle,1.637646503422065,0.9122446909706959,4.389300011098385,9.780699852854013,124371.0,124371.0,0.0,0.0,8.77,5e-05,1e-08,100.0,0.01,-0.052126551202125296,0.0,0.24947529329629703,-0.0537575952616272,0.0,0.249622199205416,0.0,0.0,0.0,0.27500665797711255,0.0,2.4935573914474642,-0.4989156333832265,0.0,-2.437374801391638,-0.13406736372410455,0.0,0.8738482441920777,0.457470758784041,-2.203011971465257,-1.688902365408078,-0.13951290716536915,0.21170508381193603,0.17166125487303102,-0.07801000000000001,0.11836,0.09415,0.0003106096194588569,0.0,0.00016130262739105393,0.0013204344400430446,0.0,-0.0003082085365100312
895,8.950472200056538,circle,1.6747398976960917,0.2765195949172341,4.255099920555949,10.309100151062012,124371.0,124371.0,0.0,0.0,8.77,5e-05,1e-08,100.0,0.01,-0.052126551202125296,0.0,0.24947529329629703,-0.053792384845667396,0.0,0.24964778096825757,0.0,0.0,0.0,0.2651376053708924,0.0,2.493210538659795,-0.4954104928231643,0.0,-2.4386157564271125,-0.1398072984549624,0.0,0.8748897764229242,0.457470758784041,-2.203011971465257,-1.688902365408078,-0.1405365630794373,0.21136105530565752,0.17199568532988588,-0.07532,0.11836,0.09684000000000001,0.00018164659682268192,0.0,-6.430990573452541e-05,0.0014841870467194181,0.0,-0.0001081777662260163
896,8.960117100039497,circle,1.6209754207573457,0.6738092997944627,4.344099899753928,9.644899982959032,124371.0,124371.0,0.0,0.0,8.77,5e-05,1e-08,100.0,0.01,-0.052257903598210656,0.0,0.24925706998631822,-0.053824957975905724,0.0,0.2496716805168721,0.0,0.0,0.0,0.27248488815273386,0.0,2.5210930722874103,-0.49459538505095335,0.0,-2.444362587232818,-0.13752920530596113,0.0,0.8832815435894112,0.457470758784041,-2.204545952253143,-1.688902365408078,-0.13914102275822834,0.21344020564084124,0.1727405247401697,-0.07532,0.11836,0.09415,4.2241259752278434e-05,0.0,-0.00029781751701096434,0.0015248131179427895,0.0,-0.00011679301354292396
897,8.97003769990988,circle,1.6597376244027093,0.2888680566686894,4.29339986294508,9.92059987038374,124371.0,124371.0,0.0,0.0,8.77,5e-05,1e-08,100.0,0.01,-0.052257903598210656,0.0,0.24925706998631822,-0.053858487376523184,0.0,0.2496962288988553,0.0,0.0,0.0,0.26793544164891014,0.0,2.5294945030975318,-0.49107930624980056,0.0,-2.4458050132092612,-0.14118712048068105,0.0,0.8868685866186673,0.457470758784041,-2.204545952253143,-1.688902365408078,-0.1396046421589059,0.2136379095806346,0.1733067788231216,-0.07801000000000001,0.12105,0.09684000000000001,0.0001822134483469755,0.0,-7.475071692557788e-05,0.0014183703299655527,0.0,-0.00036440819561149086
898,8.980067600030452,circle,1.6990763705299985,0.3143878676477228,4.212999949231744,10.029900120571256,124371.0,124371.0,0.0,0.0,8.77,5e-05,1e-08,100.0,0.01,-0.052257903598210656,0.0,0.24925706998631822,-0.053892412094823886,0.0,0.24972101231828692,0.0,0.0,0.0,0.26064082120166904,0.0,2.533616403312191,-0.48728252338826983,0.0,-2.4469468684035713,-0.14595028020332632,0.0,0.8892251906790435,0.457470758784041,-2.204545952253143,-1.688902365408078,-0.1403570549552675,0.21356597137257455,0.17376507379390735,-0.07801000000000001,0.11567000000000001,0.09953000000000001,0.00019676035064896367,0.0,-5.91742632161501e-05,0.0014377481459642658,0.0,-0.0004047680687525474
899,8.990363799966872,circle,1.7396052156403317,0.32995625948432544,4.097800003364682,10.296199936419725,124371.0,124371.0,0.0,0.0,8.77,5e-05,1e-08,100.0,0.01,-0.052257903598210656,0.0,0.24925706998631822,-0.053927264591374535,0.0,0.2497464166740417,0.0,0.0,0.0,0.25296225106791786,0.0,2.5375047457348776,-0.4833970762046593,0.0,-2.4481305546616605,-0.15091104441582276,0.0,0.8915422399111151,0.457470758784041,-2.204545952253143,-1.688902365408078,-0.141149506310985,0.2134715045167135,0.17422582349454388,-0.07801000000000001,0.11836,0.09415,0.00020135519416220027,0.0,-6.134207082522485e-05,0.001468005799001679,0.0,-0.00042800461689826604
900,9.000381199875847,circle,1.7791686748606634,0.3377433512117214,3.959099994972348,10.017399908974767,124371.0,124371.0,0.0,0.0,8.77,5e-05,1e-08,100.0,0.01,-0.052257903598210656,0.0,0.24925706998631822,-0.05396119962339173,0.0,0.24977109705195563,0.0,0.0,0.0,0.2452972840552754,0.0,2.5413565342085684,-0.47947478815567146,0.0,-2.4493564518928155,-0.1558595295272849,0.0,0.8938444155129459,0.457470758784041,-2.204545952253143,-1.688902365408078,-0.1419405833687662,0.2133759708698934,0.17468433082669907,-0.07532,0.11836,0.09684000000000001,0.00020326439515004407,0.0,-6.352956644045931e-05,0.0015000316300310284,0.0,-0.0004504974991969531
901,9.010365499882028,circle,1.8187224334275267,0.34876486007596685,3.9530000649392605,9.984300006181002,124371.0,124371.0,0.0,0.0,8.77,5e-05,1e-08,100.0,0.01,-0.052257903598210656,0.0,0.24925706998631822,-0.05399504826936598,0.0,0.24979566044420734,0.0,0.0,0.0,0.23760518327337327,0.0,2.5452377698321613,-0.47550006514159854,0.0,-2.4506370064465917,-0.1608273977336722,0.0,0.8961604837246506,0.457470758784041,-2.204545952253143,-1.688902365408078,-0.14273444579586184,0.21328075686144943,0.17514522195165189,-0.08070000000000001,0.12105,0.09415,0.0002059817278215895,0.0,-6.636206815487615e-05,0.0015311629433337323,0.0,-0.0004722283897342448
902,9.020419899839908,circle,1.8586681368488847,0.36186182988174054,4.0732999332249165,10.054399957880378,124371.0,124371.0,0.0,0.0,8.77,5e-05,1e-08,100.0,0.01,-0.052257903598210656,0.0,0.24925706998631822,-0.0540291605019563,0.0,0.24982036051869977,0.0,0.0,0.0,0.22983137675966267,0.0,2.549188320855793,-0.4714631941280566,0.0,-2.4519774406725467,-0.1658513468407604,0.0,0.8985113539774662,0.457470758784041,-2.204545952253143,-1.688902365408078,-0.1435367136641545,0.21318570005744983,0.17561235975712894,-0.08070000000000001,0.11836,0.09684000000000001,0.00020920241823597918,0.0,-6.946520723981689e-05,0.0015620544855096674,0.0,-0.0004938253251417327
903,9.030556299956515,circle,1.8990482973264733,0.3756325454004134,3.808800131082535,10.136400116607547,124371.0,124371.0,0.0,0.0,8.77,5e-05,1e-08,100.0,0.01,-0.052257903598210656,0.0,0.24925706998631822,-0.05406357724828237,0.0,0.2498452256672525,0.0,0.0,0.0,0.22196159475986046,0.0,2.5532164764494003,-0.4673618222520565,0.0,-2.453377574953527,-0.1709407213730165,0.0,0.900901718411002,0.457470758784041,-2.204545952253143,-1.688902365408078,-0.14434885865617292,0.21309066912988284,0.17608665164638596,-0.08070000000000001,0.12105,0.09684000000000001,0.0002125450408660514,0.0,-7.255903804050351e-05,0.001593128609205661,0.0,-0.0005155966428937845
904,9.040200100047514,circle,1.9375611344898043,0.3819239753297171,4.158299881964922,9.643800090998411,124371.0,124371.0,0.0,0.0,8.77,5e-05,1e-08,100.0,0.01,-0.052257903598210656,0.0,0.24925706998631822,-0.054096345922907366,0.0,0.24986884851540303,0.0,0.0,0.0,0.2142109302319597,0.0,2.557169941061302,-0.4632330040559927,0.0,-2.4548090284352506,-0.17595145374365295,0.0,0.9032509246070501,0.457470758784041,-2.204545952253143,-1.688902365408078,-0.14514872548408095,0.21299650577511448,0.17655310560913362,-0.08070000000000001,0.12105,0.09953000000000001,0.0002139673891426645,0.0,-7.418209027840736e-05,0.0016244749355540451,0.0,-0.0005375964388064036
905,9.050533999921754,circle,1.8730115661566962,0.28427405763598984,3.694899845868349,10.33389987424016,124371.0,124371.0,0.0,0.0,8.77,5e-05,1e-08,100.0,0.01,-0.05231384260444716,0.0,0.24944207968644835,-0.054131485947041286,0.0,0.24989412504488046,0.0,0.0,0.0,0.21233567217462657,0.0,2.54093744822434,-0.4600828988794386,0.0,-2.4527376665020175,-0.1769232805562997,0.0,0.8975974006421695,0.457470758784041,-2.204545952253143,-1.6873683846201921,-0.14573791303220776,0.2122899447743395,0.17586523687757538,-0.08070000000000001,0.11298000000000001,0.09684000000000001,0.00016324762877538207,0.0,0.00010734401075007032,0.0016543957138187453,0.0,-0.0005593893691821719
906,9.060375799890608,circle,1.6444421295705403,0.37214628394166943,3.855800023302436,9.841799968853593,124371.0,124371.0,0.0,0.0,8.77,5e-05,1e-08,100.0,0.01,-0.05252948823538457,0.0,0.24974680591414478,-0.054164978016585416,0.0,0.24991816253961957,0.0,0.0,0.0,0.22922925507927727,0.0,2.5078699305851924,-0.45998512097347766,0.0,-2.4484251552060106,-0.16516899040024127,0.0,0.8836584092603333,0.4559367779961553,-2.203011971465257,-1.6858344038323063,-0.143509634562351,0.21126392089870127,0.17389717175327815,-0.08070000000000001,0.11567000000000001,0.09684000000000001,5.06713598439441e-06,0.0,0.00022348690081209777,0.0016304226452164496,0.0,-0.00039484352628689224
907,9.07053259992972,circle,1.7794964190222688,0.8562215782566496,4.633099772036076,10.156800039112568,124371.0,124371.0,0.0,0.0,8.77,5e-05,1e-08,100.0,0.01,-0.05242486888487061,0.0,0.2498123554261245,-0.054199568001745,0.0,0.24994293318027253,-0.0008634001823994183,0.0,0.0028956016421742676,0.2265669951845978,0.0,2.4560113834802246,-0.4534758018940704,0.0,-2.4490883625908437,-0.16197259923867263,0.0,0.8650990693275353,0.457470758784041,-2.204545952253143,-1.684300423044421,-0.14518961021876783,0.20937874920034316,0.17124755594493207,-0.07801000000000001,0.11836,0.09684000000000001,0.0003373318810319854,0.0,-3.4369339083080105e-05,0.0014373672358424044,0.0,-9.620841506493454e-05
908,9.080039700027555,circle,1.7522971013788229,0.30181085934287644,4.175700014457107,9.507100097835064,124371.0,124371.0,0.0,0.0,8.77,5e-05,1e-08,100.0,0.01,-0.05247995589780198,0.0,0.24999762059437602,-0.054231969225076386,0.0,0.24996608596969946,-0.0017179147422297714,0.0,0.0057938453485201135,0.23521090976855763,0.0,2.395716861111516,-0.44986051356750095,0.0,-2.4476670134842147,-0.1513705950067889,0.0,0.842174162002047,0.457470758784041,-2.204545952253143,-1.6827664422565352,-0.14480626104607772,0.2072797527850348,0.16798579595808155,-0.07801000000000001,0.11836,0.09684000000000001,0.00018735477502290375,0.0,7.365845211968332e-05,0.001564658552251502,0.0,-4.212382744312311e-05
909,9.0904899998568,circle,1.9332453389275346,1.1124883444935276,3.815900068730116,10.450299829244614,124371.0,124371.0,0.0,0.0,8.77,5e-05,1e-08,100.0,0.01,-0.05234746725050167,0.0,0.25021618365688914,-0.05426761154932383,0.0,0.24999149851678015,-0.001709025076463959,0.0,0.005796473777843496,0.21288907990150355,0.0,2.3729071460359146,-0.4427189322603628,0.0,-2.445517075425058,-0.16284381115867697,0.0,0.8374415488360334,0.457470758784041,-2.203011971465257,-1.6827664422565352,-0.1477224894568327,0.2049237274724764,0.1680012832567199,-0.08070000000000001,0.11567000000000001,0.09415,0.00037009755190847856,0.0,0.00011141605454432865,0.0015500467469136815,0.0,0.00011326908556465356
910,9.100316300056875,circle,1.6222715891442696,0.4275853879025785,3.966999938711524,9.826300200074911,124371.0,124371.0,0.0,0.0,8.77,5e-05,1e-08,100.0,0.01,-0.0527492675127092,0.0,0.25048803428388455,-0.05430115097898486,0.0,0.2500153580563832,-0.002550197085197779,0.0,0.008698632854484415,0.258798367155604,0.0,2.300272055853503,-0.44600879491088424,0.0,-2.442268064323841,-0.12960115710204373,0.0,0.8047110073786115,0.4559367779961553,-2.203011971465257,-1.679698480680764,-0.14234261166824222,0.20402878358664892,0.16271162631615982,-0.08070000000000001,0.11567000000000001,0.09146,-0.00017049026829060103,0.0,0.00016837322197565821,0.001722373734566262,0.0,0.0003043030055256981
911,9.110441599972546,circle,1.7685691751670463,0.8412851683437174,4.399799974635243,10.125299915671349,124371.0,124371.0,0.0,0.0,8.77,5e-05,1e-08,100.0,0.01,-0.0526435108739816,0.0,0.25055392006083016,-0.05433573662832478,0.0,0.25003990748930227,-0.0033824674057373974,0.0,0.01160337942794886,0.25893738476554473,0.0,2.249279583441664,-0.43955796114685386,0.0,-2.442939631272128,-0.12460985652442438,0.0,0.7861168994083856,0.457470758784041,-2.204545952253143,-1.6781644998928782,-0.14366540302080885,0.20229989797162823,0.15999290036286448,-0.07801000000000001,0.11567000000000001,0.09146,0.0003343010015792881,0.0,-3.4802556018686615e-05,0.0013579247527638887,0.0,0.0005488151275465753
912,9.12009310000576,circle,1.4938264580538583,0.0766872502713222,4.181500058621168,9.651500033214688,124371.0,124371.0,0.0,0.0,8.77,5e-05,1e-08,100.0,0.01,-0.052990741598656785,0.0,0.2506400501246706,-0.05436872810252329,0.0,0.25006327401391054,-0.004228084257171747,0.0,0.014504224288264082,0.2996488463147483,0.0,2.1999063198425617,-0.44151522834431156,0.0,-2.442998517869263,-0.09549256497400532,0.0,0.7624322755880575,0.4559367779961553,-2.204545952253143,-1.6766305191049924,-0.1382240746331806,0.20225110397105003,0.15594427021619145,-0.08070000000000001,0.11298000000000001,0.08608,-0.00010143128910201438,0.0,-3.0516750426221777e-06,0.0014794177929685162,0.0,0.000579827785802691
913,9.13011739985086,circle,1.8373910210251823,2.63806477687889,4.360600141808391,10.02429984509945,124371.0,124371.0,0.0,0.0,8.77,5e-05,1e-08,100.0,0.01,-0.05296449456097563,0.0,0.2512305972405038,-0.0544030188929759,0.0,0.250087507781893,-0.004993550540464353,0.0,0.017428233638119853,0.30626152269115803,0.0,2.094061865564024,-0.43639583363966694,0.0,-2.4327177087229943,-0.08270746965502088,0.0,0.7238638554114415,0.4559367779961553,-2.203011971465257,-1.6735625575292212,-0.13964046864342095,0.19730370520565654,0.1510276916966248,-0.07532,0.11567000000000001,0.08877,0.0002653019500805007,0.0,0.0005327814853650497,0.0011732223819197704,0.0,0.0006103079732457524
914,9.140334399882704,circle,1.9283881336056494,0.45840233603051217,3.9729999843984842,10.217000031843781,124371.0,124371.0,0.0,0.0,8.77,5e-05,1e-08,100.0,0.01,-0.05301758908389061,0.0,0.2514164432337277,-0.054437995023550484,0.0,0.2501121703480132,-0.004966810100489417,0.0,0.01743587314139442,0.30270407433373897,0.0,2.0658426601128594,-0.4325451268433323,0.0,-2.429873034054392,-0.08273485340586283,0.0,0.7140343650195042,0.4559367779961553,-2.203011971465257,-1.6720285767413359,-0.13976674072535406,0.19632442090523672,0.14968532666796414,-0.07532,0.11029,0.08339,0.0001995548460697839,0.0,0.00014741932991415825,0.0012208510935900934,0.0,0.0011568535558003387
915,9.150343299843371,circle,1.777800220675416,0.06340247868550984,4.297700012102723,10.008899960666895,124371.0,124371.0,0.0,0.0,8.77,5e-05,1e-08,100.0,0.01,-0.053204829316835664,0.0,0.2513829423616562,-0.05447228432672247,0.0,0.2501362942867985,-0.0057946117850691215,0.0,0.020341851998293494,0.32796939440799583,0.0,2.0261468085064327,-0.4315650216775434,0.0,-2.4313594787382833,-0.06342270756858225,0.0,0.6956884251745342,0.4559367779961553,-2.204545952253143,-1.67049459595345,-0.13668012439227373,0.19645809564670458,0.14643609070797148,-0.07532,0.11029,0.08070000000000001,5.079190544379341e-05,0.0,-7.70318946037578e-05,0.001216663104443014,0.0,0.0013236799694614503
916,9.16033439990133,circle,1.882473422616094,0.46741150643168305,4.742699908092618,9.991100057959557,124371.0,124371.0,0.0,0.0,8.77,5e-05,1e-08,100.0,0.01,-0.05325763869321108,0.0,0.2515688695821695,-0.054506537848376446,0.0,0.250160339466381,-0.005763400969917364,0.0,0.020350716888039203,0.3285344629106249,0.0,2.009601975631681,-0.4281079196805049,0.0,-2.427980274526689,-0.06245689154128574,0.0,0.6895828887851451,0.4559367779961553,-2.204545952253143,-1.6689606151655643,-0.13724903804603683,0.1957187300531935,0.1456928774369723,-0.07801000000000001,0.1076,0.08339,0.00017915709851584662,0.0,0.0001751202083017415,0.0010697420566495178,0.0,0.0012334099074867674
917,9.17036179988645,circle,2.115266692189928,1.3600808727156353,3.990399884060025,10.0273999851197,124371.0,124371.0,0.0,0.0,8.77,5e-05,1e-08,100.0,0.01,-0.053362401509952195,0.0,0.2519409659548552,-0.05454094109683848,0.0,0.2501844359604543,-0.006515358543167482,0.0,0.02327806054034755,0.34396217612334457,0.0,1.9243371757256587,-0.4256482874387124,0.0,-2.4201091721343353,-0.04548167171067739,0.0,0.6565614623131486,0.4559367779961553,-2.204545952253143,-1.665892653589793,-0.13667699189186355,0.19278672833164673,0.14104071653379802,-0.07532,0.1076,0.08070000000000001,0.00012746530945082,0.0,0.0004079034601649665,0.001051074277435462,0.0,0.0013486265342359351
918,9.180356999859214,circle,2.2425803382124454,0.6761014902160082,3.8924000691622496,9.995199972763658,124371.0,124371.0,0.0,0.0,8.77,5e-05,1e-08,100.0,0.01,-0.053414354703800876,0.0,0.25212713423144895,-0.05457525903184268,0.0,0.2502084191107312,-0.006479642795470904,0.0,0.023288027583095804,0.34287926659658596,0.0,1.898384131721527,-0.4223426912873676,0.0,-2.4153260655502193,-0.04416724078013088,0.0,0.6472329846565261,0.4559367779961553,-2.204545952253143,-1.6643586728019073,-0.13669718076907061,0.1919151578057837,0.1397501314619464,-0.07801000000000001,0.11029,0.07801000000000001,0.00017130562414629158,0.0,0.00024787451982509045,0.0009895987038955147,0.0,0.0016708406008926384
919,9.190345200011507,circle,2.3745348231545105,0.7186372838305548,3.912899876013398,9.988200152292848,124371.0,124371.0,0.0,0.0,8.77,5e-05,1e-08,100.0,0.01,-0.05346602225807649,0.0,0.25231338198417663,-0.05460957799127435,0.0,0.25023234956937773,-0.0064439117975111145,0.0,0.02329793983352267,0.34091847683292065,0.0,1.875505934323897,-0.41915713904697105,0.0,-2.410248258827309,-0.04372229553065548,0.0,0.6391395714596589,0.4559367779961553,-2.204545952253143,-1.662824692014022,-0.137173771970296,0.19098423245188262,0.13871469926075794,-0.07801000000000001,0.10491,0.07801000000000001,0.0001650845989065381,0.0,0.00026314673969126626,0.000978471134291316,0.0,0.0018178856751076338
920,9.200346000026911,circle,2.768117275969021,2.5957759707737456,3.8409000262618065,10.00080001540482,124371.0,124371.0,0.0,0.0,8.77,5e-05,1e-08,100.0,0.01,-0.05338125972932095,0.0,0.2527196150368839,-0.05464396530211059,0.0,0.25025627423830077,-0.006372404399577127,0.0,0.023317599829616762,0.32349860431673333,0.0,1.8279358657267035,-0.4135101246822018,0.0,-2.4003538145628354,-0.049999500038926975,0.0,0.624711348088267,0.4559367779961553,-2.203011971465257,-1.6612907112261361,-0.1401086122382164,0.18774688513672966,0.1373931663100363,-0.07532,0.10222,0.07532,0.0002926447382044325,0.0,0.0005127589314311211,0.0009700608345852055,0.0,0.0019505818671520035
921,9.210294499993324,circle,2.5048712252775194,0.0921857099239945,3.8725000340491533,9.948499966412783,124371.0,124371.0,0.0,0.0,8.77,5e-05,1e-08,100.0,0.01,-0.05351740405120031,0.0,0.25249970877477945,-0.05467819762253391,0.0,0.25028003804695204,-0.005607144933668885,0.0,0.020394322597560164,0.31768624413784546,0.0,1.888257300098275,-0.41235354696181553,0.0,-2.402162574766098,-0.06021211506264181,0.0,0.6467876081649714,0.4559367779961553,-2.204545952253143,-1.6612907112261361,-0.13914178593670185,0.1910006509271564,0.14009041641540237,-0.07532,0.09684000000000001,0.07263,5.9937227414746464e-05,0.0,-9.373522395492509e-05,0.0011008563439188523,0.0,0.0023134059517823415
922,9.220411099959165,circle,2.6426560073242826,0.9254109016855588,4.194200038909912,10.116599965840578,124371.0,124371.0,0.0,0.0,8.77,5e-05,1e-08,100.0,0.01,-0.05356849996226602,0.0,0.2526861141648124,-0.054713033736140115,0.0,0.2503041668073948,-0.004779303298684444,0.0,0.017488199872212572,0.30599235819971216,0.0,1.9152752452930122,-0.4098049239985444,0.0,-2.3958558271038424,-0.07186213419382212,0.0,0.6581732899215103,0.4559367779961553,-2.204545952253143,-1.6597567304382503,-0.14122527580574665,0.191427257187951,0.14202642299317847,-0.07532,0.11029,0.07801000000000001,0.0001320770679319439,0.0,0.00032683403995866986,0.001012456705942149,0.0,0.002055113317458921
923,9.230271799955517,circle,2.7836083266783724,1.175471667165606,4.094299860298634,9.860699996352196,124371.0,124371.0,0.0,0.0,8.77,5e-05,1e-08,100.0,0.01,-0.05361930987103998,0.0,0.2528725977156455,-0.05474701325025828,0.0,0.25032764969950594,-0.00475247112350409,0.0,0.017495510653507722,0.3048641762293317,0.0,1.89083747116994,-0.40722730784365846,0.0,-2.388635752428581,-0.07067602280164506,0.0,0.6494427494581386,0.4559367779961553,-2.204545952253143,-1.658222749650365,-0.14160659367378273,0.19046455469905904,0.14088219775152033,-0.07801000000000001,0.10491,0.07532,0.00013357957959948146,0.0,0.0003741653069523716,0.0009941237996188219,0.0,0.0021707827091872094
924,9.2403494999744,circle,2.92697750438984,1.2574237398003205,4.115300020202994,10.077700018882751,124371.0,124371.0,0.0,0.0,8.77,5e-05,1e-08,100.0,0.01,-0.05366983365796159,0.0,0.2530591589884651,-0.05478176557236357,0.0,0.2503516131017,-0.004725627767215733,0.0,0.017502780264683254,0.3035894190184338,0.0,1.8655299373150096,-0.404696432966557,0.0,-2.381121375585058,-0.06942579644344339,0.0,0.6404157797058966,0.4559367779961553,-2.204545952253143,-1.6566887688624792,-0.14199556903431723,0.1894643919059486,0.13969894041530723,-0.07801000000000001,0.10491,0.08070000000000001,0.00013115731039366738,0.0,0.00038941690282596987,0.0009807746040083139,0.0,0.002318128983939114
925,9.25036619999446,circle,3.2815735068079444,3.2362679472855227,4.053400130942464,10.016700020059943,124371.0,124371.0,0.0,0.0,8.77,5e-05,1e-08,100.0,0.01,-0.05342279166669668,0.0,0.2533463828800544,-0.05481633258090947,0.0,0.2503753950980198,-0.003893256460773654,0.0,0.0145976632606481,0.25761667291392243,0.0,1.8720565037662107,-0.39645441253733665,0.0,-2.3714320775398643,-0.0989639634850284,0.0,0.649587986001516,0.457470758784041,-2.204545952253143,-1.6551547880745938,-0.14857271600257732,0.18771864229151647,0.14184496060817592,-0.07801000000000001,0.10491,0.07532,0.00042712551358691723,0.0,0.0005021276566092559,0.0009664154006258702,0.0,0.0024688601254253283
926,9.26034879987128,circle,3.063082952633501,0.22765664414671005,3.9423000998795033,9.982599876821041,124371.0,124371.0,0.0,0.0,8.77,5e-05,1e-08,100.0,0.01,-0.05372007120414349,0.0,0.25324579754427434,-0.05485080671189782,0.0,0.2503990600456248,-0.003915644406438926,0.0,0.014591673911465285,0.2786419422111331,0.0,1.876099909810928,-0.39890196312719584,0.0,-2.369109938802102,-0.08659688930267637,0.0,0.6476091578378311,0.4559367779961553,-2.204545952253143,-1.6551547880745938,-0.14432133374001122,0.18926096465215592,0.1410626263407244,-0.08339,0.1076,0.08070000000000001,-0.0001268392030450787,0.0,0.00012033999545431329,0.001257574710799411,0.0,0.002726397503195241
927,9.27035929984413,circle,3.2097842615141645,1.3760218040098793,3.9290999993681908,10.010499972850084,124371.0,124371.0,0.0,0.0,8.77,5e-05,1e-08,100.0,0.01,-0.05377002239137188,0.0,0.25343251294389485,-0.05488540201730216,0.0,0.2504227549311098,-0.003893256461605656,0.0,0.014597663263976109,0.28241359363144486,0.0,1.8556635300980906,-0.3968876878208138,0.0,-2.36106358651112,-0.08301531987139985,0.0,0.639712363504178,0.4559367779961553,-2.204545952253143,-1.653620807286708,-0.1446494499445964,0.18843242438663796,0.14003509814447743,-0.08070000000000001,0.11029,0.07532,0.00010438561541217307,0.0,0.0004169854205411305,0.0010109940105181064,0.0,0.002592772592243894
928,9.280398899922147,circle,3.409311990855236,2.62051260998724,3.9004997815936804,10.03960007801652,124371.0,124371.0,0.0,0.0,8.77,5e-05,1e-08,100.0,0.01,-0.05347245637743163,0.0,0.25353317468412667,-0.05492012281837541,0.0,0.25044648225909394,-0.0030966874844790024,0.0,0.011682894614494259,0.231902312367085,0.0,1.8823622055661553,-0.38777272341273417,0.0,-2.354139494199574,-0.11652146762700356,0.0,0.656857661236527,0.457470758784041,-2.204545952253143,-1.653620807286708,-0.15120912419717353,0.18738215402916086,0.14326838467663883,-0.08070000000000001,0.10491,0.07532,0.00047236401408626055,0.0,0.0003588266384547045,0.0009753024268575212,0.0,0.0027278657865780287
929,9.290376499993727,circle,3.551840743626913,1.627743643646203,3.865000093355775,9.977600071579218,124371.0,124371.0,0.0,0.0,8.77,5e-05,1e-08,100.0,0.01,-0.0535218344948072,0.0,0.2537200424531116,-0.054954653895617885,0.0,0.25047002687887987,-0.00307876251133627,0.0,0.011687631125800313,0.22412063466736243,0.0,1.8573090706539004,-0.38546715976113766,0.0,-2.345417593120638,-0.1189722533182886,0.0,0.6488453479741192,0.457470758784041,-2.204545952253143,-1.6520868264988222,-0.15225731974177265,0.18618627139844762,0.1423169264175232,-0.08339,0.10222,0.08070000000000001,0.00011948102619404113,0.0,0.0004519943270933262,0.001313338374616644,0.0,0.0027980212471383865
930,9.300352799938992,circle,3.4968983612742996,1.2750025194949306,3.9093000814318657,9.976299945265055,124371.0,124371.0,0.0,0.0,8.77,5e-05,1e-08,100.0,0.01,-0.053869065219482384,0.0,0.25380617251695203,-0.05498920505028804,0.0,0.250493532345046,-0.00307876251133627,0.0,0.011687631125800313,0.25624906173490214,0.0,1.8416292495568032,-0.389375268321324,0.0,-2.338455063877859,-0.09886985329355086,0.0,0.6382292388310054,0.4559367779961553,-2.204545952253143,-1.6505528457109369,-0.14761871697456758,0.18715283105774333,0.1402976001865898,-0.08608,0.10222,0.08070000000000001,-0.0002025295727252803,0.0,0.0003608185522256703,0.001322669403530933,0.0,0.0029518216196803525
931,9.310370599851012,circle,3.3277420157199216,0.37493167473054595,5.117899971082807,10.017799912020564,124371.0,124371.0,0.0,0.0,8.77,5e-05,1e-08,100.0,0.01,-0.053819687102106814,0.0,0.2536193047479671,-0.055023924623709974,0.0,0.250517099255942,-0.00232251561236085,0.0,0.008762170960870695,0.2396206623553522,0.0,1.9012509287640427,-0.3854103095889315,0.0,-2.3367156139685625,-0.1151670432839528,0.0,0.6621330071286673,0.4559367779961553,-2.204545952253143,-1.6520868264988222,-0.14896150670928554,0.18890893212838275,0.14383754778913999,-0.08070000000000001,0.10491,0.07801000000000001,0.00020547571429452012,0.0,9.014336257078545e-05,0.0009987618073086402,0.0,0.0030120621294543264
932,9.320368699962273,circle,3.730304628053484,4.195794793916481,3.9353000465780497,9.99810011126101,124371.0,124371.0,0.0,0.0,8.77,5e-05,1e-08,100.0,0.01,-0.05373091639436209,0.0,0.25402661668320314,-0.055058600553026985,0.0,0.25054058349447594,-0.0022956227208387244,0.0,0.00876925510083707,0.2216105904643694,0.0,1.8570389810332668,-0.3802134226509727,0.0,-2.3231959207083626,-0.12188712811556794,0.0,0.6492462301424965,0.4559367779961553,-2.203011971465257,-1.6505528457109369,-0.15197604013230237,0.18578679411794288,0.14268690619402527,-0.08070000000000001,0.11029,0.07532,0.0002693178234015601,0.0,0.0007006298973523395,0.0010583663352633362,0.0,0.0027854032913748605
933,9.330384399974719,circle,3.7209500910373907,0.9545814421269836,3.8258000276982784,10.01570001244545,124371.0,124371.0,0.0,0.0,8.77,5e-05,1e-08,100.0,0.01,-0.05373091639436209,0.0,0.25402661668320314,-0.055093362157077996,0.0,0.2505640726584074,-0.0022956227208387244,0.0,0.00876925510083707,0.21254473970702462,0.0,1.846053990096796,-0.37686181757406545,0.0,-2.3171547440419507,-0.12564706723912075,0.0,0.6464482999169179,0.4559367779961553,-2.203011971465257,-1.6505528457109369,-0.1526143921905883,0.1851626318237544,0.14240677515739547,-0.08339,0.1076,0.08070000000000001,0.0001736899407260939,0.0,0.00031307137715437007,0.0011887558219898142,0.0,0.003149472647641363
934,9.340345999924466,circle,3.614212747117604,0.5198488349458261,4.263199865818024,9.961599949747324,124371.0,124371.0,0.0,0.0,8.77,5e-05,1e-08,100.0,0.01,-0.053918156627307146,0.0,0.25399311581113165,-0.055127960413685534,0.0,0.25058739876770425,-0.0015304151472258162,0.0,0.005846170067224712,0.21462199864002363,0.0,1.8896280467318536,-0.37729738100976307,0.0,-2.3120751056452953,-0.13068180801899432,0.0,0.6614689768671516,0.4559367779961553,-2.204545952253143,-1.649018864923051,-0.15218830366941594,0.18761162255437752,0.144254334189317,-0.08608,0.10491,0.08070000000000001,-2.2572166348006116e-05,0.0,0.00026324166236172016,0.0012323759527263945,0.0,0.003142475381065683
935,9.3503650999628,circle,3.604025324570533,0.9189813448546711,3.8037998601794243,10.019100038334727,124371.0,124371.0,0.0,0.0,8.77,5e-05,1e-08,100.0,0.01,-0.053918156627307146,0.0,0.25399311581113165,-0.05516278290271899,0.0,0.2506108231013414,-0.0015304151472258162,0.0,0.005846170067224712,0.21118245695095353,0.0,1.8870769714516689,-0.37403504689765543,0.0,-2.306133199942264,-0.13232603052730163,0.0,0.6610001657851082,0.4559367779961553,-2.204545952253143,-1.649018864923051,-0.1525389967904603,0.18739599241153124,0.1442496553199915,-0.08608,0.09953000000000001,0.07801000000000001,0.0001690636592195289,0.0,0.0003079268665841248,0.0010755626161923159,0.0,0.0030743658432061107
936,9.360353800002486,circle,3.594370595477508,1.016851829891756,3.830599831417203,9.988700039684772,124371.0,124371.0,0.0,0.0,8.77,5e-05,1e-08,100.0,0.01,-0.053918156627307146,0.0,0.25399311581113165,-0.055197524179167234,0.0,0.2506341399783992,-0.0015304151472258162,0.0,0.005846170067224712,0.20405383945270184,0.0,1.8836515946420382,-0.37051707214079355,0.0,-2.299931067639203,-0.13598494708294948,0.0,0.6607090305784755,0.4559367779961553,-2.204545952253143,-1.649018864923051,-0.15326982196797168,0.18702432064079588,0.14433092098878753,-0.08339,0.09953000000000001,0.07801000000000001,0.000182311702296107,0.0,0.00032141256722527465,0.0010970558495639819,0.0,0.0030375632655072057
937,9.370293400017545,circle,3.9468408754738196,4.26054951317665,5.187799921259284,9.939600015059114,124371.0,124371.0,0.0,0.0,8.77,5e-05,1e-08,100.0,0.01,-0.05366824812823667,0.0,0.25428109715147557,-0.055232118874327024,0.0,0.2506573061550419,-0.0015124721475957173,0.0,0.005850837801920363,0.16886906055187753,0.0,1.8481325738106682,-0.36217126246237524,0.0,-2.287957140277203,-0.15346205257504458,0.0,0.6533398139589545,0.457470758784041,-2.204545952253143,-1.6474848841351653,-0.15869482310354838,0.18403741982487726,0.14394709583227489,-0.08608,0.10222,0.08339,0.00043250417489323054,0.0,0.0006205238045776731,0.0011313665711971206,0.0,0.0030032671918560003
938,9.380060900002718,circle,3.988872450263731,1.5464963332448998,4.2848000302910805,9.767499985173345,124371.0,124371.0,0.0,0.0,8.77,5e-05,1e-08,100.0,0.01,-0.0538282386199668,0.0,0.2544007280873875,-0.055266138049104345,0.0,0.2506800361280661,-0.0015124721475957173,0.0,0.005850837801920363,0.17437472202296297,0.0,1.8254226518802577,-0.3618869595273298,0.0,-2.279168284350328,-0.14740638167412093,0.0,0.6443357223577707,0.4559367779961553,-2.203011971465257,-1.6474848841351653,-0.15702789395938344,0.18313724218639255,0.14280145576213865,-0.08608,0.09953000000000001,0.08339,1.4733406473373904e-05,0.0,0.00045546412240124977,0.0014231660226641705,0.0,0.0032652278369201485
939,9.390185500029474,circle,3.723890498484188,0.0772362803754497,5.772799951955676,10.124600026756525,124371.0,124371.0,0.0,0.0,8.77,5e-05,1e-08,100.0,0.01,-0.053966961210064265,0.0,0.2541801341906105,-0.055301425486400047,0.0,0.2507035603686006,-0.001521445437546194,0.0,0.005848510816227188,0.18559025556474312,0.0,1.8435254349396304,-0.3614466928622616,0.0,-2.277253087419879,-0.14250698532421843,0.0,0.6486773150181714,0.4559367779961553,-2.204545952253143,-1.6474848841351653,-0.1552919294692563,0.18491412901458482,0.1429924258604888,-0.08608,0.09684000000000001,0.07801000000000001,2.281590139788475e-05,0.0,9.925108528463207e-05,0.0013116483749378964,0.0,0.0033773227367252553
940,9.400536000030115,circle,4.334707204704748,7.643055433088039,4.689699970185757,10.35050000064075,124371.0,124371.0,0.0,0.0,8.77,5e-05,1e-08,100.0,0.01,-0.05357713073588999,0.0,0.25468871898524925,-0.05533752601825159,0.0,0.2507275707930759,-0.0014945149120792027,0.0,0.005855450466073174,0.1377573591478506,0.0,1.788030942992628,-0.35044020526282327,0.0,-2.2610972834356193,-0.16529532200156588,0.0,0.636504313587079,0.457470758784041,-2.203011971465257,-1.64595090334728,-0.16266262342587998,0.1799969569156612,0.14237942834805434,-0.08339,0.09953000000000001,0.07801000000000001,0.0005703882572325599,0.0,0.0008372408359632235,0.0011900070251290443,0.0,0.0031239073562101347
941,9.410069199977443,circle,4.069995509621665,0.12852985280848792,4.237799905240536,9.533199947327375,124371.0,124371.0,0.0,0.0,8.77,5e-05,1e-08,100.0,0.01,-0.05371647871700798,0.0,0.2544682643811599,-0.05537079897221387,0.0,0.2507496506688262,-0.0015034952990064375,0.0,0.0058531510189794266,0.138543013704213,0.0,1.7985941620039436,-0.34964778887358716,0.0,-2.258689261652808,-0.16545407600984677,0.0,0.6395023924929869,0.457470758784041,-2.204545952253143,-1.64595090334728,-0.16172029810059754,0.18124309637470568,0.14251214900646678,-0.08877,0.09684000000000001,0.07801000000000001,4.106532617017232e-05,0.0,0.00012479070508796637,0.0016132549290357196,0.0,0.0035938230072457074
942,9.420385599834844,circle,4.109934624841577,1.4662673671578907,3.8687000051140785,10.316399857401848,124371.0,124371.0,0.0,0.0,8.77,5e-05,1e-08,100.0,0.01,-0.053876469208738106,0.0,0.2545878953170718,-0.05540683027895846,0.0,0.25077350708103374,-0.0015034952990064375,0.0,0.005853151020310629,0.1513792545901585,0.0,1.7855721825418582,-0.349648567641329,0.0,-2.2501269390852205,-0.1564683819397339,0.0,0.633039591898007,0.4559367779961553,-2.203011971465257,-1.64595090334728,-0.15959443642847265,0.18085856271499778,0.14164502367098425,-0.08877,0.09415,0.07801000000000001,-4.035801349317955e-08,0.0,0.00044372450366803604,0.0015304014282338445,0.0,0.003370663732370044
943,9.43035539984703,circle,3.844990414104445,0.13050606707781814,3.8487999700009823,9.96980001218617,124371.0,124371.0,0.0,0.0,8.77,5e-05,1e-08,100.0,0.01,-0.054015478852911844,0.0,0.25436722721531596,-0.055441675511726664,0.0,0.2507965249909712,-0.0015124721475957173,0.0,0.005850837801920363,0.16296109806355746,0.0,1.8038543416685398,-0.3489549502014852,0.0,-2.2476684439762087,-0.1514297267934867,0.0,0.6373967083727434,0.4559367779961553,-2.204545952253143,-1.64595090334728,-0.15782842753335902,0.1826521481791355,0.1418370676637548,-0.08877,0.09684000000000001,0.08070000000000001,3.5945276740131146e-05,0.0,0.0001274063799168437,0.0013902513820746886,0.0,0.0034432958444279025
944,9.440041499910876,circle,3.637227353030768,0.5696011731560098,4.116399912163615,9.686100063845515,124371.0,124371.0,0.0,0.0,8.77,5e-05,1e-08,100.0,0.01,-0.05431432364801708,0.0,0.2542657315080629,-0.05547555218855918,0.0,0.25081885305150753,-0.001521445437213393,0.0,0.005848510816227188,0.19157689568770087,0.0,1.8150288089475455,-0.3510534137595751,0.0,-2.2427616620009045,-0.13575697773490925,0.0,0.6368952660881253,0.4544027972082697,-2.204545952253143,-1.64595090334728,-0.15351283728389153,0.18443392414372922,0.14129994564054066,-0.08608,0.09684000000000001,0.08339,-0.00010874849591671967,0.0,0.00025428373895198565,0.0012699770364588171,0.0,0.0031925947176034055
945,9.450161299901083,circle,3.6266944513625807,1.3917128420169331,4.170099971815944,10.119799990206957,124371.0,124371.0,0.0,0.0,8.77,5e-05,1e-08,100.0,0.01,-0.05431432364801708,0.0,0.2542657315080629,-0.05551096988293984,0.0,0.2508421441450781,-0.0007607227186066965,0.0,0.002924255408113594,0.17843932142853575,0.0,1.8560564804466126,-0.3470247532156971,0.0,-2.235457174590891,-0.14891668962273946,0.0,0.653665081591618,0.4544027972082697,-2.204545952253143,-1.64595090334728,-0.1549870481859617,0.1855286388391923,0.1438629029002797,-0.08070000000000001,0.09684000000000001,0.08070000000000001,0.00020877692777497938,0.0,0.0003785398208223543,0.000987869307147778,0.0,0.0030450475421624603
946,9.460345400031656,circle,3.8451226517557777,3.5935208495765165,3.858699928969145,10.184100130572915,124371.0,124371.0,0.0,0.0,8.77,5e-05,1e-08,100.0,0.01,-0.054523198052187985,0.0,0.2545719640617634,-0.05554663751575911,0.0,0.25086554532240724,-0.0007562360739642591,0.0,0.00292541890029458,0.1934022265742646,0.0,1.8174995697095624,-0.34667365188321303,0.0,-2.2220574443572945,-0.136486439358,0.0,0.6377437747366382,0.452868816420384,-2.203011971465257,-1.644416922559394,-0.15282501972169316,0.1842759815634431,0.1416602889174779,-0.08339,0.10491,0.07532,1.8195094060508878e-05,0.0,0.0006944130637749923,0.001005244369510618,0.0,0.003012005675581184
947,9.470957699930295,circle,3.8317897728887877,1.4416567607425623,4.249700112268329,10.612299898639321,124371.0,124371.0,0.0,0.0,8.77,5e-05,1e-08,100.0,0.01,-0.054523198052187985,0.0,0.2545719640617634,-0.05558383135736608,0.0,0.2508898899376369,-0.005434222496311973,0.0,0.001330137802164608,0.2583756631179821,0.0,1.8304132424824486,-0.3423398743788331,0.0,-2.2147566765497513,-0.10074052133551413,0.0,0.633595838653756,0.452868816420384,-2.203011971465257,-1.644416922559394,-0.1460251887166269,0.18686265707740307,0.14006704099577644,-0.08339,0.09953000000000001,0.07532,0.00022458897769376315,0.0,0.00037834706018445357,0.0008360443274843333,0.0,0.0033037270639420684
948,9.480587600031868,circle,3.6455403734876026,0.5251571903819229,5.064300028607249,9.629900101572275,124371.0,124371.0,0.0,0.0,8.77,5e-05,1e-08,100.0,0.01,-0.05482235631220292,0.0,0.2544696892824357,-0.05561760549290427,0.0,0.2509119451438948,-0.00543625650748934,0.0,0.0013218002472449102,0.28329467153472393,0.0,1.8368903669148655,-0.34386095635949565,0.0,-2.209863398596559,-0.08652265633473351,0.0,0.6318861442656702,0.45133483563249843,-2.203011971465257,-1.644416922559394,-0.14205675954072616,0.1883666354342738,0.1394529851936726,-0.08070000000000001,0.1076,0.08070000000000001,-7.882690024583593e-05,0.0,0.0002535839211792162,0.0008740760809471905,0.0,0.0033041602173616586
949,9.490148999961093,circle,3.3856652108968945,0.16958432676684898,4.054100019857287,9.561399929225445,124371.0,124371.0,0.0,0.0,8.77,5e-05,1e-08,100.0,0.01,-0.054960635811181116,0.0,0.2542483087199046,-0.05565116137127654,0.0,0.2509338097575979,-0.010105657374600546,0.0,-0.0002884574007584009,0.3656621470658862,0.0,1.8826714181469109,-0.34252226806947034,0.0,-2.2072774500277563,-0.04415330519108973,0.0,0.636680909130481,0.45133483563249843,-2.204545952253143,-1.644416922559394,-0.1331252373648961,0.1934249421327919,0.13858351991054568,-0.08070000000000001,0.10222,0.08070000000000001,6.937472775275994e-05,0.0,0.0001340113895669636,0.0006211508323426658,0.0,0.0031804875727397697
950,9.500167699996382,circle,3.3706746677106305,1.3184587141120625,4.01509995572269,10.01870003528893,124371.0,124371.0,0.0,0.0,8.77,5e-05,1e-08,100.0,0.01,-0.054960635811181116,0.0,0.2542483087199046,-0.05568634562065136,0.0,0.2509566840468921,-0.010105657374600546,0.0,-0.0002884574007584009,0.3604096960276961,0.0,1.882553079030141,-0.33844969674566827,0.0,-2.2002534128326565,-0.04717457338370663,0.0,0.6373505314068693,0.45133483563249843,-2.204545952253143,-1.644416922559394,-0.13360371116300496,0.1932379855858387,0.13870202928358585,-0.07263,0.10222,0.07801000000000001,0.00021105251233438942,0.0,0.0003640060735319618,0.0005146572971358564,0.0,0.0029276185994805658
951,9.510319199878722,circle,3.616503552914095,3.468503617479304,3.8674999959766865,10.151499882340431,124371.0,124371.0,0.0,0.0,8.77,5e-05,1e-08,100.0,0.01,-0.05517016191551581,0.0,0.25455397410007463,-0.05572202070223146,0.0,0.25097982387550866,-0.010115832734499904,0.0,-0.0002973362435098568,0.37561790024955954,0.0,1.8444591871502658,-0.33868779866971804,0.0,-2.187086466020744,-0.034774539076932134,0.0,0.6214585094548374,0.44980085484461274,-2.203011971465257,-1.6428829417715083,-0.13127739970828875,0.19208532926077587,0.13651848736005245,-0.07263,0.10491,0.07532,-1.2339135466739814e-05,0.0,0.0006823495485974809,0.0005641979221823861,0.0,0.002891800675968494
952,9.520336400019005,circle,3.359804314591457,0.16072905365814688,3.966700052842498,10.017200140282512,124371.0,124371.0,0.0,0.0,8.77,5e-05,1e-08,100.0,0.01,-0.05530838848347258,0.0,0.25433230659469774,-0.05575724791214909,0.0,0.2510026203864139,-0.01010968605091677,0.0,-0.00030513619270569164,0.3870845053152836,0.0,1.8583030101102287,-0.3379372933587688,0.0,-2.184352751613359,-0.029015611432285822,0.0,0.6242589908965228,0.44980085484461274,-2.204545952253143,-1.6428829417715083,-0.1297606567085055,0.19359352362849597,0.1365444517945861,-0.07263,0.10222,0.07532,3.889337197617455e-05,0.0,0.000141669045870678,0.0004099660567003323,0.0,0.003188017162413155
953,9.530044599901885,circle,3.342710748088331,1.0876193337902549,4.112399881705642,9.708199882879853,124371.0,124371.0,0.0,0.0,8.77,5e-05,1e-08,100.0,0.01,-0.05530838848347258,0.0,0.25433230659469774,-0.05579141126971285,0.0,0.2510246784213146,-0.01010968605091677,0.0,-0.00030513619270569164,0.3825336507809128,0.0,1.8579483761198796,-0.33463491102811654,0.0,-2.177759176131748,-0.031599370398287766,0.0,0.6247487919359493,0.44980085484461274,-2.204545952253143,-1.6428829417715083,-0.13016590054589522,0.19342017480168855,0.13662703807841992,-0.06994,0.1076,0.07532,0.00017113907459383095,0.0,0.0003416982932938255,0.000311883711646436,0.0,0.0029659298800893226
954,9.540050399955362,circle,3.567519975134585,3.1314204314933374,4.111899994313717,10.005800053477287,124371.0,124371.0,0.0,0.0,8.77,5e-05,1e-08,100.0,0.01,-0.05517016191551581,0.0,0.25455397410007463,-0.05582664533638704,0.0,0.25104737627724044,-0.010115832734499904,0.0,-0.0002973362435098568,0.36016448081715136,0.0,1.8292493644557914,-0.3288688552314163,0.0,-2.166654059197469,-0.04162693962611185,0.0,0.6180187993988729,0.44980085484461274,-2.203011971465257,-1.6428829417715083,-0.13288321311297555,0.1908898854924081,0.1362490946804984,-0.07263,0.1076,0.07801000000000001,0.0002988138120605708,0.0,0.0005754995167423201,0.00035766960881065534,0.0,0.0029310983060918698
955,9.550331699894741,circle,3.4028840798421935,0.6318273617201567,3.935399930924177,10.281299939379096,124371.0,124371.0,0.0,0.0,8.77,5e-05,1e-08,100.0,0.01,-0.05546929181810174,0.0,0.2544507069121654,-0.05586287429218978,0.0,0.2510706606259536,-0.010115364725573981,0.0,-0.0003128533810021009,0.3833377369262103,0.0,1.8322692689072706,-0.33202202652721113,0.0,-2.1620012236248978,-0.027889496753438648,0.0,0.6153171101963942,0.44826687405672705,-2.203011971465257,-1.6428829417715083,-0.1291790328077002,0.19221969945211598,0.13561948583716937,-0.07532,0.10491,0.07532,-0.00016340652400825232,0.0,0.00024112349643349868,0.0005569889980962885,0.0,0.0031389227897783032
956,9.560348300030455,circle,3.0315920369613987,0.7944755226040114,3.8895998150110245,10.016600135713816,124371.0,124371.0,0.0,0.0,8.77,5e-05,1e-08,100.0,0.01,-0.055905808810040716,0.0,0.25412489045111,-0.05589819459579612,0.0,0.2510933079761789,-0.01010870232873468,0.0,-0.0003361508357718221,0.4305861136575089,0.0,1.8663231451569404,-0.33832469915698393,0.0,-2.161991535894832,-0.003355260774290256,0.0,0.6199918166202651,0.44673289326884147,-2.204545952253143,-1.6428829417715083,-0.1225002843161386,0.1961520226606085,0.13526973259172598,-0.06994,0.11029,0.07532,-0.00032662285990190954,0.0,5.020463993473528e-07,0.00031900864565731225,0.0,0.0030310804285317242
957,9.570327800000086,circle,2.9172633530602923,0.630620748962226,3.905300050973892,9.979499969631433,124371.0,124371.0,0.0,0.0,8.77,5e-05,1e-08,100.0,0.01,-0.05620427964128678,0.0,0.2540204953002781,-0.055933407682176126,0.0,0.2511158345880991,-0.009329523493919849,0.0,-0.0032711896416365497,0.4543068106817455,0.0,1.923833268092703,-0.3417455808182403,0.0,-2.157538603590407,0.003424903700009231,0.0,0.6370371152281477,0.4451989124809558,-2.204545952253143,-1.6428829417715083,-0.11864458853599241,0.19951048183754289,0.13714905253897616,-0.06725,0.11029,0.07532,-0.00017728005517967684,0.0,0.00023076392661589137,-9.359190393098103e-05,0.0,0.0026738967855630944
958,9.58033959986642,circle,2.8917054119823167,1.0666193142720701,5.147199844941497,10.011799866333604,124371.0,124371.0,0.0,0.0,8.77,5e-05,1e-08,100.0,0.01,-0.05620427964128678,0.0,0.2540204953002781,-0.055968758376604505,0.0,0.25113839711951286,-0.009329523493919849,0.0,-0.0032711896416365497,0.453795905226499,0.0,1.9218132038892968,-0.3390506769757508,0.0,-2.1507512286196735,0.0034018389572802133,0.0,0.6363725386174472,0.4451989124809558,-2.204545952253143,-1.6428829417715083,-0.11864039897757658,0.19937010440173436,0.13698168221387583,-0.06456,0.11298000000000001,0.07532,0.00013965776931465057,0.0,0.0003517415474976883,-0.0003751790339969291,0.0,0.0025303566332675474
959,9.590481699910015,circle,2.7661646550464174,1.7457082725161153,4.0120999328792095,10.142100043594837,124371.0,124371.0,0.0,0.0,8.77,5e-05,1e-08,100.0,0.01,-0.05680073912805107,0.0,0.2538103320687972,-0.05600459324744639,0.0,0.2511612154923468,-0.013979165578847699,0.0,-0.004949695232683608,0.5819115030055682,0.0,1.9655783349944755,-0.34802586756454296,0.0,-2.1481567407086084,0.07354597868406242,0.0,0.6337227566686623,0.4421309509051845,-2.204545952253143,-1.6428829417715083,-0.10273146121614816,0.20606977776676771,0.13464097758595847,-0.06725,0.11029,0.07532,-0.0004651205275089262,0.0,0.00013445392316427471,-0.0003310253530957583,0.0,0.0025146626532861196
960,9.600492300000042,circle,2.734169511580604,0.6487751154168012,3.9013999048620462,10.010600090026855,124371.0,124371.0,0.0,0.0,8.77,5e-05,1e-08,100.0,0.01,-0.05709872638004247,0.0,0.2537045644826825,-0.05603998723818718,0.0,0.2511837006728823,-0.013971556396054326,0.0,-0.004971133171715204,0.6196891037661791,0.0,1.9773866089230876,-0.3516734706353638,0.0,-2.143782526766815,0.0948067575607883,0.0,0.6323168029430986,0.4405969701172989,-2.204545952253143,-1.6428829417715083,-0.09734380947334856,0.20807228839647013,0.13361409410359004,-0.0538,0.1076,0.07532,-0.00018902941922614767,0.0,0.00022668451170100405,-0.0008697097226291467,0.0,0.002294179298099207
961,9.610506400000304,circle,2.732752423521105,0.6177612693053923,5.597099894657731,10.01410000026226,124371.0,124371.0,0.0,0.0,8.77,5e-05,1e-08,100.0,0.01,-0.05739655103605604,0.0,0.25359833991446823,-0.05607541716767124,0.0,0.2512061565790888,-0.018618552452487638,0.0,-0.006656745884619703,0.7212315090913773,0.0,2.012172872922572,-0.3551562647803786,0.0,-2.1394514520262082,0.15010266737370703,0.0,0.6307076046105304,0.43906298932941323,-2.204545952253143,-1.6428829417715083,-0.08542061319245046,0.21304307570166886,0.13163749700344649,-0.05111,0.11298000000000001,0.07263,-0.0001804885404837163,0.0,0.00022444891259993088,-0.0011406453279010804,0.0,0.0021677344227795077
962,9.620502899866551,circle,2.6961278212164075,0.8265900436650685,4.338700091466308,9.996499866247177,124371.0,124371.0,0.0,0.0,8.77,5e-05,1e-08,100.0,0.01,-0.05739655103605604,0.0,0.25359833991446823,-0.05611080829527422,0.0,0.2512285359493977,-0.023273190565609544,0.0,-0.00832093235577463,0.7898945047728042,0.0,2.0349654495500036,-0.3532909766506704,0.0,-2.133299200212732,0.1869693321624738,0.0,0.6297637263090133,0.43906298932941323,-2.204545952253143,-1.6428829417715083,-0.07816707489741517,0.21599012986479008,0.13015943802211669,-0.048420000000000005,0.11029,0.07532,9.666466580992889e-05,0.0,0.0003188276149171986,-0.0013824074065917462,0.0,0.0020509763501533286
963,9.630358200054616,circle,2.840779837620001,1.3899286125251291,4.041899926960468,9.855300188064575,124371.0,124371.0,0.0,0.0,8.77,5e-05,1e-08,100.0,0.01,-0.05755871643681007,0.0,0.25371500568095307,-0.05614572244090642,0.0,0.25125056293392717,-0.023287179273393466,0.0,-0.008340376657688995,0.802231476554865,0.0,2.018614619801194,-0.35521423467707913,0.0,-2.125187633829467,0.1959740451247843,0.0,0.6221990495801202,0.43752900854152765,-2.203011971465257,-1.6428829417715083,-0.07586229645294629,0.21557755082306712,0.12916802073190034,-0.04304,0.11836,0.07532,-9.966883476503381e-05,0.0,0.0004203650048188595,-0.0013133251611386187,0.0,0.002044077742207037
964,9.64002939988859,circle,2.8050699265986343,0.5806705750068454,4.3126000091433525,9.671199833974242,124371.0,124371.0,0.0,0.0,8.77,5e-05,1e-08,100.0,0.01,-0.05755871643681007,0.0,0.25371500568095307,-0.05618000646039943,0.0,0.25127214340606857,-0.023287179273393466,0.0,-0.008340376657688995,0.8003418763716104,0.0,2.0128286422992465,-0.3549632978451286,0.0,-2.1198052032022585,0.19565049034106832,0.0,0.620360358819005,0.43752900854152765,-2.203011971465257,-1.6428829417715083,-0.07619624304095388,0.21515742254623316,0.12891097343937935,-0.03766,0.11836,0.07263,1.3004277791493204e-05,0.0,0.00027893323800095215,-0.0013917142542021318,0.0,0.002163929036883542
965,9.650038699852303,circle,2.6484555400406755,0.18594387263270407,5.0432998687028885,10.009299963712692,124371.0,124371.0,0.0,0.0,8.77,5e-05,1e-08,100.0,0.01,-0.05769421239528158,0.0,0.25349165861411094,-0.05621551202790681,0.0,0.2512944417447287,-0.018608319229014843,0.0,-0.00668529854667869,0.7416040036468922,0.0,2.0098956642899366,-0.3579703221892725,0.0,-2.1193002297124974,0.16323367091005633,0.0,0.6265869702116744,0.43752900854152765,-2.204545952253143,-1.6428829417715083,-0.08200863447528459,0.21386848467724953,0.1306253161668744,-0.04573,0.11836,0.07263,-0.0001558327631423159,0.0,2.616919759106974e-05,-0.001322867604232453,0.0,0.002171047671791165
966,9.660546399885789,circle,2.608305047119476,0.4420027894001806,3.739799838513136,10.50770003348589,124371.0,124371.0,0.0,0.0,8.77,5e-05,1e-08,100.0,0.01,-0.05769421239528158,0.0,0.25349165861411094,-0.0562528106744295,0.0,0.2513178103448075,-0.018608319229014843,0.0,-0.00668529854667869,0.7404625971278244,0.0,2.011909233706665,-0.3589972008330528,0.0,-2.1147126748386067,0.16230139568297242,0.0,0.6274659984016165,0.43752900854152765,-2.204545952253143,-1.6428829417715083,-0.0819054447783438,0.21392954846084716,0.13062410773799077,-0.04573,0.12105,0.06994,-5.321584335815535e-05,0.0,0.00023774046041815408,-0.001388185877493926,0.0,0.0019361078088852926
967,9.67038460006006,circle,2.5708458328673536,0.4799619145427649,4.144200123846531,9.83820017427206,124371.0,124371.0,0.0,0.0,8.77,5e-05,1e-08,100.0,0.01,-0.05769421239528158,0.0,0.25349165861411094,-0.05628775612046982,0.0,0.2513396527954817,-0.013956239421761133,0.0,-0.005013973910009018,0.6685252615609633,0.0,1.984858212076462,-0.36048190997506885,0.0,-2.110044298837174,0.12406267178391223,0.0,0.6272951006572486,0.43752900854152765,-2.204545952253143,-1.6428829417715083,-0.08939160468055864,0.21061727727887292,0.13184137617501251,-0.04573,0.12105,0.07263,-7.694195376688369e-05,0.0,0.00024192884673757023,-0.0013295143210448734,0.0,0.0019100769718916621
968,9.680319200037047,circle,2.658007907856652,1.5552959769068782,3.998100059106946,9.934599976986647,124371.0,124371.0,0.0,0.0,8.77,5e-05,1e-08,100.0,0.01,-0.05755871643681007,0.0,0.25371500568095307,-0.05632306679631978,0.0,0.2513616727244455,-0.009314871709357386,0.0,-0.003336150663075598,0.5822265028725236,0.0,1.9330264354054603,-0.3597358037947213,0.0,-2.1012574834633884,0.0795814159526836,0.0,0.6207017487958952,0.43752900854152765,-2.203011971465257,-1.6428829417715083,-0.09877199373778692,0.20520734744830343,0.13262067498265545,-0.05111,0.11836,0.07263,3.8665396210558296e-05,0.0,0.00045535837499453315,-0.0012743150367008494,0.0,0.001897974581513048
969,9.69032850000076,circle,2.5825628877036904,2.3151141765533554,3.9834000635892153,10.009299963712692,124371.0,124371.0,0.0,0.0,8.77,5e-05,1e-08,100.0,0.01,-0.0579917097572932,0.0,0.253384520832642,-0.05635866612729707,0.0,0.2513838210621933,-0.004649510555234866,0.0,-0.001678458867813529,0.5559799308199622,0.0,1.9384441198858866,-0.37026944622647007,0.0,-2.103447936829185,0.06566904759856955,0.0,0.6249464510550982,0.43599502775364196,-2.204545952253143,-1.6428829417715083,-0.09980709026064151,0.20567828085082698,0.13347375860981212,-0.0538,0.11029,0.07263,-0.0005458840429041808,0.0,-0.00011351567578468192,-0.0010871595870919515,0.0,0.0021142154462333814
970,9.700041099917144,circle,2.6640510630079426,1.372118418429132,4.29670000448823,9.712599916383624,124371.0,124371.0,0.0,0.0,8.77,5e-05,1e-08,100.0,0.01,-0.058289042422050755,0.0,0.2532769268221672,-0.05639323238222527,0.0,0.25140527718636174,-0.0046469303622237845,0.0,-0.0016855891499432604,0.5954102380039591,0.0,1.9549140231223554,-0.3783460943653277,0.0,-2.1016111799692427,0.08733945491997257,0.0,0.6250454471453931,0.4344610469657564,-2.204545952253143,-1.6428829417715083,-0.09427083908568504,0.2079820506867473,0.13269679672159423,-0.0538,0.11567000000000001,0.07263,-0.0004185554396516733,0.0,9.518609227850399e-05,-0.0014772546001738146,0.0,0.001776463543526935
971,9.710043200058863,circle,2.7725723674904312,1.2168282323987702,4.226099932566285,10.002100141718984,124371.0,124371.0,0.0,0.0,8.77,5e-05,1e-08,100.0,0.01,-0.058586209689901914,0.0,0.2531688768358653,-0.056428851731369675,0.0,0.25142733608936263,-0.004644339234543684,0.0,-0.0016927154657532262,0.6322482547306708,0.0,1.9674714448247874,-0.3858306312849895,0.0,-2.0994150199754906,0.10806173938060111,0.0,0.6240961423501236,0.4329270661778707,-2.204545952253143,-1.6428829417715083,-0.08905222794982463,0.21003574390466273,0.13185125934320813,-0.0538,0.11567000000000001,0.07263,-0.00038787051102628987,0.0,0.00011381140987285626,-0.0017694874475059485,0.0,0.0016277293366298226
972,9.7200497998856,circle,2.930387817494136,1.2884538842828457,4.287899937480688,10.006599826738238,124371.0,124371.0,0.0,0.0,8.77,5e-05,1e-08,100.0,0.01,-0.05874908788562376,0.0,0.25328454537795697,-0.05646451020564626,0.0,0.2514493675704771,-0.009294226122737594,0.0,-0.003393242837568921,0.7227691779190767,0.0,1.9801480812296914,-0.3904634070436197,0.0,-2.0928606258017783,0.15881614281888204,0.0,0.6166733166888824,0.431393085389985,-2.203011971465257,-1.6428829417715083,-0.07866788192609264,0.2131178760714938,0.12943020511573178,-0.05111,0.11567000000000001,0.07263,-0.0002400839384263864,0.0,0.0003396678037550923,-0.0020444937415511144,0.0,0.0014955100037247896
973,9.730435600038618,circle,3.275358454127406,5.258356767805932,3.95099981687963,10.385800153017044,124371.0,124371.0,0.0,0.0,8.77,5e-05,1e-08,100.0,0.01,-0.05947671212133944,0.0,0.25284199356988,-0.05650154435279157,0.0,0.2514721944050322,-0.013909500912925806,0.0,-0.005142211344595603,0.8720305311412573,0.0,2.0508105184665215,-0.4060582822013238,0.0,-2.0973010883008794,0.23998484458121658,0.0,0.6207550491142965,0.4283251238142137,-2.204545952253143,-1.6428829417715083,-0.0601599175397598,0.22206487310852405,0.1272111611820506,-0.040350000000000004,0.12105,0.07532,-0.0008081718697812443,0.0,-0.0002301177049704793,-0.0021669958987666276,0.0,0.0015999168698182862
974,9.740334099857137,circle,3.217022553141988,1.3520422288050344,3.9041000418365,9.898499818518758,124371.0,124371.0,0.0,0.0,8.77,5e-05,1e-08,100.0,0.01,-0.05934327753349444,0.0,0.25306657824833284,-0.05653686394950166,0.0,0.25149391270760113,-0.01856754412030266,0.0,-0.006843482309181564,0.9381557741486564,0.0,2.058094454233613,-0.4052281852466186,0.0,-2.0891210485402154,0.27617987604041666,0.0,0.6151661927453986,0.4283251238142137,-2.203011971465257,-1.6428829417715083,-0.05325246864916383,0.22364019647313155,0.12506330254542947,-0.03766,0.12374,0.06994,4.3018042863421715e-05,0.0,0.0004239134947479691,-0.002849431626856207,0.0,0.0011487520459837412
975,9.750352300005034,circle,3.3145902846239257,1.2962030200524461,4.031900083646178,10.018200147897005,124371.0,124371.0,0.0,0.0,8.77,5e-05,1e-08,100.0,0.01,-0.0593958016390647,0.0,0.2532525862586308,-0.05657263356117295,0.0,0.25151585635478957,-0.023231733276771308,0.0,-0.008560650741988253,1.0083961952272769,0.0,2.057269569644136,-0.4079370396984498,0.0,-2.0815400025331385,0.3156278502694543,0.0,0.6052015790955508,0.4283251238142137,-2.203011971465257,-1.641348960983623,-0.04623181847793689,0.22586378083857167,0.1226518365595271,-0.03228,0.12105,0.06725,-0.00014038073053891653,0.0,0.00039287189313665484,-0.002682787347352833,0.0,0.0013438580107045617
976,9.760492699919268,circle,3.132648211754228,0.06849608791812081,3.78239993005991,10.140399914234877,124371.0,124371.0,0.0,0.0,8.77,5e-05,1e-08,100.0,0.01,-0.05934327753349444,0.0,0.25306657824833284,-0.05660886290643888,0.0,0.2515380294378752,-0.02320943015037832,0.0,-0.008554352886476954,1.0009554450429419,0.0,2.072488863861406,-0.4097432681286093,0.0,-2.081942920954149,0.3109306330503928,0.0,0.6120584990330032,0.4283251238142137,-2.203011971465257,-1.6428829417715083,-0.04714634992256585,0.22600836696015758,0.12371818850126054,-0.00807,0.12912,0.06725,-9.36040200958531e-05,0.0,-2.0880406568467074e-05,-0.0026408106069597116,0.0,0.001549429217026131
977,9.770076199900359,circle,3.1105341648640388,0.8397834250262761,4.141299985349178,9.583499981090426,124371.0,124371.0,0.0,0.0,8.77,5e-05,1e-08,100.0,0.01,-0.05947671212133944,0.0,0.25284199356988,-0.05664312419812551,0.0,0.25155894942714657,-0.018546001217234407,0.0,-0.006856281792794136,0.9444158296132078,0.0,2.074689621556388,-0.41600702393403316,0.0,-2.0836025999777354,0.27913392135832876,0.0,0.6198108810674728,0.4283251238142137,-2.204545952253143,-1.6428829417715083,-0.05249631930320292,0.22511147939901655,0.12555767095044085,-0.024210000000000002,0.12643000000000001,0.06725,-0.0003246060766713965,0.0,-8.600940284320927e-05,-0.002508981846542531,0.0,0.0013690535455766564
978,9.780353599926457,circle,3.049516488187853,1.0684870388536494,4.011299926787615,10.277400026097894,124371.0,124371.0,0.0,0.0,8.77,5e-05,1e-08,100.0,0.01,-0.05934327753349444,0.0,0.25306657824833284,-0.05667988951277171,0.0,0.2515813459221292,-0.01856754412030266,0.0,-0.006843482309181564,0.9322012138167999,0.0,2.0538127148154133,-0.41776116708908306,0.0,-2.0765070144674147,0.2732703237416242,0.0,0.6144130670150557,0.4283251238142137,-2.203011971465257,-1.6428829417715083,-0.053869391189876326,0.22327656779367416,0.12507189433897997,-0.0269,0.12643000000000001,0.06725,-9.090480937773513e-05,0.0,0.00036771391569850203,-0.0025724832113449966,0.0,0.0011175184105051206
979,9.790406299987808,circle,3.026020343347476,1.10723532276288,4.644699860364199,10.05270006135106,124371.0,124371.0,0.0,0.0,8.77,5e-05,1e-08,100.0,0.01,-0.05947671212133944,0.0,0.25284199356988,-0.056715874307968255,0.0,0.2516032144585722,-0.009273000608617204,0.0,-0.003428140896397068,0.8066514774430262,0.0,2.023116691995166,-0.4250332861540404,0.0,-2.0780811969356274,0.20543205440392515,0.0,0.6194098479279476,0.4283251238142137,-2.204545952253143,-1.6428829417715083,-0.06677675160206017,0.21882333069960355,0.1279015736733785,-0.02959,0.12105,0.07532,-0.0003768623988692245,0.0,-8.157872223066493e-05,-0.0023839754145019605,0.0,0.0013203578335384844
980,9.800346999894828,circle,2.984701129802965,0.6226387093018869,3.9264000952243805,9.940699907019734,124371.0,124371.0,0.0,0.0,8.77,5e-05,1e-08,100.0,0.01,-0.05947671212133944,0.0,0.25284199356988,-0.05675148080433605,0.0,0.25162480208820137,-0.004636500304308602,0.0,-0.001714070448198534,0.7411177092942832,0.0,2.00156370782343,-0.43006562787773234,0.0,-2.075671327179586,0.16998112147632308,0.0,0.6202876390803962,0.4283251238142137,-2.204545952253143,-1.6428829417715083,-0.07351499030365588,0.21595329660232937,0.1291156999375165,-0.03766,0.12105,0.07263,-0.00026079061095947,0.0,0.00012488647244522514,-0.0024644407060439204,0.0,0.0010923050092334226
981,9.810364800039679,circle,2.9430650571072725,0.6119652486986348,3.9816999342292547,10.017800144851208,124371.0,124371.0,0.0,0.0,8.77,5e-05,1e-08,100.0,0.01,-0.05947671212133944,0.0,0.25284199356988,-0.056787386180250705,0.0,0.25164651964170215,0.0,0.0,0.0,0.6733111505598267,0.0,1.9760402370149417,-0.43493680766585097,0.0,-2.073050283512121,0.13372397027058214,0.0,0.6200401708426372,0.4283251238142137,-2.204545952253143,-1.6428829417715083,-0.08060190499729039,0.2128345450139033,0.13028728282577443,-0.040350000000000004,0.12105,0.07263,-0.00025243872987720795,0.0,0.00013583011983694807,-0.002436887211211526,0.0,0.0010596438083409223
982,9.820330600021407,circle,2.9016489076117065,0.5944967385010909,4.06130007468164,9.965799981728196,124371.0,124371.0,0.0,0.0,8.77,5e-05,1e-08,100.0,0.01,-0.05947671212133944,0.0,0.25284199356988,-0.05682312776580339,0.0,0.25166808707824684,0.0,0.0,0.0,0.674208095039568,0.0,1.9757411552944055,-0.43975335589749603,0.0,-2.070495738531642,0.13428746018488194,0.0,0.6198149959186838,0.4283251238142137,-2.204545952253143,-1.6428829417715083,-0.08050905349712896,0.21285051528765636,0.13024054500428073,-0.04304,0.11836,0.07263,-0.0002496075634396554,0.0,0.00013238396411877074,-0.002403976792096397,0.0,0.0010415225275144102
983,9.83029600000009,circle,2.860238421056543,0.5757721148137844,3.996300045400858,9.965399978682399,124371.0,124371.0,0.0,0.0,8.77,5e-05,1e-08,100.0,0.01,-0.05947671212133944,0.0,0.25284199356988,-0.05685889040407903,0.0,0.2516896163391401,0.0,0.0,0.0,0.6750485421277517,0.0,1.9755044769446635,-0.4445177032291026,0.0,-2.0680280269916715,0.13480975180128407,0.0,0.6196196174260972,0.4283251238142137,-2.204545952253143,-1.6428829417715083,-0.08042203760706688,0.2128672708971022,0.13019884002987797,-0.04573,0.11836,0.07263,-0.00024690236070082404,0.0,0.00012788400222321378,-0.002370919356559586,0.0,0.0010244932285166956
984,9.840093299979344,circle,2.819530577085521,0.5602516460287237,4.30570007301867,9.797299979254603,124371.0,124371.0,0.0,0.0,8.77,5e-05,1e-08,100.0,0.01,-0.05947671212133944,0.0,0.25284199356988,-0.05689407166845867,0.0,0.2517107460433572,0.0,0.0,0.0,0.6759015015832978,0.0,1.9753114879512783,-0.4492395249461136,0.0,-2.0656370058762903,0.13533361061752475,0.0,0.6194382642713129,0.4283251238142137,-2.204545952253143,-1.6428829417715083,-0.08033371622643105,0.21288621698993132,0.13015878053707242,-0.040350000000000004,0.11836,0.06994,-0.00024469855944472124,0.0,0.00012390968096654656,-0.0023379418934360505,0.0,0.0010073378455562807
985,9.850329200038686,circle,2.9729838592351543,1.6276349946670454,4.026399925351143,10.235900059342384,124371.0,124371.0,0.0,0.0,8.77,5e-05,1e-08,100.0,0.01,-0.05964012089044257,0.0,0.25295691133374365,-0.05693085104367319,0.0,0.2517327831032633,0.0,0.0,0.0,0.6945489027291131,0.0,1.962623935439086,-0.4570448257061905,0.0,-2.061113839974171,0.14756269740736194,0.0,0.6124370560660299,0.42679114302632815,-2.203011971465257,-1.6428829417715083,-0.07753344829625246,0.21269103395860958,0.1290709496412678,-0.04304,0.11836,0.07263,-0.00040449342785280843,0.0,0.00023440363628949874,-0.0023047764189165756,0.0,0.0009897245941908493
986,9.860353899886832,circle,2.9717830960951734,1.1101015966154748,3.9105000905692577,10.024699848145247,124371.0,124371.0,0.0,0.0,8.77,5e-05,1e-08,100.0,0.01,-0.05977321081284839,0.0,0.25273212223351166,-0.05696689441495792,0.0,0.25175432724213154,0.0,0.0,0.0,0.7130195815512936,0.0,1.9852008834279797,-0.4641732293115615,0.0,-2.0632796982035355,0.15669282961710512,0.0,0.617557930851643,0.42679114302632815,-2.204545952253143,-1.6428829417715083,-0.0750750505697957,0.2148259344646439,0.12915331371194455,-0.04304,0.11836,0.06725,-0.00036941464500676565,0.0,-0.00011224108415142662,-0.002436901752883708,0.0,0.0010900360755315476
987,9.870033500017598,circle,2.8909963956721265,0.8821326769387963,6.826599827036262,9.67960013076663,124371.0,124371.0,0.0,0.0,8.77,5e-05,1e-08,100.0,0.01,-0.05964012089044257,0.0,0.25295691133374365,-0.057001718439063376,0.0,0.25177509380791935,0.0,0.0,0.0,0.7016046624855773,0.0,1.9648211569504372,-0.46586619024897136,0.0,-2.0568578201985166,0.1513947048666419,0.0,0.6122974222656896,0.42679114302632815,-2.203011971465257,-1.6428829417715083,-0.07680212335131689,0.21300348132640062,0.12892175063506495,-0.040350000000000004,0.11567000000000001,0.07263,-8.773416859173726e-05,0.0,0.00033280042977831684,-0.0025506682827874587,0.0,0.0008490170960459856
988,9.880496199941263,circle,2.8891745212878424,0.9801360756501896,4.388699773699045,10.462699923664331,124371.0,124371.0,0.0,0.0,8.77,5e-05,1e-08,100.0,0.01,-0.05977321081284839,0.0,0.25273212223351166,-0.05703938345127012,0.0,0.25179750072105606,0.0,0.0,0.0,0.7137823165657106,0.0,1.9855917689887432,-0.4725264457505956,0.0,-2.0590136959916907,0.15708801794534186,0.0,0.6175977598727636,0.42679114302632815,-2.204545952253143,-1.6428829417715083,-0.07499582883372058,0.21486601621341292,0.12914442297346312,-0.040350000000000004,0.11836,0.07263,-0.00034515384621783274,0.0,-0.00011172376522198993,-0.0023886735153604427,0.0,0.0010463452776775922
989,9.890040999976918,circle,2.850052050000037,0.44548749150816136,4.276499850675464,9.544800035655499,124371.0,124371.0,0.0,0.0,8.77,5e-05,1e-08,100.0,0.01,-0.05977321081284839,0.0,0.25273212223351166,-0.05707376548131931,0.0,0.25181790585332847,0.0,0.0,0.0,0.7166206746722034,0.0,1.9899441691499393,-0.47682737014767557,0.0,-2.057070393671924,0.15817736051536727,0.0,0.6187847933611181,0.42679114302632815,-2.204545952253143,-1.6428829417715083,-0.07470013565224073,0.21513443286283873,0.12925039799362475,-0.03766,0.12105,0.06994,-0.00022288643394870362,0.0,0.00010070758845031258,-0.00247655889758038,0.0,0.0008135087917328734
990,9.900090199895203,circle,2.808879192315912,0.43001266248125103,5.459900014102459,10.049199918285012,124371.0,124371.0,0.0,0.0,8.77,5e-05,1e-08,100.0,0.01,-0.05977321081284839,0.0,0.25273212223351166,-0.05710998646898886,0.0,0.2518393521560005,0.0,0.0,0.0,0.7168950990717595,0.0,1.9903088711969297,-0.4809327651940298,0.0,-2.054914850900965,0.1582902704584303,0.0,0.6188793409587402,0.42679114302632815,-2.204545952253143,-1.6428829417715083,-0.07467153183966298,0.21515807763238975,0.1292579316249238,-0.04304,0.11836,0.06994,-0.0002127535332761975,0.0,0.00011170650704046695,-0.0024504708105833324,0.0,0.0007810635704706844
991,9.910332500003278,circle,2.7669340291018507,0.42230693146227183,4.214599961414933,10.242300108075142,124371.0,124371.0,0.0,0.0,8.77,5e-05,1e-08,100.0,0.01,-0.05977321081284839,0.0,0.25273212223351166,-0.057146926663068254,0.0,0.25186117132443847,0.0,0.0,0.0,0.7168941247743418,0.0,1.9905013237206008,-0.4850380565016581,0.0,-2.0528504067015194,0.1582647614091553,0.0,0.6189482620949772,0.42679114302632815,-2.204545952253143,-1.6428829417715083,-0.07467151431614744,0.21516597157341044,0.1292671650746448,-0.040350000000000004,0.12105,0.07263,-0.00021274815723315663,0.0,0.00010698551362887064,-0.0024135359925469826,0.0,0.0007639653954443164
992,9.920372399967164,circle,2.7258371112739717,0.4204807707823911,3.8978999946266413,10.039899963885546,124371.0,124371.0,0.0,0.0,8.77,5e-05,1e-08,100.0,0.01,-0.05977321081284839,0.0,0.25273212223351166,-0.05718315956770219,0.0,0.2518825208536193,0.0,0.0,0.0,0.7169717489168488,0.0,1.9907342013639007,-0.48917748691127705,0.0,-2.0508783127831065,0.15827989730365888,0.0,0.6190213705686177,0.42679114302632815,-2.204545952253143,-1.6428829417715083,-0.07466334234523742,0.21517800123687741,0.1292754951311185,-0.040350000000000004,0.12105,0.06725,-0.00021451734497011585,0.0,0.00010219965298283922,-0.002375533900176089,0.0,0.0007474017269095337
993,9.930314099881798,circle,2.640255508833288,0.8289232561498049,4.6536000445485115,9.941699914634228,124371.0,124371.0,0.0,0.0,8.77,5e-05,1e-08,100.0,0.01,-0.05964012089044257,0.0,0.25295691133374365,-0.057219060177585865,0.0,0.25190362401463917,0.0,0.0,0.0,0.7024483920998342,0.0,1.9662515203317457,-0.4907527270192452,0.0,-2.0446361351655007,0.1517009956281897,0.0,0.6126986632405228,0.42679114302632815,-2.203011971465257,-1.6428829417715083,-0.07671412433468634,0.21308886090646112,0.1289597997773428,-0.040350000000000004,0.12105,0.07263,-8.163353220446605e-05,0.0,0.0003234878321058533,-0.002339427180652241,0.0,0.0007297994869986256
994,9.9403526999522,circle,2.6441113278184787,1.0556395646094856,3.917299909517169,10.038600070402026,124371.0,124371.0,0.0,0.0,8.77,5e-05,1e-08,100.0,0.01,-0.05977321081284839,0.0,0.25273212223351166,-0.057255332977682705,0.0,0.25192489492904324,0.0,0.0,0.0,0.7146635716254316,0.0,1.9870787650309594,-0.49752261120098235,0.0,-2.047272543023997,0.15740995847164596,0.0,0.6180141309252362,0.42679114302632815,-2.204545952253143,-1.6428829417715083,-0.07490373529525242,0.2149549545396107,0.12918368340999492,-0.04304,0.11836,0.07263,-0.00035083512384862696,0.0,-0.00013662633698315583,-0.0021670427113170613,0.0,0.0009438536414515722
995,9.950373499887064,circle,2.5568496787517154,0.7296557828215852,3.894299967214465,10.020799934864044,124371.0,124371.0,0.0,0.0,8.77,5e-05,1e-08,100.0,0.01,-0.05964012089044257,0.0,0.25295691133374365,-0.057291563741392534,0.0,0.251946090084769,0.0,0.0,0.0,0.7027343866508853,0.0,1.9672146499297696,-0.49924720536701545,0.0,-2.0414838847940127,0.15174194828538848,0.0,0.6130061963580773,0.42679114302632815,-2.203011971465257,-1.6428829417715083,-0.07668417005040279,0.21313746394819227,0.12899565275977667,-0.040350000000000004,0.11836,0.07263,-8.937349466938598e-05,0.0,0.00029998513601052013,-0.0022591836543806513,0.0,0.0007108361129641492
996,9.960391700034961,circle,2.562233487069795,1.050421175884331,4.284699913114309,10.018200147897005,124371.0,124371.0,0.0,0.0,8.77,5e-05,1e-08,100.0,0.01,-0.05977321081284839,0.0,0.25273212223351166,-0.05732780731851247,0.0,0.25196724172509777,0.0,0.0,0.0,0.7151023255824953,0.0,1.9884823087575232,-0.5059573828051126,0.0,-2.044221507401946,0.15748312172349968,0.0,0.6184591106402125,0.42679114302632815,-2.204545952253143,-1.6428829417715083,-0.07485766018192215,0.21502653083928108,0.1292350429606155,-0.04304,0.12105,0.06994,-0.0003477409464244332,0.0,-0.00014187158021050715,-0.002097662547911492,0.0,0.000906752088624397
997,9.970319099957123,circle,2.59968852206681,1.8820533049938424,4.923499887809157,9.927399922162294,124371.0,124371.0,0.0,0.0,8.77,5e-05,1e-08,100.0,0.01,-0.05969293026681796,0.0,0.2531428385542569,-0.0573637442709268,0.0,0.2519881641376743,0.0,0.0,0.0,0.7089680748057577,0.0,1.9481927549885276,-0.5086272136545598,0.0,-2.0348954863594524,0.1563934765289406,0.0,0.6051314924107055,0.42679114302632815,-2.203011971465257,-1.641348960983623,-0.0763449423037698,0.2126161659613722,0.1278778393758487,-0.04304,0.12105,0.06994,-0.00013835841375949747,0.0,0.0004833015838416561,-0.0021908275821316612,0.0,0.0006713728327409678
998,9.980418799910694,circle,2.557476468276557,0.36692451665463277,3.9556999690830708,10.099699953570962,124371.0,124371.0,0.0,0.0,8.77,5e-05,1e-08,100.0,0.01,-0.05969293026681796,0.0,0.2531428385542569,-0.05740032724557878,0.0,0.25200941132995297,0.0,0.0,0.0,0.7075716509380655,0.0,1.941151433015714,-0.5126403830830791,0.0,-2.0333985905812737,0.15650875044934026,0.0,0.6027898434338788,0.42679114302632815,-2.203011971465257,-1.641348960983623,-0.07649050001133412,0.21228308931341588,0.12758999864498186,-0.03497,0.11567000000000001,0.06994,-0.00020797413304031367,0.0,7.757350076128774e-05,-0.0020846288881988676,0.0,0.0010558537235426412
999,9.990312400041148,circle,2.516125929422291,0.3517472280416437,5.613500019535422,9.893600130453706,124371.0,124371.0,0.0,0.0,8.77,5e-05,1e-08,100.0,0.01,-0.05969293026681796,0.0,0.2531428385542569,-0.0574361854577742,0.0,0.25203018741415717,0.0,0.0,0.0,0.7075993531184902,0.0,1.9418892261338958,-0.5167263573068055,0.0,-2.0324540398705517,0.1564277277687955,0.0,0.6030507218661644,0.42679114302632815,-2.203011971465257,-1.641348960983623,-0.07648748633393748,0.2123142609828858,0.12762440726443755,-0.040350000000000004,0.12105,0.06994,-0.00021174708966077444,0.0,4.8949369986483245e-05,-0.002044997719382986,0.0,0.0010637017701132464
1000,10.000336099881679,circle,2.3993240920484205,1.6019679121402386,4.1288998909294605,10.023699840530753,124371.0,124371.0,0.0,0.0,8.77,5e-05,1e-08,100.0,0.01,-0.05977321081284839,0.0,0.25273212223351166,-0.057472537133171166,0.0,0.25205119880292315,0.0,0.0,0.0,0.7164954055559359,0.0,1.9884828400645294,-0.5223092965390546,0.0,-2.0394489798371294,0.1582984318514639,0.0,0.6182762960205253,0.42679114302632815,-2.204545952253143,-1.6428829417715083,-0.0747132372678674,0.21507037466389095,0.12918460385242087,-0.04304,0.11298000000000001,0.06725,-0.00028932417814020363,0.0,-0.0003624981703687425,-0.0020113495015370237,0.0,0.0010434216009572517
1001,10.010355799924582,circle,2.307573745842527,0.6459943453997994,3.9652998093515635,10.019700042903423,124371.0,124371.0,0.0,0.0,8.77,5e-05,1e-08,100.0,0.01,-0.05964012089044257,0.0,0.25295691133374365,-0.05750889632502059,0.0,0.2520721636611027,0.0,0.0,0.0,0.7033653722318166,0.0,1.972952025332011,-0.5236676520792849,0.0,-2.033930412314999,0.15135794220861534,0.0,0.6149799640016429,0.42679114302632815,-2.203011971465257,-1.6428829417715083,-0.07661705772740632,0.21339320792707522,0.12924808811967156,-0.040350000000000004,0.11836,0.06725,-7.039394196325932e-05,0.0,0.0002859882485606903,-0.0020608306234587218,0.0,0.0005987594240802717
1002,10.020314499968663,circle,2.3180160861476606,0.965111821726653,3.976200008764863,9.958700044080615,124371.0,124371.0,0.0,0.0,8.77,5e-05,1e-08,100.0,0.01,-0.05977321081284839,0.0,0.25273212223351166,-0.05754505593924214,0.0,0.25209296307112405,0.0,0.0,0.0,0.7153768766183706,0.0,1.9944510725041396,-0.5300686499968793,0.0,-2.036629081754794,0.1568633892831279,0.0,0.6205602243618995,0.42679114302632815,-2.204545952253143,-1.6428829417715083,-0.07482660871842811,0.21528086816541517,0.12951105075635047,-0.03766,0.11836,0.07263,-0.0003317183628092444,0.0,-0.00013985291353893036,-0.0018964365107970085,0.0,0.000779012075926534
1003,10.030571299837902,circle,2.2763233191027226,0.3389547509627606,3.705499926581979,10.25679986923933,124371.0,124371.0,0.0,0.0,8.77,5e-05,1e-08,100.0,0.01,-0.05977321081284839,0.0,0.25273212223351166,-0.05758232059501267,0.0,0.2521143456505283,0.0,0.0,0.0,0.7176366729376341,0.0,1.9994495367116145,-0.5339497015808468,0.0,-2.035256064584209,0.15752992852730982,0.0,0.62205443658729,0.42679114302632815,-2.204545952253143,-1.6428829417715083,-0.07459056751662457,0.2155576837596398,0.1296689066223507,-0.04304,0.12105,0.07263,-0.0002011274013811481,0.0,7.115375036814134e-05,-0.0019897628164545745,0.0,0.0005466228326152013
1004,10.04039609991014,circle,2.236420984699283,0.32243880059367014,6.142699858173728,9.82480007223785,124371.0,124371.0,0.0,0.0,8.77,5e-05,1e-08,100.0,0.01,-0.05977321081284839,0.0,0.25273212223351166,-0.057618037240436876,0.0,0.25213479008672707,0.0,0.0,0.0,0.7175483766085852,0.0,2.0002748619535855,-0.5376236732752645,0.0,-2.0336362275497204,0.1573704707434591,0.0,0.6223614835874506,0.42679114302632815,-2.204545952253143,-1.6428829417715083,-0.07459934213352121,0.21558888194743936,0.1297116320612215,-0.04304,0.11567000000000001,0.06994,-0.00019039591813174456,0.0,8.394467487973052e-05,-0.0019647776542797727,0.0,0.0005133874719048599
1005,10.050324499839917,circle,2.3021167588101004,0.959248962825098,3.889000043272972,9.928399929776788,124371.0,124371.0,0.0,0.0,8.77,5e-05,1e-08,100.0,0.01,-0.05982630533576337,0.0,0.25291796822673557,-0.057654151857019456,0.0,0.25215541276253967,0.0,0.0,0.0,0.7230621156334291,0.0,1.9803843105497498,-0.54226947598554,0.0,-2.028500181860822,0.16168362637285752,0.0,0.6142706467056004,0.42679114302632815,-2.204545952253143,-1.641348960983623,-0.07434135817766921,0.21500629224909465,0.12858061221610817,-0.04304,0.11836,0.06994,-0.00024075903301754302,0.0,0.0002661648526008476,-0.0019313944457263726,0.0,0.0004963906115950544
1006,10.060313999885693,circle,2.1556379049549816,0.22736919111150727,3.981800051406026,9.989500045776367,124371.0,124371.0,0.0,0.0,8.77,5e-05,1e-08,100.0,0.01,-0.05977321081284839,0.0,0.25273212223351166,-0.057690510345591584,0.0,0.2521761244448767,0.0,0.0,0.0,0.7178142407813345,0.0,1.9979627999865803,-0.5447944800419375,0.0,-2.030734642437953,0.15782924344285126,0.0,0.6214982639092835,0.42679114302632815,-2.204545952253143,-1.6428829417715083,-0.0745726485591662,0.21550208063894877,0.12959115177699376,-0.04304,0.11836,0.06994,-0.00013085306735886003,0.0,-0.00011579625770072799,-0.0019518473998979494,0.0,0.0006717940463356934
1007,10.070320999948308,circle,2.1151121020959622,0.2633405499466716,4.361200146377087,10.00700006261468,124371.0,124371.0,0.0,0.0,8.77,5e-05,1e-08,100.0,0.01,-0.05977321081284839,0.0,0.25273212223351166,-0.05772695423190209,0.0,0.2521968342648754,0.0,0.0,0.0,0.7162892114243283,0.0,2.002424089663511,-0.5482542152168823,0.0,-2.029640448663257,0.15635369882282824,0.0,0.6232958167398119,0.42679114302632815,-2.204545952253143,-1.6428829417715083,-0.07472875503921962,0.21563775901085053,0.1298600915033582,-0.04304,0.12105,0.06994,-0.0001792935574672944,0.0,5.670430957968299e-05,-0.0018669630234790068,0.0,0.0004785836590565947
1008,10.080463499994949,circle,2.0165466365692937,0.651649164927774,3.7209000438451767,10.142500046640635,124371.0,124371.0,0.0,0.0,8.77,5e-05,1e-08,100.0,0.01,-0.05964012089044257,0.0,0.25295691133374365,-0.057763913712012394,0.0,0.25221778552505747,0.0,0.0,0.0,0.7009696632922534,0.0,1.9788009136422353,-0.5491550768436267,0.0,-2.024003879975141,0.14919208706450587,0.0,0.6173913813587194,0.42679114302632815,-2.203011971465257,-1.6428829417715083,-0.07686330314306251,0.2135582603354274,0.12961506576888107,-0.040350000000000004,0.11836,0.07263,-4.668527435697776e-05,0.0,0.0002921034128044709,-0.0018295219040732004,0.0,0.00044702239588170984
1009,10.09036699985154,circle,1.9754736392393821,0.27028842638550554,3.950500162318349,9.903499856591225,124371.0,124371.0,0.0,0.0,8.77,5e-05,1e-08,100.0,0.01,-0.05964012089044257,0.0,0.25295691133374365,-0.05780002372305895,0.0,0.25223820519496615,0.0,0.0,0.0,0.6978575947275508,0.0,1.9753589122608666,-0.5526461869380539,0.0,-2.022852111062614,0.14782740365666047,0.0,0.61656590896837,0.42679114302632815,-2.203011971465257,-1.6428829417715083,-0.07718644752190255,0.21331879595682124,0.12956214356341086,-0.03497,0.11298000000000001,0.06994,-0.00018091949721261882,0.0,5.9688020979968104e-05,-0.001659177670171001,0.0,0.0006590181177975348
1010,10.100328400032595,circle,1.993862978759437,1.0190004813021787,3.871999913826585,9.961400181055069,124371.0,124371.0,0.0,0.0,8.77,5e-05,1e-08,100.0,0.01,-0.05977321081284839,0.0,0.25273212223351166,-0.05783636619299368,0.0,0.25225870645789017,0.0,0.0,0.0,0.7119824181631762,0.0,2.001192043836985,-0.5588246137174817,0.0,-2.026426613349137,0.15399830792180216,0.0,0.6234182335766569,0.42679114302632815,-2.204545952253143,-1.6428829417715083,-0.07517510597225631,0.2154516144539824,0.12995666361437463,-0.040350000000000004,0.12105,0.06994,-0.0003201840779193375,0.0,-0.00018524112358857888,-0.0016166605419353787,0.0,0.0006586568992100674
1011,10.110334099968895,circle,1.9535342162231581,0.2533004623331005,3.8972999900579453,10.005699936300516,124371.0,124371.0,0.0,0.0,8.77,5e-05,1e-08,100.0,0.01,-0.05977321081284839,0.0,0.25273212223351166,-0.05787289179193708,0.0,0.25227926071746365,0.0,0.0,0.0,0.7141024052809521,0.0,2.006976172119748,-0.562286455657652,0.0,-2.025601583956974,0.15448020791068975,0.0,0.6252121701772563,0.42679114302632815,-2.204545952253143,-1.6428829417715083,-0.07495323082482186,0.21575637275110426,0.13015723188474657,-0.04304,0.12105,0.06994,-0.00017940273617980478,0.0,4.275542700702583e-05,-0.001720916284731507,0.0,0.0004101060890409829
1012,10.120463500032201,circle,1.9721956249858763,1.6967886498997315,4.351000068709254,10.129400063306093,124371.0,124371.0,0.0,0.0,8.77,5e-05,1e-08,100.0,0.01,-0.05969293026681796,0.0,0.2531428385542569,-0.0579098908726883,0.0,0.2523000300931015,0.0,0.0,0.0,0.7046027057533206,0.0,1.9631050046950518,-0.5639114542583608,0.0,-2.016535227906019,0.15187984502436208,0.0,0.6110555959365971,0.42679114302632815,-2.203011971465257,-1.641348960983623,-0.07679425837974588,0.2130912465804691,0.12875099906799556,-0.03766,0.11836,0.06994,-8.42121622806251e-05,0.0,0.0004698449873888728,-0.0016988272318490345,0.0,0.00037296347376654707
1013,10.130337100010365,circle,1.9309374534686707,0.21648321829045222,4.12449985742569,9.873599978163838,124371.0,124371.0,0.0,0.0,8.77,5e-05,1e-08,100.0,0.01,-0.05969293026681796,0.0,0.2531428385542569,-0.0579459767909572,0.0,0.2523202371912711,0.0,0.0,0.0,0.7022178625009778,0.0,1.9562094596366746,-0.567066587906163,0.0,-2.015602869295275,0.15139895603953635,0.0,0.6088968016878219,0.42679114302632815,-2.203011971465257,-1.641348960983623,-0.07704214937325898,0.21273306128280225,0.12850579449086036,-0.040350000000000004,0.11836,0.06994,-0.00016350821880702364,0.0,4.8317539841246445e-05,-0.0015834452570537394,0.0,0.00077428382314454
1014,10.140464599942788,circle,1.8886197127014483,0.20479018462430792,5.79480011947453,10.127499932423234,124371.0,124371.0,0.0,0.0,8.77,5e-05,1e-08,100.0,0.01,-0.05969293026681796,0.0,0.2531428385542569,-0.05798301234560489,0.0,0.2523409251412759,0.0,0.0,0.0,0.7012578740695031,0.0,1.9575002412276326,-0.5702490612102246,0.0,-2.01526914350941,0.15066842158493202,0.0,0.6094865128591982,0.42679114302632815,-2.203011971465257,-1.641348960983623,-0.07714133401684518,0.2127558693458052,0.1286023681301525,-0.04304,0.11836,0.06725,-0.00016492503945449567,0.0,1.7294642607231588e-05,-0.0015449928817585737,0.0,0.0007846187703737941
1015,10.150142400059849,circle,1.7278366770041047,0.29723320910421647,5.665400065481663,9.677800117060542,124371.0,124371.0,0.0,0.0,8.77,5e-05,1e-08,100.0,0.01,-0.05964012089044257,0.0,0.25295691133374365,-0.058018423861633105,0.0,0.25236065775584987,0.0,0.0,0.0,0.6946839196010297,0.0,1.9797839022662862,-0.5723613338431337,0.0,-2.0184940411480143,0.14539412032628685,0.0,0.6185690858812946,0.42679114302632815,-2.203011971465257,-1.6428829417715083,-0.07751367516323655,0.21340081967951577,0.12988888237013618,-0.04304,0.11836,0.06725,-0.00010946412240963503,0.0,-0.0001671235920831499,-0.001512232906399832,0.0,0.0007633771699769293
1016,10.160309900064021,circle,1.8057007965228564,0.6638051224701919,3.896100213751197,10.167500004172325,124371.0,124371.0,0.0,0.0,8.77,5e-05,1e-08,100.0,0.01,-0.05969293026681796,0.0,0.2531428385542569,-0.0580556487334567,0.0,0.2523813501780636,0.0,0.0,0.0,0.6984819175277117,0.0,1.9647354511684747,-0.5764170007580528,0.0,-2.0144023639859276,0.148093064399218,0.0,0.6124484217832966,0.42679114302632815,-2.203011971465257,-1.641348960983623,-0.07742768556273473,0.2129656566853219,0.12904986726704493,-0.04304,0.11836,0.06994,-0.00021017647661135093,0.0,0.00021204263254336227,-0.0014271050567499113,0.0,0.0005494457436499133
1017,10.170323699945584,circle,1.8091998991134464,0.8900395234967213,4.05670003965497,10.01379988156259,124371.0,124371.0,0.0,0.0,8.77,5e-05,1e-08,100.0,0.01,-0.05982630533576337,0.0,0.25291796822673557,-0.05809233239865064,0.0,0.25240169104506593,0.0,0.0,0.0,0.713165467337708,0.0,1.9876190541328356,-0.5820103655730503,0.0,-2.018037779535928,0.1549521992171977,0.0,0.6181640037213328,0.42679114302632815,-2.204545952253143,-1.641348960983623,-0.07536369169137673,0.21499276873097795,0.12928477067025804,-0.040350000000000004,0.11567000000000001,0.07532,-0.0002898644622154596,0.0,-0.00018839782638620315,-0.0014441084748972753,0.0,0.0007046750080558364
1018,10.180314800003543,circle,1.7221223208781387,0.4859455387126091,4.1051998268812895,9.991100057959557,124371.0,124371.0,0.0,0.0,8.77,5e-05,1e-08,100.0,0.01,-0.05969293026681796,0.0,0.2531428385542569,-0.05812895414507899,0.0,0.2524219474538145,0.0,0.0,0.0,0.6999866828316746,0.0,1.968640892318594,-0.582230721009687,0.0,-2.013113480558695,0.14845601939463557,0.0,0.6136504124703646,0.42679114302632815,-2.203011971465257,-1.641348960983623,-0.07727122769268739,0.21317337816830928,0.12918312562778908,-0.04573,0.11836,0.06994,-1.1419460780689788e-05,0.0,0.00025519152103157606,-0.001552556660958285,0.0,0.00046569957941080186
1019,10.190324299968779,circle,1.727449150019845,0.7908551473473002,4.4328998774290085,10.009499965235591,124371.0,124371.0,0.0,0.0,8.77,5e-05,1e-08,100.0,0.01,-0.05982630533576337,0.0,0.25291796822673557,-0.05816566456724204,0.0,0.25244220273426143,0.0,0.0,0.0,0.710831744541095,0.0,1.9906823203673782,-0.5874113451295471,0.0,-2.0166777323870724,0.15318598134675399,0.0,0.6195685005313409,0.42679114302632815,-2.204545952253143,-1.641348960983623,-0.07560443014653373,0.21504538250183158,0.12951593521152352,-0.04573,0.11836,0.07263,-0.00026847503678237706,0.0,-0.00018470991498047542,-0.0013921657317389577,0.0,0.0006604754074546093
1020,10.200315299909562,circle,1.6385710560271765,0.484826618926463,3.943700110539794,9.990999940782785,124371.0,124371.0,0.0,0.0,8.77,5e-05,1e-08,100.0,0.01,-0.05969293026681796,0.0,0.2531428385542569,-0.058202328292006895,0.0,0.25246238219390793,0.0,0.0,0.0,0.6972357126588339,0.0,1.971624446682174,-0.5875011478108186,0.0,-2.011755002816523,0.14645682821857675,0.0,0.6150838085513508,0.42679114302632815,-2.203011971465257,-1.641348960983623,-0.07755559238160693,0.21320935941061933,0.12942553823403719,-0.04304,0.11836,0.07532,-4.653836603414662e-06,0.0,0.00025511018980442447,-0.0014859481382076517,0.0,0.00042534617054454436
1021,10.210346800042316,circle,1.5542088382457968,1.3588382982265006,3.9554000832140446,10.031500132754445,124371.0,124371.0,0.0,0.0,8.77,5e-05,1e-08,100.0,0.01,-0.05977321081284839,0.0,0.25273212223351166,-0.05823916186048661,0.0,0.252482604850071,0.0,0.0,0.0,0.7020834348067381,0.0,2.0141517433427985,-0.5915384435904526,0.0,-2.01894125063434,0.1465172381913716,0.0,0.6293552370043518,0.42679114302632815,-2.204545952253143,-1.6428829417715083,-0.07619457115397911,0.21567379094136527,0.13093542191378033,-0.040350000000000004,0.11836,0.07263,-0.0002092244308525156,0.0,-0.00037241230063757454,-0.0013248245215092672,0.0,0.0006219296840782195
1022,10.22010809998028,circle,1.6060199319512143,0.6159186421475435,4.550399957224727,9.761299937963486,124371.0,124371.0,0.0,0.0,8.77,5e-05,1e-08,100.0,0.01,-0.05982630533576337,0.0,0.25291796822673557,-0.05827502368447325,0.0,0.25250224565073665,0.0,0.0,0.0,0.7079900471335058,0.0,2.0029602202250367,-0.5951629759953426,0.0,-2.0147390253960547,0.14991022801493814,0.0,0.6243412947644021,0.42679114302632815,-2.204545952253143,-1.641348960983623,-0.07589520752427838,0.21546090861602374,0.13020737572692592,-0.04304,0.11836,0.07263,-0.0001878338300961384,0.0,0.00021777155595817713,-0.0013634478211939822,0.0,0.00019795102004074535
1023,10.230564799858257,circle,1.5122259412017356,0.5817859313562203,4.172299988567829,10.456699877977371,124371.0,124371.0,0.0,0.0,8.77,5e-05,1e-08,100.0,0.01,-0.05969293026681796,0.0,0.2531428385542569,-0.058313462574363616,0.0,0.25252324499173534,0.0,0.0,0.0,0.6926407953424949,0.0,1.976222695327606,-0.5949347661889305,0.0,-2.0093504061988883,0.14316838944229732,0.0,0.6173398713369698,0.42679114302632815,-2.203011971465257,-1.641348960983623,-0.07803063124877546,0.21325364148938977,0.12981194868112653,-0.04573,0.11836,0.06994,1.1826497107888644e-05,0.0,0.0002792539477279213,-0.0013912941895622348,0.0,0.00034033961479363744
1024,10.24006829992868,circle,1.3566155424582067,0.20545259642578326,4.244999960064888,9.503500070422888,124371.0,124371.0,0.0,0.0,8.77,5e-05,1e-08,100.0,0.01,-0.05964012089044257,0.0,0.25295691133374365,-0.05834841742351501,0.0,0.2525422935777726,0.0,0.0,0.0,0.6827073046076431,0.0,1.9933763317102655,-0.5962441931753452,0.0,-2.0122758174158863,0.13661623582286997,0.0,0.6250163931350502,0.42679114302632815,-2.203011971465257,-1.6428829417715083,-0.07874993171638305,0.21358261128925504,0.13097316897414255,-0.04304,0.11836,0.07263,-6.785832174039655e-05,0.0,-0.00015160333309576965,-0.0012238451451871677,0.0,0.0005662210890668392
1025,10.250335999997333,circle,1.3143831140765636,0.11921161862719933,4.054700024425983,10.26770006865263,124371.0,124371.0,0.0,0.0,8.77,5e-05,1e-08,100.0,0.01,-0.05964012089044257,0.0,0.25295691133374365,-0.058386204363353136,0.0,0.25256283480099706,0.0,0.0,0.0,0.6798189039201624,0.0,1.9985078945268835,-0.5986603828527534,0.0,-2.0119256626299045,0.13425537424159403,0.0,0.627236125439865,0.42679114302632815,-2.203011971465257,-1.6428829417715083,-0.0790476348153748,0.21370264609156023,0.13132364985687844,-0.03766,0.11836,0.07263,-0.00012521398918493372,0.0,1.8146041262788242e-05,-0.0011287025379045016,0.0,0.0003759304914838018
1026,10.260465299943462,circle,1.2727619530537704,0.12323536178794345,3.852499881759286,10.129299946129322,124371.0,124371.0,0.0,0.0,8.77,5e-05,1e-08,100.0,0.01,-0.05964012089044257,0.0,0.25295691133374365,-0.05842350358721856,0.0,0.25258305932206365,0.0,0.0,0.0,0.6780916211770261,0.0,2.000329376087853,-0.601072046768748,0.0,-2.0113377466106583,0.13300758884793382,0.0,0.6281162140670293,0.42679114302632815,-2.203011971465257,-1.6428829417715083,-0.07922597786801537,0.2137231559265627,0.13147337105927612,-0.04573,0.11836,0.07532,-0.00012497945104168197,0.0,3.046752114035001e-05,-0.0010916378521823296,0.0,0.00034338449053964814
1027,10.270549099892378,circle,1.3452725598882886,0.5709205676637543,3.795800032094121,10.08379994891584,124371.0,124371.0,0.0,0.0,8.77,5e-05,1e-08,100.0,0.01,-0.05969293026681796,0.0,0.2531428385542569,-0.05846065655378226,0.0,0.2526031536864409,0.0,0.0,0.0,0.6821979656944436,0.0,1.9814019337299316,-0.6044069850522644,0.0,-2.0071635143425253,0.13639026207217345,0.0,0.6205766458646519,0.42679114302632815,-2.203011971465257,-1.641348960983623,-0.07911111322243072,0.2131378129313642,0.1304370656985934,-0.04304,0.12105,0.07263,-0.00017282621893019694,0.0,0.00021632087868121962,-0.001059447494105502,0.0,0.00032336398913480636
1028,10.280487800017,circle,1.2805797548131463,1.4044612561069472,4.793199943378568,9.938700124621391,124371.0,124371.0,0.0,0.0,8.77,5e-05,1e-08,100.0,0.01,-0.05977321081284839,0.0,0.25273212223351166,-0.058497295654703824,0.0,0.2526229205043394,0.0,0.0,0.0,0.6903133304075879,0.0,2.0246278542757876,-0.6081617770472871,0.0,-2.0146551496699727,0.13826665196491936,0.0,0.6346482910736334,0.42679114302632815,-2.204545952253143,-1.6428829417715083,-0.07740894995439274,0.2157348828170581,0.13186288728305975,-0.04573,0.11836,0.06994,-0.0001945842615968666,0.0,-0.00038823837120052524,-0.0010813308965477028,0.0,0.0004974401003728066
1029,10.29009659984149,circle,1.1512901244429554,0.44618693827419215,4.53380006365478,9.608799824491143,124371.0,124371.0,0.0,0.0,8.77,5e-05,1e-08,100.0,0.01,-0.05964012089044257,0.0,0.25295691133374365,-0.05853273811684296,0.0,0.2526419949267803,0.0,0.0,0.0,0.6754591507634854,0.0,2.0093867536690024,-0.607607296298806,0.0,-2.0099645315856183,0.13028073283475025,0.0,0.6317099098967482,0.42679114302632815,-2.203011971465257,-1.6428829417715083,-0.07949605420638223,0.21401264425210192,0.1320029817239693,-0.04304,0.11836,0.07263,2.8734807988267967e-05,0.0,0.00024308149628179566,-0.00113611758158788,0.0,7.183491068155467e-05
1030,10.300191099988297,circle,1.2052599319800674,0.651174243191005,5.400300025939941,10.09450014680624,124371.0,124371.0,0.0,0.0,8.77,5e-05,1e-08,100.0,0.01,-0.05977321081284839,0.0,0.25273212223351166,-0.058569992758115336,0.0,0.2526619950889741,0.0,0.0,0.0,0.685438345114327,0.0,2.0316239331694477,-0.6120314946093026,0.0,-2.0135680273146224,0.13450112415537624,0.0,0.6377924069418687,0.42679114302632815,-2.204545952253143,-1.6428829417715083,-0.07791090759319673,0.2158695515823979,0.13237440528874878,-0.04573,0.11836,0.07263,-0.00022927484732769034,0.0,-0.00018674364825673037,-0.000973943207405367,0.0,0.0002568707927943099
1031,10.310378500027582,circle,1.1790505479327722,1.4193297235410942,4.88019990734756,10.187400039285421,124371.0,124371.0,0.0,0.0,8.77,5e-05,1e-08,100.0,0.01,-0.05969293026681796,0.0,0.2531428385542569,-0.058607611668175255,0.0,0.2526821393747256,0.0,0.0,0.0,0.6768339003725685,0.0,1.9921118523354084,-0.6123753328629676,0.0,-2.005150886384807,0.13184589927823834,0.0,0.6251266389311672,0.42679114302632815,-2.203011971465257,-1.641348960983623,-0.07966489419780452,0.21340887526651098,0.13114469422495614,-0.040350000000000004,0.12105,0.07263,-1.7818700153524308e-05,0.0,0.0004362007681799583,-0.0010674998984891823,0.0,2.449841135132927e-05
1032,10.320323499850929,circle,1.1375644816543358,0.06329974797152833,4.054199904203415,9.944999823346734,124371.0,124371.0,0.0,0.0,8.77,5e-05,1e-08,100.0,0.01,-0.05969293026681796,0.0,0.2531428385542569,-0.05864435617849574,0.0,0.2527017656223956,0.0,0.0,0.0,0.6730961931085387,0.0,1.9858004611607307,-0.6140663230143497,0.0,-2.0045981299226057,0.13049823999108986,0.0,0.6233560939235127,0.42679114302632815,-2.203011971465257,-1.641348960983623,-0.08005279432727917,0.21303211801463112,0.1309763170759662,-0.04573,0.11836,0.06994,-8.763203671745842e-05,0.0,2.8645450449164725e-05,-0.0009609420516047627,0.0,0.0004124274814121324
1033,10.330333099933341,circle,0.987243659377382,0.2783513264427005,4.337500082328916,10.009600082412362,124371.0,124371.0,0.0,0.0,8.77,5e-05,1e-08,100.0,0.01,-0.05964012089044257,0.0,0.25295691133374365,-0.0586813599909604,0.0,0.2527214807057341,0.0,0.0,0.0,0.66485524549373,0.0,2.0078606840341044,-0.6147636797130566,0.0,-2.008262998263611,0.124290130471359,0.0,0.632555756855072,0.42679114302632815,-2.203011971465257,-1.6428829417715083,-0.08059438105828816,0.21361611340768147,0.13231227235227072,-0.04304,0.12105,0.07532,-3.613905602957077e-05,0.0,-0.000189924155833286,-0.0009226218434526015,0.0,0.0004253547838428557
1034,10.34047509985976,circle,1.1214159767097047,0.5665849265762822,3.819699864834547,10.141999926418066,124371.0,124371.0,0.0,0.0,8.77,5e-05,1e-08,100.0,0.01,-0.05982630533576337,0.0,0.25291796822673557,-0.058718874319754366,0.0,0.2527414169945081,0.0,0.0,0.0,0.6819111624928701,0.0,2.0179586151712248,-0.6200295142928932,0.0,-2.0090377450006875,0.13270219423583204,0.0,0.6331465623303724,0.42679114302632815,-2.204545952253143,-1.641348960983623,-0.07859110061775401,0.2152580308830654,0.13186840125458954,-0.048420000000000005,0.12643000000000001,0.07263,-0.00027289089109783357,0.0,-4.014963331083372e-05,-0.000834540124911172,0.0,0.00021670086553831797
1035,10.350495100021362,circle,0.9055914503854067,0.10199235829062214,3.9520999416708946,10.020000161603093,124371.0,124371.0,0.0,0.0,8.77,5e-05,1e-08,100.0,0.01,-0.05964012089044257,0.0,0.25295691133374365,-0.05875595815514637,0.0,0.2527610743287505,0.0,0.0,0.0,0.6625331123554405,0.0,2.0165497018762046,-0.6180114966088613,0.0,-2.0080242251234943,0.12179266131886579,0.0,0.6359766927192887,0.42679114302632815,-2.203011971465257,-1.6428829417715083,-0.08083245746789494,0.21390022468273792,0.13281302981163867,-0.03766,0.12374,0.07532,0.00010457955632623165,0.0,5.252355314989789e-05,-0.0009887422916224314,0.0,0.00014331345184325116
1036,10.360307900002226,circle,0.8660280227220629,0.037309519746406006,4.418700002133846,9.812799980863929,124371.0,124371.0,0.0,0.0,8.77,5e-05,1e-08,100.0,0.01,-0.05964012089044257,0.0,0.25295691133374365,-0.058792295117889415,0.0,0.25278028745219155,0.0,0.0,0.0,0.6564789165676529,0.0,2.0175977399333016,-0.6193481180792187,0.0,-2.007743299809042,0.11811978420081042,0.0,0.637148093906337,0.42679114302632815,-2.203011971465257,-1.6428829417715083,-0.08145908160823158,0.21375272773285364,0.13308176457090568,-0.04573,0.11567000000000001,0.07532,-6.926761913543197e-05,0.0,1.4558368332789418e-05,-0.0007785581534177249,0.0,0.00016206551321930654
1037,10.370421800063923,circle,0.8253953278384415,0.04521622411102854,3.9464000146836042,10.113900061696768,124371.0,124371.0,0.0,0.0,8.77,5e-05,1e-08,100.0,0.01,-0.05964012089044257,0.0,0.25295691133374365,-0.058829767700087396,0.0,0.252800051032524,0.0,0.0,0.0,0.6536536747275963,0.0,2.019437365460529,-0.6208425551470701,0.0,-2.0075775618961096,0.11622845255537857,0.0,0.6381789927575428,0.42679114302632815,-2.203011971465257,-1.6428829417715083,-0.08175111906836058,0.21373942008759655,0.13327197562453544,-0.048420000000000005,0.12105,0.07263,-7.74460832281298e-05,0.0,8.589021562136064e-06,-0.000732907107127046,0.0,0.00014827127965750517
1038,10.380452499957755,circle,0.8869689157146735,0.39698953852698643,4.274300066754222,10.030699893832207,124371.0,124371.0,0.0,0.0,8.77,5e-05,1e-08,100.0,0.01,-0.05969293026681796,0.0,0.2531428385542569,-0.0588669526747449,0.0,0.25281961282069404,0.0,0.0,0.0,0.6568400916305562,0.0,2.000873338289221,-0.6232842870507517,0.0,-2.0038509787108185,0.11902086528405795,0.0,0.6309096328750923,0.42679114302632815,-2.203011971465257,-1.641348960983623,-0.08173377040366106,0.2131396935818959,0.1322861055368348,-0.04573,0.12105,0.07532,-0.00012653766177333223,0.0,0.0001931223988839725,-0.0006994399302997305,0.0,0.00013010333467888715
1039,10.390081899939105,circle,0.8468898924445126,0.0354573439288112,4.240799928084016,9.629399981349707,124371.0,124371.0,0.0,0.0,8.77,5e-05,1e-08,100.0,0.01,-0.05969293026681796,0.0,0.2531428385542569,-0.058902669296316254,0.0,0.25283835524038506,0.0,0.0,0.0,0.6553152280278189,0.0,1.9991571026801431,-0.6246151873111866,0.0,-2.0038113341246193,0.11835780337040927,0.0,0.6304952469441267,0.42679114302632815,-2.203011971465257,-1.641348960983623,-0.08189187613639574,0.2130212494890897,0.13225863383039244,-0.04304,0.11836,0.07532,-6.897112936724318e-05,0.0,2.0544979700862047e-06,-0.0007212898411344646,0.0,0.00030242881590175326
1040,10.400301599875093,circle,0.8421073190731282,1.495990525458165,3.9848999585956335,10.219699935987592,124371.0,124371.0,0.0,0.0,8.77,5e-05,1e-08,100.0,0.01,-0.05977321081284839,0.0,0.25273212223351166,-0.05894059606491982,0.0,0.25285820719839,0.0,0.0,0.0,0.6612843672611647,0.0,2.046525352695276,-0.6272964243423175,0.0,-2.012033894203804,0.11843265639607635,0.0,0.6462921830563201,0.42679114302632815,-2.204545952253143,-1.6428829417715083,-0.08040579549604439,0.21572335938004658,0.1339616095107363,-0.05111,0.11298000000000001,0.07532,-0.00013894951532877897,0.0,-0.00042611702154604517,-0.0006936652325997966,0.0,0.0003000320566677305
1041,10.410311999963596,circle,0.6670841815330345,0.40697268684007704,3.991900011897087,10.010400088503957,124371.0,124371.0,0.0,0.0,8.77,5e-05,1e-08,100.0,0.01,-0.05964012089044257,0.0,0.25295691133374365,-0.05897776666851366,0.0,0.25287761322566693,0.0,0.0,0.0,0.6451656006869871,0.0,2.032049045179778,-0.6257466806537949,0.0,-2.0077975126296432,0.10961531170219012,0.0,0.6438167705411953,0.42679114302632815,-2.203011971465257,-1.6428829417715083,-0.08262658579019175,0.21399069627287365,0.1341834385601229,-0.048420000000000005,0.12105,0.07532,8.031223345935051e-05,0.0,0.00021954163680527574,-0.0007426664553882602,0.0,-0.00014024352872855607
1042,10.420345399994403,circle,0.8115325605771208,0.40969158936068645,4.2389000300318,10.03340003080666,124371.0,124371.0,0.0,0.0,8.77,5e-05,1e-08,100.0,0.01,-0.05982630533576337,0.0,0.25291796822673557,-0.05901504306817547,0.0,0.2528970247297737,0.0,0.0,0.0,0.660001307104498,0.0,2.0341874454564666,-0.6302536522313503,0.0,-2.008211984181311,0.11776691732789203,0.0,0.6418444233354949,0.42679114302632815,-2.204545952253143,-1.641348960983623,-0.08085511631139378,0.2152367548533094,0.13343795731621916,-0.04304,0.11836,0.06994,-0.00023356439920485777,0.0,-2.1479123461717143e-05,-0.0005776978683830455,0.0,4.242262042357319e-05
1043,10.430394399911165,circle,0.7440024408080089,0.26286691350322583,3.768899943679571,10.048999916762114,124371.0,124371.0,0.0,0.0,8.77,5e-05,1e-08,100.0,0.01,-0.05977321081284839,0.0,0.25273212223351166,-0.059052397847534625,0.0,0.2529164271465331,0.0,0.0,0.0,0.6545070594516423,0.0,2.0571709998669965,-0.6301762646867034,0.0,-2.0118365333730166,0.11307737054114429,0.0,0.650992531534413,0.42679114302632815,-2.204545952253143,-1.6428829417715083,-0.08110324964455184,0.21594843102222697,0.1347168008418295,-0.04573,0.12105,0.07801000000000001,4.010448049288789e-06,0.0,-0.00018783470003784237,-0.0007248234133630564,0.0,3.5297870163821313e-06
1044,10.440048299962655,circle,0.5522514180247813,0.456335818380317,4.106699954718351,9.653900051489472,124371.0,124371.0,0.0,0.0,8.77,5e-05,1e-08,100.0,0.01,-0.05964012089044257,0.0,0.25295691133374365,-0.05908830314701044,0.0,0.2529350296806102,0.0,0.0,0.0,0.6357701498316736,0.0,2.038009634688475,-0.6282787368170596,0.0,-2.0074529071454577,0.10334616777244164,0.0,0.6471887589621681,0.42679114302632815,-2.203011971465257,-1.6428829417715083,-0.08359782535350024,0.21393997940621906,0.13480846024428905,-0.04304,0.12105,0.07532,9.833542307098879e-05,0.0,0.00022717228377414122,-0.0006501531665031202,0.0,-0.00020529063064070362
1045,10.450283400015905,circle,0.684048845227753,0.5770402642600692,4.040899919345975,10.23510005325079,124371.0,124371.0,0.0,0.0,8.77,5e-05,1e-08,100.0,0.01,-0.05977321081284839,0.0,0.25273212223351166,-0.059126390594356586,0.0,0.2529547125019594,0.0,0.0,0.0,0.6443149802763942,0.0,2.0605175276085212,-0.6315599440141512,0.0,-2.011705634804591,0.10668174056115795,0.0,0.6535258985072724,0.42679114302632815,-2.204545952253143,-1.6428829417715083,-0.08215726291666597,0.21576566518698365,0.13524561929335194,-0.04304,0.12105,0.07801000000000001,-0.00017004171747429488,0.0,-0.0002203887385564814,-0.00047677850101751244,0.0,-2.2015298912496004e-06
1046,10.46050429996103,circle,0.4759933793422822,0.4087278277444314,3.6383001133799553,10.220899945124984,124371.0,124371.0,0.0,0.0,8.77,5e-05,1e-08,100.0,0.01,-0.05964012089044257,0.0,0.25295691133374365,-0.05916444623012474,0.0,0.25297432726636876,0.0,0.0,0.0,0.6286983942129042,0.0,2.042092665572017,-0.6297593735328788,0.0,-2.0075590292857126,0.09868048083795927,0.0,0.649582151265602,0.42679114302632815,-2.203011971465257,-1.6428829417715083,-0.08432897182318982,0.21388522244670788,0.1352595461187235,-0.04573,0.11567000000000001,0.07532,9.33108086988365e-05,0.0,0.00021488918003820197,-0.000568985469016667,0.0,-0.00023230511266331084
1047,10.470241599949077,circle,0.44087767347781054,0.007311618551156716,3.9725000970065594,9.737299988046288,124371.0,124371.0,0.0,0.0,8.77,5e-05,1e-08,100.0,0.01,-0.05964012089044257,0.0,0.25295691133374365,-0.05920072077877314,0.0,0.2529929760649377,0.0,0.0,0.0,0.6228695049687929,0.0,2.039945142331703,-0.6303624947813197,0.0,-2.0076017573471825,0.09555915658173221,0.0,0.6495779689572144,0.42679114302632815,-2.203011971465257,-1.6428829417715083,-0.08493311319413954,0.21361344943232108,0.13536678529375612,-0.048420000000000005,0.12105,0.07532,-3.1255500421011756e-05,0.0,-2.2142926430064965e-06,-0.0004081446112484184,0.0,-3.385043855104557e-05
1048,10.480305999983102,circle,0.6038632961278447,0.6709640135400353,4.119700053706765,10.064400034025311,124371.0,124371.0,0.0,0.0,8.77,5e-05,1e-08,100.0,0.01,-0.05977321081284839,0.0,0.25273212223351166,-0.05923823384403931,0.0,0.25301221243907807,0.0,0.0,0.0,0.6339792569193399,0.0,2.0668315028810453,-0.6336224210827478,0.0,-2.012389353945295,0.09981373315116254,0.0,0.6571408251181784,0.42679114302632815,-2.204545952253143,-1.6428829417715083,-0.0832249276741278,0.21570053182523985,0.13592183686889242,-0.048420000000000005,0.11836,0.06994,-0.00016893887945442865,0.0,-0.0002481072054330315,-0.00036603808935465243,0.0,-3.198300013337635e-05
1049,10.490315899951383,circle,0.5806574447427942,0.009568799406499668,3.7944999057799578,10.009899968281388,124371.0,124371.0,0.0,0.0,8.77,5e-05,1e-08,100.0,0.01,-0.05977321081284839,0.0,0.25273212223351166,-0.059275563860100036,0.0,0.25303130541912794,0.0,0.0,0.0,0.6330943327558314,0.0,2.073666377407606,-0.6341763479161665,0.0,-2.012803606324339,0.09840147339220204,0.0,0.6597047074610751,0.42679114302632815,-2.204545952253143,-1.6428829417715083,-0.08331380355650392,0.21595404242800492,0.13628140285060275,-0.04573,0.12105,0.07263,-2.870610249578197e-05,0.0,-2.1467765297759032e-05,-0.00046894085025257483,0.0,-0.00027771542031852173
1050,10.500295199919492,circle,0.5302829993970718,0.2719347776826297,3.808399895206094,9.979299968108535,124371.0,124371.0,0.0,0.0,8.77,5e-05,1e-08,100.0,0.01,-0.05982630533576337,0.0,0.25291796822673557,-0.059312799661145776,0.0,0.25305030107067494,0.0,0.0,0.0,0.6353669507506491,0.0,2.05562880071671,-0.6354976050410446,0.0,-2.009361075497449,0.1005536586845519,0.0,0.6527685633077798,0.42679114302632815,-2.204545952253143,-1.641348960983623,-0.08339982921098585,0.21534417581004459,0.13535592662465384,-0.04304,0.12374,0.07263,-6.84713939852849e-05,0.0,0.00017840197802244988,-0.00044503428063231043,0.0,-0.0003107348219618255
1051,10.51020330004394,circle,0.541160777038021,0.31815885190881155,5.4432000033557415,9.908100124448538,124371.0,124371.0,0.0,0.0,8.77,5e-05,1e-08,100.0,0.01,-0.05977321081284839,0.0,0.25273212223351166,-0.059349789412992834,0.0,0.25306912268566084,0.0,0.0,0.0,0.6267278751534823,0.0,2.0746914547873563,-0.6346856719979127,0.0,-2.0132660348223217,0.09454619537330691,0.0,0.6609054987557154,0.42679114302632815,-2.204545952253143,-1.6428829417715083,-0.08397258246309577,0.2157960309691035,0.13656064816899077,-0.04304,0.12105,0.07532,4.207673604113033e-05,0.0,-0.00020236637017534138,-0.00046549813589668893,0.0,-0.0001346340819738418
1052,10.520288799889386,circle,0.2847533743049503,0.4072741725959845,8.52959998883307,10.085499845445156,124371.0,124371.0,0.0,0.0,8.77,5e-05,1e-08,100.0,0.01,-0.05964012089044257,0.0,0.25295691133374365,-0.059387461484112655,0.0,0.2530882418654987,0.0,0.0,0.0,0.6070608455083197,0.0,2.055864709397712,-0.6322081975209194,0.0,-2.0094943205110773,0.08423662713289676,0.0,0.6573640032949837,0.42679114302632815,-2.203011971465257,-1.6428829417715083,-0.08656574232875824,0.21377026633895146,0.13670113728293096,-0.04573,0.11836,0.07801000000000001,0.0001283899460662159,0.0,0.00019546122533037693,-0.00038104935239613235,0.0,-0.0003267917570854464
1053,10.53023809986189,circle,0.27066037853595054,0.22602910660097042,3.87750007212162,9.949299972504377,124371.0,124371.0,0.0,0.0,8.77,5e-05,1e-08,100.0,0.01,-0.05969293026681796,0.0,0.2531428385542569,-0.05942464457698878,0.0,0.25310706385450826,0.0,0.0,0.0,0.6062764516579824,0.0,2.033612714827008,-0.6334117181423065,0.0,-2.006355372686735,0.08518838641790216,0.0,0.6493310779629613,0.42679114302632815,-2.203011971465257,-1.641348960983623,-0.08696450026923463,0.21289347641349607,0.1356809594353491,-0.048420000000000005,0.11836,0.08070000000000001,-6.23699453231043e-05,0.0,0.00016266942227437226,-0.00020591574450607564,0.0,-0.00012689472252573592
1054,10.540292300051078,circle,0.24545452176559854,0.41359788003759884,3.8654999807476997,10.054200189188123,124371.0,124371.0,0.0,0.0,8.77,5e-05,1e-08,100.0,0.01,-0.05964012089044257,0.0,0.25295691133374365,-0.05946223960994654,0.0,0.2531260449268122,0.0,0.0,0.0,0.5974841000803778,0.0,2.053004545821398,-0.6326573275480929,0.0,-2.0108398781035275,0.07902064667307747,0.0,0.6575966982823311,0.42679114302632815,-2.203011971465257,-1.6428829417715083,-0.08755813950105837,0.21335121933191897,0.13690938718021536,-0.04573,0.11567000000000001,0.07532,3.90947186755613e-05,0.0,-0.00023240013729401176,-0.0002169759991715952,0.0,6.326654422548504e-05
1055,10.550266599981114,circle,0.3977868649036194,0.34767911160636433,5.994800012558699,9.974299930036068,124371.0,124371.0,0.0,0.0,8.77,5e-05,1e-08,100.0,0.01,-0.05982630533576337,0.0,0.25291796822673557,-0.059499555603520285,0.0,0.25314483603487264,0.0,0.0,0.0,0.6131119138721771,0.0,2.0637961751772926,-0.636399922100337,0.0,-2.0126775237706327,0.08647711891474479,0.0,0.6586238824823492,0.42679114302632815,-2.204545952253143,-1.641348960983623,-0.08570191898969881,0.2149805825995295,0.1365513825078589,-0.04573,0.12105,0.07532,-0.00019395215457213808,0.0,-9.523215285543751e-05,-0.0001327975776709487,0.0,-0.00013163565528163924
1056,10.560530399903655,circle,0.2310283394648922,0.25691966996143595,3.7791000213474035,10.263799922540784,124371.0,124371.0,0.0,0.0,8.77,5e-05,1e-08,100.0,0.01,-0.05964012089044257,0.0,0.25295691133374365,-0.05953797514715579,0.0,0.25316413184615566,0.0,0.0,0.0,0.5920639346883743,0.0,2.063408226630491,-0.6328162067950559,0.0,-2.0127320041227383,0.07448870788148931,0.0,0.6620397077904185,0.42679114302632815,-2.203011971465257,-1.6428829417715083,-0.08811657664386242,0.2136082954048682,0.1376042272868869,-0.04573,0.11836,0.07532,0.00018571856906478268,0.0,-2.823330586634859e-06,-0.0002878643123515669,0.0,-0.0002043971818253748
1057,10.570186299970374,circle,0.23479765254850202,0.011934349222975638,4.1952000465244055,9.65590006671846,124371.0,124371.0,0.0,0.0,8.77,5e-05,1e-08,100.0,0.01,-0.05964012089044257,0.0,0.25295691133374365,-0.059574138108809016,0.0,0.25318224710580434,0.0,0.0,0.0,0.5844649281093038,0.0,2.0654035037614498,-0.6326099045004109,0.0,-2.0134764212265,0.06978923010491196,0.0,0.6637538376858165,0.42679114302632815,-2.203011971465257,-1.6428829417715083,-0.0889029226265046,0.21345110922055838,0.13797416707199744,-0.048420000000000005,0.12105,0.07801000000000001,1.0691186015751274e-05,0.0,-3.857786334038324e-05,-7.667396764930692e-05,0.0,-0.0001867579087203031
1058,10.58031089999713,circle,0.2458955826058936,0.014110665937260024,4.5369998551905155,10.124600026756525,124371.0,124371.0,0.0,0.0,8.77,5e-05,1e-08,100.0,0.01,-0.05964012089044257,0.0,0.25295691133374365,-0.059612076082519866,0.0,0.25320120240254,0.0,0.0,0.0,0.5800467138828103,0.0,2.0681786388810646,-0.6325451606536452,0.0,-2.014313882587501,0.06684471953634603,0.0,0.6653295865799468,0.42679114302632815,-2.203011971465257,-1.6428829417715083,-0.08935967170525422,0.21342611411205886,0.13826675767682073,-0.05111,0.11836,0.07532,3.355214784877049e-06,0.0,-4.33996878554717e-05,-3.1400022707582855e-05,0.0,-0.00020089138094089338
1059,10.59064059983939,circle,0.08835167198819666,0.16447967512068581,3.645000047981739,10.329699842259288,124371.0,124371.0,0.0,0.0,8.77,5e-05,1e-08,100.0,0.01,-0.05969293026681796,0.0,0.2531428385542569,-0.0596508032772709,0.0,0.2532205002223745,0.0,0.0,0.0,0.5815043415662687,0.0,2.0505863108511924,-0.633401601448645,0.0,-2.0115770060976508,0.06848949761107763,0.0,0.6586913131808678,0.42679114302632815,-2.203011971465257,-1.641348960983623,-0.08952705780808806,0.21281119774020024,0.13738904973375388,-0.048420000000000005,0.12105,0.07532,-4.438325742607762e-05,0.0,0.00014183291419744587,2.256267879018772e-06,0.0,-0.0002194945823150693
1060,10.600285500055179,circle,0.0958271225022515,0.017993659810615948,3.979500150308013,9.644900215789676,124371.0,124371.0,0.0,0.0,8.77,5e-05,1e-08,100.0,0.01,-0.05969293026681796,0.0,0.2531428385542569,-0.05968698190737771,0.0,0.2532384808797568,0.0,0.0,0.0,0.5783444355138019,0.0,2.0497750845858405,-0.6331645191090841,0.0,-2.012495415023347,0.06675258687312119,0.0,0.6588175504890883,0.42679114302632815,-2.203011971465257,-1.641348960983623,-0.08985434781117302,0.21267848029617586,0.1374639877806356,-0.048420000000000005,0.12105,0.07263,1.2286297627744418e-05,0.0,-4.759462651660309e-05,-1.8234657067998432e-05,0.0,-4.804769898330861e-05
1061,10.610280399909243,circle,0.3117965409339639,0.501027087703634,3.8963998667895794,9.994899854063988,124371.0,124371.0,0.0,0.0,8.77,5e-05,1e-08,100.0,0.01,-0.05964012089044257,0.0,0.25295691133374365,-0.05972449254946453,0.0,0.2532570754656653,0.0,0.0,0.0,0.5681212837099847,0.0,2.0731821535383284,-0.6317102738333887,0.0,-2.0172846242548697,0.05922396948071824,0.0,0.6686908662762313,0.42679114302632815,-2.203011971465257,-1.6428829417715083,-0.09059315598934195,0.2132564099259772,0.13893713820696765,-0.048420000000000005,0.12105,0.07801000000000001,7.53632274509508e-05,0.0,-0.0002481907767950936,9.008431571010949e-06,0.0,-5.1973355126538336e-05
1062,10.620303299976513,circle,0.5436734511754154,0.6842344884411361,4.147799918428063,10.022900067269802,124371.0,124371.0,0.0,0.0,8.77,5e-05,1e-08,100.0,0.01,-0.05977321081284839,0.0,0.25273212223351166,-0.05976212779920233,0.0,0.25327568270698403,0.0,0.0,0.0,0.5771610720343862,0.0,2.1047458053769534,-0.6337874520218991,0.0,-2.022752444222209,0.06163807635235232,0.0,0.6781612246660877,0.42679114302632815,-2.204545952253143,-1.6428829417715083,-0.08909298928592382,0.21547438115103695,0.13979285000234554,-0.05111,0.11836,0.07801000000000001,-0.00010764542604548988,0.0,-0.0002833583624072014,9.656241239942443e-05,0.0,-0.0002602021110651695
1063,10.630395999876782,circle,0.1855753887389712,1.123646718902013,4.151300061494112,10.092699900269508,124371.0,124371.0,0.0,0.0,8.77,5e-05,1e-08,100.0,0.01,-0.05969293026681796,0.0,0.2531428385542569,-0.059800044855676346,0.0,0.25329437960400686,0.0,0.0,0.0,0.5661789881050997,0.0,2.0669380157021493,-0.6316689759349772,0.0,-2.015562562789651,0.057385919159545336,0.0,0.6665809523817182,0.42679114302632815,-2.203011971465257,-1.641348960983623,-0.09111155490479181,0.21300056320901942,0.13872675063553783,-0.05111,0.11836,0.07532,0.00010978560347171393,0.0,0.00037260060514080016,-2.6710146133298354e-06,0.0,-0.0005241416548907593
1064,10.64028299995698,circle,0.4066916598546818,0.42364921199056105,4.371300106868148,9.88700008019805,124371.0,124371.0,0.0,0.0,8.77,5e-05,1e-08,100.0,0.01,-0.05964012089044257,0.0,0.25295691133374365,-0.059837208263301266,0.0,0.25331265657075325,0.0,0.0,0.0,0.5541130573260834,0.0,2.082201523835676,-0.6298650067471779,0.0,-2.0197967280874396,0.04985916155215233,0.0,0.6737660270138298,0.42679114302632815,-2.203011971465257,-1.6428829417715083,-0.09204125767776516,0.21318623082896687,0.13987540928721734,-0.05111,0.12105,0.07532,9.348693957394528e-05,0.0,-0.00021942678290607292,0.0001036004332847486,0.0,-0.00013631845410352412
1065,10.650158199947327,circle,0.4412584791634935,0.0384645947905607,4.158699885010719,9.875199990347028,124371.0,124371.0,0.0,0.0,8.77,5e-05,1e-08,100.0,0.01,-0.05964012089044257,0.0,0.25295691133374365,-0.05987434618614997,0.0,0.2533308733054526,0.0,0.0,0.0,0.5481864192917855,0.0,2.0883865928578986,-0.6291397179018985,0.0,-2.0209787542421593,0.04558562958489018,0.0,0.6767628797168324,0.42679114302632815,-2.203011971465257,-1.6428829417715083,-0.09265330708277197,0.21325393248854305,0.14038608513340264,-0.05111,0.11836,0.07263,3.758658125143372e-05,0.0,-6.125603943152736e-05,0.00019663871445596692,0.0,-0.0003127059322774419
1066,10.660163199994713,circle,0.6325792382034043,0.6361108302398283,4.0877999272197485,10.005000047385693,124371.0,124371.0,0.0,0.0,8.77,5e-05,1e-08,100.0,0.01,-0.05977321081284839,0.0,0.25273212223351166,-0.05991199144252765,0.0,0.25334929030578357,0.0,0.0,0.0,0.5579544599557105,0.0,2.1163217122869975,-0.6309817848346827,0.0,-2.026309076083018,0.04889560264413471,0.0,0.6848226617159225,0.42679114302632815,-2.204545952253143,-1.6428829417715083,-0.09107713179706012,0.21534687015180565,0.14104195406652226,-0.048420000000000005,0.11836,0.07532,-9.546127572525093e-05,0.0,-0.00027623280886185223,0.00023424190540450912,0.0,-0.0003409352634100597
1067,10.67041049990803,circle,0.5152319650624793,0.47553971172149523,4.223999800160527,10.247299913316965,124371.0,124371.0,0.0,0.0,8.77,5e-05,1e-08,100.0,0.01,-0.05964012089044257,0.0,0.25295691133374365,-0.059950568367843356,0.0,0.2533681124300428,0.0,0.0,0.0,0.5408424977115408,0.0,2.098886246978808,-0.6275117180171434,0.0,-2.0228833466909193,0.039917686196176805,0.0,0.681493143656596,0.42679114302632815,-2.203011971465257,-1.6428829417715083,-0.09341093322398956,0.21345439490342827,0.1411549486276197,-0.0538,0.12105,0.07532,0.0001798289732900563,0.0,0.0001775312787168522,0.00013061850411072768,0.0,-0.0005887323750160152
1068,10.680429500062019,circle,0.5529534460136221,0.03530682664958414,4.0178000926971436,10.0190001539886,124371.0,124371.0,0.0,0.0,8.77,5e-05,1e-08,100.0,0.01,-0.05964012089044257,0.0,0.25295691133374365,-0.059988305344011644,0.0,0.253386475182026,0.0,0.0,0.0,0.5331833344691342,0.0,2.0974257897293693,-0.626416706224971,0.0,-2.0236358694530217,0.0356372682726072,0.0,0.6819759003917768,0.42679114302632815,-2.203011971465257,-1.6428829417715083,-0.094204424903832,0.21315325083365627,0.1413612058456501,-0.0538,0.12105,0.07532,5.6746701628794765e-05,0.0,-3.8997922173229034e-05,0.0002914377519402778,0.0,-0.0003905659261091259
1069,10.690310299862176,circle,0.718208787746027,0.6533707469887347,4.074400058016181,9.880799800157547,124371.0,124371.0,0.0,0.0,8.77,5e-05,1e-08,100.0,0.01,-0.05977321081284839,0.0,0.25273212223351166,-0.060025540631875006,0.0,0.2534045458538773,0.0,0.0,0.0,0.5426273859951487,0.0,2.124893866657569,-0.6280195076863303,0.0,-2.0291221764827916,0.03881410684175436,0.0,0.6899001980610461,0.42679114302632815,-2.204545952253143,-1.6428829417715083,-0.09266076953949277,0.21521771979991688,0.1420068566138713,-0.0538,0.12105,0.08070000000000001,-8.306184184327656e-05,0.0,-0.00028431641584848754,0.0003353916608698895,0.0,-0.00038810720451713777
1070,10.700339799979702,circle,0.6294643862250736,0.48184714829261016,3.967700060456991,10.029500117525458,124371.0,124371.0,0.0,0.0,8.77,5e-05,1e-08,100.0,0.01,-0.05964012089044257,0.0,0.25295691133374365,-0.06006335539087612,0.0,0.25342284906688883,0.0,0.0,0.0,0.5253609889735825,0.0,2.107558365315222,-0.6243275633061814,0.0,-2.025887689798862,0.029738180820265782,0.0,0.6866374078094238,0.42679114302632815,-2.203011971465257,-1.6428829417715083,-0.09501169318722608,0.2133235619671432,0.14212971640976813,-0.048420000000000005,0.11836,0.07801000000000001,0.00019132731507371368,0.0,0.00016762052435171607,0.00023190718535983658,0.0,-0.0006335582574968991
1071,10.71050739986822,circle,0.7816236528241807,0.5950851633163764,3.688399912789464,10.167599888518453,124371.0,124371.0,0.0,0.0,8.77,5e-05,1e-08,100.0,0.01,-0.05977321081284839,0.0,0.25273212223351166,-0.06010171043580846,0.0,0.25344136375257925,0.0,0.0,0.0,0.5320837135474433,0.0,2.131086202822422,-0.6255667257842693,0.0,-2.031199820681918,0.03184021587467674,0.0,0.6934989260990876,0.42679114302632815,-2.204545952253143,-1.6428829417715083,-0.09375005702498412,0.21514103695090878,0.14268478682434882,-0.05111,0.12643000000000001,0.08070000000000001,-6.421701018775357e-05,0.0,-0.00027529010042515607,0.00039271663314782197,0.0,-0.00043395141864243774
1072,10.720174399903044,circle,0.7071774061129479,0.48675001001134344,4.485199926421046,9.667000034824014,124371.0,124371.0,0.0,0.0,8.77,5e-05,1e-08,100.0,0.01,-0.05964012089044257,0.0,0.25295691133374365,-0.060138195339362537,0.0,0.25345892898985717,0.0,0.0,0.0,0.5146014301954627,0.0,2.1134972395897083,-0.6217467265617749,0.0,-2.0280781053776806,0.022675049684324804,0.0,0.6901810254286581,0.42679114302632815,-2.203011971465257,-1.6428829417715083,-0.09612423952657353,0.21322900770574105,0.1428029438924928,-0.0538,0.12105,0.08070000000000001,0.00019796349012009398,0.0,0.00016177638287176704,0.00030011095879987085,0.0,-0.0006637940389852852
1073,10.730552599998191,circle,0.5889466848520374,0.1301929240346391,3.5467001143842936,10.378200095146894,124371.0,124371.0,0.0,0.0,8.77,5e-05,1e-08,100.0,0.01,-0.05969293026681796,0.0,0.2531428385542569,-0.06017738420333245,0.0,0.25347774537860335,0.0,0.0,0.0,0.5122534003185579,0.0,2.0918915044355146,-0.6212732796025603,0.0,-2.0255710165921483,0.022618287079559558,0.0,0.6826540702233251,0.42679114302632815,-2.203011971465257,-1.641348960983623,-0.09669172895460255,0.21232884124949536,0.14186901890780462,-0.0538,0.12105,0.07801000000000001,2.4535400918656843e-05,0.0,0.00012992464582253403,0.0004599185355958299,0.0,-0.00046483147016898217
1074,10.740209199953824,circle,0.7867370489183103,0.6327991907251599,3.8844000082463026,9.656599955633283,124371.0,124371.0,0.0,0.0,8.77,5e-05,1e-08,100.0,0.01,-0.05964012089044257,0.0,0.25295691133374365,-0.060213866597406185,0.0,0.2534952151957784,0.0,0.0,0.0,0.5019090869527714,0.0,2.1117503203190977,-0.6188920991664573,0.0,-2.0306670875558397,0.015493383381471278,0.0,0.6912224256487738,0.42679114302632815,-2.203011971465257,-1.6428829417715083,-0.09743897647009524,0.21275764824651394,0.14317704623799526,-0.05111,0.11836,0.08070000000000001,0.0001233997082933509,0.0,-0.00026409324586543914,0.00045034599867026226,0.0,-0.0002742106161693
1075,10.750551299890503,circle,0.8281235276004844,0.1073032079869507,3.62949981354177,10.342099936679006,124371.0,124371.0,0.0,0.0,8.77,5e-05,1e-08,100.0,0.01,-0.05964012089044257,0.0,0.25295691133374365,-0.06025295836341245,0.0,0.25351388423136917,0.0,0.0,0.0,0.495189138562636,0.0,2.1188441163210623,-0.6173529703220615,0.0,-2.032398053413301,0.01063717291155876,0.0,0.6946494191129657,0.42679114302632815,-2.203011971465257,-1.6428829417715083,-0.09813293372240373,0.21283773464124367,0.14375995989421145,-0.05111,0.11836,0.08070000000000001,7.976214130800809e-05,0.0,-8.970369428452224e-05,0.0005330753316618685,0.0,-0.00046726920334099614
1076,10.760296900058165,circle,0.867284053223758,0.08786315393923144,3.810400143265724,9.745600167661905,124371.0,124371.0,0.0,0.0,8.77,5e-05,1e-08,100.0,0.01,-0.05964012089044257,0.0,0.25295691133374365,-0.06028981392259222,0.0,0.25353143774127634,0.0,0.0,0.0,0.48955959861410253,0.0,2.1224529463762654,-0.615838615346117,0.0,-2.0338471519964876,0.006875719546165841,0.0,0.6966833515604384,0.42679114302632815,-2.203011971465257,-1.6428829417715083,-0.09871490170622232,0.21280888042027613,0.14413627315792066,-0.05111,0.11298000000000001,0.08070000000000001,7.84782872607383e-05,0.0,-7.509651084912675e-05,0.0005712147448889125,0.0,-0.0004994298966835672
1077,10.770214800024405,circle,0.907276037118629,0.0947478179197737,3.8771999534219503,9.91789996623993,124371.0,124371.0,0.0,0.0,8.77,5e-05,1e-08,100.0,0.01,-0.05964012089044257,0.0,0.25295691133374365,-0.06032733945123134,0.0,0.2535492629668444,0.0,0.0,0.0,0.48388055501118515,0.0,2.1258088211650383,-0.6142215266195388,0.0,-2.0353040030342955,0.0031186080716772745,0.0,0.6986330747088746,0.42679114302632815,-2.203011971465257,-1.6428829417715083,-0.099302062485598,0.21276806899448558,0.1445022321207119,-0.056490000000000005,0.11567000000000001,0.07532,8.380224955601887e-05,0.0,-7.549826563609517e-05,0.0006034163112327471,0.0,-0.0005168533674646343
1078,10.780236799968407,circle,0.8438242602070948,0.17206180114653072,5.402900045737624,10.021999944001436,124371.0,124371.0,0.0,0.0,8.77,5e-05,1e-08,100.0,0.01,-0.05982630533576337,0.0,0.25291796822673557,-0.06036527763932176,0.0,0.25356723568942796,0.0,0.0,0.0,0.4985784535541393,0.0,2.1334812449861533,-0.61611238579682,0.0,-2.0375462656480448,0.01039268301784808,0.0,0.6986658544776825,0.42679114302632815,-2.204545952253143,-1.641348960983623,-0.09754194908551764,0.21424635138812814,0.14403002247106844,-0.0538,0.11836,0.08070000000000001,-9.798983200205388e-05,0.0,-0.00011620058197125928,0.0006369621355604393,0.0,-0.000533066880721134
1079,10.790247099939734,circle,0.8367238116763994,0.5601903142579148,3.955900203436613,10.010299971327186,124371.0,124371.0,0.0,0.0,8.77,5e-05,1e-08,100.0,0.01,-0.05969293026681796,0.0,0.2531428385542569,-0.06040319034580888,0.0,0.2535851476737854,0.0,0.0,0.0,0.4815585904988499,0.0,2.112849103116023,-0.6116587196998965,0.0,-2.0346871794286367,0.0019363045421118546,0.0,0.6942258216814384,0.42679114302632815,-2.203011971465257,-1.641348960983623,-0.09986703399017272,0.2122238411554036,0.14398196904265742,-0.0538,0.12105,0.07801000000000001,0.00023080195388123495,0.0,0.00014816617846815023,0.0004794581251096803,0.0,-0.000590475297996678
1080,10.800282099982724,circle,1.0976199915060867,1.8183683245272253,3.827800042927265,10.03500004298985,124371.0,124371.0,0.0,0.0,8.77,5e-05,1e-08,100.0,0.01,-0.05977321081284839,0.0,0.25273212223351166,-0.06044121542591208,0.0,0.25360306395525856,0.0,0.0,0.0,0.481735072289112,0.0,2.157183927470962,-0.6110655379742798,0.0,-2.0442038254589754,-0.0010072180260814179,0.0,0.7094401620531405,0.42679114302632815,-2.204545952253143,-1.6428829417715083,-0.09895308269804,0.21463193300903316,0.145755663422983,-0.056490000000000005,0.11567000000000001,0.08070000000000001,3.074040538727108e-05,0.0,-0.0004931803261397302,0.0006372642076764188,0.0,-0.00037776139560716823
1081,10.810395600041375,circle,1.1354165502516043,0.14587099144656201,3.8800998590886593,10.11350005865097,124371.0,124371.0,0.0,0.0,8.77,5e-05,1e-08,100.0,0.01,-0.05977321081284839,0.0,0.25273212223351166,-0.06047955698954988,0.0,0.2536210799497414,0.0,0.0,0.0,0.476887097489356,0.0,2.1686279073780614,-0.6090120655561789,0.0,-2.0459579065860694,-0.005339798548530134,0.0,0.7141740129623741,0.42679114302632815,-2.204545952253143,-1.6428829417715083,-0.09945051274768499,0.2149505324332125,0.14647941961946592,-0.05111,0.12105,0.08339,0.00010641692395087492,0.0,-9.090159490832443e-05,0.0005999292527506154,0.0,-0.0007980561213214413
1082,10.820287599926814,circle,1.1107819501006355,0.6529259844518459,3.8145999424159527,9.891999885439873,124371.0,124371.0,0.0,0.0,8.77,5e-05,1e-08,100.0,0.01,-0.05964012089044257,0.0,0.25295691133374365,-0.060517077255568846,0.0,0.25363866207582897,0.0,0.0,0.0,0.45599775363787015,0.0,2.147480706062323,-0.6042359898951373,0.0,-2.0428217623765983,-0.01601071583716068,0.0,0.7100688656622935,0.42679114302632815,-2.203011971465257,-1.6428829417715083,-0.10218350095877553,0.2127812735023596,0.14654834418990736,-0.0538,0.12105,0.08339,0.00024751015690522335,0.0,0.00016252413078277712,0.0006294462082210513,0.0,-0.0008442748728680957
1083,10.830302899936214,circle,1.0035329350032136,0.12881668453669357,3.8247997872531414,10.015300009399652,124371.0,124371.0,0.0,0.0,8.77,5e-05,1e-08,100.0,0.01,-0.05969293026681796,0.0,0.2531428385542569,-0.060555083732213646,0.0,0.25365642375044384,0.0,0.0,0.0,0.45282563548041466,0.0,2.1257461080453135,-0.6030426149079918,0.0,-2.040581965428906,-0.01653646304582648,0.0,0.7026470864983042,0.42679114302632815,-2.203011971465257,-1.641348960983623,-0.10284040799090591,0.21184954605348694,0.14563712927532885,-0.05111,0.11567000000000001,0.08070000000000001,6.184416899516088e-05,0.0,0.00011607280397190809,0.0008003092964005238,0.0,-0.0006296580001588467
1084,10.840282399905846,circle,1.2487187599264937,1.918664905877618,4.247299861162901,9.979499969631433,124371.0,124371.0,0.0,0.0,8.77,5e-05,1e-08,100.0,0.01,-0.05977321081284839,0.0,0.25273212223351166,-0.06059297286131199,0.0,0.2536740822779356,0.0,0.0,0.0,0.4562781588174553,0.0,2.170672094892445,-0.6024859919477239,0.0,-2.050360688053768,-0.017653796111230084,0.0,0.7176052083168071,0.42679114302632815,-2.204545952253143,-1.6428829417715083,-0.1015837047221897,0.2143865748015087,0.1473223865102343,-0.05918,0.11567000000000001,0.07801000000000001,2.8845823644867803e-05,0.0,-0.0005067618988859039,0.0007909162248187281,0.0,-0.0004351981455380246
1085,10.850290299858898,circle,1.2336158364939263,0.5886343343875298,3.902799915522337,10.007899953052402,124371.0,124371.0,0.0,0.0,8.77,5e-05,1e-08,100.0,0.01,-0.05964012089044257,0.0,0.25295691133374365,-0.06063098832860546,0.0,0.25369175128369,0.0,0.0,0.0,0.4368310933256527,0.0,2.157559140405787,-0.5976140505451388,0.0,-2.0479740788085934,-0.028527018952154422,0.0,0.7162017899676207,0.42679114302632815,-2.203011971465257,-1.6428829417715083,-0.10416550286220175,0.21259224687948397,0.1477235817564798,-0.05111,0.11836,0.08339,0.00025247819895799287,0.0,0.00012368104499748127,0.0007383892392048945,0.0,-0.0008585209949438122
1086,10.860558799933642,circle,1.2757654984705253,0.16648669430494298,3.743699984624982,10.268500074744225,124371.0,124371.0,0.0,0.0,8.77,5e-05,1e-08,100.0,0.01,-0.05964012089044257,0.0,0.25295691133374365,-0.060670012922456495,0.0,0.25370983895940363,0.0,0.0,0.0,0.4276285348403,0.0,2.1571054723612755,-0.5951570186992062,0.0,-2.049486470696736,-0.03384102688993433,0.0,0.7172484395622064,0.42679114302632815,-2.203011971465257,-1.6428829417715083,-0.10511855232117384,0.21228390636495847,0.14803384992462526,-0.056490000000000005,0.11567000000000001,0.08608,0.0001273305493605329,0.0,-7.83765543309658e-05,0.0009025614826533909,0.0,-0.0006745510713290168
1087,10.870404799934477,circle,1.1707528088788592,0.09598726030907405,4.023699788376689,9.846000000834465,124371.0,124371.0,0.0,0.0,8.77,5e-05,1e-08,100.0,0.01,-0.05969293026681796,0.0,0.2531428385542569,-0.06070745008475578,0.0,0.253727142994176,0.0,0.0,0.0,0.426839189826525,0.0,2.1399702813748847,-0.5938610089599883,0.0,-2.047720197283217,-0.03358149216273295,0.0,0.7111816814002231,0.42679114302632815,-2.203011971465257,-1.641348960983623,-0.10552918569551245,0.21161615486852392,0.14725700964776925,-0.0538,0.11567000000000001,0.08339,6.716300089655341e-05,0.0,9.153343471581259e-05,0.0009473568170412667,0.0,-0.0006758378746348937
1088,10.880259400000796,circle,1.2356835680747078,0.7947928742585146,3.858399810269475,9.854600066319108,124371.0,124371.0,0.0,0.0,8.77,5e-05,1e-08,100.0,0.01,-0.05982630533576337,0.0,0.25291796822673557,-0.06074493779196187,0.0,0.253744423483134,0.0,0.0,0.0,0.43608718159878707,0.0,2.1648406500245305,-0.5940265434830005,0.0,-2.054021962276821,-0.030243899890652345,0.0,0.7181268165017114,0.42679114302632815,-2.204545952253143,-1.641348960983623,-0.1040039853857647,0.2135718224685263,0.1477910348622706,-0.056490000000000005,0.11836,0.08070000000000001,-8.578481303846792e-06,0.0,-0.00032657582355106237,0.000927210937502345,0.0,-0.0004998794328473439
1089,10.890274900011718,circle,1.4423331477505184,0.9280425948059485,5.457400111481547,10.015500010922551,124371.0,124371.0,0.0,0.0,8.77,5e-05,1e-08,100.0,0.01,-0.05977321081284839,0.0,0.25273212223351166,-0.06078305582717439,0.0,0.2537619464690688,0.0,0.0,0.0,0.42617017233771043,0.0,2.1935034731063814,-0.5903589976743977,0.0,-2.0597622791219172,-0.03824269542054495,0.0,0.729725870136523,0.42679114302632815,-2.204545952253143,-1.6428829417715083,-0.10469220261365111,0.214379537341763,0.1495050571052374,-0.05918,0.12105,0.08339,0.00019006291000557682,0.0,-0.00029747994459234446,0.0008197821043204172,0.0,-0.0007323442909647974
1090,10.90038220002316,circle,1.2958456381997727,1.158946031889552,4.108899971470237,10.107300011441112,124371.0,124371.0,0.0,0.0,8.77,5e-05,1e-08,100.0,0.01,-0.05969293026681796,0.0,0.2531428385542569,-0.060821541854944185,0.0,0.2537795895269209,0.0,0.0,0.0,0.4093819163333149,0.0,2.155851040449361,-0.5859227276468297,0.0,-2.0535762618379954,-0.045867443838532765,0.0,0.7191841053121062,0.42679114302632815,-2.203011971465257,-1.641348960983623,-0.1073345550331764,0.21171910946701727,0.14864897855695317,-0.056490000000000005,0.12105,0.08070000000000001,0.00022990043887994433,0.0,0.0003205774399788301,0.0008987111492462786,0.0,-0.0009573284126428543
1091,10.910509599838406,circle,1.4813964843488063,0.8585493592928612,4.23920014873147,10.127399815246463,124371.0,124371.0,0.0,0.0,8.77,5e-05,1e-08,100.0,0.01,-0.05964012089044257,0.0,0.25295691133374365,-0.06086012312575337,0.0,0.2537972268040747,0.0,0.0,0.0,0.39484287824739817,0.0,2.172045685457054,-0.582064180765367,0.0,-2.058871456256352,-0.05494868670107727,0.0,0.7269145331577515,0.42679114302632815,-2.203011971465257,-1.6428829417715083,-0.1085094948801956,0.2118660327506397,0.14993380215685492,-0.06187,0.11836,0.08339,0.0001999611421249351,0.0,-0.00027441240347631803,0.0010200410931858613,0.0,-0.0005659030668547142
1092,10.920212700031698,circle,1.5600597829451646,0.867309543047951,4.2195999994874,9.703100193291903,124371.0,124371.0,0.0,0.0,8.77,5e-05,1e-08,100.0,0.01,-0.05977321081284839,0.0,0.25273212223351166,-0.060897105513862126,0.0,0.25381408675575634,0.0,0.0,0.0,0.4015530536343871,0.0,2.2039237139467223,-0.581913229772375,0.0,-2.065454972866046,-0.05399679575999197,0.0,0.7366821832090701,0.42679114302632815,-2.204545952253143,-1.6428829417715083,-0.10723712393114256,0.2140343033843265,0.15089439737144128,-0.06456,0.11836,0.08339,7.82272028586415e-06,0.0,-0.0003411770132423003,0.0011160719807278693,0.0,-0.0007407875090023825
1093,10.930316099897027,circle,1.420810541309976,1.1071912283914211,3.956400090828538,10.103399865329266,124371.0,124371.0,0.0,0.0,8.77,5e-05,1e-08,100.0,0.01,-0.05969293026681796,0.0,0.2531428385542569,-0.06093563178917842,0.0,0.25383160231682034,0.0,0.0,0.0,0.38827751712533953,0.0,2.16710043734601,-0.5775461549043936,0.0,-2.059431002537681,-0.059670355736818406,0.0,0.7260068346786266,0.42679114302632815,-2.203011971465257,-1.641348960983623,-0.10951824861303362,0.2115171424910704,0.14995001302539193,-0.05918,0.11836,0.08070000000000001,0.00022631454409480244,0.0,0.00031217969458230063,0.0010163869782656568,0.0,-0.0010009434571457386
1094,10.94055589986965,circle,1.6054512953195526,0.9180585582870884,3.814700059592724,10.239799972623587,124371.0,124371.0,0.0,0.0,8.77,5e-05,1e-08,100.0,0.01,-0.05964012089044257,0.0,0.25295691133374365,-0.060974697071940816,0.0,0.25384931274422035,0.0,0.0,0.0,0.37375420027679446,0.0,2.18346444039554,-0.5734597674825991,0.0,-2.064835108916478,-0.06876351968080263,0.0,0.7337807246319412,0.42679114302632815,-2.203011971465257,-1.6428829417715083,-0.11069017501192104,0.21167160221253556,0.15124272087247945,-0.05918,0.12374,0.08070000000000001,0.00021176850278861216,0.0,-0.0002800565386053428,0.0011228076787096319,0.0,-0.0006123448718713525
1095,10.950076599838212,circle,1.5033269215906164,0.10840486878172234,4.061399959027767,9.52069996856153,124371.0,124371.0,0.0,0.0,8.77,5e-05,1e-08,100.0,0.01,-0.05969293026681796,0.0,0.2531428385542569,-0.061011035975055,0.0,0.2538657418500663,0.0,0.0,0.0,0.3714578322424442,0.0,2.170126577478704,-0.5715223968639747,0.0,-2.0635440479089433,-0.06988654946778125,0.0,0.7293137882300152,0.42679114302632815,-2.203011971465257,-1.641348960983623,-0.1112594561760944,0.21111228083129902,0.15070167846760996,-0.06187,0.11567000000000001,0.08339,0.00010040019041379937,0.0,6.690654320151506e-05,0.001217705517823239,0.0,-0.000789809839010889
1096,10.960044699953869,circle,1.557667585602782,0.852857617901172,4.130200017243624,9.968100115656853,124371.0,124371.0,0.0,0.0,8.77,5e-05,1e-08,100.0,0.01,-0.05982630533576337,0.0,0.25291796822673557,-0.06104910006156054,0.0,0.25388290416543835,0.0,0.0,0.0,0.3800011080714804,0.0,2.1954582313870175,-0.5710900975720864,0.0,-2.0700598746575065,-0.06704106826835697,0.0,0.7364790739296431,0.42679114302632815,-2.204545952253143,-1.641348960983623,-0.10980304408320885,0.2130680856137882,0.15128516126373054,-0.05918,0.11567000000000001,0.08339,2.240300890500157e-05,0.0,-0.0003376691274091764,0.00120039171689217,0.0,-0.0006272668112936059
1097,10.970435099909082,circle,1.5999201932486045,0.32159760941619386,3.908999962732196,10.39039995521307,124371.0,124371.0,0.0,0.0,8.77,5e-05,1e-08,100.0,0.01,-0.05982630533576337,0.0,0.25291796822673557,-0.061088795784807165,0.0,0.2539007512601859,0.0,0.0,0.0,0.3751650936452985,0.0,2.203880305743907,-0.5678362890345766,0.0,-2.0724035065552324,-0.070974951456624,0.0,0.7401331415474265,0.42679114302632815,-2.204545952253143,-1.641348960983623,-0.11030146960011272,0.21326239161587596,0.15186375349267628,-0.06187,0.11836,0.08339,0.0001686218391027223,0.0,-0.00012145383362870111,0.001093868609941071,0.0,-0.0008613291998216396
1098,10.98026610002853,circle,1.6399490973406843,0.3221461016247066,3.8806998636573553,9.831000119447708,124371.0,124371.0,0.0,0.0,8.77,5e-05,1e-08,100.0,0.01,-0.05982630533576337,0.0,0.25291796822673557,-0.06112637222216158,0.0,0.2539175977244793,0.0,0.0,0.0,0.3677424994061129,0.0,2.2080227326354067,-0.5643727231128035,0.0,-2.0744310706569977,-0.07585671622235203,0.0,0.7425943347910998,0.42679114302632815,-2.204545952253143,-1.641348960983623,-0.11106891220491003,0.2131994425784028,0.15233051429526567,-0.06187,0.11836,0.08339,0.00017949207792966495,0.0,-0.00010507427950876805,0.0011205748084685424,0.0,-0.0008945552182349689
1099,10.99031149991788,circle,1.6808984893453471,0.3330409783416663,5.208800081163645,10.045399889349937,124371.0,124371.0,0.0,0.0,8.77,5e-05,1e-08,100.0,0.01,-0.05982630533576337,0.0,0.25291796822673557,-0.06116478604083249,0.0,0.25393477161660066,0.0,0.0,0.0,0.36001732904534844,0.0,2.2118838858167105,-0.5608507305856815,0.0,-2.0764920455612557,-0.080878231680756,0.0,0.7449945774041848,0.42679114302632815,-2.204545952253143,-1.641348960983623,-0.11186776296334726,0.21311541937085404,0.15279471324321134,-0.06187,0.11836,0.08339,0.0001825199148576455,0.0,-0.00010680572464367316,0.0011559607902114717,0.0,-0.0009099976652214221
1100,11.000219699926674,circle,1.7127736713325405,0.8539374169676723,4.511700011789799,9.908200008794665,124371.0,124371.0,0.0,0.0,8.77,5e-05,1e-08,100.0,0.01,-0.05969293026681796,0.0,0.2531428385542569,-0.061202692881336535,0.0,0.25395167135342617,0.0,0.0,0.0,0.3375864745952823,0.0,2.1909587961448596,-0.5547176304694328,0.0,-2.0742377266369565,-0.09240625284686589,0.0,0.7412602682405746,0.42679114302632815,-2.203011971465257,-1.641348960983623,-0.11476375730394593,0.21090219723612602,0.1529231529135005,-0.05918,0.12105,0.08339,0.00031783511816416555,0.0,0.000116825375112682,0.0011919274963544072,0.0,-0.0009256581742819499
1101,11.010483399964869,circle,1.7556528975548669,0.3549342449152284,4.207999911159277,10.263700038194656,124371.0,124371.0,0.0,0.0,8.77,5e-05,1e-08,100.0,0.01,-0.05969293026681796,0.0,0.2531428385542569,-0.061241978263473384,0.0,0.25396913595879755,0.0,0.0,0.0,0.32709497676784177,0.0,2.190568326025955,-0.551145920747494,0.0,-2.0764714683203143,-0.09847789514604159,0.0,0.7425058318192342,0.42679114302632815,-2.203011971465257,-1.641348960983623,-0.11585018925070972,0.21055611080838038,0.1532826152492691,-0.06187,0.11567000000000001,0.08070000000000001,0.00018509640475506415,0.0,-0.00011575900253075729,0.0013639515919003586,0.0,-0.0007105384020098973
1102,11.02007759991102,circle,1.7957370659110659,0.3599303416919679,4.422900034114718,9.594199946150184,124371.0,124371.0,0.0,0.0,8.77,5e-05,1e-08,100.0,0.01,-0.05969293026681796,0.0,0.2531428385542569,-0.06127871801900896,0.0,0.253985423158251,0.0,0.0,0.0,0.3194475918597986,0.0,2.1945405121546138,-0.5477458446804071,0.0,-2.0790083955606233,-0.10346579245519609,0.0,0.7449407716618672,0.42679114302632815,-2.203011971465257,-1.641348960983623,-0.11664149187182342,0.21047864910030706,0.1537490595085196,-0.06187,0.11567000000000001,0.08339,0.0001762018486681249,0.0,-0.00013147096148997223,0.0014095859035228703,0.0,-0.0007111136425041398
1103,11.030414399923757,circle,1.690528794983303,2.100638857822433,3.866399871185422,10.336800012737513,124371.0,124371.0,0.0,0.0,8.77,5e-05,1e-08,100.0,0.01,-0.06012292015957734,0.0,0.25280756053191517,-0.06131831975688799,0.0,0.2540029296838583,0.0,0.0,0.0,0.35905750628253336,0.0,2.2359076668686475,-0.552551928236127,0.0,-2.088060108312725,-0.08367938634319423,0.0,0.7529510082348075,0.42525716223844245,-2.204545952253143,-1.641348960983623,-0.1105075656238204,0.2144705571192113,0.15385271571560807,-0.06456,0.11298000000000001,0.08070000000000001,-0.00024906525344207064,0.0,-0.0004690861289758343,0.0014444648507527227,0.0,-0.0007262830229672921
1104,11.040284799877554,circle,1.8852156921000802,1.7964341069769156,3.896299982443452,9.87039995379746,124371.0,124371.0,0.0,0.0,8.77,5e-05,1e-08,100.0,0.01,-0.05982630533576337,0.0,0.25291796822673557,-0.06135615231635981,0.0,0.25401960628966747,0.0,0.0,0.0,0.3269681677374188,0.0,2.234568102496921,-0.5430781538577603,0.0,-2.0883233655569704,-0.10317231372421569,0.0,0.7574721674632565,0.42679114302632815,-2.204545952253143,-1.641348960983623,-0.11528361982154607,0.21300947712314086,0.1550763150648685,-0.06187,0.11836,0.08608,0.000490958592218543,0.0,-1.3642757454856557e-05,0.0010388883883778958,0.0,-0.0010879953054770413
1105,11.05004519992508,circle,2.0798670394088528,1.1844050663277192,4.237799905240536,9.760400047525764,124371.0,124371.0,0.0,0.0,8.77,5e-05,1e-08,100.0,0.01,-0.05977321081284839,0.0,0.25273212223351166,-0.06139358018437084,0.0,0.2540360585822079,0.0,0.0,0.0,0.30748876592461305,0.0,2.257074802240563,-0.5377973643971794,0.0,-2.0939210004137117,-0.1159408022349421,0.0,0.7680388071709051,0.42679114302632815,-2.204545952253143,-1.6428829417715083,-0.11695613017846486,0.21326401028325956,0.156842282358562,-0.06187,0.11567000000000001,0.08608,0.00027366589659233963,0.0,-0.00029008574822033274,0.0013467034749301086,0.0,-0.0010138506004759113
1106,11.060056200018153,circle,1.7665131659069553,0.2723732482655962,4.059900064021349,10.011000093072653,124371.0,124371.0,0.0,0.0,8.77,5e-05,1e-08,100.0,0.01,-0.05998989019418102,0.0,0.2530326351895788,-0.06143198646820823,0.0,0.2540528935400761,0.0,0.0,0.0,0.32183486048870735,0.0,2.2313397963338826,-0.5381343010539392,0.0,-2.0902460669309653,-0.10603065188679693,0.0,0.7570344232037585,0.42525716223844245,-2.203011971465257,-1.641348960983623,-0.1149364967238164,0.21246496145827962,0.15530467087640182,-0.06187,0.12105,0.09146,-1.7461039292574485e-05,0.0,0.00019044576080532068,0.001459557313319782,0.0,-0.0012107041113026146
1107,11.070548200048506,circle,2.1440124398187,2.5467572179088713,3.6295000463724136,10.492000030353665,124371.0,124371.0,0.0,0.0,8.77,5e-05,1e-08,100.0,0.01,-0.05964012089044257,0.0,0.25295691133374365,-0.061472256982078144,0.0,0.25407049414782784,0.0,0.0,0.0,0.2791458922669449,0.0,2.237889996385521,-0.527429540977612,0.0,-2.0938162171524146,-0.13116031266378705,0.0,0.7657310559440047,0.42679114302632815,-2.203011971465257,-1.6428829417715083,-0.12047234026253058,0.21093083854457229,0.1572683335871367,-0.06187,0.11567000000000001,0.08339,0.0005547518578352423,0.0,-0.00018501558689575516,0.00127738423380033,0.0,-0.0009285672271884356
1108,11.08021829999052,circle,2.0470360311074574,0.21190827492057332,5.065800156444311,9.670099942013621,124371.0,124371.0,0.0,0.0,8.77,5e-05,1e-08,100.0,0.01,-0.05969293026681796,0.0,0.2531428385542569,-0.061509389974438666,0.0,0.2540866768048288,0.0,0.0,0.0,0.2701434144447015,0.0,2.2226895595456435,-0.5243569708923161,0.0,-2.0927416349931667,-0.13595922186068882,0.0,0.7615503624862485,0.42679114302632815,-2.203011971465257,-1.641348960983623,-0.12174282154016927,0.21008352517496132,0.15687828442986912,-0.06456,0.12105,0.08608,0.00015922953443078683,0.0,5.568797852439954e-05,0.0016572301731899177,0.0,-0.0009995262290963263
1109,11.090555799892172,circle,2.0902359510261608,0.41161266192168616,3.644899930804968,10.337499901652336,124371.0,124371.0,0.0,0.0,8.77,5e-05,1e-08,100.0,0.01,-0.05969293026681796,0.0,0.2531428385542569,-0.06154910387031817,0.0,0.2541039347433198,0.0,0.0,0.0,0.26266589157074655,0.0,2.2234554497870778,-0.5206057488691915,0.0,-2.0952929026054155,-0.14042445473677675,0.0,0.7628126522151214,0.42679114302632815,-2.203011971465257,-1.641348960983623,-0.12251698465964342,0.20987974267517173,0.15718462102943384,-0.06456,0.11567000000000001,0.08877,0.00019439925525120737,0.0,-0.00013221412134772762,0.0016617743482490034,0.0,-0.000828882067715199
1110,11.10031499993056,circle,2.1316696947603115,1.055874915907898,3.8183000870049,9.759200038388371,124371.0,124371.0,0.0,0.0,8.77,5e-05,1e-08,100.0,0.01,-0.05982630533576337,0.0,0.25291796822673557,-0.06158661321696447,0.0,0.25412018777862316,0.0,0.0,0.0,0.26945777643036734,0.0,2.252530417303655,-0.5193191681177508,0.0,-2.1024440183061586,-0.13913625417170364,0.0,0.7714778576000976,0.42679114302632815,-2.204545952253143,-1.641348960983623,-0.12123371513525066,0.21194062865349722,0.15801496513346586,-0.06994,0.11836,0.08608,6.667436327650032e-05,0.0,-0.00037059165196565657,0.0016936335179246005,0.0,-0.000831627899921939
1111,11.110055800061673,circle,2.3232716137036937,1.3091599773100264,5.525900050997734,9.740800131112337,124371.0,124371.0,0.0,0.0,8.77,5e-05,1e-08,100.0,0.01,-0.05977321081284839,0.0,0.25273212223351166,-0.06162406838766555,0.0,0.25413637193665684,0.0,0.0,0.0,0.25816380982797926,0.0,2.2818960228705576,-0.5142597407458579,0.0,-2.108757511280261,-0.14802342523207115,0.0,0.783389141521668,0.42679114302632815,-2.204545952253143,-1.6428829417715083,-0.12205378072287301,0.21273454637963096,0.15981504241523103,-0.06456,0.11567000000000001,0.09146,0.0002621942681692534,0.0,-0.0003271836016725399,0.0015886633066479032,0.0,-0.0010770661014726374
1112,11.120066900039092,circle,2.0132141503901013,0.241433086661898,4.334599943831563,10.01109997741878,124371.0,124371.0,0.0,0.0,8.77,5e-05,1e-08,100.0,0.01,-0.05998989019418102,0.0,0.2530326351895788,-0.06166258009261087,0.0,0.2541529653726149,0.0,0.0,0.0,0.27272001662155426,0.0,2.256850081998915,-0.5141507289374659,0.0,-2.105284793215297,-0.1380760954862556,0.0,0.7726450988269566,0.42525716223844245,-2.203011971465257,-1.641348960983623,-0.12001452504530613,0.21197176007821644,0.15830254808438657,-0.06456,0.11567000000000001,0.08877,5.649309540825846e-06,0.0,0.00017996636865659325,0.0016670405888890235,0.0,-0.0013002965516926823
1113,11.130630299914628,circle,2.0567278519469547,0.49377447551985765,3.8528998848050833,10.563399875536561,124371.0,124371.0,0.0,0.0,8.77,5e-05,1e-08,100.0,0.01,-0.05998989019418102,0.0,0.2530326351895788,-0.0617032352784159,0.0,0.2541704304608392,0.0,0.0,0.0,0.26810227112974766,0.0,2.255238987567147,-0.5097288733051512,0.0,-2.1075510492782694,-0.1405606399768136,0.0,0.7726760061757393,0.42525716223844245,-2.203011971465257,-1.641348960983623,-0.12049314047114466,0.21176054856465257,0.15839205819551735,-0.06456,0.11567000000000001,0.08339,0.0002291534429184009,0.0,-0.00011744399242021161,0.0014841916413164732,0.0,-0.0010203512788401884
1114,11.140323499916121,circle,1.9911842006877711,1.9711558513740481,5.3622000850737095,9.693200001493096,124371.0,124371.0,0.0,0.0,8.77,5e-05,1e-08,100.0,0.01,-0.06041936527119336,0.0,0.25269669796573196,-0.061740558317452676,0.0,0.2541864172196804,0.0,0.0,0.0,0.3068872141590527,0.0,2.2962441483254166,-0.5133685619273842,0.0,-2.1167874154090534,-0.12117671790598597,0.0,0.7805764826076753,0.4237231814505569,-2.204545952253143,-1.641348960983623,-0.11442052241894973,0.21572122447862385,0.15850252611817423,-0.06725,0.11567000000000001,0.08877,-0.00018861926943983818,0.0,-0.0004786554050874919,0.0015098123156991523,0.0,-0.0010110638488609264
1115,11.150378999998793,circle,1.966930495786212,1.1602913088085354,3.7909001111984253,10.055500082671642,124371.0,124371.0,0.0,0.0,8.77,5e-05,1e-08,100.0,0.01,-0.06028668072237854,0.0,0.25292197642391556,-0.06177929349747932,0.0,0.2542029614663184,0.0,0.0,0.0,0.29160423135571334,0.0,2.282409625085671,-0.5059419143127813,0.0,-2.115096418469689,-0.12950355268324473,0.0,0.7784956641994037,0.4237231814505569,-2.203011971465257,-1.641348960983623,-0.11659039196660644,0.214019390785692,0.15871987533704995,-0.06456,0.11836,0.09146,0.0003848705185648764,0.0,8.763238849048027e-05,0.001107742256535903,0.0,-0.001368617430893296
1116,11.16029420006089,circle,2.0065650743713856,0.6661363047955515,3.796099917963147,9.915200062096119,124371.0,124371.0,0.0,0.0,8.77,5e-05,1e-08,100.0,0.01,-0.06028668072237854,0.0,0.25292197642391556,-0.06181750525988347,0.0,0.2542192349305594,-0.004638418359704959,0.0,-0.001733494162390685,0.3488142480429318,0.0,2.3081931019829325,-0.500675613314669,0.0,-2.1174571151967294,-0.09945343700747569,0.0,0.7802071677348913,0.4237231814505569,-2.203011971465257,-1.641348960983623,-0.11059526168968287,0.21680598038342636,0.15793423964794973,-0.06187,0.11567000000000001,0.08339,0.0002729150622518884,0.0,-0.00012233818280592192,0.0012579094752530411,0.0,-0.0011749203238379394
1117,11.170199299929664,circle,2.0890196834358643,1.0211740720345996,3.882699878886342,9.905099868774414,124371.0,124371.0,0.0,0.0,8.77,5e-05,1e-08,100.0,0.01,-0.06017601468249235,0.0,0.2529934065251391,-0.061855694948242154,0.0,0.25423545219363647,-0.004640131311557799,0.0,-0.0017308403004312478,0.3271382919714839,0.0,2.304368399597203,-0.49366893268424694,0.0,-2.118858946194032,-0.11293662460533108,0.0,0.7816981254455972,0.42525716223844245,-2.204545952253143,-1.6398149801957371,-0.11405003743721293,0.21627152047832865,0.1583375671494308,-0.05918,0.11298000000000001,0.08339,0.0003631066057781724,0.0,-7.264696682406807e-05,0.0013165736599716346,0.0,-0.0011693987016733254
1118,11.18025549990125,circle,1.9302797396540368,0.05140918455694578,3.8300000596791506,10.056199971586466,124371.0,124371.0,0.0,0.0,8.77,5e-05,1e-08,100.0,0.01,-0.06033977524529356,0.0,0.25310782241713947,-0.061894484398979724,0.0,0.25425187631480484,-0.004642875099534381,0.0,-0.0017347674129364467,0.3339236287480979,0.0,2.2949652832889065,-0.4922304809520677,0.0,-2.119566982804694,-0.10802371753424433,0.0,0.7774804938190173,0.4237231814505569,-2.203011971465257,-1.6398149801957371,-0.11245782599953653,0.2158767293385132,0.1578674376104049,-0.06187,0.12105,0.08608,7.4544760007976e-05,0.0,-3.669252018536403e-05,0.0014801643936781864,0.0,-0.0011073613774800007
1119,11.190245300065726,circle,2.013102482438844,1.1873472979589192,3.889600047841668,9.989800164476037,124371.0,124371.0,0.0,0.0,8.77,5e-05,1e-08,100.0,0.01,-0.06047274481571141,0.0,0.25288246229435296,-0.06193303483174314,0.0,0.2542681515358063,-0.004637470778107408,0.0,-0.001737956133016459,0.34278884657808056,0.0,2.322298968413555,-0.49046983945522205,0.0,-2.127068149808403,-0.10521008706560957,0.0,0.7852325997436959,0.4237231814505569,-2.204545952253143,-1.6398149801957371,-0.11103036713174733,0.21790342013836442,0.15855234042497762,-0.05918,0.12374,0.08339,9.124157238394226e-05,0.0,-0.0003887323304370277,0.0013690484436477853,0.0,-0.0009969569110162974
1120,11.200256600044668,circle,1.864132318310963,1.168565944959175,3.922899952158332,10.011299978941679,124371.0,124371.0,0.0,0.0,8.77,5e-05,1e-08,100.0,0.01,-0.06039258462166895,0.0,0.2532937496376527,-0.061971685291642334,0.0,0.2542844213159907,-0.004647333787413203,0.0,-0.0017360338250916605,0.32805158237701965,0.0,2.286164319261363,-0.4844545459454501,0.0,-2.1223517379053507,-0.11188755725717021,0.0,0.7751661862088586,0.4237231814505569,-2.203011971465257,-1.6382809994078518,-0.11333712825110948,0.21538722935457177,0.1576224252461212,-0.05918,0.12643000000000001,0.08877,0.0003117300365610032,0.0,0.00024441820712270304,0.001267370633412379,0.0,-0.0012350898854606984
1121,11.210267500020564,circle,1.9293629746793817,1.1790431564024435,3.8274999242275953,10.010899975895882,124371.0,124371.0,0.0,0.0,8.77,5e-05,1e-08,100.0,0.01,-0.06052583933862639,0.0,0.25306830828757687,-0.062010351241918976,0.0,0.254300649919206,-0.005469729201518133,0.0,0.0011667494733368497,0.34465007534506154,0.0,2.264926474854676,-0.4825801047419568,0.0,-2.1297974499595984,-0.0981594613349439,0.0,0.7645134812674909,0.4237231814505569,-2.204545952253143,-1.6382809994078518,-0.11123152162896413,0.2157686987078578,0.15566518336719,-0.06456,0.11836,0.08339,9.713900476297538e-05,0.0,-0.0003858584933757168,0.001387372898529612,0.0,-0.0008464831382533912
1122,11.220255499938503,circle,1.8091253480828648,1.0909672165360147,3.9536000695079565,9.987999917939305,124371.0,124371.0,0.0,0.0,8.77,5e-05,1e-08,100.0,0.01,-0.060445108727239225,0.0,0.2534797576479507,-0.06204894567695486,0.0,0.25431680099438075,-0.0008188823700910826,0.0,0.0029085048408221455,0.2605367042564977,0.0,2.202870866071083,-0.47673389496913005,0.0,-2.125284115037514,-0.1417745359683933,0.0,0.7543955851081668,0.4237231814505569,-2.203011971465257,-1.636747018619966,-0.12100151899420722,0.21001599984918984,0.1560133948491679,-0.06187,0.12105,0.08608,0.00030296762464973614,0.0,0.00023389416625935297,0.0013008693250659007,0.0,-0.001070937512689386
1123,11.230317699955776,circle,1.851122526417462,0.5803933117996861,4.194500157609582,10.062200017273426,124371.0,124371.0,0.0,0.0,8.77,5e-05,1e-08,100.0,0.01,-0.060445108727239225,0.0,0.2534797576479507,-0.062087843887469296,0.0,0.254333031227264,-0.0016377647401821652,0.0,0.005817009681644291,0.26253580605376253,0.0,2.1568976403434976,-0.4723366473028704,0.0,-2.1283960081191537,-0.13447653761337316,0.0,0.7376571769090344,0.4237231814505569,-2.203011971465257,-1.636747018619966,-0.12077477174808578,0.20832532583639302,0.1536331901004691,-0.06456,0.11836,0.08608,0.00022787818641668866,0.0,-0.00016126736667756254,0.001414856973813383,0.0,-0.0006920062126356892
1124,11.240248400019482,circle,1.7496034518269334,0.3568649222773648,3.8435999304056168,9.930700063705444,124371.0,124371.0,0.0,0.0,8.77,5e-05,1e-08,100.0,0.01,-0.06063117282057208,0.0,0.2534402435183881,-0.06212625049582457,0.0,0.2543490091557261,-0.0016377647401821652,0.0,0.005817009681644291,0.2743918077415047,0.0,2.1660671702631165,-0.47171111339664096,0.0,-2.1325735616431705,-0.12914928836802483,0.0,0.7386157872946308,0.4237231814505569,-2.204545952253143,-1.6352130378320802,-0.11930829024316097,0.2097855819633579,0.15334159524337432,-0.06456,0.11836,0.08608,3.241698965183982e-05,0.0,-0.00021649299583831902,0.0014626606856006504,0.0,-0.0006922726414996747
1125,11.250223599839956,circle,1.5916247151237735,0.040025239110630294,3.995800158008933,9.97519982047379,124371.0,124371.0,0.0,0.0,8.77,5e-05,1e-08,100.0,0.01,-0.06079510870241241,0.0,0.2535544080703141,-0.062164845912286604,0.0,0.25436501846358506,-0.0016377647401821652,0.0,0.005817009681644291,0.28755948495177414,0.0,2.1593639576001644,-0.4706328294462653,0.0,-2.133489293960987,-0.12083441979210331,0.0,0.7345026121446141,0.4221892006626712,-2.203011971465257,-1.6352130378320802,-0.11706719060607546,0.2096726137810641,0.1527417592141377,-0.06456,0.11567000000000001,0.08339,5.587981612662808e-05,0.0,-4.745591689737504e-05,0.0013138573937475622,0.0,-0.0007631544763735857
1126,11.260260799899697,circle,1.5206846643132936,2.0571649061227664,3.9327999111264944,10.037200059741735,124371.0,124371.0,0.0,0.0,8.77,5e-05,1e-08,100.0,0.01,-0.061225831286155594,0.0,0.2532165015008143,-0.062203698074401924,0.0,0.25438108657401526,-0.0016556033668298053,0.0,0.005811957715129344,0.32992202978560053,0.0,2.199317079784573,-0.474463673478858,0.0,-2.142879867921299,-0.099366423457051,0.0,0.7415327295819713,0.4206552198747856,-2.204545952253143,-1.6352130378320802,-0.11047434582307586,0.21375331720265853,0.15264002256411113,-0.06187,0.11567000000000001,0.08070000000000001,-0.00019852549977813203,0.0,-0.0004866469041321672,0.0011763922880244622,0.0,-0.0006779381690687738
1127,11.270267199957743,circle,1.339612415319724,1.364348547933119,3.832500195130706,10.006400058045983,124371.0,124371.0,0.0,0.0,8.77,5e-05,1e-08,100.0,0.01,-0.06114522277806249,0.0,0.2536285215118205,-0.062242447805453884,0.0,0.25439706471980866,-0.0071120090029538376,0.0,0.006971431813846652,0.4015914288993367,0.0,2.1477707463422333,-0.4681869902261008,0.0,-2.1375113788655953,-0.0533350415800478,0.0,0.7143769220704016,0.4206552198747856,-2.203011971465257,-1.6336790570441948,-0.10433549589632406,0.21314030371106973,0.14793709345216904,-0.05918,0.11836,0.08339,0.00032527601465918055,0.0,0.00027821074514373803,0.0007719490127322144,0.0,-0.0010467539531318752
1128,11.280519400024787,circle,1.2286083393945142,0.3732990116804492,3.621400101110339,10.252200067043304,124371.0,124371.0,0.0,0.0,8.77,5e-05,1e-08,100.0,0.01,-0.06144292602476702,0.0,0.25351608978777607,-0.06228216673825979,0.0,0.2544133932350256,-0.007122694674087007,0.0,0.0069605139319635564,0.42388903670825395,0.0,2.1566965694219418,-0.4689847981835757,0.0,-2.141757371452378,-0.040589224071704615,0.0,0.7138444106979844,0.4191212390868999,-2.203011971465257,-1.6336790570441948,-0.10029744828449044,0.21475822580032083,0.14742710866371328,-0.05918,0.12105,0.08608,-4.134473294583132e-05,0.0,-0.0002200397074831438,0.0008805854464386012,0.0,-0.0006772637397663874
1129,11.290284699993208,circle,1.099162991038196,0.27050743317134884,3.8302000612020493,9.76529996842146,124371.0,124371.0,0.0,0.0,8.77,5e-05,1e-08,100.0,0.01,-0.061495450130337304,0.0,0.253702097798074,-0.06232001561012443,0.0,0.25442890661090684,-0.011770899735787975,0.0,0.005200551625869715,0.4953012292419949,0.0,2.168221536093837,-0.46551334393932736,0.0,-2.140543132147851,-0.001967784378947935,0.0,0.7083707837735139,0.4191212390868999,-2.203011971465257,-1.632145076256309,-0.09333419579774004,0.21733501786496234,0.14545198513320523,-0.056490000000000005,0.12105,0.08070000000000001,0.00017990087378469584,0.0,6.292541871465661e-05,0.0006446646060024302,0.0,-0.0007897342315474809
1130,11.300266899866983,circle,0.9836203521024999,0.27291711556906145,3.8117999210953712,9.982199873775244,124371.0,124371.0,0.0,0.0,8.77,5e-05,1e-08,100.0,0.01,-0.06154768884150816,0.0,0.25388818616046177,-0.06235872153022999,0.0,0.25444472454628514,-0.011766437183592828,0.0,0.005201804353256615,0.49323122364746635,0.0,2.1481573273854435,-0.4621184456907219,0.0,-2.1390869310422103,-0.002027592883276329,0.0,0.7014339991495242,0.4191212390868999,-2.203011971465257,-1.6306110954684232,-0.09387650770989472,0.21651089774565552,0.1445836895291806,-0.05111,0.12105,0.08070000000000001,0.00017593351902770176,0.0,7.546458425745158e-05,0.000635099169694131,0.0,-0.0006320029700808201
1131,11.31027719983831,circle,1.0246293391681696,0.4235369695229604,3.9300001226365566,10.010299971327186,124371.0,124371.0,0.0,0.0,8.77,5e-05,1e-08,100.0,0.01,-0.06154768884150816,0.0,0.25388818616046177,-0.0623975529919188,0.0,0.25446054636918614,-0.011766437183592828,0.0,0.005201804353256615,0.48553087947897755,0.0,2.148384650972178,-0.45812450139078753,0.0,-2.141372813236281,-0.006552513753239854,0.0,0.7025542524874387,0.4191212390868999,-2.203011971465257,-1.6306110954684232,-0.09462749514020316,0.21630044775100127,0.1448631463915583,-0.0538,0.12105,0.07801000000000001,0.00020697783086038712,0.0,-0.00011846107571878675,0.0006428863195502539,0.0,-0.00045389913300557835
1132,11.320266299881041,circle,0.9282151578129695,0.16422990468672052,3.8348999805748463,9.98910004273057,124371.0,124371.0,0.0,0.0,8.77,5e-05,1e-08,100.0,0.01,-0.06159964203535681,0.0,0.2540743544370555,-0.062436318727638926,0.0,0.2544762940989273,-0.011761972714964354,0.0,0.005203050233600146,0.4828998966660752,0.0,2.1318042349920407,-0.4555554702174604,0.0,-2.14010333536534,-0.007380696496940018,0.0,0.6969490309901482,0.4191212390868999,-2.203011971465257,-1.6290771146805378,-0.09526921751535805,0.21558502592724993,0.14419061570612665,-0.0538,0.11567000000000001,0.08608,0.00013313468084086538,0.0,6.578804217600303e-05,0.0007035420114412497,0.0,-0.00046772770404780045
1133,11.33027539984323,circle,0.9700615204574801,0.29983903959938757,3.8218998815864325,10.009099962189794,124371.0,124371.0,0.0,0.0,8.77,5e-05,1e-08,100.0,0.01,-0.06159964203535681,0.0,0.2540743544370555,-0.06247517858032927,0.0,0.2544920326767209,-0.007095919381383371,0.0,0.006968030289628939,0.4067372178540799,0.0,2.1060012575592535,-0.45233470092053607,0.0,-2.1422524275262207,-0.048314405735096266,0.0,0.6980463320395757,0.4191212390868999,-2.203011971465257,-1.6290771146805378,-0.10315620927046307,0.2122661184046839,0.14565015129316108,-0.05111,0.11836,0.08339,0.0001669096493884714,0.0,-0.00011137221763094185,0.0007086268955839878,0.0,-0.0003063060220344337
1134,11.340265200007707,circle,1.0118312159234748,0.27268358042248636,3.8487999700009823,9.989800164476037,124371.0,124371.0,0.0,0.0,8.77,5e-05,1e-08,100.0,0.01,-0.06159964203535681,0.0,0.2540743544370555,-0.06251397992993213,0.0,0.25450770028515,-0.007095919381383371,0.0,0.006968030289628939,0.3992140635274484,0.0,2.1098171290548833,-0.4493062603170563,0.0,-2.1443649441610235,-0.05322049206404895,0.0,0.7004312509729377,0.4191212390868999,-2.203011971465257,-1.6290771146805378,-0.10393527867099203,0.2121892726444949,0.1461053574254008,-0.05918,0.12105,0.07532,0.00015694261610209976,0.0,-0.00010947676729872852,0.000757395278473218,0.0,-0.0003238690807957844
1135,11.35022410005331,circle,0.8628266221148162,0.49532282217088186,3.9078001864254475,9.958900045603514,124371.0,124371.0,0.0,0.0,8.77,5e-05,1e-08,100.0,0.01,-0.06189802864628881,0.0,0.25396122511832997,-0.06255267755377072,0.0,0.2545232790194487,-0.0016288396357918705,0.0,0.00581951513641809,0.3436105654209822,0.0,2.143112621587989,-0.45221662601293905,0.0,-2.1484017637785904,-0.08928765895465493,0.0,0.7191093888050367,0.41758725829901433,-2.203011971465257,-1.6290771146805378,-0.10814568460435059,0.2122360846638443,0.14960285513308388,-0.05918,0.11567000000000001,0.08339,-0.0001508236303531305,0.0,-0.00020919975474679992,0.0008054725378350472,0.0,-0.00035285414637194207
1136,11.36005560006015,circle,0.9019139546733459,0.21846939987227507,4.010400036349893,9.831500006839633,124371.0,124371.0,0.0,0.0,8.77,5e-05,1e-08,100.0,0.01,-0.06189802864628881,0.0,0.25396122511832997,-0.06259089605117063,0.0,0.2545386188668992,-0.0016288396357918705,0.0,0.00581951513641809,0.3422838191963815,0.0,2.148781458658758,-0.4493071443235836,0.0,-2.1499696879773063,-0.09082864950663606,0.0,0.7213141089079901,0.41758725829901433,-2.203011971465257,-1.6290771146805378,-0.10837489294248903,0.21238963566269214,0.14994311223210927,-0.056490000000000005,0.11836,0.07801000000000001,0.0001507778185591359,0.0,-8.125440047050247e-05,0.0005420895863226864,0.0,-0.0004961393480987413
1137,11.370064199902117,circle,0.9806316945715294,1.7808166563942631,3.9836999494582415,10.008599841967225,124371.0,124371.0,0.0,0.0,8.77,5e-05,1e-08,100.0,0.01,-0.06232947281636816,0.0,0.25362069015621824,-0.06262981919931429,0.0,0.2545541946129025,-0.0054785170857380066,0.0,0.0011247632696176708,0.4397854719057992,0.0,2.259258685361936,-0.45446617120520866,0.0,-2.157870654655782,-0.04660079423016057,0.0,0.7460041506456753,0.41605327751112864,-2.204545952253143,-1.6290771146805378,-0.09610125555988921,0.22086213118384584,0.15142591724923585,-0.05918,0.11836,0.07801000000000001,-0.0002673558049687166,0.0,-0.0004094511144879929,0.0005677021879148497,0.0,-0.0005240533421962825
1138,11.380270899971947,circle,1.0644382808922053,0.3705677085239879,3.8719000294804573,10.206700069829822,124371.0,124371.0,0.0,0.0,8.77,5e-05,1e-08,100.0,0.01,-0.06262716265660101,0.0,0.2535064418252933,-0.0626695295438477,0.0,0.2545700366262837,-0.005480236004708937,0.0,0.0011163580097060992,0.47338672481403876,0.0,2.2815652562794435,-0.4570974069066779,0.0,-2.161277263542859,-0.028953430056703353,0.0,0.7486633816873859,0.41451929672324295,-2.204545952253143,-1.6290771146805378,-0.09114114243073336,0.22318894833088204,0.15110490234906968,-0.0538,0.12105,0.08339,-0.0001363583007358059,0.0,-0.00017654039843483362,0.0001787251879825007,0.0,-0.0008870544025555526
1139,11.39036489999853,circle,0.970154135656982,0.039258167028638755,4.153399961069226,10.094000026583672,124371.0,124371.0,0.0,0.0,8.77,5e-05,1e-08,100.0,0.01,-0.06279214233740432,0.0,0.2536190927160721,-0.06270881804691912,0.0,0.25458566196322796,-0.00931027156517014,0.0,-0.0035871543911632107,0.5467219983599291,0.0,2.3440561252284433,-0.45681621919811544,0.0,-2.1599047323687195,0.0052486383611421725,0.0,0.7610998647694421,0.41298531593535737,-2.203011971465257,-1.6290771146805378,-0.08245863944070196,0.22760232887800586,0.15172568061494163,-0.04573,0.12643000000000001,0.08070000000000001,1.4571966360125404e-05,0.0,7.112856461627794e-05,-9.789625684532647e-05,0.0,-0.0010376978117721575
1140,11.400271699996665,circle,1.1490349896933931,0.31663440995453573,3.8205001037567854,9.906799998134375,124371.0,124371.0,0.0,0.0,8.77,5e-05,1e-08,100.0,0.01,-0.06308982918284256,0.0,0.2535041346611485,-0.06274739395715777,0.0,0.25460095712798164,-0.013957136980488564,0.0,-0.00540214791435898,0.6439828602018614,0.0,2.383933675199731,-0.45918924449368437,0.0,-2.1630985500598716,0.05790313867036786,0.0,0.7614922249012507,0.4114513351474717,-2.203011971465257,-1.6290771146805378,-0.07097046154960032,0.23254896075087406,0.15008261719100238,-0.04573,0.12105,0.08339,-0.0001229770851490728,0.0,-0.00016551293864791095,-0.00021945814053571955,0.0,-0.0009313095281852141
1141,11.410253699868917,circle,1.4088298120723375,0.6899551290992163,3.896899987012148,9.981999872252345,124371.0,124371.0,0.0,0.0,8.77,5e-05,1e-08,100.0,0.01,-0.0632220148222196,0.0,0.2532765758856614,-0.06278627871463704,0.0,0.25461632790895994,-0.01858768778609565,0.0,-0.007215543569128858,0.7253766144669503,0.0,2.440775259235639,-0.458748687664957,0.0,-2.1689554832279745,0.0994869320052566,0.0,0.7700617037318898,0.4114513351474717,-2.204545952253143,-1.6290771146805378,-0.06198829867442014,0.2378670640261326,0.14950313045908795,-0.03766,0.12912,0.08608,2.2830938524159806e-05,0.0,-0.00030352334223791876,-0.0004585670461067198,0.0,-0.0010362286810606384
1142,11.420265099965036,circle,1.4120046592723978,0.1905577014170708,5.060800118371844,10.01140009611845,124371.0,124371.0,0.0,0.0,8.77,5e-05,1e-08,100.0,0.01,-0.0632220148222196,0.0,0.2532765758856614,-0.06282529411726842,0.0,0.2546317031269454,-0.01858768778609565,0.0,-0.007215543569128858,0.7206115753845996,0.0,2.4482671466253856,-0.4561010834513385,0.0,-2.1705423282106,0.09569529731997346,0.0,0.7733582656469706,0.4114513351474717,-2.204545952253143,-1.6290771146805378,-0.062250173414315255,0.23804460205551126,0.14989423216070913,-0.03766,0.1345,0.08339,0.00013720656472865345,0.0,-8.2234930622558e-05,-0.0005339272696798374,0.0,-0.0012728923106614463
1143,11.430307799950242,circle,1.1649605195948936,0.5769468955761559,3.774200100451708,10.042699985206127,124371.0,124371.0,0.0,0.0,8.77,5e-05,1e-08,100.0,0.01,-0.06308982918284256,0.0,0.2535041346611485,-0.06286444767194845,0.0,0.25464708531046015,-0.01860951597398475,0.0,-0.007202863885811974,0.6993752737046293,0.0,2.426214026058813,-0.4515010256346388,0.0,-2.1677698180010916,0.0846748340285256,0.0,0.7691141485849693,0.4114513351474717,-2.203011971465257,-1.6290771146805378,-0.06483973484263629,0.23585512553365356,0.1498429637249408,-0.03497,0.13181,0.08070000000000001,0.00023838839934460623,0.0,0.0001436795573768353,-0.00046376991023872163,0.0,-0.0012866302066884712
1144,11.440271399915218,circle,1.1730941413707596,0.1183249248172967,3.85090010240674,9.96359996497631,124371.0,124371.0,0.0,0.0,8.77,5e-05,1e-08,100.0,0.01,-0.06308982918284256,0.0,0.2535041346611485,-0.06290330880380501,0.0,0.2546623056384753,-0.013957136980488564,0.0,-0.00540214791435898,0.6213849264099344,0.0,2.3983201648971484,-0.4501934267062359,0.0,-2.169820776626541,0.04274848337505137,0.0,0.769632764665074,0.4114513351474717,-2.203011971465257,-1.6290771146805378,-0.07321521169165106,0.23238557097573925,0.15146217932268496,-0.03766,0.1345,0.08070000000000001,6.776358644777222e-05,0.0,-0.00010628665189117768,-0.00025428396548531914,0.0,-0.0010518843254356113
1145,11.450326199876145,circle,1.3634950041841691,0.9914197928687004,3.9494000375270844,10.054799960926175,124371.0,124371.0,0.0,0.0,8.77,5e-05,1e-08,100.0,0.01,-0.06338733933465934,0.0,0.25338872009575614,-0.06294254172174936,0.0,0.25467762416898454,-0.00929922251418371,0.0,-0.0036157010202095517,0.5793617617905594,0.0,2.388195753308298,-0.4552905387876583,0.0,-2.1746777755016544,0.020581883567693183,0.0,0.7708820608212199,0.4099173543595861,-2.203011971465257,-1.6290771146805378,-0.0762054381801398,0.23118808791995177,0.15240477344429668,-0.040350000000000004,0.12643000000000001,0.08877,-0.00026414719961978615,0.0,-0.0002517038336460611,-0.00018065041329019729,0.0,-0.0010372002395823419
1146,11.460485399933532,circle,1.6234771644927528,1.1167966661109725,3.630699822679162,10.159200057387352,124371.0,124371.0,0.0,0.0,8.77,5e-05,1e-08,100.0,0.01,-0.0635191757478608,0.0,0.2531609588178511,-0.06298219835867687,0.0,0.25469305978943707,-0.009288298707448225,0.0,-0.003622024112670044,0.5944348782439457,0.0,2.4198956600927426,-0.4573833423177959,0.0,-2.18185133854172,0.026636313394869927,0.0,0.7793334118870326,0.4099173543595861,-2.204545952253143,-1.6290771146805378,-0.0740770163703734,0.23355416794351347,0.15299017980599341,-0.040350000000000004,0.12643000000000001,0.08608,-0.00010845517677649153,0.0,-0.0003717549384946032,-0.0004285222124074376,0.0,-0.0011603460330913559
1147,11.470416700001806,circle,1.6253828673868282,0.1485724852703576,4.632399883121252,9.93130006827414,124371.0,124371.0,0.0,0.0,8.77,5e-05,1e-08,100.0,0.01,-0.0635191757478608,0.0,0.2531609588178511,-0.06302098123518834,0.0,0.25470810835591706,-0.004644149353724113,0.0,-0.001811012056335022,0.5232689898150555,0.0,2.401777054078107,-0.45670342729949037,0.0,-2.184490721013322,-0.01268880311037466,0.0,0.7823728263624262,0.4099173543595861,-2.204545952253143,-1.6290771146805378,-0.08140825774982666,0.2307110959568448,0.15462105659523467,-0.03766,0.12912,0.08339,3.523517733098973e-05,0.0,-0.0001367804901015034,-0.0005334296900034432,0.0,-0.0014103690479644472
1148,11.480022199917585,circle,1.373838728242081,0.28641484213897966,4.223299911245704,9.605499915778637,124371.0,124371.0,0.0,0.0,8.77,5e-05,1e-08,100.0,0.01,-0.06338733933465934,0.0,0.25338872009575614,-0.06305850669371368,0.0,0.2547226248695187,-0.004649611257091855,0.0,-0.0018078505101047759,0.5039762927666983,0.0,2.3808024224199174,-0.45347785977487,0.0,-2.1825117171601014,-0.022596339676939584,0.0,0.778318911877856,0.4099173543595861,-2.203011971465257,-1.6290771146805378,-0.08396169637154578,0.22861118759761873,0.15464220814811958,-0.04304,0.13181,0.08608,0.00016715830752837585,0.0,0.00010255774593820603,-0.0004959909484740346,0.0,-0.001436462519700757
1149,11.490041799843311,circle,1.5781138814955773,1.0441902660612858,4.032500088214874,10.019599925726652,124371.0,124371.0,0.0,0.0,8.77,5e-05,1e-08,100.0,0.01,-0.06368467209278456,0.0,0.25327284929147637,-0.06309766544070393,0.0,0.2547377269701179,-0.004646832579528888,0.0,-0.0018149807948969136,0.5291473492449251,0.0,2.39330674433666,-0.4587698642670698,0.0,-2.1874314937564114,-0.008453898971902202,0.0,0.7786092352250156,0.4083833735717004,-2.203011971465257,-1.6290771146805378,-0.0799473138723714,0.23030405344100033,0.15424397625481834,-0.048420000000000005,0.12643000000000001,0.08608,-0.00027424709220830325,0.0,-0.00025495715807521816,-0.0003127595598723234,0.0,-0.0012099205205662893
1150,11.50028539984487,circle,1.8380322383272847,1.2371604885460648,5.300800083205104,10.243600001558661,124371.0,124371.0,0.0,0.0,8.77,5e-05,1e-08,100.0,0.01,-0.06381615896958659,0.0,0.2530448860470978,-0.0631377159866681,0.0,0.25475312421200896,-0.004641365833244109,0.0,-0.0018181339592065672,0.5444148870349466,0.0,2.4250399362693704,-0.46107886020079775,0.0,-2.1949499086295967,-0.0022965893711654056,0.0,0.7870180424267077,0.4083833735717004,-2.204545952253143,-1.6290771146805378,-0.0777650997886157,0.2327040247282175,0.15483271603177576,-0.04304,0.12374,0.08608,-0.00011965889705480221,0.0,-0.00038962616528875785,-0.0005587840858636818,0.0,-0.001318611999622411
1151,11.51025509997271,circle,1.8014691306169157,0.15923424261067912,3.818799974396825,9.969700127840042,124371.0,124371.0,0.0,0.0,8.77,5e-05,1e-08,100.0,0.01,-0.06398182675756547,0.0,0.25315652252096454,-0.06317671147418266,0.0,0.2547680684896012,-0.004644042967962501,0.0,-0.0018221068085237657,0.5607052153869259,0.0,2.42189760664214,-0.4637820152067015,0.0,-2.1957590224315995,0.007331706029730122,0.0,0.7837635081253802,0.4068493927838148,-2.203011971465257,-1.6290771146805378,-0.07510756784076536,0.23284016706054778,0.154256249063892,-0.04304,0.12912,0.08339,-0.00014008536864436056,0.0,-4.19306347513432e-05,-0.0006650299147384518,0.0,-0.0015696153338853197
1152,11.520255799870938,circle,2.3044423147529227,3.521742925014147,3.9280999917536974,10.00069989822805,124371.0,124371.0,0.0,0.0,8.77,5e-05,1e-08,100.0,0.01,-0.06457559901058067,0.0,0.25292250217722934,-0.06321584386784639,0.0,0.2547830183243862,-0.009276861934560659,0.0,-0.0036726919141053184,0.6933218458583225,0.0,2.477571656039567,-0.47480662627493003,0.0,-2.2031444876874247,0.0800783558513118,0.0,0.7843682594362221,0.40378143120804355,-2.203011971465257,-1.6290771146805378,-0.05840322559833716,0.23993242930896908,0.15190428991056845,-0.04304,0.13181,0.08608,-0.000571327468191994,0.0,-0.00038273632873912474,-0.0007884276745422929,0.0,-0.0014777798184177518
1153,11.53030989994295,circle,2.293680026108447,0.20369300250045236,3.8113000337034464,10.054100072011352,124371.0,124371.0,0.0,0.0,8.77,5e-05,1e-08,100.0,0.01,-0.06457559901058067,0.0,0.25292250217722934,-0.06325520097498562,0.0,0.25479800666663094,-0.013915292901840988,0.0,-0.005509037871157978,0.768860840588845,0.0,2.5138164084161656,-0.4743367988892443,0.0,-2.206301054232372,0.1196708723271243,0.0,0.7872078035839658,0.40378143120804355,-2.203011971465257,-1.6290771146805378,-0.05035941840586375,0.24356292307965666,0.15070268081739133,-0.03228,0.1345,0.08339,2.434782407196635e-05,0.0,-0.00016358247571215544,-0.0013447458596670214,0.0,-0.0017119220136894472
1154,11.540248799836263,circle,2.5538859227636506,1.0913701981837516,3.8219999987632036,9.938899893313646,124371.0,124371.0,0.0,0.0,8.77,5e-05,1e-08,100.0,0.01,-0.06487221520161149,0.0,0.2528048091546785,-0.06329412261641924,0.0,0.25481278253574,-0.01390682577492893,0.0,-0.005530377170033451,0.7966514620587875,0.0,2.5318331727095233,-0.47938702923058363,0.0,-2.2116921286529867,0.13485077879724744,0.0,0.78917006044815,0.40224745042015786,-2.203011971465257,-1.6290771146805378,-0.04603529074514215,0.24559235120261974,0.15048364148135668,-0.02959,0.12912,0.08070000000000001,-0.00026171765124839014,0.0,-0.0002793811845608434,-0.001316374933943855,0.0,-0.0017285921965006685
1155,11.550176699878648,circle,2.8200619649438927,1.279644761970574,3.8671998772770166,9.927900042384863,124371.0,124371.0,0.0,0.0,8.77,5e-05,1e-08,100.0,0.01,-0.06516865050489436,0.0,0.25268666126723915,-0.06333301651358776,0.0,0.254827501601333,-0.01853110123184266,0.0,-0.007402271276972535,0.8987361061479215,0.0,2.5796069270540767,-0.48503083364434474,0.0,-2.217360436146211,0.18986749672735959,0.0,0.7918810387859624,0.4007134696322723,-2.203011971465257,-1.6290771146805378,-0.033848227054807764,0.2509723774655689,0.14886518234603527,-0.0269,0.13988,0.08608,-0.0002924783891902912,0.0,-0.00029374821016318496,-0.0015431556021163043,0.0,-0.001847092123930656
1156,11.560243499930948,circle,2.791532479277702,0.8311270166518029,3.8723000325262547,10.066800052300096,124371.0,124371.0,0.0,0.0,8.77,5e-05,1e-08,100.0,0.01,-0.06500230084703848,0.0,0.2525760434133346,-0.0633724701740294,0.0,0.25484238530285197,-0.018520490402614217,0.0,-0.007386314472368493,0.8815118700667285,0.0,2.5988129398985027,-0.48197261323554974,0.0,-2.22303526114473,0.177639323739592,0.0,0.800929974250956,0.40224745042015786,-2.204545952253143,-1.6290771146805378,-0.03649357166262132,0.25133714024567555,0.15000278307891432,-0.01614,0.13988,0.08608,0.00015848589238356557,0.0,-0.00029408596627777863,-0.0017883165653926434,0.0,-0.001972255923239575
1157,11.570207099895924,circle,2.687916541786101,0.5632637473702387,3.8282000459730625,9.96359996497631,124371.0,124371.0,0.0,0.0,8.77,5e-05,1e-08,100.0,0.01,-0.06522373751782573,0.0,0.25287192643549067,-0.06341153480254742,0.0,0.2548570754612178,-0.018548872476980793,0.0,-0.0074075554079781,0.8989569568588491,0.0,2.5737433179886735,-0.48686264152453596,0.0,-2.22097351171732,0.18883557696586925,0.0,0.7894784658416626,0.4007134696322723,-2.203011971465257,-1.627543133892652,-0.03380207429399147,0.2508647409225587,0.148445257759562,-0.01883,0.1345,0.08608,-0.00025341551411143105,0.0,0.00010684586269018356,-0.0015587872011668766,0.0,-0.00209199488841729
1158,11.580278899986297,circle,2.6725060152592333,0.35924938947084223,3.786299843341112,10.071800090372562,124371.0,124371.0,0.0,0.0,8.77,5e-05,1e-08,100.0,0.01,-0.06522373751782573,0.0,0.25287192643549067,-0.06345103921132177,0.0,0.2548718837139631,-0.018548872476980793,0.0,-0.0074075554079781,0.8994692588738863,0.0,2.5732520939409342,-0.48835024412470285,0.0,-2.224942076694427,0.18920195556757538,0.0,0.7892373705211511,0.4007134696322723,-2.203011971465257,-1.627543133892652,-0.034047313935156476,0.2506860393382905,0.1484074558520268,-0.01883,0.14257,0.08339,-7.709190119899114e-05,0.0,-0.00020566260040320665,-0.001695606405304973,0.0,-0.0017942946780692018
1159,11.590274299960583,circle,2.6577449050255715,0.49843621587169346,3.829800058156252,9.995399974286556,124371.0,124371.0,0.0,0.0,8.77,5e-05,1e-08,100.0,0.01,-0.06522373751782573,0.0,0.25287192643549067,-0.06349025937716246,0.0,0.2548865384368527,-0.013911654357735594,0.0,-0.005555666555983575,0.8277532421862087,0.0,2.551276983196356,-0.4901593515184134,0.0,-2.2295949189689517,0.14993086019069465,0.0,0.7909493573826702,0.4007134696322723,-2.203011971465257,-1.627543133892652,-0.041564435839433644,0.2476943795728787,0.14998201792687113,-0.01883,0.13181,0.08070000000000001,-9.375321637556376e-05,0.0,-0.00024112384374827284,-0.0016397249242877056,0.0,-0.0017734881576137755
1160,11.60024999990128,circle,2.5414963770176375,0.24664648980828557,3.8328999653458595,9.975699940696359,124371.0,124371.0,0.0,0.0,8.77,5e-05,1e-08,100.0,0.01,-0.06527854027284728,0.0,0.25305727588815513,-0.06352941751620222,0.0,0.2549011233375338,-0.009283325903923407,0.0,-0.0037064061339780337,0.7625388653751988,0.0,2.5095840696547826,-0.493451457181196,0.0,-2.230817361112977,0.11523326907057888,0.0,0.7846309228118276,0.4007134696322723,-2.203011971465257,-1.6260091531047662,-0.0487183730538083,0.24415787947348747,0.1503983683484088,-0.024210000000000002,0.13719,0.08339,-0.00017060650772148596,0.0,-6.335051375824623e-05,-0.001578516248923572,0.0,-0.0017804969356204087
1161,11.61035929992795,circle,2.629723476217448,1.4932451232603796,5.202599801123142,10.109300026670098,124371.0,124371.0,0.0,0.0,8.77,5e-05,1e-08,100.0,0.01,-0.06522373751782573,0.0,0.25287192643549067,-0.06356911560428381,0.0,0.2549158618269833,-0.004637218119245198,0.0,-0.001851888851994525,0.686400665994182,0.0,2.5052651276074163,-0.4948319666972015,0.0,-2.2393471002437613,0.07288363985669549,0.0,0.7933712752541198,0.4007134696322723,-2.203011971465257,-1.627543133892652,-0.056436129618333566,0.24165077723733508,0.15295589794171996,-0.02959,0.13988,0.08339,-7.154202553842138e-05,0.0,-0.0004420359350338851,-0.0015830798880034963,0.0,-0.0016018994564587277
1162,11.620040599955246,circle,2.617015509583919,0.6544908685254087,4.0524001233279705,9.681300027295947,124371.0,124371.0,0.0,0.0,8.77,5e-05,1e-08,100.0,0.01,-0.06522373751782573,0.0,0.25287192643549067,-0.06360714758999324,0.0,0.25492993692687144,-0.004637218119245198,0.0,-0.001851888851994525,0.6835659773773533,0.0,2.515287629052561,-0.4973831116863825,0.0,-2.2444672762827707,0.06989392726650316,0.0,0.7972823039502916,0.4007134696322723,-2.203011971465257,-1.627543133892652,-0.05666599337754247,0.24199963549438408,0.15352521745448233,-0.03228,0.13719,0.08070000000000001,-0.00013220776666307337,0.0,-0.0002653424411038791,-0.0014843821611694196,0.0,-0.0017926680502768893
1163,11.630220900056884,circle,2.494748783667421,0.30361205084872545,5.164199974387884,10.18030010163784,124371.0,124371.0,0.0,0.0,8.77,5e-05,1e-08,100.0,0.01,-0.06527854027284728,0.0,0.25305727588815513,-0.06364715521593262,0.0,0.2549446958969729,0.0,0.0,0.0,0.61886811546117,0.0,2.4740410441739664,-0.5010723222088495,0.0,-2.245720403675878,0.03550211105191284,0.0,0.7911437794144944,0.4007134696322723,-2.203011971465257,-1.6260091531047662,-0.0638555543668036,0.2384512853496634,0.15395114233448087,-0.03228,0.13181,0.08339,-0.000191185638602937,0.0,-6.494071277391832e-05,-0.0014401994183117295,0.0,-0.0018224792960438345
1164,11.640127300051972,circle,2.4804192711553648,0.602835597355186,5.236400058493018,9.906399995088577,124371.0,124371.0,0.0,0.0,8.77,5e-05,1e-08,100.0,0.01,-0.06527854027284728,0.0,0.25305727588815513,-0.06368610152359343,0.0,0.25495901682492694,0.0,0.0,0.0,0.6182411608746811,0.0,2.476811895556718,-0.5036522624117435,0.0,-2.2505666071814328,0.034766267812511825,0.0,0.7922049945180947,0.4007134696322723,-2.203011971465257,-1.6260091531047662,-0.06391597302559282,0.2385471421771187,0.15410561742872253,-0.03228,0.13719,0.08070000000000001,-0.0001337000185388903,0.0,-0.0002511443861408344,-0.0014587387307149647,0.0,-0.0016505965506309775
1165,11.65024819993414,circle,2.466372501449598,0.6298711230261803,3.96360014565289,10.120899882167578,124371.0,124371.0,0.0,0.0,8.77,5e-05,1e-08,100.0,0.01,-0.06527854027284728,0.0,0.25305727588815513,-0.06372590644283689,0.0,0.25497360610651887,0.0,0.0,0.0,0.6164101544689907,0.0,2.483204588505793,-0.5060840452722827,0.0,-2.255624273468417,0.032842208315839276,0.0,0.7947045083572841,0.4007134696322723,-2.203011971465257,-1.6260091531047662,-0.0640952299595588,0.23875667871222486,0.15447626008087098,-0.03228,0.13181,0.08608,-0.00012602207336895842,0.0,-0.0002621030036179784,-0.001426611756641433,0.0,-0.0016542272147457592
1166,11.660245300037786,circle,2.4530959768573886,0.6117779341684809,3.852499881759286,9.997100103646517,124371.0,124371.0,0.0,0.0,8.77,5e-05,1e-08,100.0,0.01,-0.06527854027284728,0.0,0.25305727588815513,-0.06376523962289081,0.0,0.25498797550604374,0.0,0.0,0.0,0.614483337029075,0.0,2.489785236501294,-0.5084720079877981,0.0,-2.2606129136416238,0.030836893783359146,0.0,0.7972830855867263,0.4007134696322723,-2.203011971465257,-1.6260091531047662,-0.06428410449352098,0.23897110850176825,0.15485935342621154,-0.03766,0.12643000000000001,0.08339,-0.0001237511857741713,0.0,-0.00025852586927921774,-0.0013895494641823014,0.0,-0.0016721737486093916
1167,11.670265499968082,circle,2.440395383036443,0.5919765648617815,3.9337000343948603,10.020199930295348,124371.0,124371.0,0.0,0.0,8.77,5e-05,1e-08,100.0,0.01,-0.06527854027284728,0.0,0.25305727588815513,-0.06380467876201547,0.0,0.25500233677985856,0.0,0.0,0.0,0.6125010318644202,0.0,2.496295797279488,-0.5108089511288743,0.0,-2.26552590916355,0.028808263400114623,0.0,0.7998442822889102,0.4007134696322723,-2.203011971465257,-1.6260091531047662,-0.06447883512181764,0.2391809600373144,0.15524117704043122,-0.03766,0.13181,0.08070000000000001,-0.00012110720276994023,0.0,-0.00025460574304247865,-0.001352754308061874,0.0,-0.0016904551486609531
1168,11.680279499851167,circle,2.7047957202924864,2.3168888361595723,3.883600002154708,10.01399988308549,124371.0,124371.0,0.0,0.0,8.77,5e-05,1e-08,100.0,0.01,-0.06557536237703593,0.0,0.252938504409068,-0.0638441085317819,0.0,0.2550166478140826,0.0,0.0,0.0,0.6431911656345466,0.0,2.515818828952534,-0.518852681715083,0.0,-2.2726773314042283,0.04542646371504891,0.0,0.8018740651006475,0.3991794888443866,-2.203011971465257,-1.6260091531047662,-0.05976851230264729,0.24130106450223907,0.15486245978355961,-0.03228,0.13719,0.08070000000000001,-0.00041684955616085734,0.0,-0.0003706075377582626,-0.0013144042890931643,0.0,-0.001707535867256347
1169,11.690403499873355,circle,2.973927950270128,2.2478691889661064,3.765400033444166,10.124000022187829,124371.0,124371.0,0.0,0.0,8.77,5e-05,1e-08,100.0,0.01,-0.06587200193890344,0.0,0.2528192777504947,-0.06388398665663941,0.0,0.25503107400939434,0.0,0.0,0.0,0.6795189293324556,0.0,2.5376426950531865,-0.5267476068001679,0.0,-2.279752896212016,0.06510081578749898,0.0,0.8039802750047791,0.3976455080565009,-2.203011971465257,-1.6260091531047662,-0.05446401935300324,0.24368347840659865,0.1543761999453684,-0.02959,0.13719,0.08070000000000001,-0.00040913802151496307,0.0,-0.00036667638455850356,-0.0015788772607490643,0.0,-0.001845119874341164
1170,11.70026299986057,circle,2.9586228404715955,0.47488034568506915,3.86150018312037,9.859499987214804,124371.0,124371.0,0.0,0.0,8.77,5e-05,1e-08,100.0,0.01,-0.06587200193890344,0.0,0.2528192777504947,-0.06392283760307287,0.0,0.25504508266200115,-0.004635955560423883,0.0,-0.0018674347667707214,0.751947833644945,0.0,2.5739315793238244,-0.5284707233606999,0.0,-2.284310843842592,0.10294432284883581,0.0,0.8072046145701619,0.3976455080565009,-2.203011971465257,-1.6260091531047662,-0.04683882128236595,0.247300154280874,0.15345275045504836,-0.0269,0.13181,0.08339,-8.929692084698872e-05,0.0,-0.0002362061268023621,-0.0018598674149835862,0.0,-0.001989598784704117
1171,11.71025939984247,circle,3.202719587043824,1.9132025248901259,3.947499906644225,9.99639998190105,124371.0,124371.0,0.0,0.0,8.77,5e-05,1e-08,100.0,0.01,-0.06600160130884397,0.0,0.2525897450392413,-0.06396224274321222,0.0,0.2550592448659306,-0.004630451176866231,0.0,-0.0018705426668454914,0.7635107311152826,0.0,2.605340071600054,-0.5324875112702578,0.0,-2.293228553253317,0.10726723363868834,0.0,0.8159654312408356,0.3976455080565009,-2.204545952253143,-1.6260091531047662,-0.04502054353361899,0.24959509140245223,0.15416264352961545,-0.024210000000000002,0.14257,0.08339,-0.000208161653270978,0.0,-0.00046214168537740165,-0.0018311969123607768,0.0,-0.0020073581413119126
1172,11.72027359995991,circle,2.928981475147486,0.012893170411420967,3.8717000279575586,10.014200117439032,124371.0,124371.0,0.0,0.0,8.77,5e-05,1e-08,100.0,0.01,-0.06587200193890344,0.0,0.2528192777504947,-0.06400173289352629,0.0,0.2550733909197169,-0.004635955560423883,0.0,-0.0018674347667707214,0.7489466141871318,0.0,2.590405979365675,-0.5316858159854679,0.0,-2.293272634892542,0.09900466145862497,0.0,0.8134027141753319,0.3976455080565009,-2.203011971465257,-1.6260091531047662,-0.04706139480139544,0.24789753403428655,0.15430786458891765,-0.01883,0.13719,0.08608,4.154618557387739e-05,0.0,-2.2844389862223397e-06,-0.0019118152309510316,0.0,-0.002251828730236027
1173,11.730247600004077,circle,2.9149328371687355,0.4515902405688265,3.823899896815419,9.974000044167042,124371.0,124371.0,0.0,0.0,8.77,5e-05,1e-08,100.0,0.01,-0.06587200193890344,0.0,0.2528192777504947,-0.06404107924226736,0.0,0.25508743901551695,-0.004635955560423883,0.0,-0.0018674347667707214,0.7437851163695169,0.0,2.591937154638311,-0.5335265096229562,0.0,-2.2976534292224953,0.09576486931132483,0.0,0.8146229182684646,0.3976455080565009,-2.203011971465257,-1.6260091531047662,-0.047649069894933574,0.24780230478489934,0.15460697242655388,-0.024210000000000002,0.13719,0.08877,-9.539010756161597e-05,0.0,-0.00022702552658887196,-0.001735532589074465,0.0,-0.0020411357384334007
1174,11.740262700011954,circle,2.9013216092333862,0.5659083483346976,3.919099923223257,10.015100007876754,124371.0,124371.0,0.0,0.0,8.77,5e-05,1e-08,100.0,0.01,-0.06587200193890344,0.0,0.2528192777504947,-0.06408060246795338,0.0,0.2551015036410858,-0.004635955560423883,0.0,-0.0018674347667707214,0.7412467346691548,0.0,2.5978070369611204,-0.5357724031148826,0.0,-2.302475397683576,0.09349656518721652,0.0,0.8170251208275138,0.3976455080565009,-2.203011971465257,-1.6260091531047662,-0.047900512487598856,0.24796969613466027,0.15497869759740612,-0.0269,0.1345,0.08339,-0.0001163887446577604,0.0,-0.00024988845552204953,-0.0016750107262922954,0.0,-0.002032337435069078
1175,11.75024769990705,circle,3.005955156677724,1.489274590167976,3.928299993276596,9.984999895095825,124371.0,124371.0,0.0,0.0,8.77,5e-05,1e-08,100.0,0.01,-0.06581663079768726,0.0,0.2526340973026029,-0.0641200215703022,0.0,0.25511548472368595,-0.004631514780888148,0.0,-0.0018661069209216423,0.7329549787823153,0.0,2.6245040429288564,-0.537136918703746,0.0,-2.310996068239122,0.08701452366820621,0.0,0.8277143139580614,0.3976455080565009,-2.203011971465257,-1.627543133892652,-0.04837264951906821,0.24876924819872762,0.156515428112825,-0.02959,0.13719,0.08339,-7.071317363208118e-05,0.0,-0.00044156597504172584,-0.0016258960537529896,0.0,-0.002039821446041333
1176,11.760258900001645,circle,2.8756579706094993,0.295528823011948,3.8116001524031162,10.011200094595551,124371.0,124371.0,0.0,0.0,8.77,5e-05,1e-08,100.0,0.01,-0.06587200193890344,0.0,0.2528192777504947,-0.06415955876154666,0.0,0.2551294611043119,0.0,0.0,0.0,0.6672708036096191,0.0,2.5863802789091177,-0.5407430230904346,0.0,-2.31232740302155,0.05146288528865578,0.0,0.8227610792029685,0.3976455080565009,-2.203011971465257,-1.6260091531047662,-0.05563799540621443,0.24533869693346555,0.1571349341479936,-0.024210000000000002,0.13988,0.08608,-0.00018687883649884537,0.0,-6.899364756300218e-05,-0.0015255643408579307,0.0,-0.0022411897062542168
1177,11.770248800050467,circle,2.863605290118404,0.5858720072291624,3.86850000359118,9.989900048822165,124371.0,124371.0,0.0,0.0,8.77,5e-05,1e-08,100.0,0.01,-0.06587200193890344,0.0,0.2528192777504947,-0.06419902641667329,0.0,0.2551433664234185,0.0,0.0,0.0,0.6665039175812464,0.0,2.5891827054890313,-0.5433172899489999,0.0,-2.3170883641117452,0.05064200948036367,0.0,0.8238491770749355,0.3976455080565009,-2.203011971465257,-1.6260091531047662,-0.055711954165006364,0.24543199429868295,0.1572958728346807,-0.02959,0.1345,0.08339,-0.00013340600930523017,0.0,-0.0002467268758043154,-0.001539569512924925,0.0,-0.0020773617971195143
1178,11.780251399846748,circle,2.852059184145537,0.6318785016071533,3.8183999713510275,10.002599796280265,124371.0,124371.0,0.0,0.0,8.77,5e-05,1e-08,100.0,0.01,-0.06587200193890344,0.0,0.2528192777504947,-0.06423855879840124,0.0,0.25515724804470613,0.0,0.0,0.0,0.6646983824108588,0.0,2.595412564839866,-0.5457816903736721,0.0,-2.322140161378781,0.04875755861009728,0.0,0.8262814701641448,0.3976455080565009,-2.203011971465257,-1.6260091531047662,-0.055886847314055924,0.245636360346071,0.1576574111670176,-0.03497,0.13988,0.08877,-0.000127712410580801,0.0,-0.00026179885390357994,-0.0015057307299214044,0.0,-0.0020761714403078756
1179,11.790049399947748,circle,2.8412617055936265,0.6345448404829284,4.067800007760525,9.79800010100007,124371.0,124371.0,0.0,0.0,8.77,5e-05,1e-08,100.0,0.01,-0.06587200193890344,0.0,0.2528192777504947,-0.06427729663577367,0.0,0.2551708055678599,0.0,0.0,0.0,0.6628710774570791,0.0,2.6018987651192877,-0.5482246315922411,0.0,-2.327215521486868,0.046826465766218996,0.0,0.8288069220336471,0.3976455080565009,-2.203011971465257,-1.6260091531047662,-0.05606350279503795,0.2458507139648351,0.15803187738735158,-0.03228,0.13181,0.08877,-0.00012660033199440087,0.0,-0.0002630199489823859,-0.0014681049711353722,0.0,-0.002088507868382865
1180,11.800041500013322,circle,2.830778727885492,0.6325475227975803,4.0692000184208155,9.99210006557405,124371.0,124371.0,0.0,0.0,8.77,5e-05,1e-08,100.0,0.01,-0.06587200193890344,0.0,0.2528192777504947,-0.0643168161813851,0.0,0.25518459072468247,0.0,0.0,0.0,0.6609357836013315,0.0,2.6084324068345675,-0.5506161688673139,0.0,-2.332305504355387,0.04482555683965526,0.0,0.8313633294362364,0.3976455080565009,-2.203011971465257,-1.6260091531047662,-0.05625124450136748,0.2460637910483074,0.15841259502387753,-0.03228,0.13719,0.08877,-0.00012393642986570082,0.0,-0.00026377774303459585,-0.0014312493276526395,0.0,-0.0021015352311531984
1181,11.810500300023705,circle,2.8203841091621284,0.6298195594002362,3.564300015568733,10.45880001038313,124371.0,124371.0,0.0,0.0,8.77,5e-05,1e-08,100.0,0.01,-0.06587200193890344,0.0,0.2528192777504947,-0.06435819698895981,0.0,0.2551989754406941,0.0,0.0,0.0,0.6587429622171327,0.0,2.6150438743240034,-0.5529299892105171,0.0,-2.3374179610436525,0.042662812472579234,0.0,0.8339811216172797,0.3976455080565009,-2.203011971465257,-1.6260091531047662,-0.05646549196258424,0.24627235793975677,0.1588065513470797,-0.03497,0.13988,0.08339,-0.00011990891201078629,0.0,-0.0002649424018562976,-0.001393896037932845,0.0,-0.002114755288343114
1182,11.820193300023675,circle,2.811284060540118,0.6292559975519889,3.8862000219523907,9.692999999970198,124371.0,124371.0,0.0,0.0,8.77,5e-05,1e-08,100.0,0.01,-0.06587200193890344,0.0,0.2528192777504947,-0.06439656191295011,0.0,0.255212266425533,0.0,0.0,0.0,0.656806598919829,0.0,2.6215619309266804,-0.555257879098327,0.0,-2.3425212666927226,0.04066332227902412,0.0,0.8365321845868237,0.3976455080565009,-2.203011971465257,-1.6260091531047662,-0.05665337558217365,0.24648475569654177,0.15918657258203509,-0.02959,0.13988,0.08877,-0.0001206380368070335,0.0,-0.00026446816834162223,-0.0013548019891462977,0.0,-0.002128520506696721
1183,11.830247399862856,circle,2.802392732866127,0.6269035247592859,3.8834000006318092,10.054099839180708,124371.0,124371.0,0.0,0.0,8.77,5e-05,1e-08,100.0,0.01,-0.06587200193890344,0.0,0.2528192777504947,-0.06443637030405842,0.0,0.25522601139555245,0.0,0.0,0.0,0.6547244739687811,0.0,2.6281186382308332,-0.557510791693385,0.0,-2.347646650685849,0.03857294760486256,0.0,0.8391160890432329,0.3976455080565009,-2.203011971465257,-1.6260091531047662,-0.05685627149158362,0.24669437659995735,0.15957383149743837,-0.03228,0.1345,0.08339,-0.00011675249503374893,0.0,-0.00026561233246072445,-0.0013188791398112676,0.0,-0.0021411213125970547
1184,11.840094499988481,circle,2.7942301775478002,0.6254622845779446,3.936499822884798,9.84710012562573,124371.0,124371.0,0.0,0.0,8.77,5e-05,1e-08,100.0,0.01,-0.06587200193890344,0.0,0.2528192777504947,-0.06447537310324165,0.0,0.25523943274150596,0.0,0.0,0.0,0.6526566824261337,0.0,2.6346630003590903,-0.55972494138862,0.0,-2.352781887326549,0.036492632725486585,0.0,0.8416937566963429,0.3976455080565009,-2.203011971465257,-1.6260091531047662,-0.05705770832108992,0.24690391574464898,0.15995997514980417,-0.03228,0.13719,0.08877,-0.00011474368862065252,0.0,-0.00026612292536587045,-0.0012818851470411342,0.0,-0.0021540320656454103
1185,11.850248100003228,circle,2.7863841316555487,0.6235071957665874,3.815700067207217,10.15360001474619,124371.0,124371.0,0.0,0.0,8.77,5e-05,1e-08,100.0,0.01,-0.06587200193890344,0.0,0.2528192777504947,-0.06451560437039999,0.0,0.2552532297149549,0.0,0.0,0.0,0.6504141163455504,0.0,2.64125671432958,-0.5618593752231809,0.0,-2.3579413012461923,0.034302943044000576,0.0,0.8443118635111162,0.3976455080565009,-2.203011971465257,-1.6260091531047662,-0.05727714032986861,0.24711025011051851,0.1603549395969722,-0.02959,0.13181,0.08877,-0.00011061258045078136,0.0,-0.0002673758624065544,-0.0012457849880526666,0.0,-0.0021665761020536693
1186,11.860256699845195,circle,2.7792218399667616,0.622238083519085,4.1473000310361385,10.008599841967225,124371.0,124371.0,0.0,0.0,8.77,5e-05,1e-08,100.0,0.01,-0.06587200193890344,0.0,0.2528192777504947,-0.0645552754435409,0.0,0.2552667877856444,0.0,0.0,0.0,0.6481539605756624,0.0,2.647849140189399,-0.5639453862070457,0.0,-2.363114352797371,0.03210306614154294,0.0,0.8469318392455493,0.3976455080565009,-2.203011971465257,-1.6260091531047662,-0.057498396188332426,0.24731600216252708,0.16075049648814155,-0.03228,0.13719,0.08877,-0.00010810316723705365,0.0,-0.00026808260420894264,-0.0012086233281254932,0.0,-0.00217942743094076
1187,11.870247399900109,circle,2.7726428465076456,0.6210004125951313,3.7740999832749367,9.99070005491376,124371.0,124371.0,0.0,0.0,8.77,5e-05,1e-08,100.0,0.01,-0.06587200193890344,0.0,0.2528192777504947,-0.06459488971770325,0.0,0.25528028013341736,0.0,0.0,0.0,0.645851746893672,0.0,2.654448046097449,-0.5659722001421664,0.0,-2.3683049255887068,0.029877578657284496,0.0,0.8495596469162184,0.3976455080565009,-2.203011971465257,-1.6260091531047662,-0.05772399317741893,0.2475207589500229,0.16114792113617232,-0.03228,0.13988,0.09146,-0.00010503540368747154,0.0,-0.00026899060592590427,-0.0011720768175127224,0.0,-0.002192011776996779
1188,11.880134899867699,circle,2.766696988802021,0.6199786743768149,4.954600008204579,9.887499967589974,124371.0,124371.0,0.0,0.0,8.77,5e-05,1e-08,100.0,0.01,-0.06587200193890344,0.0,0.2528192777504947,-0.0646341086685022,0.0,0.2552935922977868,0.0,0.0,0.0,0.6435341977978761,0.0,2.66104522400324,-0.5679433355753708,0.0,-2.373511993748699,0.0276432899997266,0.0,0.8521888706709597,0.3976455080565009,-2.203011971465257,-1.6260091531047662,-0.05795118132966939,0.24772498295448359,0.16154583364692346,-0.03497,0.14257,0.08608,-0.00010214998148657208,0.0,-0.0002698454439925774,-0.0011357432889146748,0.0,-0.002204469103299556
1189,11.890248199924827,circle,2.761200800309006,0.6189749461161347,3.8701999001204967,10.113300057128072,124371.0,124371.0,0.0,0.0,8.77,5e-05,1e-08,100.0,0.01,-0.06587200193890344,0.0,0.2528192777504947,-0.0646742374968279,0.0,0.25530716645397933,0.0,0.0,0.0,0.6410602565965092,0.0,2.6676863646885165,-0.5698312331301144,0.0,-2.378745022520701,0.025311155200154704,0.0,0.8548542109840569,0.3976455080565009,-2.203011971465257,-1.6260091531047662,-0.058194472558722204,0.24792633098959627,0.1619516299377797,-0.02959,0.13181,0.09146,-9.783635209280957e-05,0.0,-0.0002711907985488804,-0.0010999280899827372,0.0,-0.0022166979049357727
1190,11.900294800056145,circle,2.479356549384826,0.38839670416893246,3.790699876844883,10.046600131317973,124371.0,124371.0,0.0,0.0,8.77,5e-05,1e-08,100.0,0.01,-0.06598189170685637,0.0,0.25318989237141054,-0.06471411587655367,0.0,0.25532060899805936,0.0,0.0,0.0,0.6506453898046299,0.0,2.6334819431751346,-0.5737885920963937,0.0,-2.3768061709997084,0.031661383748532515,0.0,0.8412934711908321,0.3976455080565009,-2.203011971465257,-1.622941191528995,-0.058031916460128105,0.24687952275153852,0.16006032545276613,-0.024210000000000002,0.13719,0.09146,-0.00020508187227093405,0.0,0.00010047693508947065,-0.0010626939580317663,0.0,-0.0022311935617382915
1191,11.910312899854034,circle,2.470840198888426,0.6292524599421048,4.013300174847245,10.01809979788959,124371.0,124371.0,0.0,0.0,8.77,5e-05,1e-08,100.0,0.01,-0.06598189170685637,0.0,0.25318989237141054,-0.06475389518928142,0.0,0.25533397162397253,-0.0008545125385647802,0.0,0.0028982368895873497,0.6628852123772795,0.0,2.5899183896799562,-0.5755300160216996,0.0,-2.3821381561562402,0.044665056882309616,0.0,0.82430898608719,0.3976455080565009,-2.203011971465257,-1.622941191528995,-0.05690849367855896,0.2455356299169492,0.15746311664071594,-0.02959,0.1345,0.08877,-9.024566183212391e-05,0.0,-0.00027631900672648235,-0.0011377508557428263,0.0,-0.00186776024583551
1192,11.920286600012332,circle,2.330926017267283,0.2279502666265299,4.270799923688173,9.973700158298016,124371.0,124371.0,0.0,0.0,8.77,5e-05,1e-08,100.0,0.01,-0.06603641007501188,0.0,0.2533753256723427,-0.06479351210628934,0.0,0.2553472335650494,-0.0008500656950659263,0.0,0.002899544284828138,0.6661827496621393,0.0,2.5761885757508303,-0.5781521907896827,0.0,-2.3842645881014195,0.04656845154864662,0.0,0.8189015893826188,0.3976455080565009,-2.203011971465257,-1.6214072107411097,-0.057010960980116446,0.24509260907738023,0.15674021405147529,-0.02959,0.13719,0.08877,-0.00013588873676152334,0.0,-0.00011019789922776368,-0.001107009231961016,0.0,-0.0018617099934789176
1193,11.930018999846652,circle,2.1957173624642565,0.2142947207175536,4.086100030690432,9.73239983431995,124371.0,124371.0,0.0,0.0,8.77,5e-05,1e-08,100.0,0.01,-0.06609064392801442,0.0,0.25356084238520027,-0.06483218387725584,0.0,0.2553601347562372,-0.0016912337028686987,0.0,0.00580168971397443,0.6829908106513152,0.0,2.5161316917260947,-0.5807660653280523,0.0,-2.3862349677434023,0.06266304408780701,0.0,0.7953380561165665,0.3976455080565009,-2.203011971465257,-1.619873229953224,-0.0558453024128997,0.24323633041132692,0.15323913708537484,-0.02959,0.1345,0.08877,-0.00013545859467840372,0.0,-0.00010211081418331179,-0.001123001456080177,0.0,-0.0016971815568536195
1194,11.940314499894157,circle,2.065132630952258,0.20225822462901252,3.8662999868392944,10.295500047504902,124371.0,124371.0,0.0,0.0,8.77,5e-05,1e-08,100.0,0.01,-0.06614459313824647,0.0,0.2537464420734443,-0.06487310742055802,0.0,0.2553737394811538,-0.0025234980549590238,0.0,0.008706415812203327,0.6993777217942676,0.0,2.455945099124801,-0.5832715862285426,0.0,-2.3881933538770994,0.07859996089319841,0.0,0.7717567199626292,0.3976455080565009,-2.203011971465257,-1.6183392491653381,-0.05470557068283359,0.24136902336062172,0.1497444111310668,-0.0269,0.12912,0.08339,-0.00012984339345126867,0.0,-0.00010148927563820905,-0.0011416423242371844,0.0,-0.0015258081320712958
1195,11.950295899994671,circle,2.0514343130722086,0.6378932705469206,3.8111999165266752,9.981400100514293,124371.0,124371.0,0.0,0.0,8.77,5e-05,1e-08,100.0,0.01,-0.06614459313824647,0.0,0.2537464420734443,-0.06491279643036363,0.0,0.2553868870165311,-0.0025234980549590238,0.0,0.008706415812203327,0.6974874874098713,0.0,2.459290606099326,-0.5847134598818677,0.0,-2.393653726015992,0.07703765841518527,0.0,0.7731925377075611,0.3976455080565009,-2.203011971465257,-1.6183392491653381,-0.054758117650226784,0.24150658920657142,0.14994202545633678,-0.03497,0.13181,0.08339,-7.472209393227965e-05,0.0,-0.00028297239423619776,-0.0011570746139505633,0.0,-0.0013574725488505962
1196,11.960493999999017,circle,1.9248998832693203,0.17561688714789497,3.601799951866269,10.198100004345179,124371.0,124371.0,0.0,0.0,8.77,5e-05,1e-08,100.0,0.01,-0.06619825757876027,0.0,0.25393212430034096,-0.06495336127382376,0.0,0.25540027713658303,-0.003346852820161296,0.0,0.011613702085642436,0.7125784067024247,0.0,2.402524396630862,-0.5871769673771218,0.0,-2.395300533587696,0.0918196124798423,0.0,0.7509671600331804,0.3976455080565009,-2.203011971465257,-1.6168052683774528,-0.05386978577417151,0.23969236977010816,0.14668543895817138,-0.0269,0.13988,0.08070000000000001,-0.00012766613637660708,0.0,-8.534236670285056e-05,-0.0011172301685599087,0.0,-0.0013828104695392254
1197,11.970125699881464,circle,1.8067895903200968,0.15922949120351734,4.066800000146031,9.63169988244772,124371.0,124371.0,0.0,0.0,8.77,5e-05,1e-08,100.0,0.01,-0.0662516371232783,0.0,0.25411788862896195,-0.06499168626539446,0.0,0.25541288378702504,-0.003329033694308504,0.0,0.011618822428075642,0.7164174631336375,0.0,2.3849456998675147,-0.589743744516357,0.0,-2.396472339748149,0.0947165994060287,0.0,0.744086957650344,0.3976455080565009,-2.203011971465257,-1.615271287589567,-0.05384338664510015,0.23913713358220023,0.14574258137048504,-0.02959,0.12912,0.08070000000000001,-0.0001330178702266,0.0,-6.072640955041603e-05,-0.001126932987657243,0.0,-0.0012342687485126676
1198,11.980221699923277,circle,1.6969907155501,0.14579109279038283,3.8558999076485634,10.096000041812658,124371.0,124371.0,0.0,0.0,8.77,5e-05,1e-08,100.0,0.01,-0.06630473164619333,0.0,0.2543037346221859,-0.06503187235740254,0.0,0.25542605664353374,-0.0033112067343252123,0.0,0.011623915430258688,0.7201221306921388,0.0,2.366943177950565,-0.5922578482263441,0.0,-2.3974566350163222,0.09761571951714722,0.0,0.73707340442024,0.3976455080565009,-2.203011971465257,-1.6137373068016811,-0.053826839610768604,0.23856223211443034,0.14478339062287104,-0.03228,0.12912,0.08070000000000001,-0.00013028817964730343,0.0,-5.1009048758142786e-05,-0.0011425711091434807,0.0,-0.0010713129725896785
1199,11.990195699967444,circle,1.598429314462095,0.13761570751729196,3.856400027871132,9.974000044167042,124371.0,124371.0,0.0,0.0,8.77,5e-05,1e-08,100.0,0.01,-0.06635754102256872,0.0,0.25448966184269917,-0.06507158649464909,0.0,0.2554390285924091,-0.0032933719828099227,0.0,0.011628981078879544,0.7237949114910106,0.0,2.348723183041051,-0.5947604276264131,0.0,-2.3982426895451017,0.10054949362239955,0.0,0.7299852130159714,0.3976455080565009,-2.203011971465257,-1.6122033260137958,-0.05380921657055626,0.23797926722932972,0.14381385412960848,-0.02959,0.1345,0.07532,-0.0001296909563287289,0.0,-4.0735636024635596e-05,-0.0011562635715909016,0.0,-0.0009086311136852767
1200,12.00022180005908,circle,1.5129258474200502,0.13027903924419199,3.8031002040952444,10.02610009163618,124371.0,124371.0,0.0,0.0,8.77,5e-05,1e-08,100.0,0.01,-0.06641006512813899,0.0,0.2546756698529971,-0.06511152171541733,0.0,0.2554520264882292,-0.004094411851287415,0.0,0.014542524204110728,0.739559595742002,0.0,2.2871112137907854,-0.5972562947679968,0.0,-2.3987761679174584,0.11660297544665459,0.0,0.7058817788202564,0.3976455080565009,-2.203011971465257,-1.61066934522591,-0.05267048573558869,0.23605887694898345,0.1402616609521519,-0.03228,0.1345,0.08070000000000001,-0.00012934310753637658,0.0,-2.7646403662447963e-05,-0.001169200305185285,0.0,-0.0007487102315696193
1201,12.010129899950698,circle,1.4859402002837299,0.3387745644943303,3.9532999508082867,9.908099891617894,124371.0,124371.0,0.0,0.0,8.77,5e-05,1e-08,100.0,0.01,-0.06641006512813899,0.0,0.2546756698529971,-0.06515100031196826,0.0,0.2554648302090086,-0.004094411851287415,0.0,0.014542524204110728,0.7376834351995895,0.0,2.2889942344933445,-0.598760141527289,0.0,-2.402607247810815,0.11524297114291482,0.0,0.7068071301528076,0.3976455080565009,-2.203011971465257,-1.61066934522591,-0.05263206240408372,0.23617270131136786,0.14036821406219788,-0.02959,0.12643000000000001,0.07801000000000001,-7.793372085580156e-05,0.0,-0.00019853772277016234,-0.0011811310953149308,0.0,-0.0005906226332413467
1202,12.02033059997484,circle,1.4121810406047237,0.12833416086256702,3.750000149011612,10.200700024142861,124371.0,124371.0,0.0,0.0,8.77,5e-05,1e-08,100.0,0.01,-0.06646230383930984,0.0,0.2548617582153849,-0.0651916586234655,0.0,0.25547796924003097,-0.004072099089479676,0.0,0.014548787841045227,0.7401121072955333,0.0,2.273602780756331,-0.6012893772800688,0.0,-2.402466981813551,0.11712601765073491,0.0,0.700874734310467,0.3976455080565009,-2.203011971465257,-1.6091353644380242,-0.0529585462872294,0.23558150123264804,0.13962786822441825,-0.02959,0.12643000000000001,0.08070000000000001,-0.0001310723661953699,0.0,7.268992674159939e-06,-0.0011395728496489733,0.0,-0.0006234800173202005
1203,12.030380199896172,circle,1.382063339376593,0.22218531769913114,3.672200022265315,10.04959992133081,124371.0,124371.0,0.0,0.0,8.77,5e-05,1e-08,100.0,0.01,-0.06646230383930984,0.0,0.2548617582153849,-0.06523172837735328,0.0,0.2554908711674684,-0.004072099089479676,0.0,0.014548787841045227,0.7382039204300015,0.0,2.2748222107565232,-0.6029012893422998,0.0,-2.4053843445590095,0.11583885563756646,0.0,0.7015713746159575,0.3976455080565009,-2.203011971465257,-1.6091353644380242,-0.05292402136844293,0.23566691021619884,0.1397038837992976,-0.02959,0.12912,0.07801000000000001,-8.353397972619557e-05,0.0,-0.00015118623784960566,-0.0011470414822303723,0.0,-0.0004779267142338492
1204,12.040056600002572,circle,1.3246491322202791,0.1608870394484257,4.151100059971213,9.676400106400251,124371.0,124371.0,0.0,0.0,8.77,5e-05,1e-08,100.0,0.01,-0.0665142570331585,0.0,0.2550479264919786,-0.06527032291979794,0.0,0.2555032541159043,-0.0032398213970698505,0.0,0.011644013794210307,0.7289108795694784,0.0,2.3016534460812803,-0.6055603388968986,0.0,-2.4043975277378067,0.1049758797378303,0.0,0.7122158391598196,0.3976455080565009,-2.203011971465257,-1.6076013836501388,-0.0543363363606202,0.23637648629388303,0.1414767348326164,-0.0269,0.12912,0.07532,-0.00013779969564677833,0.0,5.1139722983238015e-05,-0.0011061344177137808,0.0,-0.0005064673469089323
1205,12.050051899859682,circle,1.2918373841918882,0.15490150198005548,4.0080000180751085,9.995299857109785,124371.0,124371.0,0.0,0.0,8.77,5e-05,1e-08,100.0,0.01,-0.0665142570331585,0.0,0.2550479264919786,-0.06531020255478258,0.0,0.25551600409270164,-0.0032398213970698505,0.0,0.011644013794210307,0.7271536362971365,0.0,2.3020101161551487,-0.6072298272826634,0.0,-2.406624158292883,0.10389741204911636,0.0,0.712587581514821,0.3976455080565009,-2.203011971465257,-1.6076013836501388,-0.05433296274076173,0.23641240127678365,0.14151641823857256,-0.02959,0.1345,0.07801000000000001,-8.651775257303334e-05,0.0,-0.00011539048314337312,-0.001117536725802885,0.0,-0.00035268711757966494
1206,12.060502300038934,circle,1.2580764122089925,0.1386412558825526,3.550899913534522,10.450400179252028,124371.0,124371.0,0.0,0.0,8.77,5e-05,1e-08,100.0,0.01,-0.0665142570331585,0.0,0.2550479264919786,-0.0653519122133685,0.0,0.25552928995015134,-0.002429866047802388,0.0,0.008733010345657731,0.7121773712209618,0.0,2.3488614296133568,-0.6088336328699747,0.0,-2.4087121885685825,0.08857886099676048,0.0,0.7312557492621307,0.3976455080565009,-2.203011971465257,-1.6076013836501388,-0.055800872686669695,0.23778737181057885,0.14438131361995446,-0.0269,0.12912,0.07801000000000001,-8.311387857585237e-05,0.0,-0.00010820781282356527,-0.0010792309412141431,0.0,-0.00037315564534916914
1207,12.070125399855897,circle,1.2275196106758637,0.11695311124759146,3.974099876359105,9.623099816963077,124371.0,124371.0,0.0,0.0,8.77,5e-05,1e-08,100.0,0.01,-0.0665142570331585,0.0,0.2550479264919786,-0.06539033278672078,0.0,0.25554148366482005,-0.002429866047802388,0.0,0.008733010345657731,0.7095264947873242,0.0,2.352234253722716,-0.610526068034688,0.0,-2.41043941720881,0.08655547584392143,0.0,0.7328194510521349,0.3976455080565009,-2.203011971465257,-1.6076013836501388,-0.05607376857355331,0.23784656604335655,0.1446394695928857,-0.0269,0.1345,0.07801000000000001,-8.770692151865056e-05,0.0,-8.95100207982493e-05,-0.0010362173249190653,0.0,-0.0004040471520431919
1208,12.080226199934259,circle,1.1795071501383931,0.2393435074052896,3.8765999488532543,10.100800078362226,124371.0,124371.0,0.0,0.0,8.77,5e-05,1e-08,100.0,0.01,-0.06656592458743413,0.0,0.25523417424470635,-0.06543067379200215,0.0,0.2555542410325783,-0.0024164669250650705,0.0,0.008736727435574198,0.7122487228564858,0.0,2.334717605516764,-0.6132026862840859,0.0,-2.4082478675020376,0.08889705502577686,0.0,0.7261283182699945,0.3976455080565009,-2.203011971465257,-1.606067402862253,-0.05628198921713462,0.23721402825055193,0.14376611033568304,-0.02959,0.13719,0.07801000000000001,-0.0001387101566015336,0.0,0.000113572491368481,-0.000996540638830441,0.0,-0.0004336392792404231
1209,12.090211699949577,circle,1.1447506876309517,0.08563025736422591,3.8741999305784702,9.985500015318394,124371.0,124371.0,0.0,0.0,8.77,5e-05,1e-08,100.0,0.01,-0.06656592458743413,0.0,0.25523417424470635,-0.06547056754894257,0.0,0.2555668108257652,-0.0016109779500433803,0.0,0.005824484957049465,0.6985473086197002,0.0,2.377092658410182,-0.6148637445931616,0.0,-2.409481722502458,0.07492670886499293,0.0,0.743049955463081,0.3976455080565009,-2.203011971465257,-1.606067402862253,-0.05748361738086341,0.23849886105050555,0.14634034163922738,-0.0269,0.1345,0.08339,-8.608088143611799e-05,0.0,-6.394196123050722e-05,-0.0010092761570554443,0.0,-0.00026869461982835773
1210,12.100234699901193,circle,1.1180293248629698,0.23874893721675433,3.8572000339627266,10.02299995161593,124371.0,124371.0,0.0,0.0,8.77,5e-05,1e-08,100.0,0.01,-0.06661730638055796,0.0,0.2554205010353091,-0.06551062432056791,0.0,0.2555793858657673,-0.0016020414096196813,0.0,0.005826949313588618,0.7013044668567552,0.0,2.3590731172346207,-0.6174288947760281,0.0,-2.4071671056010726,0.07735874139098893,0.0,0.7361897545199306,0.3976455080565009,-2.203011971465257,-1.6045334220743677,-0.05764293132059693,0.23786547464269106,0.14543101802919445,-0.03497,0.1345,0.08608,-0.00013293355660707609,0.0,0.00011995019197672614,-0.0009737485033829762,0.0,-0.0002788350224348986
1211,12.110206099925563,circle,1.0804922745272891,0.07428939969649749,3.869999898597598,9.971400024369359,124371.0,124371.0,0.0,0.0,8.77,5e-05,1e-08,100.0,0.01,-0.06661730638055796,0.0,0.2554205010353091,-0.06555048794911157,0.0,0.25559185444099286,-0.0016020414096196813,0.0,0.005826949313588618,0.6994555925926972,0.0,2.3580707420991796,-0.618966886762834,0.0,-2.4083285919907245,0.07641888193963,0.0,0.7360956214557801,0.3976455080565009,-2.203011971465257,-1.6045334220743677,-0.05774191293553699,0.23780608407329484,0.14542995532253342,-0.03497,0.13181,0.08070000000000001,-7.970322603521223e-05,0.0,-6.019160895857143e-05,-0.0009871152054111774,0.0,-0.00011116179672517814
1212,12.120226699858904,circle,1.043073847010122,0.07110726160783494,3.8580000400543213,10.020599933341146,124371.0,124371.0,0.0,0.0,8.77,5e-05,1e-08,100.0,0.01,-0.06661730638055796,0.0,0.2554205010353091,-0.06559056136315056,0.0,0.25560434259629455,-0.0016020414096196813,0.0,0.005826949313588618,0.696556303972106,0.0,2.360546663853271,-0.6204168937224189,0.0,-2.409533931319522,0.07437372916595728,0.0,0.7373812707797729,0.3976455080565009,-2.203011971465257,-1.6045334220743677,-0.058041526004850644,0.2378209926385842,0.14565446455777115,-0.02959,0.12643000000000001,0.07532,-7.514358556084564e-05,0.0,-6.246419604033677e-05,-0.0009516014318465588,0.0,-0.00012137736494510591
1213,12.130414400016889,circle,1.005378729343665,0.060299218842470345,4.382200073450804,10.187700157985091,124371.0,124371.0,0.0,0.0,8.77,5e-05,1e-08,100.0,0.01,-0.06661730638055796,0.0,0.2554205010353091,-0.06563131643949041,0.0,0.2556169958839192,-0.0016020414096196813,0.0,0.005826949313588618,0.6934936255482811,0.0,2.363083581680353,-0.6218403518813166,0.0,-2.4105282792525875,0.07222439237143483,0.0,0.7387115707094238,0.3976455080565009,-2.203011971465257,-1.6045334220743677,-0.058358040549383705,0.23783352773366911,0.14588787848979898,-0.03497,0.13181,0.07801000000000001,-7.37677493534406e-05,0.0,-5.153000714349881e-05,-0.0009122221917141093,0.0,-0.0001449648414665638
1214,12.140239599859342,circle,0.9693946444555104,0.05400627650702302,4.792999941855669,9.825199842453003,124371.0,124371.0,0.0,0.0,8.77,5e-05,1e-08,100.0,0.01,-0.06661730638055796,0.0,0.2554205010353091,-0.06567063412823132,0.0,0.25562915774709627,-0.0008010207048098406,0.0,0.002913474656794309,0.6786694415580495,0.0,2.4086191129500887,-0.6232654834559427,0.0,-2.4113463952714715,0.05712726986476949,0.0,0.7569260421874198,0.3976455080565009,-2.203011971465257,-1.6045334220743677,-0.05981666075562524,0.23915921033686627,0.1486866214543621,-0.03228,0.13719,0.08070000000000001,-7.385447063235529e-05,0.0,-4.239715586007239e-05,-0.000872817781694286,0.0,-0.0001662595559270861
1215,12.150392399867997,circle,0.9577579570843828,0.27754789080713754,3.7237999495118856,10.152800008654594,124371.0,124371.0,0.0,0.0,8.77,5e-05,1e-08,100.0,0.01,-0.06666840229162366,0.0,0.255606906425342,-0.06571127590447168,0.0,0.2556416826151254,-0.0007965505499471409,0.0,0.0029146999787020953,0.6811610648553235,0.0,2.390187122973798,-0.625612252023857,0.0,-2.408453287629332,0.059459867121019194,0.0,0.7499780764649134,0.3976455080565009,-2.203011971465257,-1.6029994412864819,-0.059958851991040285,0.23851958225250697,0.14775652600712724,-0.02959,0.13719,0.08339,-0.00012161638501724287,0.0,0.00014992926772301016,-0.0008355100021347369,0.0,-0.00018470545750638
1216,12.16004789993167,circle,0.9196467927743243,0.04453612377891432,4.117000149562955,9.655500063672662,124371.0,124371.0,0.0,0.0,8.77,5e-05,1e-08,100.0,0.01,-0.06666840229162366,0.0,0.255606906425342,-0.06574993931665465,0.0,0.255653553901921,-0.0007965505499471409,0.0,0.0029146999787020953,0.6792270510486603,0.0,2.3885422767234785,-0.6269411042778967,0.0,-2.40913222641588,0.05856241573361878,0.0,0.7496694799426861,0.3976455080565009,-2.203011971465257,-1.6029994412864819,-0.06011284250376235,0.238413076406084,0.14773829655590057,-0.03228,0.1345,0.08070000000000001,-6.886499570853241e-05,0.0,-3.518458615683624e-05,-0.0008495979792604708,0.0,-1.1462890422173013e-05
1217,12.170056999893859,circle,0.8803443986829596,0.04234234822935695,3.991300007328391,10.009099962189794,124371.0,124371.0,0.0,0.0,8.77,5e-05,1e-08,100.0,0.01,-0.06666840229162366,0.0,0.255606906425342,-0.06579003129436281,0.0,0.255665818660603,-0.0007965505499471409,0.0,0.0029146999787020953,0.6761169258832682,0.0,2.390510993159874,-0.6281262686489495,0.0,-2.409976325240103,0.05646501917604508,0.0,0.7508076181858849,0.3976455080565009,-2.203011971465257,-1.6029994412864819,-0.060434620937059785,0.2384009236514474,0.14794629666093218,-0.0269,0.12643000000000001,0.07801000000000001,-6.141867094579658e-05,0.0,-4.3743660539381036e-05,-0.0008169523263150501,0.0,-1.5168574721618387e-05
1218,12.180201399838552,circle,0.8407527175843829,0.036352115033261474,3.948899917304516,10.14439994469285,124371.0,124371.0,0.0,0.0,8.77,5e-05,1e-08,100.0,0.01,-0.06666840229162366,0.0,0.255606906425342,-0.06583067831775798,0.0,0.2556782063253154,-0.0007965505499471409,0.0,0.0029146999787020953,0.6728017298494242,0.0,2.392657555247667,-0.6292561637538863,0.0,-2.4107118133797103,0.054222503832376985,0.0,0.7520378225914915,0.3976455080565009,-2.203011971465257,-1.6029994412864819,-0.06077761546866267,0.23838993265449465,0.1481703070453321,-0.02959,0.13181,0.08070000000000001,-5.855445653646786e-05,0.0,-3.811513840139467e-05,-0.0007791695173292132,0.0,-3.318476157200358e-05
1219,12.190223000012338,circle,0.854594329812083,0.26735560742000897,3.9419999811798334,10.021600173786283,124371.0,124371.0,0.0,0.0,8.77,5e-05,1e-08,100.0,0.01,-0.06671921220039764,0.0,0.2557933899761752,-0.06587084620100968,0.0,0.2556904016291187,-0.0007920785207504153,0.0,0.002915918442251287,0.6750193805229099,0.0,2.3740985796056115,-0.6313402920432212,0.0,-2.40770778447762,0.056437943106645815,0.0,0.7450881551944891,0.3976455080565009,-2.203011971465257,-1.601465460498596,-0.06094382934204989,0.23773891628620497,0.14724273312043085,-0.03497,0.13181,0.08339,-0.00010800560052086979,0.0,0.0001556775306072214,-0.0007403603988670952,0.0,-5.268918355075619e-05
1220,12.200241300044581,circle,0.8132875840538311,0.027925769471753636,3.8701000157743692,10.018300032243133,124371.0,124371.0,0.0,0.0,8.77,5e-05,1e-08,100.0,0.01,-0.06671921220039764,0.0,0.2557933899761752,-0.06591101362691293,0.0,0.2557025507765233,-0.0007920785207504153,0.0,0.002915918442251287,0.6726564888450229,0.0,2.372371104596107,-0.6323802817873371,0.0,-2.408268774500456,0.055303163991516004,0.0,0.7448123391106185,0.3976455080565009,-2.203011971465257,-1.601465460498596,-0.06114200385948412,0.23761633855315087,0.14723612379016268,-0.03497,0.12912,0.08608,-5.389529877963123e-05,0.0,-2.907213755153819e-05,-0.0007543032747050829,0.0,0.00011991133720339801
1221,12.210031099850312,circle,0.7729833673348402,0.027545487161508675,4.012499935925007,9.789799805730581,124371.0,124371.0,0.0,0.0,8.77,5e-05,1e-08,100.0,0.01,-0.06671921220039764,0.0,0.2557933899761752,-0.06595027719483901,0.0,0.2557143821069288,-0.0007920785207504153,0.0,0.002915918442251287,0.6693494980177356,0.0,2.3741753788062625,-0.6333263174890931,0.0,-2.4089632461046833,0.05311364089805883,0.0,0.7459225664997826,0.3976455080565009,-2.203011971465257,-1.601465460498596,-0.06148439654451113,0.2375915863648529,0.14744343971676543,-0.03228,0.1345,0.07801000000000001,-4.902632654870992e-05,0.0,-3.598954202729461e-05,-0.0007199086790099253,0.0,0.000114997411273656
1222,12.220045399852097,circle,0.7318270683964341,0.022341654142419537,4.231400089338422,10.014300001785159,124371.0,124371.0,0.0,0.0,8.77,5e-05,1e-08,100.0,0.01,-0.06671921220039764,0.0,0.2557933899761752,-0.06599045368498267,0.0,0.25572644309986353,-0.0007920785207504153,0.0,0.002915918442251287,0.6658475555564908,0.0,2.3761370314509134,-0.6342154796225324,0.0,-2.409534624619836,0.0507877681265695,0.0,0.7471163258975151,0.3976455080565009,-2.203011971465257,-1.601465460498596,-0.06184697819615477,0.23756745784022493,0.14766541619784795,-0.03497,0.13181,0.07801000000000001,-4.607897252485499e-05,0.0,-2.961049949258165e-05,-0.0006826795428901156,0.0,9.655737580422818e-05
1223,12.230055300053209,circle,0.6907747857381096,0.018312942643160943,4.025799920782447,10.009900201112032,124371.0,124371.0,0.0,0.0,8.77,5e-05,1e-08,100.0,0.01,-0.06671921220039764,0.0,0.2557933899761752,-0.06603062514140891,0.0,0.2557384566820379,-0.0007920785207504153,0.0,0.002915918442251287,0.6622893664373855,0.0,2.3779703724809202,-0.6350656305882477,0.0,-2.4099738175929715,0.048447292452003014,0.0,0.7482726235538311,0.3976455080565009,-2.203011971465257,-1.601465460498596,-0.06221537525991794,0.23753641568637934,0.1478833198940619,-0.03228,0.12912,0.08070000000000001,-4.405730014574768e-05,0.0,-2.2760259553487283e-05,-0.0006445297588429873,0.0,7.769355369079214e-05
1224,12.240321199875325,circle,0.7345771690779745,0.2791482583421425,3.830599831417203,10.265899822115898,124371.0,124371.0,0.0,0.0,8.77,5e-05,1e-08,100.0,0.01,-0.06676973598731922,0.0,0.25597995124899475,-0.06607183702542355,0.0,0.2557507337620625,-0.0007876046278692889,0.0,0.0029171300441138757,0.6640804833045817,0.0,2.3591140264026844,-0.6368335703170281,0.0,-2.406682647279465,0.05048146389761684,0.0,0.741286023088104,0.3976455080565009,-2.203011971465257,-1.5999314797107107,-0.062421501801404516,0.23686256503975112,0.14695556869399234,-0.03766,0.13181,0.08608,-9.161978802781372e-05,0.0,0.00017055803519665404,-0.0006062791738678629,0.0,5.865945173562202e-05
1225,12.250225899973884,circle,0.6931067775664052,0.012870360136038378,3.813000163063407,9.90470009855926,124371.0,124371.0,0.0,0.0,8.77,5e-05,1e-08,100.0,0.01,-0.06676973598731922,0.0,0.25597995124899475,-0.06611161138117291,0.0,0.2557625368798899,-0.0007876046278692889,0.0,0.0029171300441138757,0.6614452715075523,0.0,2.3570618741014,-0.637588823615649,0.0,-2.4069530367425074,0.04923576015378863,0.0,0.7409353021257888,0.3976455080565009,-2.203011971465257,-1.5999314797107107,-0.06264759216282269,0.23671872064119565,0.14694324348696258,-0.03497,0.12643000000000001,0.07801000000000001,-3.9139426531624574e-05,0.0,-1.4012369814204339e-05,-0.0006189851796146852,0.0,0.00023142673891903348
1226,12.260156800039113,circle,0.651530459682532,0.011633895427295562,3.8892999291419983,9.930900065228343,124371.0,124371.0,0.0,0.0,8.77,5e-05,1e-08,100.0,0.01,-0.06676973598731922,0.0,0.25597995124899475,-0.06615150321776661,0.0,0.25577432979450754,-0.0007876046278692889,0.0,0.0029171300441138757,0.6577843429673422,0.0,2.3585703351112346,-0.6382303454798981,0.0,-2.407365522462327,0.04688146480217002,0.0,0.741993712412498,0.3976455080565009,-2.203011971465257,-1.5999314797107107,-0.06302679329991087,0.23667135881603046,0.14714931540411835,-0.040350000000000004,0.12643000000000001,0.08339,-3.3245532220863624e-05,0.0,-2.1376211869189056e-05,-0.0005849872373317488,0.0,0.00022699766635640386
1227,12.27022479986772,circle,0.5273023619152086,0.3087805255651526,3.8125000428408384,10.067999828606844,124371.0,124371.0,0.0,0.0,8.77,5e-05,1e-08,100.0,0.01,-0.06671921220039764,0.0,0.2557933899761752,-0.06619195827306547,0.0,0.2557862431591105,-0.0007920785207504153,0.0,0.002915918442251287,0.6484439793669063,0.0,2.380818226005826,-0.637839596197511,0.0,-2.4112752975551643,0.039950554921270524,0.0,0.7512530553698298,0.3976455080565009,-2.203011971465257,-1.601465460498596,-0.0636023049511586,0.23725888225852415,0.14851577335684374,-0.03497,0.12643000000000001,0.08070000000000001,2.0249766347536064e-05,0.0,-0.00020261593730306772,-0.0005475036936797108,0.0,0.0002097627543677193
1228,12.280143199954182,circle,0.5678712001181989,0.29538605525825196,3.9152998942881823,9.918400086462498,124371.0,124371.0,0.0,0.0,8.77,5e-05,1e-08,100.0,0.01,-0.06676973598731922,0.0,0.25597995124899475,-0.06623182446952258,0.0,0.25579793779085114,-0.0007876046278692889,0.0,0.0029171300441138757,0.6491433556237597,0.0,2.36537070423583,-0.639394976514787,0.0,-2.407761027384625,0.040860990990686075,0.0,0.7456406414193889,0.3976455080565009,-2.203011971465257,-1.5999314797107107,-0.06396871971297999,0.23667347948632772,0.14780124926836516,-0.03228,0.12912,0.08608,-8.060433998492136e-05,0.0,0.00018211971983874363,-0.00045730717781171956,0.0,-1.0626169512860904e-07
1229,12.290045900037512,circle,0.5264302795546721,0.007441244127589545,3.9931999053806067,9.902700083330274,124371.0,124371.0,0.0,0.0,8.77,5e-05,1e-08,100.0,0.01,-0.06676973598731922,0.0,0.25597995124899475,-0.06627163965750336,0.0,0.2558095725958249,-0.0007876046278692889,0.0,0.0029171300441138757,0.6462913477412825,0.0,2.363076830657083,-0.6399756292386186,0.0,-2.407574199601128,0.03952320943367542,0.0,0.7452352326285789,0.3976455080565009,-2.203011971465257,-1.5999314797107107,-0.06421720926445366,0.23651332563728464,0.14778529572078944,-0.03228,0.13719,0.08608,-3.009111600875354e-05,0.0,9.681960104790095e-06,-0.00046800521380710507,0.0,0.000160696693065088
1230,12.30005449987948,circle,0.48455521567758775,0.0038389342780023625,5.182799883186817,10.008599841967225,124371.0,124371.0,0.0,0.0,8.77,5e-05,1e-08,100.0,0.01,-0.06676973598731922,0.0,0.25597995124899475,-0.06631189286795675,0.0,0.25582128986398633,0.0,0.0,0.0,0.6307211293690896,0.0,2.407434995989725,-0.640412013811763,0.0,-2.4076131254051867,0.02408159157338484,0.0,0.7631894742802595,0.3976455080565009,-2.203011971465257,-1.5999314797107107,-0.06576712355854067,0.2377655466654277,0.15055817404744395,-0.03228,0.12643000000000001,0.08070000000000001,-2.2614720083068054e-05,0.0,-2.017248585244394e-06,-0.0004352283992794096,0.0,0.00016067863359366281
1231,12.310224500019103,circle,0.44201686433717924,0.0024396248438310337,3.854400012642145,10.17000013962388,124371.0,124371.0,0.0,0.0,8.77,5e-05,1e-08,100.0,0.01,-0.06676973598731922,0.0,0.25597995124899475,-0.06635280776479888,0.0,0.255833152864724,0.0,0.0,0.0,0.6266283709257212,0.0,2.408718376075524,-0.6407568507720391,0.0,-2.4076685213709164,0.0215072179044745,0.0,0.7642298548622166,0.3976455080565009,-2.203011971465257,-1.5999314797107107,-0.0661909858677634,0.23769615769110347,0.15076928080861363,-0.03228,0.12643000000000001,0.08339,-1.7870456040061254e-05,0.0,-2.8707803524726406e-06,-0.0003990577664802851,0.0,0.00014966916462320253
1232,12.320211699930951,circle,0.40025864878814416,0.001671572021070583,5.989200202748179,9.98719991184771,124371.0,124371.0,0.0,0.0,8.77,5e-05,1e-08,100.0,0.01,-0.06676973598731922,0.0,0.25597995124899475,-0.06639299951178297,0.0,0.255844760221444,0.0,0.0,0.0,0.622524249983364,0.0,2.4099909194718,-0.6410417363173253,0.0,-2.4077177029440975,0.018927751218695946,0.0,0.7652680208844379,0.3976455080565009,-2.203011971465257,-1.5999314797107107,-0.06661602329297772,0.23762598853447076,0.15098028545172876,-0.03766,0.13988,0.08339,-1.4763599033608681e-05,0.0,-2.5487324236052214e-06,-0.0003619728765026431,0.0,0.00013773975997437917
1233,12.33077419991605,circle,0.3561178508049072,0.0006253501242430889,6.339099956676364,10.562499985098839,124371.0,124371.0,0.0,0.0,8.77,5e-05,1e-08,100.0,0.01,-0.06676973598731922,0.0,0.25597995124899475,-0.06643551963760769,0.0,0.25585699046155663,0.0,0.0,0.0,0.6181025246679952,0.0,2.4113222955181954,-0.6412075993351053,0.0,-2.4077789970347188,0.01615433397921401,0.0,0.7663724733658241,0.3976455080565009,-2.203011971465257,-1.5999314797107107,-0.06707394674664201,0.23754877185834256,0.15120572340106986,-0.03497,0.13988,0.08608,-8.595504859849152e-06,0.0,-3.1764383698456027e-06,-0.00032562084485168665,0.0,0.0001261372258079656
1234,12.340213799849153,circle,0.3166974544739603,0.0006644263368882045,4.938600119203329,9.439599933102727,124371.0,124371.0,0.0,0.0,8.77,5e-05,1e-08,100.0,0.01,-0.06676973598731922,0.0,0.25597995124899475,-0.06647353087278773,0.0,0.2558678807006974,0.0,0.0,0.0,0.6140609263845381,0.0,2.4125250716420084,-0.6413858694459555,0.0,-2.407816958652464,0.013621359380797561,0.0,0.7673769659498427,0.3976455080565009,-2.203011971465257,-1.5999314797107107,-0.06749250185663405,0.2374776162245441,0.15141110491872978,-0.03497,0.13181,0.08339,-9.238476573556018e-06,0.0,-1.9672816411086993e-06,-0.0002869666379579332,0.0,0.00011403782993848032
1235,12.350299800047651,circle,0.27461995224807617,0.00011989840837509072,4.160499898716807,10.086000198498368,124371.0,124371.0,0.0,0.0,8.77,5e-05,1e-08,100.0,0.01,-0.06676973598731922,0.0,0.25597995124899475,-0.06651415689724179,0.0,0.2558794751479163,0.0,0.0,0.0,0.6097423885649935,0.0,2.413778080356633,-0.6414391718757735,0.0,-2.4078731171014653,0.010919423591997109,0.0,0.7684388779614357,0.3976455080565009,-2.203011971465257,-1.5999314797107107,-0.06793973153992648,0.23740027198706048,0.15162902039075854,-0.03766,0.12912,0.08339,-2.7622872215554706e-06,0.0,-2.91029445728753e-06,-0.00025281680285588193,0.0,0.00010338639553572694
1236,12.36023460002616,circle,0.23323853760393587,7.701107249674037e-05,3.999499836936593,9.934799978509545,124371.0,124371.0,0.0,0.0,8.77,5e-05,1e-08,100.0,0.01,-0.06676973598731922,0.0,0.25597995124899475,-0.06655418584313505,0.0,0.2558908538261038,0.0,0.0,0.0,0.6053650367899309,0.0,2.4150264288132774,-0.6414237585529493,0.0,-2.40793322519663,0.008183790089107655,0.0,0.7695075528720956,0.3976455080565009,-2.203011971465257,-1.5999314797107107,-0.06839304943666644,0.23732098798128748,0.15184886526820587,-0.03766,0.1345,0.08339,7.9876329886502e-07,0.0,-3.1149766296412104e-06,-0.00021634890748303842,0.0,9.221239952056814e-05
1237,12.370224899845198,circle,0.1917339719262392,0.0002861160931075645,4.162000026553869,9.990299819037318,124371.0,124371.0,0.0,0.0,8.77,5e-05,1e-08,100.0,0.01,-0.06676973598731922,0.0,0.25597995124899475,-0.0665944503225173,0.0,0.2559022540694735,0.0,0.0,0.0,0.6008929711530319,0.0,2.4162807376500988,-0.6413263906167779,0.0,-2.408002689501572,0.005391971892894633,0.0,0.7705918894788745,0.3976455080565009,-2.203011971465257,-1.5999314797107107,-0.06885617283154347,0.2372391296829268,0.1520724605809618,-0.03497,0.1345,0.08339,5.0458901553669146e-06,0.0,-3.5998426816754062e-06,-0.000180331554957286,0.0,8.129702220294982e-05
1238,12.38023589993827,circle,0.15034204641662025,0.0007581690667731217,4.06829989515245,10.011000093072653,124371.0,124371.0,0.0,0.0,8.77,5e-05,1e-08,100.0,0.01,-0.06676973598731922,0.0,0.25597995124899475,-0.06663481017308857,0.0,0.25591363567333614,0.0,0.0,0.0,0.5963284654897103,0.0,2.417542199578074,-0.6411487797927027,0.0,-2.408082456966807,0.002545125840606919,0.0,0.7716919857543669,0.3976455080565009,-2.203011971465257,-1.5999314797107107,-0.06932886671195593,0.2371548133587049,0.15229978025270907,-0.03497,0.12643000000000001,0.08608,9.204310411892928e-06,0.0,-4.133782468576284e-06,-0.00014413012464254213,0.0,7.044935812719163e-05
1239,12.390241399873048,circle,0.10939717051980967,0.0014743370064541441,3.9792999159544706,10.005499934777617,124371.0,124371.0,0.0,0.0,8.77,5e-05,1e-08,100.0,0.01,-0.06676973598731922,0.0,0.25597995124899475,-0.06667515974940767,0.0,0.25592496874141063,0.0,0.0,0.0,0.5916849248843646,0.0,2.4188086299098663,-0.6408928965019103,0.0,-2.4081732346723075,-0.0003486047703165968,0.0,0.7728051497964302,0.3976455080565009,-2.203011971465257,-1.5999314797107107,-0.06980974312364105,0.23706834863620463,0.1525302293778093,-0.03766,0.12912,0.08339,1.3260617701275903e-05,0.0,-4.704365199919501e-06,-0.00010783685561282647,0.0,5.96868727840421e-05
1240,12.40022880001925,circle,0.06969876146155221,0.002434325910262158,3.938499838113785,9.987400146201253,124371.0,124371.0,0.0,0.0,8.77,5e-05,1e-08,100.0,0.01,-0.06676973598731922,0.0,0.25597995124899475,-0.0667154481542145,0.0,0.25593623913939034,0.0,0.0,0.0,0.5869699529703187,0.0,2.420079256613741,-0.6405594749117729,0.0,-2.408275930040963,-0.0032846676643390397,0.0,0.7739300203110936,0.3976455080565009,-2.203011971465257,-1.5999314797107107,-0.07029801486448989,0.23697993020097569,0.15276349285179214,-0.03766,0.13988,0.08339,1.7278878298277063e-05,0.0,-5.321973229353239e-06,-7.156671140300124e-05,0.0,4.903408283376343e-05
1241,12.410216599935666,circle,0.03536638578061815,0.003677861856816889,3.9140000008046627,9.987799916416407,124371.0,124371.0,0.0,0.0,8.77,5e-05,1e-08,100.0,0.01,-0.06676973598731922,0.0,0.25597995124899475,-0.06675574993779478,0.0,0.2559474678430483,0.0,0.0,0.0,0.5821760328018343,0.0,2.421357183580375,-0.6401466646019255,0.0,-2.408392036633905,-0.006267897885164592,0.0,0.7750687728793281,0.3976455080565009,-2.203011971465257,-1.5999314797107107,-0.0707944605537151,0.23688946107309772,0.1529999941194668,-0.040350000000000004,0.12643000000000001,0.08608,2.1393033070194657e-05,0.0,-6.016981948419174e-06,-3.5379082594642254e-05,0.0,3.8500387894889874e-05
1242,12.420224200002849,circle,0.03391111986754109,0.005226023371961065,4.04169992543757,10.007600067183375,124371.0,124371.0,0.0,0.0,8.77,5e-05,1e-08,100.0,0.01,-0.06676973598731922,0.0,0.25597995124899475,-0.06679614337411836,0.0,0.25595867652283644,0.0,0.0,0.0,0.5772926510157492,0.0,2.4226461716980885,-0.6396525339836606,0.0,-2.4085229415638776,-0.009304974998487429,0.0,0.7762242446502454,0.3976455080565009,-2.203011971465257,-1.5999314797107107,-0.07130016911057223,0.23679678193824305,0.15324029768144465,-0.03766,0.13181,0.08070000000000001,2.5607288397049217e-05,0.0,-6.783874891585535e-06,8.000984020912366e-07,0.0,2.805860104990125e-05
1243,12.430324099957943,circle,0.06792621593543836,0.007198480339617015,3.886700142174959,10.09989995509386,124371.0,124371.0,0.0,0.0,8.77,5e-05,1e-08,100.0,0.01,-0.06676973598731922,0.0,0.25597995124899475,-0.06683692124526808,0.0,0.2559699456542771,0.0,0.0,0.0,0.5722854737698855,0.0,2.423956024661546,-0.63907115823311,0.0,-2.4086710167260508,-0.012417357899718767,0.0,0.7774048222063373,0.3976455080565009,-2.203011971465257,-1.5999314797107107,-0.07181869616889702,0.23670127142750932,0.15348612849418358,-0.03766,0.12912,0.08070000000000001,3.0128585360032507e-05,0.0,-7.67368635346265e-06,3.70566725888216e-05,0.0,1.7679281071106268e-05
1244,12.440213199937716,circle,0.10712810326134106,0.008825897160779339,3.8715999107807875,9.889099979773164,124371.0,124371.0,0.0,0.0,8.77,5e-05,1e-08,100.0,0.01,-0.06676973598731922,0.0,0.25597995124899475,-0.06687685954798338,0.0,0.25598093778789704,0.0,0.0,0.0,0.5672840373148913,0.0,2.4252538165935738,-0.6384262544407028,0.0,-2.4088303715395263,-0.015524667394125587,0.0,0.7785803047386728,0.3976455080565009,-2.203011971465257,-1.5999314797107107,-0.07233662773817223,0.23660543954183222,0.15373117290001548,-0.040350000000000004,0.13181,0.08608,3.342079359200761e-05,0.0,-8.25823074969515e-06,7.370276707214702e-05,0.0,7.2716918474028725e-06
1245,12.450206900015473,circle,0.14798749045659454,0.011383892844057662,3.8530000019818544,9.99370007775724,124371.0,124371.0,0.0,0.0,8.77,5e-05,1e-08,100.0,0.01,-0.06676973598731922,0.0,0.25597995124899475,-0.06691723183320626,0.0,0.25599200416472945,0.0,0.0,0.0,0.5621711157752578,0.0,2.4265703975651713,-0.6376931069728607,0.0,-2.409008386798984,-0.018699793441246493,0.0,0.7797783959434533,0.3976455080565009,-2.203011971465257,-1.5999314797107107,-0.07286610302125962,0.23650705781563472,0.1539811948274203,-0.03766,0.13719,0.08608,3.7993837970454216e-05,0.0,-9.225269431816465e-06,0.00010950200791658424,0.0,-2.827646302878449e-06
1246,12.460329500027001,circle,0.18982602898338635,0.014381680092856047,3.890399821102619,10.122600011527538,124371.0,124371.0,0.0,0.0,8.77,5e-05,1e-08,100.0,0.01,-0.06676973598731922,0.0,0.25597995124899475,-0.06695813662865004,0.0,0.256003170198707,0.0,0.0,0.0,0.5569110896067068,0.0,2.4279157975240526,-0.6368685585579729,0.0,-2.409206386587238,-0.021964979764184468,0.0,0.7810077470601884,0.3976455080565009,-2.203011971465257,-1.5999314797107107,-0.07341081100793809,0.23640547582430066,0.15423797720304339,-0.040350000000000004,0.12912,0.08608,4.273050136319322e-05,0.0,-1.0260925943391866e-05,0.0001456701399676199,0.0,-1.2958023768852941e-05
1247,12.470231599872932,circle,0.2309570529607937,0.01665884800511403,5.4894001223146915,9.902099845930934,124371.0,124371.0,0.0,0.0,8.77,5e-05,1e-08,100.0,0.01,-0.06676973598731922,0.0,0.25597995124899475,-0.06699816182721915,0.0,0.256014051043398,0.0,0.0,0.0,0.5516570736946868,0.0,2.4292511100183884,-0.6359805759509248,0.0,-2.4094171691525412,-0.025225217843622187,0.0,0.7822326644208678,0.3976455080565009,-2.203011971465257,-1.5999314797107107,-0.07395489600976868,0.23630366097117916,0.15449405772194413,-0.03766,0.12912,0.08608,4.60178460304469e-05,0.0,-1.092336669551624e-05,0.0001824079938694848,0.0,-2.31764277077588e-05
1248,12.48033729987219,circle,0.27304635488982715,0.020465239257913298,3.746100002899766,10.105699999257922,124371.0,124371.0,0.0,0.0,8.77,5e-05,1e-08,100.0,0.01,-0.06676973598731922,0.0,0.25597995124899475,-0.06703902160705873,0.0,0.2560251128136281,0.0,0.0,0.0,0.5462473378158899,0.0,2.4306178526504705,-0.6349961866659659,0.0,-2.4096500633314157,-0.02858092090440726,0.0,0.7834909991101968,0.3976455080565009,-2.203011971465257,-1.5999314797107107,-0.07451510569232603,0.23619849614577787,0.15475733863375313,-0.04304,0.12643000000000001,0.08877,5.1013920981911754e-05,0.0,-1.2069254937849947e-05,0.00021827169875759207,0.0,-3.309230969550591e-05
1249,12.490199699997902,circle,0.3141885306310437,0.0231310406468198,3.861800068989396,9.862400125712156,124371.0,124371.0,0.0,0.0,8.77,5e-05,1e-08,100.0,0.01,-0.06676973598731922,0.0,0.25597995124899475,-0.06707890893212362,0.0,0.2560358665687298,0.0,0.0,0.0,0.5408488782288505,0.0,2.431974263077175,-0.6339493030923289,0.0,-2.4098962072234587,-0.031928564826377695,0.0,0.7847440601939691,0.3976455080565009,-2.203011971465257,-1.5999314797107107,-0.07507414731619924,0.2360932451061839,0.1550197133545027,-0.040350000000000004,0.13181,0.08608,5.4252557112105385e-05,0.0,-1.2755893680189417e-05,0.00025492038769229245,0.0,-4.31594260548443e-05
1250,12.500213399995118,circle,0.35600523233779197,0.027411589104986943,3.8530000019818544,10.013699997216463,124371.0,124371.0,0.0,0.0,8.77,5e-05,1e-08,100.0,0.01,-0.06676973598731922,0.0,0.25597995124899475,-0.06711941951308514,0.0,0.25604674314416026,0.0,0.0,0.0,0.5353190261037056,0.0,2.4333564934853484,-0.6328096351395087,0.0,-2.410164043764215,-0.035356660100143,0.0,0.7860250700399902,0.3976455080565009,-2.203011971465257,-1.5999314797107107,-0.07564679450112818,0.23598513887893852,0.15528813015418635,-0.040350000000000004,0.12912,0.08339,5.906091398913117e-05,0.0,-1.3880069942823962e-05,0.00029062261177678915,0.0,-5.29118252226838e-05
1251,12.510210199980065,circle,0.3977812351791182,0.03143364646182089,3.8831999991089106,9.996799984946847,124371.0,124371.0,0.0,0.0,8.77,5e-05,1e-08,100.0,0.01,-0.06676973598731922,0.0,0.25597995124899475,-0.0671598730792571,0.0,0.2560575589841433,0.0,0.0,0.0,0.52970276826894,0.0,2.4347538098175803,-0.6315891492104098,0.0,-2.410450568492576,-0.03883739371264356,0.0,0.7873237892967728,0.3976455080565009,-2.203011971465257,-1.5999314797107107,-0.07622838909867587,0.2358750777003244,0.15556043000866782,-0.04304,0.12912,0.08608,6.32491370009055e-05,0.0,-1.484854627667509e-05,0.0003268879549369672,0.0,-6.275918887185761e-05
1252,12.520194999873638,circle,0.439528349639093,0.03571336011207241,6.3328000251203775,9.984799893572927,124371.0,124371.0,0.0,0.0,8.77,5e-05,1e-08,100.0,0.01,-0.06676973598731922,0.0,0.25597995124899475,-0.06720028936544659,0.0,0.25606831956186527,0.0,0.0,0.0,0.5240098883344653,0.0,2.436163779950711,-0.6302882050142009,0.0,-2.4107558752300617,-0.042364701844385996,0.0,0.7886379560563945,0.3976455080565009,-2.203011971465257,-1.5999314797107107,-0.07681791785977371,0.23576325339976678,0.1558361386151504,-0.03766,0.1345,0.08608,6.741871883544876e-05,0.0,-1.5821884715034953e-05,0.0003631346592919142,0.0,-7.254642815547766e-05
1253,12.530196599895135,circle,0.48136141965833196,0.04041003949761904,3.8793999701738358,10.001600021496415,124371.0,124371.0,0.0,0.0,8.77,5e-05,1e-08,100.0,0.01,-0.06676973598731922,0.0,0.25597995124899475,-0.06724078491243857,0.0,0.2560790558729,0.0,0.0,0.0,0.5182278500467804,0.0,2.4375897335245678,-0.6289043877797731,0.0,-2.411080762651458,-0.04594638392082078,0.0,0.7899705438508582,0.3976455080565009,-2.203011971465257,-1.5999314797107107,-0.07741667899082325,0.23564942890368717,0.15611587384411135,-0.04304,0.12912,0.08608,7.171344114483116e-05,0.0,-1.683661280793783e-05,0.00039933548397451277,0.0,-8.226801109728396e-05
1254,12.540241800015792,circle,0.5233888427591142,0.045538282196954015,3.803800093010068,10.045200120657682,124371.0,124371.0,0.0,0.0,8.77,5e-05,1e-08,100.0,0.01,-0.06676973598731922,0.0,0.25597995124899475,-0.06728146828822162,0.0,0.2560897962895649,0.0,0.0,0.0,0.5123422255080249,0.0,2.439035428283009,-0.6274354550680703,0.0,-2.411425944919741,-0.049591405797106976,0.0,0.7913249486192462,0.3976455080565009,-2.203011971465257,-1.5999314797107107,-0.07802616660538415,0.23553332832884738,0.15640034325860178,-0.04304,0.12643000000000001,0.08877,7.612437317994442e-05,0.0,-1.7888350907118225e-05,0.00043560792772245666,0.0,-9.195668966303742e-05
1255,12.550202699843794,circle,0.5650727557847546,0.050308809616537956,3.91440000385046,9.960899828001857,124371.0,124371.0,0.0,0.0,8.77,5e-05,1e-08,100.0,0.01,-0.06676973598731922,0.0,0.25597995124899475,-0.06732182137941996,0.0,0.2561004043069018,0.0,0.0,0.0,0.5064081023337433,0.0,2.4404873354696472,-0.6258915207563484,0.0,-2.4117888599537567,-0.05326565249537012,0.0,0.7926884947947018,0.3976455080565009,-2.203011971465257,-1.5999314797107107,-0.07864067624532128,0.23541603841368064,0.156686884506754,-0.040350000000000004,0.12643000000000001,0.09146,8.001117462664312e-05,0.0,-1.8807314495698958e-05,0.0004720742174740915,0.0,-0.00010164574341133391
1256,12.56020429986529,circle,0.6069342489494307,0.055992642825237145,3.83859989233315,10.001600021496415,124371.0,124371.0,0.0,0.0,8.77,5e-05,1e-08,100.0,0.01,-0.06676973598731922,0.0,0.25597995124899475,-0.06736235046418945,0.0,0.25611101331197117,0.0,0.0,0.0,0.500379574730247,0.0,2.4419568103961486,-0.6242628066945021,0.0,-2.4121721648532897,-0.056997563969716294,0.0,0.7940717739189436,0.3976455080565009,-2.203011971465257,-1.5999314797107107,-0.07926496149848633,0.23529665689317508,0.15697772004531943,-0.04304,0.12643000000000001,0.08339,8.440470830259046e-05,0.0,-1.9863976737183222e-05,0.0005082097685676386,0.0,-0.00011119808623923376
1257,12.570241699926555,circle,0.4233766715722546,0.4931080835704509,3.926999866962433,10.037400061264634,124371.0,124371.0,0.0,0.0,8.77,5e-05,1e-08,100.0,0.01,-0.06707103966313854,0.0,0.25585888886655905,-0.06740303576885955,0.0,0.256121617608454,0.0,0.0,0.0,0.5274654587197998,0.0,2.456792107137855,-0.6283953448055675,0.0,-2.4149248967579826,-0.042197194722193763,0.0,0.7945662396734697,0.3961115272686153,-2.203011971465257,-1.5999314797107107,-0.07496812243054396,0.23709793227176368,0.15654155691066518,-0.04573,0.12912,0.09146,-0.00021416016597683777,0.0,-0.000142654587992852,0.0005461562716978402,0.0,-0.00012007415390207223
1258,12.580151800066233,circle,0.6904404142089453,1.2669671758431613,3.9347000420093536,9.910100139677525,124371.0,124371.0,0.0,0.0,8.77,5e-05,1e-08,100.0,0.01,-0.06676973598731922,0.0,0.25597995124899475,-0.06744321599305081,0.0,0.25613204545484364,0.0,0.0,0.0,0.4939363191382682,0.0,2.447286009843472,-0.6206815520443911,0.0,-2.412963835813039,-0.061523630216643796,0.0,0.7968827267428175,0.3976455080565009,-2.203011971465257,-1.5999314797107107,-0.07993282476229868,0.23532239437326177,0.1574683064278099,-0.04304,0.13181,0.08608,0.0003997512167210397,0.0,0.00010162789215063654,0.00027372878901054624,0.0,-0.00025372209799952154
1259,12.590201699873433,circle,0.7325185493248575,0.10273666412193556,3.8834000006318092,10.049899807199836,124371.0,124371.0,0.0,0.0,8.77,5e-05,1e-08,100.0,0.01,-0.06676973598731922,0.0,0.25597995124899475,-0.06748397406069553,0.0,0.2561425778139978,0.0,0.0,0.0,0.48171222463328467,0.0,2.4464224679673854,-0.6184344206464731,0.0,-2.4132591893073267,-0.06854136503896789,0.0,0.7983251263547784,0.3976455080565009,-2.203011971465257,-1.5999314797107107,-0.08119805152147125,0.23492354101860763,0.1578742502643683,-0.04573,0.12912,0.08877,0.00011645289655315752,0.0,-1.5306078651551992e-05,0.0005977851768231534,0.0,-0.0001473204863514914
1260,12.600291199982166,circle,0.5408862277585249,0.47670963078867545,3.8261001463979483,10.089500108733773,124371.0,124371.0,0.0,0.0,8.77,5e-05,1e-08,100.0,0.01,-0.06707103966313854,0.0,0.25585888886655905,-0.06752490385744941,0.0,0.2561531085200518,0.0,0.0,0.0,0.5081528543514439,0.0,2.4611613211846914,-0.6224005848899974,0.0,-2.4161061214689394,-0.05411109016076959,0.0,0.7988689710295365,0.3961115272686153,-2.203011971465257,-1.5999314797107107,-0.07696730025911856,0.23670309588217814,0.15745825412089048,-0.04573,0.12643000000000001,0.08877,-0.00020553818739388796,0.0,-0.00014753631977965304,0.0006594023817047592,0.0,-0.00014668333371309133
1261,12.610206800047308,circle,0.8162874134799492,1.3019179464661155,3.917299909517169,9.915600065141916,124371.0,124371.0,0.0,0.0,8.77,5e-05,1e-08,100.0,0.01,-0.06676973598731922,0.0,0.25597995124899475,-0.06756513901711124,0.0,0.2561634155823227,0.0,0.0,0.0,0.47445147223887846,0.0,2.45173602314546,-0.614549179122892,0.0,-2.4142483473159353,-0.07354278855935083,0.0,0.8012474766487777,0.3976455080565009,-2.203011971465257,-1.5999314797107107,-0.08195053820988876,0.23492432204920666,0.15839399971888954,-0.03766,0.12912,0.08877,0.0004068827236541336,0.0,9.627526964349644e-05,0.00038852030613788257,0.0,-0.0002797396029714393
1262,12.62024570000358,circle,0.8583276417577518,0.11763056070691033,3.869399894028902,10.038899956271052,124371.0,124371.0,0.0,0.0,8.77,5e-05,1e-08,100.0,0.01,-0.06676973598731922,0.0,0.25597995124899475,-0.06760588537917098,0.0,0.2561738082455447,0.0,0.0,0.0,0.4620912723085037,0.0,2.4509603856353777,-0.612156278251754,0.0,-2.414642749973447,-0.0806526138076787,0.0,0.8027405129987988,0.3976455080565009,-2.203011971465257,-1.5999314797107107,-0.08322987024898612,0.23452500579478716,0.15880912776014194,-0.040350000000000004,0.12912,0.08877,0.00012400709538693694,0.0,-2.043909489141604e-05,0.0007121422964648168,0.0,-0.00017341790165852989
1263,12.630215700017288,circle,0.9000812094721589,0.08927085567205449,4.301299806684256,9.970000013709068,124371.0,124371.0,0.0,0.0,8.77,5e-05,1e-08,100.0,0.01,-0.06676973598731922,0.0,0.25597995124899475,-0.06764636287798657,0.0,0.2561840871796972,0.0,0.0,0.0,0.4552199800249215,0.0,2.4524250411914386,-0.6101277399669887,0.0,-2.415233152557151,-0.08487619549408197,0.0,0.8042426431940197,0.3976455080565009,-2.203011971465257,-1.5999314797107107,-0.08394139697396627,0.23438035768955107,0.15913056882613652,-0.04573,0.13181,0.08877,0.00010512476451032891,0.0,-3.059638215570406e-05,0.0007715021261570219,0.0,-0.00017353954854674967
1264,12.640512199839577,circle,0.9432037837874413,0.09777343952622462,4.4154999777674675,10.296499822288752,124371.0,124371.0,0.0,0.0,8.77,5e-05,1e-08,100.0,0.01,-0.06676973598731922,0.0,0.25597995124899475,-0.06768817718410342,0.0,0.2561946583653197,0.0,0.0,0.0,0.4485652214764143,0.0,2.454115835343106,-0.6080061833697897,0.0,-2.4158557837330434,-0.08900561449731903,0.0,0.8057939713253769,0.3976455080565009,-2.203011971465257,-1.5999314797107107,-0.0846305473111097,0.23425137596875484,0.15945490194508144,-0.04573,0.12912,0.08877,0.00010994524449001067,0.0,-3.226656170802602e-05,0.0008084959522941814,0.0,-0.00018244055461690432
1265,12.650213599903509,circle,0.983835329919895,0.10240515647960591,3.9168999064713717,9.701400063931942,124371.0,124371.0,0.0,0.0,8.77,5e-05,1e-08,100.0,0.01,-0.06676973598731922,0.0,0.25597995124899475,-0.06772758518519392,0.0,0.2562045773172268,0.0,0.0,0.0,0.44208373260573974,0.0,2.4557706965361095,-0.6058308700162055,0.0,-2.416478896594168,-0.09302868232752778,0.0,0.8073077794635531,0.3976455080565009,-2.203011971465257,-1.5999314797107107,-0.08530175721491744,0.23412608229685558,0.15977117806915225,-0.04573,0.1345,0.08339,0.00011273107623806461,0.0,-3.2291524040248146e-05,0.0008451181216366349,0.0,-0.00019233454419178853
1266,12.6602300000377,circle,0.7828183478594116,0.4302685919320166,4.006699891760945,10.016400134190917,124371.0,124371.0,0.0,0.0,8.77,5e-05,1e-08,100.0,0.01,-0.06707103966313854,0.0,0.25585888886655905,-0.06776828329749222,0.0,0.25621477632081757,0.0,0.0,0.0,0.4686222377505383,0.0,2.4708010995833005,-0.6093766374602808,0.0,-2.4194690408764954,-0.07859685931276489,0.0,0.8079228145060274,0.3961115272686153,-2.203011971465257,-1.5999314797107107,-0.0810594018660067,0.2359233560380316,0.15936790164275585,-0.048420000000000005,0.13181,0.08608,-0.00018375200032763226,0.0,-0.00015495798915521252,0.0008809956346813131,0.0,-0.00020092946510330635
1267,12.670208799885586,circle,0.8235948126916152,0.13079712509326977,3.9151001255959272,9.978799847885966,124371.0,124371.0,0.0,0.0,8.77,5e-05,1e-08,100.0,0.01,-0.06707103966313854,0.0,0.25585888886655905,-0.06780883924979332,0.0,0.2562248945843075,0.0,0.0,0.0,0.46768179412948324,0.0,2.4748438944662015,-0.6068958037710139,0.0,-2.4200897827398022,-0.0797233194308338,0.0,0.8094884962622853,0.3961115272686153,-2.203011971465257,-1.5999314797107107,-0.081156792238888,0.23606054755714434,0.159595485365043,-0.04304,0.13181,0.08608,0.00012856403023403908,0.0,-3.2168652024927276e-05,0.0006092355564207385,0.0,-0.00033383706572354707
1268,12.680203899974003,circle,0.8645268447260562,0.17860239045701612,3.8463000673800707,9.99510008841753,124371.0,124371.0,0.0,0.0,8.77,5e-05,1e-08,100.0,0.01,-0.06707103966313854,0.0,0.25585888886655905,-0.06784947202677337,0.0,0.2562349868863596,0.0,0.0,0.0,0.4607057363287504,0.0,2.4765140704678865,-0.6039473395498804,0.0,-2.4205762786385994,-0.0840399744372697,0.0,0.8110752858904334,0.3961115272686153,-2.203011971465257,-1.5999314797107107,-0.08187893671391111,0.23592167962874733,0.15993100673323343,-0.04573,0.12912,0.08608,0.000152798006940081,0.0,-2.5211634988792585e-05,0.0006256343566947452,0.0,-0.0003508863848117489
1269,12.690210799919441,circle,0.9055842553473743,0.18111087645276303,3.8213999941945076,10.006899945437908,124371.0,124371.0,0.0,0.0,8.77,5e-05,1e-08,100.0,0.01,-0.06707103966313854,0.0,0.25585888886655905,-0.06789016333320655,0.0,0.2562450484924489,0.0,0.0,0.0,0.4532556456027756,0.0,2.478046526432935,-0.6009859865380741,0.0,-2.421111004888286,-0.08861412335465071,0.0,0.8126809514076909,0.3961115272686153,-2.203011971465257,-1.5999314797107107,-0.08265014987099845,0.23576311591405408,0.1602773282286459,-0.04304,0.1345,0.08608,0.0001534659416270814,0.0,-2.7711072301646474e-05,0.0006656577284409246,0.0,-0.0003584485535881905
1270,12.700147399911657,circle,0.7614320250987497,0.34238040334796993,3.98059980943799,9.936599992215633,124371.0,124371.0,0.0,0.0,8.77,5e-05,1e-08,100.0,0.01,-0.0673721572771636,0.0,0.25573736443269035,-0.06793057918809595,0.0,0.25625499721588385,0.0,0.0,0.0,0.4790191026401252,0.0,2.493012328201858,-0.6038872895404583,0.0,-2.424060828790785,-0.07459405656231166,0.0,0.8133837720621733,0.3945775464807296,-2.203011971465257,-1.5999314797107107,-0.07848190662343232,0.23753356112060237,0.15989420806420845,-0.04304,0.12643000000000001,0.08877,-0.0001503539751698768,0.0,-0.00015286846959017871,0.0007087758861022236,0.0,-0.00036476431360332143
1271,12.710200399858877,circle,0.7985027132939612,0.18337146537663165,3.969399956986308,10.052999947220087,124371.0,124371.0,0.0,0.0,8.77,5e-05,1e-08,100.0,0.01,-0.0673721572771636,0.0,0.25573736443269035,-0.06797147899737514,0.0,0.2562650196788696,-0.004705933683501951,0.0,-0.0019034097283401885,0.5472738119537904,0.0,2.5252670202107663,-0.6009284876154801,0.0,-2.424704307180148,-0.03924960107905929,0.0,0.8150755702885015,0.3945775464807296,-2.203011971465257,-1.5999314797107107,-0.0713548659937418,0.24080716800400612,0.15897519070288565,-0.040350000000000004,0.1345,0.09146,0.00015333373687449379,0.0,-3.334692505302015e-05,0.0004459879833370493,0.0,-0.0004943083211262393
1272,12.720213299850002,circle,0.74166154605512,0.315698553814167,3.93700017593801,10.012899991124868,124371.0,124371.0,0.0,0.0,8.77,5e-05,1e-08,100.0,0.01,-0.06767308812083551,0.0,0.25561537823334735,-0.06801222612886544,0.0,0.2562749593583095,-0.0047030083537782895,0.0,-0.0019106262977264723,0.5729396841669164,0.0,2.540498286486705,-0.6035720948764625,0.0,-2.4276701575371944,-0.02524717537918517,0.0,0.8159048031177003,0.39304356569284404,-2.203011971465257,-1.5999314797107107,-0.06721667572037227,0.24260122389928201,0.15864083207597615,-0.040350000000000004,0.13988,0.08877,-0.0001369994309970408,0.0,-0.00015369900716141077,0.00047613743902696746,0.0,-0.0005058821178007611
1273,12.730195399839431,circle,0.7696658922871065,0.1993971812515294,3.9695999585092068,9.982099989429116,124371.0,124371.0,0.0,0.0,8.77,5e-05,1e-08,100.0,0.01,-0.06767308812083551,0.0,0.25561537823334735,-0.06805285827281489,0.0,0.25628482592915014,-0.0047030083537782895,0.0,-0.0019106262977264723,0.5710890711047403,0.0,2.5444889236773003,-0.6004923825205347,0.0,-2.428366742684411,-0.026897112137373013,0.0,0.8175770967529032,0.39304356569284404,-2.203011971465257,-1.5999314797107107,-0.06737694870328512,0.24268897247955307,0.15885395386648973,-0.03497,0.1345,0.08877,0.0001595996677055133,0.0,-3.609907198324656e-05,0.00022017048427386174,0.0,-0.0006333486238195474
1274,12.740406299941242,circle,0.7995288910585773,0.2229578237400785,3.822699887678027,10.210900101810694,124371.0,124371.0,0.0,0.0,8.77,5e-05,1e-08,100.0,0.01,-0.06767308812083551,0.0,0.25561537823334735,-0.06809443239550286,0.0,0.25629487470121337,-0.0047030083537782895,0.0,-0.0019106262977264723,0.5634104262120854,0.0,2.5462286799222587,-0.5972244362642023,0.0,-2.429051153710569,-0.03163993359608951,0.0,0.8192818108983219,0.39304356569284404,-2.203011971465257,-1.5999314797107107,-0.06817126908719341,0.2425332113601571,0.15921948507908565,-0.040350000000000004,0.13181,0.08608,0.0001693544968854794,0.0,-3.546817355801093e-05,0.00025198977778186906,0.0,-0.0006440282943080144
1275,12.750208999961615,circle,0.8292333251232391,0.19177717782173323,3.8612000644207,9.802700020372868,124371.0,124371.0,0.0,0.0,8.77,5e-05,1e-08,100.0,0.01,-0.06767308812083551,0.0,0.25561537823334735,-0.06813435460132604,0.0,0.2563044799250234,-0.0047030083537782895,0.0,-0.0019106262977264723,0.5557263488338111,0.0,2.5479099342719698,-0.5942415729467062,0.0,-2.429882649543525,-0.036377640664924216,0.0,0.8209666358038755,0.39304356569284404,-2.203011971465257,-1.5999314797107107,-0.06896617109775616,0.24237489490418712,0.15958242907746914,-0.03766,0.1345,0.08877,0.00015458066834294563,0.0,-4.309053681031188e-05,0.0003066858121475786,0.0,-0.0006460111548657632
1276,12.760179599979892,circle,0.8603770225812104,0.170362636030845,4.00479999370873,9.970600018277764,124371.0,124371.0,0.0,0.0,8.77,5e-05,1e-08,100.0,0.01,-0.06767308812083551,0.0,0.25561537823334735,-0.06817497068510774,0.0,0.2563142076207269,-0.0047030083537782895,0.0,-0.0019106262977264723,0.5482506726538859,0.0,2.5497506952910944,-0.5914952541910341,0.0,-2.4308705083865716,-0.04101596591576917,0.0,0.8226782118989999,0.39304356569284404,-2.203011971465257,-1.5999314797107107,-0.06973945145561063,0.24222926727473043,0.1599453035210682,-0.03497,0.1345,0.09146,0.00014232223992446404,0.0,-5.119372359135214e-05,0.0003595603243477573,0.0,-0.0006476356637881771
1277,12.770204300060868,circle,0.8925370461459743,0.15428641588697684,3.8487999700009823,10.02470008097589,124371.0,124371.0,0.0,0.0,8.77,5e-05,1e-08,100.0,0.01,-0.06767308812083551,0.0,0.25561537823334735,-0.06821581736736054,0.0,0.25632394533935027,-0.0047030083537782895,0.0,-0.0019106262977264723,0.5409861023914072,0.0,2.551748565931729,-0.588957280481135,0.0,-2.4319987859420564,-0.04555298845116553,0.0,0.8244153095830957,0.39304356569284404,-2.203011971465257,-1.5999314797107107,-0.07049083140930203,0.24209631021349204,0.1603078948605554,-0.03497,0.13988,0.08608,0.00013152519259325017,0.0,-5.8470630410770814e-05,0.0004112040539317781,0.0,-0.0006500964755921511
1278,12.780207399977371,circle,0.9253865599840353,0.14246302017458215,3.878599964082241,10.003099916502833,124371.0,124371.0,0.0,0.0,8.77,5e-05,1e-08,100.0,0.01,-0.06767308812083551,0.0,0.25561537823334735,-0.06825658620458083,0.0,0.2563336193291255,-0.0047030083537782895,0.0,-0.0019106262977264723,0.533938557628956,0.0,2.55387995072687,-0.5866009231349107,0.0,-2.433252074043661,-0.04998189399602819,0.0,0.8261687543826205,0.39304356569284404,-2.203011971465257,-1.5999314797107107,-0.07121970553333377,0.24197523289630823,0.1606688608579955,-0.040350000000000004,0.13988,0.08877,0.00012211330344828855,0.0,-6.494904115651311e-05,0.0004613847802970294,0.0,-0.0006532920546216584
1279,12.790206799982116,circle,0.9589035390620223,0.1392104644090153,3.900199895724654,9.99940000474453,124371.0,124371.0,0.0,0.0,8.77,5e-05,1e-08,100.0,0.01,-0.06767308812083551,0.0,0.25561537823334735,-0.06829735006811091,0.0,0.2563432470528537,0.0,0.0,0.0,0.4572393114599533,0.0,2.527760782919023,-0.5843276422156872,0.0,-2.434590997896143,-0.09118274036433252,0.0,0.8278328463495244,0.39304356569284404,-2.203011971465257,-1.5999314797107107,-0.07922409791961627,0.23870596712290532,0.16219788476553743,-0.03766,0.13719,0.09146,0.0001178080409396081,0.0,-6.938693528562862e-05,0.0005064539063357899,0.0,-0.0006584818842207434
1280,12.800207099877298,circle,0.9930342611749201,0.14270527031827182,3.8924000691622496,10.000299895182252,124371.0,124371.0,0.0,0.0,8.77,5e-05,1e-08,100.0,0.01,-0.06767308812083551,0.0,0.25561537823334735,-0.06833812766069217,0.0,0.25635283294673283,0.0,0.0,0.0,0.45045523035654894,0.0,2.530092925355684,-0.5820449378856595,0.0,-2.4359782702045187,-0.09548588522509902,0.0,0.8296197972671966,0.39304356569284404,-2.203011971465257,-1.5999314797107107,-0.07992563890361623,0.23860089447741145,0.16255872075552857,-0.04573,0.13719,0.08608,0.00011829638954466881,0.0,-7.189249314393925e-05,0.0005467431503119828,0.0,-0.0006655622202415488
1281,12.810293199960142,circle,1.0280146251934075,0.14801058165417064,3.7872001994401217,10.086100082844496,124371.0,124371.0,0.0,0.0,8.77,5e-05,1e-08,100.0,0.01,-0.06767308812083551,0.0,0.25561537823334735,-0.06837926526069928,0.0,0.25636245782532224,0.0,0.0,0.0,0.44362237809981553,0.0,2.5324773170205708,-0.5797314866138965,0.0,-2.437409518713998,-0.0998250034707589,0.0,0.8314321286181343,0.39304356569284404,-2.203011971465257,-1.5999314797107107,-0.08063221268410448,0.2384965187874019,0.16292384186414416,-0.04304,0.12643000000000001,0.09146,0.00011988978565338553,0.0,-7.417146801949072e-05,0.0005862873542103762,0.0,-0.0006729081239554067
1282,12.82044899999164,circle,0.9862238003663084,0.5390283385504324,4.378699930384755,10.155800031498075,124371.0,124371.0,0.0,0.0,8.77,5e-05,1e-08,100.0,0.01,-0.067973831486035,0.0,0.2554929305555754,-0.06842069739016132,0.0,0.25637210530961374,0.0,0.0,0.0,0.4698809099503612,0.0,2.5484066311643816,-0.5832166576946852,0.0,-2.441257245246011,-0.08559730059273486,0.0,0.8323895820315443,0.39150958490495835,-2.203011971465257,-1.5999314797107107,-0.07639849896721997,0.24032110580955934,0.16255975271844011,-0.04304,0.13988,0.09146,-0.0001806117202212482,0.0,-0.00019940040008897082,0.0006274776243475683,0.0,-0.0006797743539493435
1283,12.830203699879348,circle,1.0282919246913096,0.5273421287289488,3.874000161886215,9.75469988770783,124371.0,124371.0,0.0,0.0,8.77,5e-05,1e-08,100.0,0.01,-0.06827438666508379,0.0,0.25537002168750567,-0.06846050280954465,0.0,0.25638133027698584,0.0,0.0,0.0,0.5020978874306334,0.0,2.5667594527061555,-0.5866113207580685,0.0,-2.4451099545683643,-0.06818085962196375,0.0,0.8333675971306226,0.38997560411707277,-2.203011971465257,-1.5999314797107107,-0.0715412796006442,0.24241804699911523,0.1620846822424498,-0.04304,0.13719,0.08608,-0.00017592133104422653,0.0,-0.00019965862280287364,0.00036203747550508654,0.0,-0.0008116499666773018
1284,12.840263299876824,circle,1.045752908087979,0.2031468970853194,3.836199874058366,10.059599997475743,124371.0,124371.0,0.0,0.0,8.77,5e-05,1e-08,100.0,0.01,-0.06827438666508379,0.0,0.25537002168750567,-0.06850156226414546,0.0,0.2563908009937053,-0.004697124501778988,0.0,-0.001925045932108752,0.5706984069562284,0.0,2.600177227574482,-0.583725426323781,0.0,-2.446462344367355,-0.032674301580490436,0.0,0.8354513772969793,0.38997560411707277,-2.203011971465257,-1.5999314797107107,-0.06436247896883138,0.2457410614530832,0.1611877544398001,-0.03497,0.12912,0.09146,0.00014955545827484816,0.0,-7.00847798697147e-05,7.762014078682323e-05,0.0,-0.0009506945263299337
1285,12.850194100057706,circle,1.1539180275340564,0.42752036862865306,3.9274999871850014,9.930800180882215,124371.0,124371.0,0.0,0.0,8.77,5e-05,1e-08,100.0,0.01,-0.06857475295074658,0.0,0.2552466519183546,-0.06854210577083705,0.0,0.25640010801891155,-0.00469416599314818,0.0,-0.0019322489631590674,0.5963978864012757,0.0,2.616200304207091,-0.5864775921272966,0.0,-2.4501773950832124,-0.01866856349589291,0.0,0.8365488042507738,0.3884416233291871,-2.203011971465257,-1.5999314797107107,-0.060200615206968774,0.24756600839267298,0.1608744828691202,-0.03497,0.13988,0.09146,-0.00014262525098037798,0.0,-0.0001925247527155324,0.0001099780710708495,0.0,-0.0009609313478414164
1286,12.860205000033602,circle,1.1628246611751998,0.2040502543410873,3.824500134214759,10.010899975895882,124371.0,124371.0,0.0,0.0,8.77,5e-05,1e-08,100.0,0.01,-0.06857475295074658,0.0,0.2552466519183546,-0.06858298606708335,0.0,0.25640944743280786,-0.00938833198629636,0.0,-0.0038644979263181348,0.6643319339282563,0.0,2.6495731828537803,-0.5836455611480476,0.0,-2.4516545928525137,0.016494926842852514,0.0,0.8387209075193391,0.3884416233291871,-2.203011971465257,-1.5999314797107107,-0.05305649701578201,0.250837619827339,0.15994435732954768,-0.03497,0.13988,0.09146,0.00014676409709168814,0.0,-7.655269254676421e-05,-0.0001385309807549182,0.0,-0.0010862428219064878
1287,12.870207600062713,circle,1.1731119057851744,0.2047226987136223,3.865899983793497,10.002600029110909,124371.0,124371.0,0.0,0.0,8.77,5e-05,1e-08,100.0,0.01,-0.06857475295074658,0.0,0.2552466519183546,-0.06862384222611849,0.0,0.2564187362952398,-0.00938833198629636,0.0,-0.0038644979263181348,0.6569817018434732,0.0,2.652011057705445,-0.5808412902725212,0.0,-2.4531947875779805,0.011838322636537085,0.0,0.840614519634569,0.3884416233291871,-2.203011971465257,-1.5999314797107107,-0.05381543437012189,0.2507218569497249,0.1603322665591623,-0.02152,0.13719,0.09146,0.0001453254876315955,0.0,-7.981737837079502e-05,-9.62362122596875e-05,0.0,-0.0010922669985144124
1288,12.880174499936402,circle,1.1847065136416062,0.1747596783442575,3.9514999371021986,9.966899873688817,124371.0,124371.0,0.0,0.0,8.77,5e-05,1e-08,100.0,0.01,-0.06857475295074658,0.0,0.2552466519183546,-0.0686645622214772,0.0,0.2564279494331051,-0.00938833198629636,0.0,-0.0038644979263181348,0.6496739608880958,0.0,2.654503629360833,-0.5784732501049606,0.0,-2.4549640726545108,0.007198945105597962,0.0,0.842521394275892,0.3884416233291871,-2.203011971465257,-1.5999314797107107,-0.05456993103566962,0.25060958815704254,0.1607211999816875,-0.0269,0.13988,0.08877,0.00012271874129040884,0.0,-9.168950786817487e-05,-3.290947055979411e-05,0.0,-0.0010896080068823152
1289,12.89018450002186,circle,1.3252176720029523,0.684250379541652,3.851299872621894,10.01000008545816,124371.0,124371.0,0.0,0.0,8.77,5e-05,1e-08,100.0,0.01,-0.06887492963623246,0.0,0.25512282153842314,-0.06870546795984306,0.0,0.2564371596297924,-0.009382392877052979,0.0,-0.0038788948936388902,0.6757859547849133,0.0,2.671089799953096,-0.5823353440521076,0.0,-2.4593568791970863,0.02144120489850404,0.0,0.8437698142974535,0.3869076425413015,-2.203011971465257,-1.5999314797107107,-0.05038371407278748,0.2524866414537233,0.16045249834716557,-0.0269,0.14257,0.08877,-0.00020014496140385377,0.0,-0.00022764803444717883,3.06832850144552e-05,0.0,-0.0010866900569220927
1290,12.900140299927443,circle,1.2118095255548789,1.1287555551268875,3.9329000283032656,9.955799905583262,124371.0,124371.0,0.0,0.0,8.77,5e-05,1e-08,100.0,0.01,-0.06857475295074658,0.0,0.2552466519183546,-0.06874616176391705,0.0,0.2564462774203314,-0.00938833198629636,0.0,-0.0038644979263181348,0.6421442175505677,0.0,2.6625596313454203,-0.5748269676931982,0.0,-2.459107756317137,0.0016456064653165925,0.0,0.8464174052054572,0.3884416233291871,-2.203011971465257,-1.5999314797107107,-0.055282692595818486,0.2506775907654003,0.1612921689119438,-0.02959,0.14257,0.09146,0.00038910594022956624,0.0,1.2910273513451562e-05,-0.00021769712705909294,0.0,-0.001212535775490227
1291,12.910191499860957,circle,1.2273241974833418,0.15611363647787707,3.8523999974131584,10.051199933513999,124371.0,124371.0,0.0,0.0,8.77,5e-05,1e-08,100.0,0.01,-0.06857475295074658,0.0,0.2552466519183546,-0.06878725513096058,0.0,0.256455439537886,-0.00469416599314818,0.0,-0.0019322489631590674,0.56038806796651,0.0,2.634564898060882,-0.5730884051797365,0.0,-2.4612947821996265,-0.04238643365306179,0.0,0.848085562673527,0.3884416233291871,-2.203011971465257,-1.5999314797107107,-0.06388366923332295,0.24724166979099882,0.1630346459766243,-0.0269,0.1345,0.09415,9.009737513299983e-05,0.0,-0.00011333805361298075,0.00012240480508099997,0.0,-0.0010954495659184344
1292,12.920157499844208,circle,1.3424799259252669,0.8947608129574272,3.893400076776743,9.965999983251095,124371.0,124371.0,0.0,0.0,8.77,5e-05,1e-08,100.0,0.01,-0.06887492963623246,0.0,0.25512282153842314,-0.06882800966522783,0.0,0.25646448128211125,0.0,0.0,0.0,0.5175316205482409,0.0,2.6226449922068595,-0.5776933840456243,0.0,-2.4661457831574287,-0.06468601574811739,0.0,0.8489841146136278,0.3869076425413015,-2.203011971465257,-1.5999314797107107,-0.0668630754154026,0.24595543449679463,0.16384057178425832,-0.03766,0.1345,0.08608,-0.00023864342245209942,0.0,-0.00025139300409473576,0.00019172345144746912,0.0,-0.0010902667395933704
1293,12.93023299984634,circle,1.261769448092462,1.0205435156998512,4.134499933570623,10.075500002130866,124371.0,124371.0,0.0,0.0,8.77,5e-05,1e-08,100.0,0.01,-0.06857475295074658,0.0,0.2552466519183546,-0.06886922155385145,0.0,0.256473579129694,0.0,0.0,0.0,0.4844870964586873,0.0,2.614783624964146,-0.5705503167112322,0.0,-2.466207141460326,-0.08413957370168137,0.0,0.8518191342063276,0.3884416233291871,-2.203011971465257,-1.5999314797107107,-0.07181273116455152,0.24426705060902756,0.16485629335668303,-0.04304,0.13719,0.08608,0.0003701745621706428,0.0,-3.1797660370762922e-06,-7.570595906577902e-05,0.0,-0.001223747445302303
1294,12.940310399979353,circle,1.28076059296117,0.16791439014438686,3.992399899289012,10.077400133013725,124371.0,124371.0,0.0,0.0,8.77,5e-05,1e-08,100.0,0.01,-0.06857475295074658,0.0,0.2552466519183546,-0.06891045079353322,0.0,0.2564826351928493,0.0,0.0,0.0,0.47278408009489414,0.0,2.615779011504631,-0.5688899442437748,0.0,-2.468581774648111,-0.09114726446088077,0.0,0.8538184524662821,0.3884416233291871,-2.203011971465257,-1.5999314797107107,-0.07302336859350114,0.24396420824756684,0.1653368745788892,-0.040350000000000004,0.13988,0.08608,8.60453391251058e-05,0.0,-0.00012306041080864636,0.00024965250366153614,0.0,-0.0011129228636860544
1295,12.95022500003688,circle,1.370794583473378,0.9142379338044665,3.953800071030855,9.914600057527423,124371.0,124371.0,0.0,0.0,8.77,5e-05,1e-08,100.0,0.01,-0.06887492963623246,0.0,0.25512282153842314,-0.068951023280557,0.0,0.2564915024900599,0.0,0.0,0.0,0.49972920304330226,0.0,2.6327194695806067,-0.5734561365282784,0.0,-2.4735679339627703,-0.07655588934554641,0.0,0.8550271734047484,0.3869076425413015,-2.203011971465257,-1.5999314797107107,-0.06869636162545355,0.24584787002086325,0.16497882691910254,-0.03766,0.13181,0.08877,-0.00023663338879150272,0.0,-0.00025839730396076113,0.0003127270331160402,0.0,-0.0011102836476760193
1296,12.960228399839252,circle,1.382547807546752,0.17221939514282142,4.198299953714013,10.00339980237186,124371.0,124371.0,0.0,0.0,8.77,5e-05,1e-08,100.0,0.01,-0.06887492963623246,0.0,0.25512282153842314,-0.06899196846181473,0.0,0.2565004065098346,0.0,0.0,0.0,0.49976816118737416,0.0,2.638623816127118,-0.5720693371587727,0.0,-2.4761540038121517,-0.07736260145302867,0.0,0.8570969821215658,0.3869076425413015,-2.203011971465257,-1.5999314797107107,-0.06868677728980091,0.2460917457676366,0.16525740996592508,-0.03766,0.13988,0.09415,7.18679840736766e-05,0.0,-0.00013401767467994294,4.517084150859248e-05,0.0,-0.0012435672967314956
1297,12.970340699888766,circle,1.395565331935718,0.18837491902269998,4.020899999886751,10.112300049513578,124371.0,124371.0,0.0,0.0,8.77,5e-05,1e-08,100.0,0.01,-0.06887492963623246,0.0,0.25512282153842314,-0.06903336884286572,0.0,0.2565093638614347,0.0,0.0,0.0,0.49380327937671825,0.0,2.642133004636017,-0.5702293948842447,0.0,-2.4786102933670575,-0.08135850505484238,0.0,0.8591687425065798,0.3869076425413015,-2.203011971465257,-1.5999314797107107,-0.06930091375166904,0.24606119883925298,0.1656451322622754,-0.03497,0.13988,0.09146,9.535116974375364e-05,0.0,-0.0001272920816767001,6.308803688950874e-05,0.0,-0.0012592502413348524
1298,12.980495800031349,circle,1.5230680566221186,0.8176702925147875,3.7751998752355576,10.155100142583251,124371.0,124371.0,0.0,0.0,8.77,5e-05,1e-08,100.0,0.01,-0.06917491601519671,0.0,0.2549985308390963,-0.06907495397247411,0.0,0.2565183149997972,-0.004688215845069132,0.0,-0.0019466413684466502,0.5900503707939184,0.0,2.688118782851047,-0.5742775758204003,0.0,-2.483559611070932,-0.03007130643670133,0.0,0.8608612363971471,0.3853736617534158,-2.203011971465257,-1.5999314797107107,-0.05773475015209241,0.2511191961547638,0.16417510171508165,-0.03497,0.13988,0.09415,-0.00020978853137977268,0.0,-0.00025648806434373566,0.00010982648865717434,0.0,-0.0012632960963571854
1299,12.990231399890035,circle,1.529504685726394,0.19179735511825569,4.170499974861741,9.735599858686328,124371.0,124371.0,0.0,0.0,8.77,5e-05,1e-08,100.0,0.01,-0.06917491601519671,0.0,0.2549985308390963,-0.06911483016445721,0.0,0.25652685484734844,-0.004688215845069132,0.0,-0.0019466413684466502,0.5896901289694658,0.0,2.6939479698114206,-0.5726175958815348,0.0,-2.4861738670565763,-0.031099940886682057,0.0,0.8629580972287321,0.3853736617534158,-2.203011971465257,-1.5999314797107107,-0.057735565984474796,0.25132767724913674,0.16441946467297808,-0.03497,0.14257,0.08877,8.602499714975131e-05,0.0,-0.0001354783623876113,-0.00014611084788924544,0.0,-0.0013928456458645352
1300,13.000228799879551,circle,1.6921282195435965,0.8052481791308284,4.216999979689717,9.997399989515543,124371.0,124371.0,0.0,0.0,8.77,5e-05,1e-08,100.0,0.01,-0.06947471138174237,0.0,0.2548737801128419,-0.06915578770642769,0.0,0.25653558202663895,-0.0046852242194321235,0.0,-0.001953830707407034,0.616506951229307,0.0,2.711320216004197,-0.576528120608305,0.0,-2.4911708867001097,-0.01652441734138444,0.0,0.8643571484025382,0.3838396809655302,-2.203011971465257,-1.5999314797107107,-0.053433517211799134,0.2532393366266099,0.1641122198247434,-0.02959,0.13719,0.08877,-0.00020265478551769167,0.0,-0.0002589601178469886,-0.00011626888979698625,0.0,-0.0014028417959500677
1301,13.010057099862024,circle,1.5209686615744153,0.025761076842705406,4.041600041091442,9.828299982473254,124371.0,124371.0,0.0,0.0,8.77,5e-05,1e-08,100.0,0.01,-0.06952752075811777,0.0,0.2550597073333552,-0.06919606136077751,0.0,0.25654411978864056,-0.009379365814954693,0.0,-0.003910194240455699,0.6914889440315488,0.0,2.7257486623643885,-0.5758434906887411,0.0,-2.490265715050436,0.023613619523553744,0.0,0.8588799283533569,0.3838396809655302,-2.203011971465257,-1.598397498922825,-0.045865484406062154,0.2560111850983175,0.16202426087103494,-0.0269,0.13719,0.09146,3.547951725210675e-05,0.0,4.690863230337656e-05,-0.00036693891459237083,0.0,-0.001531321087588732
1302,13.020064400043339,circle,1.5210505431195331,0.2188189460344982,3.992999903857708,10.00730018131435,124371.0,124371.0,0.0,0.0,8.77,5e-05,1e-08,100.0,0.01,-0.06952752075811777,0.0,0.2550597073333552,-0.06923707751496472,0.0,0.25655277045232605,-0.009379365814954693,0.0,-0.003910194240455699,0.686269570269239,0.0,2.7257332040250333,-0.5740726180130235,0.0,-2.493059450411583,0.020547681026206768,0.0,0.8596076185646747,0.3838396809655302,-2.203011971465257,-1.598397498922825,-0.046498324070896366,0.2558219096796181,0.16223893708897372,-0.024210000000000002,0.14257,0.09146,9.177178188388678e-05,0.0,-0.00014477950657889845,-0.00038221502503694136,0.0,-0.0013482836123919514
1303,13.03018969995901,circle,1.7171322275570113,1.0202849252477395,4.057300044223666,10.125299915671349,124371.0,124371.0,0.0,0.0,8.77,5e-05,1e-08,100.0,0.01,-0.06982740955333704,0.0,0.2549344156464345,-0.06927858650905447,0.0,0.2565614793676757,-0.009373356620195417,0.0,-0.003924577400537452,0.7128802272586835,0.0,2.7434485177179755,-0.5784244985475757,0.0,-2.498722963638845,0.03500958768138625,0.0,0.8611626530363576,0.38230570017764454,-2.203011971465257,-1.598397498922825,-0.04224167533724216,0.25775531539821517,0.1619903328932555,-0.024210000000000002,0.13988,0.08608,-0.00022552712946446508,0.0,-0.000293499757331886,-0.0003232959148181025,0.0,-0.0013335639639093315
1304,13.040375499986112,circle,1.5541955797224871,0.001799630656085684,4.358999896794558,10.185800027102232,124371.0,124371.0,0.0,0.0,8.77,5e-05,1e-08,100.0,0.01,-0.06988021892971245,0.0,0.2551203428669478,-0.06932035281882289,0.0,0.2565701959070544,-0.009382273995953061,0.0,-0.0039271102261790826,0.7185688777784273,0.0,2.729548844230404,-0.5782719335281141,0.0,-2.4984646896609823,0.03835329786659295,0.0,0.8554292747795514,0.38230570017764454,-2.203011971465257,-1.596863518134939,-0.04190795945532333,0.2573897191678243,0.16105288331695644,-0.0269,0.14795,0.09415,7.906363840339491e-06,0.0,1.3384510071050033e-05,-0.000567772474729907,0.0,-0.0014632375501776357
1305,13.050202199956402,circle,1.5480154812204903,0.24765385303059564,4.178100032731891,9.826699970290065,124371.0,124371.0,0.0,0.0,8.77,5e-05,1e-08,100.0,0.01,-0.06988021892971245,0.0,0.2551203428669478,-0.06936065544831232,0.0,0.25657856291854964,-0.010205616991489141,0.0,-0.0010198649564591969,0.7261859075713837,0.0,2.6869809098091877,-0.5770870678322076,0.0,-2.5017781147671516,0.04882509561670062,0.0,0.83943673427481,0.38230570017764454,-2.203011971465257,-1.596863518134939,-0.0413367505190986,0.2559134308291967,0.15869393237409252,-0.0269,0.15064,0.09146,6.140319272946013e-05,0.0,-0.00017171134339669276,-0.0005809666741295889,0.0,-0.0012865087082051512
1306,13.060220599872991,circle,1.5427769296529217,0.27418517146253724,3.9192000404000282,10.01839991658926,124371.0,124371.0,0.0,0.0,8.77,5e-05,1e-08,100.0,0.01,-0.06988021892971245,0.0,0.2551203428669478,-0.06940175314570238,0.0,0.25658705045477875,-0.010205616991489141,0.0,-0.0010198649564591969,0.7204571321271285,0.0,2.691165884424928,-0.5762153986004928,0.0,-2.505376649374962,0.04486731106536608,0.0,0.8417099060066077,0.38230570017764454,-2.203011971465257,-1.596863518134939,-0.04192484589094732,0.25591908880071884,0.15910539788439526,-0.01883,0.14257,0.08608,4.5172439388063484e-05,0.0,-0.0001864865485011512,-0.0005236382233981399,0.0,-0.001280221039329811
1307,13.070105700055137,circle,1.5386697621385879,0.2617847374043486,3.9356001652777195,9.885100182145834,124371.0,124371.0,0.0,0.0,8.77,5e-05,1e-08,100.0,0.01,-0.06988021892971245,0.0,0.2551203428669478,-0.06944231272360998,0.0,0.25659538279575533,-0.005514479993512611,0.0,0.0009436901566303445,0.6454433838525264,0.0,2.666463544240819,-0.5756740571948705,0.0,-2.5089538251258547,0.00423099851507271,0.0,0.8436109465151321,0.38230570017764454,-2.203011971465257,-1.596863518134939,-0.0497714476296785,0.252795617719381,0.16068545910267232,-0.01883,0.14795,0.08877,2.8053888956948957e-05,0.0,-0.0001853796703019516,-0.0004659600950594192,0.0,-0.0012896602585055906
1308,13.080163500038907,circle,1.3730107837414065,0.009281882448644998,3.871999913826585,10.057799983769655,124371.0,124371.0,0.0,0.0,8.77,5e-05,1e-08,100.0,0.01,-0.06993274303528271,0.0,0.25530635087724574,-0.06948358973661914,0.0,0.2566038176115283,-0.005514479993512611,0.0,0.0009436901566303447,0.6461283539586155,0.0,2.6504003089473476,-0.5763485963093908,0.0,-2.5088584778374066,0.005015026737919473,0.0,0.8378616010944462,0.38230570017764454,-2.203011971465257,-1.5953295373470537,-0.05009959041866584,0.2522063571224605,0.15993832014183673,-0.0269,0.13719,0.08877,-3.495658233295605e-05,0.0,4.94117430274504e-06,-0.00041419671633061774,0.0,-0.0013024079085852936
1309,13.090201599989086,circle,1.2106277585608372,0.013919076901308523,3.934600157663226,10.038099950179458,124371.0,124371.0,0.0,0.0,8.77,5e-05,1e-08,100.0,0.01,-0.06998498174645357,0.0,0.2554924392396335,-0.06952479473616727,0.0,0.256612192554146,-0.0055144799936790116,0.0,0.0009436901566303448,0.6480062740343973,0.0,2.630649012280992,-0.5771758713946172,0.0,-2.5087509149328855,0.0070463228490117505,0.0,0.8306513916217749,0.38230570017764454,-2.203011971465257,-1.593795556559168,-0.05030356169428783,0.25150200056284566,0.158970772889573,-0.024210000000000002,0.14257,0.08877,-4.2871805364891574e-05,0.0,5.574223120543903e-06,-0.0004173152049214088,0.0,-0.0011253275376330721
1310,13.100209400057793,circle,1.203395975050984,0.26828548346590225,3.8087000139057636,10.007800068706274,124371.0,124371.0,0.0,0.0,8.77,5e-05,1e-08,100.0,0.01,-0.06998498174645357,0.0,0.2554924392396335,-0.0695658841001249,0.0,0.2566204990942559,-0.0016288396361246714,0.0,0.00581951513641809,0.5865938482152852,0.0,2.5589928927395413,-0.5770001123873315,0.0,-2.5124092455555402,-0.018859301149657125,0.0,0.8142385725531767,0.38230570017764454,-2.203011971465257,-1.593795556559168,-0.05684700399121652,0.2469391307682895,0.1577280388808325,-0.0269,0.13988,0.08339,9.108343870185603e-06,0.0,-0.00018958535221926778,-0.00042820599019885,0.0,-0.0009384745024031197
1311,13.110209599835798,circle,1.0429136945668682,0.012517166899231496,4.153300076723099,10.00019977800548,124371.0,124371.0,0.0,0.0,8.77,5e-05,1e-08,100.0,0.01,-0.07003693494030223,0.0,0.2556786075162273,-0.06960695093224115,0.0,0.2566287563083261,-0.001619910698867726,0.0,0.005822006897105153,0.587472392337978,0.0,2.5429366454874094,-0.5777902455618744,0.0,-2.5124485890613375,-0.017854620760704227,0.0,0.8084961178769392,0.38230570017764454,-2.203011971465257,-1.5922615757712821,-0.057230317882408205,0.24632727744860056,0.1569885342014019,-0.03766,0.14257,0.08339,-4.0947003332119085e-05,0.0,-2.038895106390589e-06,-0.00038903700472896874,0.0,-0.0009481098969924244
1312,13.120201000012457,circle,0.8889825497962022,0.013426906864829015,3.8600999396294355,9.991400176659226,124371.0,124371.0,0.0,0.0,8.77,5e-05,1e-08,100.0,0.01,-0.07008860249457785,0.0,0.25586485526895497,-0.06964799024112425,0.0,0.2566369633028134,-0.0016109779497105795,0.0,0.005824484957049465,0.5892888261078072,0.0,2.5232474136981256,-0.5785855855140524,0.0,-2.5122516634314387,-0.015756321548218263,0.0,0.8013451749475807,0.38230570017764454,-2.203011971465257,-1.5907275949833968,-0.057422303262435595,0.2456316219776123,0.1560192286125218,-0.03228,0.12912,0.09146,-4.1216833720267364e-05,0.0,1.020525992760982e-05,-0.00039939541973333097,0.0,-0.0007823132937860195
1313,13.130191799951717,circle,0.8766284430908108,0.22968056502677323,3.806200111284852,9.990799939259887,124371.0,124371.0,0.0,0.0,8.77,5e-05,1e-08,100.0,0.01,-0.07008860249457785,0.0,0.25586485526895497,-0.06968903564827178,0.0,0.25664512686434265,-0.0024164669245658695,0.0,0.008736727435574198,0.5975070809572406,0.0,2.4806430418727925,-0.5783300555789511,0.0,-2.5156308249699872,-0.00482279557882196,0.0,0.78520748483767,0.38230570017764454,-2.203011971465257,-1.5907275949833968,-0.056571277166101636,0.24425730224130038,0.15358896744526754,-0.03497,0.13988,0.08877,1.3242305779785721e-05,0.0,-0.0001751179968601758,-0.0004128091520858566,0.0,-0.0006051535985275068
1314,13.140297399833798,circle,0.7281634235841701,0.01310196504323961,3.747600130736828,10.105599882081151,124371.0,124371.0,0.0,0.0,8.77,5e-05,1e-08,100.0,0.01,-0.07013998428770167,0.0,0.2560511820595578,-0.06973056135610789,0.0,0.2566533405391385,-0.002403062113930321,0.0,0.008740423968386122,0.5981262806230719,0.0,2.4642669148589924,-0.5790426653802407,0.0,-2.5152470470090935,-0.0038522563294953504,0.0,0.7793796240162574,0.38230570017764454,-2.203011971465257,-1.589193614195511,-0.057014084573624293,0.24361214199759434,0.15285095166368007,-0.03228,0.13719,0.08339,-3.692951624868833e-05,0.0,1.9888492155274782e-05,-0.0003724934153450925,0.0,-0.0006220469717360026
1315,13.150251999963075,circle,0.7128470889650079,0.16587576921089753,4.478299990296364,9.954600129276514,124371.0,124371.0,0.0,0.0,8.77,5e-05,1e-08,100.0,0.01,-0.07013998428770167,0.0,0.2560511820595578,-0.0697714750549064,0.0,0.2566613885144487,-0.002403062113930321,0.0,0.008740423968386122,0.5943159745606383,0.0,2.4647064001728936,-0.578806727420352,0.0,-2.5181172598478265,-0.006151489054005175,0.0,0.7800826617233313,0.38230570017764454,-2.203011971465257,-1.589193614195511,-0.05726928007571315,0.24357367699884783,0.15298098726290246,-0.03766,0.1345,0.08608,1.2226992538731272e-05,0.0,-0.00014874279230142834,-0.0003807362253340034,0.0,-0.0004614636625894764
1316,13.160461399937049,circle,0.5737960068187391,0.026367561678009736,3.8640000857412815,10.209399973973632,124371.0,124371.0,0.0,0.0,8.77,5e-05,1e-08,100.0,0.01,-0.07019108019876737,0.0,0.25623758744959063,-0.06981344467947806,0.0,0.256669598180953,-0.002389651649841423,0.0,0.008744099936106286,0.5948741654177886,0.0,2.447812080640404,-0.5795207510771118,0.0,-2.51721806670868,-0.005118612658217062,0.0,0.774085444838278,0.38230570017764454,-2.203011971465257,-1.5876596334076256,-0.05771457548511172,0.2429074243984264,0.1522192851671193,-0.03228,0.12912,0.08608,-3.700278635872977e-05,0.0,4.659880846813875e-05,-0.0003406327329305774,0.0,-0.000478609539830481
1317,13.170531499898061,circle,0.553811596831972,0.113816465833816,3.706099931150675,10.070099961012602,124371.0,124371.0,0.0,0.0,8.77,5e-05,1e-08,100.0,0.01,-0.07019108019876737,0.0,0.25623758744959063,-0.06985485023338607,0.0,0.25667765187119873,-0.002389651649841423,0.0,0.008744099936106286,0.5910110396766358,0.0,2.4477360158390002,-0.5792820687210792,0.0,-2.5195916408121386,-0.007373623347927287,0.0,0.7746174749713465,0.38230570017764454,-2.203011971465257,-1.5876596334076256,-0.057975504063995535,0.24284627608602616,0.1523266096339953,-0.02959,0.14257,0.08070000000000001,1.2369215143304948e-05,0.0,-0.00012300552597299143,-0.0003485991805246011,0.0,-0.0003170588956351081
1318,13.18036159989424,circle,0.4341322020063173,0.04942122787074067,3.909100079908967,9.830099996179342,124371.0,124371.0,0.0,0.0,8.77,5e-05,1e-08,100.0,0.01,-0.07024189010754134,0.0,0.2564240710004238,-0.06989527714158528,0.0,0.25668547149898874,-0.002376235562251246,0.0,0.008747755326753861,0.5917055512177103,0.0,2.430296146608467,-0.5800199019064849,0.0,-2.5182035977349786,-0.00615737338040315,0.0,0.7684122613068259,0.38230570017764454,-2.203011971465257,-1.5861256526197398,-0.0584026177526582,0.2421636047777746,0.15153253754207618,-0.02959,0.13719,0.08070000000000001,-3.8236665507471645e-05,0.0,7.193243662813011e-05,-0.00030837630044858964,0.0,-0.0003333329351930644
1319,13.190198499942198,circle,0.4076613960767058,0.0735296958928383,3.844199934974313,9.836900047957897,124371.0,124371.0,0.0,0.0,8.77,5e-05,1e-08,100.0,0.01,-0.07024189010754134,0.0,0.2564240710004238,-0.06993574005189804,0.0,0.2566932548730477,-0.002376235562251246,0.0,0.008747755326753861,0.5879705769527125,0.0,2.429702896487093,-0.579791515918007,0.0,-2.520107363643621,-0.008261117549850393,0.0,0.7687463090096726,0.38230570017764454,-2.203011971465257,-1.5861256526197398,-0.05865041932789512,0.2420849902997312,0.15161033396658413,-0.03228,0.13719,0.08070000000000001,1.1835627375884612e-05,0.0,-9.865869642779543e-05,-0.00031798568301918517,0.0,-0.0001705251761961283
1320,13.200148900039494,circle,0.03794748267657359,0.9003633493967773,3.903500037267804,9.950400097295642,124371.0,124371.0,0.0,0.0,8.77,5e-05,1e-08,100.0,0.01,-0.0699899532690502,0.0,0.2567366352954601,-0.06997667796615226,0.0,0.2567010856432191,-0.002349386643863356,0.0,0.008755004346879171,0.5550440798128436,0.0,2.3978408616822198,-0.5746282818629175,0.0,-2.5158226020910717,-0.02573152084364533,0.0,0.763253520609734,0.3838396809655302,-2.203011971465257,-1.584591671831854,-0.06418452452248413,0.23940637923968622,0.1515595650454779,-0.0269,0.12912,0.08070000000000001,0.00026757383295617686,0.0,0.00022204882825109762,-0.00028084913585412673,0.0,-0.00018649917601009058
1321,13.210187699878588,circle,0.33646443455384434,0.8883541562151789,4.098699893802404,10.038799839094281,124371.0,124371.0,0.0,0.0,8.77,5e-05,1e-08,100.0,0.01,-0.07034265144064487,0.0,0.2567972708290526,-0.07001798782052188,0.0,0.2567089427503445,-0.002349386644362557,0.0,0.008755004344882368,0.5841962210932109,0.0,2.387672861015659,-0.581285043742814,0.0,-2.5161469924194053,-0.007731815028762143,0.0,0.7545825541788934,0.38230570017764454,-2.203011971465257,-1.5830576910439687,-0.05974834200774761,0.2403916903467375,0.14980368506310326,-0.02959,0.13988,0.08877,-0.00034497279656046156,0.0,-1.6810851997035202e-05,2.0309176437464124e-05,0.0,0.00010513893070515718
1322,13.220474199857563,circle,0.2935295214191671,0.04868695799349539,3.739000065252185,10.286499978974462,124371.0,124371.0,0.0,0.0,8.77,5e-05,1e-08,100.0,0.01,-0.07034265144064487,0.0,0.2567972708290526,-0.07006032550975172,0.0,0.25671694867339256,-0.002349386644362557,0.0,0.008755004344882368,0.5861737340851163,0.0,2.3888139093756027,-0.5813115618314774,0.0,-2.517707006743265,-0.006740125705011963,0.0,0.7546941455027167,0.38230570017764454,-2.203011971465257,-1.5830576910439687,-0.059543495690354574,0.24049545691761437,0.14978488004229007,-0.03228,0.13719,0.08070000000000001,-1.374244620837696e-06,0.0,-8.084448770829964e-05,-0.00028095168627231647,0.0,0.0001611666433683616
1323,13.230159800034016,circle,0.39097581379033475,0.12027145183599088,3.943399991840124,9.68560017645359,124371.0,124371.0,0.0,0.0,8.77,5e-05,1e-08,100.0,0.01,-0.07039260262787324,0.0,0.25698398622867313,-0.07010019784707006,0.0,0.2567244452278034,-0.0023359538764641924,0.0,0.008758597958385666,0.5871001662019896,0.0,2.370501083134762,-0.5818632929515963,0.0,-2.5153176207629575,-0.005182307949781008,0.0,0.7481520566490111,0.38230570017764454,-2.203011971465257,-1.5815237102560828,-0.05993265632363582,0.239789941211688,0.14893636183109046,-0.02959,0.12912,0.08070000000000001,-2.859231423489692e-05,0.0,0.0001238249435027091,-0.0002638124665682852,0.0,0.0001357160573670139
1324,13.24019889999181,circle,0.3555921778108872,0.0199866312182995,3.833599854260683,10.039099957793951,124371.0,124371.0,0.0,0.0,8.77,5e-05,1e-08,100.0,0.01,-0.07039260262787324,0.0,0.25698398622867313,-0.07014153342604121,0.0,0.2567321727008163,-0.0023359538764641924,0.0,0.008758597958385666,0.5830829710204652,0.0,2.3688989693448343,-0.5814108652750845,0.0,-2.516209047012538,-0.007298962345058134,0.0,0.7481793321807764,0.38230570017764454,-2.203011971465257,-1.5815237102560828,-0.060209365091282135,0.2396619950117983,0.14897590752509837,-0.03497,0.13988,0.08070000000000001,2.3446120444684546e-05,0.0,-4.619630562028741e-05,-0.0002745153222767144,0.0,0.00029800983347714636
1325,13.250200199894607,circle,0.558899282288955,1.148313309530012,3.9735999889671803,10.001299902796745,124371.0,124371.0,0.0,0.0,8.77,5e-05,1e-08,100.0,0.01,-0.07013894728438909,0.0,0.2572970102681378,-0.07018272142019695,0.0,0.25673982786283644,-0.0023090718835022026,0.0,0.008765723344350235,0.5497151911436786,0.0,2.335955998991108,-0.5760099367003344,0.0,-2.510894384651959,-0.02471174361604893,0.0,0.7424213888004522,0.3838396809655302,-2.203011971465257,-1.579989729468197,-0.0657603595075686,0.23693850076388287,0.14887669442284276,-0.03228,0.12912,0.08070000000000001,0.0002798918555403999,0.0,0.0002754212889663852,-0.00023611771973253853,0.0,0.00028176111633495225
1326,13.26040229992941,circle,0.47581753979525987,0.7752805061558495,3.704099915921688,10.202100034803152,124371.0,124371.0,0.0,0.0,8.77,5e-05,1e-08,100.0,0.01,-0.07044226733860817,0.0,0.2571707780327454,-0.07022474459931727,0.0,0.2567475922708533,-0.0023225156128600507,0.0,0.00876217095887389,0.5733072060780914,0.0,2.345400246585323,-0.5815057936410287,0.0,-2.5138200609490253,-0.011212850701078808,0.0,0.7413946758499372,0.38230570017764454,-2.203011971465257,-1.579989729468197,-0.061422595002230004,0.23854484644756874,0.14820837528269212,-0.040350000000000004,0.12643000000000001,0.08339,-0.00028481132005837194,0.0,-0.00015161707031726205,6.72885807674679e-05,0.0,0.0005748028322093596
1327,13.270186899928376,circle,0.6438390554361579,0.21383126246069983,4.183300072327256,9.78459999896586,124371.0,124371.0,0.0,0.0,8.77,5e-05,1e-08,100.0,0.01,-0.07049164545598374,0.0,0.2573576458017303,-0.07026505583698095,0.0,0.2567549967547178,-0.0023090718835022026,0.0,0.008765723344350235,0.5795919880708831,0.0,2.3284263099906393,-0.5823646300921455,0.0,-2.510665070763103,-0.006660888719985221,0.0,0.7345356837061872,0.38230570017764454,-2.203011971465257,-1.5784557486803117,-0.0613865633956528,0.23799957100135222,0.14725547263198593,-0.03497,0.13181,0.08608,-4.4507407306328665e-05,0.0,0.00016350078419441352,-0.00018208221169646407,0.0,0.0004391482628181021
1328,13.280201199930161,circle,0.8164334220569157,0.26995816500388276,3.857600037008524,10.014300001785159,124371.0,124371.0,0.0,0.0,8.77,5e-05,1e-08,100.0,0.01,-0.0705407368638085,0.0,0.25754458909590994,-0.07030632124173526,0.0,0.25676253228929063,-0.0022956227203395235,0.0,0.008769255102833873,0.5811021740498522,0.0,2.3053760413177984,-0.582760981380223,0.0,-2.5070125628703486,-0.003975138008796614,0.0,0.7262386843455702,0.38230570017764454,-2.203011971465257,-1.5769217678924259,-0.06155978543046563,0.23717774941284847,0.14612215121458344,-0.03766,0.13988,0.08608,-2.054007860509112e-05,0.0,0.00018928360139002832,-0.00021387554346815073,0.0,0.000592773205229274
1329,13.290176099864766,circle,0.9916225002081897,0.2794114926751216,3.8924000691622496,9.974899934604764,124371.0,124371.0,0.0,0.0,8.77,5e-05,1e-08,100.0,0.01,-0.07058954144656564,0.0,0.25773160747538876,-0.07034743212608591,0.0,0.2567699951523313,-0.002282168156319291,0.0,0.008772766222343978,0.5821353215458105,0.0,2.281812515176284,-0.5830769107719616,0.0,-2.503288215510986,-0.0014610546946468004,0.0,0.7178284838426245,0.38230570017764454,-2.203011971465257,-1.57538778710454,-0.06177637141115198,0.23632346566910395,0.1449802066052138,-0.03497,0.12643000000000001,0.08070000000000001,-1.637238160986568e-05,0.0,0.00019300653186980201,-0.00022573693886986465,0.0,0.0007686057911876682
1330,13.300184200052172,circle,0.9691211299828649,0.6516868630717212,3.906800178810954,10.008100187405944,124371.0,124371.0,0.0,0.0,8.77,5e-05,1e-08,100.0,0.01,-0.07089352763414385,0.0,0.257604683526155,-0.07038868765490919,0.0,0.25677743969272643,-0.0022956227208387244,0.0,0.00876925510083707,0.6116035011561585,0.0,2.2928888967535297,-0.5883019235442994,0.0,-2.5055868204536615,0.015208614096791742,0.0,0.7164872409912985,0.38077171938975884,-2.203011971465257,-1.57538778710454,-0.056979575293962546,0.2381032110293067,0.1442068497408727,-0.03497,0.12374,0.08339,-0.00027077538608990696,0.0,-0.00011912040562201613,-0.00023406459314475166,0.0,0.0009463642390505976
1331,13.310190399875864,circle,1.129740811663591,0.31712566064049796,3.8527001161128283,10.006199823692441,124371.0,124371.0,0.0,0.0,8.77,5e-05,1e-08,100.0,0.01,-0.07094233221690095,0.0,0.2577917019056337,-0.07042994312737447,0.0,0.2567848395900848,-0.002282168156818492,0.0,0.008772766222343978,0.6174499629814977,0.0,2.2752699237481595,-0.5884755828249093,0.0,-2.5016086141384632,0.01965479279858364,0.0,0.7094367050758236,0.38077171938975884,-2.203011971465257,-1.5738538063166547,-0.05697818966424828,0.23752298430813681,0.1432380279383182,-0.02959,0.1345,0.08070000000000001,-8.999529915828218e-06,0.0,0.0002061622426352684,-0.0005033895596106572,0.0,0.0008007000729136492
1332,13.320149000035599,circle,1.3109539234632934,2.6200598831015167,4.284899914637208,9.958600159734488,124371.0,124371.0,0.0,0.0,8.77,5e-05,1e-08,100.0,0.01,-0.07155029224239276,0.0,0.25753630521806403,-0.07047101002315082,0.0,0.2567921613605526,-0.0023090718835022026,0.0,0.008765723344350235,0.6805073310916134,0.0,2.300294773204744,-0.5991651240835548,0.0,-2.5056996655723602,0.055055803079489346,0.0,0.7071683110130486,0.3777037578139876,-2.203011971465257,-1.5738538063166547,-0.047094328476008,0.2412502416941939,0.1416944794043844,-0.02959,0.13181,0.08070000000000001,-0.000553963174359592,0.0,-0.00021201020548539638,-0.0005253190448823529,0.0,0.000956154062996822
1333,13.330208299914375,circle,1.6021615182343247,0.7435751753142126,3.9550000801682472,10.059299878776073,124371.0,124371.0,0.0,0.0,8.77,5e-05,1e-08,100.0,0.01,-0.07190335582718377,0.0,0.25759477549491294,-0.07051249990956762,0.0,0.25679951368459947,-0.007059547814378188,0.0,0.0067536517419645725,0.7960739073251375,0.0,2.32856326758567,-0.6048677064707957,0.0,-2.5035411214142664,0.11805939507713058,0.0,0.6989847275013338,0.376169777026102,-2.203011971465257,-1.572319825528769,-0.034209444611010664,0.24600281504222038,0.13877587468759017,-0.024210000000000002,0.1345,0.07801000000000001,-0.00029552443503860445,0.0,0.00011186204766700251,-0.0010953314825775417,0.0,0.000683399762646472
1334,13.340176400030032,circle,1.9377265610476644,2.715597381858491,3.9330997969955206,9.968100115656853,124371.0,124371.0,0.0,0.0,8.77,5e-05,1e-08,100.0,0.01,-0.07246075598097348,0.0,0.2571497159556114,-0.07055362125721708,0.0,0.25680675623373117,-0.01656879575425432,0.0,0.002678688792896786,0.9998827202698636,0.0,2.4367118982007,-0.6141214893165229,0.0,-2.510622602342508,0.22580232072238926,0.0,0.7051757523843188,0.3731018154503307,-2.203011971465257,-1.5738538063166547,-0.009614414624962195,0.2569001981534952,0.13621767303197202,-0.01883,0.13719,0.07801000000000001,-0.00047955799000329877,0.0,-0.0003669829751583518,-0.001427576733753108,0.0,0.0007099426970386056
1335,13.350176899926737,circle,2.828413082953195,6.093772169591322,3.8699000142514706,10.00049989670515,124371.0,124371.0,0.0,0.0,8.77,5e-05,1e-08,100.0,0.01,-0.07342024093227746,0.0,0.25694542445069385,-0.07059488383802426,0.0,0.25681397918537824,-0.026050755352074535,0.0,-0.001494483456414524,1.2511495465042366,0.0,2.529014793759161,-0.6314201888041047,0.0,-2.5129557556846405,0.36222977906952686,0.0,0.6978120050641501,0.36849987308667376,-2.203011971465257,-1.572319825528769,0.020634098706606874,0.26898074968947894,0.13108587089577706,-0.00269,0.14526,0.06994,-0.0008964690110235605,0.0,-0.00012091080434626787,-0.0019288880832296425,0.0,0.0002523560696618785
1336,13.360326699912548,circle,3.0862558324160423,0.4613229145679153,3.9022997952997684,10.149799985811114,124371.0,124371.0,0.0,0.0,8.77,5e-05,1e-08,100.0,0.01,-0.07372301780021835,0.0,0.25681415918951794,-0.07063677014983905,0.0,0.25682126578154574,-0.03471539386160877,0.0,-0.008560560208859275,1.4258599786544774,0.0,2.6514804710175803,-0.6361990551401001,0.0,-2.5134338584676126,0.4485401351633543,0.0,0.7140579003602978,0.36696589229878807,-2.203011971465257,-1.572319825528769,0.04033518623129363,0.27863475959503736,0.12998186060128997,0.00269,0.15602000000000002,0.07263,-0.000247654777812576,0.0,-2.477667927154107e-05,-0.0028385928725667303,0.0,1.7670087243746446e-05
1337,13.370208599837497,circle,3.3993720353864614,0.8969883142750051,3.8070001173764467,9.881899924948812,124371.0,124371.0,0.0,0.0,8.77,5e-05,1e-08,100.0,0.01,-0.07407668886468347,0.0,0.2568688350190986,-0.070677558307132,0.0,0.25682831727375943,-0.03945763934234277,0.0,-0.010684119402913255,1.535538603974351,0.0,2.678178065691987,-0.64218138370698,0.0,-2.5104236822881103,0.5087992659376259,0.0,0.7060188476704237,0.3654319115109025,-2.203011971465257,-1.5707858447408836,0.053158800093570116,0.28320325153745246,0.12695637347563674,0.02152,0.15602000000000002,0.07263,-0.0003100216971697002,0.0,0.00015599610043416686,-0.0030891088603817634,0.0,-0.00011547835509502543
1338,13.380527599947527,circle,3.3089831894741257,0.09697507989296883,3.52340005338192,10.319000110030174,124371.0,124371.0,0.0,0.0,8.77,5e-05,1e-08,100.0,0.01,-0.07402559295361777,0.0,0.25668242962906573,-0.07072015838704597,0.0,0.2568356356156807,-0.04335839483434089,0.0,-0.015653206726392744,1.5891027603697092,0.0,2.7702431693888983,-0.6415611364073172,0.0,-2.51253651150078,0.5288881929913805,0.0,0.7307243157780113,0.3654319115109025,-2.203011971465257,-1.572319825528769,0.058817710057082265,0.28778967696923774,0.12913549021587328,0.02959,0.15333,0.07263,3.214302229586057e-05,0.0,-0.00010949296599453562,-0.00333757758886766,0.0,-4.3713020620410374e-05
1339,13.390222099842504,circle,3.579726410291062,1.2165146415347698,3.9144998881965876,9.694499894976616,124371.0,124371.0,0.0,0.0,8.77,5e-05,1e-08,100.0,0.01,-0.07432796568048727,0.0,0.25655023607930943,-0.07076018751659466,0.0,0.2568424691126687,-0.03860890509569443,0.0,-0.013649483469659458,1.5468692650048352,0.0,2.757868365913559,-0.6491716856609852,0.0,-2.5142409973863864,0.5075401343251276,0.0,0.7319587168633948,0.3638979307230168,-2.203011971465257,-1.572319825528769,0.056097124180693445,0.2868682276299526,0.13013859084505724,0.0269,0.16678,0.07263,-0.0003944008373392232,0.0,-8.833142498777287e-05,-0.003173377326553392,0.0,-0.00020390160837151754
1340,13.400072599994019,circle,3.8886949200646765,2.1273226025898104,3.967700060456991,9.850500151515007,124371.0,124371.0,0.0,0.0,8.77,5e-05,1e-08,100.0,0.01,-0.07468180282359017,0.0,0.2566038266040412,-0.07080086786428155,0.0,0.25684937094413685,-0.038619186257123614,0.0,-0.013717365926220972,1.5891449692234938,0.0,2.75537059470092,-0.6593571881613375,0.0,-2.512621840524064,0.5324502722357805,0.0,0.7236766339769871,0.3623639499351312,-2.203011971465257,-1.5707858447408836,0.06195633987927607,0.2884419467705228,0.12816947158536976,0.03228,0.16409,0.07263,-0.0005278424172767285,0.0,8.39094263762697e-05,-0.0033530925420318927,0.0,-0.00032945376647193
1341,13.410229800036177,circle,3.538556500191472,0.21663592248157468,3.7928998935967684,10.157200042158365,124371.0,124371.0,0.0,0.0,8.77,5e-05,1e-08,100.0,0.01,-0.07437934747361108,0.0,0.2567365628699122,-0.07084282224580797,0.0,0.2568564437197569,-0.02837937171102685,0.0,-0.012428687530755603,1.409302803859958,0.0,2.7206973815595856,-0.6576070170004991,0.0,-2.50983460227952,0.42979887809362355,0.0,0.7387762458833342,0.3638979307230168,-2.203011971465257,-1.5707858447408836,0.0418254561455441,0.2813536077907094,0.1330230798512118,0.03497,0.15333,0.07263,9.069896906441482e-05,0.0,0.00014444280706575906,-0.0036272241968675232,0.0,-0.0002643236569104703
1342,13.420166299911216,circle,2.8395710995225816,1.2944093088379716,3.8620000705122948,9.936499875038862,124371.0,124371.0,0.0,0.0,8.77,5e-05,1e-08,100.0,0.01,-0.07372301780021835,0.0,0.25681415918951794,-0.07088387228081537,0.0,0.25686331962989295,-0.023658780544081773,0.0,-0.010278542975902475,1.260564644766403,0.0,2.6781225558212935,-0.6496459382023998,0.0,-2.5086762889314347,0.3472794393768176,0.0,0.7477273249898186,0.36696589229878807,-2.203011971465257,-1.572319825528769,0.02353624338800718,0.2746262312756453,0.13683827839823673,0.0269,0.15333,0.07532,0.00041256629967680643,0.0,6.002717269925606e-05,-0.0032517118190797866,0.0,-0.00010918761307426283
1343,13.430190099868923,circle,2.496084127176569,0.060162875800267884,3.8314000703394413,10.023799957707524,124371.0,124371.0,0.0,0.0,8.77,5e-05,1e-08,100.0,0.01,-0.07342024093227746,0.0,0.25694542445069385,-0.07092529019977539,0.0,0.2568702126675066,-0.009469807915929315,0.0,-0.0040968955132673545,1.0039573427151678,0.0,2.5713985163542956,-0.64979683603411,0.0,-2.506948465550878,0.2105199457985279,0.0,0.7491595941279211,0.36849987308667376,-2.203011971465257,-1.572319825528769,-0.004819976303214679,0.26317774568809293,0.14181228827943168,0.01345,0.15602000000000002,0.07801000000000001,-7.819965313341035e-06,0.0,8.954084197503037e-05,-0.0024871307671887276,0.0,-1.4329058787773631e-05
1344,13.440161899896339,circle,1.8767421574231506,0.7589449819381814,4.702399950474501,9.971800027415156,124371.0,124371.0,0.0,0.0,8.77,5e-05,1e-08,100.0,0.01,-0.0728140849030974,0.0,0.25720656084079047,-0.0709665004139971,0.0,0.2568770268044827,0.0,0.0,0.0,0.7921135434630012,0.0,2.480734877306633,-0.6451650155564225,0.0,-2.5028872479798303,0.09674562896946325,0.0,0.7505071099753841,0.37156783466244503,-2.203011971465257,-1.572319825528769,-0.029995239459069914,0.252931973222786,0.14580055778454068,0.00538,0.14795,0.08070000000000001,0.00024003443298451334,0.0,0.0002104641277849779,-0.0020876189220848146,0.0,0.00011906990852277689
1345,13.450522699858993,circle,1.8333471112871909,1.1118230757985283,3.7359001580625772,10.36079996265471,124371.0,124371.0,0.0,0.0,8.77,5e-05,1e-08,100.0,0.01,-0.0728140849030974,0.0,0.25720656084079047,-0.07100932575173113,0.0,0.25688406117253515,0.0047411662235935185,0.0,0.0020339116359859356,0.7123470315376033,0.0,2.4471806060220507,-0.6525308732950854,0.0,-2.5040427970111163,0.05487080429394215,0.0,0.7506146919081795,0.37156783466244503,-2.203011971465257,-1.572319825528769,-0.03832142155447561,0.24935926123027863,0.14712840962931065,-0.01345,0.14257,0.08070000000000001,-0.0003817202100689528,0.0,-5.988391774825429e-05,-0.001423038941297317,0.0,0.00038238358600357035
1346,13.460048399865627,circle,2.0768790905996752,3.889461983549383,4.218999994918704,9.525700006633997,124371.0,124371.0,0.0,0.0,8.77,5e-05,1e-08,100.0,0.01,-0.0731172630622584,0.0,0.2570762251037135,-0.07104870599987698,0.0,0.2568904875559691,0.014214121995826355,0.0,0.006123546295397636,0.6081222604011925,0.0,2.40262564441019,-0.6659557274061974,0.0,-2.507817236210896,0.0014153922901943845,0.0,0.7496341228036313,0.37003385387455945,-2.203011971465257,-1.572319825528769,-0.04765450181221981,0.24499758342390499,0.14848347467787637,-0.01614,0.13988,0.08070000000000001,-0.0006957150563118111,0.0,-0.00019560243699382504,-0.001372842006069607,0.0,0.00038133998473819405
1347,13.470517399953678,circle,2.0331400347084077,0.8475752644647659,3.91470012255013,10.469000088050961,124371.0,124371.0,0.0,0.0,8.77,5e-05,1e-08,100.0,0.01,-0.0731172630622584,0.0,0.2570762251037135,-0.07109199332007454,0.0,0.25689750500935177,0.014214121995826355,0.0,0.006123546295397636,0.6167638114108362,0.0,2.407106308620101,-0.6724066024081493,0.0,-2.5086918646648293,0.005832172922438044,0.0,0.749919446048918,0.37003385387455945,-2.203011971465257,-1.572319825528769,-0.046853633385133694,0.24548797884304024,0.14851150634371413,-0.024210000000000002,0.13988,0.07801000000000001,-0.0003343031386485384,0.0,-4.532579490577849e-05,-0.0016909666035353139,0.0,0.0002240458892674847
1348,13.480095899896696,circle,2.9024483647427566,11.7233215334138,3.971799975261092,9.57849994301796,124371.0,124371.0,0.0,0.0,8.77,5e-05,1e-08,100.0,0.01,-0.07402559295361777,0.0,0.25668242962906573,-0.07113160530993176,0.0,0.2569038839769359,0.014185791376454883,0.0,0.006188893794395685,0.7193948046230002,0.0,2.451065168973742,-0.6952573299107805,0.0,-2.516692510218232,0.06333776425579962,0.0,0.7475360953461035,0.3654319115109025,-2.203011971465257,-1.572319825528769,-0.03141887471734603,0.25110953996945434,0.14583294345641837,-0.024210000000000002,0.13719,0.08608,-0.001184191279821827,0.0,-0.0004146167642231113,-0.001709796363864181,0.0,0.0001931624163529244
1349,13.490180099848658,circle,3.8360484798837367,10.92276222159749,3.807400120422244,10.084199951961637,124371.0,124371.0,0.0,0.0,8.77,5e-05,1e-08,100.0,0.01,-0.0749840542029141,0.0,0.2564706265338266,-0.07117331551944694,0.0,0.256910556785509,0.0,0.0,0.0,1.053943267830499,0.0,2.574984531344875,-0.7182489724044575,0.0,-2.5208784971416254,0.24465144395288022,0.0,0.7389186595956689,0.3608299691472455,-2.203011971465257,-1.5707858447408836,0.007415256230789105,0.26673670611431144,0.13913941661357868,-0.01883,0.1345,0.08070000000000001,-0.0011914939052447343,0.0,-0.00021693003916658246,-0.0026192447782224177,0.0,-0.00022300021251584748
1350,13.500194899970666,circle,4.751281113950185,9.479953860465365,3.8554000202566385,10.014800122007728,124371.0,124371.0,0.0,0.0,8.77,5e-05,1e-08,100.0,0.01,-0.07588957740709773,0.0,0.2560682466369008,-0.071214745628884,0.0,0.25691714007496164,-0.009427737022064555,0.0,-0.004215328960185113,1.3121776411253592,0.0,2.686784572754009,-0.7387406384327545,0.0,-2.528233041070926,0.385514373861017,0.0,0.73771039431424,0.35622802678358867,-2.203011971465257,-1.5707858447408836,0.03882605074645279,0.2795406678428435,0.13433770313140356,-0.01345,0.14526,0.07263,-0.0010619378405758084,0.0,-0.0003811338955025109,-0.0036128939376379255,0.0,-0.0004677595425583162
1351,13.5101624999661,circle,5.3559321231337265,4.253073160767774,3.888400038704276,9.967599995434284,124371.0,124371.0,0.0,0.0,8.77,5e-05,1e-08,100.0,0.01,-0.0764922266636642,0.0,0.2557976801259005,-0.07125598730959129,0.0,0.2569236491905172,-0.028244280620653338,0.0,-0.012732699039845549,1.6739552281896224,0.0,2.8510941426581775,-0.7525296801944591,0.0,-2.532978142263983,0.5793437318441778,0.0,0.7405897077177717,0.3531600652078174,-2.203011971465257,-1.5707858447408836,0.07971235903935724,0.2967558662208206,0.12819941876643517,0.03766,0.15602000000000002,0.07263,-0.0007145883215065865,0.0,-0.00024590496972333713,-0.004521651032566327,0.0,-0.0008800640948933682
1352,13.520159399835393,circle,5.316871525230112,0.09680332968569219,3.846100065857172,9.996899869292974,124371.0,124371.0,0.0,0.0,8.77,5e-05,1e-08,100.0,0.01,-0.0764922266636642,0.0,0.2557976801259005,-0.0712973570223097,0.0,0.25693013419787697,-0.03765904082753778,0.0,-0.016976932053127395,1.8229738815245962,0.0,2.919512778876284,-0.754675744021713,0.0,-2.532493811247387,0.6577568430716326,0.0,0.7426063200402947,0.3531600652078174,-2.203011971465257,-1.5707858447408836,0.09576644403550985,0.3032284270727514,0.12521742953531828,0.024210000000000002,0.16140000000000002,0.07532,-0.00011121528055868437,0.0,2.509944448525871e-05,-0.005083654360795818,0.0,-0.001157553516461744
1353,13.530171500053257,circle,5.277778802008916,0.21105071561616312,3.8858000189065933,10.012100217863917,124371.0,124371.0,0.0,0.0,8.77,5e-05,1e-08,100.0,0.01,-0.0764922266636642,0.0,0.2557976801259005,-0.07133879641965915,0.0,0.256936585654515,-0.04707380103442223,0.0,-0.021221165066409246,1.960339964416415,0.0,2.982697290179819,-0.7579241699451987,0.0,-2.5324775385575555,0.7300216541354653,0.0,0.7445051976165507,0.3531600652078174,-2.203011971465257,-1.5707858447408836,0.11021455040439415,0.30938864680916756,0.1229736250068202,0.0538,0.16678,0.06725,-0.00016834289636056318,0.0,8.432982011412349e-07,-0.00498508734764449,0.0,-0.0011397488268156501
1354,13.54021819983609,circle,5.562440396338417,2.734910137214737,4.035899881273508,10.046699782833457,124371.0,124371.0,0.0,0.0,8.77,5e-05,1e-08,100.0,0.01,-0.07679323930021237,0.0,0.25566170384985676,-0.07138038579851808,0.0,0.2569430157291482,-0.0470411927990875,0.0,-0.021293350368894386,1.991694336205252,0.0,2.9993877873279344,-0.7690729147060853,0.0,-2.536006135604165,0.7482139369162771,0.0,0.7451489962292127,0.3516260844199317,-2.203011971465257,-1.5707858447408836,0.11475802528340262,0.311458029156788,0.12272353182117463,0.0538,0.17216,0.06456,-0.0005777604378364287,0.0,-0.00018286218030121862,-0.004835093063857864,0.0,-0.001098449698990206
1355,13.55016479990445,circle,4.876483475429018,0.6843913776394959,3.8358999881893396,9.946600068360567,124371.0,124371.0,0.0,0.0,8.77,5e-05,1e-08,100.0,0.01,-0.07619100579635879,0.0,0.2559331944945413,-0.07142156744570732,0.0,0.2569493386307087,-0.042395668648811446,0.0,-0.019034036841454362,1.8629218226865598,0.0,2.940071880748032,-0.7644638412509982,0.0,-2.5324039125728155,0.6765127875674051,0.0,0.7445118353995477,0.354694045995703,-2.203011971465257,-1.5707858447408836,0.09899961285419703,0.3043763647950043,0.12412936308327074,0.05918,0.16947,0.06994,0.00023885561599489447,0.0,0.00018667769335599643,-0.0050082939666463615,0.0,-0.0012028218295233482
1356,13.560116099892184,circle,3.8730554485930924,2.351100020803823,3.8874999154359102,9.951299987733364,124371.0,124371.0,0.0,0.0,8.77,5e-05,1e-08,100.0,0.01,-0.07528610090035616,0.0,0.25633696297270114,-0.07146277512012336,0.0,0.2569556215910715,-0.03304218785201016,0.0,-0.014652348316343829,1.6151119436073604,0.0,2.827522432276815,-0.7552001920654545,0.0,-2.5267701034877144,0.5407303005976942,0.0,0.7435913139631768,0.35929598835935994,-2.203011971465257,-1.5707858447408836,0.06845304587608793,0.2920697404488846,0.1288814490177878,0.056490000000000005,0.17216,0.06725,0.00048006929248034947,0.0,0.00029196040213553046,-0.004303395072713147,0.0,-0.0009106190205058795
1357,13.570161399897188,circle,2.8837877296997965,1.5671313715735924,3.904299810528755,10.04530000500381,124371.0,124371.0,0.0,0.0,8.77,5e-05,1e-08,100.0,0.01,-0.07437934747361108,0.0,0.2567365628699122,-0.07150437866007192,0.0,0.256961920344038,-0.009459790570342281,0.0,-0.0041428958435852006,1.151117002519454,0.0,2.6224118229517566,-0.7477217370952659,0.0,-2.5220341474239887,0.29208322308828133,0.0,0.7426348070239802,0.3638979307230168,-2.203011971465257,-1.5707858447408836,0.014788686759171707,0.2704391439241166,0.1379484896951898,0.040350000000000004,0.16140000000000002,0.06994,0.0003875553266834888,0.0,0.0002454310424750158,-0.003262524140222647,0.0,-0.0004707885166007916
1358,13.58017299999483,circle,1.931874855808228,1.100108498294406,3.836299991235137,10.011600097641349,124371.0,124371.0,0.0,0.0,8.77,5e-05,1e-08,100.0,0.01,-0.07347076471919906,0.0,0.2571319857235134,-0.07154584919849427,0.0,0.25696815441803766,0.00947875570169157,0.0,0.004099318716992532,0.7576746583466957,0.0,2.452317834594981,-0.7415201101214075,0.0,-2.5179665624166616,0.08146849966082871,0.0,0.7439483549867411,0.36849987308667376,-2.203011971465257,-1.5707858447408836,-0.031229725140374226,0.2518354849473533,0.14558912473282853,0.00538,0.15333,0.07532,0.0003213863795936147,0.0,0.00021079410688592867,-0.002246301900298399,0.0,-4.69628014101697e-05
1359,13.590316199930385,circle,1.2591419351419726,1.5828044762917917,3.7599001079797745,10.143199935555458,124371.0,124371.0,0.0,0.0,8.77,5e-05,1e-08,100.0,0.01,-0.07260974999631237,0.0,0.2577100909282891,-0.07158787149805179,0.0,0.25697442609453275,0.028519447742502636,0.0,0.01217406909891329,0.36917591721031345,0.0,2.2652430243679937,-0.7366221673888194,0.0,-2.510540232178726,-0.1237754461428319,0.0,0.7391886687612,0.3731018154503307,-2.203011971465257,-1.5692518639529978,-0.07720162753409103,0.23244386813607254,0.15202630676451634,-0.0269,0.14257,0.08070000000000001,0.0002538256636393603,0.0,0.0003848540711812301,-0.0012757041618999358,0.0,0.0003508107625751364
1360,13.600174899911508,circle,1.0782131307534257,3.2581924089688536,5.251199938356876,9.858699981123209,124371.0,124371.0,0.0,0.0,8.77,5e-05,1e-08,100.0,0.01,-0.07256037187893678,0.0,0.2575232231593042,-0.07162872150350685,0.0,0.25698047908214594,0.04273884042568041,0.0,0.01825044649793131,0.14317760961877155,0.0,2.188792616344805,-0.7470879918211224,0.0,-2.517846129755386,-0.24340937548423155,0.0,0.7460023908230917,0.3731018154503307,-2.203011971465257,-1.5707858447408836,-0.09918326007399661,0.22276496620143676,0.1555421741686664,-0.03497,0.1345,0.08339,-0.0005423695165702018,0.0,-0.0003786128997668194,-0.00038928085885972757,0.0,0.0009213569769250831
1361,13.610159199917689,circle,1.1859314364791276,2.4771543918727157,4.0645000990480185,9.984300006181002,124371.0,124371.0,0.0,0.0,8.77,5e-05,1e-08,100.0,0.01,-0.07260974999631237,0.0,0.2577100909282891,-0.0716700982854662,0.0,0.25698656619869564,0.052285654194588166,0.0,0.022319126681341034,0.012756134106004265,0.0,2.1156894223666916,-0.7582137701094489,0.0,-2.5175726757873407,-0.3103690239195795,0.0,0.7402665944804019,0.3731018154503307,-2.203011971465257,-1.5692518639529978,-0.11406182157593367,0.21582059059249362,0.15695581094843084,-0.0538,0.12374,0.08608,-0.0005765702483104807,0.0,1.4171181392571316e-05,-0.0003630814625356926,0.0,0.0007093535482009008
1362,13.620160300051793,circle,1.8385843408513194,14.663760945416506,4.029699834063649,10.00110013410449,124371.0,124371.0,0.0,0.0,8.77,5e-05,1e-08,100.0,0.01,-0.07352100226538098,0.0,0.2573186242793227,-0.07171155104803482,0.0,0.25699262018353836,0.05218238957170017,0.0,0.022559505063429925,0.12129374102102217,0.0,2.155605070942495,-0.7835274653675577,0.0,-2.5271854214747305,-0.25018296660099304,0.0,0.7351267189675549,0.36849987308667376,-2.203011971465257,-1.5692518639529978,-0.09689573950287328,0.22121653268867375,0.15284808552806034,-0.056490000000000005,0.11567000000000001,0.09146,-0.0013118294453105606,0.0,-0.0004981604903756864,-0.000497621772035598,0.0,0.0008241645861600577
1363,13.630153799895197,circle,2.730524677399615,11.811671475894457,4.025300033390522,9.993499843403697,124371.0,124371.0,0.0,0.0,8.77,5e-05,1e-08,100.0,0.01,-0.07448125329345076,0.0,0.25710945181077827,-0.07175297861925656,0.0,0.25699862619984476,0.037910699753844534,0.0,0.016591133657996627,0.45981017135085916,0.0,2.2774989505546253,-0.8072596787784838,0.0,-2.532416637434044,-0.06776629814691841,0.0,0.7247366843054718,0.3638979307230168,-2.203011971465257,-1.567717883165112,-0.058171160508342874,0.23699560677226406,0.146335553898646,-0.048420000000000005,0.12374,0.08608,-0.0012298724479933225,0.0,-0.00027109685331335956,-0.0014984022262008807,0.0,0.0003819224642468666
1364,13.640167099889368,circle,3.95679189425207,15.274130016252638,4.20360011048615,10.013299994170666,124371.0,124371.0,0.0,0.0,8.77,5e-05,1e-08,100.0,0.01,-0.07574380166446641,0.0,0.2567613406268974,-0.07179449455235276,0.0,0.2570046006290092,0.013385979453852974,0.0,0.009224748453500463,0.9823076715545549,0.0,2.431083575077437,-0.8340710471042484,0.0,-2.53911417648304,0.22081764777512647,0.0,0.697366669738799,0.35776200757147425,-2.203011971465257,-1.5661839023772266,0.001919143739570528,0.2597272753191503,0.13399970563829672,-0.0269,0.12643000000000001,0.08608,-0.001389443227477361,0.0,-0.0003470859882764543,-0.00255986388463629,0.0,0.00010382598616467617
1365,13.650147499982268,circle,4.2278878091266785,0.878098744870075,4.068100126460195,9.9804000928998,124371.0,124371.0,0.0,0.0,8.77,5e-05,1e-08,100.0,0.01,-0.07604629341768751,0.0,0.25662651128618025,-0.07183588029108218,0.0,0.25701051210632453,-0.0055372115067347585,0.0,0.0007995807896273293,1.3188855183223744,0.0,2.578337123974406,-0.8404107449824955,0.0,-2.5410411347223523,0.3994275952263667,0.0,0.6979728160101334,0.35622802678358867,-2.203011971465257,-1.5661839023772266,0.03831743529995599,0.2754981004393891,0.1287932829517448,-0.01614,0.14526,0.06994,-0.0003285416161590755,0.0,-9.986059057908608e-05,-0.003881871510446258,0.0,-0.0002841402295651952
1366,13.660193799994886,circle,5.117486191240131,7.404596165098434,5.847400054335594,10.046300012618303,124371.0,124371.0,0.0,0.0,8.77,5e-05,1e-08,100.0,0.01,-0.0768997133676454,0.0,0.2560333141717017,-0.07187754551384834,0.0,0.25701641893001637,-0.029933788175702036,0.0,-0.006979372524462871,1.776967244612849,0.0,2.761754838748403,-0.8565573705081603,0.0,-2.551506137942078,0.6508620414273034,0.0,0.6928928567952276,0.3516260844199317,-2.203011971465257,-1.567717883165112,0.09069989730110802,0.29663015799279024,0.1200686954053447,0.0538,0.15333,0.06994,-0.0008367651814953862,0.0,-0.000542326958941666,-0.004185402672301669,0.0,-0.00044077779937297975
1367,13.670064100064337,circle,5.417797088667477,1.2295716600748179,3.9812999311834574,9.870300069451332,124371.0,124371.0,0.0,0.0,8.77,5e-05,1e-08,100.0,0.01,-0.07725418150563819,0.0,0.2560825585351169,-0.07191848683820892,0.0,0.2570221795810395,-0.04408350886926062,0.0,-0.013451541586727442,2.0377785656001954,0.0,2.8634680712345517,-0.8641686301991689,0.0,-2.54962270784787,0.790359214497655,0.0,0.688588951411465,0.350092103632046,-2.203011971465257,-1.5661839023772266,0.1198176339694984,0.30792123572694163,0.11425515015811652,0.04304,0.16947,0.06456,-0.00039443765427222936,0.0,9.760483527092821e-05,-0.004941257013157037,0.0,-0.0010372258811935289
1368,13.680074899923056,circle,5.212366528342218,0.6358424250949003,4.060300067067146,10.01079985871911,124371.0,124371.0,0.0,0.0,8.77,5e-05,1e-08,100.0,0.01,-0.07712425654564667,0.0,0.256321300295062,-0.07196001700549534,0.0,0.25702797900403795,-0.05828592934934066,0.0,-0.019832786698738787,2.2373696300643062,0.0,2.9305941370418758,-0.8634514122174868,0.0,-2.544030059135364,0.8961982092142367,0.0,0.6828860690571201,0.350092103632046,-2.201477990677372,-1.5661839023772266,0.14057250975636743,0.31482529186433855,0.10957831935956044,0.06725,0.16678,0.06725,3.716832558357721e-05,0.0,0.0002898273516978389,-0.005201407865734905,0.0,-0.0009965060606737886
1369,13.690030900062993,circle,4.392286094802534,4.132183472632503,4.056799924001098,9.956000139936805,124371.0,124371.0,0.0,0.0,8.77,5e-05,1e-08,100.0,0.01,-0.07638897561442001,0.0,0.25683194470901793,-0.07200132584147391,0.0,0.25703370349708354,-0.0536739195201485,0.0,-0.01749403817177151,2.082548635181079,0.0,2.834546258834119,-0.8530133940916618,0.0,-2.5341479059673255,0.8119606855292696,0.0,0.6737805319828113,0.3531600652078174,-2.199944009889486,-1.5661839023772266,0.12103477432320742,0.30503825068128887,0.11109852055953662,0.07263,0.17216,0.06187,0.0005409285127487007,0.0,0.0005121219710010289,-0.004928578285694804,0.0,-0.000713880759066638
1370,13.700167699949816,circle,3.2415492898873244,10.493106917531726,3.8602000568062067,10.1367998868227,124371.0,124371.0,0.0,0.0,8.77,5e-05,1e-08,100.0,0.01,-0.07521460673709214,0.0,0.2577110770233386,-0.07204339094938111,0.0,0.25703948769455104,-0.04148737292437975,0.0,-0.012200706913109894,1.7570419136527233,0.0,2.6497181164818095,-0.8365081485049931,0.0,-2.518266085731586,0.6369833523971191,0.0,0.6604384238623823,0.35776200757147425,-2.196876048313715,-1.5661839023772266,0.08159071536401995,0.28629912546212655,0.11626104967900414,0.05918,0.16678,0.06187,0.0008553499179752653,0.0,0.0008230421998028233,-0.004026565705686292,0.0,-0.00015145287101524262
1371,13.710196600062773,circle,2.8570572835143286,1.898723358309654,3.8453000597655773,10.028900112956762,124371.0,124371.0,0.0,0.0,8.77,5e-05,1e-08,100.0,0.01,-0.07464294572610217,0.0,0.2583178655733534,-0.07208501432023928,0.0,0.25704516637708485,-0.012781325715654655,0.0,0.0027764932363251106,1.2466647942169815,0.0,2.3451085579357884,-0.8341902726375936,0.0,-2.5088022799760346,0.37720484937094173,0.0,0.63246367014357,0.35929598835935994,-2.1938080867379433,-1.5661839023772266,0.024535725466364455,0.2588047932944594,0.1236540552743556,0.04304,0.16140000000000002,0.06187,0.00012011908109130914,0.0,0.0004904419891384755,-0.0026780504869541935,0.0,0.0007822572071300697
1372,13.720179399941117,circle,2.653642635214847,11.223578144582966,3.8644999731332064,9.98279987834394,124371.0,124371.0,0.0,0.0,8.77,5e-05,1e-08,100.0,0.01,-0.07331984892634089,0.0,0.25942092820001267,-0.07212645225943419,0.0,0.2570507755401939,0.008522293407356423,0.0,0.014705612618860692,0.7775723835214549,0.0,2.037459233819945,-0.8190168654170553,0.0,-2.4906103416365153,0.14094464073030918,0.0,0.5996514827842332,0.3638979307230168,-2.1892061443742863,-1.5661839023772266,-0.031597365873088853,0.23045354115644567,0.12894544734829466,0.01345,0.14795,0.06994,0.0007863301732375029,0.0,0.0009427592509793994,-0.001979726840144199,0.0,0.00142739340883937
1373,13.730176199926063,circle,3.125905437028788,7.644869538817479,3.8093000184744596,9.996799984946847,124371.0,124371.0,0.0,0.0,8.77,5e-05,1e-08,100.0,0.01,-0.07195364464184757,0.0,0.2601748994974042,-0.07216795416556868,0.0,0.25705634915641423,0.02738929669107465,0.0,0.027999556018714396,0.3270451257096969,0.0,1.7392957124968145,-0.8031165185591527,0.0,-2.479233942964736,-0.08023931353594918,0.0,0.5671683664662874,0.37003385387455945,-2.187672163586401,-1.5661839023772266,-0.0848907464598368,0.20372122328447906,0.13283926554558523,-0.04573,0.13181,0.06725,0.0008240023033447191,0.0,0.0005895581268187825,-0.0006096927796236151,0.0,0.0025289922141711737
1374,13.740478799911216,circle,3.742516540626793,1.1150623975326468,3.5314999986439943,10.302599985152483,124371.0,124371.0,0.0,0.0,8.77,5e-05,1e-08,100.0,0.01,-0.07119860480481188,0.0,0.26066510612078125,-0.07221073168723241,0.0,0.257062047804469,0.05599706427425735,0.0,0.045161216059635474,-0.2016120659693978,0.0,1.4196072385751757,-0.7991557733439131,0.0,-2.472904202273634,-0.33906463813262633,0.0,0.5380403044273374,0.3731018154503307,-2.186138182798515,-1.5661839023772266,-0.14214320617644755,0.17438384042468774,0.13693628297737356,-0.03766,0.11567000000000001,0.07263,0.00020525735755864386,0.0,0.00032802560570874576,0.0008068695248618838,0.0,0.0032750327106035007
1375,13.750505100004375,circle,4.233557529598007,0.5239714280178353,3.633500076830387,10.02630009315908,124371.0,124371.0,0.0,0.0,8.77,5e-05,1e-08,100.0,0.01,-0.0707502248362967,0.0,0.2610256518448499,-0.07225236786112901,0.0,0.2570675493083605,0.07284070501833631,0.0,0.054618208088534285,-0.5097133561535045,0.0,1.2336446777602699,-0.8002072111965808,0.0,-2.4678949059315447,-0.4889325622645923,0.0,0.5215509827718013,0.3746357962382163,-2.1846042020106298,-1.5661839023772266,-0.1749312578517259,0.15687145775078726,0.1387523305714946,-0.07801000000000001,0.09415,0.07532,-5.448857312137468e-05,0.0,0.0002595963321370175,0.001556631597953689,0.0,0.0036985062043523543
1376,13.760179799981415,circle,4.185806461635904,4.091662305779393,4.114700015634298,9.67469997704029,124371.0,124371.0,0.0,0.0,8.77,5e-05,1e-08,100.0,0.01,-0.07110432948592127,0.0,0.26108643191376657,-0.072292549401486,0.0,0.25707281644058927,0.07768119081834389,0.0,0.05674440454511011,-0.5459401935788242,0.0,1.1908801146195607,-0.8144731161677247,0.0,-2.4668619148167417,-0.5036438155462241,0.0,0.5117989196320195,0.3731018154503307,-2.1846042020106298,-1.5646499215893408,-0.17548403276324173,0.15390732805314813,0.1355914527700431,-0.09415,0.09415,0.07801000000000001,-0.0007393007624658869,0.0,5.353260941658687e-05,0.0019275206780306124,0.0,0.003960082863760714
1377,13.770198799902573,circle,3.4944947633121397,17.498878716960387,3.881300101056695,10.018999921157956,124371.0,124371.0,0.0,0.0,8.77,5e-05,1e-08,100.0,0.01,-0.0723396761634616,0.0,0.26057271852658337,-0.0723341665111718,0.0,0.2570782281067156,0.06552456380013065,0.0,0.04951384709717496,-0.21957194440509253,0.0,1.3543766167066305,-0.8429063065795668,0.0,-2.4750165220330307,-0.33911138485680853,0.0,0.5159106998769041,0.36696589229878807,-2.1846042020106298,-1.5646499215893408,-0.13367036595299847,0.17131956378442875,0.12931848922373965,-0.10222,0.08070000000000001,0.07263,-0.001473490773514317,0.0,-0.00042259550619514613,0.0014679811212245247,0.0,0.0039170859260629146
1378,13.780176799977198,circle,3.2237443685471727,7.3674936479699875,3.9399999659508467,9.978000074625015,124371.0,124371.0,0.0,0.0,8.77,5e-05,1e-08,100.0,0.01,-0.07326410489303758,0.0,0.2601824644253137,-0.07237561893526809,0.0,0.2570835742277452,0.04871208056217517,0.0,0.04000977315270993,0.1558424691635384,0.0,1.5472041651851867,-0.8617528647739847,0.0,-2.4786472143393157,-0.14942672531481613,0.0,0.5237759127883573,0.3623639499351312,-2.1846042020106298,-1.5646499215893408,-0.09240843886887581,0.19131951284700838,0.12620409217217488,-0.07532,0.09684000000000001,0.06994,-0.0009766835592396126,0.0,-0.0001881530541346624,8.819760147011561e-05,0.0,0.0032870432517031448
1379,13.79018809995614,circle,3.301517183482639,9.363683746813445,3.8590000476688147,10.011299978941679,124371.0,124371.0,0.0,0.0,8.77,5e-05,1e-08,100.0,0.01,-0.07449386427318044,0.0,0.25965551592229685,-0.07241721529121774,0.0,0.2570888946571811,0.020218651886987276,0.0,0.022568783106048818,0.7287623550616545,0.0,1.868427720656781,-0.8830049724869529,0.0,-2.4827131834854206,0.1382101716786517,0.0,0.546122198339392,0.35622802678358867,-2.1846042020106298,-1.5646499215893408,-0.028430949457111707,0.22218534826003508,0.12093777818832635,-0.0538,0.1076,0.07263,-0.0011013461443900698,0.0,-0.00021071036824921348,-0.0009753028375726362,0.0,0.0027773316333649673
1380,13.80016539990902,circle,4.482780471686273,29.984490615444052,3.8447000551968813,9.977299952879548,124371.0,124371.0,0.0,0.0,8.77,5e-05,1e-08,100.0,0.01,-0.07663807958430477,0.0,0.25871523525733325,-0.07245867590584264,0.0,0.25709415362774485,-0.005995668904170032,0.0,0.00844984117401377,1.3710741794943095,0.0,2.18631925043558,-0.9201963534579501,0.0,-2.493484706694436,0.47441284860306127,0.0,0.5556301667315704,0.34549016126838916,-2.1846042020106298,-1.5646499215893408,0.04777196859875772,0.25571774290312543,0.11218069153080817,-0.01345,0.12374,0.06187,-0.0019273657272099996,0.0,-0.0005582117179002513,-0.0022520379512521323,0.0,0.002179293347488657
1381,13.810118600027636,circle,6.305895817485536,28.182016572144402,3.9652998093515635,9.953200118616223,124371.0,124371.0,0.0,0.0,8.77,5e-05,1e-08,100.0,0.01,-0.0787720748674198,0.0,0.2577519849466626,-0.0725000418260144,0.0,0.25709935673052386,-0.04820836384715423,0.0,-0.016487009575914365,2.265767038108852,0.0,2.6740758149682033,-0.9562444743153319,0.0,-2.5039553232597975,0.9402569066334409,0.0,0.5877928083624931,0.33475229575318965,-2.1846042020106298,-1.5646499215893408,0.14906289641896817,0.30280619049130136,0.10278053088434427,0.1076,0.13988,0.05918,-0.0018681186569818996,0.0,-0.0005426178588682326,-0.0044039143844235035,0.0,0.0011952460750069946
1382,13.820158299989998,circle,7.32282544231391,4.7012421717513355,3.8608000613749027,10.039699962362647,124371.0,124371.0,0.0,0.0,8.77,5e-05,1e-08,100.0,0.01,-0.07985734049911539,0.0,0.25743050683346486,-0.07254177271437275,0.0,0.25710456136956705,-0.08341067010304104,0.0,-0.03591246160185217,2.939567658891532,0.0,3.0089440538431984,-0.9713913972000652,0.0,-2.501581963676525,1.2950832915052366,0.0,0.6024003973893632,0.3286163726016471,-2.183070221222744,-1.5646499215893408,0.22595987660978856,0.3342537569138715,0.0913174943063074,0.11029,0.16409,0.05111,-0.0007849576777881314,0.0,0.0001229944089118986,-0.0065306101069545095,0.0,0.0002029510549859046
1383,13.830188299994916,circle,7.75653613043833,1.4714004046734523,3.817599965259433,10.030000004917383,124371.0,124371.0,0.0,0.0,8.77,5e-05,1e-08,100.0,0.01,-0.08033504062973469,0.0,0.25738718022451634,-0.07258346872499111,0.0,0.2571097171668219,-0.10712519281006992,0.0,-0.047186909946322214,3.3549093941404435,0.0,3.1792647557238194,-0.9758818268636462,0.0,-2.494274018570676,1.5177142697975068,0.0,0.5992931621085639,0.32554841102587584,-2.181536240434858,-1.5646499215893408,0.27310369385414046,0.3508700844302248,0.0816926665958293,0.12643000000000001,0.17754,0.04304,-0.00023270714902419096,0.0,0.0003787190086953085,-0.007518864755719393,0.0,-0.00010125595100087036
1384,13.840357899898663,circle,7.105449919446726,15.08109173475286,3.7579000927507877,10.16959990374744,124371.0,124371.0,0.0,0.0,8.77,5e-05,1e-08,100.0,0.01,-0.07964074659352285,0.0,0.2582450546107338,-0.07262575057570791,0.0,0.2571149000072366,-0.11029734230548184,0.0,-0.04528522357493464,3.3252953609304887,0.0,3.0496517264168586,-0.9610470680498795,0.0,-2.471165913549385,1.5065668949005153,0.0,0.5587421965100658,0.3270823918137614,-2.176934298071201,-1.5646499215893408,0.2707537543659041,0.34113152878963504,0.0742210597820501,0.14795,0.19637000000000002,0.04573,0.000768780426071764,0.0,0.0011975293327649566,-0.0077837764438867035,0.0,-6.737472926771006e-05
1385,13.850339900003746,circle,5.446776420930417,67.24621830714909,3.6910001654177904,9.982000105082989,124371.0,124371.0,0.0,0.0,8.77,5e-05,1e-08,100.0,0.01,-0.07727295875180934,0.0,0.26002767315455916,-0.07266725779286659,0.0,0.25711994344628203,-0.09738950349878114,0.0,-0.03231029695808005,2.8531797441913804,0.0,2.6378514895742455,-0.9181451184810987,0.0,-2.432156509060784,1.2642444502664332,0.0,0.48756725637155146,0.33628627654107535,-2.170798374919659,-1.5646499215893408,0.21196027997795025,0.3056344123882749,0.07272983305210515,0.14795,0.18292,0.04304,0.002223304030948511,0.0,0.002021581003104788,-0.00682900498989126,0.0,0.0008861487051723413
1386,13.860163599951193,circle,5.135352738803344,68.13591624009115,3.8392001297324896,9.823699947446585,124371.0,124371.0,0.0,0.0,8.77,5e-05,1e-08,100.0,0.01,-0.07456399603744739,0.0,0.26191313581278897,-0.07270811189060702,0.0,0.2571248645396214,-0.06953932216850771,0.0,-0.013323517699089911,2.0935770770519304,0.0,2.109528309047445,-0.874045243425158,0.0,-2.393920441898287,0.8800751287442539,0.0,0.42111884641137787,0.34702414205627474,-2.164662451768116,-1.5646499215893408,0.11738158659185821,0.25983286902798847,0.08206946792083962,0.12105,0.17754,0.03766,0.0022853840201133117,0.0,0.0019815044095771992,-0.004141268166953673,0.0,0.0028067668635903555
1387,13.870109499897808,circle,6.871994063326398,68.58356372435334,3.8842998910695314,9.9458999466151,124371.0,124371.0,0.0,0.0,8.77,5e-05,1e-08,100.0,0.01,-0.07150575875387748,0.0,0.2638883143360083,-0.07274947932007625,0.0,0.2571298040297642,-0.012007497759868604,0.0,0.022188485565123366,0.8534769213057722,0.0,1.3267090883811097,-0.8288499436285504,0.0,-2.3566838595831436,0.27392780157592456,0.0,0.34209514658629686,0.35929598835935994,-2.158526528616574,-1.5646499215893408,-0.030088074555980365,0.19054364450522615,0.09846007841274883,0.06994,0.15064,0.04304,0.002342152121936301,0.0,0.0019297081925677374,-0.0010984315557375289,0.0,0.004828802113676344
1388,13.880150199867785,circle,9.229880745514045,36.54810636250819,3.8491999730467796,10.04069996997714,124371.0,124371.0,0.0,0.0,8.77,5e-05,1e-08,100.0,0.01,-0.06903911304918242,0.0,0.26556755159330114,-0.0727912462415411,0.0,0.2571347468947912,0.044536579995967544,0.0,0.05244800389576018,-0.3078806666729389,0.0,0.655505759303298,-0.7986086150588619,0.0,-2.32647016460114,-0.28337572984975895,0.0,0.29179668874650544,0.36849987308667376,-2.152390605465031,-1.5646499215893408,-0.16203692244881152,0.12780629128952412,0.11274307092136522,-0.09415,0.1076,0.0538,0.0015671937612633147,0.0,0.0015657617082329486,0.0021849394310953607,0.0,0.006867042990276984
1389,13.890159199945629,circle,12.153593545843636,49.13128531436534,3.8741000462323427,10.009000077843666,124371.0,124371.0,0.0,0.0,8.77,5e-05,1e-08,100.0,0.01,-0.06605567345650402,0.0,0.2672281992286288,-0.07283288644870656,0.0,0.25713963044332067,0.10961757661834841,0.0,0.08650329997267787,-1.6380043680016327,0.0,-0.06299331295945484,-0.7592378856763264,0.0,-2.296361861201489,-0.9092700669058144,0.0,0.25380104683841787,0.38077171938975884,-2.147788663101374,-1.5646499215893408,-0.31315923936748535,0.057062114847657004,0.1293442875089664,-0.02152,0.07801000000000001,0.06456,0.002040305911908274,0.0,0.0015603000093537996,0.004736907080294259,0.0,0.008528268775954317
1390,13.90014009992592,circle,13.5761311743605,6.336829328182912,5.316399969160557,9.980899980291724,124371.0,124371.0,0.0,0.0,8.77,5e-05,1e-08,100.0,0.01,-0.06462799877547509,0.0,0.26792907363894686,-0.07287441482607052,0.0,0.25714445681757,0.17004113462180726,0.0,0.11298763038654275,-2.7365784189877442,0.0,-0.5631662118101778,-0.7476192779539,0.0,-2.2828767056220554,-1.4332894227669986,0.0,0.2558696243501979,0.3869076425413015,-2.1462546823134887,-1.5646499215893408,-0.4198930221861744,0.001836050448104018,0.13445219198713304,-0.18292,0.03228,0.06994,0.0006021101055528116,0.0,0.0006988400541018576,0.0076443059450426116,0.0,0.010085776767275022
1391,13.910152399912477,circle,13.59767506296085,3.0745387874021297,4.093199968338013,10.012299986556172,124371.0,124371.0,0.0,0.0,8.77,5e-05,1e-08,100.0,0.01,-0.06462799877547509,0.0,0.26792907363894686,-0.0729160788976091,0.0,0.25714925476259487,0.2000309401113269,0.0,0.12401324566410202,-3.1981176296671046,0.0,-0.7399077462007853,-0.7596537070780178,0.0,-2.279893510183152,-1.6610536643467015,0.0,0.2683081535280094,0.3869076425413015,-2.1462546823134887,-1.5646499215893408,-0.45562486539902514,-0.021231821792969716,0.13076805719666007,-0.22865000000000002,-0.00269,0.07263,-0.0006236591821758477,0.0,0.00015459787984196602,0.008911739304309848,0.0,0.010625220996510022
1392,13.920193699887022,circle,11.800899882736408,42.78843767613146,4.307699855417013,10.041299974545836,124371.0,124371.0,0.0,0.0,8.77,5e-05,1e-08,100.0,0.01,-0.06672956090141272,0.0,0.26717746626323696,-0.07295786867587958,0.0,0.25715402272776056,0.19649675627290533,0.0,0.12251764253272357,-2.906540907100619,0.0,-0.6373644198061459,-0.8053924858803938,0.0,-2.2867772589782422,-1.5266713149186404,0.0,0.25483021437512654,0.3777037578139876,-2.147788663101374,-1.563115940801455,-0.40723655812939485,-0.009175855755675255,0.11346221075659806,-0.24748,-0.00807,0.06994,-0.002370316787561194,0.0,-0.0003567359198822489,0.008598624562028062,0.0,0.010380179455358655
1393,13.930129199987277,circle,8.909454880177957,106.67064035466699,4.517700057476759,9.935500100255013,124371.0,124371.0,0.0,0.0,8.77,5e-05,1e-08,100.0,0.01,-0.07059394051355565,0.0,0.26573733358458823,-0.0729992230494099,0.0,0.25715869720200146,0.14995118865340562,0.0,0.10093220691301945,-1.7482011635436607,0.0,-0.1507471518958248,-0.8768635748920734,0.0,-2.3017911010320917,-0.9692211197860602,0.0,0.23573951804763368,0.3608299691472455,-2.1508566246771457,-1.5600479792256838,-0.2734510714524905,0.04969612932602586,0.0944772826205654,-0.21789,-0.00269,0.06456,-0.0037038400793696826,0.0,-0.0007780610413713803,0.006109122615223927,0.0,0.009356697423958149
1394,13.940070699900389,circle,6.645745194035412,52.85505685362233,4.122099839150906,9.941499913111329,124371.0,124371.0,0.0,0.0,8.77,5e-05,1e-08,100.0,0.01,-0.07368698642079738,0.0,0.2637775678295593,-0.07304060724138281,0.0,0.25716333143066455,0.08510751831624262,0.0,0.06609868809135255,-0.3774543642353794,0.0,0.598002178599022,-0.9241899881453199,0.0,-2.3218650506002274,-0.3140749751072378,0.0,0.27640968713270353,0.34855812284416043,-2.156992547828688,-1.5600479792256838,-0.12991336322287003,0.12954929051639055,0.09304431459850547,-0.15871000000000002,0.0538,0.056490000000000005,-0.002452592630728512,0.0,-0.0010402905565012046,0.001806213451313943,0.0,0.007654526955395951
1395,13.950193699914962,circle,7.462056505983239,215.88656153965127,5.37029979750514,10.123000014573336,124371.0,124371.0,0.0,0.0,8.77,5e-05,1e-08,100.0,0.01,-0.07969711294316321,0.0,0.2606223533159264,-0.07308275191095846,0.0,0.257168005992026,0.001995921428211412,0.0,0.018496303511120245,1.5619059841567915,0.0,1.6732080964956442,-1.0204302218662398,0.0,-2.361007680689752,0.6561362513133632,0.0,0.34359386031851546,0.3209464686622189,-2.161594490192345,-1.5600479792256838,0.08608844153624914,0.23737623046930797,0.08044332762370608,-0.08608,0.09953000000000001,0.04573,-0.004987449328569719,0.0,-0.0020284851419268427,-0.001626911703635033,0.0,0.0054828324658272734
1396,13.960211999947205,circle,11.870253410421324,148.63712031398902,5.455400096252561,10.018300032243133,124371.0,124371.0,0.0,0.0,8.77,5e-05,1e-08,100.0,0.01,-0.08498743782898616,0.0,0.2575882859080644,-0.07312446554303603,0.0,0.2571725882169494,-0.10068978499333069,0.0,-0.048268606575135035,3.7615340857571136,0.0,3.0386611775157655,-1.0995892898662474,0.0,-2.395150000017379,1.790127813265502,0.0,0.48228250751272483,0.2964027760560486,-2.166196432556002,-1.5600479792256838,0.32272308173963576,0.3615779493166983,0.07436456227205021,-0.00807,0.12643000000000001,0.04573,-0.004102253551167598,0.0,-0.0017693544687368348,-0.007760718734782526,0.0,0.002185052159851826
1397,13.970053799916059,circle,15.346261562121342,36.2642092372339,4.00350010022521,9.841799968853593,124371.0,124371.0,0.0,0.0,8.77,5e-05,1e-08,100.0,0.01,-0.08843852453046008,0.0,0.255680081591799,-0.07316544893300497,0.0,0.2571770470982367,-0.19869276290963467,0.0,-0.11483497161297643,5.671867342729257,0.0,4.2720370016831515,-1.1407462668295396,0.0,-2.4060730815013165,2.796396709788512,0.0,0.626566929251485,0.27952898738930654,-2.1677304133438877,-1.5600479792256838,0.5413989199297962,0.46203439000655044,0.0532071958164327,0.17216,0.20175,0.040350000000000004,-0.002132874466169464,0.0,-0.0005660659093051874,-0.013140201131285646,0.0,-0.0009308995971324989
1398,13.980034499894828,circle,15.603390820341673,17.646818079285982,4.031500080600381,9.980699978768826,124371.0,124371.0,0.0,0.0,8.77,5e-05,1e-08,100.0,0.01,-0.0887374525616535,0.0,0.2556744336124888,-0.0732070154035103,0.0,0.25718152576935505,-0.27025293396429406,0.0,-0.1603501507559099,6.8039856417365945,0.0,4.95986607530546,-1.1237915390183197,0.0,-2.3816829583197547,3.379850534734785,0.0,0.6987420528217815,0.2764610258135354,-2.164662451768116,-1.5615819600135696,0.6869816184633416,0.5065077740946963,0.013954637093665727,0.28783000000000003,0.24748,0.02152,0.0008786433965171231,0.0,0.001263967249272906,-0.016409080554660324,0.0,-0.002771059406139136
1399,13.990146599942818,circle,11.983816312851424,265.8504645211501,3.9838000666350126,10.11210004799068,124371.0,124371.0,0.0,0.0,8.77,5e-05,1e-08,100.0,0.01,-0.08513248109782362,0.0,0.25873453837206994,-0.07324913386439033,0.0,0.2571860190955295,-0.2911932373110104,0.0,-0.163703998214591,6.695904928328393,0.0,4.6483572951187115,-1.0397868992078505,0.0,-2.3027162329452597,3.2744398068831493,0.0,0.5956338783436539,0.29026685290450605,-2.153924586252917,-1.5615819600135696,0.7013671841737499,0.4743146434962026,-0.029835218775620558,0.37122,0.27976,0.00538,0.004353365201028133,0.0,0.0040922857958808545,-0.016236712434461422,0.0,-0.002543766519340427
1400,14.000137999886647,circle,8.62819203690194,533.5580749706121,4.544700030237436,9.991399943828583,124371.0,124371.0,0.0,0.0,8.77,5e-05,1e-08,100.0,0.01,-0.07889444566369054,0.0,0.2637512335472211,-0.07329075424095162,0.0,0.25719041498058015,-0.2535269787634276,0.0,-0.12367904801750551,5.36030657768664,0.0,3.422431206150731,-0.9183524600043617,0.0,-2.193484457697098,2.5539483790931246,0.0,0.3593400712382598,0.31327656472279064,-2.135516816798289,-1.5615819600135696,0.5431534795613705,0.3792192963500512,-0.03369783153006504,0.36584,0.269,-0.01345,0.006293086465551996,0.0,0.005660708864233584,-0.011896777888290917,0.0,0.0009001097024073403
1401,14.010172599926591,circle,12.398613846863416,641.6130901088081,5.58870006352663,10.034600039944053,124371.0,124371.0,0.0,0.0,8.77,5e-05,1e-08,100.0,0.01,-0.07080692944954987,0.0,0.26933343587375197,-0.07333255917897953,0.0,0.25719478603971135,-0.16211593089497994,0.0,-0.04815085431618099,2.9853125102424114,0.0,1.5767069265379836,-0.7773484825736067,0.0,-2.083037489182124,1.4046631029161056,0.0,0.07560281076544159,0.3424221996926179,-2.11404108576789,-1.563115940801455,0.23390947637112952,0.23207078435251902,-0.0005570784796779596,0.25555,0.20982,-0.01614,0.007307236956655615,0.0,0.005723683720053466,-0.004781607227225958,0.0,0.00641496611398715
1402,14.020180999999866,circle,22.894356890165575,946.9024139754971,3.860299941152334,10.00840007327497,124371.0,124371.0,0.0,0.0,8.77,5e-05,1e-08,100.0,0.01,-0.059748974458332604,0.0,0.275597557960665,-0.07337425951814774,0.0,0.2571991019261753,0.002187564865909138,0.0,0.046113826118647026,-0.8190795241662114,0.0,-0.623632938541127,-0.5928254941119516,0.0,-1.9677275267853087,-0.32624413268758684,0.0,-0.09741164466741163,0.38230570017764454,-2.08949739316172,-1.5661839023772266,-0.24450083450609167,0.028684564694524253,0.07579371275992688,0.11567000000000001,0.13181,-0.01076,0.009562518910515842,0.0,0.005975698232415939,0.0040627661492992975,0.0,0.012422757802073758
1403,14.030187200056389,circle,32.082731414195294,489.08636837365304,4.141499986872077,10.006200056523085,124371.0,124371.0,0.0,0.0,8.77,5e-05,1e-08,100.0,0.01,-0.05047558858783378,0.0,0.2796319539364201,-0.07341595518986913,0.0,0.2572033731708073,0.21412366713010636,0.0,0.1364451856802338,-5.177553052602826,0.0,-2.5246284975763476,-0.4517595541499604,0.0,-1.900238868469095,-2.2110935929309985,0.0,-0.06908478471675027,0.41605327751112864,-2.0726236044949777,-1.5707858447408836,-0.7389245748206924,-0.18001849589671587,0.15693842794030174,-0.02152,0.024210000000000002,0.0269,0.007310448035565784,0.0,0.003497458917040279,0.01562991856646956,0.0,0.018931121848572492
1404,14.040161499986425,circle,34.27106046934297,0.4444738273628473,5.235700169578195,9.974299930036068,124371.0,124371.0,0.0,0.0,8.77,5e-05,1e-08,100.0,0.01,-0.04806754527637412,0.0,0.2802261591442646,-0.0734575223657826,0.0,0.2572075873142688,0.40748130735501054,0.0,0.20991197518380866,-8.459837301627344,0.0,-3.7481314071013814,-0.4470516992323874,0.0,-1.8999943414905707,-3.6482275045981267,0.0,0.032141540042487066,0.42525716223844245,-2.0695556429192066,-1.5738538063166547,-0.9877427230092075,-0.34371429944698173,0.1295285953402704,-0.39005,-0.08070000000000001,0.09146,0.0002439747592024935,0.0,1.2672100510424666e-05,0.02514600233020598,0.0,0.023005899729485357
1405,14.05012709996663,circle,28.80779899808044,420.73586464042046,3.9707000833004713,9.965599980205297,124371.0,124371.0,0.0,0.0,8.77,5e-05,1e-08,100.0,0.01,-0.05328649709707438,0.0,0.277738363458835,-0.07349905765859147,0.0,0.2572117544193271,0.5055211378703228,0.0,0.26341916515108604,-9.349574444190175,0.0,-4.2682447239336225,-0.5821173924343415,0.0,-1.9528531321681557,-4.1289165962332115,0.0,-0.00805120794035558,0.40531541199592913,-2.0772255468586347,-1.57538778710454,-0.9279804292094276,-0.4127275770298294,0.011653683124823538,-0.54338,-0.19099000000000002,0.07263,-0.006999497765418056,0.0,-0.0027392965486598107,0.027212058326935143,0.0,0.023265905588167737
1406,14.060159499989823,circle,18.65474572020574,993.5567533468159,3.9700998459011316,10.032400023192167,124371.0,124371.0,0.0,0.0,8.77,5e-05,1e-08,100.0,0.01,-0.06321314606659313,0.0,0.27275094792414506,-0.07354087573472341,0.0,0.2572159056716259,0.4715352765855874,0.0,0.2706343832257375,-7.620138594907357,0.0,-3.7723061568701635,-0.7868849048533284,0.0,-2.0408764445636858,-3.499540411142459,0.0,-0.11435693062533059,0.36849987308667376,-2.0956333163132626,-1.5738538063166547,-0.6748569412130713,-0.3377819367307219,-0.06533383607428456,-0.10491,-0.23134000000000002,0.00269,-0.010611649128871296,0.0,-0.004561624523675079,0.020939378797001577,0.0,0.02009666677619425
1407,14.070154699962586,circle,9.162394578247184,846.3066636782933,3.9675000589340925,9.995199972763658,124371.0,124371.0,0.0,0.0,8.77,5e-05,1e-08,100.0,0.01,-0.07339283141994334,0.0,0.2663804281729949,-0.07358254306394423,0.0,0.25721999783923744,0.3362408760978831,0.0,0.20949545596211352,-4.288760381195232,0.0,-2.073748338578279,-0.9674232373365498,0.0,-2.139472812083451,-2.097782509936385,0.0,-0.05422672883735846,0.3316843341774184,-2.1201770089194327,-1.572319825528769,-0.37430188812099197,-0.1361038477229521,-0.029220124429267774,-0.0538,-0.20175,-0.03766,-0.009356022427539194,0.0,-0.005109551047141501,0.009545734071540083,0.0,0.014269981380898964
1408,14.080167399952188,circle,10.679968050302447,821.458385522478,4.690299974754453,10.01269998960197,124371.0,124371.0,0.0,0.0,8.77,5e-05,1e-08,100.0,0.01,-0.08423979820444334,0.0,0.2583956559928199,-0.07362428761767317,0.0,0.25722405344175936,0.13044638248505308,0.0,0.08484517835122324,0.13879231092631059,0.0,0.7564118329719194,-1.1343839623408685,0.0,-2.2543511633170774,-0.0286324971406654,0.0,0.23939547336977157,0.29026685290450605,-2.147788663101374,-1.572319825528769,0.020156770440796848,0.1433931372161967,0.03269299720225019,-0.09953000000000001,-0.06187,-0.01076,-0.008652391246627833,0.0,-0.005953330884345127,-0.0019631193401423355,0.0,0.007124933435405652
1409,14.090377599932253,circle,21.789274007251358,681.1268629882031,3.790399990975857,10.210199980065227,124371.0,124371.0,0.0,0.0,8.77,5e-05,1e-08,100.0,0.01,-0.09381179804348516,0.0,0.2489242936290442,-0.07366685993568337,0.0,0.2572281439646364,-0.12030778328892211,0.0,-0.1254861885453898,5.079724411160317,0.0,5.039009851547055,-1.261196189470701,0.0,-2.3884220482987994,2.4912086568207887,0.0,1.009484635114792,0.251917333207365,-2.178468278859087,-1.5784557486803117,0.4554956593496883,0.4856996405549102,0.13842299791511256,-0.02152,0.05111,0.03228,-0.006571779105266594,0.0,-0.006947943904852419,-0.013573159002535203,0.0,-0.001355906430739775
1410,14.100157199893147,circle,26.391192534015598,21.04516368969631,3.8071998860687017,9.779599960893393,124371.0,124371.0,0.0,0.0,8.77,5e-05,1e-08,100.0,0.01,-0.09683959777882564,0.0,0.24452738963793247,-0.07370764090807638,0.0,0.2572320192939782,-0.3121939205706843,0.0,-0.3137789772725495,8.385141185500995,0.0,8.454123725952435,-1.2561413088105955,0.0,-2.4204643073639294,4.256462669594036,0.0,1.7431210481565944,0.24271344848005127,-2.1984100291016,-1.579989729468197,0.8733834203232839,0.7112679846918131,0.11561880030712315,0.23134000000000002,0.25824,0.08608,0.0002619586443165754,0.0,-0.0016605232269453901,-0.023393915515065835,0.0,-0.01104410642910035
1411,14.110141099896282,circle,23.620155427161063,323.9993515955541,3.886300139129162,9.983900003135204,124371.0,124371.0,0.0,0.0,8.77,5e-05,1e-08,100.0,0.01,-0.09405179528503346,0.0,0.24516449804992277,-0.07374927788414667,0.0,0.2572359324961655,-0.4646996546081443,0.0,-0.4569865880978904,10.332702538558905,0.0,10.542779184880576,-1.1451902390292024,0.0,-2.358095824184184,5.18950325033325,0.0,2.191563210527729,0.2595872371467933,-2.204545952253143,-1.5815237102560828,1.23908652895875,0.8222829181618629,-0.003561533825460282,0.47075,0.38467,0.05918,0.005749807716489544,0.0,0.0032321165227087185,-0.026052325117376332,0.0,-0.015303550968951448
1412,14.120134899858385,circle,14.28166308844056,1054.6090318574966,3.885500133037567,9.993799962103367,124371.0,124371.0,0.0,0.0,8.77,5e-05,1e-08,100.0,0.01,-0.08628103139950755,0.0,0.2503141996854025,-0.07379096022170359,0.0,0.25723980597980856,-0.5080473005886236,0.0,-0.4706832059175438,10.004150698492909,0.0,10.1164470442488,-0.9591497865303893,0.0,-2.2234874974472696,4.777729922020776,0.0,2.067529293187793,0.29793675684393417,-2.196876048313715,-1.5815237102560828,1.3290816209866647,0.78364817742164,-0.11576805641202997,0.048420000000000005,0.44923,-0.0,0.009641158318387601,0.0,0.0069757957025616164,-0.02213122949619156,0.0,-0.013901401996967645
1413,14.130144499940798,circle,4.048896504939796,928.1663206606745,3.8749000523239374,10.009600082412362,124371.0,124371.0,0.0,0.0,8.77,5e-05,1e-08,100.0,0.01,-0.07779725518363101,0.0,0.25642147143212496,-0.07383271249921389,0.0,0.2572436418591949,-0.4249042596907651,0.0,-0.38811794776897973,7.643646411537164,0.0,8.082914923472137,-0.7882829974305853,0.0,-2.0922897214914364,3.36065633326636,0.0,1.699496499761954,0.33475229575318965,-2.180002259646973,-1.5815237102560828,0.9968847915168916,0.650734585895346,-0.05467447151079406,0.02152,0.42771000000000003,-0.05918,0.008854814869235306,0.0,0.006799051023693919,-0.012819357553652428,0.0,-0.007621221450763865
1414,14.140246799914166,circle,11.010870227393696,1342.3339210818926,5.1200001034885645,10.102299973368645,124371.0,124371.0,0.0,0.0,8.77,5e-05,1e-08,100.0,0.01,-0.06585348006509728,0.0,0.2647904655893296,-0.07387485550207945,0.0,0.25724746888619604,-0.25141865249249873,0.0,-0.24207844129186973,3.5753454913796667,0.0,4.8609291290635905,-0.5788473534843968,0.0,-1.93979904276339,1.2382420793228437,0.0,1.2212168318813854,0.3777037578139876,-2.144720701525603,-1.5861256526197398,0.45309496178923864,0.4024086509202829,0.020108726218901224,0.0538,0.33894,-0.0269,0.010853565306241885,0.0,0.007902511286919472,-0.002832189869259715,0.0,-0.0003595145837858964
1415,14.150352400029078,circle,26.65188334390775,1313.1364452295368,4.65809996239841,10.105600114911795,124371.0,124371.0,0.0,0.0,8.77,5e-05,1e-08,100.0,0.01,-0.05257055970845696,0.0,0.2732090618293405,-0.0739170162989321,0.0,0.25725125255587733,0.041300945579395724,0.0,-0.05786257010570842,-2.449650335376971,0.0,1.0452951508812516,-0.36245010912974995,0.0,-1.8025800393520826,-1.4945018353449186,0.0,0.8487350715892718,0.4206552198747856,-2.1033032202526907,-1.5907275949833968,-0.400379065864924,0.05825582686659575,0.1951342721953288,0.24748,0.22327,-0.01345,0.01121433572356672,0.0,0.007111088574611072,0.010132120866908421,0.0,0.008846720698852114
1416,14.160248500062153,circle,36.68506360578095,358.88009220273017,4.430100088939071,9.896100033074617,124371.0,124371.0,0.0,0.0,8.77,5e-05,1e-08,100.0,0.01,-0.04346692843976922,0.0,0.27765270193646235,-0.07395830691448364,0.0,0.25725491454488686,0.3353207229674938,0.0,0.08803220352608793,-8.040096058753775,0.0,-1.7478527305602605,-0.2378833588055792,0.0,-1.753314135079327,-3.824107246410912,0.0,0.7321440336136819,0.44826687405672705,-2.075691566070749,-1.598397498922825,-1.0781886560868603,-0.25430105266375214,0.2914207884314482,-0.1883,0.04573,0.11836,0.006455411954505174,0.0,0.0025531027064944027,0.024035966520209246,0.0,0.017844684685081092
1417,14.170146799879149,circle,37.65415273089002,42.73341874246833,4.170499974861741,9.89829981699586,124371.0,124371.0,0.0,0.0,8.77,5e-05,1e-08,100.0,0.01,-0.04271020314330384,0.0,0.27820628397295666,-0.07399961048250611,0.0,0.25725853454151015,0.6021462519497813,0.0,0.2263452525120116,-12.214721254679878,0.0,-3.9116129586050943,-0.27417536941043286,0.0,-1.7819421092196783,-5.555160822880205,0.0,0.5763523070005551,0.44673289326884147,-2.0664876813434354,-1.6029994412864819,-1.3730681967152325,-0.5162544901794837,0.19294633641761672,-0.55952,-0.09953000000000001,0.15602000000000002,-0.0018807577343224746,0.0,-0.0014835850338710231,0.03317016507352474,0.0,0.022431334465317528
1418,14.180156799964607,circle,28.829711697270216,957.2877533287722,4.8640999011695385,10.01000008545816,124371.0,124371.0,0.0,0.0,8.77,5e-05,1e-08,100.0,0.01,-0.051008679982432664,0.0,0.2746013220882243,-0.07404138394607745,0.0,0.2572621518465195,0.6931488983628259,0.0,0.3241721769236227,-12.619499529373599,0.0,-4.937855249769608,-0.46890683752187556,0.0,-1.881661931690444,-5.818146119967023,0.0,0.21824505418782214,0.41298531593535737,-2.075691566070749,-1.606067402862253,-1.1562369516545388,-0.6018223689592483,-0.041569390350608165,-0.06994,-0.26631,0.10491,-0.010091552070625301,0.0,-0.005167771756136159,0.03312425603427009,0.0,0.02250694199784094
1419,14.190161699894816,circle,16.039033257936985,1439.6874610287948,3.917000023648143,10.004899930208921,124371.0,124371.0,0.0,0.0,8.77,5e-05,1e-08,100.0,0.01,-0.06331097931776634,0.0,0.2691489530960309,-0.07408313989181535,0.0,0.2572657235511591,0.5934188618043515,0.0,0.3457117750577584,-9.592265677544152,0.0,-4.556563110843641,-0.7101088502099794,0.0,-1.9991607066910706,-4.547371818414834,0.0,-0.14158716319965597,0.36696589229878807,-2.0987012778890337,-1.598397498922825,-0.7891121946818476,-0.47596580118744425,-0.13481281292007172,-0.00269,-0.31742000000000004,-0.01883,-0.01249979109277096,0.0,-0.0060891288791338136,0.023271951666819966,0.0,0.017972358424005568
1420,14.200434600003064,circle,4.151491018815255,1046.9108816415244,3.817599965259433,10.272900108247995,124371.0,124371.0,0.0,0.0,8.77,5e-05,1e-08,100.0,0.01,-0.0743930399574701,0.0,0.2614122401763661,-0.07412601821912099,0.0,0.25726934540693824,0.3604339718033828,0.0,0.26616408347821563,-4.674511033729934,0.0,-2.4046239397113216,-0.890981823702412,0.0,-2.1392696341085706,-2.3373620095105734,0.0,-0.15940392549728152,0.3270823918137614,-2.1293808936467467,-1.598397498922825,-0.3424447866000949,-0.16444233503723593,-0.06942305916708755,-0.01345,-0.24748,-0.07532,-0.009373364499686922,0.0,-0.007260852857043075,0.009106342761337812,0.0,0.011403747626470938
1421,14.21044970001094,circle,12.718607856277991,957.2985723525741,3.6278998013585806,10.015100007876754,124371.0,124371.0,0.0,0.0,8.77,5e-05,1e-08,100.0,0.01,-0.08583929914735922,0.0,0.2522191541768844,-0.07416782423520044,0.0,0.2572728319640632,0.08815757060781026,0.0,0.09597904879963402,0.8066230652735005,0.0,1.2763330499437089,-1.0501474084206908,0.0,-2.289373748838705,0.3207185093476389,0.0,0.32378360217807817,0.2841309297529635,-2.164662451768116,-1.596863518134939,0.1158838186172517,0.19158957949216898,0.030661798475588392,-0.11029,-0.11567000000000001,-0.03766,-0.008248424364144408,0.0,-0.007778832586766975,-0.003423050548014372,0.0,0.002725154799588174
1422,14.220146700041369,circle,23.786832766904453,422.91528942547393,4.67409985139966,9.697000030428171,124371.0,124371.0,0.0,0.0,8.77,5e-05,1e-08,100.0,0.01,-0.09378587606797054,0.0,0.24376571973803607,-0.07420830586986245,0.0,0.2572761660007925,-0.15239705541687892,0.0,-0.11465217845373872,5.409357434621169,0.0,5.486316745505404,-1.1276070790701278,0.0,-2.412441875882853,2.7561125610771753,0.0,1.1789430373458976,0.251917333207365,-2.1938080867379433,-1.601465460498596,0.5279170903775734,0.5194391161935518,0.1271586408271761,-0.01076,0.01614,0.01883,-0.0040141858288919655,0.0,-0.006377748929564865,-0.015563384369216123,0.0,-0.007132697333191572
1423,14.230219200020656,circle,27.859720833507428,47.585707740272426,5.374599946662784,10.072499979287386,124371.0,124371.0,0.0,0.0,8.77,5e-05,1e-08,100.0,0.01,-0.0959287453403986,0.0,0.23978068292281762,-0.0742503586495831,0.0,0.25727958561425635,-0.380099702561203,0.0,-0.35318927904808556,9.099552876529575,0.0,9.591035265063157,-1.0907269276460974,0.0,-2.4443658452155383,4.756773160869195,0.0,2.1460293840913782,0.24578141005582244,-2.212215856192571,-1.6045334220743677,0.9858664292223025,0.7751649127698681,0.10892881254161568,0.25555,0.25555,0.06994,0.001911236905250236,0.0,-0.0016543931083468598,-0.023589623596065732,0.0,-0.015844509583091863
1424,14.2400291999802,circle,24.15198195012512,459.7850493625323,4.211000166833401,9.809999959543347,124371.0,124371.0,0.0,0.0,8.77,5e-05,1e-08,100.0,0.01,-0.09225431376159196,0.0,0.24113824436363962,-0.0742913189344145,0.0,0.25728287346925754,-0.5235105848334463,0.0,-0.4954911528345886,10.782574414546158,0.0,11.58663456294238,-0.9540132360640355,0.0,-2.378801990828143,5.5367964649958346,0.0,2.6078123702372835,0.26725714108622145,-2.216817798556228,-1.606067402862253,1.354674397019778,0.8736087715980012,-0.032051599000084585,0.44385,0.43578,0.06456,0.007084901843282074,0.0,0.00339770996910806,-0.025047896670459535,0.0,-0.019542339074725985
1425,14.25036249984987,circle,14.20827586630305,1218.9022818333997,3.701200010254979,10.333299869671464,124371.0,124371.0,0.0,0.0,8.77,5e-05,1e-08,100.0,0.01,-0.0832113784321255,0.0,0.2461923486681769,-0.07433446781341677,0.0,0.2572862912027507,-0.5292812735015963,0.0,-0.49092736631916506,9.729877434577064,0.0,10.896447198176912,-0.738398489869403,0.0,-2.2585713985685416,4.6874452573306735,0.0,2.4735059707906304,0.3148105455106762,-2.213749836980457,-1.6076013836501388,1.336794509204465,0.8064286782947131,-0.11536539367567061,0.00538,0.47075,-0.01345,0.011173784388933766,0.0,0.006230699609246101,-0.020050695007642505,0.0,-0.017324642143819898
1426,14.260178199969232,circle,4.772613305548902,898.9235454651011,4.3738000094890594,9.815700119361281,124371.0,124371.0,0.0,0.0,8.77,5e-05,1e-08,100.0,0.01,-0.07472823746968951,0.0,0.2525299372760531,-0.07437545874767332,0.0,0.2572894944968033,-0.4285770400160616,0.0,-0.4038346202581895,7.079185855632899,0.0,8.784604560436922,-0.5649698926269028,0.0,-2.136634123989544,3.0628475630891483,0.0,2.1005762628306743,0.34855812284416043,-2.1892061443742863,-1.6122033260137958,0.9674798221187869,0.6728434865534625,-0.02277095200351892,0.00269,0.45192000000000004,-0.0538,0.008987575231582987,0.0,0.006319144859832666,-0.009340353953599181,0.0,-0.011078702080582831
1427,14.270173599943519,circle,11.861877963290954,1189.9201804326767,3.85090010240674,9.995399974286556,124371.0,124371.0,0.0,0.0,8.77,5e-05,1e-08,100.0,0.01,-0.06295650132028296,0.0,0.26035154539865935,-0.07441720348007437,0.0,0.2572927131344513,-0.23001789024614896,0.0,-0.24979050814094708,2.65502093914675,0.0,5.513298441490212,-0.35754937025556505,0.0,-2.0082879673628824,0.7018878301208911,0.0,1.6262818982004148,0.39150958490495835,-2.153924586252917,-1.619873229953224,0.35201231281972867,0.4075613200208347,0.0865966255657864,0.048420000000000005,0.37929,-0.00807,0.010749135834731867,0.0,0.006651271801234246,0.0007115663250595386,0.0,-0.0035924395370261902
1428,14.280153299914673,circle,26.287860565556887,1066.2613733312498,3.851099871098995,9.979699971154332,124371.0,124371.0,0.0,0.0,8.77,5e-05,1e-08,100.0,0.01,-0.05041179551020884,0.0,0.26791610218771716,-0.07445888598134498,0.0,0.25729588312278473,0.05651677133537595,0.0,-0.0740958950974384,-3.194686664156891,0.0,1.9424240038148255,-0.15304549836729955,0.0,-1.901090788998568,-2.050215549928073,0.0,1.2767975793713615,0.4329270661778707,-2.11404108576789,-1.627543133892652,-0.4822712638329489,0.06933078439956394,0.2675768504365739,0.20444,0.22865000000000002,0.00807,0.010597986508394467,0.0,0.005555270125465764,0.01344910396274167,0.0,0.005064948939466671
1429,14.290166199905798,circle,36.52375236983381,363.57495730409585,3.942699870094657,10.012899991124868,124371.0,124371.0,0.0,0.0,8.77,5e-05,1e-08,100.0,0.01,-0.04134547932623399,0.0,0.27261943553211654,-0.07450071045658625,0.0,0.2572990198763368,0.3762718912260387,0.0,0.08344142686626621,-9.151319849181478,0.0,-1.0222652359186974,-0.024939461038078037,0.0,-1.8590480599600174,-4.621263172846268,0.0,1.1206981151198832,0.45900473957192656,-2.0818274892222917,-1.636747018619966,-1.2217875860418599,-0.2762587864968864,0.38007686995205453,-0.23403000000000002,0.06187,0.15602000000000002,0.006638828119600364,0.0,0.0021787767195434217,0.0265164030107519,0.0,0.013141638936236318
1430,14.300143399974331,circle,36.380801423001564,89.96633467923621,3.819199977442622,9.97720006853342,124371.0,124371.0,0.0,0.0,8.77,5e-05,1e-08,100.0,0.01,-0.04174350712594557,0.0,0.2730436410136707,-0.07454238905979364,0.0,0.2573021018237005,0.6283889530661042,0.0,0.216998786211953,-12.983821549724318,0.0,-3.093984732260335,-0.07707342373387999,0.0,-1.9012424513834585,-6.2727882229134275,0.0,0.9068013446672925,0.45133483563249843,-2.071089623707092,-1.641348960983623,-1.468329062519679,-0.5413324653507093,0.251133105972808,-0.62139,-0.12912,0.20713,-0.0027017338506975866,0.0,-0.0021866363062302656,0.03550061578454566,0.0,0.017928175496200443
1431,14.310072799911723,circle,26.96342187753938,1016.608940016319,3.9041999261826277,9.929399937391281,124371.0,124371.0,0.0,0.0,8.77,5e-05,1e-08,100.0,0.01,-0.050682815741764406,0.0,0.2697857375076755,-0.0745838711578948,0.0,0.25730512577021514,0.6969257127374415,0.0,0.31203653026316225,-12.96848356823494,0.0,-4.10356949329634,-0.27684008310377123,0.0,-2.0057590950580906,-6.326011698089511,0.0,0.46923397512081116,0.41298531593535737,-2.0787595276465205,-1.641348960983623,-1.2361937909594185,-0.6149427238533655,0.018318937395342766,-0.00538,-0.29052,0.13719,-0.010352490352778604,0.0,-0.0054163570075172855,0.034253545768909,0.0,0.01789696874497763
1432,14.320139999967068,circle,14.099517170942406,1312.885179480699,3.8688001222908497,10.067200055345893,124371.0,124371.0,0.0,0.0,8.77,5e-05,1e-08,100.0,0.01,-0.06254562116014345,0.0,0.2645788058898302,-0.07462593213112327,0.0,0.25730814764603105,0.5794442754375201,0.0,0.33437079878654286,-9.721108317447172,0.0,-3.7563995197749587,-0.5008004130991367,0.0,-2.1302019717622325,-4.874370952453493,0.0,0.0657970627131898,0.36696589229878807,-2.1002352586769195,-1.6336790570441948,-0.8424634191067407,-0.4624632127564522,-0.06425758886779451,-0.00538,-0.33625,0.01076,-0.0116062768581872,0.0,-0.006448992462582161,0.023686587829167022,0.0,0.013719650706381294
1433,14.330114600015804,circle,1.4993654289984868,964.9927889473848,3.842500038444996,9.974600048735738,124371.0,124371.0,0.0,0.0,8.77,5e-05,1e-08,100.0,0.01,-0.07317848717824912,0.0,0.2571361354785577,-0.07466760933861469,0.0,0.25731109799221136,0.3580099715471467,0.0,0.2663843958326085,-5.0414935984061,0.0,-1.8016759020426354,-0.6643333543637059,0.0,-2.2768533153248756,-2.690759538796078,0.0,0.04207855398379071,0.3270823918137614,-2.1293808936467467,-1.6336790570441948,-0.39302401348053306,-0.16035433711409278,-0.015916272552054286,-0.00538,-0.2421,-0.01883,-0.008474753505629913,0.0,-0.007599899924457109,0.009963875665995476,0.0,0.007424937410803433
1434,14.34027919988148,circle,12.735849553047064,837.4222155240057,3.732300130650401,10.164599865674973,124371.0,124371.0,0.0,0.0,8.77,5e-05,1e-08,100.0,0.01,-0.08404156646309917,0.0,0.24864657505485915,-0.0747100835754162,0.0,0.2573140597508208,0.08978492371833836,0.0,0.10944832528765698,0.2977770291972514,0.0,1.611473829904647,-0.8049258733191471,0.0,-2.4255303289818775,-0.006309641110938234,0.0,0.504440037854678,0.2871988913287349,-2.166196432556002,-1.627543133892652,0.07248963857706939,0.18807930911275492,0.06357682326414608,-0.10222,-0.11029,-0.05111,-0.007285913979589822,0.0,-0.007704876050983466,-0.0020455689080931486,0.0,-0.0009626086449781588
1435,14.350201799999923,circle,24.984179993572077,546.1454210076032,5.392099963501096,9.92260011844337,124371.0,124371.0,0.0,0.0,8.77,5e-05,1e-08,100.0,0.01,-0.09259273343175878,0.0,0.2398268699513787,-0.07475154959966655,0.0,0.2573169073847491,-0.1783636090682633,0.0,-0.12188566366100967,5.358216350483869,0.0,6.167762062383541,-0.8884989571326367,0.0,-2.5680884249016946,2.753266918606366,0.0,1.4841911217332466,0.2503833524194794,-2.195342067525829,-1.632145076256309,0.5410164300242593,0.5550315175003533,0.16336766479472736,-0.02152,0.02959,0.03766,-0.004331000711831047,0.0,-0.007387775905025864,-0.013510183120261178,0.0,-0.010102261528344545
1436,14.36026700004004,circle,29.378424083000485,72.71849869481942,6.755300099030137,10.065200040116906,124371.0,124371.0,0.0,0.0,8.77,5e-05,1e-08,100.0,0.01,-0.09480125572782935,0.0,0.23580728819025792,-0.07479361454144828,0.0,0.2573197519207945,-0.39976937278126634,0.0,-0.34939231830516804,8.96826498336951,0.0,10.131929256051919,-0.8488393612898453,0.0,-2.6135091403554105,4.788858029795173,0.0,2.4716331678454178,0.24424742926793686,-2.2152838177683423,-1.6336790570441948,1.0055489900823493,0.8019549903355121,0.12502088109222448,0.31204000000000004,0.2959,0.09415,0.0020552758135548924,0.0,-0.0023538338180859007,-0.022062916999935962,0.0,-0.019158629912450657
1437,14.370255399961025,circle,26.398847539306654,376.0962808246893,6.623200140893459,9.988399920985103,124371.0,124371.0,0.0,0.0,8.77,5e-05,1e-08,100.0,0.01,-0.09190014038950267,0.0,0.23718072187920103,-0.07483536145768095,0.0,0.2573225309193943,-0.5384242449985002,0.0,-0.494775122538213,10.663051936079714,0.0,12.184965368241267,-0.7228382839343392,0.0,-2.5593931302799593,5.6067856116811665,0.0,2.9611260963115895,0.2626551987225645,-2.2198857601319992,-1.632145076256309,1.3824434630984106,0.9092317804159155,-0.013879045432226421,0.5111,0.41426,0.06725,0.006529742960497187,0.0,0.0028044493210432966,-0.023594521892318907,0.0,-0.022946258361236545
1438,14.380116399843246,circle,17.062336708753296,1129.9790695327133,4.215799970552325,9.860999882221222,124371.0,124371.0,0.0,0.0,8.77,5e-05,1e-08,100.0,0.01,-0.08347940273645046,0.0,0.24259041731545147,-0.07487657872956126,0.0,0.2573252316362823,-0.5478614887146293,0.0,-0.49146624966291563,9.744319081122782,0.0,11.485582793370245,-0.5153078330956928,0.0,-2.443504971042943,4.816078337551337,0.0,2.7761740555621572,0.3071406415712481,-2.213749836980457,-1.632145076256309,1.3837640429477167,0.837225423180624,-0.11302627450496067,0.00269,0.47613,-0.00269,0.010754832648208645,0.0,0.006005662077379202,-0.019357656655097852,0.0,-0.02074047639821002
1439,14.390534200007096,circle,7.996327993517034,937.6527117642638,5.588900065049529,10.417800163850188,124371.0,124371.0,0.0,0.0,8.77,5e-05,1e-08,100.0,0.01,-0.07486646007265382,0.0,0.24933189070718265,-0.07492012633495448,0.0,0.2573280386117799,-0.4223187085723889,0.0,-0.38667421962662957,6.7183003110601645,0.0,9.070696378058528,-0.3344256563501248,0.0,-2.324491216694975,2.94108408455569,0.0,2.297243598034028,0.34395618048050347,-2.190740125162172,-1.6336790570441948,0.9552616722333954,0.679832873912212,-0.008750997029487312,0.00269,0.44385,-0.06456,0.009373841439080112,0.0,0.006167639523139576,-0.00932017517677945,0.0,-0.014163787427736815
1440,14.400314299855381,circle,11.649704872295628,1191.8212460886502,4.017999861389399,9.780099848285317,124371.0,124371.0,0.0,0.0,8.77,5e-05,1e-08,100.0,0.01,-0.06331476030161429,0.0,0.25761429805070407,-0.07496101104374006,0.0,0.25733063052855293,-0.228938019063925,0.0,-0.23241965912800794,2.3879263541747027,0.0,5.748319276647247,-0.12582521012488457,0.0,-2.197696437074269,0.5761395357932274,0.0,1.7508705512909493,0.3884416233291871,-2.156992547828688,-1.636747018619966,0.3311068431094681,0.411581916158601,0.10476682768574569,0.06456,0.33356,0.04304,0.010810282926809536,0.0,0.006570874924506503,0.0008359678153162381,0.0,-0.0062872074023553595
1441,14.410127299837768,circle,24.34214653492147,882.6234897313109,3.961700014770031,9.812999982386827,124371.0,124371.0,0.0,0.0,8.77,5e-05,1e-08,100.0,0.01,-0.05199892726730146,0.0,0.2652954180110349,-0.07500203593454971,0.0,0.25733318907873476,0.03039025625344467,0.0,-0.05632564800024396,-2.923431456775163,0.0,2.16014816152047,0.059354411919848915,0.0,-2.098501265488473,-1.9420030018673577,0.0,1.2840043102692862,0.42525716223844245,-2.1171090473436616,-1.641348960983623,-0.45558604538284975,0.08010205624594946,0.2649363925672349,0.17754,0.25555,0.06187,0.009596547576037765,0.0,0.005140582818590913,0.013406561091210486,0.0,0.0028216461137092284
1442,14.42013409989886,circle,34.327225576447326,343.35954284996524,3.9615000132471323,10.00680006109178,124371.0,124371.0,0.0,0.0,8.77,5e-05,1e-08,100.0,0.01,-0.04331814511450191,0.0,0.27044439921711566,-0.07504387372406743,0.0,0.25733575474224735,0.34588416712348213,0.0,0.10847844277866911,-8.754960369033705,0.0,-0.9536342006738381,0.18385151421946527,0.0,-2.057654617382451,-4.489739100922787,0.0,1.0424801214943746,0.45133483563249843,-2.0864294315859486,-1.64595090334728,-1.189589452117013,-0.2637790002229578,0.375072618712685,-0.20175,0.06456,0.15064,0.0064518025909378815,0.0,0.0021167923205741446,0.025273926018627636,0.0,0.01099185215429417
1443,14.430442800046876,circle,33.80536767255319,113.46910297973825,3.9733999874442816,10.308700148016214,124371.0,124371.0,0.0,0.0,8.77,5e-05,1e-08,100.0,0.01,-0.044096553879741804,0.0,0.27084378004621235,-0.07508697652546562,0.0,0.25733835196281146,0.6086101057504525,0.0,0.260779069106113,-12.699603103805517,0.0,-3.2997926769259607,0.12872143204453151,0.0,-2.108978385642118,-6.19694515872896,0.0,0.7375107319533422,0.4436649316930702,-2.0787595276465205,-1.6474848841351653,-1.4310319293971003,-0.5322098703456295,0.2377146670893991,-0.62677,-0.14257,0.20713,-0.0028570014919612474,0.0,-0.0026597472143368474,0.03384742413768506,0.0,0.01616517529773773
1444,14.440128899877891,circle,24.275022810329155,1034.5644290886457,3.9741999935358763,9.686099831014872,124371.0,124371.0,0.0,0.0,8.77,5e-05,1e-08,100.0,0.01,-0.053152734239909405,0.0,0.2676551738517415,-0.07512747863944202,0.0,0.2573407499212832,0.6565347302573461,0.0,0.34676036461181214,-12.362210893534682,0.0,-4.173479374269013,-0.06990196402027846,0.0,-2.219779865732025,-6.08999519774864,0.0,0.3151687817650101,0.40531541199592913,-2.087963412373834,-1.644416922559394,-1.1697432143263007,-0.579553692608195,0.01292660190260625,-0.00538,-0.28245000000000003,0.1345,-0.01029324311715945,0.0,-0.005742055542814189,0.03226798751669207,0.0,0.016056479473272472
1445,14.450271700043231,circle,11.512040050106437,1294.5249421445953,3.9419999811798334,10.142800165340304,124371.0,124371.0,0.0,0.0,8.77,5e-05,1e-08,100.0,0.01,-0.06496725777577458,0.0,0.2626755053750435,-0.07516989301513974,0.0,0.2573432169087545,0.5460130506571768,0.0,0.3690628141605506,-9.224681639642789,0.0,-3.844667185100636,-0.29078028902402175,0.0,-2.346029668309181,-4.650939853060265,0.0,-0.058484899962886236,0.35929598835935994,-2.109439143404233,-1.6336790570441948,-0.7861637540845157,-0.431016889971395,-0.06978258617056457,-0.00538,-0.32011,0.00269,-0.0114465583794199,0.0,-0.006542632626198884,0.021649193618785055,0.0,0.01187492109248791
1446,14.460203599883243,circle,1.7470327028217125,947.6627064596705,3.9502999279648066,9.931899840012193,124371.0,124371.0,0.0,0.0,8.77,5e-05,1e-08,100.0,0.01,-0.07562558478755263,0.0,0.25564835666591507,-0.07521142798049212,0.0,0.25734558894344634,0.32033154233837696,0.0,0.2976821048961488,-4.482260348947825,0.0,-1.883607365790537,-0.4542637276684738,0.0,-2.489752667902042,-2.379991092579765,0.0,-0.06621926512551643,0.3194124878743333,-2.13858477837406,-1.6290771146805378,-0.3245143688649086,-0.1274518838111677,-0.031019567756360736,-0.00269,-0.23403000000000002,-0.0538,-0.008472188135618642,0.0,-0.007448144607566821,0.008058031328558127,0.0,0.005750912330035552
1447,14.470067499903962,circle,15.180991259928678,871.4293468930382,4.293799865990877,9.863900020718575,124371.0,124371.0,0.0,0.0,8.77,5e-05,1e-08,100.0,0.01,-0.08660999175223688,0.0,0.24727447218043222,-0.07525268099190227,0.0,0.2573479019800198,0.05700525887710462,0.0,0.1306699569833665,0.7977315928550843,0.0,1.6634089719035943,-0.5983357266708097,0.0,-2.640798112878456,0.29676035043213905,0.0,0.45968373285500697,0.27799500660142096,-2.17386633649543,-1.6214072107411097,0.14782902272489049,0.22293410925771662,0.046237127430724334,-0.09684000000000001,-0.09684000000000001,0.01076,-0.007466230773852599,0.0,-0.00782761506290254,-0.003891079986482011,0.0,-0.0022458147366850173
1448,14.480074899969622,circle,26.679668307430166,487.8924666024747,4.13250015117228,10.007400065660477,124371.0,124371.0,0.0,0.0,8.77,5e-05,1e-08,100.0,0.01,-0.09466146499262294,0.0,0.23900008837506445,-0.0752945365711589,0.0,0.25735020511889967,-0.20142912612614364,0.0,-0.0987005169553709,5.662277488321702,0.0,6.132732371097472,-0.6744489767410558,0.0,-2.7771850495471417,2.9657601274731324,0.0,1.430315504555556,0.24424742926793686,-2.203011971465257,-1.622941191528995,0.6031677241954057,0.5731795977238889,0.13500083851152192,-0.0,0.03497,0.02152,-0.003944410391384908,0.0,-0.0070679684515983915,-0.015422518030079142,0.0,-0.011282148292236824
1449,14.490128499921411,circle,30.277490167930434,53.68181444071013,3.9121999870985746,10.053599951788783,124371.0,124371.0,0.0,0.0,8.77,5e-05,1e-08,100.0,0.01,-0.09666398446328515,0.0,0.23586134720616928,-0.07533658778687508,0.0,0.25735247472140627,-0.42282201747598924,0.0,-0.33198643190967975,9.241965538673108,0.0,10.07937290986271,-0.6339362214475027,0.0,-2.809477577793784,4.962326785306527,0.0,2.3930984659516956,0.2381115061163943,-2.218351779344114,-1.622941191528995,1.0643745164871483,0.8092258896351872,0.09093847839853976,0.29859,0.30935,0.07263,0.0020994890221616297,0.0,-0.0016734929051458354,-0.02342688569857171,0.0,-0.019817634610091155
1450,14.50013539986685,circle,25.829397699066423,495.25112861745276,4.6714001800864935,10.006899945437908,124371.0,124371.0,0.0,0.0,8.77,5e-05,1e-08,100.0,0.01,-0.09275368612179918,0.0,0.2382429442939524,-0.07537844602013355,0.0,0.2573546898161701,-0.5521700611660072,0.0,-0.4587138198846615,10.686437847322225,0.0,11.731064873114144,-0.49286308119446787,0.0,-2.7397572397996215,5.607911664811301,0.0,2.7566632689979262,0.2611212179346789,-2.2198857601319992,-1.6214072107411097,1.3934217637828956,0.8761688155629924,-0.06011865490914252,0.40081,0.4304,0.04573,0.0073108211756272995,0.0,0.0036131110604426565,-0.024686061277292934,0.0,-0.022724856582660356
1451,14.510498599847779,circle,15.745032562689884,1180.6716732254056,3.6180000752210617,10.363199980929494,124371.0,124371.0,0.0,0.0,8.77,5e-05,1e-08,100.0,0.01,-0.08388909614307384,0.0,0.24408249229921553,-0.0754217970559235,0.0,0.25735693754445677,-0.5436255419676723,0.0,-0.4417760311075034,9.43645711893802,0.0,10.766260473664664,-0.28180843582092874,0.0,-2.6193848163484,4.629534705391441,0.0,2.522495489636633,0.3071406415712481,-2.212215856192571,-1.6214072107411097,1.3145001628817676,0.786625956687851,-0.12454430562810198,0.00807,0.47344,-0.0269,0.010937466677525005,0.0,0.006238049714852326,-0.019404765764675345,0.0,-0.019512494960093565
1452,14.520121899899095,circle,6.579571466971135,831.7476181915874,3.8309998344630003,9.623300051316619,124371.0,124371.0,0.0,0.0,8.77,5e-05,1e-08,100.0,0.01,-0.07558186970735911,0.0,0.2507805022040132,-0.07546205512642995,0.0,0.2573589826634489,-0.4258241932992665,0.0,-0.34404068666971055,6.555929271361233,0.0,8.456383624819688,-0.11319415067210153,0.0,-2.5046825768178245,2.8686255001003818,0.0,2.085227193559793,0.3393542381168466,-2.1846042020106298,-1.6260091531047662,0.8926565341433665,0.6353916821039212,-0.012753446333676421,0.00269,0.41964,-0.06187,0.008738083551328523,0.0,0.005944204262752757,-0.008857898132257685,0.0,-0.012522684722188466
1453,14.530187499942258,circle,12.424990289304946,1269.7975543358061,4.6385000459849834,10.065600043162704,124371.0,124371.0,0.0,0.0,8.77,5e-05,1e-08,100.0,0.01,-0.06320129616114642,0.0,0.25909883120171606,-0.07550416569543758,0.0,0.25736107836787214,-0.21797048279772374,0.0,-0.18922657321582997,1.9314064459735556,0.0,5.125993351831418,0.10538924463213845,0.0,-2.3793383427499544,0.37704516357109047,0.0,1.5941839154813795,0.3853736617534158,-2.147788663101374,-1.6336790570441948,0.24506200886001256,0.35700288192154117,0.10554407555508177,0.06187,0.34432,-0.00269,0.011327628435607695,0.0,0.006495703427474067,0.0009752410986834659,0.0,-0.004757950593630147
1454,14.540476100053638,circle,26.43350483190499,1014.7065117559398,4.275199957191944,10.28860011138022,124371.0,124371.0,0.0,0.0,8.77,5e-05,1e-08,100.0,0.01,-0.05099581313722072,0.0,0.2671590420043053,-0.07554721146872354,0.0,0.2573631746273843,0.10526443274561395,0.0,0.006264719291844523,-4.437171936609388,0.0,1.209400744227313,0.3038134639980974,0.0,-2.272740243532346,-2.610460080199922,0.0,1.1728146262665804,0.42525716223844245,-2.106371181828462,-1.6382809994078518,-0.668812763656666,-0.012147949824904858,0.30768061151027615,0.12105,0.22596000000000002,0.04304,0.010282921200279738,0.0,0.005524224098534198,0.014268477131223076,0.0,0.0042716432783868104
1455,14.55011079995893,circle,34.58618708088264,178.59861339466607,3.873900044709444,9.6346999052912,124371.0,124371.0,0.0,0.0,8.77,5e-05,1e-08,100.0,0.01,-0.04377229070835141,0.0,0.2709295823922179,-0.07558752345957521,0.0,0.25736509560578663,0.392787674064341,0.0,0.14324431175421817,-9.705801426472956,0.0,-1.3467332987118996,0.3969711620395324,0.0,-2.2568791601723057,-4.922594074932564,0.0,1.039681078056342,0.4451989124809558,-2.0787595276465205,-1.6474848841351653,-1.2643370574276167,-0.31290285396561646,0.37596588082260335,-0.2959,0.02152,0.15333,0.004827703348011109,0.0,0.0008219675544826437,0.026987529403212696,0.0,0.012742519231948652
1456,14.560217699967325,circle,32.786569809713654,200.73874287341386,3.9464000146836042,10.106900008395314,124371.0,124371.0,0.0,0.0,8.77,5e-05,1e-08,100.0,0.01,-0.04566161378040409,0.0,0.27066617159422973,-0.0756298132157774,0.0,0.25736706701952555,0.6241225314120631,0.0,0.2720915454582036,-13.030419937500726,0.0,-3.2466469599897243,0.3179632991679696,0.0,-2.318480253897491,-6.408159757599478,0.0,0.8020102295137148,0.4329270661778707,-2.0726236044949777,-1.6505528457109369,-1.4283900609232045,-0.5446282656230418,0.2297625483697918,-0.62139,-0.16409,0.20982,-0.004094417660842092,0.0,-0.003192348165214947,0.0340626170962154,0.0,0.016491452739919126
1457,14.57010729983449,circle,22.22630715203161,1195.536020989814,4.013299942016602,9.889599867165089,124371.0,124371.0,0.0,0.0,8.77,5e-05,1e-08,100.0,0.01,-0.05571863137095241,0.0,0.26716200663847683,-0.07567119573184725,0.0,0.2573689527204796,0.6610453016367431,0.0,0.3535261461783104,-12.395542693498287,0.0,-4.007810115019831,0.10064418730277996,0.0,-2.4305034866111392,-6.178740293770838,0.0,0.3795118710448526,0.39150958490495835,-2.084895450798063,-1.644416922559394,-1.1535235653357367,-0.5816971714682055,0.007189267587418752,-0.00269,-0.28783000000000003,0.12912,-0.011262109584027406,0.0,-0.00580537032362222,0.03121467394492224,0.0,0.01559842424161945
1458,14.580448499880731,circle,9.697485367954705,1212.7935495879192,3.5331998951733112,10.341200046241283,124371.0,124371.0,0.0,0.0,8.77,5e-05,1e-08,100.0,0.01,-0.0670811633522841,0.0,0.2617875786614588,-0.07571447000961348,0.0,0.25737087869177466,0.5098462480119389,0.0,0.3473077902398745,-8.685228011554251,0.0,-3.2108177966663956,-0.1093827864565009,0.0,-2.5590661086010265,-4.474381202010435,0.0,0.0805914067356761,0.34702414205627474,-2.106371181828462,-1.636747018619966,-0.7400909655158742,-0.3767921334180185,-0.028933667424026893,-0.00269,-0.31473,0.00269,-0.010884209740126188,0.0,-0.006662489667076185,0.019517516397455567,0.0,0.01107918963676032
1459,14.590095699997619,circle,3.8424986499601026,954.9463740182591,3.926499979570508,9.647200116887689,124371.0,124371.0,0.0,0.0,8.77,5e-05,1e-08,100.0,0.01,-0.0772376796661623,0.0,0.2538277793771745,-0.07575484200082791,0.0,0.257372633158815,0.30136640071602916,0.0,0.26993713664368113,-4.264270763728107,0.0,-1.0557473409265792,-0.26110162251030034,0.0,-2.7163197682957807,-2.382377376486006,0.0,0.17157854091933591,0.3086746223591337,-2.1370507975861748,-1.6382809994078518,-0.29955019821929496,-0.08236644563902144,0.01399266542751089,-0.01614,-0.19368000000000002,-0.024210000000000002,-0.007862512150606089,0.0,-0.008149342838610022,0.006379674485271703,0.0,0.004604489056969533
1460,14.600115699926391,circle,17.034493388365195,816.5604150789641,3.881199983879924,10.01999992877245,124371.0,124371.0,0.0,0.0,8.77,5e-05,1e-08,100.0,0.01,-0.08847441537776232,0.0,0.24599674008918773,-0.07579677595383952,0.0,0.25737441224280755,0.038210239865227244,0.0,0.09841549725061483,1.0291710928294062,0.0,2.511857993713301,-0.40988761660631956,0.0,-2.8530338813741594,0.35463343633684236,0.0,0.7134686124192425,0.26572316029833587,-2.170798374919659,-1.6260091531047662,0.1647785643463258,0.2631925295282228,0.0895988602026011,-0.1345,-0.040350000000000004,0.01345,-0.007710523734871887,0.0,-0.007084923686449339,-0.004967115689050917,0.0,-0.0042927484671704775
1461,14.610135999973863,circle,27.893612911560425,439.1782761013357,3.863999852910638,10.02030004747212,124371.0,124371.0,0.0,0.0,8.77,5e-05,1e-08,100.0,0.01,-0.09544435261686582,0.0,0.23753496453005,-0.07583871300663107,0.0,0.25737614737618003,-0.22484673519191498,0.0,-0.14168575540784417,5.8478321830813185,0.0,7.14678411589956,-0.46649038411522437,0.0,-2.9899829248735563,3.0342275858689858,0.0,1.7686126736410748,0.23504354454062293,-2.1984100291016,-1.6336790570441948,0.6251425068928442,0.6135891778428069,0.17605646042865844,-0.0,0.11836,0.04573,-0.0029333203369612225,0.0,-0.007097098465388118,-0.016672319273273523,0.0,-0.012744084380741922
1462,14.620138899888843,circle,31.054082893686395,42.97279196225904,5.215700017288327,10.002899914979935,124371.0,124371.0,0.0,0.0,8.77,5e-05,1e-08,100.0,0.01,-0.0973158620273033,0.0,0.23490819592882078,-0.07588057902920126,0.0,0.25737783560459715,-0.4340087759130939,0.0,-0.3688385113696503,9.21197331181637,0.0,10.946413280326833,-0.4255906767909858,0.0,-3.011796992327944,4.916607207183689,0.0,2.7060140823835517,0.23044160217696597,-2.213749836980457,-1.6306110954684232,1.1053866545329487,0.8490512148196951,0.11629666894635335,0.31473,0.34163,0.10491,0.0021195420038618573,0.0,-0.0011304685355841212,-0.023554825001963903,0.0,-0.021339171140192244
1463,14.630113000050187,circle,25.733970390677186,590.8495493621967,3.8346999790519476,9.974100161343813,124371.0,124371.0,0.0,0.0,8.77,5e-05,1e-08,100.0,0.01,-0.09260774019641937,0.0,0.23778778845776893,-0.07592232625157802,0.0,0.257379475305959,-0.550868224679772,0.0,-0.4749923936689859,10.382676225722017,0.0,12.22717038581115,-0.272806409761203,0.0,-2.9330604365467696,5.4003386598863985,0.0,2.977672678661937,0.2580532563589075,-2.2152838177683423,-1.6290771146805378,1.4031206422822344,0.8874769130670923,-0.04965475594247225,0.30397,0.47344,0.06456,0.007917725888149728,0.0,0.004080357736905113,-0.024603139832991082,0.0,-0.023672044585095184
1464,14.64004429988563,circle,15.568001998412347,1153.893093253264,3.9890999905765057,9.931299835443497,124371.0,124371.0,0.0,0.0,8.77,5e-05,1e-08,100.0,0.01,-0.08383933381385719,0.0,0.24395198554095784,-0.07596389600957851,0.0,0.25738106464615,-0.5365551019618013,0.0,-0.44818103133194115,9.046125936047254,0.0,11.070876661908333,-0.06745372757657553,0.0,-2.808461357167174,4.371905825545303,0.0,2.690693776157003,0.30253869920759113,-2.204545952253143,-1.6290771146805378,1.2992790693357583,0.7951727511504758,-0.09777540703191773,0.00269,0.48958,-0.02152,0.010641974331147993,0.0,0.00645708734035514,-0.018517412135426677,0.0,-0.01988616644554731
1465,14.650024499977008,circle,5.973692948666184,946.8042830219122,4.003599984571338,9.9802000913769,124371.0,124371.0,0.0,0.0,8.77,5e-05,1e-08,100.0,0.01,-0.07496297049200529,0.0,0.2515006304300688,-0.07600567209336273,0.0,0.25738261825864095,-0.404583837920509,0.0,-0.33842461628187775,5.897984257252002,0.0,8.48444096291248,0.10825465130665499,0.0,-2.6801384062140303,2.4540694014021254,0.0,2.187992133149504,0.3378202573289609,-2.175400317283316,-1.6306110954684232,0.8450148747705337,0.623360528922987,0.011321783316423167,0.00807,0.42502,-0.04573,0.009105720158852361,0.0,0.006650069215617711,-0.008063018557494918,0.0,-0.012532057044189844
1466,14.660044299904257,circle,13.240560836227916,1165.3571878775842,3.903500037267804,10.01979992724955,124371.0,124371.0,0.0,0.0,8.77,5e-05,1e-08,100.0,0.01,-0.06305574815157655,0.0,0.2599383135907723,-0.07604761554833991,0.0,0.25738413411337263,-0.18551032971526268,0.0,-0.16844067928698564,1.1519673596208608,0.0,4.901952395045471,0.31495787515670265,0.0,-2.555472305593707,-0.043623023393274306,0.0,1.630783895336743,0.38077171938975884,-2.1370507975861748,-1.636747018619966,0.14236669359169724,0.32524765958161855,0.14606238726608164,0.08070000000000001,0.33087,-0.01076,0.010711963335351139,0.0,0.006460560576330805,0.0022799040614122235,0.0,-0.00390638109893114
1467,14.670134699903429,circle,26.634365155859985,854.3939451139346,6.294899852946401,10.090399999171495,124371.0,124371.0,0.0,0.0,8.77,5e-05,1e-08,100.0,0.01,-0.05142850139935655,0.0,0.2674457846813177,-0.07608985612320063,0.0,0.25738561617177363,0.10548384355732114,0.0,0.006588075249966648,-4.662159377285916,0.0,1.3507489666722041,0.4998529837674417,0.0,-2.4630953817029435,-2.7529162611949656,0.0,1.2619899842112305,0.4191212390868999,-2.0987012778890337,-1.641348960983623,-0.6877193475620572,-0.016288692536415017,0.32154033232237605,0.10491,0.20982,0.06456,0.00958180326089552,0.0,0.004787241356565589,0.015079551462948558,0.0,0.005272927152978465
1468,14.680305199930444,circle,34.15996285237343,127.37531999235566,3.94399999640882,10.170500027015805,124371.0,124371.0,0.0,0.0,8.77,5e-05,1e-08,100.0,0.01,-0.04493395014346442,0.0,0.27129956617205986,-0.07613243357467323,0.0,0.2573870648272936,0.42037742832641284,0.0,0.16627835189243362,-10.243557677953971,0.0,-1.5376193327860506,0.5782741140779855,0.0,-2.4483003717186778,-5.178130252140996,0.0,1.0564307407239977,0.43752900854152765,-2.0741575852828635,-1.64595090334728,-1.3213033954328053,-0.342689937449858,0.3825686277011267,-0.36046,-0.07263,0.18561,0.004064011469955334,0.0,0.0007667205259100432,0.02713447196125347,0.0,0.013145780818856194
1469,14.690288299927488,circle,31.516663237358273,266.00484300428656,4.369399975985289,9.98309999704361,124371.0,124371.0,0.0,0.0,8.77,5e-05,1e-08,100.0,0.01,-0.04766682100546411,0.0,0.27082822725881595,-0.07617422797805302,0.0,0.25738844268776573,0.632046648404049,0.0,0.29762632623310914,-13.168379658983085,0.0,-3.450744165674498,0.48401035819994037,0.0,-2.5147427262674045,-6.467095711089058,0.0,0.7534387961807728,0.4221892006626712,-2.0695556429192066,-1.6474848841351653,-1.4180844777190005,-0.55634004054448,0.2096726556356121,-0.59987,-0.17754,0.21251,-0.004885022487847744,0.0,-0.0034432364071722635,0.033392429460436655,0.0,0.01688302097822248
1470,14.700236399890855,circle,20.051273151416563,1359.8420013498578,3.836799878627062,9.948099963366985,124371.0,124371.0,0.0,0.0,8.77,5e-05,1e-08,100.0,0.01,-0.05851014387196393,0.0,0.26680043429492056,-0.07621587726346869,0.0,0.25738977225329607,0.6452902543921116,0.0,0.3737121438418864,-12.0799809656311,0.0,-4.0699787424397105,0.2536109089977534,0.0,-2.636841841230708,-6.035876140606203,0.0,0.31149657732066677,0.3777037578139876,-2.0833614700101775,-1.641348960983623,-1.0878693609627086,-0.5636982503973209,-0.01602011375683446,-0.00807,-0.29052,0.12105,-0.011939970777278978,0.0,-0.006327531900105061,0.02964570416878374,0.0,0.015738193941729556
1471,14.710240500047803,circle,7.9516668429052695,1110.6860708640552,3.822099883109331,10.00410015694797,124371.0,124371.0,0.0,0.0,8.77,5e-05,1e-08,100.0,0.01,-0.0696223557013721,0.0,0.2617728898058548,-0.07625776237643586,0.0,0.25739106554681856,0.49888431700720376,0.0,0.36710826224388854,-8.455196085175075,0.0,-3.2954933090390464,0.0511757512235792,0.0,-2.757483088075012,-4.346923535772268,0.0,0.02833237912049494,0.33475229575318965,-2.104837201040576,-1.6306110954684232,-0.7174327587345966,-0.36275231232854094,-0.0290122432424412,-0.00269,-0.29321,-0.0269,-0.010490779715347322,0.0,-0.0062519809263581055,0.017126186390411087,0.0,0.010633805185394321
1472,14.720125499879941,circle,5.064127371391994,938.1261220981962,3.8187000900506973,9.88499983213842,124371.0,124371.0,0.0,0.0,8.77,5e-05,1e-08,100.0,0.01,-0.08005659714019797,0.0,0.2539971599716283,-0.07629915014919361,0.0,0.2573923003433175,0.26770143475192554,0.0,0.27112982758284393,-3.674213290487684,0.0,-0.8923931235031297,-0.1034454676190561,0.0,-2.9091359310702156,-2.060432667526779,0.0,0.16217159529860561,0.2964027760560486,-2.1370507975861748,-1.627543133892652,-0.23946149193084765,-0.048131096505895005,0.010400478792246759,-0.02959,-0.18561,0.00538,-0.008012922083456088,0.0,-0.007859092198024326,0.0042554750924517284,0.0,0.004463951826335128
1473,14.730255200061947,circle,19.177998002732483,899.283858230357,3.7741002161055803,10.129700182005763,124371.0,124371.0,0.0,0.0,8.77,5e-05,1e-08,100.0,0.01,-0.091159822423864,0.0,0.2452191704441064,-0.07634156376712978,0.0,0.25739352125944487,-0.001789398744102111,0.0,0.08066639761660448,1.7014250776728217,0.0,3.0552067962571434,-0.2492105644622929,0.0,-3.0631382994084975,0.7141071617662818,0.0,0.8119426105515593,0.2534513139952508,-2.1723323557075442,-1.619873229953224,0.24350116227815435,0.3171094297396386,0.0981622164407972,-0.12912,-0.02959,0.01076,-0.00755397203718214,0.0,-0.007980851447163033,-0.007264286619552083,0.0,-0.004193499368175431
1474,14.740128499921411,circle,29.728478143636263,380.2802078731554,3.8544998969882727,9.873299859464169,124371.0,124371.0,0.0,0.0,8.77,5e-05,1e-08,100.0,0.01,-0.09848445731433814,0.0,0.23751241960774738,-0.07638290504644588,0.0,0.2573946679737216,-0.25958001805822317,0.0,-0.16048941473915776,6.478035865746659,0.0,7.639783948857927,-0.31367366009691633,0.0,-3.185033827197089,3.3860838341308437,0.0,1.8339452146679351,0.22277169823753784,-2.199944009889486,-1.619873229953224,0.7141477666612375,0.6598945979319157,0.16965896729334304,0.024210000000000002,0.14795,0.048420000000000005,-0.0033406654432359545,0.0,-0.006316981419515319,-0.018760886824656306,0.0,-0.013565266946458923
1475,14.750356799922884,circle,32.78309029575077,71.67065043539921,3.635099856182933,10.228300001472235,124371.0,124371.0,0.0,0.0,8.77,5e-05,1e-08,100.0,0.01,-0.09972341307057278,0.0,0.23433178778931943,-0.07642573400156949,0.0,0.2573958108411869,-0.4648990191482084,0.0,-0.3865341210974878,9.723133640332392,0.0,11.468902564426505,-0.2629426319560042,0.0,-3.21681267716898,5.222558282310658,0.0,2.805008844146666,0.21970373666176646,-2.2152838177683423,-1.622941191528995,1.1623246610299045,0.8706524177775831,0.10523110266412353,0.36315000000000003,0.36853,0.09415,0.0026290296943038798,0.0,-0.0016468726002332422,-0.02592670876330717,0.0,-0.02141715045163423
1476,14.760120799997821,circle,27.061458840839048,599.3251044282383,4.15439996868372,9.76400007493794,124371.0,124371.0,0.0,0.0,8.77,5e-05,1e-08,100.0,0.01,-0.0950214146089757,0.0,0.23769807357597433,-0.07646661991367268,0.0,0.2573968590311637,-0.5719485380399394,0.0,-0.49367874479244206,10.739109112736067,0.0,12.720618685755017,-0.11354240363077164,0.0,-3.129372257466302,5.585893993508259,0.0,3.062754694935662,0.24731539084370802,-2.2152838177683423,-1.619873229953224,1.4833104814811162,0.9153037893831893,-0.06737359618940766,0.23672,0.47882,0.06187,0.007742355142336649,0.0,0.004531417325945027,-0.02629714983763967,0.0,-0.02423020278113441
1477,14.77013359987177,circle,15.937748017318063,1230.9045500560753,3.8641998544335365,10.012799873948097,124371.0,124371.0,0.0,0.0,8.77,5e-05,1e-08,100.0,0.01,-0.08594510065226353,0.0,0.24455408656161046,-0.07650854874407165,0.0,0.25739789051322565,-0.5491133510589358,0.0,-0.45852806651534894,9.245416631153805,0.0,11.355462141215789,0.09303378565865308,0.0,-2.991998659124176,4.438824123800358,0.0,2.718256217837824,0.29333481448027743,-2.203011971465257,-1.6183392491653381,1.358791424119866,0.8092809809631333,-0.11727830858633054,0.00269,0.49765000000000004,-0.02959,0.01070538003427644,0.0,0.007119100134372534,-0.020141931942468324,0.0,-0.019962904085987724
1478,14.780140900053084,circle,5.733730016349897,845.982785587527,3.914299886673689,10.00730018131435,124371.0,124371.0,0.0,0.0,8.77,5e-05,1e-08,100.0,0.01,-0.07721540545170406,0.0,0.25170383565704135,-0.07655045560201632,0.0,0.25739887750041635,-0.4089651626627445,0.0,-0.3383576366512817,5.990788263464578,0.0,8.645526975920866,0.26081392458362973,0.0,-2.8730492402029717,2.4866426825407983,0.0,2.208341554429697,0.3270823918137614,-2.17386633649543,-1.622941191528995,0.848269953001491,0.6264543461827621,0.016671392819184033,0.01883,0.43847,-0.05918,0.00869485566353955,0.0,0.006164305473869206,-0.009359805513227298,0.0,-0.011859347317244199
1479,14.790158299962059,circle,11.969482609627494,1183.2138334835488,3.851399989798665,10.017399908974767,124371.0,124371.0,0.0,0.0,8.77,5e-05,1e-08,100.0,0.01,-0.06500439295146312,0.0,0.26039756614144566,-0.07659240576670023,0.0,0.25739982149987334,-0.18704280920080307,0.0,-0.16441619353169662,1.1769069441354776,0.0,4.985357392543478,0.46801383763862037,0.0,-2.74565658851465,-0.049145831325557235,0.0,1.649180790616685,0.37156783466244503,-2.135516816798289,-1.6290771146805378,0.15095551047324443,0.32885897561870125,0.14632131010246413,0.09415,0.36046,-0.02152,0.010737703217164852,0.0,0.006601858397082493,0.0008503095980722571,0.0,-0.0036041137555101735
1480,14.800136500038207,circle,24.638960776197443,679.6539662048652,3.8419999182224274,9.978200076147914,124371.0,124371.0,0.0,0.0,8.77,5e-05,1e-08,100.0,0.01,-0.05412044313123533,0.0,0.26741118592367347,-0.07663419273465588,0.0,0.25740071805621206,0.10808108890127607,0.0,0.011266482940701114,-4.617045018582473,0.0,1.4760960898736775,0.6334044730172101,0.0,-2.6642401525860873,-2.760505517950154,0.0,1.3018023609393095,0.4068493927838148,-2.0987012778890337,-1.6352130378320802,-0.6748210039213967,-0.004884085123789378,0.32787476370477864,0.08339,0.21251,0.06456,0.008571024627420076,0.0,0.004219236934564766,0.013942724976000473,0.0,0.005791230932896637
1481,14.81035629985854,circle,31.487413577360574,75.70275238241251,3.6879999097436666,10.21979982033372,124371.0,124371.0,0.0,0.0,8.77,5e-05,1e-08,100.0,0.01,-0.048265047132156486,0.0,0.27097430553671703,-0.07667699242745069,0.0,0.25740159105769844,0.419441162430488,0.0,0.1749271937078219,-10.056031095097357,0.0,-1.428287504264078,0.6944006628482843,0.0,-2.656202587954172,-5.136367416813738,0.0,1.0732193326033213,0.4221892006626712,-2.0741575852828635,-1.641348960983623,-1.283857781129313,-0.32371915088430275,0.38244621806998524,-0.34163,0.01614,0.18561,0.003161000282901165,0.0,0.0004165300184435089,0.025250945012393035,0.0,0.01315618446057508
1482,14.820119299925864,circle,27.047055759715864,472.3489978531727,3.855499904602766,9.763000067323446,124371.0,124371.0,0.0,0.0,8.77,5e-05,1e-08,100.0,0.01,-0.052603139275206004,0.0,0.2696507498394401,-0.07671787993030911,0.0,0.25740238225815415,0.61700057260436,0.0,0.30357604463040055,-12.576848981927947,0.0,-3.2006889207025275,0.5650399357411766,0.0,-2.7391679552768036,-6.287319671559728,0.0,0.7566951646217025,0.4007134696322723,-2.0726236044949777,-1.6428829417715083,-1.3171660531121265,-0.5193327834340479,0.18759147392092612,-0.44654,-0.15871000000000002,0.20982,-0.006703849799705876,0.0,-0.004299507072558724,0.030818590454808982,0.0,0.01654787465384467
1483,14.830155999865383,circle,15.772359961064602,1365.8415797207408,3.8946999702602625,10.036699939519167,124371.0,124371.0,0.0,0.0,8.77,5e-05,1e-08,100.0,0.01,-0.06349276802119114,0.0,0.2659325226588282,-0.07675991451042236,0.0,0.2574031520621972,0.621256074323803,0.0,0.37649072038384124,-11.314823372023767,0.0,-3.790500572777487,0.3305189728328791,0.0,-2.854458878347973,-5.728601839030339,0.0,0.31454468089151033,0.35622802678358867,-2.0864294315859486,-1.632145076256309,-1.0293694787932475,-0.5179433239731241,0.0005367937672977607,-0.00807,-0.28514,0.10491,-0.012153559626469017,0.0,-0.005974711559085688,0.025420706115700235,0.0,0.014504082155716691
1484,14.840146499918774,circle,4.175009038716236,1062.8448402000395,3.836400108411908,9.99050005339086,124371.0,124371.0,0.0,0.0,8.77,5e-05,1e-08,100.0,0.01,-0.07393106780303133,0.0,0.2604353505817867,-0.07680175638188888,0.0,0.2574038744468684,0.46526316816681634,0.0,0.3597750812460544,-7.617849293781697,0.0,-2.8209664519126907,0.1388925979633464,0.0,-2.982605569543507,-3.988465876110232,0.0,0.07461067634569925,0.3148105455106762,-2.106371181828462,-1.6260091531047662,-0.6265895087710134,-0.29598363346273354,-0.007541562816879538,-0.00269,-0.27169,-0.06456,-0.009930637091455379,0.0,-0.006640934921406685,0.012801325670312934,0.0,0.009672411056324961
1485,14.85049319989048,circle,10.261264681671925,1216.4509709473894,3.4414001274853945,10.346699971705675,124371.0,124371.0,0.0,0.0,8.77,5e-05,1e-08,100.0,0.01,-0.08534528120673765,0.0,0.25165650574390785,-0.07684509084964838,0.0,0.2574045764428967,0.20677809909166875,0.0,0.2360701436863016,-2.334451019216316,0.0,0.11186962861148678,-0.03907768652444654,0.0,-3.15333672190506,-1.4108428315312136,0.0,0.3222607145540072,0.27032510266199283,-2.13858477837406,-1.6244751723168809,-0.09311373479318696,0.043588892543314814,0.024329868472415542,-0.03766,-0.13719,-0.00538,-0.009222938697841744,0.0,-0.008847785778251578,0.0007227483407524788,0.0,0.0030997150792627173
1486,14.860103199956939,circle,22.944076555968508,724.530197053118,3.8731000386178493,9.610000066459179,124371.0,124371.0,0.0,0.0,8.77,5e-05,1e-08,100.0,0.01,-0.0951812547533254,0.0,0.2435599644545695,-0.07688534050064058,0.0,0.25740518639806137,-0.033289416802326686,0.0,0.053277539606220094,2.4881750371998566,0.0,3.889461344039753,-0.16719888261657329,0.0,-3.2940899419910634,1.1328978882469827,0.0,0.9933402279444496,0.23197558296485177,-2.170798374919659,-1.6168052683774528,0.3334248065451593,0.3768180414631933,0.11469282988710423,-0.05918,-0.01345,0.01345,-0.006639613690862514,0.0,-0.0072942419804137406,-0.0116563005618223,0.0,-0.006550979963078118
1487,14.870245300000533,circle,32.44825872794119,298.26992037599587,3.7247000727802515,10.142100043594837,124371.0,124371.0,0.0,0.0,8.77,5e-05,1e-08,100.0,0.01,-0.101844443833618,0.0,0.2366199419486056,-0.07692781939365687,0.0,0.25740578619398913,-0.28523657685905446,0.0,-0.1897968419843221,7.087324861040438,0.0,8.404687834974267,-0.2259317774702196,0.0,-3.4011597467023376,3.7342637647164523,0.0,2.0160447565591424,0.2028299479950244,-2.1938080867379433,-1.6168052683774528,0.8118304051023116,0.7035394361269014,0.1662512435803355,0.13719,0.19906000000000001,0.06187,-0.0030437097425616566,0.0,-0.005548669251633982,-0.02187291469739948,0.0,-0.015237174993749535
1488,14.880103499861434,circle,34.06255852531739,62.771581327652356,3.8618999533355236,9.85819986090064,124371.0,124371.0,0.0,0.0,8.77,5e-05,1e-08,100.0,0.01,-0.10235370144367661,0.0,0.2346933252757015,-0.07696910979495095,0.0,0.2574063259607303,-0.47666999398332255,0.0,-0.4015794837207344,10.040233640090657,0.0,11.868895557283885,-0.17075147407552177,0.0,-3.410840303693117,5.379248990265964,0.0,2.8765617179554837,0.2028299479950244,-2.204545952253143,-1.6183392491653381,1.2519565351413666,0.8861358010490636,0.07775625209867558,0.41426,0.38198000000000004,0.09684000000000001,0.002859604101900025,0.0,-0.0005016746697005282,-0.028244195750625693,0.0,-0.022211326015328294
1489,14.890072399983183,circle,27.445263084355762,628.064288090278,3.90740018337965,9.968900121748447,124371.0,124371.0,0.0,0.0,8.77,5e-05,1e-08,100.0,0.01,-0.09718304530155039,0.0,0.2387970035235689,-0.07701086440088342,0.0,0.25740682844161333,-0.5708955277374628,0.0,-0.4856853274414872,10.809575902304742,0.0,12.675058628064136,-0.023002657573819613,0.0,-3.3129960313678533,5.5876998531257085,0.0,3.0047115941248057,0.23197558296485177,-2.201477990677372,-1.615271287589567,1.5163789288014762,0.9041667645970047,-0.08580325168114888,0.2152,0.47613,0.04304,0.00765677416988865,0.0,0.005070575282767158,-0.02782895507055562,0.0,-0.0236804002008116
1490,14.900138000026345,circle,16.39018259301466,1057.473450277931,4.557000007480383,10.065600043162704,124371.0,124371.0,0.0,0.0,8.77,5e-05,1e-08,100.0,0.01,-0.08851425482593737,0.0,0.24569070990995293,-0.0770530245421377,0.0,0.25740729157074776,-0.5316137647329817,0.0,-0.4377996422040141,9.118222948039326,0.0,11.106177108631577,0.16460006107824005,0.0,-3.1800340350371235,4.351713628153074,0.0,2.621732607088216,0.2749270450256496,-2.187672163586401,-1.6137373068016811,1.3306686967331103,0.7913920446579579,-0.10097302711153475,0.00269,0.50303,-0.03766,0.009722119502455911,0.0,0.006890478063966296,-0.021183349786255593,0.0,-0.018607059724761135
1491,14.910318899899721,circle,4.131956039588367,938.127273225932,3.680499969050288,10.180899873375893,124371.0,124371.0,0.0,0.0,8.77,5e-05,1e-08,100.0,0.01,-0.07908138219528286,0.0,0.25378418058189733,-0.07709566809361372,0.0,0.2574077147985873,-0.37928080795336144,0.0,-0.3005002171151532,5.624038263008132,0.0,8.042206383305352,0.33587094993004935,0.0,-3.0474721766720267,2.2919915690689834,0.0,2.0340047997422523,0.3102086031470195,-2.153924586252917,-1.6183392491653381,0.8039065037343858,0.5835261604005466,0.014302530515019868,0.01883,0.42502,-0.0538,0.008875756495817993,0.0,0.006869741748696973,-0.010861470597487138,0.0,-0.010493275965386956
1492,14.920122900046408,circle,11.302876778527638,1065.972060117928,3.8660001009702682,9.80400014668703,124371.0,124371.0,0.0,0.0,8.77,5e-05,1e-08,100.0,0.01,-0.066788419081793,0.0,0.26195422223598325,-0.07713673337316237,0.0,0.2574080793876315,-0.14960626486759956,0.0,-0.12100823091367316,0.6826172602031587,0.0,4.3436724365004125,0.5365386164213278,0.0,-2.933318374147355,-0.2503765556348936,0.0,1.489828144544944,0.354694045995703,-2.1171090473436616,-1.627543133892652,0.06125469600740506,0.2809999053949852,0.16643973435090614,0.14795,0.34701000000000004,0.08608,0.010399183167091906,0.0,0.005915782659114594,-5.0868875722535206e-05,0.0,-0.0013696398107628412
1493,14.93009929987602,circle,23.53655779472083,539.5747927120269,3.8451000582426786,9.976399829611182,124371.0,124371.0,0.0,0.0,8.77,5e-05,1e-08,100.0,0.01,-0.05625969527015741,0.0,0.2681960054223813,-0.07717852113209035,0.0,0.25740840710846735,0.14752078647152445,0.0,0.050806975660153436,-5.09538592590252,0.0,0.9901040589634269,0.6877172879046318,0.0,-2.86910195160495,-2.945770983776661,0.0,1.191821844039254,0.38997560411707277,-2.084895450798063,-1.6352130378320802,-0.7328808441700072,-0.03860110828756058,0.3399787142797032,0.04304,0.16409,0.0269,0.007834519248674378,0.0,0.003327882124860732,0.013084306613258566,0.0,0.007459716189053228
1494,14.940112699987367,circle,28.60686474673594,21.132581163102525,3.812700044363737,10.013400111347437,124371.0,124371.0,0.0,0.0,8.77,5e-05,1e-08,100.0,0.01,-0.05178747007470469,0.0,0.27050508557061764,-0.07722046419396011,0.0,0.25740869214464107,0.4458587275655846,0.0,0.20146714635504506,-10.174217474181317,0.0,-1.5658508510005982,0.7160262095243756,0.0,-2.8850779966375084,-5.221341037814676,0.0,1.0221699312292583,0.4007134696322723,-2.0649537005555496,-1.644416922559394,-1.2510024408150384,-0.3268470906990478,0.36873018215821884,-0.39274000000000003,-0.08877,0.18023,0.0014670508026232432,0.0,-0.0008279252033187162,0.023965943316632182,0.0,0.013924318629295288
1495,14.950151599943638,circle,24.343923622092465,467.78620145807173,3.8646000903099775,10.038899956271052,124371.0,124371.0,0.0,0.0,8.77,5e-05,1e-08,100.0,0.01,-0.055925916910130644,0.0,0.2691296942814936,-0.07726251434370404,0.0,0.2574089337568561,0.6247377911898209,0.0,0.31679595025343005,-12.407100624172891,0.0,-3.1107966054093987,0.5864923025795502,0.0,-2.9663816067942106,-6.263274871118216,0.0,0.7448311525063754,0.37923773860187326,-2.0618857389797784,-1.6474848841351653,-1.2908944166966316,-0.5041238483873863,0.2003958733904957,-0.44654,-0.16947,0.20713,-0.00671282448349407,0.0,-0.004213389974324178,0.02804942191706747,0.0,0.015934150498961675
1496,14.960109599865973,circle,13.281778357308283,1319.6283713215046,4.775299923494458,9.957999922335148,124371.0,124371.0,0.0,0.0,8.77,5e-05,1e-08,100.0,0.01,-0.06604896330277688,0.0,0.26446070412879896,-0.07730422585389252,0.0,0.25740912974869656,0.6099610066285639,0.0,0.3678299963204143,-10.94676768664422,0.0,-3.2726165980835287,0.3645884640034791,0.0,-3.095765164448499,-5.66562823177807,0.0,0.3987856508222763,0.33628627654107535,-2.0741575852828635,-1.64595090334728,-0.9729901421177805,-0.4705166443008932,0.03396227534529067,-0.00269,-0.26362,0.11298000000000001,-0.011499703480797954,0.0,-0.006705032945182607,0.022754966031913595,0.0,0.013756607325285006
1497,14.970226899953559,circle,2.8727140723270534,851.1914174980916,4.420500015839934,10.117300087586045,124371.0,124371.0,0.0,0.0,8.77,5e-05,1e-08,100.0,0.01,-0.07510367403080026,0.0,0.25920420706550623,-0.07734660481749314,0.0,0.25740928432971755,0.46127315899812826,0.0,0.32935359620039156,-7.523470147504708,0.0,-1.9924613778945346,0.19663020280334176,0.0,-3.2155549527008005,-4.076432848501604,0.0,0.3172892520240348,0.30100471841970555,-2.0940993355253767,-1.641348960983623,-0.6486086170992675,-0.2612312568092239,0.06407702445045423,-0.01883,-0.25017,0.01076,-0.00870408647883692,0.0,-0.006207855861208105,0.010947017265529801,0.0,0.008002778596996789
1498,14.980517399962991,circle,12.447239503675751,1422.12068111134,3.78870009444654,10.290500009432435,124371.0,124371.0,0.0,0.0,8.77,5e-05,1e-08,100.0,0.01,-0.08720579287146357,0.0,0.24975575081750762,-0.0773897094176969,0.0,0.2574093954976946,0.20470869485107956,0.0,0.19241454316753034,-2.21639938701247,0.0,1.2022843724795294,0.00038564062066601124,0.0,-3.3960933305302725,-1.4679531400039472,0.0,0.6561978519505224,0.251917333207365,-2.126312932070975,-1.641348960983623,-0.08664927814108281,0.07996440921104991,0.07895396887089759,-0.05111,-0.16678,0.02959,-0.010169965014129966,0.0,-0.009356024777514039,0.0003538815603632995,0.0,0.0017023800973270612
1499,14.990447700023651,circle,24.71565599860469,696.793256235235,3.780299797654152,9.930300060659647,124371.0,124371.0,0.0,0.0,8.77,5e-05,1e-08,100.0,0.01,-0.09653952076938149,0.0,0.24173337014541943,-0.07743130531137905,0.0,0.25740945873447507,-0.050949550308345276,0.0,-0.01379566098321645,2.800489167504572,0.0,5.329170535471728,-0.12472790886668791,0.0,-3.5346078155000304,1.2223007814269866,0.0,1.4482487476858177,0.21356781351022391,-2.155458567040802,-1.636747018619966,0.3671912059366424,0.440164966825072,0.1843548337733531,-0.07801000000000001,0.00538,0.03766,-0.006483748680361312,0.0,-0.00717822420364129,-0.012624466777641128,0.0,-0.008497864385414352
1500,15.000372499926016,circle,32.725378519894676,176.7761632708249,4.03139996342361,9.924799902364612,124371.0,124371.0,0.0,0.0,8.77,5e-05,1e-08,100.0,0.01,-0.10236519150463089,0.0,0.2361651115083836,-0.0774728782093212,0.0,0.25740947871662334,-0.26632968011031877,0.0,-0.22114762631587218,6.7614267379026485,0.0,9.160436927811228,-0.17282381287621487,0.0,-3.6153889530325487,3.488845921340558,0.0,2.31878665697392,0.19055810169193932,-2.178468278859087,-1.6306110954684232,0.8201421626323766,0.7228957617018077,0.1992175823125706,0.16409,0.22596000000000002,0.09953000000000001,-0.002492469883800034,0.0,-0.004186313920599722,-0.02239984341150966,0.0,-0.017058053287640023
1501,15.010411399882287,circle,33.057084844748374,83.56279809364523,3.782699815928936,10.038899956271052,124371.0,124371.0,0.0,0.0,8.77,5e-05,1e-08,100.0,0.01,-0.1021514350857902,0.0,0.2353682792191208,-0.07751492904648508,0.0,0.25740945497288165,-0.45205356108190986,0.0,-0.41205267035405263,9.539124472007604,0.0,12.163730105710037,-0.10902660840365826,0.0,-3.6049939250783254,5.016822260720233,0.0,3.0391017060825063,0.19516004405559628,-2.187672163586401,-1.6290771146805378,1.2486610707690788,0.887466240311084,0.09571966896189919,0.41157,0.38198000000000004,0.1076,0.003306157022996855,0.0,0.0005387006367949497,-0.027942663062301972,0.0,-0.022579876390555805
1502,15.020414999919012,circle,25.47751114547689,703.3019066072665,3.78839997574687,10.003600036725402,124371.0,124371.0,0.0,0.0,8.77,5e-05,1e-08,100.0,0.01,-0.09674341374372733,0.0,0.24064696943203095,-0.07755683197183244,0.0,0.25740938733871405,-0.5395218319839137,0.0,-0.471955376386643,10.173327696538157,0.0,12.46082747702101,0.03788757400653035,0.0,-3.488455011675508,5.12927429610835,0.0,2.998304521331321,0.22583965981330922,-2.181536240434858,-1.6214072107411097,1.4833695172059853,0.8908194247572291,-0.06481243598595399,0.17485,0.47344,0.0538,0.007613520999375872,0.0,0.00603938605436681,-0.026800102771270762,0.0,-0.022801803961049902
1503,15.030103399883956,circle,14.038425999932725,1048.1315732452158,4.026900045573711,9.688399964943528,124371.0,124371.0,0.0,0.0,8.77,5e-05,1e-08,100.0,0.01,-0.08818576634505185,0.0,0.24819167673396747,-0.07759741450299174,0.0,0.25740927999209967,-0.49518280172072987,0.0,-0.3969528358117161,8.420141570364816,0.0,10.398766496651486,0.2184502101412451,0.0,-3.347729345593078,3.9097475660013212,0.0,2.4643122273086893,0.26725714108622145,-2.164662451768116,-1.6168052683774528,1.2353190813678308,0.748161333803081,-0.07181211068149163,0.02959,0.4842,-0.00807,0.009357281913573632,0.0,0.007292814051663918,-0.019945633755633744,0.0,-0.01651041730979612
1504,15.040157599840313,circle,0.7758806476400176,1107.3779003672653,3.988299984484911,10.054199956357479,124371.0,124371.0,0.0,0.0,8.77,5e-05,1e-08,100.0,0.01,-0.07833580119093392,0.0,0.25775146410722327,-0.0776395291503494,0.0,0.25740912505762104,-0.3574496724114249,0.0,-0.25027659308497685,5.103864360484007,0.0,7.026081213255095,0.39423592189100287,0.0,-3.19130595040235,2.013168674813233,0.0,1.749853289336125,0.30407267999547694,-2.127846912858861,-1.6137373068016811,0.7252034627001418,0.5200726964328408,0.00836128014195181,0.04573,0.25824,-0.03766,0.009109727773322172,0.0,0.008106316112852594,-0.009805999813906691,0.0,-0.007763977063250358
1505,15.050090299919248,circle,15.076346054960517,1138.3458368635793,4.579799948260188,9.932700078934431,124371.0,124371.0,0.0,0.0,8.77,5e-05,1e-08,100.0,0.01,-0.06596181538828626,0.0,0.2668933243600543,-0.07768113468075993,0.0,0.2574089284546749,-0.1142386385262467,0.0,-0.057341409027806024,-0.052062217611849954,0.0,2.9968687982081526,0.5944430980009369,0.0,-3.061558586354886,-0.502468706462291,0.0,1.1321232182026637,0.34702414205627474,-2.087963412373834,-1.6168052683774528,-0.07053133425929167,0.19054769505894054,0.16030177516216,0.16409,0.30128,-0.0,0.01037531921379032,0.0,0.006723886452507153,0.0013440000786833564,0.0,0.0027605094528722635
1506,15.060300800018013,circle,27.313391610194596,518.5250871220569,3.7622000090777874,10.210500098764896,124371.0,124371.0,0.0,0.0,8.77,5e-05,1e-08,100.0,0.01,-0.0557363915564604,0.0,0.27361271392419595,-0.07772390360707564,0.0,0.2574086812447702,0.19571918355747986,0.0,0.1283180910348839,-5.986798307566897,0.0,-0.6305843531010403,0.738888246801897,0.0,-2.990411883381583,-3.099733669429488,0.0,0.7682996659999227,0.37923773860187326,-2.05421583504035,-1.619873229953224,-0.8683508423734825,-0.14677251753515008,0.3076658909413078,-0.06994,0.12643000000000001,0.09146,0.007485568483671563,0.0,0.0036870294496907374,0.014501943566943672,0.0,0.012517003229735035
1507,15.070318300044164,circle,30.84636393715504,9.400053238001993,3.912100102752447,10.017500026151538,124371.0,124371.0,0.0,0.0,8.77,5e-05,1e-08,100.0,0.01,-0.052886329441127894,0.0,0.2756431670023121,-0.07776586382978093,0.0,0.257408394265937,0.4944019601095215,0.0,0.28592213459808563,-10.885187263366186,0.0,-3.265926284015569,0.7366760708262281,0.0,-3.0119782678572613,-5.1883126248933005,0.0,0.5581457218296578,0.3838396809655302,-2.037342046373608,-1.6244751723168809,-1.2862989576538686,-0.4223525262804808,0.27547140407419063,-0.45461,-0.02959,0.16678,-0.00011464140472187967,0.0,-0.0011176328819483862,0.024994175793374915,0.0,0.019352405618323524
1508,15.080325099872425,circle,24.286339902079188,784.2631017946078,3.661900060251355,10.006799828261137,124371.0,124371.0,0.0,0.0,8.77,5e-05,1e-08,100.0,0.01,-0.0592999509423677,0.0,0.2731334129209493,-0.07780777890905075,0.0,0.25740806364676816,0.6368475315709834,0.0,0.40228651887246475,-12.295717053512247,0.0,-4.695666981890006,0.5659588609989424,0.0,-3.112321625178596,-5.846706568641886,0.0,0.21725387653160227,0.35622802678358867,-2.041943988737265,-1.6244751723168809,-1.15755744375193,-0.5486420049919917,0.0480391864097105,-0.22865000000000002,-0.2152,0.15064,-0.0088470632355012,0.0,-0.005200085148898994,0.027354891202184244,0.0,0.020925434423080116
1509,15.090130199911073,circle,11.756872709241401,1677.818398542666,3.9637000299990177,9.805100038647652,124371.0,124371.0,0.0,0.0,8.77,5e-05,1e-08,100.0,0.01,-0.070974194582855,0.0,0.26694515930738233,-0.07784884877846117,0.0,0.25740769708768574,0.5828338676646255,0.0,0.4365765645879144,-10.040494380568061,0.0,-4.422391086695394,0.3193792324775914,0.0,-3.264273613403187,-4.950630213126938,0.0,-0.08029534357676894,0.3102086031470195,-2.0618857389797784,-1.622941191528995,-0.7573707540226744,-0.4545347849663287,-0.10106042211928298,-0.00538,-0.30935,0.02152,-0.01277847481411987,0.0,-0.00787459477543679,0.019653129009726034,0.0,0.01741205699513338
1510,15.100135899847373,circle,4.583496120454767,1044.8597839305125,4.485300043597817,10.005699936300516,124371.0,124371.0,0.0,0.0,8.77,5e-05,1e-08,100.0,0.01,-0.08131574196365302,0.0,0.26045324816863463,-0.07789075847462446,0.0,0.2574072795565006,0.4021859302855533,0.0,0.3689958154937496,-5.976029937627404,0.0,-2.5513664691650577,0.1333653441335047,0.0,-3.397096136115412,-3.1099445493840867,0.0,-0.04805516600667038,0.2718590834498784,-2.087963412373834,-1.6168052683774528,-0.4208851325640779,-0.20866462228291038,-0.0342721536280063,-0.00807,-0.22596000000000002,-0.05111,-0.009639781686489154,0.0,-0.0068832501346682284,0.0062147981974605936,0.0,0.009929218746802249
