sample,t,mode,err_mm,nis,compute_ms,period_ms,q_pos,q_vel,r,observer_q_d,observer_r_y,observer_d_hat_max,dyn_armature_kg_m2,ee_0,ee_1,ee_2,p_d_0,p_d_1,p_d_2,ee_vel_0,ee_vel_1,ee_vel_2,u_0,u_1,u_2,d_hat_0,d_hat_1,d_hat_2,F_0,F_1,F_2,q_0,q_1,q_2,tau_0,tau_1,tau_2,cur_0,cur_1,cur_2,innovation_0,innovation_1,innovation_2,y_hat_0,y_hat_1,y_hat_2
0,4.998873919248581e-07,hold,0.0,0.0,4.7657000832259655,0.0004998873919248581,11293.6,0.0,0.15,3.0,0.0004,15.0,0.01,-0.03417632102871501,0.0,0.2072524074221454,-0.03417632102871501,0.0,0.2072524074221454,0.0,0.0,0.0,0.0,0.0,0.0,0.0,0.0,0.0,0.0,0.0,0.0,0.5280338750267805,-2.3241964537082227,-1.9496790993486368,-0.2013315902463283,0.10855376628212667,0.04509439528310246,-0.0538,0.00807,0.01345,0.0,0.0,0.0,0.0,0.0,0.0
1,0.010427899891510606,hold,0.19328156032315688,4.252646456755395e-05,7.326700026169419,10.427400004118681,11293.6,0.0,0.15,3.0,0.0004,15.0,0.01,-0.03428601080584527,0.0,0.20741154859957622,-0.03417632102871501,0.0,0.2072524074221454,0.0,0.0,0.0,0.02678497459152346,0.0,-0.038860434449490805,-3.700983676059365e-05,0.0,5.3694967322334156e-05,8.858394945127872e-05,0.0,-7.873090058529601e-05,0.5280338750267805,-2.3241964537082227,-1.948145118560751,-0.2012663681021093,0.10862669253156798,0.0451406335276624,-0.09684000000000001,0.05918,0.024210000000000002,-0.00011102902585983524,0.0,0.0001610841991532961,1.3392487295761695e-06,0.0,-1.943021722474532e-06
2,0.0204562998842448,hold,0.5639812198512294,0.0002892736850369661,4.113700008019805,10.028399992734194,11293.6,0.0,0.15,3.0,0.0004,15.0,0.01,-0.03413372041641562,0.0,0.2078147774108331,-0.03417632102871501,0.0,0.2072524074221454,0.0,0.0,0.0,-0.010376373213861525,0.0,-0.13736226203829247,9.728232018777876e-05,0.0,0.0006088150952389369,-0.00013803463986928572,0.0,-0.0005953536465896695,0.5280338750267805,-2.3211284921324515,-1.948145118560751,-0.2020353613161203,0.10778835303631396,0.045262353948783966,-0.11029,0.05918,0.0269,0.00011313394757499182,0.0,0.0004676589674085269,-7.053333527559633e-05,0.0,9.471102127916737e-05
3,0.030435699969530106,hold,0.7730554069899304,0.00019106263938137956,5.435300059616566,9.979400085285306,11293.6,0.0,0.15,3.0,0.0004,15.0,0.01,-0.03405711149221348,0.0,0.20801621613424776,-0.03417632102871501,0.0,0.2072524074221454,0.0012000475178396387,0.0,0.0031481858029217993,-0.05572167315159662,0.0,-0.2566362671729789,0.0004137112869848224,0.0,0.001524311865943971,-0.0007683746492199518,0.0,-0.0016787187575330333,0.5280338750267805,-2.319594511344566,-1.948145118560751,-0.20252534781806483,0.10718283901025043,0.0453409666505754,-0.11029,0.05918,0.01883,0.00012776811897209636,0.0,0.0003696605323527026,-8.558582470563598e-06,0.0,0.0003941481797496514
4,0.040931700030341744,hold,1.1979372697678368,0.0003644810054887839,4.514600150287151,10.496000060811639,11293.6,0.0,0.15,3.0,0.0004,15.0,0.01,-0.0339029670861752,0.0,0.20841873984662684,-0.03417632102871501,0.0,0.2072524074221454,0.0024194007370487614,0.0,0.006288978585480657,-0.1206116045414724,0.0,-0.4252169465889835,0.0012653973397875468,0.0,0.0036272141965854863,-0.002104052640990792,0.0,-0.0037601707026814735,0.5280338750267805,-2.3165265497687946,-1.948145118560751,-0.20361002637388945,0.10601195975439653,0.0454997795273385,-0.11298000000000001,0.056490000000000005,0.01883,0.00020002779098175392,0.0,0.000493889628067018,7.332615155806012e-05,0.0,0.0006724427964144242
5,0.05045039998367429,hold,1.625924846785995,0.0004668875348000618,4.0732999332249165,9.518699953332543,11293.6,0.0,0.15,3.0,0.0004,15.0,0.01,-0.03374758848022423,0.0,0.20882078875627963,-0.03417632102871501,0.0,0.2072524074221454,0.0036580254967915034,0.0,0.009422289556759706,-0.18675639522995768,0.0,-0.5946841462015536,0.0027985946514165233,0.0,0.007293816195449812,-0.00392200464815653,0.0,-0.006490129605581248,0.5280338750267805,-2.3134585881930234,-1.948145118560751,-0.20474498464124277,0.10474003395889038,0.04559120016286954,-0.11567000000000001,0.056490000000000005,0.0269,0.00022665682127151056,0.0,0.0005420439676139127,0.00020207572721927112,0.0,0.0010263373665203152
6,0.060449899872764945,hold,2.0550759114866106,0.0005809068366224622,3.9787001442164183,9.999499889090657,11293.6,0.0,0.15,3.0,0.0004,15.0,0.01,-0.03359097713684314,0.0,0.2092223590789687,-0.03417632102871501,0.0,0.2072524074221454,0.0061448590976729426,0.0,0.015685037585351027,-0.2814668328470473,0.0,-0.8347535555436985,0.005303242063040188,0.0,0.013324884447373609,-0.006963756837301777,0.0,-0.010920857415778128,0.5280338750267805,-2.3103906266172523,-1.948145118560751,-0.20614753941975805,0.10312377256173572,0.045672853976146094,-0.11567000000000001,0.056490000000000005,0.02152,0.00024426605568124904,0.0,0.0005881806942586074,0.00034107783619062105,0.0,0.0013817709625646804
7,0.07061549997888505,hold,2.699764000056261,0.0013330490843550145,3.8640000857412815,10.16560010612011,11293.6,0.0,0.15,3.0,0.0004,15.0,0.01,-0.033353751966821624,0.0,0.20982380894552047,-0.03417632102871501,0.0,0.2072524074221454,0.00870376557943646,0.0,0.02191923063425869,-0.3984212212871157,0.0,-1.125352144617792,0.010561946113135101,0.0,0.026344193057215415,-0.011337319231077654,0.0,-0.017179327909484555,0.5280338750267805,-2.3057886842535953,-1.948145118560751,-0.20849500428737328,0.10075331464900243,0.045921486559952304,-0.11298000000000001,0.056490000000000005,0.0269,0.0003521292565941936,0.0,0.0008717888320928107,0.0004704398052991948,0.0,0.0016996126912822557
8,0.08044719998724759,hold,3.3450040313276004,0.00226365825220328,4.047400085255504,9.831700008362532,11293.6,0.0,0.15,3.0,0.0004,15.0,0.01,-0.03311376148090696,0.0,0.2104241607506626,-0.03417632102871501,0.0,0.2072524074221454,0.011320128124398959,0.0,0.02813007142609122,-0.5200667962069638,0.0,-1.422136329295344,0.019853407152942704,0.0,0.049665813565694245,-0.01664641017794174,0.0,-0.02469177603090334,0.5280338750267805,-2.3011867418899383,-1.948145118560751,-0.2107868558527776,0.09821458307445183,0.045939029234570175,-0.11567000000000001,0.056490000000000005,0.024210000000000002,0.000443944384565121,0.0,0.0011143029518544184,0.0006186151632429325,0.0,0.0020574503766627667
9,0.09043519990518689,hold,3.9905179290781945,0.00349670791126314,4.184799967333674,9.987999917939305,11293.6,0.0,0.15,3.0,0.0004,15.0,0.01,-0.032871010761578334,0.0,0.21102340178024276,-0.03417632102871501,0.0,0.2072524074221454,0.01399378538058904,0.0,0.03431716342771388,-0.6476850702416138,0.0,-1.728427804283083,0.03508367245246806,0.0,0.08818262283821551,-0.023042625568362438,0.0,-0.03367126594450212,0.5280338750267805,-2.2965847995262814,-1.948145118560751,-0.21328911980741153,0.0954252203428114,0.045856588329853794,-0.11567000000000001,0.05111,0.0269,0.0005393439968831903,0.0,0.0013639821402767396,0.0007659662702534875,0.0,0.0024070122178206175
10,0.10045529995113611,hold,4.7571334136771934,0.005925748267611339,4.682699916884303,10.02010004594922,11293.6,0.0,0.15,3.0,0.0004,15.0,0.01,-0.03272976266022526,0.0,0.21178427096842262,-0.03417632102871501,0.0,0.2072524074221454,0.016775311509617658,0.0,0.04051261349277187,-0.7588400494575696,0.0,-2.0895682667622513,0.05497660837799885,0.0,0.1545107968705672,-0.02972069981447019,0.0,-0.044938641450087836,0.5280338750267805,-2.2919828571626244,-1.9466111377728657,-0.21649198467159775,0.09199584649667564,0.04566268634039204,-0.11836,0.05111,0.01883,0.0005423162342329114,0.0,0.0018082220592991918,0.0009042421342568417,0.0,0.002723641486978023
11,0.11043230001814663,hold,5.267601529279264,0.00708567497255584,4.888500086963177,9.977000067010522,11293.6,0.0,0.15,3.0,0.0004,15.0,0.01,-0.032715222091905305,0.0,0.21231331798923891,-0.03417632102871501,0.0,0.2072524074221454,0.01949945020196454,0.0,0.046685719508754636,-0.8424582849021006,0.0,-2.421405077768652,0.07645366994653353,0.0,0.24604439495036468,-0.03618364862534586,0.0,-0.05707502959960526,0.5264998942388948,-2.2873809147989674,-1.9466111377728657,-0.21683863153796423,0.08967789739298304,0.044636321515401284,-0.12912,0.05111,0.0269,0.0004683818861083522,0.0,0.001996207869223167,0.000992717050701355,0.0,0.003064702697870346
12,0.12047560000792146,hold,6.386627685826802,0.014407788979902362,5.070500075817108,10.043299989774823,11293.6,0.0,0.15,3.0,0.0004,15.0,0.01,-0.03224672989763028,0.0,0.21334056734647464,-0.03417632102871501,0.0,0.2072524074221454,0.019647122067594183,0.0,0.05224168371710187,-0.9815868730034666,0.0,-2.8864871347800083,0.12793366718206547,0.0,0.39834684748904314,-0.04528853636507347,0.0,-0.07372430320710262,0.5280338750267805,-2.281244991647425,-1.9450771569849798,-0.22459137317467814,0.08409366899248691,0.04538163112144984,-0.11836,0.048420000000000005,0.024210000000000002,0.0009338472989746007,0.0,0.002762766930225975,0.000995743832110134,0.0,0.003325392994103259
13,0.13043059990741313,hold,7.027381986585766,0.01677253604438375,5.740700056776404,9.954999899491668,11293.6,0.0,0.15,3.0,0.0004,15.0,0.01,-0.032328913714784496,0.0,0.2140326127141573,-0.03417632102871501,0.0,0.2072524074221454,0.02255674904876847,0.0,0.058428773558181823,-1.0772566739246145,0.0,-3.3443937557070442,0.17478704196936207,0.0,0.5935160578816021,-0.05343437887849948,0.0,-0.09199207357886639,0.5264998942388948,-2.276643049283768,-1.943543176197094,-0.2243518043994451,0.0808886104832176,0.04286808275762186,-0.12105,0.048420000000000005,0.02959,0.0007351713953163562,0.0,0.0030623796338784064,0.0011122359186141596,0.0,0.003717825658133492
14,0.14091429999098182,hold,7.54033295557037,0.01819710403896513,4.647199995815754,10.483700083568692,11293.6,0.0,0.15,3.0,0.0004,15.0,0.01,-0.03196942942238144,0.0,0.2144625565550521,-0.03417632102871501,0.0,0.2072524074221454,0.02410174051165534,0.0,0.06137294677284148,-1.246028788636254,0.0,-3.709528354359312,0.25242865796183056,0.0,0.8136788911129442,-0.06619950051956079,0.0,-0.11035830093058133,0.5264998942388948,-2.272041106920111,-1.9450771569849798,-0.2272681462007243,0.07749046350460945,0.04223864504374564,-0.12374,0.04573,0.01883,0.0010946691233590484,0.0,0.0031040757275450827,0.0011122224829745208,0.0,0.004106073405361602
15,0.15043319994583726,hold,7.969473806396957,0.019178063785085197,4.1634999215602875,9.518899954855442,11293.6,0.0,0.15,3.0,0.0004,15.0,0.01,-0.032134669594428,0.0,0.2149559242924924,-0.03417632102871501,0.0,0.2072524074221454,0.022706127541288815,0.0,0.06396643484418026,-1.2524456248168803,0.0,-4.107429196086998,0.3161989601442019,0.0,1.0643717909086885,-0.07098488860327844,0.0,-0.12980209536940168,0.5249659134510092,-2.26897314534434,-1.943543176197094,-0.22877899446875172,0.07355357704732246,0.03967998272797769,-0.12374,0.04304,0.0269,0.0008368763659393134,0.0,0.0032899163994529078,0.0012047750683477011,0.0,0.0044136004708941025
16,0.16043879999779165,hold,8.621806202221416,0.023493246150628196,4.146599909290671,10.005600051954389,11293.6,0.0,0.15,3.0,0.0004,15.0,0.01,-0.03221132817889631,0.0,0.21564730737919224,-0.03417632102871501,0.0,0.2072524074221454,0.019241105420190294,0.0,0.06288646942109377,-1.2209444947707226,0.0,-4.503032600117095,0.37830873945064514,0.0,1.3575823209328748,-0.0735777267346839,0.0,-0.15095034692833664,0.5234319326631235,-2.264371202980683,-1.9420091954092087,-0.23113226308872967,0.06973105964827214,0.03829299742032434,-0.12912,0.03766,0.01883,0.0007823266318431564,0.0,0.0036932413693341205,0.0011826662179755438,0.0,0.004701658587712721
17,0.17042100010439754,hold,9.139436143336772,0.025443964490699952,4.19900007545948,9.982200106605887,11293.6,0.0,0.15,3.0,0.0004,15.0,0.01,-0.03218674004211568,0.0,0.2161726574475591,-0.03417632102871501,0.0,0.2072524074221454,0.01566744519234722,0.0,0.06175660468750028,-1.2101079494600373,0.0,-4.899505950091414,0.448593929073098,0.0,1.6680085197020116,-0.07741428315465845,0.0,-0.17404836656839565,0.5218979518752379,-2.259769260617026,-1.9420091954092087,-0.23191328471289685,0.06631035008135608,0.036043909149547915,-0.12643000000000001,0.03766,0.024210000000000002,0.0008710721150598857,0.0,0.0038472344882946874,0.001118508871539449,0.0,0.005073015537119002
18,0.18046949990093708,hold,9.332839223707861,0.023180843456607068,4.030000185593963,10.048499796539545,11293.6,0.0,0.15,3.0,0.0004,15.0,0.01,-0.03249085160072139,0.0,0.21643179088634815,-0.03417632102871501,0.0,0.2072524074221454,0.011891663087228199,0.0,0.06067509172611635,-1.12270841125322,0.0,-5.249266973949082,0.4973482405349353,0.0,1.9680599161853847,-0.07686849379447817,0.0,-0.19713330153695738,0.5188299902994666,-2.2567012990412545,-1.9420091954092087,-0.22986714968579508,0.06378557814863697,0.03260795937593075,-0.12912,0.03766,0.02152,0.000605537782007181,0.0,0.003726695171501284,0.0010799316459864407,0.0,0.005452688292701461
19,0.19040780002251267,hold,9.538025196344286,0.02257597131932166,4.135800059884787,9.938300121575594,11293.6,0.0,0.15,3.0,0.0004,15.0,0.01,-0.03279575673830627,0.0,0.21668999010449297,-0.03417632102871501,0.0,0.2072524074221454,0.006720391860393496,0.0,0.05649011251030092,-0.9827724561310874,0.0,-5.519863247090051,0.532316569266602,0.0,2.262153288277543,-0.07218491817528014,0.0,-0.21832923191113024,0.5157620287236954,-2.2536333374654833,-1.9420091954092087,-0.22909714733773803,0.06130680716949294,0.03010832571690021,-0.12912,0.03766,0.00538,0.0004405532331749661,0.0,0.0037051752437112593,0.0009400110572337734,0.0,0.005732407438636308
20,0.20041689998470247,hold,9.85219188261912,0.024254608545699843,4.1102999821305275,10.009099962189794,11293.6,0.0,0.15,3.0,0.0004,15.0,0.01,-0.032859878554966346,0.0,0.21701625216206505,-0.03417632102871501,0.0,0.2072524074221454,0.0016170599336593349,0.0,0.05228799572068048,-0.8893559445253064,0.0,-5.800756731653057,0.5775365491823801,0.0,2.5594328403018825,-0.06954289264928669,0.0,-0.24113477660620936,0.5142280479358097,-2.250565375889712,-1.9420091954092087,-0.23049014882333463,0.05782036509431249,0.027926635297798572,-0.12643000000000001,0.03228,0.01614,0.0005817297355835617,0.0,0.003824335073027707,0.0007347127381651046,0.0,0.00593950966689194
21,0.2104199999012053,hold,10.267824159884555,0.0277081487744987,4.314600024372339,10.003099916502833,11293.6,0.0,0.15,3.0,0.0004,15.0,0.01,-0.03268171523607183,0.0,0.21741087022430727,-0.03417632102871501,0.0,0.2072524074221454,-0.001900505944305806,0.0,0.045490874919860015,-0.9003787231933409,0.0,-6.044178535586719,0.6463155618852889,0.0,2.865639448710328,-0.07334442910691569,0.0,-0.26354957613570723,0.5142280479358097,-2.247497414313941,-1.9420091954092087,-0.23355817886187166,0.05361987081445746,0.02610675933547399,-0.11567000000000001,0.03228,0.01345,0.0009054763825126528,0.0,0.004031213028322831,0.0005891294101305304,0.0,0.006127249773839041
22,0.22043030010536313,hold,10.374099585411795,0.02626254223255775,4.081499995663762,10.01030020415783,11293.6,0.0,0.15,3.0,0.0004,15.0,0.01,-0.032834661818390426,0.0,0.217539384275011,-0.03417632102871501,0.0,0.2072524074221454,-0.007106261889562221,0.0,0.04131128951254434,-0.8167740728447929,0.0,-6.289396142620269,0.7014667845585765,0.0,3.158967584125545,-0.07081538762845437,0.0,-0.2870624905799358,0.512694067147924,-2.245963433526055,-1.9420091954092087,-0.23252191547741063,0.05112198718411765,0.022864383114826504,-0.12912,0.02959,0.01076,0.0007423081584509312,0.0,0.003948051511238345,0.0005993510518736549,0.0,0.006338925341627242
23,0.23043280001729727,hold,10.482849319838481,0.025990659301511267,4.120799945667386,10.002499911934137,11293.6,0.0,0.15,3.0,0.0004,15.0,0.01,-0.032987805358767414,0.0,0.2176676635574849,-0.03417632102871501,0.0,0.2072524074221454,-0.008385385428199842,0.0,0.0325193728893192,-0.8062960681343776,0.0,-6.419763692779347,0.7449638251965582,0.0,3.446530772154954,-0.07323403394134562,0.0,-0.30622950166763396,0.5111600863600384,-2.2444294527381694,-1.9420091954092087,-0.2333711743636917,0.04852392520037677,0.02094413724993826,-0.12912,0.0269,0.01614,0.0005967486935324991,0.0,0.00394516395248154,0.0005917669764150994,0.0,0.006470092182857962
24,0.24046189989894629,hold,10.895533160334727,0.03080760088122054,4.175800131633878,10.029099881649017,11293.6,0.0,0.15,3.0,0.0004,15.0,0.01,-0.032808432207190555,0.0,0.21806173316522032,-0.03417632102871501,0.0,0.2072524074221454,-0.005933043916112724,0.0,0.03049000187377035,-0.9478039733654132,0.0,-6.758730388318424,0.8029800724065831,0.0,3.7524650042441157,-0.08739747260591668,0.0,-0.336362007933294,0.5111600863600384,-2.2413614911623982,-1.9420091954092087,-0.23855886949392704,0.04286774681072996,0.01889919661652368,-0.12643000000000001,0.0269,0.01076,0.0008080396112607541,0.0,0.004260995666847747,0.0005598492102637031,0.0,0.0065483300762271685
25,0.25021880003623664,hold,10.895533160334727,0.028608564310914512,4.393600160256028,9.756900137290359,11293.6,0.0,0.15,3.0,0.0004,15.0,0.01,-0.032808432207190555,0.0,0.21806173316522032,-0.03417632102871501,0.0,0.2072524074221454,-0.003537403087648886,0.0,0.02848643994587882,-1.0587354994352,0.0,-7.020363129176465,0.8550960179879444,0.0,4.04422951774611,-0.10072391971147457,0.0,-0.36368027148850296,0.5111600863600384,-2.2413614911623982,-1.9420091954092087,-0.24139021969964827,0.0387907072196098,0.01636438951719367,-0.12912,0.0269,0.00807,0.0007337585037891094,0.0,0.004107853949455059,0.0006341303177353478,0.0,0.006701471793619857
26,0.2601711000315845,hold,11.102309080581753,0.03069645917120193,4.490999970585108,9.952299995347857,11293.6,0.0,0.15,3.0,0.0004,15.0,0.01,-0.03271829247130448,0.0,0.21825856113934122,-0.03417632102871501,0.0,0.2072524074221454,-0.0011134416780836864,0.0,0.02646990826483985,-1.1864167518356366,0.0,-7.315633716014062,0.9083095830520498,0.0,4.344039466169792,-0.11577996350236797,0.0,-0.3940428615831518,0.5111600863600384,-2.2398275103745124,-1.9420091954092087,-0.24582815794014587,0.033692601763564735,0.014149617145017779,-0.1345,0.024210000000000002,0.00538,0.0007543937798828473,0.0,0.004250321510414779,0.0007036347775276872,0.0,0.006755832206781043
27,0.2704129000194371,hold,11.309352553571664,0.032580772806195264,4.429199965670705,10.241799987852573,11293.6,0.0,0.15,3.0,0.0004,15.0,0.01,-0.032627850911259776,0.0,0.21845525060931562,-0.03417632102871501,0.0,0.2072524074221454,-0.0001057372450338672,0.0,0.021379558601900262,-1.2839651273610884,0.0,-7.5509757241690805,0.9611794193781206,0.0,4.651762262078835,-0.12892134704388045,0.0,-0.4226686481025587,0.5111600863600384,-2.238293529586627,-1.9420091954092087,-0.2496541295932183,0.02902075821911799,0.011758648724683261,-0.1345,0.01614,0.00807,0.0007522548303224896,0.0,0.004378412639586139,0.0007962152871327466,0.0,0.006824430547584075
28,0.28048150008544326,hold,11.157974250937054,0.0289627205290474,4.129199776798487,10.068600066006184,11293.6,0.0,0.15,3.0,0.0004,15.0,0.01,-0.032530421445610025,0.0,0.21828832169994355,-0.03417632102871501,0.0,0.2072524074221454,0.0022698881208197044,0.0,0.019364314475517633,-1.4131102624320884,0.0,-7.77340628205676,1.013691062349214,0.0,4.940826889650217,-0.14745936947608357,0.0,-0.4523749048829746,0.5111600863600384,-2.238293529586627,-1.943543176197094,-0.253510227808101,0.024394520945012876,0.009467935817540553,-0.14257,0.01345,0.00538,0.0007480681841538901,0.0,0.004117944874996194,0.0008978313989510971,0.0,0.00691796940280196
29,0.2905073999427259,hold,11.309352553571664,0.03126142931528297,4.831400001421571,10.025899857282639,11293.6,0.0,0.15,3.0,0.0004,15.0,0.01,-0.032627850911259776,0.0,0.21845525060931562,-0.03417632102871501,0.0,0.2072524074221454,0.0046855444118938045,0.0,0.01737243474412039,-1.4951932336809277,0.0,-8.059236129388688,1.0520460239070484,0.0,5.243590913299829,-0.16002404757856045,0.0,-0.48485625020280293,0.5111600863600384,-2.238293529586627,-1.9420091954092087,-0.25753295667173365,0.019292599283502132,0.006709700238929507,-0.14257,0.01345,0.00538,0.000546187731269017,0.0,0.004311462936488904,0.0010022823861862192,0.0,0.00689138025068131
30,0.3004278000444174,hold,11.309352553571664,0.030880882522109736,4.110600100830197,9.920400101691484,11293.6,0.0,0.15,3.0,0.0004,15.0,0.01,-0.032627850911259776,0.0,0.21845525060931562,-0.03417632102871501,0.0,0.2072524074221454,0.0032693073638222748,0.0,0.014298660181074297,-1.502248183772312,0.0,-8.29406993417778,1.0885654744669593,0.0,5.544987597794759,-0.16661962579213915,0.0,-0.5159588345099815,0.5111600863600384,-2.238293529586627,-1.9420091954092087,-0.2598107033740992,0.015104722314163765,0.0036797948134264374,-0.14257,0.00807,-0.0,0.0005193981190814018,0.0,0.004286616272258042,0.0010290719983738345,0.0,0.006916226914912172
31,0.3104137000627816,hold,11.157974250937054,0.02856454063323261,4.152999958023429,9.985900018364191,11293.6,0.0,0.15,3.0,0.0004,15.0,0.01,-0.032530421445610025,0.0,0.21828832169994355,-0.03417632102871501,0.0,0.2072524074221454,0.004236701866448745,0.0,0.009214314371441377,-1.5839418888313526,0.0,-8.442361446759096,1.1315778871706494,0.0,5.834205727598662,-0.18238499068476532,0.0,-0.5438336656777701,0.5111600863600384,-2.238293529586627,-1.943543176197094,-0.26354568862722594,0.01082459863457047,0.0015512981068672577,-0.14526,0.00538,-0.0,0.000610791544486896,0.0,0.004107000214414436,0.0010351080386180912,0.0,0.006928914063383717
32,0.3204182998742908,hold,11.056714009664052,0.02789906929643197,4.202499985694885,10.004599811509252,11293.6,0.0,0.15,3.0,0.0004,15.0,0.01,-0.03277394719271959,0.0,0.21821982609362944,-0.03417632102871501,0.0,0.2072524074221454,0.002815041537705475,0.0,0.006147201697380588,-1.5360598668721348,0.0,-8.647110121777905,1.1550910480357892,0.0,6.122630741526681,-0.18406267410302857,0.0,-0.5749521389837119,0.5096261055721527,-2.238293529586627,-1.943543176197094,-0.2644658200729156,0.007067653747618835,-0.0017716439277938104,-0.14526,0.00269,-0.0,0.0003334044212778798,0.0,0.004089717048349028,0.0010689694147175443,0.0,0.006877701623135013
33,0.3304278999567032,hold,10.755029777259045,0.024875410370774013,4.0669001173228025,10.009600082412362,11293.6,0.0,0.15,3.0,0.0004,15.0,0.01,-0.033106949791345444,0.0,0.21795414142493277,-0.03417632102871501,0.0,0.2072524074221454,0.0013980844699753453,0.0,0.003077904596171251,-1.4469705125233419,0.0,-8.802850859261884,1.16017039755804,0.0,6.396152697399204,-0.18180084158924395,0.0,-0.6037278565853235,0.5080921247842671,-2.2398275103745124,-1.943543176197094,-0.2642644176855409,0.00428219714141076,-0.005034199582128807,-0.14795,0.00269,-0.0,7.193950960880787e-05,0.0,0.0038739282040965743,0.00099743172776076,0.0,0.006827805798690798
34,0.341040899977088,hold,10.664418834828366,0.025489912911791097,4.593400051817298,10.613000020384789,11293.6,0.0,0.15,3.0,0.0004,15.0,0.01,-0.033349962234221056,0.0,0.21788476182873873,-0.03417632102871501,0.0,0.2072524074221454,-0.0037981970855233346,0.0,-0.0010875294597892508,-1.2779143257835754,0.0,-8.967417332764645,1.1604631787799102,0.0,6.6732970996726895,-0.16921714915540745,0.0,-0.6344467348996788,0.5065581439963814,-2.2398275103745124,-1.943543176197094,-0.2629348755592629,0.00143807945394972,-0.009061003189873892,-0.14795,-0.00269,-0.0,4.143628365428013e-06,0.0,0.0039223260263903,0.000822215166128528,0.0,0.006710028380203025
35,0.3504184999037534,hold,10.418949232599932,0.02351658353238794,4.853200167417526,9.377599926665425,11293.6,0.0,0.15,3.0,0.0004,15.0,0.01,-0.03349390625252589,0.0,0.21764898441578776,-0.03417632102871501,0.0,0.2072524074221454,-0.00603602045515886,0.0,-0.0047762574113769055,-1.1936495788685486,0.0,-9.105497734187283,1.1650954829329325,0.0,6.93955907118079,-0.16659470752113373,0.0,-0.6630958580852232,0.5050241632084959,-2.2398275103745124,-1.9450771569849798,-0.2630556561577175,-0.0018973724779578482,-0.01214306166659334,-0.14795,-0.0,-0.0,6.553757312002763e-05,0.0,0.0037670590812586427,0.0006168772030690915,0.0,0.006629517912383711
36,0.3603638999629766,hold,10.335968273333055,0.02405398354829428,4.118099808692932,9.945400059223175,11293.6,0.0,0.15,3.0,0.0004,15.0,0.01,-0.03373645013532278,0.0,0.21757901159508114,-0.03417632102871501,0.0,0.2072524074221454,-0.009819551611087931,0.0,-0.0058823086855774274,-1.055470237392302,0.0,-9.330266995135348,1.1650439764648106,0.0,7.208894780532707,-0.1558491635644117,0.0,-0.6984238408552074,0.5034901824206102,-2.2398275103745124,-1.9450771569849798,-0.2619664004701247,-0.005410600473480812,-0.01658587307674972,-0.14795,-0.0,-0.00538,-7.287180747301268e-07,0.0,0.003810585480460686,0.0004405996114669603,0.0,0.006516018692475052
37,0.37016909988597035,hold,10.01572450721807,0.021121554082028052,4.352699965238571,9.80519992299378,11293.6,0.0,0.15,3.0,0.0004,15.0,0.01,-0.03353725483225259,0.0,0.2172477229149664,-0.03417632102871501,0.0,0.2072524074221454,-0.009787773309860155,0.0,-0.0058632012156648325,-1.1048003748431114,0.0,-9.519140175547433,1.1925074059402496,0.0,7.45972157831937,-0.17053775592305523,0.0,-0.7348472255780223,0.5034901824206102,-2.2398275103745124,-1.948145118560751,-0.2661725001034307,-0.011161291475754842,-0.019535190454358288,-0.14795,-0.0,-0.00807,0.0003886546763607505,0.0,0.0035496298087448206,0.00025041152010167286,0.0,0.00644568568407619
38,0.38018730003386736,hold,9.571930443363994,0.017535526660711467,4.3969000689685345,10.018200147897005,11293.6,0.0,0.15,3.0,0.0004,15.0,0.01,-0.033766006013130775,0.0,0.21681553944050552,-0.03417632102871501,0.0,0.2072524074221454,-0.01330304743824732,0.0,-0.012628816037986955,-0.9987106369320616,0.0,-9.514952463784283,1.2051615786863825,0.0,7.689191809230447,-0.16532725984976668,0.0,-0.7559329966306277,0.5019562016327246,-2.2413614911623982,-1.9496790993486368,-0.2654863553192397,-0.012918103009791182,-0.021703473678719103,-0.14526,-0.00269,-0.01076,0.00017915001215042416,0.0,0.003248698708372165,0.0002311650034338125,0.0,0.006314433309987956
39,0.3905654000118375,hold,9.011224932139742,0.013972747932544547,3.9562999736517668,10.378099977970123,11293.6,0.0,0.15,3.0,0.0004,15.0,0.01,-0.03370353835964472,0.0,0.2162512213065106,-0.03417632102871501,0.0,0.2072524074221454,-0.011612068065399979,0.0,-0.01516844950341177,-1.064019822405598,0.0,-9.55056630151604,1.2265137391080372,0.0,7.893129211450758,-0.18527249248039263,0.0,-0.7845483493306875,0.5004222208448389,-2.2413614911623982,-1.9542810417122938,-0.26943105799486805,-0.017743655515889536,-0.0232746558750481,-0.15064,-0.00538,-0.00807,0.0003024280720104629,0.0,0.0028885318462557345,0.0001703545970598273,0.0,0.006110282038109452
40,0.40021079988218844,hold,8.41118448037652,0.011172239419825938,4.309500101953745,9.645399870350957,11293.6,0.0,0.15,3.0,0.0004,15.0,0.01,-0.033824572572568726,0.0,0.21565623377604667,-0.03417632102871501,0.0,0.2072524074221454,-0.012026392002320897,0.0,-0.021369637478671637,-1.046649938173069,0.0,-9.47223885164653,1.2380644936902476,0.0,8.076035345640543,-0.19315955247317013,0.0,-0.8010625417978292,0.4988882400569533,-2.242895471950284,-1.957349003288065,-0.27050622322538365,-0.0198097002243494,-0.023996776126830474,-0.15064,-0.00538,-0.01076,0.0001636743725250986,0.0,0.0025917827732753786,0.00018807408362118776,0.0,0.005812043580625894
41,0.41003530006855726,hold,7.41646917492014,0.006351796754422397,4.452199907973409,9.824500186368823,11293.6,0.0,0.15,3.0,0.0004,15.0,0.01,-0.03397188941635326,0.0,0.21466605852928605,-0.03417632102871501,0.0,0.2072524074221454,-0.00977215330697301,0.0,-0.029451659306831465,-1.0720537266823449,0.0,-9.234835734054874,1.2392541385884892,0.0,8.214162133539325,-0.21100764583380888,0.0,-0.8080121033953264,0.49582027848118193,-2.2444294527381694,-1.9634849264396077,-0.2736315815906697,-0.021717222024268873,-0.022578811133718547,-0.14795,-0.01076,-0.00807,1.6863609838653037e-05,0.0,0.001957992895892281,0.00018756800252309652,0.0,0.00545565821124837
42,0.4201040999032557,hold,6.306343883162244,0.003139458953504946,4.362100036814809,10.068799834698439,11293.6,0.0,0.15,3.0,0.0004,15.0,0.01,-0.03395180774362243,0.0,0.21355475356921752,-0.03417632102871501,0.0,0.2072524074221454,-0.008106354873778114,0.0,-0.03799528670123002,-1.1149611904627799,0.0,-8.912915051293401,1.2442826684937902,0.0,8.311112538078776,-0.23154802385461734,0.0,-0.8076462688420067,0.49428629769329635,-2.247497414313941,-1.96962084959115,-0.2762473629213421,-0.022553604361902707,-0.020396614267436837,-0.14795,-0.01345,-0.00538,7.130166530615412e-05,0.0,0.001374701041049942,0.00015321161978642994,0.0,0.004927645106022177
43,0.43036330002360046,hold,5.12562697072004,0.00127841049586904,4.152300069108605,10.259200120344758,11293.6,0.0,0.15,3.0,0.0004,15.0,0.01,-0.03415386624419822,0.0,0.21237798520671028,-0.03417632102871501,0.0,0.2072524074221454,-0.004952277185545243,0.0,-0.05145255643444989,-1.1403411938410402,0.0,-8.425264155493032,1.235039244081951,0.0,8.372354608741865,-0.24878731003970123,0.0,-0.7915219363763097,0.4912183361175251,-2.250565375889712,-1.9757567727426928,-0.27775203998446074,-0.020902602202357942,-0.01631433106132798,-0.15064,-0.01345,-0.00538,-0.00013109233722933517,0.0,0.0008685489080979139,0.00015354712174612512,0.0,0.004257028876466964
44,0.4403905998915434,hold,3.734948778175966,0.0003213246945308878,4.164700163528323,10.02729986794293,11293.6,0.0,0.15,3.0,0.0004,15.0,0.01,-0.03446232607902737,0.0,0.21097638963031906,-0.03417632102871501,0.0,0.2072524074221454,-0.0037199749791257215,0.0,-0.06274925074261793,-1.0830108525382616,0.0,-7.894777527556729,1.2085735850406136,0.0,8.38858639228747,-0.25477214622173616,0.0,-0.7701521882221772,0.4866163937538681,-2.2536333374654833,-1.983426676682121,-0.2779420956842429,-0.018675042618895632,-0.011973693490589306,-0.15871000000000002,-0.00807,-0.00269,-0.00037538485938382504,0.0,0.00023022913483085024,8.93798090714677e-05,0.0,0.0034937530733428093
45,0.4505100999958813,hold,2.4255330950441265,0.00019211142768376583,4.053900018334389,10.11950010433793,11293.6,0.0,0.15,3.0,0.0004,15.0,0.01,-0.03451648138885069,0.0,0.20965396977289683,-0.03417632102871501,0.0,0.2072524074221454,-0.002229866302526285,0.0,-0.07387305301877446,-1.07627119547743,0.0,-7.342446101045656,1.18944522837758,0.0,8.374084053466369,-0.2659532976640582,0.0,-0.7444690868184638,0.48354843217809684,-2.2567012990412545,-1.991096580621549,-0.276315430533933,-0.015085877198222894,-0.007971372907920049,-0.15871000000000002,-0.00807,-0.00807,-0.00027132642699015386,0.0,-0.00020570861599075643,-6.883393314552344e-05,0.0,0.0026072709667421803
46,0.46052230009809136,hold,1.497526466416225,0.0001875572845017975,4.10120002925396,10.012200102210045,11293.6,0.0,0.15,3.0,0.0004,15.0,0.01,-0.03459410392701161,0.0,0.20869047660250772,-0.03417632102871501,0.0,0.2072524074221454,-0.004283854036260856,0.0,-0.08607938513710331,-0.9927996876800157,0.0,-6.823099127487726,1.1736839290040533,0.0,8.35636069749696,-0.26085467752623837,0.0,-0.7156333412912945,0.48048047060232557,-2.2582352798291403,-1.9972325037730918,-0.2699904279225395,-0.009182813805413567,-0.005250747272914802,-0.15871000000000002,-0.00538,-0.00269,-0.00022356608432989584,0.0,-0.0002513968678192057,-0.00019421681396669947,0.0,0.0016894660481815281
47,0.47018150007352233,hold,0.40771615697444896,0.0005335301672027323,4.372700117528439,9.659199975430965,11293.6,0.0,0.15,3.0,0.0004,15.0,0.01,-0.03435804591263679,0.0,0.2076173848614778,-0.03417632102871501,0.0,0.2072524074221454,-0.002338017866835551,0.0,-0.09682848439099129,-1.0776975032581406,0.0,-6.305946384227865,1.1823241165992007,0.0,8.31730156206845,-0.28355148146939996,0.0,-0.6894640785014677,0.4774125090265543,-2.2582352798291403,-2.006436388500405,-0.27329789228130763,-0.008672784950104734,-0.0002538502737074663,-0.14795,-0.00269,-0.00269,0.00012255294452633958,0.0,-0.0005540171442695851,-0.0003042778284481168,0.0,0.0009189945836019774
48,0.4803249000106007,hold,1.0873331879942718,0.0029880478618457464,4.374100128188729,10.143399937078357,11293.6,0.0,0.15,3.0,0.0004,15.0,0.01,-0.03424219466078626,0.0,0.20616707147124747,-0.03417632102871501,0.0,0.2072524074221454,-0.0015666758993069325,0.0,-0.10491307185628782,-1.131647134705252,0.0,-5.734226396898306,1.1975523499568292,0.0,8.223861045356555,-0.30137843432170736,0.0,-0.6561080821542334,0.474344547450783,-2.2613032414049115,-2.015640273227719,-0.27698208645743627,-0.006519848334287273,0.029272825609162514,-0.15333,-0.00269,-0.00807,0.0002159886580874912,0.0,-0.0013253074957308526,-0.0002818622901587417,0.0,0.00023997154483291604
49,0.4904122999869287,hold,2.0899199066948118,0.00401436847829327,4.090700065717101,10.087399976328015,11293.6,0.0,0.15,3.0,0.0004,15.0,0.01,-0.03446460029013734,0.0,0.20518246532541104,-0.03417632102871501,0.0,0.2072524074221454,0.0034315036376752046,0.0,-0.10914556385253327,-1.2030047015440106,0.0,-5.306988454343524,1.1920888786925,0.0,8.114258150464693,-0.31878862011129655,0.0,-0.6307504808171841,0.47127658587501176,-2.264371202980683,-2.0202422155913764,-0.26913595260023504,0.0017694452733653526,0.0512126499225791,-0.15333,-0.00269,-0.00538,-7.748727016488084e-05,0.0,-0.0015544749329584663,-0.0002107919912574498,0.0,-0.0005154671637758955
50,0.5004225000739098,hold,3.2230521412150046,0.0070052168611576095,4.119299817830324,10.010200086981058,11293.6,0.0,0.15,3.0,0.0004,15.0,0.01,-0.03455333164364681,0.0,0.20405148129034864,-0.03417632102871501,0.0,0.2072524074221454,0.0014247108832490284,0.0,-0.10956387157859881,-1.131523987919205,0.0,-4.912078704260672,1.1825161806563982,0.0,7.969603970602244,-0.31274645096150017,0.0,-0.6054720614275523,0.4682086242992405,-2.2674391645564542,-2.0263781387429187,-0.26692135330562555,0.005011635217632607,0.07855328619042104,-0.15064,-0.00538,0.06187,-0.00013576230682672176,0.0,-0.002051520383928351,-0.00024124830810507523,0.0,-0.0011494057478684096
51,0.5104016000404954,hold,3.923880241962954,0.007634332618571446,5.415300140157342,9.979099966585636,11293.6,0.0,0.15,3.0,0.0004,15.0,0.01,-0.03446889029618189,0.0,0.20333944954133437,-0.03417632102871501,0.0,0.2072524074221454,0.00041853343288971465,0.0,-0.10673124298468295,-1.120352067807092,0.0,-4.656255504988265,1.182657724001951,0.0,7.8182593270148155,-0.3164832310171131,0.0,-0.5930420437176009,0.4666746435113548,-2.26897314534434,-2.030980081106576,-0.25873409148539867,0.010905004028902834,0.09679435393163796,-0.15064,-0.00269,0.024210000000000002,2.0073454851651036e-06,0.0,-0.0021463459537636844,-0.0002945766129520396,0.0,-0.0017666119270473455
52,0.520453599980101,hold,4.546863441256694,0.008759336753902341,4.330300027504563,10.051999939605594,11293.6,0.0,0.15,3.0,0.0004,15.0,0.01,-0.034687935604546465,0.0,0.20273441918851381,-0.03417632102871501,0.0,0.2072524074221454,0.002656028249026216,0.0,-0.10304528901151117,-1.1164481453749664,0.0,-4.438679563794246,1.1673765095410604,0.0,7.656865475004782,-0.3199173883872843,0.0,-0.5812791589775824,0.4651406627234691,-2.272041106920111,-2.032514061894461,-0.25437992805229187,0.01581446677809617,0.10458987909929955,-0.14526,0.00269,0.04304,-0.0002167122686499857,0.0,-0.0022888251391778632,-0.0002949023071814668,0.0,-0.0022291630944537236
53,0.5304193999618292,hold,4.9750230678456955,0.009422842014173162,5.0987000577151775,9.965799981728196,11293.6,0.0,0.15,3.0,0.0004,15.0,0.01,-0.03484313929494619,0.0,0.2023222747742933,-0.03417632102871501,0.0,0.2072524074221454,0.0007453238940402265,0.0,-0.09480495139777832,-1.0210534851035005,0.0,-4.358784216826141,1.146678120919339,0.0,7.489999563820281,-0.3087514191975129,0.0,-0.5826612374973253,0.4636066819355835,-2.2735750877079965,-2.034048042682347,-0.24928660661602053,0.01826765478169866,0.10888787977989135,-0.13988,0.00807,0.0538,-0.00029353494125141993,0.0,-0.002366414909468146,-0.00037328332497975564,0.0,-0.002563717738383963
54,0.5409055999480188,hold,4.847575805320572,0.006869985859577579,4.902600077912211,10.486199986189604,11293.6,0.0,0.15,3.0,0.0004,15.0,0.01,-0.034967899448938786,0.0,0.2024698981651794,-0.03417632102871501,0.0,0.2072524074221454,-0.003776359327781236,0.0,-0.08457305679186791,-0.8699904855274747,0.0,-4.454079114951601,1.1244717618681175,0.0,7.348155422905419,-0.2873702742856948,0.0,-0.6005202987488305,0.4636066819355835,-2.2735750877079965,-2.032514061894461,-0.24013773862597018,0.021161697169771468,0.09729397533459139,-0.13988,0.01345,0.06187,-0.0003149212395076678,0.0,-0.0020115739176680266,-0.0004766571807161058,0.0,-0.0027709353392979677
55,0.5502039999701083,hold,4.847575805320572,0.007193458503316972,4.274499835446477,9.298400022089481,11293.6,0.0,0.15,3.0,0.0004,15.0,0.01,-0.034967899448938786,0.0,0.2024698981651794,-0.03417632102871501,0.0,0.2072524074221454,-0.003773377855896203,0.0,-0.07006944381871136,-0.8478803844466146,0.0,-4.632689503726852,1.109644050245195,0.0,7.201993803914498,-0.2930351937350681,0.0,-0.6337459520131882,0.4636066819355835,-2.2735750877079965,-2.032514061894461,-0.24511166399170478,0.015441066832307324,0.09470736766451351,-0.13719,0.01345,0.05111,-0.0002102822073038205,0.0,-0.0020728207188084663,-0.0005812962129199531,0.0,-0.002709688538157528
56,0.5602283999323845,hold,4.724368290643421,0.007275284925025802,4.484400153160095,10.02439996227622,11293.6,0.0,0.15,3.0,0.0004,15.0,0.01,-0.0350924330047883,0.0,0.20261771276198362,-0.03417632102871501,0.0,0.2072524074221454,-0.0038590142745854373,0.0,-0.05564049127201571,-0.8007523015757431,0.0,-4.841417357262324,1.0898846274895122,0.0,7.055577821951972,-0.2934239323986411,0.0,-0.6699340944579572,0.4636066819355835,-2.2735750877079965,-2.030980081106576,-0.24636169325290358,0.011686334758036598,0.08484705691548648,-0.1345,0.00538,0.048420000000000005,-0.0002802255619146867,0.0,-0.002076452400763574,-0.0006358864141586022,0.0,-0.002558242259398207
57,0.570409799925983,hold,4.724368290643421,0.008836747778470669,4.184199962764978,10.181399993598461,11293.6,0.0,0.15,3.0,0.0004,15.0,0.01,-0.0350924330047883,0.0,0.20261771276198362,-0.03417632102871501,0.0,0.2072524074221454,-0.008264461397295399,0.0,-0.03691626612253782,-0.6836515223076043,0.0,-5.108701086843636,1.0744788296255459,0.0,6.893482432468327,-0.28300125838243895,0.0,-0.7151467107416691,0.4636066819355835,-2.2735750877079965,-2.030980081106576,-0.24876453994850198,0.005536235276086682,0.07971407833421393,-0.1345,0.00538,0.0538,-0.00021848574117194481,0.0,-0.0022988443457852537,-0.0006976262349013441,0.0,-0.0023358503143765274
58,0.5804292999673635,hold,4.605741088316629,0.009090002681006468,3.985099960118532,10.019500041380525,11293.6,0.0,0.15,3.0,0.0004,15.0,0.01,-0.03521673966945539,0.0,0.20276571821688413,-0.03417632102871501,0.0,0.2072524074221454,-0.006330640496549274,0.0,-0.02473682717345336,-0.6806446046595795,0.0,-5.251811478883441,1.0514356827677542,0.0,6.729957445701679,-0.2897232229979623,0.0,-0.745272336452714,0.4636066819355835,-2.2735750877079965,-2.0294461003186903,-0.2510594579922817,0.001885422351753735,0.07101451621815275,-0.14257,-0.0,0.03766,-0.0003268027370022645,0.0,-0.0023191456259599283,-0.0007136159037381142,0.0,-0.00216754357930134
59,0.5904268999584019,hold,4.694584186894234,0.0108914773554842,4.116700030863285,9.997599991038442,11293.6,0.0,0.15,3.0,0.0004,15.0,0.01,-0.035401504116135254,0.0,0.20272051520253814,-0.03417632102871501,0.0,0.2072524074221454,-0.007766691551017761,0.0,-0.013661161961082602,-0.5807523624025256,0.0,-5.3219370488927575,1.0176084727786872,0.0,6.552387321783916,-0.2753549428465177,0.0,-0.7635983327239493,0.4636066819355835,-2.2751090684958823,-2.0279121195308045,-0.25033232165900776,0.0002950399343531751,0.06202217542180345,-0.13988,-0.0,0.03766,-0.0004797491462934873,0.0,-0.002518360674271039,-0.0007454339411267551,0.0,-0.0020135315453362196
60,0.6005237000063062,hold,4.826122597574853,0.012180701127285698,3.945200005546212,10.096800047904253,11293.6,0.0,0.15,3.0,0.0004,15.0,0.01,-0.03562114577856644,0.0,0.2026476337285705,-0.03417632102871501,0.0,0.2072524074221454,-0.007261332643664661,0.0,-0.004880894784757616,-0.5044802659091421,0.0,-5.320554892842758,0.9730381569338641,0.0,6.366494554428992,-0.2644840792828663,0.0,-0.7747337473132383,0.46207270114769783,-2.2751090684958823,-2.0279121195308045,-0.24867233514194556,-0.00034350570901947597,0.06005571847949573,-0.1345,-0.0,0.02959,-0.0006321160558249897,0.0,-0.002636413960266695,-0.0008127086940264386,0.0,-0.0019683597333082035
61,0.6104101999662817,hold,4.586643907428055,0.009463844152251799,4.2004999704658985,9.886499959975481,11293.6,0.0,0.15,3.0,0.0004,15.0,0.01,-0.035525583597114274,0.0,0.20286871116726374,-0.03417632102871501,0.0,0.2072524074221454,-0.004825857831334943,0.0,0.0016093677067530686,-0.5370819262728916,0.0,-5.332039729912777,0.9432991084001967,0.0,6.200641541101934,-0.2737367908383698,0.0,-0.7873448412940434,0.4636066819355835,-2.2751090684958823,-2.0263781387429187,-0.2516246855791659,-0.002808761652166508,0.05320538757866727,-0.13988,-0.00269,0.040350000000000004,-0.00042177438718724405,0.0,-0.0023522122094788954,-0.000927488181212018,0.0,-0.0020314840454027684
62,0.6204474000260234,hold,4.586643907428055,0.009205136113857775,4.040499916300178,10.037200059741735,11293.6,0.0,0.15,3.0,0.0004,15.0,0.01,-0.035525583597114274,0.0,0.20286871116726374,-0.03417632102871501,0.0,0.2072524074221454,-0.0067638233187509965,0.0,0.00392761241324651,-0.4645013179982008,0.0,-5.217372468884958,0.9154791139243487,0.0,6.036808163179201,-0.25899715710464716,0.0,-0.7812315648252931,0.4636066819355835,-2.2751090684958823,-2.0263781387429187,-0.2491671471388936,-0.0013231605331460866,0.05258050047762246,-0.14257,-0.0,0.03497,-0.0003945583811684239,0.0,-0.0023235745941886004,-0.0009547041872308382,0.0,-0.0020601216606930635
63,0.6304047000594437,hold,4.72492926182876,0.009530478976101365,4.066299879923463,9.957300033420324,11293.6,0.0,0.15,3.0,0.0004,15.0,0.01,-0.03574545244323353,0.0,0.20279563918347102,-0.03417632102871501,0.0,0.2072524074221454,-0.006769840239813319,0.0,0.003917232220620276,-0.3828673314056311,0.0,-5.035457460227029,0.8717812390465628,0.0,5.8734626138596715,-0.24004937238166474,0.0,-0.764596310551144,0.46207270114769783,-2.2751090684958823,-2.0263781387429187,-0.24472690652162224,0.0019692807512231986,0.05273061535022317,-0.1345,-0.0,0.03497,-0.000619747710234966,0.0,-0.002316657971376857,-0.0009493837042835521,0.0,-0.0021401102672975285
64,0.6409004998859018,hold,4.629336688605844,0.007603023219055212,4.567400086671114,10.495799826458097,11293.6,0.0,0.15,3.0,0.0004,15.0,0.01,-0.035869531924212564,0.0,0.20294383514819658,-0.03417632102871501,0.0,0.2072524074221454,-0.006762732517583258,0.0,0.00392318327741187,-0.30904564948231905,0.0,-4.90843853786104,0.8234641715669697,0.0,5.730373849800261,-0.2216857502783868,0.0,-0.7536085206620383,0.46207270114769783,-2.2751090684958823,-2.024844157955033,-0.24183485171448302,0.0038815063364624203,0.046109508797681546,-0.1345,-0.0,0.024210000000000002,-0.0006852595038831994,0.0,-0.0020293643754771447,-0.0010079513916143523,0.0,-0.002279207898471674
65,0.6504055000841618,hold,4.983608917773194,0.009482719015601748,4.1640999261289835,9.50500019825995,11293.6,0.0,0.15,3.0,0.0004,15.0,0.01,-0.036149763408982974,0.0,0.20267617720316922,-0.03417632102871501,0.0,0.2072524074221454,-0.01020821954347142,0.0,0.0027477460452179766,-0.1161710298856592,0.0,-4.674005847607635,0.759929533792217,0.0,5.574132448145632,-0.17524339565013472,0.0,-0.7237502245026801,0.46053872035981225,-2.276643049283768,-2.024844157955033,-0.23226750292770867,0.01042237129838082,0.04541389372631788,-0.13988,-0.0,0.02152,-0.0009010827159670687,0.0,-0.0022159003573543707,-0.001072359664300893,0.0,-0.0023603298616218142
66,0.6604164000600576,hold,5.1414228038479,0.008956443542557016,4.043600056320429,10.010899975895882,11293.6,0.0,0.15,3.0,0.0004,15.0,0.01,-0.03636933617743846,0.0,0.20260214796643794,-0.03417632102871501,0.0,0.2072524074221454,-0.008263809162916861,0.0,0.0004227818209567521,-0.04202543859761413,0.0,-4.448337719442798,0.689941443001737,0.0,5.425906505184057,-0.15402127315794598,0.0,-0.6976394968176479,0.45900473957192656,-2.276643049283768,-2.024844157955033,-0.2271876178179499,0.01474438816729573,0.04625469463102556,-0.11836,0.00538,0.024210000000000002,-0.0009926079228944967,0.0,-0.0021022183017197155,-0.001200407225828953,0.0,-0.002548041153987746
67,0.6703894000966102,hold,5.304914390726436,0.008481459916236,4.095900105312467,9.973000036552548,11293.6,0.0,0.15,3.0,0.0004,15.0,0.01,-0.0365887951281736,0.0,0.20252778199652932,-0.03417632102871501,0.0,0.2072524074221454,-0.01169437203591941,0.0,-0.0007550945371503166,0.15734942404808663,0.0,-4.255942087694979,0.614991950967234,0.0,5.285098319262653,-0.10378747795235752,0.0,-0.671451680201685,0.457470758784041,-2.276643049283768,-2.024844157955033,-0.21784281842644324,0.020331761482035166,0.04477818729157069,-0.12374,0.01076,0.024210000000000002,-0.0010629719105446805,0.0,-0.001997013486633126,-0.0013495021889139045,0.0,-0.0027276119389829543
68,0.6803949999157339,hold,5.646939859423679,0.00955446032546554,4.101300146430731,10.005599819123745,11293.6,0.0,0.15,3.0,0.0004,15.0,0.01,-0.037027369511119526,0.0,0.20237804055793351,-0.03417632102871501,0.0,0.2072524074221454,-0.013159113574570726,0.0,-0.004266995483799498,0.37172753021241256,0.0,-4.000975687662499,0.5200068341402071,0.0,5.144951064295035,-0.046820517322392875,0.0,-0.6338797870435509,0.4544027972082697,-2.276643049283768,-2.024844157955033,-0.20611468630395183,0.02795729166563571,0.04398792951104801,-0.11567000000000001,0.00807,0.0269,-0.001347126102006742,0.0,-0.0019876379752764837,-0.001503922380397772,0.0,-0.002886728888935404
69,0.6903798000421375,hold,5.646939859423679,0.007544218309778447,4.162800032645464,9.98480012640357,11293.6,0.0,0.15,3.0,0.0004,15.0,0.01,-0.037027369511119526,0.0,0.20237804055793351,-0.03417632102871501,0.0,0.2072524074221454,-0.016585446707415873,0.0,-0.005442712199430944,0.5423843320670438,0.0,-3.8348763583970245,0.44199047023727817,0.0,5.0163191581417195,-0.0006754802549534753,0.0,-0.6101029491759715,0.4544027972082697,-2.276643049283768,-2.024844157955033,-0.19832702160517385,0.03248213812155305,0.04230528252678316,-0.11298000000000001,0.01345,0.024210000000000002,-0.0011064661159763118,0.0,-0.0018243204178187227,-0.0017445823664282022,0.0,-0.003050046446393165
70,0.7003975000698119,hold,5.824589753767247,0.007711866430286439,4.133200040087104,10.017700027674437,11293.6,0.0,0.15,3.0,0.0004,15.0,0.01,-0.037246483911322466,0.0,0.2023026654416024,-0.03417632102871501,0.0,0.2072524074221454,-0.01566084858789368,0.0,-0.0024265831926904916,0.6534558961772408,0.0,-3.754497488993759,0.35754541837946474,0.0,4.889809409606724,0.0287537197238163,0.0,-0.60204829322722,0.452868816420384,-2.276643049283768,-2.024844157955033,-0.19279644183412548,0.035038216026730684,0.0408317566834563,-0.1076,0.01883,0.024210000000000002,-0.0011976405061165853,0.0,-0.0017942223485071444,-0.0018725223764908684,0.0,-0.003155519632035871
71,0.7103836999740452,hold,5.628565407947782,0.005434950279049247,4.152999958023429,9.986199904233217,11293.6,0.0,0.15,3.0,0.0004,15.0,0.01,-0.03718772627244284,0.0,0.2024971800869284,-0.03417632102871501,0.0,0.2072524074221454,-0.013716760787896042,0.0,-0.0047182488123452045,0.6805757503208948,0.0,-3.624839706341501,0.28673322942794355,0.0,4.783552423294692,0.0412570602257976,0.0,-0.5874135810318364,0.452868816420384,-2.2751090684958823,-2.024844157955033,-0.1904177744649038,0.03690905415479227,0.04104763800313245,-0.10222,0.01614,0.02152,-0.001004292594459923,0.0,-0.0015069877946558069,-0.0020071126492679082,0.0,-0.003248239540561187
72,0.720398599980399,hold,5.390029690366323,0.0041017681793433045,4.17400011792779,10.014900006353855,11293.6,0.0,0.15,3.0,0.0004,15.0,0.01,-0.03709330001832214,0.0,0.20271989667894566,-0.03417632102871501,0.0,0.2072524074221454,-0.013738124497043556,0.0,-0.004709191135763463,0.7288127455881949,0.0,-3.573162718807373,0.225116125955596,0.0,4.6913099091347386,0.057679715641270606,0.0,-0.583498605896334,0.4544027972082697,-2.2751090684958823,-2.023310177167147,-0.18871812529802484,0.03773984862285147,0.03392687138745693,-0.10491,0.02152,0.02152,-0.000873883577451572,0.0,-0.0013082279712061276,-0.002043095412155554,0.0,-0.0032242827719936138
73,0.7303990998771042,hold,5.586041374118365,0.005969299689709493,5.5293000768870115,10.00049989670515,11293.6,0.0,0.15,3.0,0.0004,15.0,0.01,-0.03715258198014752,0.0,0.20252528049531762,-0.03417632102871501,0.0,0.2072524074221454,-0.010289592203938923,0.0,-0.003536158240152596,0.7287061942231708,0.0,-3.4593005521972278,0.15606262354391148,0.0,4.576681953111668,0.06175075274038961,0.0,-0.572262071409651,0.4544027972082697,-2.276643049283768,-2.023310177167147,-0.18764132552546614,0.03964729534667588,0.034848503759386106,-0.09953000000000001,0.02152,0.01345,-0.0009793504408668187,0.0,-0.001625709563543602,-0.001996910510565692,0.0,-0.0031014173632841775
74,0.7401191999670118,hold,5.390029690366323,0.0050134704489570026,4.4114000629633665,9.720100089907646,11293.6,0.0,0.15,3.0,0.0004,15.0,0.01,-0.03709330001832214,0.0,0.20271989667894566,-0.03417632102871501,0.0,0.2072524074221454,-0.006869062248521778,0.0,-0.0023545955678817313,0.7077059004725816,0.0,-3.4183152034404514,0.08879379131747693,0.0,4.474137560990579,0.05939584288884378,0.0,-0.5731147461080991,0.4544027972082697,-2.2751090684958823,-2.023310177167147,-0.1881451660481376,0.039216726176162675,0.03481993626645485,-0.1076,0.01883,0.02152,-0.0009540396823335493,0.0,-0.0014543350322327314,-0.0019629393072735767,0.0,-0.00307817571096701
75,0.7503909999504685,hold,5.646939859423679,0.007439822172034263,4.1906998958438635,10.27179998345673,11293.6,0.0,0.15,3.0,0.0004,15.0,0.01,-0.037027369511119526,0.0,0.20237804055793351,-0.03417632102871501,0.0,0.2072524074221454,-0.0034263331328451465,0.0,-0.0011757167156314456,0.6828162448501466,0.0,-3.2583235518936857,0.022050268417267496,0.0,4.340478261961162,0.05753878169709639,0.0,-0.5551684827720319,0.4544027972082697,-2.276643049283768,-2.024844157955033,-0.18744612663234994,0.04170576477490116,0.04286267136993249,-0.10222,0.01883,0.01883,-0.000946589791839466,0.0,-0.0018956225645270454,-0.001904458690565048,0.0,-0.0029787442996848422
76,0.7603893000632524,hold,5.824589753767247,0.008620654288406386,4.216399975121021,9.998300112783909,11293.6,0.0,0.15,3.0,0.0004,15.0,0.01,-0.037246483911322466,0.0,0.2023026654416024,-0.03417632102871501,0.0,0.2072524074221454,-0.003424525575796112,0.0,-0.001180971259648745,0.8030454291855901,0.0,-3.1061639022516507,-0.06546977255919535,0.0,4.20556260245793,0.09547396882009385,0.0,-0.5308084619049113,0.452868816420384,-2.276643049283768,-2.024844157955033,-0.1798779057041408,0.0466198638980314,0.04207911876059204,-0.1076,0.02152,0.02152,-0.001241253046532281,0.0,-0.0019134414416960284,-0.0018289098360751727,0.0,-0.003036300538846987
77,0.7703954998869449,hold,5.390029690366323,0.005177228083857437,4.181500058621168,10.006199823692441,11293.6,0.0,0.15,3.0,0.0004,15.0,0.01,-0.03709330001832214,0.0,0.20271989667894566,-0.03417632102871501,0.0,0.2072524074221454,0.0,0.0,0.0,0.7774669399718279,0.0,-3.0992358353996687,-0.13989496934963513,0.0,4.105599687309973,0.09255829880246726,0.0,-0.5357731092761017,0.4544027972082697,-2.2751090684958823,-2.023310177167147,-0.1817344000584627,0.045296277117337816,0.035710590331311805,-0.1076,0.02959,0.02152,-0.0010555356516283771,0.0,-0.0014177244445381766,-0.0018614433379787489,0.0,-0.0031147862986615647
78,0.7804089998826385,hold,5.824589753767247,0.008791259439970184,4.243400180712342,10.013499995693564,11293.6,0.0,0.15,3.0,0.0004,15.0,0.01,-0.037246483911322466,0.0,0.2023026654416024,-0.03417632102871501,0.0,0.2072524074221454,0.0,0.0,0.0,0.8893238622757956,0.0,-2.8973522518216654,-0.22726143149412423,0.0,3.9687023287585363,0.12960585659243146,0.0,-0.502708064437828,0.452868816420384,-2.276643049283768,-2.024844157955033,-0.1736639848465557,0.0514968671434168,0.0419200159280102,-0.10491,0.02152,0.02152,-0.0012390754037738896,0.0,-0.0019415476563783463,-0.001831087478833564,0.0,-0.003008194324164669
79,0.7904302000533789,hold,5.574219096390097,0.006440343321476739,4.092999966815114,10.021200170740485,11293.6,0.0,0.15,3.0,0.0004,15.0,0.01,-0.03731293874147084,0.0,0.20264442002431254,-0.03417632102871501,0.0,0.2072524074221454,0.0,0.0,0.0,0.9929057682139704,0.0,-2.8439397906008033,-0.31640753636616564,0.0,3.862053360576601,0.16370649788541983,0.0,-0.4938573765311298,0.452868816420384,-2.2751090684958823,-2.023310177167147,-0.16862255668593076,0.053658480914673,0.033919029070343554,-0.09415,0.0269,0.024210000000000002,-0.001264315328372349,0.0,-0.001512549823921744,-0.0018723023843834788,0.0,-0.003095437573911114
80,0.8001186000183225,hold,5.824589753767247,0.008275968153574474,4.518400179222226,9.688399964943528,11293.6,0.0,0.15,3.0,0.0004,15.0,0.01,-0.037246483911322466,0.0,0.2023026654416024,-0.03417632102871501,0.0,0.2072524074221454,0.0,0.0,0.0,1.0658182649769081,0.0,-2.6538117790863778,-0.3965555529996784,0.0,3.726391291018894,0.19187402942863885,0.0,-0.46206758534159453,0.452868816420384,-2.276643049283768,-2.024844157955033,-0.1627705230926142,0.05903049383455046,0.040716838867161806,-0.09953000000000001,0.024210000000000002,0.02152,-0.0011366999295137545,0.0,-0.0019240284586088752,-0.0019334629530936992,0.0,-0.00302571352193414
81,0.8103946000337601,hold,5.390029690366323,0.004873003526600745,4.121900070458651,10.276000015437603,11293.6,0.0,0.15,3.0,0.0004,15.0,0.01,-0.03709330001832214,0.0,0.20271989667894566,-0.03417632102871501,0.0,0.2072524074221454,0.0,0.0,0.0,1.1085649607357615,0.0,-2.620059563942556,-0.464248778496132,0.0,3.6262082812131076,0.20990180394327868,0.0,-0.4586238251107345,0.4544027972082697,-2.2751090684958823,-2.023310177167147,-0.16114096242202022,0.059628174981883615,0.033577954163840656,-0.09953000000000001,0.03228,0.01883,-0.0009600597592137696,0.0,-0.0014208464076880586,-0.0019569192303933564,0.0,-0.0031116643355116828
82,0.8204095000401139,hold,5.628565407947782,0.007025698401167417,4.1114999912679195,10.014900006353855,11293.6,0.0,0.15,3.0,0.0004,15.0,0.01,-0.03718772627244284,0.0,0.2024971800869284,-0.03417632102871501,0.0,0.2072524074221454,0.0,0.0,0.0,1.199328107265652,0.0,-2.4654590274537824,-0.5415782772601145,0.0,3.503337452042585,0.24319133986878474,0.0,-0.4315185799773749,0.452868816420384,-2.2751090684958823,-2.024844157955033,-0.15421259463089346,0.06456767526433986,0.03951103355737514,-0.09415,0.03228,0.01883,-0.0010967262733146085,0.0,-0.0017426165787851667,-0.0019146789704132228,0.0,-0.003012610756431827
83,0.8304065999109298,hold,5.628565407947782,0.006926301620384235,4.1368999518454075,9.997099870815873,11293.6,0.0,0.15,3.0,0.0004,15.0,0.01,-0.03718772627244284,0.0,0.2024971800869284,-0.03417632102871501,0.0,0.2072524074221454,0.0,0.0,0.0,1.276650576525018,0.0,-2.3426047949284,-0.6184876940614217,0.0,3.381420085454639,0.2736040020675385,0.0,-0.409379414466639,0.452868816420384,-2.2751090684958823,-2.024844157955033,-0.14877469448442,0.0685422403691758,0.03914998875021945,-0.08608,0.03766,0.02152,-0.0010907684273090447,0.0,-0.0017290940400491255,-0.0019206368164187866,0.0,-0.0030261332951678683
84,0.8404753000941128,hold,5.574219096390097,0.006507722201998448,4.068400012329221,10.068700183182955,11293.6,0.0,0.15,3.0,0.0004,15.0,0.01,-0.03731293874147084,0.0,0.20264442002431254,-0.03417632102871501,0.0,0.2072524074221454,0.0,0.0,0.0,1.3841353412285429,0.0,-2.2566419173846493,-0.7039342355026532,0.0,3.270866685546485,0.3128834211807106,0.0,-0.39216527620378594,0.452868816420384,-2.2751090684958823,-2.023310177167147,-0.14225397620764035,0.07231372100021535,0.031520655676803094,-0.08070000000000001,0.040350000000000004,0.02152,-0.0012118462285913426,0.0,-0.0015679244411406722,-0.0019247714841644852,0.0,-0.0030400629566921856
85,0.8502140999771655,hold,5.574219096390097,0.006539401682064126,4.240300040692091,9.738799883052707,11293.6,0.0,0.15,3.0,0.0004,15.0,0.01,-0.03731293874147084,0.0,0.20264442002431254,-0.03417632102871501,0.0,0.2072524074221454,0.0,0.0,0.0,1.4695715754546395,0.0,-2.146076712996192,-0.7857171344254762,0.0,3.157157571322316,0.34643801808941926,0.0,-0.3708980749732101,0.452868816420384,-2.2751090684958823,-2.023310177167147,-0.13640207470288893,0.07630600112478991,0.03082687871440691,-0.08070000000000001,0.03766,0.01883,-0.0011598865571272568,0.0,-0.0016126803371927837,-0.001976731155628571,0.0,-0.002995307060640074
86,0.8602324000094086,hold,5.628565407947782,0.006967127668154405,4.28670016117394,10.018300032243133,11293.6,0.0,0.15,3.0,0.0004,15.0,0.01,-0.03718772627244284,0.0,0.2024971800869284,-0.03417632102871501,0.0,0.2072524074221454,0.0,0.0,0.0,1.5207781801570164,0.0,-1.99641257547052,-0.8558936055790868,0.0,3.0307588093538236,0.3714337983155407,0.0,-0.3429897853201156,0.452868816420384,-2.2751090684958823,-2.024844157955033,-0.131519754586495,0.08071553670747013,0.037525634030897814,-0.06187,0.04304,0.01076,-0.0009952782889825615,0.0,-0.001792651318504528,-0.00201612695474527,0.0,-0.002962576016712466
87,0.8703840000089258,hold,5.574219096390097,0.00645057800240356,6.1645000241696835,10.151599999517202,11293.6,0.0,0.15,3.0,0.0004,15.0,0.01,-0.03731293874147084,0.0,0.20264442002431254,-0.03417632102871501,0.0,0.2072524074221454,0.0,0.0,0.0,1.6215396632238743,0.0,-1.90597959143046,-0.9364849596975664,0.0,2.917371114798802,0.4110048293338725,0.0,-0.3237459310415399,0.452868816420384,-2.2751090684958823,-2.023310177167147,-0.12483448517004064,0.08477854604469551,0.030090186999873536,-0.06725,0.04304,0.02152,-0.0011429874226741082,0.0,-0.0016081217418418494,-0.0019936302900817196,0.0,-0.0029998656559910085
88,0.8803961998783052,hold,5.4495031748729215,0.005800185600712654,4.148300038650632,10.012199869379401,11293.6,0.0,0.15,3.0,0.0004,15.0,0.01,-0.03696831355975925,0.0,0.20257246484134986,-0.03417632102871501,0.0,0.2072524074221454,0.0,0.0,0.0,1.6179676599029402,0.0,-1.7750098435730317,-0.9903962099650135,0.0,2.7969795220004943,0.4201205728649233,0.0,-0.3005262570000837,0.4544027972082697,-2.2751090684958823,-2.024844157955033,-0.12335640786216066,0.08771774949356761,0.037714007466521614,-0.08070000000000001,0.04573,0.01076,-0.0007645966652207346,0.0,-0.001707454565003502,-0.002027395865823502,0.0,-0.002972488015792041
89,0.8900470999069512,hold,5.2524281820386385,0.004831620415275982,4.4493000023067,9.650900028645992,11293.6,0.0,0.15,3.0,0.0004,15.0,0.01,-0.03690895943488264,0.0,0.20276679830535743,-0.03417632102871501,0.0,0.2072524074221454,0.0,0.0,0.0,1.657412944958379,0.0,-1.7020776758436542,-1.047772410077491,0.0,2.6911360793242793,0.4404612771117534,0.0,-0.28686656108971387,0.4544027972082697,-2.2735750877079965,-2.024844157955033,-0.12002262149158943,0.08996499971147928,0.03748226752488977,-0.048420000000000005,0.04304,0.024210000000000002,-0.0008137383395480564,0.0,-0.0015011253294318957,-0.0019189000666195734,0.0,-0.002984483787356074
90,0.9001100999303162,hold,5.2524281820386385,0.0054483075480656305,4.328700015321374,10.06300002336502,11293.6,0.0,0.15,3.0,0.0004,15.0,0.01,-0.03690895943488264,0.0,0.20276679830535743,-0.03417632102871501,0.0,0.2072524074221454,0.0,0.0,0.0,1.7147957789690584,0.0,-1.596218536760317,-1.1123768195339916,0.0,2.580812942963233,0.46812819105665093,0.0,-0.26499247900350226,0.4544027972082697,-2.2735750877079965,-2.024844157955033,-0.1149890327183704,0.09380868439784132,0.037333746783023466,-0.07532,0.0538,0.024210000000000002,-0.0009162524710324904,0.0,-0.0015646586224261493,-0.0018163859351351395,0.0,-0.0029209504943618204
91,0.9101150000933558,hold,5.2524281820386385,0.0059036275522028735,5.769100040197372,10.004900163039565,11293.6,0.0,0.15,3.0,0.0004,15.0,0.01,-0.03690895943488264,0.0,0.20276679830535743,-0.03417632102871501,0.0,0.2072524074221454,0.0,0.0,0.0,1.779401904100586,0.0,-1.485894356668172,-1.1820205505148906,0.0,2.4674082043248506,0.4987632850721753,0.0,-0.24125599564682348,0.4544027972082697,-2.2735750877079965,-2.024844157955033,-0.10943911418146088,0.09800338921983007,0.03712271490590638,-0.056490000000000005,0.0538,0.01883,-0.0009877226898512546,0.0,-0.0016083634795571568,-0.0017449157163163752,0.0,-0.002877245637230813
92,0.9201614998746663,hold,4.999514274745146,0.004741111736407698,7.37860007211566,10.046499781310558,11293.6,0.0,0.15,3.0,0.0004,15.0,0.01,-0.03697384083200535,0.0,0.20310885508947493,-0.03417632102871501,0.0,0.2072524074221454,0.0009384197508283904,0.0,0.003038871631681638,1.8441526600510492,0.0,-1.523169030156309,-1.2594626239441022,0.0,2.3767105675917137,0.5240837126147795,0.0,-0.2494758919716523,0.4544027972082697,-2.272041106920111,-2.023310177167147,-0.1063733476961078,0.09773562127822455,0.02845134965519254,-0.056490000000000005,0.0538,0.02152,-0.0010983227442534988,0.0,-0.0012863198628727626,-0.0016991970590368366,0.0,-0.0028572324697977067
93,0.9305543000809848,hold,5.055757668480295,0.005649112051872527,4.323499975726008,10.392800206318498,11293.6,0.0,0.15,3.0,0.0004,15.0,0.01,-0.03684930727615576,0.0,0.2029610404926706,-0.03417632102871501,0.0,0.2072524074221454,0.0009348750350789555,0.0,0.003035885214210528,1.891262707884204,0.0,-1.3962700696751453,-1.3279396759097344,0.0,2.2659936754290397,0.5505306047944627,0.0,-0.22212329363440605,0.4544027972082697,-2.272041106920111,-2.024844157955033,-0.10120944947679139,0.10217481182605877,0.03492019671957903,-0.056490000000000005,0.056490000000000005,0.01345,-0.0009711762731312609,0.0,-0.0015702431050505397,-0.0017018099743094897,0.0,-0.002721123824424254
94,0.9404408000409603,hold,5.055757668480295,0.005927075588003482,4.2322000954300165,9.886499959975481,11293.6,0.0,0.15,3.0,0.0004,15.0,0.01,-0.03684930727615576,0.0,0.2029610404926706,-0.03417632102871501,0.0,0.2072524074221454,0.0009348750350789555,0.0,0.003035885214210528,1.9597498849706407,0.0,-1.285563051054181,-1.3989873293175719,0.0,2.153151049752671,0.583905707807369,0.0,-0.19669053248221263,0.4544027972082697,-2.272041106920111,-2.024844157955033,-0.09522728153698201,0.10666256496222756,0.03466285741706325,-0.04304,0.056490000000000005,0.01614,-0.0010076338534246458,0.0,-0.0016003913470320381,-0.0016653523940161048,0.0,-0.0026909755824427554
95,0.9501235999632627,hold,4.805134089827904,0.004609311235419593,4.564800066873431,9.682799922302365,11293.6,0.0,0.15,3.0,0.0004,15.0,0.01,-0.0369136638886129,0.0,0.20330319640111952,-0.03417632102871501,0.0,0.2072524074221454,0.0009430802158236747,0.0,0.0030374285399156252,2.0463319553449018,0.0,-1.2563045200367386,-1.4758867674428864,0.0,2.0641880781858473,0.6203983865916642,0.0,-0.1888707409082327,0.4544027972082697,-2.2705071261322254,-2.023310177167147,-0.08979025415350647,0.10894446726859916,0.026637145953639543,-0.056490000000000005,0.056490000000000005,0.01614,-0.001090626838124786,0.0,-0.0012617179885241656,-0.0016467160217730997,0.0,-0.002687493032501718
96,0.9603154000360519,hold,4.805134089827904,0.0050655248082363885,4.229800077155232,10.191800072789192,11293.6,0.0,0.15,3.0,0.0004,15.0,0.01,-0.0369136638886129,0.0,0.20330319640111952,-0.03417632102871501,0.0,0.2072524074221454,0.0009430802158236747,0.0,0.0030374285399156252,2.1232264780157615,0.0,-1.1673135085792994,-1.5513887176206245,0.0,1.9667405024527072,0.6568624066494795,0.0,-0.1671998507892658,0.4544027972082697,-2.2705071261322254,-2.023310177167147,-0.08339487183428702,0.11316553673031807,0.025744339875813066,-0.04304,0.06187,0.01076,-0.0010708069592709811,0.0,-0.001382050953829529,-0.0016665359006269047,0.0,-0.0025671600671963546
97,0.9703969000838697,hold,4.663836682700713,0.0045233750101851345,4.135299939662218,10.081500047817826,11293.6,0.0,0.15,3.0,0.0004,15.0,0.01,-0.0367291094193211,0.0,0.20334924920914768,-0.03417632102871501,0.0,0.2072524074221454,0.000944184600255488,0.0,0.003033002771359336,2.153637631405863,0.0,-1.0810117141263291,-1.6121501182170894,0.0,1.867351482850439,0.6778362142982619,0.0,-0.1477468046897824,0.4544027972082697,-2.26897314534434,-2.024844157955033,-0.07977261291072249,0.11608088717616588,0.03210091608699984,-0.03228,0.06994,0.01345,-0.0008617490092222926,0.0,-0.0014095854988374424,-0.0016910393813837968,0.0,-0.002493572714160278
98,0.9804128999821842,hold,4.611438288416504,0.004620723951827406,4.442100180312991,10.015999898314476,11293.6,0.0,0.15,3.0,0.0004,15.0,0.01,-0.036853188900300135,0.0,0.20349744517387325,-0.03417632102871501,0.0,0.2072524074221454,0.0018954769230738369,0.0,0.006071956598511864,2.2236905634689497,0.0,-1.0849611044290373,-1.6849909079402854,0.0,1.7748507198337962,0.7088014802216878,0.0,-0.14744717063920576,0.4544027972082697,-2.26897314534434,-2.023310177167147,-0.07519520811680071,0.11737736878012249,0.023665222471724146,-0.04304,0.06187,0.01345,-0.001033065035038439,0.0,-0.0013118927506141488,-0.001643802836546684,0.0,-0.0024430694976580046
99,0.9903603999409825,hold,4.611438288416504,0.004868893463395646,4.134200047701597,9.94749995879829,11293.6,0.0,0.15,3.0,0.0004,15.0,0.01,-0.036853188900300135,0.0,0.20349744517387325,-0.03417632102871501,0.0,0.2072524074221454,0.0018954769230738369,0.0,0.006071956598511864,2.296525864229148,0.0,-0.9924349705802062,-1.7563787565069662,0.0,1.6773291560400827,0.745460255929061,0.0,-0.12391254189839214,0.4544027972082697,-2.26897314534434,-2.023310177167147,-0.06867027370868152,0.12187150438265859,0.022966904191433955,-0.048420000000000005,0.06456,0.01076,-0.0010124586864768198,0.0,-0.0013831002945763572,-0.0016644091851083032,0.0,-0.0023718619536957962
100,1.0000624998938292,hold,4.611438288416504,0.004934104784498553,4.256900167092681,9.702099952846766,11293.6,0.0,0.15,3.0,0.0004,15.0,0.01,-0.036853188900300135,0.0,0.20349744517387325,-0.03417632102871501,0.0,0.2072524074221454,0.0018954769230738369,0.0,0.006071956598511864,2.3679133751259043,0.0,-0.8949122496148848,-1.8261923444387582,0.0,1.5776879133762036,0.7822517258370545,0.0,-0.09874086417430024,0.4544027972082697,-2.26897314534434,-2.023310177167147,-0.0621426793120613,0.12651226896917173,0.022427035739631278,-0.02959,0.06456,0.01614,-0.0009901317229563176,0.0,-0.001413162654993238,-0.0016867361486288053,0.0,-0.0023417995932789155
101,1.0101638999767601,hold,4.4687117575617235,0.004110966112164695,4.433500114828348,10.101400082930923,11293.6,0.0,0.15,3.0,0.0004,15.0,0.01,-0.03666856400405051,0.0,0.20354321482481896,-0.03417632102871501,0.0,0.2072524074221454,0.001897672110670194,0.0,0.006063101684136912,2.39259481395668,0.0,-0.8062512431527448,-1.8812829129171915,0.0,1.4812621513998634,0.8029408680798081,0.0,-0.07722542141862382,0.4544027972082697,-2.2674391645564542,-2.024844157955033,-0.05846065362691162,0.12969645087750872,0.02903350492253009,-0.03766,0.06456,0.01614,-0.0007813223909489996,0.0,-0.0013675590754872492,-0.001710920584386499,0.0,-0.002341633521839189
102,1.0203899000771344,hold,4.4687117575617235,0.004234389148522816,4.008899908512831,10.226000100374222,11293.6,0.0,0.15,3.0,0.0004,15.0,0.01,-0.03666856400405051,0.0,0.20354321482481896,-0.03417632102871501,0.0,0.2072524074221454,0.001897672110670194,0.0,0.006063101684136912,2.4477000801539113,0.0,-0.7098217729185261,-1.9398263019917408,0.0,1.3849509940425455,0.8353417881709609,0.0,-0.05208144890655797,0.4544027972082697,-2.2674391645564542,-2.024844157955033,-0.05257927665545331,0.13410949527880386,0.028801812511617855,-0.02959,0.06994,0.01345,-0.0008302920436610373,0.0,-0.0013659336935164098,-0.0016619509316744613,0.0,-0.0023432589038100285
103,1.0304123000241816,hold,4.274246332299524,0.0032596468222003735,4.809899954125285,10.022399947047234,11293.6,0.0,0.15,3.0,0.0004,15.0,0.01,-0.03660772112060326,0.0,0.20373708733681295,-0.03417632102871501,0.0,0.2072524074221454,0.0019069705559740687,0.0,0.006060183559051062,2.4911816614244713,0.0,-0.6607875880197198,-1.9962719058456142,0.0,1.3037547239406435,0.8613919683870019,0.0,-0.03923187429956049,0.4544027972082697,-2.2659051837685684,-2.024844157955033,-0.048468409185715544,0.13654269854960632,0.028202225863791244,-0.03497,0.07263,0.01614,-0.0008005401888591217,0.0,-0.001151566693666835,-0.0016308599030291256,0.0,-0.0023637533916656167
104,1.0404020000714809,hold,4.080535187284153,0.0026653030326691087,4.291200079023838,9.989700047299266,11293.6,0.0,0.15,3.0,0.0004,15.0,0.01,-0.03654658091214855,0.0,0.2039308662889288,-0.03417632102871501,0.0,0.2072524074221454,0.0019162645137921473,0.0,0.006057251174782743,2.5324976883030907,0.0,-0.6268296009336847,-2.051247616508039,0.0,1.2332311084001597,0.8861911451194553,0.0,-0.02997689571603644,0.4544027972082697,-2.264371202980683,-2.024844157955033,-0.044617538946190916,0.13849852546682573,0.02731116578504919,-0.02959,0.07532,0.01614,-0.0007796934175318068,0.0,-0.0010002016918908506,-0.0015905664659017344,0.0,-0.002321339441325737
105,1.050034699961543,hold,3.698647884108621,0.0015899020371185856,4.673999967053533,9.632699890062213,11293.6,0.0,0.15,3.0,0.0004,15.0,0.01,-0.03626323528141234,0.0,0.20419875631690926,-0.03417632102871501,0.0,0.2072524074221454,0.0029022583204144654,0.0,0.009077015475995315,2.4965006128155003,0.0,-0.6884367086646984,-2.0892503491897543,0.0,1.175563973640081,0.8785374296294105,0.0,-0.04835741053166836,0.4559367779961553,-2.2628372221927973,-2.024844157955033,-0.04780748073143168,0.13541449183652615,0.026691927830029445,-0.02152,0.07532,0.01076,-0.0005389740333333389,0.0,-0.000817864559181323,-0.0015479402193639916,0.0,-0.0022357865460548207
106,1.0600699000060558,hold,3.1227335216106424,0.00057085586186996,4.405400017276406,10.035200044512749,11293.6,0.0,0.15,3.0,0.0004,15.0,0.01,-0.03591626074793061,0.0,0.2046593253909542,-0.03417632102871501,0.0,0.2072524074221454,0.00392533245829479,0.0,0.012084751174698817,2.4271959019695957,0.0,-0.8096653502263855,-2.1116560619327194,0.0,1.1407709912064745,0.8556678346114575,0.0,-0.08418662706301092,0.457470758784041,-2.259769260617026,-2.024844157955033,-0.05429613221023981,0.12928721038550978,0.02583113453730357,-0.02959,0.07532,0.01345,-0.00031776918430095067,0.0,-0.0004934517269840348,-0.001422170534914649,0.0,-0.002099630304207178
107,1.0701017999090254,hold,2.927761372058123,0.0008460850961647476,4.516200162470341,10.031899902969599,11293.6,0.0,0.15,3.0,0.0004,15.0,0.01,-0.03585333963513962,0.0,0.2048525334159898,-0.03417632102871501,0.0,0.2072524074221454,0.007429539118000839,0.0,0.013226278085820936,2.3568346855117808,0.0,-0.8472251387552574,-2.144261957697721,0.0,1.1023638192665335,0.8356442172841821,0.0,-0.0985228162610558,0.457470758784041,-2.2582352798291403,-2.024844157955033,-0.05778791435831723,0.12655103562620318,0.025996937833287555,-0.03228,0.06994,0.01345,-0.0004624333543864507,0.0,-0.0005447099960292497,-0.0012145852520381566,0.0,-0.0018551640101263504
108,1.080399600090459,hold,2.927761372058123,0.0015803695996935922,4.1958000510931015,10.297800181433558,11293.6,0.0,0.15,3.0,0.0004,15.0,0.01,-0.03585333963513962,0.0,0.2048525334159898,-0.03417632102871501,0.0,0.2072524074221454,0.008415505519892846,0.0,0.01624595697936943,2.3676753140863833,0.0,-0.8755231875630128,-2.1874692913991094,0.0,1.0487519257691145,0.8463710799114038,0.0,-0.10611865004728807,0.457470758784041,-2.2582352798291403,-2.024844157955033,-0.05628793336838374,0.1260422645480887,0.024291418137907417,-0.024210000000000002,0.06725,0.00807,-0.0006127883252994388,0.0,-0.0007603510704794929,-0.0010642302811251685,0.0,-0.0016395229356761072
109,1.0903978999704123,hold,2.7436013729413875,0.0014108604983478282,4.15579997934401,9.998299879953265,11293.6,0.0,0.15,3.0,0.0004,15.0,0.01,-0.0356303154270879,0.0,0.20492576847656185,-0.03417632102871501,0.0,0.2072524074221454,0.011927846341737516,0.0,0.017375242858245665,2.278812545793406,0.0,-0.8647338001912444,-2.2201087779380106,0.0,0.9924736402458748,0.8215611410601977,0.0,-0.10903146449825536,0.45900473957192656,-2.2582352798291403,-2.024844157955033,-0.06116668894200025,0.1245022357668015,0.026309655444980103,-0.040350000000000004,0.06725,0.01076,-0.00046290975595192243,0.0,-0.000798167194998781,-0.000991084642420968,0.0,-0.0015284717505847669
110,1.100392899941653,hold,2.4939875841856947,0.001077156338544175,4.238199908286333,9.994999971240759,11293.6,0.0,0.15,3.0,0.0004,15.0,0.01,-0.03568836316497086,0.0,0.20526905101235435,-0.03417632102871501,0.0,0.2072524074221454,0.01198547172973313,0.0,0.017384987080218163,2.3243869978398677,0.0,-0.8924840244791179,-2.2640000780585834,0.0,0.9563485410227273,0.8451522811399184,0.0,-0.1164292329877014,0.45900473957192656,-2.2567012990412545,-2.023310177167147,-0.058523391731330254,0.12423562930108051,0.017986883444973366,-0.03766,0.06725,0.01614,-0.0006224886843001078,0.0,-0.0005123444833908604,-0.0008895534519557372,0.0,-0.0014710119264001935
111,1.1104089000727981,hold,2.546721817260159,0.0014916870972609673,4.157199990004301,10.01600013114512,11293.6,0.0,0.15,3.0,0.0004,15.0,0.01,-0.03556680185654858,0.0,0.2051187825530702,-0.03417632102871501,0.0,0.2072524074221454,0.010965020792459841,0.0,0.014347941318780805,2.3611417867601237,0.0,-0.7525225623178937,-2.300369094000432,0.0,0.9002026954465527,0.8739174459068654,0.0,-0.07836631981261213,0.45900473957192656,-2.2567012990412545,-2.024844157955033,-0.05185663327718365,0.1305490422264968,0.025101728433296666,-0.03228,0.06725,0.00807,-0.0005158038341426606,0.0,-0.0007962888648314699,-0.0008746769936909045,0.0,-0.0013373360042437314
112,1.1204367999453098,hold,2.3508308940732237,0.000981213822465797,4.358400125056505,10.027899872511625,11293.6,0.0,0.15,3.0,0.0004,15.0,0.01,-0.035502992280967025,0.0,0.20531169897392934,-0.03417632102871501,0.0,0.2072524074221454,0.010992778562171427,0.0,0.014338760081254495,2.381321870950518,0.0,-0.7433042721703824,-2.3339435971252045,0.0,0.857583518905972,0.8899802822442355,0.0,-0.0763571530595643,0.45900473957192656,-2.255167318253369,-2.024844157955033,-0.05014777673858725,0.13101870849015052,0.024430245504856125,-0.03497,0.07532,0.01076,-0.0004761706357938204,0.0,-0.0006044467825754313,-0.000850500616458192,0.0,-0.0013362616656406295
113,1.1304554000962526,hold,2.1693201496946095,0.0006610834759737825,4.468800034373999,10.018600150942802,11293.6,0.0,0.15,3.0,0.0004,15.0,0.01,-0.035279264134247756,0.0,0.20538439606837133,-0.03417632102871501,0.0,0.2072524074221454,0.010010284759596165,0.0,0.011308308237237136,2.3819817002916865,0.0,-0.6514533186769503,-2.352529316626965,0.0,0.8171135119988048,0.9033145499168312,0.0,-0.05304641792122673,0.46053872035981225,-2.255167318253369,-2.024844157955033,-0.04796088396704071,0.13444745099519703,0.025804577099468498,-0.02959,0.06725,0.01345,-0.0002635921026175809,0.0,-0.0005739661686273529,-0.0008393510029151635,0.0,-0.0012940451851467154
114,1.1408687999937683,hold,2.10894352929531,0.000687043504937895,5.056899972259998,10.413399897515774,11293.6,0.0,0.15,3.0,0.0004,15.0,0.01,-0.03540036385344343,0.0,0.2055350367653018,-0.03417632102871501,0.0,0.2072524074221454,0.0100283471989323,0.0,0.01132282859277885,2.4297538798729734,0.0,-0.6480946500514981,-2.3846528308225223,0.0,0.7850322035671706,0.9306507999646386,0.0,-0.05133449486785921,0.46053872035981225,-2.255167318253369,-2.023310177167147,-0.043811179628214514,0.1358341414401143,0.01776332873903952,-0.02959,0.06994,0.00807,-0.0004555919748065009,0.0,-0.00045499339125126066,-0.0007684508499219182,0.0,-0.0012623772655923425
115,1.1503733999561518,hold,2.1693201496946095,0.0009127343013061919,4.3305999133735895,9.504599962383509,11293.6,0.0,0.15,3.0,0.0004,15.0,0.01,-0.035279264134247756,0.0,0.20538439606837133,-0.03417632102871501,0.0,0.2072524074221454,0.005507380501279585,0.0,0.007160940255296551,2.5322031753223966,0.0,-0.48724513183716267,-2.4072500386596936,0.0,0.7378350733393397,0.9876741937450906,0.0,-0.0020852293137664213,0.46053872035981225,-2.255167318253369,-2.024844157955033,-0.03301839659175507,0.14447150123392022,0.023992414224865678,-0.02152,0.06994,0.00807,-0.0003204850652847841,0.0,-0.0006693736443597025,-0.0007824580402479602,0.0,-0.0011986377094143658
116,1.160379699897021,hold,1.924945262777522,0.00038610954997871376,4.238300025463104,10.006299940869212,11293.6,0.0,0.15,3.0,0.0004,15.0,0.01,-0.03517629323172469,0.0,0.2056075761670017,-0.03417632102871501,0.0,0.2072524074221454,0.005529209577746784,0.0,0.007161179195611167,2.5291649112370616,0.0,-0.49457954221583517,-2.4242023798563834,0.0,0.7083232659096711,0.9949340832390478,0.0,-0.005992369837612683,0.46207270114769783,-2.255167318253369,-2.023310177167147,-0.03322519528113435,0.14416563459944276,0.017446640174615342,-0.01614,0.07532,0.00807,-0.00024042670290912594,0.0,-0.00041855142454245444,-0.0007595455001005543,0.0,-0.0012262798306012428
117,1.17034379998222,hold,1.924945262777522,0.0005092989937358827,4.246799973770976,9.96410008519888,11293.6,0.0,0.15,3.0,0.0004,15.0,0.01,-0.03517629323172469,0.0,0.2056075761670017,-0.03417632102871501,0.0,0.2072524074221454,0.0045164948177171425,0.0,0.004146252788472048,2.568505415906167,0.0,-0.3984252152545778,-2.444442766046359,0.0,0.6748834132198087,1.0243860172392063,0.0,0.022232480716556095,0.46207270114769783,-2.255167318253369,-2.023310177167147,-0.027427984770984043,0.14908830218075245,0.017771657913901825,-0.02152,0.07801000000000001,0.00538,-0.00028705942505409456,0.0,-0.00047426095514916094,-0.0007129127779555857,0.0,-0.0011705702999945363
118,1.1803599998820573,hold,1.6409257002872555,0.0002750894265426435,4.251000005751848,10.016199899837375,11293.6,0.0,0.15,3.0,0.0004,15.0,0.01,-0.03476648252220883,0.0,0.20572128150783908,-0.03417632102871501,0.0,0.2072524074221454,0.004524840649392385,0.0,0.004130416619493665,2.4884869739082456,0.0,-0.3924123440901411,-2.437235414487464,0.0,0.6470747389784273,1.0010782166946146,0.0,0.020008065124555698,0.4636066819355835,-2.2536333374654833,-2.024844157955033,-0.03226312068166007,0.14730528251766128,0.025863001894659052,-0.024210000000000002,0.08070000000000001,0.01345,0.00010221831615295934,0.0,-0.0003943967256449623,-0.0006923798096467803,0.0,-0.001136729188661357
119,1.1903711000923067,hold,1.5047015381107793,0.00029039256245678074,4.238700028508902,10.011100210249424,11293.6,0.0,0.15,3.0,0.0004,15.0,0.01,-0.03454212695053724,0.0,0.2057928483290105,-0.03417632102871501,0.0,0.2072524074221454,0.00803939433862556,0.0,0.005239589297160842,2.3488628876496525,0.0,-0.4065804470800247,-2.425250682419864,0.0,0.6201017175570823,0.9515015277773977,0.0,0.00855397076600158,0.4651406627234691,-2.2536333374654833,-2.024844157955033,-0.041015111212963584,0.14359347229710037,0.02879037964175294,-0.01076,0.08070000000000001,0.01076,0.00016997355012553694,0.0,-0.0003825450734099077,-0.0005357794719477634,0.0,-0.0010770140197249802
120,1.2001879001036286,hold,1.5047015381107793,0.0003268342891182362,4.323300207033753,9.816800011321902,11293.6,0.0,0.15,3.0,0.0004,15.0,0.01,-0.03454212695053724,0.0,0.2057928483290105,-0.03417632102871501,0.0,0.2072524074221454,0.00803939433862556,0.0,0.005239589297160842,2.336913434142344,0.0,-0.3795960547719513,-2.4261218157175977,0.0,0.5888008550430115,0.9557684180396809,0.0,0.015565464771862596,0.4651406627234691,-2.2536333374654833,-2.024844157955033,-0.04002189845922233,0.1446106440670632,0.029061916861872587,-0.02152,0.08070000000000001,0.01345,-1.2354854360540658e-05,0.0,-0.00044392471132325426,-0.00035345106746168583,0.0,-0.0010156343818116336
121,1.2103768000379205,hold,1.3955306446248086,0.00027443805952549787,4.1102999821305275,10.18889993429184,11293.6,0.0,0.15,3.0,0.0004,15.0,0.01,-0.0346623000761251,0.0,0.20594422924408046,-0.03417632102871501,0.0,0.2072524074221454,0.00805028505597731,0.0,0.005248234849223822,2.3668918006234105,0.0,-0.3854506972915739,-2.4434078171147635,0.0,0.5658987081066229,0.975909327183706,0.0,0.014283685399954041,0.4651406627234691,-2.2536333374654833,-2.023310177167147,-0.037072011452340015,0.14544232089389375,0.021451293326287847,-0.024210000000000002,0.07801000000000001,0.01345,-0.0002451588411210107,0.0,-0.00032480986626719894,-0.00024082020628907652,0.0,-0.000983368311797746
122,1.2203893000259995,hold,1.3955126314697046,0.00039013718800204566,4.099400015547872,10.012499988079071,11293.6,0.0,0.15,3.0,0.0004,15.0,0.01,-0.034317661860745086,0.0,0.20586407090897846,-0.03417632102871501,0.0,0.2072524074221454,0.008047422307111822,0.0,0.005227250859449749,2.3000765099527007,0.0,-0.3424981475928052,-2.4368950871338866,0.0,0.5323130577144809,0.9586348788990935,0.0,0.0240103270842981,0.4666746435113548,-2.2536333374654833,-2.024844157955033,-0.04002929124348659,0.14576127816075246,0.029953983894921578,-0.01614,0.08070000000000001,0.00807,9.236684054003517e-05,0.0,-0.0004763287320851843,-0.0002337076725701087,0.0,-0.0009120077810817591
123,1.2302365000359714,hold,1.3955126314697046,0.0003922844295319596,4.299200139939785,9.847200009971857,11293.6,0.0,0.15,3.0,0.0004,15.0,0.01,-0.034317661860745086,0.0,0.20586407090897846,-0.03417632102871501,0.0,0.2072524074221454,0.008047422307111822,0.0,0.005227250859449749,2.2935920803160057,0.0,-0.3089179565615616,-2.438345575250525,0.0,0.49803844067946357,0.965383557799807,0.0,0.03350241844877449,0.4666746435113548,-2.2536333374654833,-2.024844157955033,-0.03870416899439694,0.1470979690729157,0.030293725219916773,-0.02152,0.08070000000000001,0.01883,-2.0571558312303497e-05,0.0,-0.0004861000065287315,-0.00012076927371777003,0.0,-0.0009022365066382119
124,1.2402252999600023,hold,1.1662799607214667,0.00010981293820306671,4.246900090947747,9.9887999240309,11293.6,0.0,0.15,3.0,0.0004,15.0,0.01,-0.034212795910948585,0.0,0.20608669796874524,-0.03417632102871501,0.0,0.2072524074221454,0.008066348528058829,0.0,0.005223512222346403,2.2690191346350503,0.0,-0.3289235005821348,-2.4364784659739875,0.0,0.47998428000714877,0.9616689946152768,0.0,0.024873825999061402,0.4682086242992405,-2.2536333374654833,-2.023310177167147,-0.040549933883825884,0.1458610986482782,0.02412749444156969,-0.024210000000000002,0.08339,0.01076,2.648029095660503e-05,0.0,-0.0002560532656485804,-6.295517319017757e-05,0.0,-0.0009096561877515851
125,1.2504861000925303,hold,1.1662799607214667,0.00018095009131763535,4.281699890270829,10.260800132527947,11293.6,0.0,0.15,3.0,0.0004,15.0,0.01,-0.034212795910948585,0.0,0.20608669796874524,-0.03417632102871501,0.0,0.2072524074221454,0.007030539586648262,0.0,0.002216441843332339,2.2900512441353844,0.0,-0.24440019356486026,-2.438821812785562,0.0,0.45680327485833006,0.9832752289530885,0.0,0.05079711551382735,0.4682086242992405,-2.2536333374654833,-2.023310177167147,-0.03606594684942596,0.15013986147216155,0.02487389485737143,-0.02152,0.07801000000000001,0.00807,-3.3234533276989205e-05,0.0,-0.00032876477489686114,-3.2403489565833315e-06,0.0,-0.0008369446785033044
126,1.2600640000309795,hold,1.320084942879356,0.00047513006854371556,4.528900142759085,9.577899938449264,11293.6,0.0,0.15,3.0,0.0004,15.0,0.01,-0.034093087781020506,0.0,0.20593494908014934,-0.03417632102871501,0.0,0.2072524074221454,0.007023261460099022,0.0,0.002210700443381413,2.2633208441356913,0.0,-0.18404807708589724,-2.4342190752763146,0.0,0.4193305512699171,0.9827512435207174,0.0,0.0689225060750805,0.4682086242992405,-2.2536333374654833,-2.024844157955033,-0.035424221319486804,0.15221645304687353,0.032611296463969146,-0.02152,0.08339,0.01614,6.527835835544813e-05,0.0,-0.0005314571760924049,1.7954889339057663e-05,0.0,-0.000786001165903659
127,1.2702244000975043,hold,1.1662799607214667,0.00021993690546451072,4.264000104740262,10.160400066524744,11293.6,0.0,0.15,3.0,0.0004,15.0,0.01,-0.034212795910948585,0.0,0.20608669796874524,-0.03417632102871501,0.0,0.2072524074221454,0.007030539586648262,0.0,0.002216441843332339,2.287798733578615,0.0,-0.18376910582978803,-2.4410755255518906,0.0,0.3945757576726757,1.0010792535143416,0.0,0.06940032237729143,0.4682086242992405,-2.2536333374654833,-2.023310177167147,-0.03269302164524657,0.153176353651772,0.025338003024094773,-0.01614,0.08608,0.01883,-9.724165613153893e-05,0.0,-0.0003510850410693054,6.076677389796639e-05,0.0,-0.0008146244123308601
128,1.2803758999798447,hold,1.2843805729831008,0.0004923784341508091,4.8657001461833715,10.151499882340431,11293.6,0.0,0.15,3.0,0.0004,15.0,0.01,-0.03386840523980797,0.0,0.20600548267574,-0.03417632102871501,0.0,0.2072524074221454,0.007026644367440773,0.0,0.002199924300021809,2.210635990132494,0.0,-0.13880549963407884,-2.4210032369326058,0.0,0.3618001793850955,0.9780154957117698,0.0,0.08016308625601166,0.46974260508712606,-2.2536333374654833,-2.024844157955033,-0.03653199113692926,0.15330031628468813,0.03437503553380869,-0.01883,0.08339,0.00807,0.0002846753800073526,0.0,-0.00046483987854843863,2.324040889969015e-05,0.0,-0.0007820848678569537
129,1.2903833999298513,hold,1.2843805729831008,0.0004036183158663973,4.745399812236428,10.007499950006604,11293.6,0.0,0.15,3.0,0.0004,15.0,0.01,-0.03386840523980797,0.0,0.20600548267574,-0.03417632102871501,0.0,0.2072524074221454,0.007026644367440773,0.0,0.002199924300021809,2.190591227327896,0.0,-0.10603610123342512,-2.407122797429748,0.0,0.32989111567534507,0.9784692542620266,0.0,0.0895383530465284,0.46974260508712606,-2.2536333374654833,-2.024844157955033,-0.036132890882042995,0.15437529604346945,0.03522032146042188,-0.02152,0.08070000000000001,0.01345,0.00019685943467201666,0.0,-0.00045255052921930707,0.00011105635423502608,0.0,-0.0007943742171860852
130,1.3003704000730067,hold,1.1110887553326723,0.00013580977267670474,4.166499944403768,9.987000143155456,11293.6,0.0,0.15,3.0,0.0004,15.0,0.01,-0.03398788044910525,0.0,0.20615741501569546,-0.03417632102871501,0.0,0.2072524074221454,0.007033931292909992,0.0,0.0022056545278503537,2.2057256561513943,0.0,-0.11135398196527707,-2.405205804654736,0.0,0.3097974734784794,0.9921160521133806,0.0,0.0879297916111368,0.46974260508712606,-2.2536333374654833,-2.023310177167147,-0.034084390634749245,0.15494136293173164,0.028098473598968013,-0.01883,0.08608,0.01883,2.718776403896363e-05,0.0,-0.000284978227280139,0.0001612528155707974,0.0,-0.0008100141791698071
131,1.3103712999727577,hold,1.2843805729831008,0.00043428306415412585,4.1692000813782215,10.000899899750948,11293.6,0.0,0.15,3.0,0.0004,15.0,0.01,-0.03386840523980797,0.0,0.20600548267574,-0.03417632102871501,0.0,0.2072524074221454,0.0035133221837203867,0.0,0.0010999621500109044,2.2524247108405553,0.0,-0.029714137183468266,-2.393254406417533,0.0,0.2757385058980462,1.026137787991016,0.0,0.11772653927441418,0.46974260508712606,-2.2536333374654833,-2.024844157955033,-0.027763202747105392,0.15997461687450054,0.03432266577773683,-0.01883,0.08877,0.01614,0.0001695007928278347,0.0,-0.0004830415565779028,0.00013841499607920805,0.0,-0.0007638831898274895
132,1.3203642000444233,hold,1.291697845057784,0.00048063702213935503,4.182299831882119,9.992900071665645,11293.6,0.0,0.15,3.0,0.0004,15.0,0.01,-0.033643614765807156,0.0,0.20607567152977802,-0.03417632102871501,0.0,0.2072524074221454,0.003515005369954141,0.0,0.001094571488475387,2.185539904491587,0.0,-0.012691533061712548,-2.3667789934885524,0.0,0.24851785975106963,1.004558145371207,0.0,0.11956341106368575,0.47127658587501176,-2.2536333374654833,-2.024844157955033,-0.03182846421907701,0.15909401908032378,0.036454475281110246,-0.01883,0.08877,0.01883,0.0003754877373214746,0.0,-0.00038605701288113104,0.00015721852558638148,0.0,-0.0007906788794862555
133,1.3303394000977278,hold,1.291697845057784,0.00038607793690916643,4.264899995177984,9.975200053304434,11293.6,0.0,0.15,3.0,0.0004,15.0,0.01,-0.033643614765807156,0.0,0.20607567152977802,-0.03417632102871501,0.0,0.2072524074221454,0.003515005369954141,0.0,0.001094571488475387,2.1590832028430658,0.0,0.014534405786898939,-2.3468870666796846,0.0,0.22090364133815985,1.001436040803354,0.0,0.12740166754732088,0.47127658587501176,-2.2536333374654833,-2.024844157955033,-0.031928705394130535,0.15991278758353938,0.037445201014171925,-0.01883,0.09146,0.02152,0.00028211739731762067,0.0,-0.0003916388544189474,0.0002505888655902354,0.0,-0.0007850970379484391
134,1.3404302999842912,hold,1.341332849099148,0.0005127922978590382,4.212100058794022,10.09089988656342,11293.6,0.0,0.15,3.0,0.0004,15.0,0.01,-0.033418716887971836,0.0,0.20614551547710233,-0.03417632102871501,0.0,0.2072524074221454,0.007033360571511132,0.0,0.00217835650478598,2.0065257579061555,0.0,0.00114384029514112,-2.314941390201472,0.0,0.19814730929800026,0.9373784836894601,0.0,0.11495906219367555,0.47281056666289734,-2.2536333374654833,-2.024844157955033,-0.04287342535170219,0.15546625444838763,0.041443072326392445,0.01345,0.09146,0.01614,0.0004530697900802987,0.0,-0.00032274184544078637,0.00030453435066287734,0.0,-0.0007841500996022839
135,1.350085600046441,hold,1.2318418703675968,0.00032017387202391725,4.357400117442012,9.655300062149763,11293.6,0.0,0.15,3.0,0.0004,15.0,0.01,-0.03335166131981328,0.0,0.20633732777637415,-0.03417632102871501,0.0,0.2072524074221454,0.007042560204600878,0.0,0.0021751404098445267,1.9580362552131463,0.0,-0.02285694918190866,-2.2858797701759492,0.0,0.18737958634645616,0.9194984139611174,0.0,0.10459268859808973,0.47281056666289734,-2.252099356677598,-2.024844157955033,-0.046238727279330066,0.15310989300035566,0.04203596098190566,-0.02152,0.08877,0.02152,0.00041216663836604064,0.0,-0.00015271330944032293,0.0004124930705356937,0.0,-0.0007623663363309322
136,1.3604021999053657,hold,1.3481818450121594,0.0005544642922544304,4.155399976298213,10.316599858924747,11293.6,0.0,0.15,3.0,0.0004,15.0,0.01,-0.03312636240997738,0.0,0.20640672356504575,-0.03417632102871501,0.0,0.2072524074221454,0.007045888541932173,0.0,0.002164334703125514,1.873892979785226,0.0,-0.02878006753174079,-2.246865718082633,0.0,0.17549276103353034,0.8866486269374788,0.0,0.09822906500766841,0.474344547450783,-2.252099356677598,-2.024844157955033,-0.0522069248865579,0.15075246482150545,0.04416610849033925,-0.02152,0.08608,0.024210000000000002,0.000553317078889939,0.0,-0.00016858498685784777,0.0004966415398476952,0.0,-0.0006770988702418072
137,1.3701720000244677,hold,1.2366404391198471,0.00023419355145296922,5.134999984875321,9.769800119102001,11293.6,0.0,0.15,3.0,0.0004,15.0,0.01,-0.03331248689828867,0.0,0.20636749490060607,-0.03417632102871501,0.0,0.2072524074221454,0.007044007070327802,0.0,0.002173261539743899,1.8803897918446377,0.0,-0.0075042847494888945,-2.2302096786390364,0.0,0.15487342534074877,0.8972663619169216,0.0,0.10547668745497726,0.474344547450783,-2.2536333374654833,-2.023310177167147,-0.049933625750792715,0.15246879640038535,0.03780890349140863,-0.02959,0.07801000000000001,0.02152,0.00023622440111469533,0.0,-0.00029243387912861673,0.0006276097293116488,0.0,-0.0005924786424107105
138,1.3800401000771672,hold,1.3481818450121594,0.00043512731228365054,4.467399790883064,9.868100052699447,11293.6,0.0,0.15,3.0,0.0004,15.0,0.01,-0.03312636240997738,0.0,0.20640672356504575,-0.03417632102871501,0.0,0.2072524074221454,0.007045888541932173,0.0,0.002164334703125514,1.8182296754313685,0.0,0.0037313752795662385,-2.2005314009804238,0.0,0.134268043226617,0.8745694169251471,0.0,0.1068493110644866,0.474344547450783,-2.252099356677598,-2.024844157955033,-0.05358334763787648,0.1512923333096211,0.04594379216742511,-0.01076,0.08877,0.01883,0.0004209123897525965,0.0,-0.00029223598239730213,0.0006290462289850377,0.0,-0.0005534478747023529
139,1.3901438999455422,hold,1.4932222186529003,0.0007013077441411559,4.370199982076883,10.103799868375063,11293.6,0.0,0.15,3.0,0.0004,15.0,0.01,-0.03290095731345169,0.0,0.20647577366800615,-0.03417632102871501,0.0,0.2072524074221454,0.007049200298462715,0.0,0.0021535239018920715,1.7334521689975588,0.0,0.007718252733800347,-2.158398904921264,0.0,0.11613586166315412,0.8404481591867421,0.0,0.10352853502827218,0.4758785282386686,-2.252099356677598,-2.024844157955033,-0.059702779959356744,0.14917835307539368,0.04847343828387408,-0.03497,0.08070000000000001,0.0269,0.0005975444332211378,0.0,-0.0002571597975156457,0.0006778192820421846,0.0,-0.0005194739566236041
140,1.4003643998876214,hold,1.547926084962961,0.0007044604352178349,4.221900133416057,10.220499942079186,11293.6,0.0,0.15,3.0,0.0004,15.0,0.01,-0.03296860103787473,0.0,0.20628416799502342,-0.03417632102871501,0.0,0.2072524074221454,0.007040010574516366,0.0,0.0021567682083561417,1.7080598042761608,0.0,0.07257279689628711,-2.1283446957924252,0.0,0.0813489989230805,0.8384826977517055,0.0,0.12471144301536907,0.4758785282386686,-2.2536333374654833,-2.024844157955033,-0.05875206166673097,0.151927923816957,0.05039531362810532,-0.03766,0.08070000000000001,0.02959,0.000426244040575724,0.0,-0.0004933649349985355,0.0007814759502645568,0.0,-0.00047487449212345084
141,1.4103774998802692,hold,1.547926084962961,0.000585330894440124,4.081699997186661,10.013099992647767,11293.6,0.0,0.15,3.0,0.0004,15.0,0.01,-0.03296860103787473,0.0,0.20628416799502342,-0.03417632102871501,0.0,0.2072524074221454,0.007040010574516366,0.0,0.0021567682083561417,1.678001740676075,0.0,0.10734474761853162,-2.1004246478195996,0.0,0.05010058129084437,0.8317655032007346,0.0,0.1352216855251553,0.4758785282386686,-2.2536333374654833,-2.024844157955033,-0.059352175439949584,0.1529276837509941,0.05201502181522633,-0.0269,0.08608,0.03228,0.00039597628438621003,0.0,-0.00044318091140117463,0.0008117437064540708,0.0,-0.0005250585157208117
142,1.420361700002104,hold,1.511835125436008,0.0004674953233206182,4.108000081032515,9.984200121834874,11293.6,0.0,0.15,3.0,0.0004,15.0,0.01,-0.03286169052485656,0.0,0.20650582046483434,-0.03417632102871501,0.0,0.2072524074221454,0.007050641392092809,0.0,0.002151640602878586,1.6237409760611854,0.0,0.08458068758764847,-2.065038302405296,0.0,0.037841195980641944,0.8091440984063827,0.0,0.12359517525003076,0.4774125090265543,-2.2536333374654833,-2.023310177167147,-0.06404927927423176,0.15047599931768793,0.04694849938757285,-0.03228,0.08877,0.02959,0.0005018671024061597,0.0,-0.0001738688217411947,0.0008127634014522924,0.0,-0.0005727181355698626
143,1.4303753999993205,hold,1.547926084962961,0.0005518208532269432,4.204200115054846,10.013699997216463,11293.6,0.0,0.15,3.0,0.0004,15.0,0.01,-0.03296860103787473,0.0,0.20628416799502342,-0.03417632102871501,0.0,0.2072524074221454,0.007040010574516366,0.0,0.0021567682083561417,1.6147046651225405,0.0,0.15086903112684197,-2.038951248691222,0.0,0.006617355918877851,0.8146139973811654,0.0,0.1477976184290725,0.4758785282386686,-2.2536333374654833,-2.024844157955033,-0.06120843073791796,0.15375638770004707,0.05452375613975104,-0.03228,0.08608,0.024210000000000002,0.00036997982991781946,0.0,-0.00044283233982840336,0.0008377401609224613,0.0,-0.0005254070872935829
144,1.4403840000741184,hold,1.4899871264053093,0.0005710625784786706,4.074099939316511,10.008600074797869,11293.6,0.0,0.15,3.0,0.0004,15.0,0.01,-0.03279351836150701,0.0,0.20669750344809584,-0.03417632102871501,0.0,0.2072524074221454,0.007059834823772712,0.0,0.0021483709543002744,1.5454179868448983,0.0,0.08132936600390027,-1.9976167451644984,0.0,0.008772942529925819,0.7805960409360752,0.0,0.11882253510945774,0.4774125090265543,-2.252099356677598,-2.023310177167147,-0.0687606079918531,0.14835799942442895,0.04894384910828197,-0.02959,0.08070000000000001,0.024210000000000002,0.0005862268982988317,0.0,3.0571622862051936e-05,0.0007965757689091679,0.0,-0.0005854755969116106
145,1.4504575999453664,hold,1.691828780708346,0.0009232538966327846,4.046899965032935,10.073599871248007,11293.6,0.0,0.15,3.0,0.0004,15.0,0.01,-0.03274338412477906,0.0,0.20635297623935733,-0.03417632102871501,0.0,0.2072524074221454,0.0035216553656377586,0.0,0.001072983216007205,1.5700426812740265,0.0,0.18710033633955042,-1.9545882682513904,0.0,-0.021530718378279884,0.8059253065368431,0.0,0.15892082525039633,0.4774125090265543,-2.2536333374654833,-2.024844157955033,-0.06290514441311218,0.15455588932238018,0.05657981630876795,-0.03497,0.07801000000000001,0.024210000000000002,0.0006102516882291846,0.0,-0.00042978189225944315,0.000822685215706765,0.0,-0.0004696492905286254
146,1.4603565998841077,hold,1.6594542310685811,0.0007481328006862402,4.167800070717931,9.898999938741326,11293.6,0.0,0.15,3.0,0.0004,15.0,0.01,-0.03267544656063617,0.0,0.20654447792277383,-0.03417632102871501,0.0,0.2072524074221454,0.003526247733768244,0.0,0.0010713540177153342,1.510313219313913,0.0,0.17064683832250854,-1.9090752378235418,0.0,-0.034682237808907515,0.779521424900848,0.0,0.1499857021269588,0.4774125090265543,-2.252099356677598,-2.024844157955033,-0.06753343389672349,0.15198283911120627,0.05800896610165198,-0.040350000000000004,0.08877,0.03228,0.0006454888866067224,0.0,-0.00018652152042304226,0.0008553855814721164,0.0,-0.0005214079789485256
147,1.4700945999938995,hold,1.691828780708346,0.0007513126277729939,4.412500187754631,9.738000109791756,11293.6,0.0,0.15,3.0,0.0004,15.0,0.01,-0.03274338412477906,0.0,0.20635297623935733,-0.03417632102871501,0.0,0.2072524074221454,0.0035216553656377586,0.0,0.001072983216007205,1.4814973803845104,0.0,0.23053968184413168,-1.8715606975381538,0.0,-0.06377858037109337,0.7741090256280014,0.0,0.170444505780704,0.4774125090265543,-2.2536333374654833,-2.024844157955033,-0.06711022691106143,0.15455617939158034,0.060188984374871045,-0.03766,0.08070000000000001,0.02959,0.0005320502417163709,0.0,-0.00041265909099525984,0.0009008866622195787,0.0,-0.0004867720917928087
148,1.480354999890551,hold,1.6594542310685811,0.0006357665237179444,4.205599892884493,10.260399896651506,11293.6,0.0,0.15,3.0,0.0004,15.0,0.01,-0.03267544656063617,0.0,0.20654447792277383,-0.03417632102871501,0.0,0.2072524074221454,0.0,0.0,0.0,1.5052109829522844,0.0,0.23656951999171114,-1.8295557991075209,0.0,-0.07573216054552355,0.7916367140042387,0.0,0.1743997006547623,0.4774125090265543,-2.252099356677598,-2.024844157955033,-0.0645744304497613,0.1555469113759969,0.05951356098594763,-0.03497,0.08877,0.03497,0.0005957347789224273,0.0,-0.0001695317381687182,0.0009051396891564115,0.0,-0.0005383977612028497
149,1.4903635000810027,hold,1.6594542310685811,0.0006000301937317815,4.097800003364682,10.008500190451741,11293.6,0.0,0.15,3.0,0.0004,15.0,0.01,-0.03267544656063617,0.0,0.20654447792277383,-0.03417632102871501,0.0,0.2072524074221454,0.0,0.0,0.0,1.4631973363315742,0.0,0.2485335315989529,-1.7896781767399874,0.0,-0.09021890674706645,0.7758984856691108,0.0,0.1771077391556722,0.4774125090265543,-2.252099356677598,-2.024844157955033,-0.06676766718934894,0.15518636214259213,0.06099613592489917,-0.03497,0.08877,0.03497,0.0005655646706135412,0.0,-0.00020545838385811407,0.0009353097974652976,0.0,-0.0005024711155134538
150,1.5003728999290615,hold,1.511835125436008,0.00033064065476882026,4.110699985176325,10.00939984805882,11293.6,0.0,0.15,3.0,0.0004,15.0,0.01,-0.03286169052485656,0.0,0.20650582046483434,-0.03417632102871501,0.0,0.2072524074221454,0.0,0.0,0.0,1.4687988580517735,0.0,0.2724605692588307,-1.7646698217880972,0.0,-0.10936320477302489,0.7853674663136544,0.0,0.186292304561129,0.4774125090265543,-2.2536333374654833,-2.023310177167147,-0.0645478758357974,0.1572172631121053,0.0550276644418653,-0.03766,0.08877,0.03497,0.00035468117684138195,0.0,-0.0002715141466406549,0.0009599493270170702,0.0,-0.0004750728106704024
151,1.5103885000571609,hold,1.6594542310685811,0.0006842909172600131,4.141600104048848,10.015600128099322,11293.6,0.0,0.15,3.0,0.0004,15.0,0.01,-0.03267544656063617,0.0,0.20654447792277383,-0.03417632102871501,0.0,0.2072524074221454,0.0,0.0,0.0,1.3982970680068707,0.0,0.28216246306779463,-1.7225557932760147,0.0,-0.1260749178588643,0.7542619059735918,0.0,0.1871969996103199,0.4774125090265543,-2.252099356677598,-2.024844157955033,-0.06949846453834166,0.15548523814385518,0.06366905681349008,-0.03228,0.09415,0.02959,0.0005972825171000771,0.0,-0.00023701399295250868,0.0009035919509787617,0.0,-0.0004709155064190592
152,1.5203597999643534,hold,1.6594542310685811,0.0006400274585774461,4.1675998363643885,9.971299907192588,11293.6,0.0,0.15,3.0,0.0004,15.0,0.01,-0.03267544656063617,0.0,0.20654447792277383,-0.03417632102871501,0.0,0.2072524074221454,0.0,0.0,0.0,1.3561973430302383,0.0,0.2988774115060613,-1.6825558003639265,0.0,-0.14396577984941897,0.737982452428213,0.0,0.19166543100290878,0.4774125090265543,-2.252099356677598,-2.024844157955033,-0.07169263911784339,0.15532037414886146,0.06536883950473897,-0.040350000000000004,0.08070000000000001,0.03497,0.00056730019175589,0.0,-0.0002537372809096817,0.0009335742763229488,0.0,-0.0004541922184618862
153,1.530369299929589,hold,1.547926084962961,0.0005642542873356888,4.281099885702133,10.009499965235591,11293.6,0.0,0.15,3.0,0.0004,15.0,0.01,-0.03296860103787473,0.0,0.20628416799502342,-0.03417632102871501,0.0,0.2072524074221454,0.0,0.0,0.0,1.3877827628859247,0.0,0.38033322262387936,-1.6650549694334411,0.0,-0.18120129755428668,0.7652860813706217,0.0,0.22515652692516525,0.4758785282386686,-2.2536333374654833,-2.024844157955033,-0.06497791628258649,0.16118583950825327,0.06616765405579408,-0.02959,0.08608,0.03228,0.00024820566255028833,0.0,-0.0005280930019294415,0.0009595143282899925,0.0,-0.0004401464251925448
154,1.5403565000742674,hold,1.691828780708346,0.0007622079997504186,4.116799915209413,9.987200144678354,11293.6,0.0,0.15,3.0,0.0004,15.0,0.01,-0.03274338412477906,0.0,0.20635297623935733,-0.03417632102871501,0.0,0.2072524074221454,0.0,0.0,0.0,1.315263034271794,0.0,0.4007455155599294,-1.624852748851842,0.0,-0.20709348671549135,0.7328028410861345,0.0,0.228780018789881,0.4774125090265543,-2.2536333374654833,-2.024844157955033,-0.07056596799735183,0.15997680087689944,0.06924563152921277,-0.03766,0.09146,0.03228,0.0005701682871563927,0.0,-0.00036721616197316455,0.000862768616779557,0.0,-0.000532215020814904
155,1.5503736999817193,hold,1.4899871264053093,0.000420615165031843,4.414000082761049,10.017199907451868,11293.6,0.0,0.15,3.0,0.0004,15.0,0.01,-0.03279351836150701,0.0,0.20669750344809584,-0.03417632102871501,0.0,0.2072524074221454,0.0,0.0,0.0,1.2873198387621447,0.0,0.3425122567581447,-1.589366425182165,0.0,-0.20549151059006543,0.7174251736146836,0.0,0.20527290247136376,0.4774125090265543,-2.252099356677598,-2.023310177167147,-0.07391583362523242,0.1563211787041611,0.06237216171140401,-0.03766,0.08608,0.04304,0.0005032850447439626,0.0,2.272003810450203e-05,0.000879517622464037,0.0,-0.0005776240121540607
156,1.5605132000055164,hold,1.691828780708346,0.0008200083706441911,5.1380000077188015,10.139500023797154,11293.6,0.0,0.15,3.0,0.0004,15.0,0.01,-0.03274338412477906,0.0,0.20635297623935733,-0.03417632102871501,0.0,0.2072524074221454,0.0,0.0,0.0,1.2395874690509192,0.0,0.4250672368787337,-1.5499603936800204,0.0,-0.2356111021076239,0.7027883871974013,0.0,0.23563034263135885,0.4774125090265543,-2.2536333374654833,-2.024844157955033,-0.07466717321015309,0.1595058075454196,0.07224490672584487,-0.03766,0.09146,0.03228,0.0005588763297192563,0.0,-0.00042717132678179407,0.0008740605742166934,0.0,-0.0004722598560062745
157,1.5703867000993341,hold,1.4899871264053093,0.00040098260373325125,4.140599863603711,9.87350009381771,11293.6,0.0,0.15,3.0,0.0004,15.0,0.01,-0.03279351836150701,0.0,0.20669750344809584,-0.03417632102871501,0.0,0.2072524074221454,0.0,0.0,0.0,1.2124276518273849,0.0,0.37103082881528743,-1.5153203631930008,0.0,-0.23734779409474682,0.6875427538638296,0.0,0.21345969683852048,0.4774125090265543,-2.252099356677598,-2.023310177167147,-0.07794773588543372,0.15601302537165979,0.06548712432802269,-0.040350000000000004,0.09146,0.03497,0.0004912824854970456,0.0,-2.4630646797388638e-05,0.000891520181710954,0.0,-0.0005302733272521701
158,1.5800367000047117,hold,1.3144942018486387,0.0001750520976918809,4.5327001716941595,9.649999905377626,11293.6,0.0,0.15,3.0,0.0004,15.0,0.01,-0.0330192637135292,0.0,0.20662861789348314,-0.03417632102871501,0.0,0.2072524074221454,0.0,0.0,0.0,1.2329082128863131,0.0,0.38961581327956174,-1.4964250787409616,0.0,-0.2503140780092767,0.7041180940399798,0.0,0.22333668189375694,0.4758785282386686,-2.252099356677598,-2.023310177167147,-0.07408137998749675,0.1582231030665191,0.06499860841371599,-0.0538,0.09146,0.02959,0.0002679825098089875,0.0,-0.000183894416362525,0.0008890748053768235,0.0,-0.0004398951122997413
159,1.5901738000102341,hold,1.6594542310685811,0.0009776346040193807,4.22560004517436,10.13710000552237,11293.6,0.0,0.15,3.0,0.0004,15.0,0.01,-0.03267544656063617,0.0,0.20654447792277383,-0.03417632102871501,0.0,0.2072524074221454,0.0,0.0,0.0,1.1300382649132261,0.0,0.42312394877669035,-1.4468228429290872,0.0,-0.27205164950476546,0.6547106347033971,0.0,0.23135976553169968,0.4774125090265543,-2.252099356677598,-2.024844157955033,-0.08216393795951325,0.15657850445059693,0.0757421608040432,-0.040350000000000004,0.08608,0.03766,0.000703484071845707,0.0,-0.0003082932665713186,0.0007973903962331318,0.0,-0.0003996362328002493
160,1.6000445999670774,hold,1.511835125436008,0.0005261050009062388,4.405199782922864,9.870799956843257,11293.6,0.0,0.15,3.0,0.0004,15.0,0.01,-0.03286169052485656,0.0,0.20650582046483434,-0.03417632102871501,0.0,0.2072524074221454,0.0,0.0,0.0,1.125941248812982,0.0,0.45429502995952065,-1.415237690783189,0.0,-0.29614922545421,0.658336139838573,0.0,0.24338132044834537,0.4774125090265543,-2.2536333374654833,-2.023310177167147,-0.08066111044518895,0.15871966337990914,0.07050675599491726,-0.040350000000000004,0.08877,0.03766,0.00044795665110207526,0.0,-0.0003417640469841121,0.0008666738527563769,0.0,-0.00040482291032694517
161,1.6101430000271648,hold,1.511835125436008,0.000529533808840302,4.364200169220567,10.098400060087442,11293.6,0.0,0.15,3.0,0.0004,15.0,0.01,-0.03286169052485656,0.0,0.20650582046483434,-0.03417632102871501,0.0,0.2072524074221454,0.0,0.0,0.0,1.094341990937102,0.0,0.4783893683038561,-1.3823792957423944,0.0,-0.31870864259792303,0.6463608922505589,0.0,0.2518040381984557,0.4774125090265543,-2.2536333374654833,-2.023310177167147,-0.08204368418497074,0.1592413869710455,0.07226914579281964,-0.04573,0.08877,0.03228,0.00046601442776253725,0.0,-0.0003199490984824911,0.0008486160760959149,0.0,-0.0004266378588285662
162,1.6203807999845594,hold,1.4899871264053093,0.0005149358402203058,4.166200058534741,10.2377999573946,11293.6,0.0,0.15,3.0,0.0004,15.0,0.01,-0.03279351836150701,0.0,0.20669750344809584,-0.03417632102871501,0.0,0.2072524074221454,0.0,0.0,0.0,1.044836461904398,0.0,0.4541416565126064,-1.3438147888384402,0.0,-0.32629720820124014,0.6203363231678473,0.0,0.24028628164023175,0.4774125090265543,-2.252099356677598,-2.023310177167147,-0.08663869757980032,0.15637111890965594,0.07333264346693227,-0.03766,0.08339,0.03497,0.0005469414009563878,0.0,-0.00010762488711873417,0.0008358612662516118,0.0,-0.00044727908693082454
163,1.6303969000000507,hold,1.3606899347431192,0.0003929528464113015,4.067200003191829,10.016100015491247,11293.6,0.0,0.15,3.0,0.0004,15.0,0.01,-0.03308714175877253,0.0,0.20643683056099815,-0.03417632102871501,0.0,0.2072524074221454,0.0,0.0,0.0,1.077976751289624,0.0,0.5253988509379445,-1.3275100965205553,0.0,-0.3565133553357283,0.6482983081908816,0.0,0.2720652034950943,0.4758785282386686,-2.2536333374654833,-2.023310177167147,-0.07985136493424336,0.1621114111776844,0.07394277246381212,-0.048420000000000005,0.09146,0.03766,0.0002312414179368791,0.0,-0.00042854072752442925,0.0008579378520056016,0.0,-0.0003870361336228199
164,1.6403353998903185,hold,1.511835125436008,0.0006596831555271622,4.145399900153279,9.938499890267849,11293.6,0.0,0.15,3.0,0.0004,15.0,0.01,-0.03286169052485656,0.0,0.20650582046483434,-0.03417632102871501,0.0,0.2072524074221454,0.0,0.0,0.0,1.0065958311737844,0.0,0.5387481372405111,-1.2884171006133662,0.0,-0.3777451036759386,0.6124042811093193,0.0,0.2735163378282731,0.4774125090265543,-2.2536333374654833,-2.023310177167147,-0.08606145319920026,0.16044942681393243,0.07705008705355768,-0.04304,0.09146,0.040350000000000004,0.0005544367001064436,0.0,-0.00030111942597553417,0.0007601938037520086,0.0,-0.0004454675313355231
165,1.6503500998951495,hold,1.6594542310685811,0.0009711388049978861,5.0523001700639725,10.014700004830956,11293.6,0.0,0.15,3.0,0.0004,15.0,0.01,-0.03267544656063617,0.0,0.20654447792277383,-0.03417632102871501,0.0,0.2072524074221454,0.0,0.0,0.0,0.9220410407947746,0.0,0.5505448724656878,-1.237255654009203,0.0,-0.394947510378579,0.5685642398097855,0.0,0.2746459087766814,0.4774125090265543,-2.252099356677598,-2.024844157955033,-0.09289746184184058,0.15815732727624382,0.08669505706549276,-0.05111,0.09415,0.048420000000000005,0.0007255975903005174,0.0,-0.00024397325875827834,0.0007752768777783215,0.0,-0.00046395624061328956
166,1.6603343000169843,hold,1.4899871264053093,0.0004614435399150409,4.166600061580539,9.984200121834874,11293.6,0.0,0.15,3.0,0.0004,15.0,0.01,-0.03279351836150701,0.0,0.20669750344809584,-0.03417632102871501,0.0,0.2072524074221454,0.0,0.0,0.0,0.8997268154573782,0.0,0.5303830575975186,-1.2005980239855365,0.0,-0.4013153028369685,0.556879275478254,0.0,0.2656294543064131,0.4774125090265543,-2.252099356677598,-2.023310177167147,-0.0948442067049333,0.15671088593864363,0.08074178786434325,-0.05111,0.09146,0.048420000000000005,0.000519897105668155,0.0,-9.031126307060348e-05,0.0008629055615398446,0.0,-0.00046459271097895523
167,1.6703512000385672,hold,1.511835125436008,0.000501902170865686,4.0883999317884445,10.016900021582842,11293.6,0.0,0.15,3.0,0.0004,15.0,0.01,-0.03286169052485656,0.0,0.20650582046483434,-0.03417632102871501,0.0,0.2072524074221454,0.0,0.0,0.0,0.8797078351289283,0.0,0.5835701132942344,-1.1702429816222504,0.0,-0.42548714421738815,0.5528164597704155,0.0,0.2870894787418007,0.4774125090265543,-2.2536333374654833,-2.023310177167147,-0.0942122957174462,0.15950350883007222,0.08299438653090786,-0.05111,0.08877,0.04304,0.0004305106101217687,0.0,-0.0003428173170015815,0.0008841198937366835,0.0,-0.0004037696403094758
168,1.6803369999397546,hold,1.511835125436008,0.0004859633386077619,4.108999855816364,9.98579990118742,11293.6,0.0,0.15,3.0,0.0004,15.0,0.01,-0.03286169052485656,0.0,0.20650582046483434,-0.03417632102871501,0.0,0.2072524074221454,0.0,0.0,0.0,0.8493475900378583,0.0,0.6077272855802446,-1.1390897421538082,0.0,-0.44756350457060734,0.5400182441690371,0.0,0.29610356552111755,0.4774125090265543,-2.2536333374654833,-2.023310177167147,-0.09568932073086912,0.1600626538623438,0.08487914218446223,-0.05918,0.08877,0.04304,0.0004418310463980748,0.0,-0.00031309814202161944,0.0008727994574603774,0.0,-0.00043348881528943784
169,1.6903570001013577,hold,1.3144942018486387,0.00018629387361811456,4.234099993482232,10.020000161603093,11293.6,0.0,0.15,3.0,0.0004,15.0,0.01,-0.0330192637135292,0.0,0.20662861789348314,-0.03417632102871501,0.0,0.2072524074221454,0.0,0.0,0.0,0.8566717184192659,0.0,0.5998174586601605,-1.1185392069447944,0.0,-0.4592492704195975,0.5464166837601754,0.0,0.2950268883529813,0.4758785282386686,-2.252099356677598,-2.023310177167147,-0.09405633021313395,0.16019045453317457,0.08429645911847637,-0.0538,0.08877,0.048420000000000005,0.00029145811576471484,0.0,-0.00016573345954125915,0.0008655991994210962,0.0,-0.0004580560691210072
170,1.70046649989672,hold,1.4899871264053093,0.0005949263643910238,4.05370001681149,10.109499795362353,11293.6,0.0,0.15,3.0,0.0004,15.0,0.01,-0.03279351836150701,0.0,0.20669750344809584,-0.03417632102871501,0.0,0.2072524074221454,0.0,0.0,0.0,0.7809837752473326,0.0,0.5946917962468211,-1.0772209027237862,0.0,-0.4680570413903534,0.5044733679471815,0.0,0.2890811549539017,0.4774125090265543,-2.252099356677598,-2.023310177167147,-0.10150774127516789,0.15730654970857072,0.08711236290757948,-0.0538,0.08608,0.04304,0.0005859971515275277,0.0,-0.00012491627615117786,0.0007968055156804719,0.0,-0.00042998769789838085
171,1.7103480000514537,hold,1.4899871264053093,0.0005480260008085437,4.207500023767352,9.881500154733658,11293.6,0.0,0.15,3.0,0.0004,15.0,0.01,-0.03279351836150701,0.0,0.20669750344809584,-0.03417632102871501,0.0,0.2072524074221454,0.0,0.0,0.0,0.7396827917466366,0.0,0.6035056560435355,-1.0385226608065838,0.0,-0.4801617543131493,0.48340758970791997,0.0,0.2913460421824279,0.4774125090265543,-2.252099356677598,-2.023310177167147,-0.10450711897237235,0.15665127772505213,0.08895827390910277,-0.06187,0.08877,0.04304,0.0005488380987589944,0.0,-0.00017167517947675695,0.0008339645684490052,0.0,-0.00038322879457280176
172,1.7203790999483317,hold,1.4899871264053093,0.0005175166189077256,4.15249983780086,10.031099896878004,11293.6,0.0,0.15,3.0,0.0004,15.0,0.01,-0.03279351836150701,0.0,0.20669750344809584,-0.03417632102871501,0.0,0.2072524074221454,0.0,0.0,0.0,0.7009851464923168,0.0,0.6156111463459151,-1.0018499387858033,0.0,-0.4945722128870368,0.46389877502807064,0.0,0.2951402125572966,0.4774125090265543,-2.252099356677598,-2.023310177167147,-0.10720881354795461,0.1562563923094838,0.0908371104122303,-0.056490000000000005,0.08877,0.05111,0.0005201111480275058,0.0,-0.0002043764340214609,0.0008626915191804938,0.0,-0.0003505275400280978
173,1.7304648000281304,hold,1.4899871264053093,0.0004968390469636626,4.006600007414818,10.085700079798698,11293.6,0.0,0.15,3.0,0.0004,15.0,0.01,-0.03279351836150701,0.0,0.20669750344809584,-0.03417632102871501,0.0,0.2072524074221454,0.0,0.0,0.0,0.6643129073597177,0.0,0.6300221544915502,-0.9666689487002191,0.0,-0.5104723725557009,0.4455291842695198,0.0,0.30003719438282306,0.4774125090265543,-2.252099356677598,-2.023310177167147,-0.10969341840147367,0.15605001206829755,0.0927384254596789,-0.05918,0.08608,0.048420000000000005,0.000498954648956489,0.0,-0.0002255041306833841,0.0008838480182515106,0.0,-0.0003293998433661746
174,1.7403323000762612,hold,1.511835125436008,0.0005943764186057705,4.158499883487821,9.86750004813075,11293.6,0.0,0.15,3.0,0.0004,15.0,0.01,-0.03286169052485656,0.0,0.20650582046483434,-0.03417632102871501,0.0,0.2072524074221454,0.0,0.0,0.0,0.6457791264682977,0.0,0.6927294361320634,-0.9373884513455767,0.0,-0.5408990340630383,0.44191082532449466,0.0,0.32628317750994795,0.4774125090265543,-2.2536333374654833,-2.023310177167147,-0.10875777391810316,0.1594842404401004,0.09544690761614893,-0.06725,0.08877,0.04304,0.00041527086768497414,0.0,-0.00043152634915559826,0.000899359636173478,0.0,-0.000315060608155459
175,1.750347400084138,hold,1.3144942018486387,0.00021845458833040285,4.133099922910333,10.015100007876754,11293.6,0.0,0.15,3.0,0.0004,15.0,0.01,-0.0330192637135292,0.0,0.20662861789348314,-0.03417632102871501,0.0,0.2072524074221454,0.0,0.0,0.0,0.6549708656060802,0.0,0.6931549546235428,-0.9182151587199487,0.0,-0.557862188689559,0.4495721022991875,0.0,0.3287827291932552,0.4758785282386686,-2.252099356677598,-2.023310177167147,-0.10678527653419378,0.1601150420314778,0.09512346942235583,-0.048420000000000005,0.08877,0.048420000000000005,0.00027192536276232496,0.0,-0.00024058006444049445,0.000885131952423486,0.0,-0.0003832094642217719
176,1.760380499996245,hold,1.4899871264053093,0.0005886047781682464,4.7385001089423895,10.03309991210699,11293.6,0.0,0.15,3.0,0.0004,15.0,0.01,-0.03279351836150701,0.0,0.20669750344809584,-0.03417632102871501,0.0,0.2072524074221454,0.0,0.0,0.0,0.5806600553194415,0.0,0.6933059721439337,-0.8778506675966725,0.0,-0.5695464597778083,0.40649790937921726,0.0,0.3249810274573973,0.4774125090265543,-2.252099356677598,-2.023310177167147,-0.11432140257621924,0.15742774698069967,0.09822950614214565,-0.06725,0.08608,0.0538,0.0005724696902994261,0.0,-0.00016571226008613008,0.0008103329769085735,0.0,-0.00038919171396342863
177,1.770041499985382,hold,1.3606899347431192,0.00043485615937603923,4.502299940213561,9.660999989137053,11293.6,0.0,0.15,3.0,0.0004,15.0,0.01,-0.03308714175877253,0.0,0.20643683056099815,-0.03417632102871501,0.0,0.2072524074221454,0.0,0.0,0.0,0.6120122206808541,0.0,0.7686490630295089,-0.8607157646463485,0.0,-0.601342113238794,0.4342975515255098,0.0,0.3609092475071559,0.4758785282386686,-2.2536333374654833,-2.023310177167147,-0.10729023385161492,0.16377330510593607,0.09931074091463288,-0.06456,0.08608,0.05111,0.00024301588629780171,0.0,-0.0004509420875414477,0.000846163383644679,0.0,-0.00036463477360580145
178,1.7803523000329733,hold,1.4899871264053093,0.0006659611386122623,4.143700003623962,10.310800047591329,11293.6,0.0,0.15,3.0,0.0004,15.0,0.01,-0.03279351836150701,0.0,0.20669750344809584,-0.03417632102871501,0.0,0.2072524074221454,0.0,0.0,0.0,0.5231544479628827,0.0,0.7367705041238343,-0.8166271831053158,0.0,-0.6086960505200399,0.3786163402747199,0.0,0.3423875886830545,0.4774125090265543,-2.252099356677598,-2.023310177167147,-0.11764579882027318,0.15836047388679625,0.10211089633505271,-0.04573,0.09415,0.06187,0.0006252866298612075,0.0,-0.00010429726922653012,0.0007575160373467921,0.0,-0.0004506067048230286
179,1.7904115000274032,hold,1.3144942018486387,0.00027372957903747396,4.0716000366956,10.059199994429946,11293.6,0.0,0.15,3.0,0.0004,15.0,0.01,-0.0330192637135292,0.0,0.20662861789348314,-0.03417632102871501,0.0,0.2072524074221454,0.0,0.0,0.0,0.5342128235652236,0.0,0.7609653974071664,-0.7921467365876168,0.0,-0.6235922404827955,0.38956216484321554,0.0,0.355521578120639,0.4758785282386686,-2.252099356677598,-2.023310177167147,-0.11441069240130489,0.16079601247339426,0.10241288760214175,-0.08339,0.08608,0.05918,0.00034719411161602566,0.0,-0.00021126532299332407,0.0008098632035697853,0.0,-0.00041252420566894227
180,1.8003301999997348,hold,1.3144942018486387,0.00033167115459140144,4.105300176888704,9.918699972331524,11293.6,0.0,0.15,3.0,0.0004,15.0,0.01,-0.0330192637135292,0.0,0.20662861789348314,-0.03417632102871501,0.0,0.2072524074221454,0.0,0.0,0.0,0.509714763117331,0.0,0.7758565629555351,-0.7644437634677268,0.0,-0.638677290833817,0.37746402261408196,0.0,0.3618841810038605,0.4758785282386686,-2.252099356677598,-2.023310177167147,-0.11590423564957987,0.16105478848939547,0.10397935661413091,-0.048420000000000005,0.08877,0.048420000000000005,0.0003928976186986199,0.0,-0.00021394383682990926,0.0007641596964871911,0.0,-0.00040984569183235707
181,1.8103509000502527,hold,1.3144942018486387,0.0003758590030256961,4.125799983739853,10.020700050517917,11293.6,0.0,0.15,3.0,0.0004,15.0,0.01,-0.0330192637135292,0.0,0.20662861789348314,-0.03417632102871501,0.0,0.2072524074221454,0.0,0.0,0.0,0.48201104985057014,0.0,0.790941666902874,-0.7345236864010949,0.0,-0.6539208467642387,0.36322212623336064,0.0,0.3681573338714181,0.4758785282386686,-2.252099356677598,-2.023310177167147,-0.11771721345713904,0.1612073181443671,0.10570207819702886,-0.07263,0.09146,0.0538,0.00042434171162367737,0.0,-0.000216191843367954,0.0007327156035621336,0.0,-0.00040759768529431234
182,1.8203312999103218,hold,1.3144942018486387,0.00040569123642361855,4.1859999764710665,9.980399860069156,11293.6,0.0,0.15,3.0,0.0004,15.0,0.01,-0.0330192637135292,0.0,0.20662861789348314,-0.03417632102871501,0.0,0.2072524074221454,0.0,0.0,0.0,0.45209044432988693,0.0,0.8061852606123288,-0.7032058675759033,0.0,-0.6692918562725089,0.3473976419455822,0.0,0.37436934106068365,0.4758785282386686,-2.252099356677598,-2.023310177167147,-0.11976578796958426,0.16128202444488532,0.10754063786966644,-0.06456,0.08608,0.05111,0.0004441651943277562,0.0,-0.00021799945466709447,0.0007128921208580548,0.0,-0.00040579007399517186
183,1.830349599942565,hold,1.3144942018486387,0.0004227216297568124,4.130000015720725,10.018300032243133,11293.6,0.0,0.15,3.0,0.0004,15.0,0.01,-0.0330192637135292,0.0,0.20662861789348314,-0.03417632102871501,0.0,0.2072524074221454,0.0,0.0,0.0,0.4207722924258381,0.0,0.8215563005054424,-0.6711298307875775,0.0,-0.6847609465245051,0.33050303425585525,0.0,0.3805833888153237,0.4758785282386686,-2.252099356677598,-2.023310177167147,-0.12197171639438992,0.1613095306520907,0.10946185114958419,-0.05918,0.08877,0.06725,0.0004549186261302104,0.0,-0.00021939048553166655,0.0007021386890556006,0.0,-0.0004043990431305998
184,1.8403711998835206,hold,1.3144942018486387,0.00042952122346479434,4.115799907594919,10.021599940955639,11293.6,0.0,0.15,3.0,0.0004,15.0,0.01,-0.0330192637135292,0.0,0.20662861789348314,-0.03417632102871501,0.0,0.2072524074221454,0.0,0.0,0.0,0.3886960750134048,0.0,0.8370254141381718,-0.6387717876773997,0.0,-0.7003018833197651,0.31292454999403896,0.0,0.3868277546636781,0.4758785282386686,-2.252099356677598,-2.023310177167147,-0.1242768977358053,0.1613104995343428,0.11143877795927586,-0.06456,0.09146,0.0538,0.0004589181828504969,0.0,-0.000220409449656486,0.0006981391323353141,0.0,-0.00040338007900578033
185,1.8503751999232918,hold,1.3144942018486387,0.0004288901607509605,4.166299942880869,10.0040000397712,11293.6,0.0,0.15,3.0,0.0004,15.0,0.01,-0.0330192637135292,0.0,0.20662861789348314,-0.03417632102871501,0.0,0.2072524074221454,0.0,0.0,0.0,0.35633796479359753,0.0,0.8525663680590109,-0.6064668546016883,0.0,-0.7158923220957164,0.29495588717570603,0.0,0.39312294761589023,0.4758785282386686,-2.252099356677598,-2.023310177167147,-0.12663719731018322,0.16130051873525073,0.1134508343553208,-0.05918,0.08608,0.06187,0.00045816494939860395,0.0,-0.0002211115118593524,0.0006988923657872071,0.0,-0.00040267801680291394
186,1.8603350999765098,hold,1.3144942018486387,0.000423391061508772,4.067299887537956,9.959900053218007,11293.6,0.0,0.15,3.0,0.0004,15.0,0.01,-0.0330192637135292,0.0,0.20662861789348314,-0.03417632102871501,0.0,0.2072524074221454,0.0,0.0,0.0,0.3240330444821132,0.0,0.8681568186331595,-0.5744335096043311,0.0,-0.7315140375202981,0.2768062573449955,0.0,0.39947945098562987,0.4758785282386686,-2.252099356677598,-2.023310177167147,-0.12902136216112314,0.16129017617313507,0.11548294630993886,-0.09146,0.09146,0.06187,0.00045431314949284803,0.0,-0.00022155509315709073,0.000702744165692963,0.0,-0.0004022344355051756
187,1.8701327999588102,hold,1.3144942018486387,0.00041512857705546934,4.3114000000059605,9.7976999823004,11293.6,0.0,0.15,3.0,0.0004,15.0,0.01,-0.0330192637135292,0.0,0.20662861789348314,-0.03417632102871501,0.0,0.2072524074221454,0.0,0.0,0.0,0.29199976431523333,0.0,0.8837785415109332,-0.5427978477438123,0.0,-0.7471527916207156,0.2586022709270581,0.0,0.40588073403961555,0.4758785282386686,-2.252099356677598,-2.023310177167147,-0.13141150847320182,0.16128302024104021,0.11752371074370856,-0.08339,0.09415,0.07263,0.0004486730054987655,0.0,-0.0002217967443016345,0.0007083843096870455,0.0,-0.00040199278436063183
188,1.8803322000894696,hold,1.140661933176309,0.00018003448960034812,4.183900076895952,10.199400130659342,11293.6,0.0,0.15,3.0,0.0004,15.0,0.01,-0.03313733551439997,0.0,0.20678164341880506,-0.03417632102871501,0.0,0.2072524074221454,0.0,0.0,0.0,0.2891959651465694,0.0,0.8620502367148583,-0.5200428467926892,0.0,-0.7518764978473378,0.2554589099371708,0.0,0.3971674618839279,0.4758785282386686,-2.252099356677598,-2.021776196379262,-0.13212255613293303,0.16022146064458265,0.11091195795226995,-0.07801000000000001,0.08339,0.06994,0.0003227229672602229,0.0,-6.699399807521704e-05,0.0007162625470548183,0.0,-0.00040377000526512337
189,1.8903451999649405,hold,1.140661933176309,0.00024085616895327573,4.1554998606443405,10.012999875470996,11293.6,0.0,0.15,3.0,0.0004,15.0,0.01,-0.03313733551439997,0.0,0.20678164341880506,-0.03417632102871501,0.0,0.2072524074221454,0.0,0.0,0.0,0.2664314428346007,0.0,0.8667864248049696,-0.494630518004808,0.0,-0.7606390347195257,0.24220156859013164,0.0,0.39959805433278145,0.4758785282386686,-2.252099356677598,-2.021776196379262,-0.1339654086870027,0.1599356200710399,0.1121739845705386,-0.08877,0.08877,0.05111,0.0003604105387221533,0.0,-0.00012427474321771026,0.0006785749755928879,0.0,-0.00034648926012263015
190,1.9003711999394,hold,1.1755035839258414,0.00038063210700429225,4.052600124850869,10.02599997445941,11293.6,0.0,0.15,3.0,0.0004,15.0,0.01,-0.03320544815884996,0.0,0.2065896747864751,-0.03417632102871501,0.0,0.2072524074221454,0.0,0.0,0.0,0.2576508150546199,0.0,0.9224264246533354,-0.4722822059208801,0.0,-0.785985617684735,0.24264618344671013,0.0,0.4259487043456889,0.4758785282386686,-2.2536333374654833,-2.021776196379262,-0.1323731584013242,0.1636135250714869,0.11459921849303223,-0.06994,0.08877,0.06456,0.00031695509942954853,0.0,-0.0003594780981117043,0.0006539177704355041,0.0,-0.0003032545375585891
191,1.9103433000855148,hold,1.1755035839258414,0.00037674852951858414,4.186899866908789,9.972100146114826,11293.6,0.0,0.15,3.0,0.0004,15.0,0.01,-0.03320544815884996,0.0,0.2065896747864751,-0.03417632102871501,0.0,0.2072524074221454,0.0,0.0,0.0,0.23529651954853428,0.0,0.9477580384341695,-0.4470326068386819,0.0,-0.8081825394250126,0.2310334357111101,0.0,0.4376307091356345,0.4758785282386686,-2.2536333374654833,-2.021776196379262,-0.13355318342717487,0.1645613357474937,0.11665862329124954,-0.08877,0.08877,0.06725,0.0003581026234822372,0.0,-0.0003148080047745182,0.0006127702463828154,0.0,-0.0003479246308957752
192,1.920036100083962,hold,1.140661933176309,0.0003526326401052673,4.625000059604645,9.692799998447299,11293.6,0.0,0.15,3.0,0.0004,15.0,0.01,-0.03313733551439997,0.0,0.20678164341880506,-0.03417632102871501,0.0,0.2072524074221454,0.0,0.0,0.0,0.1934139176102935,0.0,0.9230777138704144,-0.4150688781127823,0.0,-0.8142006758685394,0.20160215334510836,0.0,0.4251582234910327,0.4758785282386686,-2.252099356677598,-2.021776196379262,-0.13879123935507223,0.16132683936690934,0.117847166632439,-0.08070000000000001,0.09146,0.05918,0.0004533258162142148,0.0,-8.535226408487459e-05,0.0005856596981008264,0.0,-0.0003854117392554658
193,1.9303349999245256,hold,1.140661933176309,0.0003527542716329022,4.208300029858947,10.298899840563536,11293.6,0.0,0.15,3.0,0.0004,15.0,0.01,-0.03313733551439997,0.0,0.20678164341880506,-0.03417632102871501,0.0,0.2072524074221454,0.0,0.0,0.0,0.16145530239446032,0.0,0.9291109159921354,-0.3838731354509463,0.0,-0.8234250162067539,0.18167944935273092,0.0,0.4276162059889118,0.4758785282386686,-2.252099356677598,-2.021776196379262,-0.14161454115967767,0.1607478268138078,0.11962445574394415,-0.06994,0.09146,0.06725,0.0004424338482489548,0.0,-0.00013082427424903405,0.0005965516660660864,0.0,-0.00033993972909130636
194,1.9403665999416262,hold,1.1755035839258414,0.00042820399774183234,4.305399954319,10.031600017100573,11293.6,0.0,0.15,3.0,0.0004,15.0,0.01,-0.03320544815884996,0.0,0.2065896747864751,-0.03417632102871501,0.0,0.2072524074221454,0.0,0.0,0.0,0.14689205430627927,0.0,0.985212516015146,-0.358410792139963,0.0,-0.8486496285197137,0.1778983688880664,0.0,0.4542793410663536,0.4758785282386686,-2.2536333374654833,-2.021776196379262,-0.14061619425826058,0.16429114887616086,0.12241237570679021,-0.07801000000000001,0.08877,0.05918,0.00036111987006150496,0.0,-0.00035774824844493505,0.0006097529998035476,0.0,-0.00030498438722535834
195,1.9500591999385506,hold,1.140661933176309,0.0003466353104006638,4.549499833956361,9.6925999969244,11293.6,0.0,0.15,3.0,0.0004,15.0,0.01,-0.03313733551439997,0.0,0.20678164341880506,-0.03417632102871501,0.0,0.2072524074221454,0.0,0.0,0.0,0.10479204415970601,0.0,0.9635455008499484,-0.32717015687736456,0.0,-0.856645167250236,0.147803085422966,0.0,0.44301199817415515,0.4758785282386686,-2.252099356677598,-2.021776196379262,-0.14590898267492866,0.16116654660554203,0.1237661043818613,-0.08070000000000001,0.09415,0.07532,0.00044307053788729866,0.0,-0.00011339678646907843,0.0005959149764277425,0.0,-0.000357367216871262
196,1.960224000038579,hold,1.140661933176309,0.00033388647941904237,4.336899844929576,10.164800100028515,11293.6,0.0,0.15,3.0,0.0004,15.0,0.01,-0.03313733551439997,0.0,0.20678164341880506,-0.03417632102871501,0.0,0.2072524074221454,0.0,0.0,0.0,0.07355675388330657,0.0,0.9715558786472682,-0.2972679871827706,0.0,-0.8670143372176362,0.1278959948559448,0.0,0.4464558822541927,0.4758785282386686,-2.252099356677598,-2.021776196379262,-0.14868548393809639,0.16071157498433297,0.1256406018091199,-0.07801000000000001,0.09146,0.07263,0.0004240877401888994,0.0,-0.0001470608288302365,0.0006148977741261418,0.0,-0.0003237031745101039
197,1.9703361000865698,hold,1.140661933176309,0.00032365151744274473,4.1541000828146935,10.11210004799068,11293.6,0.0,0.15,3.0,0.0004,15.0,0.01,-0.03313733551439997,0.0,0.20678164341880506,-0.03417632102871501,0.0,0.2072524074221454,0.0,0.0,0.0,0.043654894896178104,0.0,0.9819255906285124,-0.2685269508961401,0.0,-0.8790520855743192,0.10887598078271911,0.0,0.45108209456127474,0.4758785282386686,-2.252099356677598,-2.021776196379262,-0.15127796797155743,0.16044399804831716,0.1275649035439244,-0.08070000000000001,0.09146,0.06994,0.0004076199571460494,0.0,-0.00017072545402855086,0.0006313655571689918,0.0,-0.00030003854931178955
198,1.9803863000124693,hold,1.1755035839258414,0.00041490814316202896,4.1234001982957125,10.050199925899506,11293.6,0.0,0.15,3.0,0.0004,15.0,0.01,-0.03320544815884996,0.0,0.2065896747864751,-0.03417632102871501,0.0,0.2072524074221454,0.0,0.0,0.0,0.0315464552550313,0.0,1.0408402558753658,-0.24561064493722512,0.0,-0.9058768381488256,0.10652494191594736,0.0,0.47975887203698087,0.4758785282386686,-2.2536333374654833,-2.021776196379262,-0.1499626748035516,0.1643183186005682,0.13045176900355276,-0.09146,0.08608,0.06456,0.00032501067671188686,0.0,-0.00038044224939655326,0.0006458621931531657,0.0,-0.00028229038627374014
199,1.990367399994284,hold,1.140661933176309,0.0003017853882671162,4.099800018593669,9.981099981814623,11293.6,0.0,0.15,3.0,0.0004,15.0,0.01,-0.03313733551439997,0.0,0.20678164341880506,-0.03417632102871501,0.0,0.2072524074221454,0.0,0.0,0.0,-0.008007495859695022,0.0,1.020773091707754,-0.216801013076377,0.0,-0.9145579254565166,0.07733538672816939,0.0,0.46936028009039577,0.4758785282386686,-2.252099356677598,-2.021776196379262,-0.15509828990551636,0.16132727239660663,0.13181465415127153,-0.08339,0.09415,0.07532,0.00040859281437861917,0.0,-0.000123119584174081,0.000630392699936422,0.0,-0.0003476444191662594
200,2.0003885000478476,hold,0.9743497913258989,0.00012432255164651125,4.173199879005551,10.021100053563714,11293.6,0.0,0.15,3.0,0.0004,15.0,0.01,-0.0332551724382298,0.0,0.20693484988388827,-0.03417632102871501,0.0,0.2072524074221454,0.0,0.0,0.0,-0.008037396665083761,0.0,0.9920575537148618,-0.19749600472494164,0.0,-0.914024720532923,0.07423072480042066,0.0,0.45722697351240776,0.4758785282386686,-2.252099356677598,-2.0202422155913764,-0.155980322362275,0.1598172404940695,0.12483620344580963,-0.08339,0.08877,0.07532,0.00027379342200603584,0.0,7.562182724997317e-06,0.0006473551684791771,0.0,-0.0003251197209821267
201,2.010192600078881,hold,1.1755035839258414,0.0004979982252228253,4.448299994692206,9.804100031033158,11293.6,0.0,0.15,3.0,0.0004,15.0,0.01,-0.03320544815884996,0.0,0.2065896747864751,-0.03417632102871501,0.0,0.2072524074221454,0.0,0.0,0.0,-0.03949385673165939,0.0,1.075824995636143,-0.17237989676463528,0.0,-0.943404574116539,0.06096374678119651,0.0,0.49486599942212495,0.4758785282386686,-2.2536333374654833,-2.021776196379262,-0.1559813317149523,0.1641907411904145,0.13546828967529767,-0.08608,0.08608,0.06994,0.0003562093846705859,0.0,-0.0004166799881283876,0.0006146634851944667,0.0,-0.0002460526475419058
202,2.0200783000327647,hold,0.9935144697573858,0.00015292769139837935,4.333300050348043,9.885699953883886,11293.6,0.0,0.15,3.0,0.0004,15.0,0.01,-0.0333235199597208,0.0,0.2067427003117971,-0.03417632102871501,0.0,0.2072524074221454,0.0,0.0,0.0,-0.035774666164375205,0.0,1.0678108738922993,-0.1554056555823392,0.0,-0.9564681957614115,0.06170592053886168,0.0,0.4902854131521199,0.4758785282386686,-2.2536333374654833,-2.0202422155913764,-0.1559541723288546,0.16379853354670537,0.1289505225842253,-0.08608,0.08877,0.06456,0.0002407372995987889,0.0,-0.00018527490943436118,0.0006120637693954245,0.0,-0.0003244322009139508
203,2.030371000058949,hold,0.9743497913258989,0.00020978996784541947,4.227299941703677,10.29270002618432,11293.6,0.0,0.15,3.0,0.0004,15.0,0.01,-0.0332551724382298,0.0,0.20693484988388827,-0.03417632102871501,0.0,0.2072524074221454,0.0,0.0,0.0,-0.06944828505384236,0.0,1.033965029977724,-0.1303281699624764,0.0,-0.9557684682988714,0.03486436477378162,0.0,0.4716276004510217,0.4758785282386686,-2.252099356677598,-2.0202422155913764,-0.16113259288789925,0.15986282421435732,0.12929633377901179,-0.08877,0.08608,0.07801000000000001,0.00035566162304503154,0.0,9.923889850387772e-06,0.0005654869674401814,0.0,-0.0003274814281075172
204,2.040407899999991,hold,0.9743497913258989,0.00022272968666261762,4.533600062131882,10.036899941042066,11293.6,0.0,0.15,3.0,0.0004,15.0,0.01,-0.0332551724382298,0.0,0.20693484988388827,-0.03417632102871501,0.0,0.2072524074221454,0.0,0.0,0.0,-0.09452095060094741,0.0,1.0332809428782515,-0.10484234944778954,0.0,-0.9600884234700532,0.01736021624486139,0.0,0.46929443642571395,0.4758785282386686,-2.252099356677598,-2.0202422155913764,-0.16381890213891434,0.15878905671624838,0.13040645923632677,-0.09146,0.08608,0.06456,0.00036145283567457897,0.0,-6.126779578122151e-05,0.0005596957548106339,0.0,-0.0002562897424759079
205,2.0502277999185026,hold,0.9935144697573858,0.0002985787230793681,4.580500070005655,9.81989991851151,11293.6,0.0,0.15,3.0,0.0004,15.0,0.01,-0.0333235199597208,0.0,0.2067427003117971,-0.03417632102871501,0.0,0.2072524074221454,0.0,0.0,0.0,-0.10331720279673036,0.0,1.0845227734113303,-0.08413598477495457,0.0,-0.9816982043868898,0.016032368142312743,0.0,0.4925253885361214,0.4758785282386686,-2.2536333374654833,-2.0202422155913764,-0.1625777459474438,0.16204856729071881,0.13268614502685366,-0.08877,0.08877,0.07801000000000001,0.0002936681682740041,0.0,-0.00030648087575582526,0.0005591329007202093,0.0,-0.0002032262345924867
206,2.060500599909574,hold,0.9743497913258989,0.00025697550487923423,4.184599965810776,10.272799991071224,11293.6,0.0,0.15,3.0,0.0004,15.0,0.01,-0.0332551724382298,0.0,0.20693484988388827,-0.03417632102871501,0.0,0.2072524074221454,0.0,0.0,0.0,-0.14071883914192782,0.0,1.05919703297977,-0.056860894132637285,0.0,-0.9868939666111529,-0.012705508824923913,0.0,0.47753849696707207,0.4758785282386686,-2.252099356677598,-2.0202422155913764,-0.1678785514198103,0.15847895625150726,0.1335375982709216,-0.08877,0.09146,0.08339,0.0003868291723339043,0.0,-7.368893571107482e-05,0.0005343194181513086,0.0,-0.00024386860254605459
207,2.070512499893084,hold,0.6228108376228868,2.7381436601151623e-06,3.9957999251782894,10.011899983510375,11293.6,0.0,0.15,3.0,0.0004,15.0,0.01,-0.03359911825565326,0.0,0.20701846234690263,-0.03417632102871501,0.0,0.2072524074221454,0.0,0.0,0.0,-0.08400116049050163,0.0,1.0439906501973135,-0.054893717826717994,0.0,-0.9889783486207124,0.024800028913539832,0.0,0.4742272948113729,0.474344547450783,-2.252099356677598,-2.0187082348034906,-0.16129316623338089,0.1602648930459761,0.12419149841804103,-0.09146,0.08877,0.08070000000000001,2.789949233286855e-05,0.0,-2.9561763081168346e-05,0.0005493032807288838,0.0,-0.0002043833121616013
208,2.080331299919635,hold,0.6228108376228868,4.6345354466901135e-05,4.185799974948168,9.818800026550889,11293.6,0.0,0.15,3.0,0.0004,15.0,0.01,-0.03359911825565326,0.0,0.20701846234690263,-0.03417632102871501,0.0,0.2072524074221454,-0.0018403151164411444,0.0,0.0023964993265294305,-0.045328415874661715,0.0,0.9931239944640508,-0.044736880113481266,0.0,-0.9949678987764149,0.04763476516845905,0.0,0.45387737404251854,0.474344547450783,-2.252099356677598,-2.0187082348034906,-0.15890039951331042,0.15877050277396085,0.12036969144894652,-0.09415,0.08877,0.06994,0.00014404942508404976,0.0,-8.49468388489267e-05,0.0004331533479777026,0.0,-0.00014899823639384294
209,2.0903382999822497,hold,0.6228108376228868,0.00010341788140530724,4.247599979862571,10.00700006261468,11293.6,0.0,0.15,3.0,0.0004,15.0,0.01,-0.03359911825565326,0.0,0.20701846234690263,-0.03417632102871501,0.0,0.2072524074221454,-0.0018403151164411444,0.0,0.0023964993265294305,-0.055494679119507666,0.0,0.9991242525488137,-0.029145047700113544,0.0,-1.003162311885929,0.04104448123699298,0.0,0.4558311952177386,0.474344547450783,-2.252099356677598,-2.0187082348034906,-0.15978349554246657,0.1587215284803237,0.12107069031060724,-0.08339,0.08877,0.07263,0.00022113127713219415,0.0,-0.00011621732380230681,0.00035607149592955823,0.0,-0.00011772775144046283
210,2.1003491000737995,hold,0.6228108376228868,0.00014586594292874622,4.124699858948588,10.010800091549754,11293.6,0.0,0.15,3.0,0.0004,15.0,0.01,-0.03359911825565326,0.0,0.20701846234690263,-0.03417632102871501,0.0,0.2072524074221454,-0.0018403151164411444,0.0,0.0023964993265294305,-0.07108779434378883,0.0,1.0073191746628047,-0.010318994034484125,0.0,-1.012282483603889,0.030855875181815984,0.0,0.4583634892607729,0.474344547450783,-2.252099356677598,-2.0187082348034906,-0.1611710326656296,0.15858457164923973,0.12210563751625045,-0.09146,0.08608,0.06456,0.0002670006436748684,0.0,-0.00012934690203111524,0.000310202129386884,0.0,-0.0001045981732116544
211,2.1103642000816762,hold,0.5715698433332639,0.00026097809096743674,4.214000189676881,10.015100007876754,11293.6,0.0,0.15,3.0,0.0004,15.0,0.01,-0.033893347296901646,0.0,0.20675580098550606,-0.03417632102871501,0.0,0.2072524074221454,-0.005378974246838361,0.0,0.0012902817600962389,0.06013099071653646,0.0,1.1050239384221563,-0.01121548361745479,0.0,-1.0402490811683038,0.13100086559635846,0.0,0.5145236852968259,0.47281056666289734,-2.2536333374654833,-2.0187082348034906,-0.14228865101384522,0.17089689536091,0.11979681377788365,-0.09415,0.08877,0.06456,-1.2714470061135836e-05,0.0,-0.0003966364743093983,0.00029568820187450155,0.0,-9.996996232994803e-05
212,2.1204639999195933,hold,0.4643638206863346,5.883254446621635e-05,4.045299952849746,10.09979983791709,11293.6,0.0,0.15,3.0,0.0004,15.0,0.01,-0.03382535500443962,0.0,0.20694834064039058,-0.03417632102871501,0.0,0.2072524074221454,-0.0053799218281863105,0.0,0.0012947437300564115,0.04440673640325906,0.0,1.085850061691214,0.00012361883985087703,0.0,-1.0471716810311713,0.1177964246682939,0.0,0.5040262193274412,0.47281056666289734,-2.252099356677598,-2.0187082348034906,-0.1451388523654802,0.16849874224459804,0.11986061709114479,-0.08339,0.09684000000000001,0.06725,0.00016081690345562253,0.0,-9.817982313859469e-05,0.00019014912081977283,0.0,-0.00020588695861622458
213,2.130325200036168,hold,0.4643638206863346,7.775702903747694e-05,4.110099980607629,9.861200116574764,11293.6,0.0,0.15,3.0,0.0004,15.0,0.01,-0.03382535500443962,0.0,0.20694834064039058,-0.03417632102871501,0.0,0.2072524074221454,-0.003535932694404008,0.0,-0.001098929770024317,-0.007677512326798163,0.0,1.145682749894345,0.01390696521491508,0.0,-1.0537512288741036,0.08638566789328031,0.0,0.527433460749001,0.47281056666289734,-2.252099356677598,-2.0187082348034906,-0.1486435663635236,0.1700265436979791,0.12467027092447241,-0.08070000000000001,0.09415,0.06456,0.00019548241067933691,0.0,-9.331448535918044e-05,0.00015548361359605845,0.0,-0.00021075229639563883
214,2.1403194998856634,hold,0.4643638206863346,8.463325052815124e-05,4.151700064539909,9.994299849495292,11293.6,0.0,0.15,3.0,0.0004,15.0,0.01,-0.03382535500443962,0.0,0.20694834064039058,-0.03417632102871501,0.0,0.2072524074221454,-0.003535932694404008,0.0,-0.001098929770024317,-0.021453918288743958,0.0,1.15225241609461,0.02841325691639393,0.0,-1.0603441988160993,0.07733640800276713,0.0,0.5293585154341879,0.47281056666289734,-2.252099356677598,-2.0187082348034906,-0.14988964840395896,0.169866132782788,0.12555825915047844,-0.08070000000000001,0.09684000000000001,0.07263,0.00020573558805377817,0.0,-9.35048443772231e-05,0.0001452304362216172,0.0,-0.00021056193737759618
215,2.150324400048703,hold,0.4643638206863346,8.129483741288978e-05,4.212399944663048,10.004900163039565,11293.6,0.0,0.15,3.0,0.0004,15.0,0.01,-0.03382535500443962,0.0,0.20694834064039058,-0.03417632102871501,0.0,0.2072524074221454,-0.003535932694404008,0.0,-0.001098929770024317,-0.03596039441618727,0.0,1.1588454056566642,0.04245160591304975,0.0,-1.067185928837575,0.0677815839014958,0.0,0.5312358714411014,0.47281056666289734,-2.252099356677598,-2.0187082348034906,-0.15121246085722084,0.16967727919033648,0.1264803612939855,-0.08070000000000001,0.08877,0.05918,0.00019909898722336565,0.0,-9.703288602213849e-05,0.0001518670370520297,0.0,-0.00020703389573268079
216,2.1603486998938024,hold,0.4643638206863346,7.214768280808537e-05,4.090399947017431,10.02429984509945,11293.6,0.0,0.15,3.0,0.0004,15.0,0.01,-0.03382535500443962,0.0,0.20694834064039058,-0.03417632102871501,0.0,0.2072524074221454,-0.003535932694404008,0.0,-0.001098929770024317,-0.04999863145257429,0.0,1.16568719504694,0.05526487079406994,0.0,-1.0744152643196971,0.05857212552398702,0.0,0.5332653865432486,0.47281056666289734,-2.252099356677598,-2.0187082348034906,-0.15247737696304262,0.16952286013859097,0.12739109471018673,-0.08070000000000001,0.09415,0.07532,0.00018172422280166684,0.0,-0.00010253010329999254,0.00016924180147372852,0.0,-0.00020153667845482673
217,2.1703629998955876,hold,0.4643638206863346,6.290846340421854e-05,4.110099980607629,10.014300001785159,11293.6,0.0,0.15,3.0,0.0004,15.0,0.01,-0.03382535500443962,0.0,0.20694834064039058,-0.03417632102871501,0.0,0.2072524074221454,0.0,0.0,0.0,-0.14094963579368142,0.0,1.1486321649060656,0.06671111606467191,0.0,-1.0820118990626526,-0.0060082979201719535,0.0,0.5181232594364091,0.47281056666289734,-2.252099356677598,-2.0187082348034906,-0.16273540411900506,0.16478969281720232,0.13081668454675519,-0.08877,0.09146,0.06456,0.0001623364571880904,0.0,-0.00010773932775061813,0.00018862956708730496,0.0,-0.00019632745400420114
218,2.1803206000477076,hold,0.5715698433332639,0.00016534015126927845,4.172899993136525,9.957600152119994,11293.6,0.0,0.15,3.0,0.0004,15.0,0.01,-0.033893347296901646,0.0,0.20675580098550606,-0.03417632102871501,0.0,0.2072524074221454,0.0,0.0,0.0,-0.1357781827156465,0.0,1.2032493316288035,0.0722133198220439,0.0,-1.1035930530545084,0.0026952704136447465,0.0,0.5440164061548711,0.47281056666289734,-2.2536333374654833,-2.0187082348034906,-0.1598743811325107,0.16884058951439515,0.1325839618156658,-0.08877,0.09146,0.06725,7.803504499356189e-05,0.0,-0.00030607487418310864,0.00020493868681980382,0.0,-0.0001905315624562377
219,2.190336300060153,hold,0.4643638206863346,4.549015049547404e-05,4.145599901676178,10.01570001244545,11293.6,0.0,0.15,3.0,0.0004,15.0,0.01,-0.03382535500443962,0.0,0.20694834064039058,-0.03417632102871501,0.0,0.2072524074221454,0.0,0.0,0.0,-0.1578886268261005,0.0,1.1777988767773975,0.08352964578568196,0.0,-1.1064932630764057,-0.015446605698959347,0.0,0.5302101578418822,0.47281056666289734,-2.252099356677598,-2.0187082348034906,-0.16357318052880807,0.16588713198377802,0.13274890445490606,-0.08877,0.09415,0.07801000000000001,0.00016049387566775372,0.0,-4.1132249827408745e-05,0.00019047214860764164,0.0,-0.0002629345319274105
220,2.200272399932146,hold,0.4643638206863346,4.1180549570892235e-05,4.218500107526779,9.936099871993065,11293.6,0.0,0.15,3.0,0.0004,15.0,0.01,-0.03382535500443962,0.0,0.20694834064039058,-0.03417632102871501,0.0,0.2072524074221454,0.0,0.0,0.0,-0.16919962827233512,0.0,1.1807136362044228,0.09372960048823907,0.0,-1.1109094348097581,-0.023074906199425146,0.0,0.5306480337427748,0.47281056666289734,-2.252099356677598,-2.0187082348034906,-0.16467789496084725,0.16560322593061422,0.13337918451622854,-0.08608,0.09415,0.08070000000000001,0.00014466093210014215,0.0,-6.263238787726041e-05,0.0002063050921752532,0.0,-0.00024143439387755886
221,2.2103808999527246,hold,0.5715698433332639,0.00013198745424230858,4.148399922996759,10.108500020578504,11293.6,0.0,0.15,3.0,0.0004,15.0,0.01,-0.033893347296901646,0.0,0.20675580098550606,-0.03417632102871501,0.0,0.2072524074221454,0.0,0.0,0.0,-0.16279639403974813,0.0,1.2321461017710642,0.09823755597516325,0.0,-1.1302908872851232,-0.013760678971952996,0.0,0.5551638353714495,0.47281056666289734,-2.2536333374654833,-2.0187082348034906,-0.1617860222997734,0.16951234221172515,0.13496322628515214,-0.08608,0.09415,0.07532,6.393411163295795e-05,0.0,-0.00027487759135224693,0.00021903962018040776,0.0,-0.0002217288452870994
222,2.22031749994494,hold,0.4643638206863346,3.790743327301094e-05,4.102499922737479,9.936599992215633,11293.6,0.0,0.15,3.0,0.0004,15.0,0.01,-0.03382535500443962,0.0,0.20694834064039058,-0.03417632102871501,0.0,0.2072524074221454,0.0,0.0,0.0,-0.18391262592058988,0.0,1.2044961867430666,0.10879526997010311,0.0,-1.13179321049272,-0.03139709793136873,0.0,0.5404315685641761,0.47281056666289734,-2.252099356677598,-2.0187082348034906,-0.16545665436557835,0.16646121195083524,0.13499566855728978,-0.09146,0.09415,0.07263,0.00014973485587850956,0.0,-2.1306709869225863e-05,0.0002012311683968858,0.0,-0.0002827600718855934
223,2.2304243000689894,hold,0.5715698433332639,0.00010844959323975553,4.017199855297804,10.106800124049187,11293.6,0.0,0.15,3.0,0.0004,15.0,0.01,-0.033893347296901646,0.0,0.20675580098550606,-0.03417632102871501,0.0,0.2072524074221454,0.0,0.0,0.0,-0.17786214039224918,0.0,1.2530292067640183,0.11359249578533819,0.0,-1.1491810051831604,-0.022551781138186937,0.0,0.5635798014765888,0.47281056666289734,-2.2536333374654833,-2.0187082348034906,-0.16269432623549782,0.17018015823073135,0.13647961300645844,-0.08608,0.08877,0.08339,6.80366901779272e-05,0.0,-0.0002466025252498844,0.0002149370416354385,0.0,-0.00025000391138946194
224,2.240320400102064,hold,0.4643638206863346,3.876976112418685e-05,4.123100079596043,9.896100033074617,11293.6,0.0,0.15,3.0,0.0004,15.0,0.01,-0.03382535500443962,0.0,0.20694834064039058,-0.03417632102871501,0.0,0.2072524074221454,0.0,0.0,0.0,-0.1992676347039558,0.0,1.2233858294526283,0.12437413228619701,0.0,-1.149437125732725,-0.040557236031374136,0.0,0.5479085510577766,0.47281056666289734,-2.252099356677598,-2.0187082348034906,-0.16646466615112485,0.16699254456789353,0.1364463547425695,-0.08608,0.09684000000000001,0.06994,0.00015291063845490832,0.0,-3.6324315656744138e-06,0.00019805538582048704,0.0,-0.00030043435018914486
225,2.2503279000520706,hold,0.4643638206863346,3.5074423799685805e-05,4.1276998817920685,10.007499950006604,11293.6,0.0,0.15,3.0,0.0004,15.0,0.01,-0.03382535500443962,0.0,0.20694834064039058,-0.03417632102871501,0.0,0.2072524074221454,0.0,0.0,0.0,-0.21004398731521362,0.0,1.2236568687796026,0.13418914988555994,0.0,-1.1524185181797626,-0.048025584476209575,0.0,0.5471707328922539,0.47281056666289734,-2.252099356677598,-2.0187082348034906,-0.16759967251597396,0.16656821482138243,0.13694698214501966,-0.09146,0.09146,0.07532,0.00013920155882135292,0.0,-4.228362016516391e-05,0.00021176446545404244,0.0,-0.00026178316158965536
226,2.260364100104198,hold,0.5715698433332639,0.0001244236503954368,4.289600066840649,10.036200052127242,11293.6,0.0,0.15,3.0,0.0004,15.0,0.01,-0.033893347296901646,0.0,0.20675580098550606,-0.03417632102871501,0.0,0.2072524074221454,0.0,0.0,0.0,-0.20325585168494412,0.0,1.2736548433450132,0.138437980791594,0.0,-1.1712657563625373,-0.03854563104744333,0.0,0.571043446506208,0.47281056666289734,-2.2536333374654833,-2.0187082348034906,-0.16470698176131596,0.17040984831931655,0.13845600773699432,-0.09146,0.08877,0.07801000000000001,6.025907537105936e-05,0.0,-0.0002673010932440766,0.00022271465644230635,0.0,-0.00022930534339526975
227,2.270390999969095,hold,0.5715698433332639,8.87317712248768e-05,4.229400074109435,10.026899864897132,11293.6,0.0,0.15,3.0,0.0004,15.0,0.01,-0.033893347296901646,0.0,0.20675580098550606,-0.03417632102871501,0.0,0.2072524074221454,0.0,0.0,0.0,-0.20751005775332337,0.0,1.2924868849539015,0.14398520905233037,0.0,-1.1866092752645987,-0.03998403315837232,0.0,0.5793859981888688,0.47281056666289734,-2.2536333374654833,-2.0187082348034906,-0.16453592719454171,0.17139364091849335,0.1393985691644148,-0.08877,0.09953000000000001,0.07801000000000001,7.867360534152118e-05,0.0,-0.00021760956894366536,0.00020430012647184453,0.0,-0.000278996867695681
228,2.280312600079924,hold,0.4643638206863346,4.333909734498282e-05,4.203899996355176,9.921600110828876,11293.6,0.0,0.15,3.0,0.0004,15.0,0.01,-0.03382535500443962,0.0,0.20694834064039058,-0.03417632102871501,0.0,0.2072524074221454,0.0,0.0,0.0,-0.22966051834855242,0.0,1.260813636213773,0.15535022029295398,0.0,-1.1856852560356608,-0.05868522888580075,0.0,0.5627259079643022,0.47281056666289734,-2.252099356677598,-2.0187082348034906,-0.16845859797577598,0.16804660919562187,0.13931930592357017,-0.08877,0.09684000000000001,0.07263,0.0001611843549643451,0.0,1.310490946622694e-05,0.00018978166931105027,0.0,-0.0003171716912210462
229,2.2903203999157995,hold,0.4643638206863346,3.701492677440956e-05,4.1338000446558,10.00779983587563,11293.6,0.0,0.15,3.0,0.0004,15.0,0.01,-0.03382535500443962,0.0,0.20694834064039058,-0.03417632102871501,0.0,0.2072524074221454,0.0,0.0,0.0,-0.2410202144015686,0.0,1.259904717878025,0.16559792953836125,0.0,-1.1881407062071818,-0.06665349302590771,0.0,0.561397542567978,0.47281056666289734,-2.252099356677598,-2.0187082348034906,-0.16969437811686022,0.1675259697852067,0.1397994278526213,-0.09415,0.09684000000000001,0.07263,0.00014533821125305727,0.0,-3.4824439999586114e-05,0.0002056278130223381,0.0,-0.00026924234175523316
230,2.300311899976805,hold,0.4643638206863346,3.7980607717060416e-05,4.088299814611673,9.991500061005354,11293.6,0.0,0.15,3.0,0.0004,15.0,0.01,-0.03382535500443962,0.0,0.20694834064039058,-0.03417632102871501,0.0,0.2072524074221454,0.0,0.0,0.0,-0.25126766570480724,0.0,1.2623609498817727,0.17500235793841318,0.0,-1.1931903150652499,-0.07357928767754211,0.0,0.5617092284577474,0.47281056666289734,-2.252099356677598,-2.0187082348034906,-0.17070129192926353,0.1672574346686084,0.14036309340384884,-0.09415,0.09415,0.06725,0.0001333783745019471,0.0,-7.161611452706867e-05,0.00021758764977344825,0.0,-0.0002324506672277506
231,2.310326399980113,hold,0.5715698433332639,0.00014783213243687058,4.1837000753730536,10.014500003308058,11293.6,0.0,0.15,3.0,0.0004,15.0,0.01,-0.033893347296901646,0.0,0.20675580098550606,-0.03417632102871501,0.0,0.2072524074221454,0.0,0.0,0.0,-0.2440689618497647,0.0,1.3144271334322595,0.17895067176658053,0.0,-1.2138762333485873,-0.06363594859749819,0.0,0.586554840649001,0.47281056666289734,-2.2536333374654833,-2.0187082348034906,-0.16768980677070544,0.17124761902401542,0.1419356062616886,-0.09684000000000001,0.08877,0.07532,5.599698971833444e-05,0.0,-0.00029337818720555364,0.00022697674209503128,0.0,-0.0002032282494337927
232,2.320310400100425,hold,0.4643638206863346,3.796459573802249e-05,4.133299924433231,9.984000120311975,11293.6,0.0,0.15,3.0,0.0004,15.0,0.01,-0.03382535500443962,0.0,0.20694834064039058,-0.03417632102871501,0.0,0.2072524074221454,0.0,0.0,0.0,-0.2646256083233563,0.0,1.2880818440822004,0.18914369927790653,0.0,-1.2170378749107222,-0.08080447420785693,0.0,0.5724946347924388,0.47281056666289734,-2.252099356677598,-2.0187082348034906,-0.17127238861956165,0.16828986719950445,0.14199522693308264,-0.09146,0.09146,0.07263,0.00014456268715988985,0.0,-4.48400045571108e-05,0.0002064033371155055,0.0,-0.00025922677719770847
233,2.330322799971327,hold,0.5715698433332639,0.00012948285971661926,4.192400025203824,10.0123998709023,11293.6,0.0,0.15,3.0,0.0004,15.0,0.01,-0.033893347296901646,0.0,0.20675580098550606,-0.03417632102871501,0.0,0.2072524074221454,0.0,0.0,0.0,-0.25821048279046976,0.0,1.3382742669863874,0.1937306184985759,0.0,-1.2362057843223642,-0.07154512690169931,0.0,0.5964125006547139,0.47281056666289734,-2.2536333374654833,-2.0187082348034906,-0.16840207814283,0.17213544571867978,0.14352777720119492,-0.09684000000000001,0.08877,0.07801000000000001,6.505401536378746e-05,0.0,-0.0002718490152906329,0.00021791971644957825,0.0,-0.00022475742134871342
234,2.340327200014144,hold,0.2776832955379397,2.8376116784901754e-05,4.154799971729517,10.004400042816997,11293.6,0.0,0.15,3.0,0.0004,15.0,0.01,-0.03394319192826946,0.0,0.2071015471054738,-0.03417632102871501,0.0,0.2072524074221454,0.0,0.0,0.0,-0.25063129374825777,0.0,1.2729997867814888,0.19600873241335395,0.0,-1.227264948380127,-0.07360990569048444,0.0,0.5655130679954028,0.47281056666289734,-2.252099356677598,-2.017174254015605,-0.17041846974185074,0.1678696707334691,0.1347291439855951,-0.09146,0.09415,0.08339,3.230936724253088e-05,0.0,0.00012680347108151666,0.00020081973320302236,0.0,-0.0002776637877531249
235,2.3503203000873327,hold,0.2776832955379397,8.561492188758544e-06,4.096700111404061,9.993100073188543,11293.6,0.0,0.15,3.0,0.0004,15.0,0.01,-0.03394319192826946,0.0,0.2071015471054738,-0.03417632102871501,0.0,0.2072524074221454,0.0,0.0,0.0,-0.25291376207496336,0.0,1.2640863544807273,0.20051502375146857,0.0,-1.2249459367496454,-0.07589903041646187,0.0,0.5612346882842046,0.47281056666289734,-2.252099356677598,-2.017174254015605,-0.17095291051318667,0.1672302711535305,0.1344772584257389,-0.09146,0.09146,0.07263,6.391050983030653e-05,0.0,3.2889399394335804e-05,0.0001692185906152467,0.0,-0.00018374971606594407
236,2.3600484000053257,hold,0.3811043025868464,8.844494987882198e-05,4.454399924725294,9.72809991799295,11293.6,0.0,0.15,3.0,0.0004,15.0,0.01,-0.034011419097772486,0.0,0.2069088265108281,-0.03417632102871501,0.0,0.2072524074221454,0.0,0.0,0.0,-0.24076029290205186,0.0,1.308829018199953,0.20171940388577841,0.0,-1.2411904533053495,-0.06315672163595011,0.0,0.5830322775180135,0.47281056666289734,-2.2536333374654833,-2.017174254015605,-0.16766397351758713,0.1709667498083704,0.13553540826294225,-0.09953000000000001,0.08877,0.06725,1.7081130055261626e-05,0.0,-0.00023038797475004704,0.00014782080088726485,0.0,-0.00011319293656726235
237,2.3701200000941753,hold,0.3811043025868464,7.483684535348642e-05,4.28309990093112,10.071600088849664,11293.6,0.0,0.15,3.0,0.0004,15.0,0.01,-0.034011419097772486,0.0,0.2069088265108281,-0.03417632102871501,0.0,0.2072524074221454,0.0,0.0,0.0,-0.24197061106516096,0.0,1.32505896333088,0.20574641232773844,0.0,-1.25562283838436,-0.06270614112719661,0.0,0.5904033728727963,0.47281056666289734,-2.2536333374654833,-2.017174254015605,-0.16725839941580242,0.17191306058599243,0.13623651553555644,-0.09684000000000001,0.09953000000000001,0.06994,5.711307665347112e-05,0.0,-0.0002046874068405833,0.00010778885428905535,0.0,-0.00013889350447672609
238,2.380309799918905,hold,0.3811043025868464,6.646568306518428e-05,4.072500159963965,10.189799824729562,11293.6,0.0,0.15,3.0,0.0004,15.0,0.01,-0.034011419097772486,0.0,0.2069088265108281,-0.03417632102871501,0.0,0.2072524074221454,0.0,0.0,0.0,-0.24599828384436012,0.0,1.3394909401552129,0.21165057650077196,0.0,-1.2684500709235096,-0.06435669980948505,0.0,0.5967229866792737,0.47281056666289734,-2.2536333374654833,-2.017174254015605,-0.16721093193474001,0.17263398307457406,0.13699423363702434,-0.09684000000000001,0.09684000000000001,0.07263,8.373585152580852e-05,0.0,-0.00018192231921515002,8.116607941671795e-05,0.0,-0.00016165859210215937
239,2.390328299952671,hold,0.2776832955379397,4.889968328970027e-05,4.126100102439523,10.018500033766031,11293.6,0.0,0.15,3.0,0.0004,15.0,0.01,-0.03394319192826946,0.0,0.2071015471054738,-0.03417632102871501,0.0,0.2072524074221454,0.0,0.0,0.0,-0.2685631808795548,0.0,1.3052576502839823,0.22354510834021613,0.0,-1.2661655223489439,-0.08351977942181231,0.0,0.5789290037874063,0.47281056666289734,-2.252099356677598,-2.017174254015605,-0.1712648115229012,0.16911299610804223,0.1368303466667366,-0.09415,0.09684000000000001,0.07801000000000001,0.00016869428472632736,0.0,3.240062685198636e-05,6.443481571922588e-05,0.0,-0.00018326094352359463
240,2.400324400048703,hold,0.2776832955379397,3.8674206724558596e-05,4.123999970033765,9.996100096032023,11293.6,0.0,0.15,3.0,0.0004,15.0,0.01,-0.03394319192826946,0.0,0.2071015471054738,-0.03417632102871501,0.0,0.2072524074221454,0.0,0.0,0.0,-0.28045241539859805,0.0,1.302988495868745,0.2341808587788821,0.0,-1.2678694685863858,-0.0919576973042709,0.0,0.5769471673840884,0.47281056666289734,-2.252099356677598,-2.017174254015605,-0.1726013131469013,0.1684879691815974,0.13727982906403943,-0.09953000000000001,0.09146,0.06994,0.0001508416083118677,0.0,-2.4166229963265822e-05,8.228749213368554e-05,0.0,-0.00012669408670834244
241,2.4104363000951707,hold,0.2776832955379397,3.6608001225578516e-05,4.033799981698394,10.111900046467781,11293.6,0.0,0.15,3.0,0.0004,15.0,0.01,-0.03394319192826946,0.0,0.2071015471054738,-0.03417632102871501,0.0,0.2072524074221454,0.0,0.0,0.0,-0.2910878740999981,0.0,1.3046933689836822,0.24364998087786066,0.0,-1.2723594274226528,-0.09921097949507231,0.0,0.5768914750246852,0.47281056666289734,-2.252099356677598,-2.017174254015605,-0.17367446750454402,0.16815766966835677,0.13783088845222854,-0.09953000000000001,0.09146,0.07263,0.00013429589335969144,0.0,-6.36788740035099e-05,9.88332070858618e-05,0.0,-8.718144266809836e-05
242,2.4202356000896543,hold,0.3811043025868464,0.0001381435521489683,4.246600205078721,9.79929999448359,11293.6,0.0,0.15,3.0,0.0004,15.0,0.01,-0.034011419097772486,0.0,0.2069088265108281,-0.03417632102871501,0.0,0.2072524074221454,0.0,0.0,0.0,-0.28389643252490704,0.0,1.3562441315371427,0.2472246198020255,0.0,-1.2924007001618965,-0.08936222164983525,0.0,0.601414842762837,0.47281056666289734,-2.2536333374654833,-2.017174254015605,-0.1706810876090435,0.17211383522044948,0.13938533922693758,-0.09684000000000001,0.09146,0.06994,5.069734266187437e-05,0.0,-0.0002842354970660148,0.0001142045882806521,0.0,-5.93454142512946e-05
243,2.430360399885103,hold,0.11555495898679079,2.5738921553418493e-05,4.167800070717931,10.12479979544878,11293.6,0.0,0.15,3.0,0.0004,15.0,0.01,-0.03406079369777659,0.0,0.20725493414980856,-0.03417632102871501,0.0,0.2072524074221454,0.0,0.0,0.0,-0.27541968533947103,0.0,1.2917546333393963,0.24821600182397488,0.0,-1.2836694959868236,-0.09068066858422327,0.0,0.5710456866231723,0.47281056666289734,-2.252099356677598,-2.015640273227719,-0.17257311282941892,0.167937762119437,0.13057386475034072,-0.08877,0.09415,0.07532,1.4060282770330884e-05,0.0,0.00012383036701192954,0.00010146704816808883,0.0,-0.00012130363934877489
244,2.4403194000478834,hold,0.2776832955379397,6.455710053568603e-05,4.1223999578505754,9.959000162780285,11293.6,0.0,0.15,3.0,0.0004,15.0,0.01,-0.03394319192826946,0.0,0.2071015471054738,-0.03417632102871501,0.0,0.2072524074221454,0.0,0.0,0.0,-0.30513230155623644,0.0,1.3205060518219018,0.2595000959574046,0.0,-1.291814465059506,-0.10771862215469441,0.0,0.5830531463466521,0.47281056666289734,-2.252099356677598,-2.017174254015605,-0.17464712187499368,0.1685523607071999,0.13909953479503276,-0.09415,0.09146,0.07801000000000001,0.00016003674750030553,0.0,-0.00011551608338865493,7.30923529452477e-05,0.0,-3.534423328295333e-05
245,2.4500819998793304,hold,0.3168735707104928,0.00021961189755684112,4.354499978944659,9.762599831447005,11293.6,0.0,0.15,3.0,0.0004,15.0,0.01,-0.03435555898313758,0.0,0.20699109799730728,-0.03417632102871501,0.0,0.2072524074221454,0.0,0.0,0.0,-0.21571198686360932,0.0,1.355610275905483,0.239507319114339,0.0,-1.3079118116350725,-0.04291185795474292,0.0,0.6055217837770374,0.47127658587501176,-2.2536333374654833,-2.015640273227719,-0.16239871198173633,0.17524398783934728,0.13008650257753163,-0.09415,0.09146,0.07801000000000001,-0.0002835477036641095,0.0,-0.00022830073543137391,0.00010430974924154198,0.0,-3.3008689406750335e-05
246,2.4603472999297082,hold,0.3168735707104928,9.295832635318264e-05,4.2595998384058475,10.265300050377846,11293.6,0.0,0.15,3.0,0.0004,15.0,0.01,-0.03435555898313758,0.0,0.20699109799730728,-0.03417632102871501,0.0,0.2072524074221454,0.0,0.0,0.0,-0.19575241594958023,0.0,1.371698650048751,0.22892769456413736,0.0,-1.3208325903823586,-0.027784563017214967,0.0,0.6144834284327146,0.47127658587501176,-2.2536333374654833,-2.015640273227719,-0.1597521485944713,0.1770426099883184,0.1298178163897592,-0.09415,0.10222,0.08070000000000001,-0.00015004560248861048,0.0,-0.00018324903899558662,-2.9192351933957035e-05,0.0,-7.806038584253763e-05
247,2.4703607000410557,hold,0.5534437506442644,0.00027959565360419463,4.067299887537956,10.013400111347437,11293.6,0.0,0.15,3.0,0.0004,15.0,0.01,-0.034699824666435605,0.0,0.20707284148322463,-0.03417632102871501,0.0,0.2072524074221454,-0.0018439891336159023,0.0,0.0023936735000807284,-0.06036029831053343,0.0,1.3117618035493959,0.20029491796481336,0.0,-1.325185872480476,0.06055256876932579,0.0,0.5965288444060449,0.46974260508712606,-2.2536333374654833,-2.014106292439834,-0.1463510364405562,0.17928562115431218,0.11506018791335447,-0.08339,0.09953000000000001,0.06725,-0.00040608456333977096,0.0,-6.174045516600457e-05,-0.0001174190743808222,0.0,-0.00011782548375476254
248,2.4803659000899643,hold,0.455605358802367,7.094486086827859e-05,4.151900066062808,10.005200048908591,11293.6,0.0,0.15,3.0,0.0004,15.0,0.01,-0.03463171960022664,0.0,0.2072661327285028,-0.03417632102871501,0.0,0.2072524074221454,-0.0053838687268630316,0.0,0.0012782322693458447,0.029830098781490937,0.0,1.2935807237169767,0.18934013050131562,0.0,-1.315551184409011,0.12084884450098363,0.0,0.5948065253133173,0.46974260508712606,-2.252099356677598,-2.014106292439834,-0.1378693819945192,0.1812836975616796,0.11043035327534195,-0.08339,0.09953000000000001,0.06187,-0.00015536635324774967,0.0,0.000136644033974271,-0.00030003221826387577,0.0,-0.0001229187276168671
249,2.4903235000092536,hold,0.6844741720872851,0.0001481396322176234,4.1408000979572535,9.95759991928935,11293.6,0.0,0.15,3.0,0.0004,15.0,0.01,-0.03485833505556574,0.0,0.2071944267405917,-0.03417632102871501,0.0,0.2072524074221454,-0.0053858231758557255,0.0,0.0012699720170598835,0.0961530462648676,0.0,1.3016494819823152,0.16826076890666283,0.0,-1.3158329847190668,0.16790669434331662,0.0,0.6039824303318242,0.4682086242992405,-2.252099356677598,-2.014106292439834,-0.12932586150418265,0.18498102313827186,0.10761959076886238,-0.07532,0.10222,0.05918,-0.0002989581998431759,0.0,-3.996634956481511e-06,-0.00038305582700754874,0.0,-5.3984046597233874e-05
250,2.5000207000412047,hold,0.7908373871757772,0.00018275952145041491,4.478199873119593,9.69720003195107,11293.6,0.0,0.15,3.0,0.0004,15.0,0.01,-0.03492614353670537,0.0,0.20700103125090782,-0.03417632102871501,0.0,0.2072524074221454,-0.00892205132963261,0.0,0.00014018686977911474,0.21191509971378697,0.0,1.3741177780653315,0.15077432205651664,0.0,-1.331405484226476,0.2547490166508081,0.0,0.6467758373204735,0.4682086242992405,-2.2536333374654833,-2.014106292439834,-0.11419405273127389,0.19450786222673733,0.10506672056625424,-0.07263,0.10222,0.05918,-0.00024800166022576303,0.0,-0.00022085708805217062,-0.0005018208477645923,0.0,-3.051908318540665e-05
251,2.5101040001027286,hold,0.7908373871757772,8.978919934919505e-05,4.4420999474823475,10.083300061523914,11293.6,0.0,0.15,3.0,0.0004,15.0,0.01,-0.03492614353670537,0.0,0.20700103125090782,-0.03417632102871501,0.0,0.2072524074221454,-0.00892205132963261,0.0,0.00014018686977911474,0.2293795927868309,0.0,1.3896702541879293,0.13897604660651272,0.0,-1.3428146162904597,0.26808027137587676,0.0,0.655277971719272,0.4682086242992405,-2.2536333374654833,-2.014106292439834,-0.11178943189688693,0.19615346451120755,0.1048375229270733,-0.06456,0.11029,0.0538,-0.00016732912777974503,0.0,-0.00016181009886403997,-0.0005824933802106103,0.0,-8.95660723735373e-05
252,2.5203074999153614,hold,0.6844741720872851,1.8712122733346848e-05,4.118000157177448,10.2034998126328,11293.6,0.0,0.15,3.0,0.0004,15.0,0.01,-0.03485833505556574,0.0,0.2071944267405917,-0.03417632102871501,0.0,0.2072524074221454,-0.008927657217929147,0.0,0.00014627053437183936,0.22474237955788948,0.0,1.3537190456021337,0.13392059287942984,0.0,-1.3372848101624508,0.2610870754018212,0.0,0.6378475642113615,0.4682086242992405,-2.252099356677598,-2.014106292439834,-0.11394658166312735,0.19326138241014149,0.10378744447332289,-0.06187,0.11298000000000001,0.048420000000000005,-7.16990094245815e-05,0.0,7.842651581680996e-05,-0.0006103150174261432,0.0,-0.00013640719737052534
253,2.530326799955219,hold,0.7908373871757772,9.279708215113183e-05,4.1338000446558,10.019300039857626,11293.6,0.0,0.15,3.0,0.0004,15.0,0.01,-0.03492614353670537,0.0,0.20700103125090782,-0.03417632102871501,0.0,0.2072524074221454,-0.00892205132963261,0.0,0.00014018686977911474,0.24623705398716536,0.0,1.3955636692178028,0.12149864882262532,0.0,-1.3484242245233145,0.28023287399232677,0.0,0.6593029688466492,0.4682086242992405,-2.2536333374654833,-2.014106292439834,-0.10984730752101801,0.19721166598239184,0.10435218794918641,-0.05111,0.10491,0.05918,-0.00017617431235284473,0.0,-0.0001579848255687109,-0.0005736481956375106,0.0,-9.339134566886637e-05
254,2.540319300023839,hold,0.6844741720872851,3.765207048220071e-05,5.081100156530738,9.992500068619847,11293.6,0.0,0.15,3.0,0.0004,15.0,0.01,-0.03485833505556574,0.0,0.2071944267405917,-0.03417632102871501,0.0,0.2072524074221454,-0.0035418340420734227,0.0,-0.0011237014826880442,0.12320248916823918,0.0,1.3873927631924103,0.1124096193169834,0.0,-1.3429155264836528,0.1933258571065017,0.0,0.6453799714704616,0.4682086242992405,-2.252099356677598,-2.014106292439834,-0.12358657748249703,0.19123748757812067,0.10978148372704001,-0.06725,0.10491,0.0538,-0.00012890522737735578,0.0,7.812715019958957e-05,-0.0005531087994733689,0.0,-0.00013610783175330496
255,2.550327399978414,hold,0.7908373871757772,0.00014770039584462532,4.094300093129277,10.0080999545753,11293.6,0.0,0.15,3.0,0.0004,15.0,0.01,-0.03492614353670537,0.0,0.20700103125090782,-0.03417632102871501,0.0,0.2072524074221454,-0.003537196258949298,0.0,-0.001125327585267005,0.14877494990294127,0.0,1.429154897164525,0.09481094220788393,0.0,-1.3544648880046866,0.2152799051284699,0.0,0.6670622267860898,0.4682086242992405,-2.2536333374654833,-2.014106292439834,-0.11905775963980436,0.1953071251941289,0.11011770451958863,-0.06725,0.1076,0.06456,-0.00024959336669343505,0.0,-0.00016379890416330986,-0.0005002291412969203,0.0,-8.757726707426741e-05
256,2.5603294998873025,hold,0.6844741720872851,7.293283630641386e-05,5.4882001131772995,10.00209990888834,11293.6,0.0,0.15,3.0,0.0004,15.0,0.01,-0.03485833505556574,0.0,0.2071944267405917,-0.03417632102871501,0.0,0.2072524074221454,0.0,0.0,0.0,0.07164494477784285,0.0,1.3685964943602449,0.0808396915015752,0.0,-1.3496066308459198,0.15612731483885903,0.0,0.6327554361794401,0.4682086242992405,-2.252099356677598,-2.014106292439834,-0.12975761158161275,0.1880251399575835,0.11138049188567703,-0.06187,0.10491,0.06187,-0.00019814736523023042,0.0,6.890226765352318e-05,-0.00048386666162049424,0.0,-0.00012688294920723856
257,2.5704916000831872,hold,0.6844741720872851,9.231277652003548e-05,4.295600112527609,10.162100195884705,11293.6,0.0,0.15,3.0,0.0004,15.0,0.01,-0.03485833505556574,0.0,0.2071944267405917,-0.03417632102871501,0.0,0.2072524074221454,0.0,0.0,0.0,0.08563646944356872,0.0,1.3637580089730166,0.06428158280982962,0.0,-1.3479430906112257,0.16544892246499854,0.0,0.6316265681565685,0.4682086242992405,-2.252099356677598,-2.014106292439834,-0.12843375896300463,0.18829581309845328,0.11055103395264652,-0.06456,0.10222,0.0538,-0.00023483549751087426,0.0,2.3593171534046464e-05,-0.0004471785293398504,0.0,-8.157385308776185e-05
258,2.580498500028625,hold,0.7908373871757772,0.00024835996521271344,4.12779999896884,10.006899945437908,11293.6,0.0,0.15,3.0,0.0004,15.0,0.01,-0.03492614353670537,0.0,0.20700103125090782,-0.03417632102871501,0.0,0.2072524074221454,0.0,0.0,0.0,0.11875320889536985,0.0,1.40932013989938,0.041137258234706736,0.0,-1.3624144463044392,0.19290454016540248,0.0,0.6556112629080811,0.4682086242992405,-2.2536333374654833,-2.014106292439834,-0.12289343888186707,0.19292056361492768,0.11064360461227847,-0.06725,0.10491,0.05918,-0.0003282445524023892,0.0,-0.0002052401078612774,-0.00042157795558796614,0.0,-4.6136063376299875e-05
259,2.590503199957311,hold,0.7908373871757772,0.0002076842330567584,3.9196000434458256,10.004699928686023,11293.6,0.0,0.15,3.0,0.0004,15.0,0.01,-0.03492614353670537,0.0,0.20700103125090782,-0.03417632102871501,0.0,0.2072524074221454,0.0,0.0,0.0,0.14189241953534765,0.0,1.4237762787474033,0.018713745175956836,0.0,-1.3733797899504152,0.21008509507393866,0.0,0.6640557744653206,0.4682086242992405,-2.2536333374654833,-2.014106292439834,-0.11996302095394229,0.19474327743683006,0.11016179003978227,-0.07263,0.1076,0.0538,-0.00031802163780445545,0.0,-0.00015551606638288304,-0.0004318008701858999,0.0,-9.586010485469423e-05
260,2.6001679999753833,hold,0.7908373871757772,0.00017987848959867686,4.333700053393841,9.664800018072128,11293.6,0.0,0.15,3.0,0.0004,15.0,0.01,-0.03492614353670537,0.0,0.20700103125090782,-0.03417632102871501,0.0,0.2072524074221454,0.0,0.0,0.0,0.16431576906497353,0.0,1.4347408105189927,-0.0029761234965144136,0.0,-1.3816975460040022,0.22649532203098446,0.0,0.6708429259941283,0.4682086242992405,-2.2536333374654833,-2.014106292439834,-0.11722400070783781,0.196323007393084,0.10957409158220233,-0.056490000000000005,0.11029,0.06725,-0.0003076167209353149,0.0,-0.00011796663600788568,-0.00044220578705504043,0.0,-0.0001334095352296916
261,2.6102855999488384,hold,0.7908373871757772,0.00016072273916589665,4.096799995750189,10.117599973455071,11293.6,0.0,0.15,3.0,0.0004,15.0,0.01,-0.03492614353670537,0.0,0.20700103125090782,-0.03417632102871501,0.0,0.2072524074221454,0.0,0.0,0.0,0.18600546276988805,0.0,1.4430579354224096,-0.023974433419057396,0.0,-1.3881193212955025,0.24218910255639434,0.0,0.6763584608502691,0.4682086242992405,-2.2536333374654833,-2.014106292439834,-0.1146503291157324,0.19771077544173443,0.10891481568244685,-0.06187,0.11029,0.05918,-0.00029780868391123357,0.0,-9.107687499565009e-05,-0.00045201382407912175,0.0,-0.00016029929624192718
262,2.6202942999079823,hold,0.6844741720872851,0.0001054553808896418,4.4425001833587885,10.008699959143996,11293.6,0.0,0.15,3.0,0.0004,15.0,0.01,-0.03485833505556574,0.0,0.2071944267405917,-0.03417632102871501,0.0,0.2072524074221454,0.0,0.0,0.0,0.1904455611593945,0.0,1.4022543175804143,-0.0395172622897956,0.0,-1.379471395916322,0.2410904864085841,0.0,0.657421588879107,0.4682086242992405,-2.252099356677598,-2.014106292439834,-0.11605320981408235,0.19489801885419883,0.10730938701437506,-0.06456,0.11029,0.06725,-0.00022043628403078187,0.0,0.00012264926488066494,-0.0004615777428199428,0.0,-0.00018062994643438032
263,2.630349699873477,hold,0.7908373871757772,0.00018629662339080436,4.124500090256333,10.055399965494871,11293.6,0.0,0.15,3.0,0.0004,15.0,0.01,-0.03492614353670537,0.0,0.20700103125090782,-0.03417632102871501,0.0,0.2072524074221454,0.0,0.0,0.0,0.22255182006009003,0.0,1.4408468042561577,-0.06116636037902302,0.0,-1.3889691020654626,0.26735980462852,0.0,0.678211279125042,0.4682086242992405,-2.2536333374654833,-2.014106292439834,-0.11085067898633802,0.19905464892147834,0.10716020233834903,-0.06187,0.11029,0.05111,-0.0003070384918405483,0.0,-0.00013470128685997835,-0.000442784016149807,0.0,-0.00011667488437759892
264,2.6403153999708593,hold,0.6844741720872851,9.653856424801909e-05,4.115100018680096,9.965700097382069,11293.6,0.0,0.15,3.0,0.0004,15.0,0.01,-0.03485833505556574,0.0,0.2071944267405917,-0.03417632102871501,0.0,0.2072524074221454,0.0,0.0,0.0,0.22763763479940818,0.0,1.403104807781182,-0.07704010313160453,0.0,-1.3828339587281866,0.2669357615353006,0.0,0.660704636583782,0.4682086242992405,-2.252099356677598,-2.014106292439834,-0.11208216857078807,0.19645678541030873,0.105649733353893,-0.06725,0.11029,0.0538,-0.00022512947257801428,0.0,8.701171521044443e-05,-0.00045688455427271037,0.0,-0.0001449923967641598
265,2.6503274000715464,hold,0.7908373871757772,0.0002014243247712041,4.143300000578165,10.012000100687146,11293.6,0.0,0.15,3.0,0.0004,15.0,0.01,-0.03492614353670537,0.0,0.20700103125090782,-0.03417632102871501,0.0,0.2072524074221454,0.0,0.0,0.0,0.2600747397315468,0.0,1.4442099661582775,-0.09878525829368308,0.0,-1.3942978673675095,0.2936449982577154,0.0,0.6826970003731943,0.4682086242992405,-2.2536333374654833,-2.014106292439834,-0.1067630882201283,0.20077971038446185,0.10558221574337806,-0.0538,0.1076,0.06456,-0.0003084008219781491,0.0,-0.00016258696804404075,-0.00044142168601220624,0.0,-8.878920319353652e-05
266,2.66031499998644,hold,0.7908373871757772,0.0001699208166708519,9.069399908185005,9.987599914893508,11293.6,0.0,0.15,3.0,0.0004,15.0,0.01,-0.03492614353670537,0.0,0.20700103125090782,-0.03417632102871501,0.0,0.2072524074221454,0.0,0.0,0.0,0.2818146021801905,0.0,1.4556589830231068,-0.11943226294591766,0.0,-1.4034337115487092,0.3096192454962663,0.0,0.6896527155282727,0.4682086242992405,-2.2536333374654833,-2.014106292439834,-0.10408046539118927,0.20236146758814846,0.10504491383500264,-0.06456,0.1076,0.05111,-0.00029282629434809504,0.0,-0.00012956917685552857,-0.0004569962136422603,0.0,-0.0001218069943820487
267,2.670333999907598,hold,0.6844741720872851,8.814834426102963e-05,4.034199984744191,10.018999921157956,11293.6,0.0,0.15,3.0,0.0004,15.0,0.01,-0.03485833505556574,0.0,0.2071944267405917,-0.03417632102871501,0.0,0.2072524074221454,0.0,0.0,0.0,0.2859033068007174,0.0,1.4175693549636952,-0.1343784927380338,0.0,-1.3970262746364681,0.30844695986955983,0.0,0.6718659367398779,0.4682086242992405,-2.252099356677598,-2.014106292439834,-0.1054281959867765,0.1997025447192921,0.10357183601335469,-0.04304,0.11298000000000001,0.06994,-0.0002119750132388713,0.0,9.087352082703644e-05,-0.00047003901361185335,0.0,-0.00014885420238075183
268,2.68033599993214,hold,0.7908373871757772,0.00018837203202439547,4.030199954286218,10.002000024542212,11293.6,0.0,0.15,3.0,0.0004,15.0,0.01,-0.03492614353670537,0.0,0.20700103125090782,-0.03417632102871501,0.0,0.2072524074221454,0.0,0.0,0.0,0.31741290816418427,0.0,1.4584022171281084,-0.1553095339671125,0.0,-1.4082960399019824,0.33452112980996884,0.0,0.6937031730440195,0.4682086242992405,-2.2536333374654833,-2.014106292439834,-0.10021733942394105,0.20397062436671615,0.10353011259266878,-0.06725,0.11029,0.05111,-0.0002968546451746437,0.0,-0.00015983352822639525,-0.00045296786281571165,0.0,-9.154264301118202e-05
269,2.6903538000769913,hold,0.8734491289741263,0.00026990517929498,4.024399910122156,10.017800144851208,11293.6,0.0,0.15,3.0,0.0004,15.0,0.01,-0.03504421533757621,0.0,0.20715405677622983,-0.03417632102871501,0.0,0.2072524074221454,0.0,0.0,0.0,0.3671704515631537,0.0,1.4322900463276076,-0.1837005522397028,0.0,-1.406381459182769,0.3652496931467864,0.0,0.6836301888982078,0.4682086242992405,-2.2536333374654833,-2.0125723116519483,-0.0959631363964196,0.2042734085519406,0.09422362890842713,-0.04573,0.11567000000000001,0.05918,-0.0004026558241043409,0.0,2.7153555040095457e-05,-0.00046523848475685367,0.0,-0.00012550420095566354
270,2.7005521999672055,hold,0.6844741720872851,4.440790086083146e-05,3.855199785903096,10.198399890214205,11293.6,0.0,0.15,3.0,0.0004,15.0,0.01,-0.03485833505556574,0.0,0.2071944267405917,-0.03417632102871501,0.0,0.2072524074221454,0.0,0.0,0.0,0.35016180369831723,0.0,1.420529552200127,-0.19498100521048092,0.0,-1.4039370608198671,0.3532170303326116,0.0,0.678221380641376,0.4682086242992405,-2.252099356677598,-2.014106292439834,-0.0985181005745619,0.2024869434432455,0.10076364785333591,-0.06725,0.11298000000000001,0.048420000000000005,-0.0001599851066843936,0.0,3.4667697643088154e-05,-0.000522028920166331,0.0,-9.264837919680354e-05
271,2.71049110009335,hold,0.805499530200602,0.00019670821730611917,3.9359000511467457,9.93890012614429,11293.6,0.0,0.15,3.0,0.0004,15.0,0.01,-0.034976171979395565,0.0,0.2073476332056749,-0.03417632102871501,0.0,0.2072524074221454,0.0,0.0,0.0,0.3902309283399945,0.0,1.3806777414999265,-0.21683146205398252,0.0,-1.3933218741682518,0.37620938640980844,0.0,0.66111246369256,0.4682086242992405,-2.252099356677598,-2.0125723116519483,-0.09573071513363451,0.2015656532262287,0.09135208694884751,-0.05918,0.11029,0.056490000000000005,-0.0003098942638443715,0.0,0.0001505499622517622,-0.0004899566868361814,0.0,-5.5324178722266574e-05
272,2.7203450000379235,hold,0.7908373871757772,0.00022896723363871455,4.1062000673264265,9.85389994457364,11293.6,0.0,0.15,3.0,0.0004,15.0,0.01,-0.03492614353670537,0.0,0.20700103125090782,-0.03417632102871501,0.0,0.2072524074221454,0.0,0.0,0.0,0.39985589971498126,0.0,1.4547118912817019,-0.2336791899855988,0.0,-1.4133981229328587,0.39140417500773395,0.0,0.6984779320549617,0.4682086242992405,-2.2536333374654833,-2.014106292439834,-0.09160297056957428,0.20708173213308925,0.09962345928395269,-0.048420000000000005,0.11298000000000001,0.0538,-0.00023894302449659,0.0,-0.0002847315448012991,-0.0005108794834937653,0.0,3.3355373563721835e-05
273,2.730366100091487,hold,0.6844741720872851,5.1328149513776834e-05,4.067699890583754,10.021100053563714,11293.6,0.0,0.15,3.0,0.0004,15.0,0.01,-0.03485833505556574,0.0,0.2071944267405917,-0.03417632102871501,0.0,0.2072524074221454,0.0,0.0,0.0,0.4001493344325704,0.0,1.4275363312879252,-0.24602734899997633,0.0,-1.414625892250352,0.38841019776204894,0.0,0.6853210510043192,0.4682086242992405,-2.252099356677598,-2.014106292439834,-0.09298758715298128,0.20494087884923257,0.09876615495344462,-0.05918,0.11298000000000001,0.05111,-0.00017512785544947587,0.0,-1.7412847316665712e-05,-0.0005068861714012488,0.0,-4.056783423704967e-05
274,2.7403196999803185,hold,0.6844741720872851,7.167856559538436e-05,4.1334000416100025,9.953599888831377,11293.6,0.0,0.15,3.0,0.0004,15.0,0.01,-0.03485833505556574,0.0,0.2071944267405917,-0.03417632102871501,0.0,0.2072524074221454,0.0,0.0,0.0,0.4125030985796132,0.0,1.4287787133774819,-0.2604962232560189,0.0,-1.4170107139520693,0.3970696680645786,0.0,0.6868514339787093,0.4682086242992405,-2.252099356677598,-2.014106292439834,-0.09163692045253616,0.2055173915509788,0.09825304781368462,-0.0538,0.11567000000000001,0.056490000000000005,-0.00020520491486046842,0.0,-3.38227512105122e-05,-0.00047680911199025623,0.0,-2.4157930343203185e-05
275,2.750107100000605,hold,0.6844741720872851,8.905135530462054e-05,4.398199962452054,9.78740002028644,11293.6,0.0,0.15,3.0,0.0004,15.0,0.01,-0.03485833505556574,0.0,0.2071944267405917,-0.03417632102871501,0.0,0.2072524074221454,0.0,0.0,0.0,0.4269724700063552,0.0,1.4311637868471399,-0.27654688260591254,0.0,-1.4200978486021183,0.40728443275365345,0.0,0.6890700543480599,0.4682086242992405,-2.252099356677598,-2.014106292439834,-0.09002429578078876,0.2062495509334265,0.09768904457716333,-0.04304,0.11836,0.05111,-0.00022763859351212427,0.0,-4.378330973202929e-05,-0.0004543754333386004,0.0,-1.4197371821686097e-05
276,2.760317400097847,hold,0.7908373871757772,0.0002605145378003121,4.123700084164739,10.210300097241998,11293.6,0.0,0.15,3.0,0.0004,15.0,0.01,-0.03492614353670537,0.0,0.20700103125090782,-0.03417632102871501,0.0,0.2072524074221454,0.0,0.0,0.0,0.4595815530465004,0.0,1.4814760300939411,-0.29855251300938535,0.0,-1.4373401177087843,0.43492215791426836,0.0,0.7154366909259133,0.4682086242992405,-2.2536333374654833,-2.014106292439834,-0.08438821405982147,0.21113984126733118,0.09796126990068019,-0.0538,0.11298000000000001,0.048420000000000005,-0.0003120950139925169,0.0,-0.0002445386075946479,-0.0004377274939978384,0.0,-6.8375636429293565e-06
277,2.7703335999976844,hold,0.7908373871757772,0.000196110482248395,4.099700134247541,10.016199899837375,11293.6,0.0,0.15,3.0,0.0004,15.0,0.01,-0.03492614353670537,0.0,0.20700103125090782,-0.03417632102871501,0.0,0.2072524074221454,0.0,0.0,0.0,0.4815819190471773,0.0,1.4987026103494638,-0.31949741947126337,0.0,-1.4495729563020285,0.45153026975650035,0.0,0.7250623562128311,0.4682086242992405,-2.2536333374654833,-2.014106292439834,-0.08148680508506675,0.21308625912469775,0.09764131930255036,-0.03497,0.11567000000000001,0.056490000000000005,-0.00029705128894013316,0.0,-0.00017349232273410653,-0.00045277121905022217,0.0,-7.788384850347075e-05
278,2.7803215999156237,hold,0.7908373871757772,0.00015859850636860723,4.114799899980426,9.987999917939305,11293.6,0.0,0.15,3.0,0.0004,15.0,0.01,-0.03492614353670537,0.0,0.20700103125090782,-0.03417632102871501,0.0,0.2072524074221454,0.0,0.0,0.0,0.5025265810067863,0.0,1.5109342786872846,-0.3395853267202389,0.0,-1.4580742209998472,0.46701445544933606,0.0,0.7323146070557399,0.4682086242992405,-2.2536333374654833,-2.014106292439834,-0.07886255156325231,0.21468379647722532,0.0971713393730767,-0.0538,0.11836,0.056490000000000005,-0.00028489689134104603,0.0,-0.00012056924869560144,-0.0004649256166493093,0.0,-0.00013080692254197583
279,2.7904290999285877,hold,0.7908373871757772,0.00013727914451521078,3.9755001198500395,10.10750001296401,11293.6,0.0,0.15,3.0,0.0004,15.0,0.01,-0.03492614353670537,0.0,0.20700103125090782,-0.03417632102871501,0.0,0.2072524074221454,0.0,0.0,0.0,0.5226142839356401,0.0,1.519434653859415,-0.3590103777449196,0.0,-1.4639483018840522,0.48161166292178964,0.0,0.7377885127721148,0.4682086242992405,-2.2536333374654833,-2.014106292439834,-0.07645257912229422,0.21601794760105936,0.09659240117034049,-0.048420000000000005,0.12105,0.056490000000000005,-0.0002754959280964905,0.0,-8.33091950621797e-05,-0.0004743265798938648,0.0,-0.00016806697617539757
280,2.8001373999286443,hold,0.7908373871757772,0.00012530050850382456,4.182799952104688,9.708300000056624,11293.6,0.0,0.15,3.0,0.0004,15.0,0.01,-0.03492614353670537,0.0,0.20700103125090782,-0.03417632102871501,0.0,0.2072524074221454,0.0,0.0,0.0,0.5420391769456437,0.0,1.5253081085625824,-0.3779469758768777,0.0,-1.46810844331196,0.4955431611667467,0.0,0.7420057539935091,0.4682086242992405,-2.2536333374654833,-2.014106292439834,-0.07419976989736543,0.21716426030237457,0.0959394670619309,-0.04304,0.11567000000000001,0.048420000000000005,-0.00026856844137632384,0.0,-5.9001236199479504e-05,-0.0004812540666140315,0.0,-0.00019237493503809777
281,2.810346599901095,hold,0.7908373871757772,0.00011863735048072351,4.112499998882413,10.209199972450733,11293.6,0.0,0.15,3.0,0.0004,15.0,0.01,-0.03492614353670537,0.0,0.20700103125090782,-0.03417632102871501,0.0,0.2072524074221454,0.0,0.0,0.0,0.560975658647231,0.0,1.5294678415352827,-0.3965444126322181,0.0,-1.471278206327279,0.509001526306308,0.0,0.7453987921687251,0.4682086242992405,-2.2536333374654833,-2.014106292439834,-0.07205542496384432,0.21818576555012048,0.09524081514395825,-0.048420000000000005,0.11836,0.05111,-0.0002637582826741896,0.0,-4.495518712623698e-05,-0.0004860642253161657,0.0,-0.0002064209841113403
282,2.8203034000471234,hold,0.6844741720872851,0.00010200859568166212,4.123999970033765,9.9568001460284,11293.6,0.0,0.15,3.0,0.0004,15.0,0.01,-0.03485833505556574,0.0,0.2071944267405917,-0.03417632102871501,0.0,0.2072524074221454,0.0,0.0,0.0,0.5630149679377916,0.0,1.4854124273688376,-0.41008552852551844,0.0,-1.4602028297012135,0.505800377734897,0.0,0.7245135929391855,0.4682086242992405,-2.252099356677598,-2.014106292439834,-0.07381321455413425,0.21508121578034176,0.09365156557727,-0.03228,0.12374,0.0538,-0.00019204697510174097,0.0,0.00015707660992701165,-0.0004899670517489837,0.0,-0.00021505729148072703
283,2.8302609000820667,hold,0.805499530200602,0.00028177658530544264,4.3828000780195,9.957500034943223,11293.6,0.0,0.15,3.0,0.0004,15.0,0.01,-0.034976171979395565,0.0,0.2073476332056749,-0.03417632102871501,0.0,0.2072524074221454,0.0,0.0,0.0,0.6053359759968555,0.0,1.4369414718367828,-0.43370608925485404,0.0,-1.4432499872626106,0.5295371815515014,0.0,0.7033293704925374,0.4682086242992405,-2.252099356677598,-2.0125723116519483,-0.07107837484075652,0.2137077179757199,0.08380444509009552,-0.03766,0.11836,0.048420000000000005,-0.00033499877513937156,0.0,0.00024043381175999995,-0.00046485217554118134,0.0,-0.00014520802823050433
284,2.840343700023368,hold,0.6844741720872851,6.043384930303117e-05,6.6374000161886215,10.082799941301346,11293.6,0.0,0.15,3.0,0.0004,15.0,0.01,-0.03485833505556574,0.0,0.2071944267405917,-0.03417632102871501,0.0,0.2072524074221454,0.0,0.0,0.0,0.600172902279596,0.0,1.4574135524626384,-0.44703716490957357,0.0,-1.4451431248163131,0.529377700565629,0.0,0.7145732870576936,0.4682086242992405,-2.252099356677598,-2.014106292439834,-0.07079676155821105,0.21487283406611735,0.09084640032985658,-0.048420000000000005,0.12105,0.04573,-0.00018906807788330346,0.0,-2.6849437188552355e-05,-0.0004929459489674212,0.0,-3.113124436516303e-05
285,2.85013630008325,hold,0.7908373871757772,0.0002325762009654682,5.594100104644895,9.792600059881806,11293.6,0.0,0.15,3.0,0.0004,15.0,0.01,-0.03492614353670537,0.0,0.20700103125090782,-0.03417632102871501,0.0,0.2072524074221454,0.0,0.0,0.0,0.630071201586632,0.0,1.5065210031603846,-0.4669501461440404,0.0,-1.4624982906539585,0.5551178462250734,0.0,0.7402957481422464,0.4682086242992405,-2.2536333374654833,-2.014106292439834,-0.0654926863944527,0.21957630809100803,0.0911789114591674,-0.040350000000000004,0.11836,0.04304,-0.0002824160018620911,0.0,-0.0002461397663067002,-0.0004674065061282642,0.0,-5.2364049308770665e-06
286,2.8601496999617666,hold,0.6844741720872851,7.09066187140428e-05,5.073999986052513,10.013399878516793,11293.6,0.0,0.15,3.0,0.0004,15.0,0.01,-0.03485833505556574,0.0,0.2071944267405917,-0.03417632102871501,0.0,0.2072524074221454,0.0,0.0,0.0,0.6334210066832892,0.0,1.4766358694088166,-0.4815227827188929,0.0,-1.4618998598731674,0.5539184804109315,0.0,0.7259687129959703,0.4682086242992405,-2.252099356677598,-2.014106292439834,-0.06663825446018487,0.21739629706921176,0.09009680130270656,-0.040350000000000004,0.12105,0.0538,-0.00020667652470518304,0.0,8.487248921305851e-06,-0.0004753375021455416,0.0,-6.646793047502124e-05
287,2.870161100057885,hold,0.6844741720872851,8.569228226558229e-05,4.952299874275923,10.01140009611845,11293.6,0.0,0.15,3.0,0.0004,15.0,0.01,-0.03485833505556574,0.0,0.2071944267405917,-0.03417632102871501,0.0,0.2072524074221454,0.0,0.0,0.0,0.6479990625424462,0.0,1.4760522457444316,-0.4975054043610595,0.0,-1.4631776126818496,0.5639776331018318,0.0,0.7268353338271463,0.4682086242992405,-2.252099356677598,-2.014106292439834,-0.06511196526068103,0.21795115622617822,0.08940981235718615,-0.03497,0.11836,0.048420000000000005,-0.00022667364822513296,0.0,-1.8121738545683917e-05,-0.0004553403786255917,0.0,-3.985894300803147e-05
288,2.8803268999326974,hold,0.7908373871757772,0.00024777909635511605,4.408099921420217,10.165799874812365,11293.6,0.0,0.15,3.0,0.0004,15.0,0.01,-0.03492614353670537,0.0,0.20700103125090782,-0.03417632102871501,0.0,0.2072524074221454,0.0,0.0,0.0,0.6805400585150609,0.0,1.5245553630044877,-0.5193338068972146,0.0,-1.4795134056465307,0.5915316383517425,0.0,0.7525250109765397,0.4682086242992405,-2.2536333374654833,-2.014106292439834,-0.0595477423608016,0.22272464083339522,0.0895925594510662,-0.04304,0.12105,0.048420000000000005,-0.0003095814784692802,0.0,-0.00023168250308731875,-0.0004402410295210751,0.0,-1.9693668150258525e-05
289,2.890312100062147,hold,0.6844741720872851,8.502969654869869e-05,4.228899953886867,9.985200129449368,11293.6,0.0,0.15,3.0,0.0004,15.0,0.01,-0.03485833505556574,0.0,0.2071944267405917,-0.03417632102871501,0.0,0.2072524074221454,0.0,0.0,0.0,0.6858051240103289,0.0,1.4936507411667228,-0.5352018178078564,0.0,-1.4776981041878603,0.5915513680988826,0.0,0.7378411955618029,0.4682086242992405,-2.252099356677598,-2.014106292439834,-0.06052376192016219,0.2205598812118606,0.08838811150922951,-0.03228,0.12643000000000001,0.04304,-0.00022504818068782082,0.0,2.5745526202009718e-05,-0.00045696584616290384,0.0,-8.37262077557251e-05
290,2.9003276000730693,hold,0.6844741720872851,9.382994079145869e-05,4.102699924260378,10.015500010922551,11293.6,0.0,0.15,3.0,0.0004,15.0,0.01,-0.03485833505556574,0.0,0.2071944267405917,-0.03417632102871501,0.0,0.2072524074221454,0.0,0.0,0.0,0.7016784063575131,0.0,1.49185019981229,-0.5519794704949155,0.0,-1.4777119853548037,0.6024136189465984,0.0,0.7382509037998589,0.4682086242992405,-2.252099356677598,-2.014106292439834,-0.05890026976215573,0.22109272896346557,0.08759376162195365,-0.03228,0.12374,0.04304,-0.00023794918182861704,0.0,-1.968697516046365e-07,-0.0004440648450221076,0.0,-5.778381180211075e-05
291,2.910308999940753,hold,0.8734491289741263,0.0003193201166941246,4.0161998476833105,9.981399867683649,11293.6,0.0,0.15,3.0,0.0004,15.0,0.01,-0.03504421533757621,0.0,0.20715405677622983,-0.03417632102871501,0.0,0.2072524074221454,0.0,0.0,0.0,0.7638460819116711,0.0,1.5017223713111516,-0.582643229875191,0.0,-1.4819184340649314,0.6455522423117351,0.0,0.7460706648240545,0.4682086242992405,-2.2536333374654833,-2.0125723116519483,-0.051637864691772256,0.2245613854818289,0.07890252303489496,-0.0269,0.12374,0.05111,-0.00043488899147101925,0.0,-5.965798956793114e-05,-0.0004330053173901753,0.0,-3.869265634763694e-05
292,2.920327000087127,hold,0.5968717856973068,8.293210928533382e-05,3.9907998871058226,10.018000146374106,11293.6,0.0,0.15,3.0,0.0004,15.0,0.01,-0.034749321369733785,0.0,0.20741951977283757,-0.03417632102871501,0.0,0.2072524074221454,0.0,0.0,0.0,0.7224851337748581,0.0,1.4411028474849576,-0.5877379732392048,0.0,-1.466990610448917,0.6106591723615534,0.0,0.713615853923185,0.46974260508712606,-2.252099356677598,-2.0125723116519483,-0.059704391581707886,0.21832383543930695,0.07885017306428777,-0.0269,0.12105,0.040350000000000004,-7.225623498744371e-05,0.0,0.0002117139675118155,-0.0005007441060313291,0.0,-4.4601616819648705e-05
293,2.9303458998911083,hold,0.5534437506442644,0.00010391018951759464,3.9925999008119106,10.018899803981185,11293.6,0.0,0.15,3.0,0.0004,15.0,0.01,-0.034699824666435605,0.0,0.20707284148322463,-0.03417632102871501,0.0,0.2072524074221454,0.0,0.0,0.0,0.7155163504967383,0.0,1.510851462058906,-0.5937785705669125,0.0,-1.4835810219108811,0.6143388553912026,0.0,0.7483633870639778,0.46974260508712606,-2.2536333374654833,-2.014106292439834,-0.057488833156837976,0.2229170066666667,0.0876685365162693,-0.024210000000000002,0.11836,0.03766,-8.567081573889206e-05,0.0,-0.00023529363178553727,-0.0004378328219817011,0.0,5.572769286477016e-05
294,2.9403778999112546,hold,0.5534437506442644,8.739717299256814e-05,4.29840013384819,10.03200002014637,11293.6,0.0,0.15,3.0,0.0004,15.0,0.01,-0.034699824666435605,0.0,0.20707284148322463,-0.03417632102871501,0.0,0.2072524074221454,0.0,0.0,0.0,0.7215620157037989,0.0,1.5274151816734929,-0.6044205399334291,0.0,-1.4957851198693468,0.6198261892991337,0.0,0.7564273771587893,0.46974260508712606,-2.2536333374654833,-2.014106292439834,-0.0563024647760243,0.22417648871636148,0.08805150814918045,-0.040350000000000004,0.12374,0.04304,-0.00015092980830155227,0.0,-0.00017308470847135078,-0.0003725738294190409,0.0,-6.481230449416326e-06
295,2.9504714000504464,hold,0.455605358802367,3.542919136905141e-05,4.039400024339557,10.093500139191747,11293.6,0.0,0.15,3.0,0.0004,15.0,0.01,-0.03463171960022664,0.0,0.2072661327285028,-0.03417632102871501,0.0,0.2072524074221454,0.0,0.0,0.0,0.715574606539043,0.0,1.492418790913605,-0.6134190818715208,0.0,-1.490753836027666,0.611721938223307,0.0,0.7389790651018197,0.46974260508712606,-2.252099356677598,-2.014106292439834,-0.058599827333684434,0.22130768936195327,0.08719714104126361,-0.03766,0.12374,0.05111,-0.00012762188678938164,0.0,7.135621984825826e-05,-0.0003277766847222438,0.0,-5.7630913490854386e-05
296,2.9600490999873728,hold,0.455605358802367,5.734025903673903e-05,4.533400060608983,9.577699936926365,11293.6,0.0,0.15,3.0,0.0004,15.0,0.01,-0.03463171960022664,0.0,0.2072661327285028,-0.03417632102871501,0.0,0.2072524074221454,0.0,0.0,0.0,0.7245794697559585,0.0,1.4874024512180282,-0.6262934883561385,0.0,-1.4882497524070475,0.617577235757879,0.0,0.7373787101062949,0.46974260508712606,-2.252099356677598,-2.014106292439834,-0.057809239966512216,0.22136661608257308,0.08658786913799643,-0.03497,0.11836,0.04573,-0.00018259136404145108,0.0,3.551418424677494e-05,-0.00027280720747017436,0.0,-2.1788877889371064e-05
297,2.9702339998912066,hold,0.5534437506442644,0.00019335499697056423,4.102899925783277,10.184899903833866,11293.6,0.0,0.15,3.0,0.0004,15.0,0.01,-0.034699824666435605,0.0,0.20707284148322463,-0.03417632102871501,0.0,0.2072524074221454,0.0,0.0,0.0,0.7540852608558143,0.0,1.5320984320466713,-0.6464937381460651,0.0,-1.5013651974752205,0.6427538829236906,0.0,0.7611134279204165,0.46974260508712606,-2.2536333374654833,-2.014106292439834,-0.05270012212995984,0.22578283861796686,0.08675624229530789,-0.03228,0.11836,0.04573,-0.0002864901902489722,0.0,-0.00018600989551399326,-0.00023701344747162096,0.0,6.443956593226146e-06
298,2.9804831000510603,hold,0.5968717856973068,0.00026094136232085674,4.028599942103028,10.249100159853697,11293.6,0.0,0.15,3.0,0.0004,15.0,0.01,-0.034749321369733785,0.0,0.20741951977283757,-0.03417632102871501,0.0,0.2072524074221454,0.0,0.0,0.0,0.786367065977563,0.0,1.460543720024747,-0.6697886533925627,0.0,-1.4858677457291731,0.6564119271119324,0.0,0.7273745649023925,0.46974260508712606,-2.252099356677598,-2.0125723116519483,-0.05229345566968571,0.22210142072262318,0.07672265450736082,-0.0269,0.12643000000000001,0.04573,-0.0003303803056995269,0.0,0.00021979272262828345,-0.00024262003531924593,0.0,-5.268037193611666e-05
299,2.990142500028014,hold,0.5968717856973068,0.0001787779309334627,4.32029995135963,9.659399976953864,11293.6,0.0,0.15,3.0,0.0004,15.0,0.01,-0.034749321369733785,0.0,0.20741951977283757,-0.03417632102871501,0.0,0.2072524074221454,0.0,0.0,0.0,0.8096578482528051,0.0,1.4450736436560014,-0.6910247319115642,0.0,-1.476628548689647,0.671371250199598,0.0,0.7220835820375906,0.46974260508712606,-2.252099356677598,-2.0125723116519483,-0.050328029640946986,0.222102179854457,0.0750475827342912,-0.02959,0.12374,0.04573,-0.00030118083876788426,0.0,0.00013103497952394292,-0.0002718195022508886,0.0,3.607737116822387e-05
300,3.000402099918574,hold,0.5534437506442644,0.00021720203579581504,3.9386998396366835,10.259599890559912,11293.6,0.0,0.15,3.0,0.0004,15.0,0.01,-0.034699824666435605,0.0,0.20707284148322463,-0.03417632102871501,0.0,0.2072524074221454,0.0,0.0,0.0,0.818806919620343,0.0,1.5204907231608833,-0.7068851917127684,0.0,-1.4966298467045718,0.6867462086114576,0.0,0.7608467022299729,0.46974260508712606,-2.2536333374654833,-2.014106292439834,-0.04622050566751679,0.2276981220768869,0.0833468588224005,-0.02152,0.12105,0.03497,-0.0002249410870230463,0.0,-0.0002836685552462662,-0.00029856255069754685,0.0,0.00010410261632549911
301,3.010483799967915,hold,0.5534437506442644,0.00014518555390728225,3.803999861702323,10.081700049340725,11293.6,0.0,0.15,3.0,0.0004,15.0,0.01,-0.034699824666435605,0.0,0.20707284148322463,-0.03417632102871501,0.0,0.2072524074221454,0.0,0.0,0.0,0.8346709767819545,0.0,1.5404648192341712,-0.7224794933455436,0.0,-1.5104997572416976,0.6993110445919233,0.0,0.7712404727087327,0.46974260508712606,-2.2536333374654833,-2.014106292439834,-0.04388088985969471,0.22956479045136796,0.08341816045710734,-0.02152,0.12643000000000001,0.040350000000000004,-0.00022116629685448285,0.0,-0.00019671010754029997,-0.0003023373408661103,0.0,1.7144168619532857e-05
302,3.0203191998880357,hold,0.455605358802367,4.3101735402752704e-05,4.039400024339557,9.835399920120835,11293.6,0.0,0.15,3.0,0.0004,15.0,0.01,-0.03463171960022664,0.0,0.2072661327285028,-0.03417632102871501,0.0,0.2072524074221454,0.0,0.0,0.0,0.8336347395008973,0.0,1.50713382501841,-0.7328622862037785,0.0,-1.505862644058774,0.6947210366622033,0.0,0.7548606852233534,0.46974260508712606,-2.252099356677598,-2.014106292439834,-0.04559478428175709,0.22700131396259657,0.08241481146185739,-0.02152,0.13181,0.04304,-0.00014725403557904176,0.0,6.576589160022698e-05,-0.0003081445359325837,0.0,-5.20405852428231e-05
303,3.030342899961397,hold,0.7908373871757772,0.00044355459357745734,4.043699940666556,10.023700073361397,11293.6,0.0,0.15,3.0,0.0004,15.0,0.01,-0.03492614353670537,0.0,0.20700103125090782,-0.03417632102871501,0.0,0.2072524074221454,0.0,0.0,0.0,0.9159179222818327,0.0,1.5672460667832604,-0.7656734075603165,0.0,-1.5218029732918512,0.7581101631478663,0.0,0.7905662117821358,0.4682086242992405,-2.2536333374654833,-2.014106292439834,-0.03319211131916172,0.23486931654629686,0.08055076098172156,-0.0269,0.12374,0.040350000000000004,-0.00046534396839014873,0.0,-0.0002260738358241941,-0.0002844785396002066,0.0,-2.530233541338318e-05
304,3.0403225000482053,hold,0.455605358802367,3.33338773024675e-05,3.9407999720424414,9.979600086808205,11293.6,0.0,0.15,3.0,0.0004,15.0,0.01,-0.03463171960022664,0.0,0.2072661327285028,-0.03417632102871501,0.0,0.2072524074221454,0.0,0.0,0.0,0.8768104409769928,0.0,1.5184304322966276,-0.7706068900280629,0.0,-1.5131045606408073,0.725532616433341,0.0,0.7633780639123658,0.46974260508712606,-2.252099356677598,-2.014106292439834,-0.04064469628117742,0.22944520484510716,0.08090147214375579,-0.02152,0.12912,0.03766,-6.996915114779672e-05,0.0,0.00012336530098278086,-0.0003854294203638287,0.0,-0.00010963999462537699
305,3.050333800027147,hold,0.455605358802367,3.0613174630255365e-05,5.313799949362874,10.011299978941679,11293.6,0.0,0.15,3.0,0.0004,15.0,0.01,-0.03463171960022664,0.0,0.2072661327285028,-0.03417632102871501,0.0,0.2072524074221454,0.0,0.0,0.0,0.8817663358932143,0.0,1.5097523103138486,-0.7782640684161287,0.0,-1.5073419967128232,0.7282969281305338,0.0,0.759786986050313,0.46974260508712606,-2.252099356677598,-2.014106292439834,-0.04040368276801762,0.22911582472099587,0.08033046506221714,-0.01614,0.12643000000000001,0.04304,-0.00010859798843978894,0.0,8.172760501572133e-05,-0.0003468005830718365,0.0,-6.800229865831745e-05
306,3.060321500059217,hold,0.5968717856973068,0.00017836772339573597,4.286499926820397,9.98770003207028,11293.6,0.0,0.15,3.0,0.0004,15.0,0.01,-0.034749321369733785,0.0,0.20741951977283757,-0.03417632102871501,0.0,0.2072524074221454,0.0,0.0,0.0,0.9181411187070627,0.0,1.4665350717511485,-0.7963757194421104,0.0,-1.49295202564613,0.7481860895033423,0.0,0.7401696888567036,0.46974260508712606,-2.252099356677598,-2.0125723116519483,-0.038120102280010865,0.2278122540118789,0.07097405258625786,-0.01883,0.12643000000000001,0.04304,-0.0002568686230179196,0.0,0.00020408586980097474,-0.00031613171800085326,0.0,-3.6973519108807955e-05
307,3.070286799920723,hold,0.5534437506442644,0.00014291681538366284,4.1195000521838665,9.965299861505628,11293.6,0.0,0.15,3.0,0.0004,15.0,0.01,-0.034699824666435605,0.0,0.20707284148322463,-0.03417632102871501,0.0,0.2072524074221454,0.0,0.0,0.0,0.9241571475236509,0.0,1.5368129912420663,-0.8093299936570363,0.0,-1.509105577135369,0.7611042137097845,0.0,0.7765539761803905,0.46974260508712606,-2.2536333374654833,-2.014106292439834,-0.03451375662771558,0.23297200203722984,0.07919699023126832,-0.01883,0.12912,0.03497,-0.0001837240887101407,0.0,-0.00022909786203022242,-0.00033977954901045246,0.0,4.9531923109455314e-05
308,3.080427600070834,hold,0.455605358802367,2.4593587312922172e-05,5.171699915081263,10.140800150111318,11293.6,0.0,0.15,3.0,0.0004,15.0,0.01,-0.03463171960022664,0.0,0.2072661327285028,-0.03417632102871501,0.0,0.2072524074221454,0.0,0.0,0.0,0.9204846164966036,0.0,1.505740146508184,-0.8175025106536165,0.0,-1.50646157867104,0.7548324542295061,0.0,0.7609473627221957,0.46974260508712606,-2.252099356677598,-2.014106292439834,-0.03642852033710983,0.230442677949593,0.07841006032387332,-0.01614,0.12912,0.04304,-0.00011590678202062597,0.0,3.749852754005802e-05,-0.00033949178949099946,0.0,-2.3773221182654146e-05
309,3.090275499969721,hold,0.5534437506442644,0.0001257639960823841,4.240799928084016,9.84789989888668,11293.6,0.0,0.15,3.0,0.0004,15.0,0.01,-0.034699824666435605,0.0,0.20707284148322463,-0.03417632102871501,0.0,0.2072524074221454,0.0,0.0,0.0,0.9452931698911848,0.0,1.5503102486945333,-0.8323882093537102,0.0,-1.5189398783331407,0.7768205874285156,0.0,0.7843907563160047,0.46974260508712606,-2.2536333374654833,-2.014106292439834,-0.03182847044158843,0.23465600261104336,0.07877072758684524,-0.02152,0.13181,0.040350000000000004,-0.00021111653058396274,0.0,-0.00017697357613674723,-0.0003123871071366304,0.0,-2.5923627840198846e-06
310,3.100308299995959,hold,0.3161324614721575,4.483607531322562e-06,4.1600000113248825,10.032800026237965,11293.6,0.0,0.15,3.0,0.0004,15.0,0.01,-0.03447339590696735,0.0,0.20714430446239035,-0.03417632102871501,0.0,0.2072524074221454,0.0,0.0,0.0,0.9048824637569279,0.0,1.5453226436530083,-0.8306360714160643,0.0,-1.5221618086926347,0.7480551925697746,0.0,0.7782529543104415,0.47127658587501176,-2.2536333374654833,-2.014106292439834,-0.03746705540066281,0.23234254819990874,0.08064193556454821,-0.01883,0.12643000000000001,0.040350000000000004,2.484970910354397e-05,0.0,-4.56950508661883e-05,-0.0003219245873558842,0.0,-6.240790888886372e-05
311,3.1101293999236077,hold,0.455605358802367,9.071195398572967e-05,4.516399931162596,9.821099927648902,11293.6,0.0,0.15,3.0,0.0004,15.0,0.01,-0.03463171960022664,0.0,0.2072661327285028,-0.03417632102871501,0.0,0.2072524074221454,0.0,0.0,0.0,0.941809501560378,0.0,1.5188003823959664,-0.845752108334951,0.0,-1.5155556532430525,0.7706298369369681,0.0,0.7685805653353518,0.46974260508712606,-2.252099356677598,-2.014106292439834,-0.03373825282336207,0.2321071419564414,0.0779605679582258,-0.00807,0.13719,0.04573,-0.00021438330405507602,0.0,9.369184793491448e-05,-0.00024101526745654942,0.0,-7.996654157751061e-05
312,3.1203203999903053,hold,0.24398921017765451,2.8731917054879073e-05,4.0929000824689865,10.191000066697598,11293.6,0.0,0.15,3.0,0.0004,15.0,0.01,-0.03440499441594684,0.0,0.20733749100842994,-0.03417632102871501,0.0,0.2072524074221454,0.0,0.0,0.0,0.901550258343572,0.0,1.4947790175453521,-0.8444463250323083,0.0,-1.5063637719812446,0.7405286309253012,0.0,0.7537806438991214,0.47127658587501176,-2.252099356677598,-2.014106292439834,-0.039978821721243424,0.22863759290567626,0.07905934351510102,-0.01345,0.12643000000000001,0.03766,1.8519281231094934e-05,0.0,0.00013036392316071957,-0.00024719266846292355,0.0,-4.528033687618507e-05
313,3.1302879001013935,hold,0.07964610943638345,2.0055746073444432e-05,4.179999930784106,9.967500111088157,11293.6,0.0,0.15,3.0,0.0004,15.0,0.01,-0.03424685779110939,0.0,0.20721542002024596,-0.03417632102871501,0.0,0.2072524074221454,0.0,0.0,0.0,0.8616477940115815,0.0,1.5154018617895626,-0.8374384458674183,0.0,-1.5096889588678173,0.7153828099145878,0.0,0.7605132120909756,0.47281056666289734,-2.2536333374654833,-2.014106292439834,-0.044220541789931456,0.22838294027777978,0.08164116802277567,-0.01883,0.12912,0.040350000000000004,9.93892974626643e-05,0.0,-4.715948731597468e-05,-0.00016992605985704408,0.0,1.017208541652819e-05
314,3.140343999955803,hold,0.07964610943638345,3.0186521820631852e-06,4.1196998208761215,10.056099854409695,11293.6,0.0,0.15,3.0,0.0004,15.0,0.01,-0.03424685779110939,0.0,0.20721542002024596,-0.03417632102871501,0.0,0.2072524074221454,0.0,0.0,0.0,0.8546541149815303,0.0,1.518717991083057,-0.8384055108348321,0.0,-1.5125386504116498,0.7107843545917427,0.0,0.7614905444453035,0.47281056666289734,-2.2536333374654833,-2.014106292439834,-0.04485460599902227,0.22830049703445898,0.08209113691245243,-0.03228,0.12643000000000001,0.03766,-1.3715405966693632e-05,0.0,-4.0415771143117134e-05,-5.682135642768615e-05,0.0,3.4283692436706413e-06
315,3.1502688000909984,hold,0.1561048229910114,4.4239459881884054e-05,4.135200055316091,9.924800135195255,11293.6,0.0,0.15,3.0,0.0004,15.0,0.01,-0.034178160036232655,0.0,0.20740850141246023,-0.03417632102871501,0.0,0.2072524074221454,0.0035469677288197388,0.0,0.0011073903251192588,0.7604659771776915,0.0,1.4499479202851857,-0.8395343720760564,0.0,-1.5010737451811773,0.6388703721063721,0.0,0.7217663943903996,0.47281056666289734,-2.252099356677598,-2.014106292439834,-0.057682370738979305,0.2198010576021857,0.0838866149069003,-0.0269,0.13181,0.040350000000000004,-1.6010082802259838e-05,0.0,0.00016260110220530142,1.4171075284617072e-05,0.0,-6.507111890475235e-06
316,3.160294200060889,hold,0.33189650245750135,0.00017115240735247124,4.6640001237392426,10.025399969890714,11293.6,0.0,0.15,3.0,0.0004,15.0,0.01,-0.034295290667463466,0.0,0.20756224853207045,-0.03417632102871501,0.0,0.2072524074221454,0.003550654711413912,0.0,0.0011101992140047656,0.7901366034421512,0.0,1.4008978179162956,-0.8533463591262987,0.0,-1.483110275700552,0.6538234412628737,0.0,0.6991823842312754,0.47281056666289734,-2.252099356677598,-2.0125723116519483,-0.05627804210789503,0.21787014301037766,0.07457013223739922,-0.03766,0.12374,0.04573,-0.00019588860726432869,0.0,0.0002547670371681379,7.691896851587523e-05,0.0,5.5074072756908525e-05
317,3.17093940009363,hold,0.33189650245750135,9.30120972757047e-05,6.099099991843104,10.645200032740831,11293.6,0.0,0.15,3.0,0.0004,15.0,0.01,-0.034295290667463466,0.0,0.20756224853207045,-0.03417632102871501,0.0,0.2072524074221454,0.003550654711413912,0.0,0.0011101992140047656,0.8039400501687957,0.0,1.382947934166007,-0.8660060536362804,0.0,-1.472212182897632,0.6620384136457829,0.0,0.6920325580805012,0.47281056666289734,-2.252099356677598,-2.0125723116519483,-0.05534449249546905,0.2173716912053168,0.07322099339989252,-0.03228,0.12374,0.03766,-0.0001795462098922722,0.0,0.00015456228080983758,6.057657114381875e-05,0.0,0.00015527882911520885
318,3.1804102000314742,hold,0.1561048229910114,9.479041363979013e-06,4.092799965292215,9.470799937844276,11293.6,0.0,0.15,3.0,0.0004,15.0,0.01,-0.034178160036232655,0.0,0.20740850141246023,-0.03417632102871501,0.0,0.2072524074221454,0.0035469677288197388,0.0,0.0011073903251192588,0.7880790148925275,0.0,1.4096568459688905,-0.8683211652809562,0.0,-1.4770160752949097,0.6549388594700665,0.0,0.7054491671511832,0.47281056666289734,-2.252099356677598,-2.014106292439834,-0.055967130176210106,0.2185099546306261,0.08099087798536722,-0.02959,0.12105,0.03228,-3.2834087817147994e-05,0.0,-6.813123902646122e-05,3.099508029950523e-05,0.0,0.0002242252293412874
319,3.1904428999405354,hold,0.1561048229910114,7.333790041333062e-06,4.167299950495362,10.032699909061193,11293.6,0.0,0.15,3.0,0.0004,15.0,0.01,-0.034178160036232655,0.0,0.20740850141246023,-0.03417632102871501,0.0,0.2072524074221454,0.0035469677288197388,0.0,0.0011073903251192588,0.7904031907112461,0.0,1.4144493147754815,-0.8713288234677566,0.0,-1.4806154311199666,0.6569191052641451,0.0,0.7078202733129719,0.47281056666289734,-2.252099356677598,-2.014106292439834,-0.05561300748067757,0.21886501760304095,0.08108252408505931,-0.03766,0.12374,0.04304,-4.265613421127346e-05,0.0,-5.1047890289382554e-05,4.08171266936307e-05,0.0,0.00020714188060420874
320,3.2002270999364555,hold,0.1561048229910114,3.934071345097341e-06,4.287299932911992,9.784199995920062,11293.6,0.0,0.15,3.0,0.0004,15.0,0.01,-0.034178160036232655,0.0,0.20740850141246023,-0.03417632102871501,0.0,0.2072524074221454,0.0035469677288197388,0.0,0.0011073903251192588,0.7934109991599901,0.0,1.41804840223586,-0.8740387466498067,0.0,-1.4827269543575086,0.6592821431836482,0.0,0.7096977822245669,0.47281056666289734,-2.252099356677598,-2.014106292439834,-0.05517679417623361,0.21920732850726052,0.08108997537426012,-0.03228,0.12105,0.048420000000000005,-3.843350533084975e-05,0.0,-2.9946693745349756e-05,3.6594497813206987e-05,0.0,0.00018604068406017594
321,3.2102010999806225,hold,0.1561048229910114,1.5345299088391091e-06,4.346800036728382,9.974000044167042,11293.6,0.0,0.15,3.0,0.0004,15.0,0.01,-0.034178160036232655,0.0,0.20740850141246023,-0.03417632102871501,0.0,0.2072524074221454,0.0,0.0,0.0,0.8745027381814723,0.0,1.444630992374928,-0.876091365928029,0.0,-1.4833517293771659,0.7175864200682708,0.0,0.7280812775584505,0.47281056666289734,-2.252099356677598,-2.014106292439834,-0.04566130227643736,0.2241076685028712,0.07850628191123711,-0.03228,0.12105,0.048420000000000005,-2.9111287911887737e-05,0.0,-8.86087628152276e-06,2.727228039424497e-05,0.0,0.00016495486659634894
322,3.220319699961692,hold,0.1561048229910114,8.794674842259506e-07,4.143600119277835,10.118599981069565,11293.6,0.0,0.15,3.0,0.0004,15.0,0.01,-0.034178160036232655,0.0,0.20740850141246023,-0.03417632102871501,0.0,0.2072524074221454,0.0,0.0,0.0,0.8765407144524442,0.0,1.4452508901611874,-0.8775699414406671,0.0,-1.4826792586297688,0.719048012832154,0.0,0.7285212467948015,0.47281056666289734,-2.252099356677598,-2.014106292439834,-0.045424803311255535,0.224228629108517,0.0784386375564267,-0.024210000000000002,0.12643000000000001,0.040350000000000004,-2.0969908011949483e-05,0.0,9.537321288706821e-06,1.9130900494306717e-05,0.0,0.00014655666902611936
323,3.230340899899602,hold,0.1561048229910114,1.3591133187153543e-06,4.230999853461981,10.021199937909842,11293.6,0.0,0.15,3.0,0.0004,15.0,0.01,-0.034178160036232655,0.0,0.20740850141246023,-0.03417632102871501,0.0,0.2072524074221454,0.0,0.0,0.0,0.8780191772254613,0.0,1.4445781176473123,-0.8785691994589317,0.0,-1.4809246010081571,0.720022229864419,0.0,0.7283268277862821,0.47281056666289734,-2.252099356677598,-2.014106292439834,-0.04528968624206137,0.2242478877210638,0.07834469934848906,-0.024210000000000002,0.12912,0.03766,-1.4171984145621534e-05,0.0,2.4885444539800766e-05,1.2332976627978768e-05,0.0,0.00013120854577502541
324,3.2402651999145746,hold,0.1561048229910114,2.4139359840946068e-06,4.178100032731891,9.924300014972687,11293.6,0.0,0.15,3.0,0.0004,15.0,0.01,-0.034178160036232655,0.0,0.20740850141246023,-0.03417632102871501,0.0,0.2072524074221454,0.0,0.0,0.0,0.879018320934588,0.0,1.4428232020084,-0.8791849856116416,0.0,-1.4783049416092249,0.7205808630992826,0.0,0.7276005000513198,0.47281056666289734,-2.252099356677598,-2.014106292439834,-0.04524060011584846,0.22418156192179053,0.07822924519753399,-0.0269,0.12643000000000001,0.04573,-8.733391610360018e-06,0.0,3.715333856722402e-05,6.894384092717252e-06,0.0,0.00011894065174760216
325,3.25028260005638,hold,0.1561048229910114,3.623040263894397e-06,4.0865999180823565,10.01740014180541,11293.6,0.0,0.15,3.0,0.0004,15.0,0.01,-0.034178160036232655,0.0,0.20740850141246023,-0.03417632102871501,0.0,0.2072524074221454,0.0,0.0,0.0,0.8796340156687101,0.0,1.4402033363957274,-0.8795072779114597,0.0,-1.4750238978019645,0.7208070922971004,0.0,0.7264489956298302,0.47281056666289734,-2.252099356677598,-2.014106292439834,-0.04526031324969418,0.22404681549994043,0.07809660856539254,-0.02152,0.12643000000000001,0.04573,-4.570912897160635e-06,0.0,4.65334277710747e-05,2.7319053795178694e-06,0.0,0.00010956056254375148
326,3.260267399949953,hold,0.15972324196535811,4.9772414448078575e-05,4.276999970898032,9.984799893572927,11293.6,0.0,0.15,3.0,0.0004,15.0,0.01,-0.034020210851927773,0.0,0.20728618798944942,-0.03417632102871501,0.0,0.2072524074221454,0.0,0.0,0.0,0.8413868744871964,0.0,1.466789657802157,-0.8683430835359006,0.0,-1.4799915941784523,0.6972241080678834,0.0,0.7360351499893502,0.474344547450783,-2.2536333374654833,-2.014106292439834,-0.04913569068976811,0.22421606522718948,0.08084174351636407,-0.024210000000000002,0.12374,0.040350000000000004,0.00015833626830819746,0.0,-7.045439015852392e-05,-2.2260915209588636e-06,0.0,0.00010423495746254427
327,3.27027940005064,hold,0.1561048229910114,2.354814652967299e-05,4.093399969860911,10.012000100687146,11293.6,0.0,0.15,3.0,0.0004,15.0,0.01,-0.034178160036232655,0.0,0.20740850141246023,-0.03417632102871501,0.0,0.2072524074221454,0.0,0.0,0.0,0.8688048746076446,0.0,1.4418797411589412,-0.8724757069454292,0.0,-1.4726727238186197,0.7134219360928011,0.0,0.726385348703628,0.47281056666289734,-2.252099356677598,-2.014106292439834,-0.04635557973445853,0.22370735693837104,0.07865471132000489,-0.0269,0.12374,0.04304,-5.861096170274186e-05,0.0,0.00010379993235735136,5.677195418509909e-05,0.0,5.229405795747482e-05
328,3.2802265998907387,hold,0.1561048229910114,1.7248334247594187e-05,5.644500022754073,9.94719984009862,11293.6,0.0,0.15,3.0,0.0004,15.0,0.01,-0.034178160036232655,0.0,0.20740850141246023,-0.03417632102871501,0.0,0.2072524074221454,0.0,0.0,0.0,0.8729255557886981,0.0,1.4345700135852562,-0.8753295527811618,0.0,-1.4660696512998104,0.7157203290082826,0.0,0.7233568370251469,0.47281056666289734,-2.252099356677598,-2.014106292439834,-0.04615547897967931,0.2234294168289545,0.07817567274349252,-0.024210000000000002,0.12374,0.03766,-4.047468941834486e-05,0.0,9.364812424670037e-05,3.8635681900702095e-05,0.0,6.244586606812581e-05
329,3.290066600078717,hold,0.1561048229910114,1.2863770154074078e-05,4.4009999837726355,9.840000187978148,11293.6,0.0,0.15,3.0,0.0004,15.0,0.01,-0.034178160036232655,0.0,0.20740850141246023,-0.03417632102871501,0.0,0.2072524074221454,0.0,0.0,0.0,0.8757791163113395,0.0,1.427967096605051,-0.8771420913534133,0.0,-1.460127764866503,0.7171937547239322,0.0,0.7205545305573497,0.47281056666289734,-2.252099356677598,-2.014106292439834,-0.04606695214671336,0.22314291633561287,0.0777823485801851,-0.02959,0.12912,0.040350000000000004,-2.5706341545185808e-05,0.0,8.427084775777993e-05,2.3867334027543042e-05,0.0,7.182314255704625e-05
330,3.300550099927932,hold,0.1561048229910114,9.919092544314818e-06,3.945200005546212,10.48349984921515,11293.6,0.0,0.15,3.0,0.0004,15.0,0.01,-0.034178160036232655,0.0,0.20740850141246023,-0.03417632102871501,0.0,0.2072524074221454,0.0,0.0,0.0,0.8775914066069324,0.0,1.422025367848836,-0.8781425447245585,0.0,-1.4547652681825778,0.7179954189118761,0.0,0.7179748793484799,0.47281056666289734,-2.252099356677598,-2.014106292439834,-0.04606750274443011,0.22285428469771407,0.07746267308848467,-0.024210000000000002,0.12105,0.04573,-1.418893724658625e-05,0.0,7.6053648403562e-05,1.2349929728943484e-05,0.0,8.004034191126418e-05
331,3.310207099886611,hold,0.31951567871213565,0.00011602567785841189,4.284299910068512,9.65699995867908,11293.6,0.0,0.15,3.0,0.0004,15.0,0.01,-0.03395121699484728,0.0,0.20747916377349934,-0.03417632102871501,0.0,0.2072524074221454,0.0,0.0,0.0,0.8231748011488405,0.0,1.3994080782243872,-0.8623418732721609,0.0,-1.444844793636034,0.6781892699524116,0.0,0.7028247303048158,0.474344547450783,-2.252099356677598,-2.014106292439834,-0.053749896878341225,0.21888590297771085,0.07923960061161246,-0.0269,0.12912,0.040350000000000004,0.0002240931383292234,0.0,0.00014069720274532022,1.0108955385084134e-06,0.0,8.605914860862035e-05
332,3.320271800039336,hold,0.1561048229910114,1.4144866002845576e-05,4.186900099739432,10.064700152724981,11293.6,0.0,0.15,3.0,0.0004,15.0,0.01,-0.034178160036232655,0.0,0.20740850141246023,-0.03417632102871501,0.0,0.2072524074221454,0.0,0.0,0.0,0.8628093597669566,0.0,1.4067484134683692,-0.8683048654624256,0.0,-1.4422223287368638,0.7065670771915971,0.0,0.7098509054960565,0.47281056666289734,-2.252099356677598,-2.014106292439834,-0.048133001806586084,0.221319093682264,0.07752241880671433,-0.024210000000000002,0.12374,0.04573,-8.457018031004551e-05,0.0,3.719312759484656e-05,8.273117279240275e-05,0.0,0.00011890086271997962
333,3.3303753999061882,hold,0.1561048229910114,7.99705043707461e-06,4.073200048878789,10.103599866852164,11293.6,0.0,0.15,3.0,0.0004,15.0,0.01,-0.034178160036232655,0.0,0.20740850141246023,-0.03417632102871501,0.0,0.2072524074221454,0.0,0.0,0.0,0.8687551419998811,0.0,1.4041207143007477,-0.8722848820168102,0.0,-1.4393673997468452,0.7104909632689325,0.0,0.7091046837241277,0.47281056666289734,-2.252099356677598,-2.014106292439834,-0.047587084845617245,0.2214012987626265,0.07714775162136726,-0.024210000000000002,0.12374,0.04304,-5.6446613864563146e-05,0.0,4.049005126191968e-05,5.460760634692038e-05,0.0,0.0001156039390529065
334,3.340287300059572,hold,0.31951567871213565,8.550488152295053e-05,4.143599886447191,9.911900153383613,11293.6,0.0,0.15,3.0,0.0004,15.0,0.01,-0.03395121699484728,0.0,0.20747916377349934,-0.03417632102871501,0.0,0.2072524074221454,0.0,0.0,0.0,0.8173178486708712,0.0,1.3840108075424187,-0.8584821476936522,0.0,-1.4312434124392994,0.6729485477502866,0.0,0.6953360823213405,0.474344547450783,-2.252099356677598,-2.014106292439834,-0.05486952705587306,0.21770786710143686,0.0788883578701596,-0.02959,0.12105,0.04304,0.00019575738039484585,0.0,0.00011521850935128964,2.9346653472885965e-05,0.0,0.00011153784200265092
335,3.350295800017193,hold,0.1561048229910114,1.782132815185435e-05,4.189800005406141,10.008499957621098,11293.6,0.0,0.15,3.0,0.0004,15.0,0.01,-0.034178160036232655,0.0,0.20740850141246023,-0.03417632102871501,0.0,0.2072524074221454,0.0,0.0,0.0,0.8589501103486111,0.0,1.393147460471785,-0.8656546028847533,0.0,-1.4298221907862099,0.7028460352414344,0.0,0.7033316747143339,0.47281056666289734,-2.252099356677598,-2.014106292439834,-0.04898442162751382,0.22033174322007817,0.07715380898717342,-0.03228,0.12374,0.04573,-0.00010172339815696098,0.0,2.0156486479816217e-05,9.988439063931821e-05,0.0,0.00013593750383500996
336,3.36029089987278,hold,0.1561048229910114,8.51641998444329e-06,4.121500067412853,9.995099855586886,11293.6,0.0,0.15,3.0,0.0004,15.0,0.01,-0.034178160036232655,0.0,0.20740850141246023,-0.03417632102871501,0.0,0.2072524074221454,0.0,0.0,0.0,0.8661051676112019,0.0,1.3917208626359932,-0.8702380173172293,0.0,-1.4276910943328553,0.707701107047963,0.0,0.7032277860132963,0.47281056666289734,-2.252099356677598,-2.014106292439834,-0.04827111262145997,0.22053656844869188,0.07677230923612226,-0.0269,0.12105,0.03766,-6.500430867962632e-05,0.0,3.0224291021634038e-05,6.316530116198356e-05,0.0,0.00012586969929319214
337,3.3702813000418246,hold,0.1561048229910114,4.647004010056347e-06,4.168699961155653,9.990400169044733,11293.6,0.0,0.15,3.0,0.0004,15.0,0.01,-0.034178160036232655,0.0,0.20740850141246023,-0.03417632102871501,0.0,0.2072524074221454,0.0,0.0,0.0,0.8706879929233027,0.0,1.3895896056845742,-0.8727923114574733,0.0,-1.4249677519975468,0.7107173931586556,0.0,0.7026041627197491,0.47281056666289734,-2.252099356677598,-2.014106292439834,-0.04785377603927643,0.2205934671787063,0.07647929425195314,-0.024210000000000002,0.12374,0.03766,-3.622629530825271e-05,0.0,3.862382256999153e-05,3.438728779060995e-05,0.0,0.00011747016774483465
338,3.3802739998791367,hold,0.31951567871213565,9.924822304056035e-05,4.095100099220872,9.992699837312102,11293.6,0.0,0.15,3.0,0.0004,15.0,0.01,-0.03395121699484728,0.0,0.20747916377349934,-0.03417632102871501,0.0,0.2072524074221454,0.0,0.0,0.0,0.8178249380682003,0.0,1.3696111910551891,-0.8576315846337867,0.0,-1.4167277865061607,0.6722011495289064,0.0,0.6887895540096595,0.474344547450783,-2.252099356677598,-2.014106292439834,-0.055280947362710414,0.2168508477249399,0.07828884401990932,-0.024210000000000002,0.12105,0.048420000000000005,0.00021501711895644888,0.0,0.00011686337079105791,1.0086914911282936e-05,0.0,0.00010989298056288265
339,3.390287399990484,hold,0.15972324196535811,2.593654294113747e-05,4.073800053447485,10.013400111347437,11293.6,0.0,0.15,3.0,0.0004,15.0,0.01,-0.034020210851927773,0.0,0.20728618798944942,-0.03417632102871501,0.0,0.2072524074221454,0.0,0.0,0.0,0.8195298599487031,0.0,1.4084993296826622,-0.8523117147309722,0.0,-1.4237640222214094,0.677557742905711,0.0,0.7076766555526005,0.474344547450783,-2.2536333374654833,-2.014106292439834,-0.05334717172205852,0.21976493413359433,0.07950428485811578,-0.03497,0.11836,0.040350000000000004,7.544909376898542e-05,0.0,-9.979146444532802e-05,8.066108301825318e-05,0.0,0.00013357203174934836
340,3.40028619999066,hold,0.1561048229910114,3.070810896310779e-05,4.0935000870376825,9.998800000175834,11293.6,0.0,0.15,3.0,0.0004,15.0,0.01,-0.034178160036232655,0.0,0.20740850141246023,-0.03417632102871501,0.0,0.2072524074221454,0.0,0.0,0.0,0.8527748705892295,0.0,1.3856526535996212,-0.8600214792744305,0.0,-1.4180470424616274,0.6979864513711083,0.0,0.699428686765664,0.47281056666289734,-2.252099356677598,-2.014106292439834,-0.04988342819737626,0.21962250966451743,0.07713428897007837,-0.0269,0.12374,0.040350000000000004,-0.00010934379197288991,0.0,8.108110721711062e-05,0.00010750478445524715,0.0,7.501288309771557e-05
341,3.4103443999774754,hold,0.1561048229910114,1.7100981647745057e-05,4.170200088992715,10.058199986815453,11293.6,0.0,0.15,3.0,0.0004,15.0,0.01,-0.034178160036232655,0.0,0.20740850141246023,-0.03417632102871501,0.0,0.2072524074221454,0.0,0.0,0.0,0.8604721805286113,0.0,1.379944714106233,-0.8647029251213324,0.0,-1.4126260637929957,0.7028893443700254,0.0,0.697407442473529,0.47281056666289734,-2.252099356677598,-2.014106292439834,-0.049251585983771246,0.21958821045233576,0.07655707454187263,-0.02152,0.12374,0.03766,-6.639463993103706e-05,0.0,7.688306957899079e-05,6.45556324133943e-05,0.0,7.921092073583539e-05
342,3.4203186999075115,hold,0.1561048229910114,1.0584409653885928e-05,4.100099904462695,9.974299930036068,11293.6,0.0,0.15,3.0,0.0004,15.0,0.01,-0.034178160036232655,0.0,0.20740850141246023,-0.03417632102871501,0.0,0.2072524074221454,0.0,0.0,0.0,0.8651529239642614,0.0,1.374523790869416,-0.8670573037393821,0.0,-1.4075064807743771,0.7057212227555493,0.0,0.6952861255357957,0.47281056666289734,-2.252099356677598,-2.014106292439834,-0.04893068560866576,0.219448370403834,0.07612813220084141,-0.0269,0.12643000000000001,0.040350000000000004,-3.3390991953947175e-05,0.0,7.260852357038048e-05,3.155198443630441e-05,0.0,8.34854667444457e-05
343,3.4302840000018477,hold,0.15972324196535811,4.265134519143045e-05,4.125900100916624,9.965300094336271,11293.6,0.0,0.15,3.0,0.0004,15.0,0.01,-0.034020210851927773,0.0,0.20728618798944942,-0.03417632102871501,0.0,0.2072524074221454,0.0,0.0,0.0,0.8289373843080304,0.0,1.3992718026206024,-0.8564370562129501,0.0,-1.4114006274140924,0.683380157686275,0.0,0.7041781751593919,0.474344547450783,-2.2536333374654833,-2.014106292439834,-0.052647700042101675,0.21958601533454314,0.07870881436074251,-0.0269,0.12643000000000001,0.03497,0.00015062173814583016,0.0,-5.52287631723131e-05,5.488438641408432e-06,0.0,8.900933047633345e-05
344,3.4403089000843465,hold,0.31951567871213565,0.00010753309238199603,4.226200049743056,10.024900082498789,11293.6,0.0,0.15,3.0,0.0004,15.0,0.01,-0.03395121699484728,0.0,0.20747916377349934,-0.03417632102871501,0.0,0.2072524074221454,0.0,0.0,0.0,0.8014821113223887,0.0,1.3560335875259815,-0.8438926773392148,0.0,-1.398546140422455,0.6598213126845286,0.0,0.6813325186330188,0.474344547450783,-2.252099356677598,-2.014106292439834,-0.0574555651173034,0.2153550028946198,0.07848534618559594,-0.03766,0.12374,0.03766,0.000177910745038597,0.0,0.00018230885568670395,4.7193288829134824e-05,0.0,4.4447495667236615e-05
345,3.45032069995068,hold,0.31951567871213565,5.632330917935251e-05,4.179500043392181,10.011799866333604,11293.6,0.0,0.15,3.0,0.0004,15.0,0.01,-0.03395121699484728,0.0,0.20747916377349934,-0.03417632102871501,0.0,0.2072524074221454,0.0,0.0,0.0,0.7889440550123004,0.0,1.3431941448724212,-0.8354151731254338,0.0,-1.3886921133348435,0.6501386483196001,0.0,0.6745035400732062,0.474344547450783,-2.252099356677598,-2.014106292439834,-0.059202197568767184,0.2140597172930891,0.0785390922839577,-0.03497,0.11567000000000001,0.040350000000000004,0.00012023226545711955,0.0,0.00013975481117348235,0.00010487176841061226,0.0,8.700154018045821e-05
346,3.4602757999673486,hold,0.1561048229910114,3.967983811813772e-05,4.1380999609827995,9.955100016668439,11293.6,0.0,0.15,3.0,0.0004,15.0,0.01,-0.034178160036232655,0.0,0.20740850141246023,-0.03417632102871501,0.0,0.2072524074221454,0.0,0.0,0.0,0.835884376957368,0.0,1.3505957402612683,-0.8460276798807863,0.0,-1.3861594833338344,0.6835778675866833,0.0,0.6820925467627778,0.47281056666289734,-2.252099356677598,-2.014106292439834,-0.052815131279928984,0.2167943498019591,0.07649905393294251,-0.02959,0.12105,0.04304,-0.00015051195460343253,0.0,3.5919043495252965e-05,0.00014867294708578976,0.0,0.00012017494681957322
347,3.470295999897644,hold,0.07964610943638345,8.41344075861455e-05,4.094099858775735,10.020199930295348,11293.6,0.0,0.15,3.0,0.0004,15.0,0.01,-0.03424685779110939,0.0,0.20721542002024596,-0.03417632102871501,0.0,0.2072524074221454,0.0,0.0,0.0,0.8632542614265316,0.0,1.3952061325895309,-0.8574672577319169,0.0,-1.3971839688704188,0.7071997974640057,0.0,0.7056034694069377,0.47281056666289734,-2.2536333374654833,-2.014106292439834,-0.04796870197223235,0.2211039160327571,0.07677407938869413,-0.02959,0.11836,0.04573,-0.0001622418964627195,0.0,-0.00015635484667858509,9.170513406833971e-05,0.0,0.00011936744477913859
348,3.4802687000483274,hold,0.33189650245750135,0.00015389070057654866,5.452600074931979,9.972700150683522,11293.6,0.0,0.15,3.0,0.0004,15.0,0.01,-0.034295290667463466,0.0,0.20756224853207045,-0.03417632102871501,0.0,0.2072524074221454,0.0,0.0,0.0,0.8865140409608752,0.0,1.3215233162839124,-0.8674004588079088,0.0,-1.3781313150365415,0.7146554772186214,0.0,0.6702373439921754,0.47281056666289734,-2.252099356677598,-2.0125723116519483,-0.04852010156962036,0.2169664211920651,0.0670528632530431,-0.02959,0.12105,0.04573,-0.00014087769684221108,0.0,0.00027021440221681255,2.1908058093757623e-05,0.0,3.9626707708233884e-05
349,3.4904750999994576,hold,0.31951567871213565,0.0001473840876557225,5.230299895629287,10.206399951130152,11293.6,0.0,0.15,3.0,0.0004,15.0,0.01,-0.03395121699484728,0.0,0.20747916377349934,-0.03417632102871501,0.0,0.2072524074221454,0.0,0.0,0.0,0.8124233070389684,0.0,1.3227860404410507,-0.8478832907225307,0.0,-1.3703062007949305,0.6648770512005796,0.0,0.6669630479701404,0.474344547450783,-2.252099356677598,-2.014106292439834,-0.057367715824037324,0.21377568990042467,0.07665863441622958,-0.0269,0.11836,0.02959,0.00027680237898293226,0.0,0.00011097973990980084,-5.169834511520045e-05,0.0,0.00011577661144413973
350,3.500480300048366,hold,0.31951567871213565,7.603585325799524e-05,4.571099998429418,10.005200048908591,11293.6,0.0,0.15,3.0,0.0004,15.0,0.01,-0.03395121699484728,0.0,0.20747916377349934,-0.03417632102871501,0.0,0.2072524074221454,0.0,0.0,0.0,0.7929330401302874,0.0,1.3149553700007148,-0.8340629809439035,0.0,-1.364214682314554,0.6507513955729933,0.0,0.6618939083286312,0.474344547450783,-2.252099356677598,-2.014106292439834,-0.059690951667169256,0.21250147134777397,0.077227781071528,-0.03228,0.12105,0.03497,0.00019600664442046017,0.0,8.639300535869947e-05,2.909738944727164e-05,0.0,0.0001403633459952411
351,3.5105045000091195,hold,0.1561048229910114,1.5052300704004707e-05,4.336999962106347,10.024199960753322,11293.6,0.0,0.15,3.0,0.0004,15.0,0.01,-0.034178160036232655,0.0,0.20740850141246023,-0.03417632102871501,0.0,0.2072524074221454,0.0,0.0,0.0,0.8345309111090485,0.0,1.3261192061601328,-0.8407815994635973,0.0,-1.3643453241870234,0.6807611950447782,0.0,0.6707893508829516,0.47281056666289734,-2.252099356677598,-2.014106292439834,-0.053753701882918614,0.21524559705073276,0.07558211461740377,-0.02959,0.11567000000000001,0.048420000000000005,-9.528685624853961e-05,0.0,-1.8528293108976187e-06,9.344784873089684e-05,0.0,0.0001579468196257238
352,3.520341800060123,hold,0.31951567871213565,6.283053175123501e-05,4.1853999719023705,9.837300051003695,11293.6,0.0,0.15,3.0,0.0004,15.0,0.01,-0.03395121699484728,0.0,0.20747916377349934,-0.03417632102871501,0.0,0.2072524074221454,0.0,0.0,0.0,0.7858151906321051,0.0,1.3089894348965452,-0.8284562998899117,0.0,-1.358297300900642,0.645355558091094,0.0,0.6586221404215723,0.474344547450783,-2.252099356677598,-2.014106292439834,-0.0606397649026435,0.21184678457770922,0.07731126498083735,-0.02959,0.12374,0.04573,0.00017480365126482916,0.0,8.577613445204208e-05,5.030038260290265e-05,0.0,0.00014098021690189848
353,3.5303921999875456,hold,0.07964610943638345,0.00011550794304920401,4.0219000075012445,10.050399927422404,11293.6,0.0,0.15,3.0,0.0004,15.0,0.01,-0.03424685779110939,0.0,0.20721542002024596,-0.03417632102871501,0.0,0.2072524074221454,0.0,0.0,0.0,0.8456998115211751,0.0,1.3673500859836676,-0.8410712859782487,0.0,-1.3719861998753105,0.6928586446763775,0.0,0.6914910276471778,0.47281056666289734,-2.2536333374654833,-2.014106292439834,-0.050739767467040287,0.2186862364950775,0.07646046345939586,-0.03497,0.12105,0.048420000000000005,-0.00017891213237561336,0.0,-0.00019414290973309486,0.00010837536998123358,0.0,0.00015715550783364837
354,3.5403002998791635,hold,0.1561048229910114,1.6359563997097435e-05,4.222200019285083,9.908099891617894,11293.6,0.0,0.15,3.0,0.0004,15.0,0.01,-0.034178160036232655,0.0,0.20740850141246023,-0.03417632102871501,0.0,0.2072524074221454,0.0,0.0,0.0,0.8415163762984418,0.0,1.3338694414562704,-0.8437217223355334,0.0,-1.3655013036458188,0.686202543987864,0.0,0.6748713632823498,0.47281056666289734,-2.252099356677598,-2.014106292439834,-0.05276038029323668,0.21600346808086246,0.07557510060267651,-0.024210000000000002,0.12105,0.03497,-3.758983300394427e-05,0.0,9.197208815993872e-05,3.57508254863015e-05,0.0,6.412190215488746e-05
355,3.5503120000939816,hold,0.15972324196535811,3.956226228550828e-05,4.007200011983514,10.01170021481812,11293.6,0.0,0.15,3.0,0.0004,15.0,0.01,-0.034020210851927773,0.0,0.20728618798944942,-0.03417632102871501,0.0,0.2072524074221454,0.0,0.0,0.0,0.8056018819455,0.0,1.3572663238284643,-0.8331582273107337,0.0,-1.3681657660151454,0.6639409508399743,0.0,0.6831583308693413,0.474344547450783,-2.2536333374654833,-2.014106292439834,-0.05648788398571089,0.21606853917798013,0.07808909795869762,-0.03228,0.12374,0.04304,0.000149816845376738,0.0,-3.7788757022217344e-05,6.293331410500594e-06,0.0,7.156932432623769e-05
356,3.5603064000606537,hold,0.1561048229910114,3.0396914022955466e-05,3.965799929574132,9.994399966672063,11293.6,0.0,0.15,3.0,0.0004,15.0,0.01,-0.034178160036232655,0.0,0.20740850141246023,-0.03417632102871501,0.0,0.2072524074221454,0.0,0.0,0.0,0.8336201611104873,0.0,1.3300533639763055,-0.8367050445325656,0.0,-1.3592994911680756,0.6804310613982575,0.0,0.6725195834536996,0.47281056666289734,-2.252099356677598,-2.014106292439834,-0.05372263249927037,0.2154485045172979,0.07578066369218323,-0.03228,0.11836,0.04573,-5.030276116524324e-05,0.0,0.00012574600780448794,4.8463753647600476e-05,0.0,3.0347982510338237e-05
357,3.5703151000197977,hold,0.1561048229910114,1.9736434131055634e-05,4.10420005209744,10.008699959143996,11293.6,0.0,0.15,3.0,0.0004,15.0,0.01,-0.034178160036232655,0.0,0.20740850141246023,-0.03417632102871501,0.0,0.2072524074221454,0.0,0.0,0.0,0.837154753327367,0.0,1.3211964121468238,-0.8382269756539992,0.0,-1.3517567444498848,0.6822041126724243,0.0,0.6687381723867909,0.47281056666289734,-2.252099356677598,-2.014106292439834,-0.05363500174784086,0.21505224562102965,0.07526636201758588,-0.02959,0.11836,0.040350000000000004,-2.1584799250490903e-05,0.0,0.00010697506044563409,1.9745791732848137e-05,0.0,4.911892986919209e-05
358,3.5802851000335068,hold,0.3957635554420039,0.000188051285768764,4.490699851885438,9.970000013709068,11293.6,0.0,0.15,3.0,0.0004,15.0,0.01,-0.03406811164323306,0.0,0.20763309038828615,-0.03417632102871501,0.0,0.2072524074221454,0.0,0.0,0.0,0.8118036769024636,0.0,1.2588119361872214,-0.8304506873585048,0.0,-1.329313856987447,0.6578366867547841,0.0,0.6353776541363768,0.474344547450783,-2.252099356677598,-2.0125723116519483,-0.0596280228515442,0.20974213010043594,0.06813187871490946,-0.0269,0.11836,0.040350000000000004,0.00011028726557223153,0.0,0.00031829641542632824,-2.0778800902816177e-06,0.0,6.23865507144158e-05
359,3.5904397000558674,hold,0.31951567871213565,7.403191183447369e-05,4.3669999577105045,10.154600022360682,11293.6,0.0,0.15,3.0,0.0004,15.0,0.01,-0.03395121699484728,0.0,0.20747916377349934,-0.03417632102871501,0.0,0.2072524074221454,0.0,0.0,0.0,0.7754916988320639,0.0,1.2739747333090778,-0.8162774575065996,0.0,-1.3247078510095434,0.6355169781080414,0.0,0.6418210308582767,0.474344547450783,-2.252099356677598,-2.014106292439834,-0.06286770117257079,0.20929031498296757,0.07637683841017157,-0.02959,0.11298000000000001,0.03228,0.00020101193593851494,0.0,6.532471343773073e-05,2.4092097929216872e-05,0.0,0.00016143163791620984
360,3.6003189000766724,hold,0.1561048229910114,1.5182238106684805e-05,4.134699935093522,9.879200020805001,11293.6,0.0,0.15,3.0,0.0004,15.0,0.01,-0.034178160036232655,0.0,0.20740850141246023,-0.03417632102871501,0.0,0.2072524074221454,0.0,0.0,0.0,0.816745318095717,0.0,1.2866127099538491,-0.8228929365283937,0.0,-1.3260428235307054,0.6653902263896456,0.0,0.6513486174224493,0.47281056666289734,-2.252099356677598,-2.014106292439834,-0.05692493612298971,0.21210941308844256,0.07480962373227378,-0.03497,0.11567000000000001,0.03766,-9.382407956593609e-05,0.0,-1.8933257536030536e-05,9.198507204829332e-05,0.0,0.00017502724785085672
361,3.61018759990111,hold,0.1561048229910114,5.179405314283259e-06,4.111299989745021,9.868699824437499,11293.6,0.0,0.15,3.0,0.0004,15.0,0.01,-0.034178160036232655,0.0,0.20740850141246023,-0.03417632102871501,0.0,0.2072524074221454,0.0,0.0,0.0,0.8233433683944897,0.0,1.2879421524637606,-0.826834170386267,0.0,-1.3259728834105866,0.6700702351094773,0.0,0.6524630425335506,0.47281056666289734,-2.252099356677598,-2.014106292439834,-0.05618126094553755,0.21245968806784085,0.07456354200150905,-0.03766,0.11567000000000001,0.03497,-5.58965779879071e-05,0.0,9.919262646382234e-07,5.405757047026434e-05,0.0,0.00015510206405018796
362,3.6202585001010448,hold,0.1561048229910114,1.736678338708951e-06,4.081299994140863,10.07090019993484,11293.6,0.0,0.15,3.0,0.0004,15.0,0.01,-0.034178160036232655,0.0,0.20740850141246023,-0.03417632102871501,0.0,0.2072524074221454,0.0,0.0,0.0,0.8272839928256265,0.0,1.287871886083133,-0.828734088864822,0.0,-1.3247078360632623,0.6727990299718188,0.0,0.6527331740517047,0.47281056666289734,-2.252099356677598,-2.014106292439834,-0.055765174810328166,0.21261614979360471,0.07438202765388881,-0.03766,0.11567000000000001,0.040350000000000004,-2.6945607704820345e-05,0.0,1.7941543247135424e-05,2.510660018717758e-05,0.0,0.00013815244706769076
363,3.6302734999917448,hold,0.1561048229910114,1.729039913789026e-06,4.0119001641869545,10.014999890699983,11293.6,0.0,0.15,3.0,0.0004,15.0,0.01,-0.034178160036232655,0.0,0.20740850141246023,-0.03417632102871501,0.0,0.2072524074221454,0.0,0.0,0.0,0.8291834246604078,0.0,1.2866065537880416,-0.8291530152470601,0.0,-1.3224691711871293,0.6740198797298141,0.0,0.6522999182770187,0.47281056666289734,-2.252099356677598,-2.014106292439834,-0.055604607706686654,0.21261642335324688,0.07424531425196365,-0.03228,0.11298000000000001,0.03497,-5.94142647718924e-06,0.0,3.174988096369427e-05,4.102418959546474e-06,0.0,0.0001243441093511319
364,3.6402741000056267,hold,0.31951567871213565,0.00011547296579483086,4.032100085169077,10.000600013881922,11293.6,0.0,0.15,3.0,0.0004,15.0,0.01,-0.03395121699484728,0.0,0.20747916377349934,-0.03417632102871501,0.0,0.2072524074221454,0.0,0.0,0.0,0.7741851327962713,0.0,1.2671127257136419,-0.8123675167928891,0.0,-1.314427657708342,0.6340862265978149,0.0,0.6385831410789096,0.474344547450783,-2.252099356677598,-2.014106292439834,-0.06322820756048429,0.2088186091617714,0.07616126143476933,-0.024210000000000002,0.11836,0.04304,0.00023806045447801092,0.0,0.0001140488236722831,-1.2956420610279112e-05,0.0,0.00011270752768165746
365,3.6502767000347376,hold,0.07964610943638345,7.99034656491925e-05,5.21229999139905,10.002600029110909,11293.6,0.0,0.15,3.0,0.0004,15.0,0.01,-0.03424685779110939,0.0,0.20721542002024596,-0.03417632102871501,0.0,0.2072524074221454,0.0,0.0,0.0,0.8296099653031517,0.0,1.3234799675013476,-0.8220492354928859,0.0,-1.3265096575412219,0.6782953827331271,0.0,0.6701595231740637,0.47281056666289734,-2.2536333374654833,-2.014106292439834,-0.053877500875728374,0.21534972388066698,0.07544157967737512,-0.03497,0.11836,0.040350000000000004,-0.00013731104620707705,0.0,-0.0001713530509130594,6.677428381269727e-05,0.0,0.0001343656490136129
366,3.660268099978566,hold,0.1561048229910114,2.0179742236991017e-05,4.025799920782447,9.991399943828583,11293.6,0.0,0.15,3.0,0.0004,15.0,0.01,-0.034178160036232655,0.0,0.20740850141246023,-0.03417632102871501,0.0,0.2072524074221454,0.0,0.0,0.0,0.8224936267648032,0.0,1.2883925160374339,-0.822980848849159,0.0,-1.3187849359756645,0.6695151926596017,0.0,0.6526039258285603,0.47281056666289734,-2.252099356677598,-2.014106292439834,-0.056256850711170064,0.21245250554919864,0.07462007833649342,-0.03497,0.12105,0.040350000000000004,-1.3212613232648094e-05,0.0,0.00010955592004810044,1.1373605715005328e-05,0.0,4.653807026672574e-05
367,3.670280300080776,hold,0.31951567871213565,0.00013653163189340222,3.973300103098154,10.012200102210045,11293.6,0.0,0.15,3.0,0.0004,15.0,0.01,-0.03395121699484728,0.0,0.20747916377349934,-0.03417632102871501,0.0,0.2072524074221454,0.0,0.0,0.0,0.768013097208327,0.0,1.2634272066456023,-0.806697976412813,0.0,-1.3067656614176102,0.629520961581478,0.0,0.6364264641385057,0.474344547450783,-2.252099356677598,-2.014106292439834,-0.06400287359007295,0.2083415998606041,0.07629321704199836,-0.03228,0.11836,0.048420000000000005,0.00023093195730751633,0.0,0.00017046344924451156,-5.827923439784516e-06,0.0,5.629290210942901e-05
368,3.6802866000216454,hold,0.31951567871213565,6.975492272911878e-05,4.143700003623962,10.006299940869212,11293.6,0.0,0.15,3.0,0.0004,15.0,0.01,-0.03395121699484728,0.0,0.20747916377349934,-0.03417632102871501,0.0,0.2072524074221454,0.0,0.0,0.0,0.7517484825453331,0.0,1.2514138497098657,-0.7957410264389582,0.0,-1.2973205560472187,0.6173148348221792,0.0,0.6296907623288917,0.474344547450783,-2.252099356677598,-2.014106292439834,-0.06611863971627106,0.20694430408037254,0.07654880825026594,-0.03766,0.11567000000000001,0.04573,0.00015539702306669156,0.0,0.00013395527593101458,6.970701080104025e-05,0.0,9.280107542292598e-05
369,3.690303700044751,hold,0.31951567871213565,3.524532446345689e-05,4.282699897885323,10.01710002310574,11293.6,0.0,0.15,3.0,0.0004,15.0,0.01,-0.03395121699484728,0.0,0.20747916377349934,-0.03417632102871501,0.0,0.2072524074221454,0.0,0.0,0.0,0.7407927741035468,0.0,1.2419693492991246,-0.7886826758138442,0.0,-1.2898428786107867,0.6089896387354418,0.0,0.6245351677292675,0.474344547450783,-2.252099356677598,-2.014106292439834,-0.06758750111760822,0.20592065932594852,0.07666682323570252,-0.04304,0.11298000000000001,0.04304,0.00010010510931608553,0.0,0.00010605221488162799,0.00012499892455164629,0.0,0.00012070413647231258
370,3.7002510000020266,hold,0.31951567871213565,1.857268434340269e-05,4.183300072327256,9.94729995727539,11293.6,0.0,0.15,3.0,0.0004,15.0,0.01,-0.03395121699484728,0.0,0.20747916377349934,-0.03417632102871501,0.0,0.2072524074221454,0.0,0.0,0.0,0.7337353527959961,0.0,1.2344921408692775,-0.7843079386246979,0.0,-1.2837947609237614,0.6035203629823102,0.0,0.6205768767145617,0.474344547450783,-2.252099356677598,-2.014106292439834,-0.06857872825934186,0.20517632108229958,0.07668706033189518,-0.03497,0.11298000000000001,0.040350000000000004,6.204474215129631e-05,0.0,8.577747328986627e-05,0.0001630592917164355,0.0,0.0001409788780640743
371,3.710260499967262,hold,0.31951567871213565,1.097768474260703e-05,4.175199894234538,10.009499965235591,11293.6,0.0,0.15,3.0,0.0004,15.0,0.01,-0.03395121699484728,0.0,0.20747916377349934,-0.03417632102871501,0.0,0.2072524074221454,0.0,0.0,0.0,0.7293612552120455,0.0,1.2284443639320362,-0.7816263678222061,0.0,-1.278721080577204,0.60002266156787,0.0,0.6174771564519672,0.474344547450783,-2.252099356677598,-2.014106292439834,-0.06923875110818732,0.2046288276790842,0.07664300762560089,-0.03497,0.11567000000000001,0.040350000000000004,3.803139750059437e-05,0.0,7.195750858846254e-05,0.00018707263636713744,0.0,0.00015479884276547803
372,3.720105400076136,hold,0.31951567871213565,7.68926763946873e-06,4.319799831137061,9.844900108873844,11293.6,0.0,0.15,3.0,0.0004,15.0,0.01,-0.03395121699484728,0.0,0.20747916377349934,-0.03417632102871501,0.0,0.2072524074221454,0.0,0.0,0.0,0.7266800878881492,0.0,1.2233709158261248,-0.7798646590808712,0.0,-1.2742529506295512,0.5977743763565904,0.0,0.6149522660858,0.474344547450783,-2.252099356677598,-2.014106292439834,-0.06968747225878086,0.20420994394558006,0.07656129637701173,-0.02959,0.11567000000000001,0.04573,2.498544709679659e-05,0.0,6.336928563123453e-05,0.00020011858677093522,0.0,0.00016338706572270603
373,3.730114300036803,hold,0.31951567871213565,6.407825292861453e-06,4.236000124365091,10.008899960666895,11293.6,0.0,0.15,3.0,0.0004,15.0,0.01,-0.03395121699484728,0.0,0.20747916377349934,-0.03417632102871501,0.0,0.2072524074221454,0.0,0.0,0.0,0.7249185982788213,0.0,1.2189029301757504,-0.7784467738887797,0.0,-1.2701040860305757,0.5962106462967783,0.0,0.6127744803288823,0.474344547450783,-2.252099356677598,-2.014106292439834,-0.07001894363128516,0.20386556949953244,0.07646217674209821,-0.03766,0.11567000000000001,0.04304,2.0109167097333156e-05,0.0,5.884130249074644e-05,0.00020499486677039866,0.0,0.00016791504886319412
374,3.740284699946642,hold,0.1561048229910114,7.253489490202464e-05,4.168299958109856,10.170399909839034,11293.6,0.0,0.15,3.0,0.0004,15.0,0.01,-0.034178160036232655,0.0,0.20740850141246023,-0.03417632102871501,0.0,0.2072524074221454,0.0,0.0,0.0,0.778917660146648,0.0,1.2320090727118085,-0.7931641470216009,0.0,-1.2711058907896917,0.6349550689202078,0.0,0.6234626927272247,0.47281056666289734,-2.252099356677598,-2.014106292439834,-0.06271427534792123,0.20723443902629585,0.0743426054695446,-0.03766,0.11298000000000001,0.03766,-0.00020872925199616376,0.0,-1.4208103316357297e-05,0.000206890244478521,0.0,0.00017030209363118348
375,3.7503100000321865,hold,0.15972324196535811,2.316458759053793e-05,4.090399947017431,10.025300085544586,11293.6,0.0,0.15,3.0,0.0004,15.0,0.01,-0.034020210851927773,0.0,0.20728618798944942,-0.03417632102871501,0.0,0.2072524074221454,0.0,0.0,0.0,0.7550471460806789,0.0,1.262872662888438,-0.7902910312099977,0.0,-1.2789314238900453,0.6215661175178392,0.0,0.6360681403455934,0.474344547450783,-2.2536333374654833,-2.014106292439834,-0.06491739956593393,0.20824113524256038,0.07661100754891656,-0.03497,0.11567000000000001,0.03766,4.0747985991935865e-05,0.0,-0.00011098568037697857,0.00011536219079530273,0.0,0.00014476624768099892
376,3.760283899959177,hold,0.07964610943638345,7.612807981448748e-05,4.042899934574962,9.97389992699027,11293.6,0.0,0.15,3.0,0.0004,15.0,0.01,-0.03424685779110939,0.0,0.20721542002024596,-0.03417632102871501,0.0,0.2072524074221454,0.0,0.0,0.0,0.8075299946841399,0.0,1.2879684942227798,-0.8029997615354417,0.0,-1.287108979329087,0.6602204133803231,0.0,0.6521918017067021,0.47281056666289734,-2.2536333374654833,-2.014106292439834,-0.05737840322513721,0.2122797952469888,0.07502820141095323,-0.03228,0.11567000000000001,0.03766,-0.00018024166070337367,0.0,-0.00011597823976765275,0.00010970489830899389,0.0,7.899083786820625e-05
377,3.7702973999548703,hold,0.31951567871213565,0.00015729189807256336,4.183099837973714,10.013499995693564,11293.6,0.0,0.15,3.0,0.0004,15.0,0.01,-0.03395121699484728,0.0,0.20747916377349934,-0.03417632102871501,0.0,0.2072524074221454,0.0,0.0,0.0,0.7480280169141897,0.0,1.231735999748565,-0.7882016988281475,0.0,-1.271206368401045,0.6132301993813076,0.0,0.6204076299119514,0.474344547450783,-2.252099356677598,-2.014106292439834,-0.06714965188522914,0.2055926916947173,0.0759294169166879,-0.024210000000000002,0.12105,0.03766,0.00020987363247572654,0.0,0.00022553889568742173,1.5230401392005274e-05,0.0,1.2174556665188387e-06
378,3.780292100040242,hold,0.15972324196535811,1.5137030531646333e-05,4.149700049310923,9.994700085371733,11293.6,0.0,0.15,3.0,0.0004,15.0,0.01,-0.034020210851927773,0.0,0.20728618798944942,-0.03417632102871501,0.0,0.2072524074221454,0.0,0.0,0.0,0.7501000684204736,0.0,1.2629761087164204,-0.7815725682595153,0.0,-1.2724170374305344,0.6181386669937303,0.0,0.6357345750268566,0.474344547450783,-2.2536333374654833,-2.014106292439834,-0.06543928015971237,0.20804533529740607,0.07683956895675745,-0.04304,0.11029,0.040350000000000004,9.40176927287208e-05,0.0,-1.7170322357097558e-05,6.20924840585178e-05,0.0,5.0950889661117906e-05
379,3.7903018998913467,hold,0.31951567871213565,0.00011364718264260352,4.111899994313717,10.009799851104617,11293.6,0.0,0.15,3.0,0.0004,15.0,0.01,-0.03395121699484728,0.0,0.20747916377349934,-0.03417632102871501,0.0,0.2072524074221454,0.0,0.0,0.0,0.7266185461537713,0.0,1.2170493490075218,-0.7707580936149906,0.0,-1.2574507858593913,0.5972490325118301,0.0,0.6120565841997171,0.474344547450783,-2.252099356677598,-2.014106292439834,-0.06989827230832504,0.20382208616244707,0.07631097322216623,-0.04573,0.11298000000000001,0.03766,0.00015337636566739728,0.0,0.0002122589722662212,7.172766820033453e-05,0.0,1.4497379087719366e-05
380,3.8002903999295086,hold,0.31951567871213565,6.696246200721702e-05,4.100800026208162,9.988500038161874,11293.6,0.0,0.15,3.0,0.0004,15.0,0.01,-0.03395121699484728,0.0,0.20747916377349934,-0.03417632102871501,0.0,0.2072524074221454,0.0,0.0,0.0,0.715809883188114,0.0,1.2020982868947383,-0.7623922959607546,0.0,-1.2460095964269053,0.5886054915876573,0.0,0.604393951313421,0.474344547450783,-2.252099356677598,-2.014106292439834,-0.07152944357282984,0.20246879199255852,0.07620185062831088,-0.03766,0.11298000000000001,0.04304,0.00011864798636013207,0.0,0.00016226475272706857,0.00010645604750759974,0.0,6.4491598626872e-05
381,3.81010439991951,hold,0.31951567871213565,3.957812961688732e-05,4.342300118878484,9.81399999000132,11293.6,0.0,0.15,3.0,0.0004,15.0,0.01,-0.03395121699484728,0.0,0.20747916377349934,-0.03417632102871501,0.0,0.2072524074221454,0.0,0.0,0.0,0.7074446607151065,0.0,1.1906579139319284,-0.7558391550539978,0.0,-1.2373038090927895,0.5819259233067323,0.0,0.5985233771752859,0.474344547450783,-2.252099356677598,-2.014106292439834,-0.0727876405275098,0.2014294012017694,0.07612263394885806,-0.03497,0.10491,0.040350000000000004,9.29399687939158e-05,0.0,0.00012346989247933498,0.000132164065073816,0.0,0.00010328645887460559
382,3.8202545000240207,hold,0.31951567871213565,2.4202880276000194e-05,4.157999996095896,10.150100104510784,11293.6,0.0,0.15,3.0,0.0004,15.0,0.01,-0.03395121699484728,0.0,0.20747916377349934,-0.03417632102871501,0.0,0.2072524074221454,0.0,0.0,0.0,0.7008919518976499,0.0,1.1819527787095334,-0.7505520674175377,0.0,-1.2306213435932607,0.5767132107926994,0.0,0.5940420628006824,0.474344547450783,-2.252099356677598,-2.014106292439834,-0.07376493521557326,0.20063084853207763,0.07607084833051983,-0.048420000000000005,0.11298000000000001,0.04304,7.498415903687416e-05,0.0,9.477411577587852e-05,0.00015011987483085765,0.0,0.00013198223557806205
383,3.8302774000912905,hold,0.07964610943638345,0.00015340365658670166,4.173099994659424,10.022900067269802,11293.6,0.0,0.15,3.0,0.0004,15.0,0.01,-0.03424685779110939,0.0,0.20721542002024596,-0.03417632102871501,0.0,0.2072524074221454,0.0,0.0,0.0,0.767797228242357,0.0,1.239673968838057,-0.7671813600615662,0.0,-1.2441741143771028,0.6289020510161903,0.0,0.6270055023831914,0.47281056666289734,-2.2536333374654833,-2.014106292439834,-0.06316939547934994,0.2077092069496671,0.07490687432095336,-0.048420000000000005,0.11029,0.03497,-0.00023584506443426992,0.0,-0.00019221227067201072,0.00016530830203989014,0.0,0.00015522486877256423
384,3.8402865999378264,hold,0.15972324196535811,1.7819371552201817e-05,4.086900036782026,10.009199846535921,11293.6,0.0,0.15,3.0,0.0004,15.0,0.01,-0.034020210851927773,0.0,0.20728618798944942,-0.03417632102871501,0.0,0.2072524074221454,0.0,0.0,0.0,0.7290580433022643,0.0,1.2359248465284918,-0.7602919257122276,0.0,-1.2466223400617074,0.6014435431017718,0.0,0.6217348656636091,0.474344547450783,-2.2536333374654833,-2.014106292439834,-0.06855085845444472,0.2055343945251782,0.07671331045738485,-0.02959,0.11836,0.03766,9.770945300063084e-05,0.0,-3.472197866110442e-05,5.840072378660775e-05,0.0,6.850254596512477e-05
385,3.8504260000772774,hold,0.1561048229910114,3.455002113175193e-05,4.08459990285337,10.139400139451027,11293.6,0.0,0.15,3.0,0.0004,15.0,0.01,-0.034178160036232655,0.0,0.20740850141246023,-0.03417632102871501,0.0,0.2072524074221454,0.0,0.0,0.0,0.760754743332076,0.0,1.2085099104769366,-0.7652724535761847,0.0,-1.2377429028277604,0.6205502061505963,0.0,0.6113172585824904,0.47281056666289734,-2.252099356677598,-2.014106292439834,-0.06540573081488067,0.20505961928418381,0.07422703359757923,-0.03766,0.11567000000000001,0.03497,-7.06363728233166e-05,0.0,0.00012593268345254937,6.879736530567384e-05,0.0,3.016130686227681e-05
386,3.8605055999942124,hold,0.15972324196535811,3.3249065446454306e-05,3.899300005286932,10.079599916934967,11293.6,0.0,0.15,3.0,0.0004,15.0,0.01,-0.034020210851927773,0.0,0.20728618798944942,-0.03417632102871501,0.0,0.2072524074221454,0.0,0.0,0.0,0.7271531400784388,0.0,1.2295073435715325,-0.7553712762802208,0.0,-1.2390520569413976,0.599626592334296,0.0,0.618651333098958,0.474344547450783,-2.2536333374654833,-2.014106292439834,-0.06896128350092245,0.20506483215143156,0.07654331332808001,-0.03497,0.11298000000000001,0.040350000000000004,0.00014042351934796476,0.0,-1.8567087782656564e-05,1.5686657439273837e-05,0.0,5.234765508667691e-05
387,3.870496300049126,hold,0.31951567871213565,0.0001274584988591134,3.7932998966425657,9.99070005491376,11293.6,0.0,0.15,3.0,0.0004,15.0,0.01,-0.03395121699484728,0.0,0.20747916377349934,-0.03417632102871501,0.0,0.2072524074221454,0.0,0.0,0.0,0.7004165023287081,0.0,1.1836844009349983,-0.7422322238957123,0.0,-1.2245696262402177,0.5765154137114802,0.0,0.5947976706301616,0.474344547450783,-2.252099356677598,-2.014106292439834,-0.07375948396291032,0.20071696300228625,0.07616171332421101,-0.04573,0.11567000000000001,0.03766,0.00018634470645042118,0.0,0.00020539717924268738,3.875932741731063e-05,0.0,2.1359172111253184e-05
388,3.880311799934134,hold,0.31951567871213565,7.109889704452955e-05,4.264299990609288,9.815499885007739,11293.6,0.0,0.15,3.0,0.0004,15.0,0.01,-0.03395121699484728,0.0,0.20747916377349934,-0.03417632102871501,0.0,0.2072524074221454,0.0,0.0,0.0,0.6872834593680919,0.0,1.16921724275547,-0.7323302060126023,0.0,-1.2138343231249742,0.566295510543017,0.0,0.5871788789631978,0.474344547450783,-2.252099356677598,-2.014106292439834,-0.07562190943674056,0.1992981304390161,0.07617723295524766,-0.04573,0.11029,0.048420000000000005,0.00014043544098130755,0.0,0.00015225351487486172,8.466859288642426e-05,0.0,7.450283647907885e-05
389,3.8903856000397354,hold,0.31951567871213565,3.936529895119297e-05,4.137299954891205,10.07380010560155,11293.6,0.0,0.15,3.0,0.0004,15.0,0.01,-0.03395121699484728,0.0,0.20747916377349934,-0.03417632102871501,0.0,0.2072524074221454,0.0,0.0,0.0,0.6773822046558092,0.0,1.1584828090291308,-0.7248693659147426,0.0,-1.2059329459103523,0.5586037083335651,0.0,0.5815138749070241,0.474344547450783,-2.252099356677598,-2.014106292439834,-0.07702044972625886,0.1982389684951696,0.07619584571507856,-0.04573,0.11029,0.03497,0.00010581341920429634,0.0,0.0001120613400817831,0.00011929061466343547,0.0,0.00011469501127215747
390,3.9005020998883992,hold,0.1561048229910114,3.6846989855668616e-05,3.8187000900506973,10.116499848663807,11293.6,0.0,0.15,3.0,0.0004,15.0,0.01,-0.034178160036232655,0.0,0.20740850141246023,-0.03417632102871501,0.0,0.2072524074221454,0.0,0.0,0.0,0.7253388117222164,0.0,1.1678370384688657,-0.735350792381221,0.0,-1.2051079193684697,0.59285703274916,0.0,0.5899904336804651,0.47281056666289734,-2.252099356677598,-2.014106292439834,-0.07048662012543086,0.20113307199372188,0.07420745225702899,-0.048420000000000005,0.11029,0.03497,-0.0001486529074486724,0.0,1.1700944958723723e-05,0.00014681389993102963,0.0,0.00014439304535610246
391,3.9103019998874515,hold,0.31951567871213565,5.058558679308333e-05,4.063199972733855,9.799899999052286,11293.6,0.0,0.15,3.0,0.0004,15.0,0.01,-0.03395121699484728,0.0,0.20747916377349934,-0.03417632102871501,0.0,0.2072524074221454,0.0,0.0,0.0,0.6803852801033242,0.0,1.1497518024310944,-0.7248075528744349,0.0,-1.1987363527572041,0.5600215030985334,0.0,0.5777502788424668,0.474344547450783,-2.252099356677598,-2.014106292439834,-0.07698358746199738,0.19782954052533053,0.07571025943251018,-0.04573,0.11298000000000001,0.040350000000000004,0.00014952957134450418,0.0,9.036479002134671e-05,7.557446252322764e-05,0.0,0.00013639156133259385
392,3.920310700079426,hold,0.07964610943638345,0.0001195388096859381,4.4884998351335526,10.00870019197464,11293.6,0.0,0.15,3.0,0.0004,15.0,0.01,-0.03424685779110939,0.0,0.20721542002024596,-0.03417632102871501,0.0,0.2072524074221454,0.0,0.0,0.0,0.7420514888902192,0.0,1.2077890608712678,-0.7377687181432465,0.0,-1.212543040409656,0.6085628650899394,0.0,0.6104146962843571,0.47281056666289734,-2.2536333374654833,-2.014106292439834,-0.0669410795217052,0.2047114552182162,0.07480466982183613,-0.040350000000000004,0.1076,0.03497,-0.00018382182113222843,0.0,-0.00019581344851644109,0.00011328505873784865,0.0,0.0001588260466169946
393,3.9302844998892397,hold,0.15972324196535811,3.086811348089488e-05,4.186199977993965,9.9737998098135,11293.6,0.0,0.15,3.0,0.0004,15.0,0.01,-0.034020210851927773,0.0,0.20728618798944942,-0.03417632102871501,0.0,0.2072524074221454,0.0,0.0,0.0,0.6996445270747417,0.0,1.2042938330848416,-0.7285167740109261,0.0,-1.215189900854618,0.578582354169687,0.0,0.6049947380604798,0.474344547450783,-2.2536333374654833,-2.014106292439834,-0.07269981062156528,0.2024018767666208,0.0767838451219585,-0.040350000000000004,0.11567000000000001,0.03766,0.00013121576526064257,0.0,-3.7539117601300017e-05,2.4894411526596026e-05,0.0,7.131968490532036e-05
394,3.94042110000737,hold,0.3957635554420039,0.00021025636557550523,4.638200160115957,10.136600118130445,11293.6,0.0,0.15,3.0,0.0004,15.0,0.01,-0.03406811164323306,0.0,0.20763309038828615,-0.03417632102871501,0.0,0.2072524074221454,0.0,0.0,0.0,0.702106484188262,0.0,1.1222354889598576,-0.7243089894636363,0.0,-1.1904297787642466,0.5714668656966003,0.0,0.5648149913675339,0.474344547450783,-2.252099356677598,-2.0125723116519483,-0.07567293998881022,0.19695320550098716,0.0676222080028307,-0.03497,0.11567000000000001,0.04304,5.9676935088242246e-05,0.0,0.00035116061246904477,4.853245039370767e-05,0.0,2.9522353671699274e-05
395,3.9501769999042153,hold,0.3957635554420039,0.0001068066557957014,4.477799870073795,9.755899896845222,11293.6,0.0,0.15,3.0,0.0004,15.0,0.01,-0.03406811164323306,0.0,0.20763309038828615,-0.03417632102871501,0.0,0.2072524074221454,0.0,0.0,0.0,0.6978951524382004,0.0,1.0975030191688537,-0.7201713511620969,0.0,-1.173014270828136,0.5666848198211175,0.0,0.5532145732927822,0.474344547450783,-2.252099356677598,-2.0125723116519483,-0.07691572857789428,0.19527663023684566,0.06682153180687762,-0.03766,0.11298000000000001,0.03497,5.868208544533023e-05,0.0,0.00024699556855910476,4.952730003661968e-05,0.0,0.00013368739758163928
396,3.960278999991715,hold,0.31951567871213565,5.105979652749558e-05,4.157699877396226,10.102000087499619,11293.6,0.0,0.15,3.0,0.0004,15.0,0.01,-0.03395121699484728,0.0,0.20747916377349934,-0.03417632102871501,0.0,0.2072524074221454,0.0,0.0,0.0,0.6652132160641461,0.0,1.1176763177355271,-0.7078365048830871,0.0,-1.1719989103720976,0.5470420228653456,0.0,0.5619231629356521,0.474344547450783,-2.252099356677598,-2.014106292439834,-0.0796315553305604,0.19525399503608798,0.07511310003589967,-0.03497,0.11029,0.03766,0.00017493904748284615,0.0,1.4400357087008777e-05,5.0164986384885666e-05,0.0,0.0002123559942669318
397,3.970364199951291,hold,0.3957635554420039,5.0630458040007136e-05,4.088300047442317,10.08519995957613,11293.6,0.0,0.15,3.0,0.0004,15.0,0.01,-0.03406811164323306,0.0,0.20763309038828615,-0.03417632102871501,0.0,0.2072524074221454,0.0,0.0,0.0,0.6814322589209896,0.0,1.0790625955304363,-0.7071160553800135,0.0,-1.1596955642161308,0.5538775122115799,0.0,0.5435630052701805,0.474344547450783,-2.252099356677598,-2.0125723116519483,-0.07925754414703433,0.19348242032871865,0.06682746092889202,-0.04304,0.11298000000000001,0.04573,1.0217780341669483e-05,0.0,0.00017449229675761782,9.799160514028043e-05,0.0,0.00020619066938312622
398,3.9803073999937624,hold,0.31951567871213565,3.3324315839340265e-05,4.108699969947338,9.94320004247129,11293.6,0.0,0.15,3.0,0.0004,15.0,0.01,-0.03395121699484728,0.0,0.20747916377349934,-0.03417632102871501,0.0,0.2072524074221454,0.0,0.0,0.0,0.6521587204462078,0.0,1.1043588486626656,-0.6973730220061163,0.0,-1.1619419498003853,0.5369644125032943,0.0,0.554836144709382,0.474344547450783,-2.252099356677598,-2.014106292439834,-0.0814484887971202,0.193908455193119,0.07517109498953711,-0.048420000000000005,0.10491,0.03497,0.0001381806420176964,0.0,-3.185937996304e-05,8.692339185003542e-05,0.0,0.00025861573131698057
399,3.9902635000180453,hold,0.31951567871213565,1.7347913244602447e-05,3.968000179156661,9.956100024282932,11293.6,0.0,0.15,3.0,0.0004,15.0,0.01,-0.03395121699484728,0.0,0.20747916377349934,-0.03417632102871501,0.0,0.2072524074221454,0.0,0.0,0.0,0.6424250730911046,0.0,1.1065935107978349,-0.6901757289373552,0.0,-1.1624346081162302,0.5303790871868911,0.0,0.5551149729387193,0.474344547450783,-2.252099356677598,-2.014106292439834,-0.0824101672341225,0.19364669880416596,0.0757013889059325,-0.048420000000000005,0.10491,0.04304,0.00010207566153836456,0.0,-6.987130164327334e-06,0.00012302837232936725,0.0,0.0002337434815182679
400,4.000268700066954,hold,0.15972324196535811,5.3658519306612225e-05,3.8889998104423285,10.005200048908591,11293.6,0.0,0.15,3.0,0.0004,15.0,0.01,-0.034020210851927773,0.0,0.20728618798944942,-0.03417632102871501,0.0,0.2072524074221454,0.0,0.0,0.0,0.652075874087397,0.0,1.154208223953053,-0.6896989637715778,0.0,-1.1751132615501143,0.5416927023278644,0.0,0.5784113002722489,0.474344547450783,-2.2536333374654833,-2.014106292439834,-0.07937496705564083,0.1974011203376307,0.0769406394578802,-0.03497,0.1076,0.04573,6.761725447364898e-06,0.0,-0.00017981509496905082,0.0001493484513398737,0.0,0.00021359566227307117
401,4.0102442998904735,hold,0.31951567871213565,3.1214089740927705e-05,4.163000034168363,9.975599823519588,11293.6,0.0,0.15,3.0,0.0004,15.0,0.01,-0.03395121699484728,0.0,0.20747916377349934,-0.03417632102871501,0.0,0.2072524074221454,0.0,0.0,0.0,0.6347464084462143,0.0,1.11974830649589,-0.6836524744424016,0.0,-1.1675579828646558,0.5260537980676632,0.0,0.5605446949031985,0.474344547450783,-2.252099356677598,-2.014106292439834,-0.08280071756881938,0.19413461809010996,0.07657584929770894,-0.040350000000000004,0.11029,0.04573,8.575437909277183e-05,0.0,0.00010715279516297749,0.00013934965477495998,0.0,0.00011960355619096308
402,4.020273299887776,hold,0.31951567871213565,2.5249427605519093e-05,4.030600190162659,10.02899999730289,11293.6,0.0,0.15,3.0,0.0004,15.0,0.01,-0.03395121699484728,0.0,0.20747916377349934,-0.03417632102871501,0.0,0.2072524074221454,0.0,0.0,0.0,0.6287054006331381,0.0,1.1122072500040123,-0.6788081892207314,0.0,-1.1603274100306638,0.5212851204184434,0.0,0.5566348043693756,0.474344547450783,-2.252099356677598,-2.014106292439834,-0.08368604672799752,0.19342794538311173,0.07654749837698341,-0.03766,0.1076,0.03766,6.870411055355687e-05,0.0,0.00010254765205192936,0.00015639992331417494,0.0,0.0001242086993020112
403,4.030260199913755,hold,0.31951567871213565,2.15074232268985e-05,4.0438000578433275,9.986900025978684,11293.6,0.0,0.15,3.0,0.0004,15.0,0.01,-0.03395121699484728,0.0,0.20747916377349934,-0.03417632102871501,0.0,0.2072524074221454,0.0,0.0,0.0,0.6238613933857212,0.0,1.104976730700377,-0.6747074601310252,0.0,-1.1534204359744267,0.5173709657877726,0.0,0.5529583156177379,0.474344547450783,-2.252099356677598,-2.014106292439834,-0.08443419918952777,0.1927891430423872,0.0764773710397236,-0.04573,0.11029,0.040350000000000004,5.8158620278808075e-05,0.0,9.795821002188141e-05,0.00016694541358892374,0.0,0.00012879814133205916
404,4.040306699927896,hold,0.31951567871213565,1.9142439844160843e-05,3.9482000283896923,10.046500014141202,11293.6,0.0,0.15,3.0,0.0004,15.0,0.01,-0.03395121699484728,0.0,0.20747916377349934,-0.03417632102871501,0.0,0.2072524074221454,0.0,0.0,0.0,0.6197608414881184,0.0,1.098069833843491,-0.6709949847849237,0.0,-1.146814011348574,0.5139975363480456,0.0,0.5494865862588159,0.474344547450783,-2.252099356677598,-2.014106292439834,-0.08509292664618578,0.19220046486496262,0.07638653148024077,-0.04304,0.10222,0.040350000000000004,5.2652208723162353e-05,0.0,9.369566552933561e-05,0.00017245182514456946,0.0,0.00013306068582460496
405,4.0502704998943955,hold,0.31951567871213565,1.7694181881441904e-05,4.015600075945258,9.96379996649921,11293.6,0.0,0.15,3.0,0.0004,15.0,0.01,-0.03395121699484728,0.0,0.20747916377349934,-0.03417632102871501,0.0,0.2072524074221454,0.0,0.0,0.0,0.6160484586243093,0.0,1.0914634808831152,-0.6674084678072372,0.0,-1.1404721313739064,0.5109164728701512,0.0,0.5461819371588977,0.474344547450783,-2.252099356677598,-2.014106292439834,-0.08570071249105944,0.1916459776769407,0.07629014594992548,-0.05111,0.1076,0.040350000000000004,5.0865803242739393e-05,0.0,8.994375908087757e-05,0.00017423823062499242,0.0,0.000136812592273063
406,4.0602766999509186,hold,0.07964610943638345,0.00015537790597454655,3.9445001166313887,10.006200056523085,11293.6,0.0,0.15,3.0,0.0004,15.0,0.01,-0.03424685779110939,0.0,0.20721542002024596,-0.03417632102871501,0.0,0.2072524074221454,0.0,0.0,0.0,0.6846540338321375,0.0,1.149524837318778,-0.6848653182470638,0.0,-1.1531761500548263,0.5642104919117579,0.0,0.5792970494303129,0.47281056666289734,-2.2536333374654833,-2.014106292439834,-0.07493170234369542,0.1988116312267496,0.07508814724004209,-0.05111,0.10491,0.03497,-0.0002475819089201446,0.0,-0.0001801748377704836,0.0001770451465257648,0.0,0.0001431874358710371
407,4.070236699888483,hold,0.15972324196535811,1.5204892231611998e-05,4.141200101003051,9.959999937564135,11293.6,0.0,0.15,3.0,0.0004,15.0,0.01,-0.034020210851927773,0.0,0.20728618798944942,-0.03417632102871501,0.0,0.2072524074221454,0.0,0.0,0.0,0.6467421985784108,0.0,1.1449266794518982,-0.6781676741196957,0.0,-1.1540457705685956,0.5372741779608406,0.0,0.5737530851661108,0.474344547450783,-2.2536333374654833,-2.014106292439834,-0.0802423359697494,0.19661664765186881,0.07681175711423964,-0.04573,0.11298000000000001,0.04304,9.498938677612017e-05,0.0,-1.2333399290855749e-05,6.112079001111842e-05,0.0,4.61139665948761e-05
408,4.080280099995434,hold,0.31951567871213565,0.0001277897281843396,4.473000066354871,10.043400106951594,11293.6,0.0,0.15,3.0,0.0004,15.0,0.01,-0.03395121699484728,0.0,0.20747916377349934,-0.03417632102871501,0.0,0.2072524074221454,0.0,0.0,0.0,0.6232136720499509,0.0,1.0986780332323534,-0.6667083445273211,0.0,-1.1381695950264084,0.5164405121697182,0.0,0.550028339650859,0.474344547450783,-2.252099356677598,-2.014106292439834,-0.08470652289930745,0.19237871251766575,0.07625451060598396,-0.05111,0.1076,0.04304,0.00016252202567723775,0.0,0.00022516397563437506,6.258200819049406e-05,0.0,1.592375719565507e-06
409,4.090036700014025,hold,0.31951567871213565,8.260105653587127e-05,4.552299855276942,9.756600018590689,11293.6,0.0,0.15,3.0,0.0004,15.0,0.01,-0.03395121699484728,0.0,0.20747916377349934,-0.03417632102871501,0.0,0.2072524074221454,0.0,0.0,0.0,0.6117599801038366,0.0,1.0828168788610824,-0.6573601185777174,0.0,-1.1255041364400495,0.5072797870025438,0.0,0.5419002570839274,0.474344547450783,-2.252099356677598,-2.014106292439834,-0.08643561463488314,0.1909435692480654,0.07613816091280662,-0.048420000000000005,0.10491,0.040350000000000004,0.000132581282837794,0.0,0.00017962795894760998,9.25227510299378e-05,0.0,4.712839240633059e-05
410,4.100477299885824,hold,0.3957635554420039,0.00014769890657077777,4.272500053048134,10.44059987179935,11293.6,0.0,0.15,3.0,0.0004,15.0,0.01,-0.03406811164323306,0.0,0.20763309038828615,-0.03417632102871501,0.0,0.2072524074221454,0.0,0.0,0.0,0.6309565697517016,0.0,1.032565063321143,-0.6580113315453172,0.0,-1.1044643493360136,0.5153654054627276,0.0,0.5185521340717054,0.474344547450783,-2.252099356677598,-2.0125723116519483,-0.08611466514427538,0.1885921734334019,0.06724808625077905,-0.05111,0.11029,0.040350000000000004,-9.235832671402005e-06,0.0,0.0002983969343408335,0.00011744521815335192,0.0,8.228603179991051e-05
411,4.1102648000232875,hold,0.31951567871213565,3.5531964078879075e-05,4.0518001187592745,9.787500137463212,11293.6,0.0,0.15,3.0,0.0004,15.0,0.01,-0.03395121699484728,0.0,0.20747916377349934,-0.03417632102871501,0.0,0.2072524074221454,0.0,0.0,0.0,0.6030543232547178,0.0,1.0491255512303541,-0.6484748541205796,0.0,-1.1005081528590792,0.49866514938357376,0.0,0.5258278697226859,0.474344547450783,-2.252099356677598,-2.014106292439834,-0.08844894726523306,0.18853391556828947,0.07518345221160184,-0.048420000000000005,0.09953000000000001,0.03766,0.00013525116075943427,0.0,5.6108785442071624e-05,8.985287310829754e-05,0.0,0.00017064756591186894
412,4.1202837999444455,hold,0.15972324196535811,3.719105551640153e-05,3.958800109103322,10.018999921157956,11293.6,0.0,0.15,3.0,0.0004,15.0,0.01,-0.034020210851927773,0.0,0.20728618798944942,-0.03417632102871501,0.0,0.2072524074221454,0.0,0.0,0.0,0.6103744558389174,0.0,1.0922806894273691,-0.6456216624068372,0.0,-1.1106783280588404,0.5079656718639433,0.0,0.5468603581773098,0.474344547450783,-2.2536333374654833,-2.014106292439834,-0.08581133732782,0.19191721743002618,0.07635811177803375,-0.04573,0.10491,0.04304,4.046541232844027e-05,0.0,-0.0001442385840841389,0.00011564476445879833,0.0,0.00017801915138815924
413,4.130254599964246,hold,0.15972324196535811,1.2665734260409647e-05,4.004599992185831,9.970800019800663,11293.6,0.0,0.15,3.0,0.0004,15.0,0.01,-0.034020210851927773,0.0,0.20728618798944942,-0.03417632102871501,0.0,0.2072524074221454,0.0,0.0,0.0,0.6075160420628267,0.0,1.102435229361547,-0.6422620487262042,0.0,-1.115846519105825,0.5067625538870211,0.0,0.5512873262621362,0.474344547450783,-2.2536333374654833,-2.014106292439834,-0.08578541154263812,0.1924202889686109,0.07689351585195678,-0.05918,0.1076,0.03766,4.764774557429387e-05,0.0,-7.329790728786066e-05,0.00010846243121294472,0.0,0.000107078474591881
414,4.140302200103179,hold,0.15972324196535811,5.332608505810498e-06,4.112600116059184,10.047600138932467,11293.6,0.0,0.15,3.0,0.0004,15.0,0.01,-0.034020210851927773,0.0,0.20728618798944942,-0.03417632102871501,0.0,0.2072524074221454,0.0,0.0,0.0,0.6041563162160553,0.0,1.107602251849935,-0.6385297439597741,0.0,-1.1172844783013223,0.5048272888462886,0.0,0.5533932416555717,0.474344547450783,-2.2536333374654833,-2.014106292439834,-0.08597450231531663,0.1925984314218976,0.077252383549781,-0.05111,0.1076,0.03766,5.293343962186665e-05,0.0,-2.039386679731341e-05,0.00010317673716537195,0.0,5.417443410133376e-05
415,4.150234099943191,hold,0.31951567871213565,0.00010113894649024048,4.043699940666556,9.931899840012193,11293.6,0.0,0.15,3.0,0.0004,15.0,0.01,-0.03395121699484728,0.0,0.20747916377349934,-0.03417632102871501,0.0,0.2072524074221454,0.0,0.0,0.0,0.5835764208820776,0.0,1.061916867879423,-0.6296149854920999,0.0,-1.1023197223416097,0.4861224904245763,0.0,0.5301905357478935,0.474344547450783,-2.252099356677598,-2.014106292439834,-0.09010452963622125,0.18851724989263166,0.07657772609357141,-0.040350000000000004,0.10491,0.04304,0.00012643362710797906,0.0,0.00021223776074617877,9.867040675975275e-05,0.0,1.4518590607761792e-05
416,4.1602252998854965,hold,0.31951567871213565,6.233168664552588e-05,4.119700053706765,9.991199942305684,11293.6,0.0,0.15,3.0,0.0004,15.0,0.01,-0.03395121699484728,0.0,0.20747916377349934,-0.03417632102871501,0.0,0.2072524074221454,0.0,0.0,0.0,0.5746672277870122,0.0,1.046967223636206,-0.6223569395605817,0.0,-1.0907302517241677,0.47879744253748774,0.0,0.5226735689887143,0.474344547450783,-2.252099356677598,-2.014106292439834,-0.0915338978678455,0.18724170465902068,0.07638263659389644,-0.04304,0.09953000000000001,0.04304,0.00010293728945833891,0.0,0.00016436775171619665,0.0001221667444093929,0.0,6.238859963774392e-05
417,4.170236099977046,hold,0.31951567871213565,3.884758124763711e-05,4.070899914950132,10.010800091549754,11293.6,0.0,0.15,3.0,0.0004,15.0,0.01,-0.03395121699484728,0.0,0.20747916377349934,-0.03417632102871501,0.0,0.2072524074221454,0.0,0.0,0.0,0.5674095682477004,0.0,1.0353785338241928,-0.6163101856233765,0.0,-1.081787125281709,0.47287528851008287,0.0,0.5168197249386245,0.474344547450783,-2.252099356677598,-2.014106292439834,-0.09267924452675602,0.18623855724375846,0.07624732183854896,-0.05111,0.10222,0.04304,8.575813189807836e-05,0.0,0.00012683595611764534,0.00013934590196965345,0.0,9.992039523629522e-05
418,4.18024339992553,hold,0.31951567871213565,2.5221477753096566e-05,4.058900056406856,10.007299948483706,11293.6,0.0,0.15,3.0,0.0004,15.0,0.01,-0.03395121699484728,0.0,0.20747916377349934,-0.03417632102871501,0.0,0.2072524074221454,0.0,0.0,0.0,0.5613631030479844,0.0,1.0264360382736104,-0.6110959343160882,0.0,-1.0748246532664165,0.467995828154495,0.0,0.5122685106542718,0.474344547450783,-2.252099356677598,-2.014106292439834,-0.09361043682500934,0.18544623436774826,0.0761631056201513,-0.048420000000000005,0.1076,0.04573,7.39511572661783e-05,0.0,9.874531023170959e-05,0.00015115287660155352,0.0,0.00012801104112223098
419,4.19026770000346,hold,0.07964610943638345,0.00014840230408439775,3.90440016053617,10.024300077930093,11293.6,0.0,0.15,3.0,0.0004,15.0,0.01,-0.03424685779110939,0.0,0.20721542002024596,-0.03417632102871501,0.0,0.2072524074221454,0.0,0.0,0.0,0.6283411123821533,0.0,1.083877211725136,-0.6275056502654722,0.0,-1.088088443626405,0.5200398258896781,0.0,0.5448826627486035,0.47281056666289734,-2.2536333374654833,-2.014106292439834,-0.08304794807477331,0.19250485511380194,0.07502786406563389,-0.05918,0.10222,0.04304,-0.00023273091635802467,0.0,-0.00018811380369912793,0.0001621941539636449,0.0,0.00015112640179968143
420,4.200275500072166,hold,0.1561048229910114,1.9622303966020224e-05,4.002599976956844,10.007800068706274,11293.6,0.0,0.15,3.0,0.0004,15.0,0.01,-0.034178160036232655,0.0,0.20740850141246023,-0.03417632102871501,0.0,0.2072524074221454,0.0,0.0,0.0,0.6279516445751754,0.0,1.0499715839870574,-0.6314908241836905,0.0,-1.0815321260060016,0.516244005965902,0.0,0.5285899528112249,0.47281056666289734,-2.252099356677598,-2.014106292439834,-0.08465369933751385,0.18996830346145122,0.07391288253630059,-0.04304,0.10491,0.04304,-5.6519758214818315e-05,0.0,9.29850225584224e-05,5.468075069717555e-05,0.0,6.310896775640377e-05
421,4.210263499990106,hold,0.1561048229910114,1.162646372229487e-05,4.015200072899461,9.987999917939305,11293.6,0.0,0.15,3.0,0.0004,15.0,0.01,-0.034178160036232655,0.0,0.20740850141246023,-0.03417632102871501,0.0,0.2072524074221454,0.0,0.0,0.0,0.6319406648811378,0.0,1.0434296063866257,-0.6318122301655492,0.0,-1.0756350004891324,0.518509940075126,0.0,0.525902629742779,0.47281056666289734,-2.252099356677598,-2.014106292439834,-0.08444264405388557,0.18973184009572774,0.07347050142761474,-0.04304,0.11029,0.04304,-4.558342686225817e-06,0.0,8.363602573332679e-05,2.7193351685830518e-06,0.0,7.245796458149939e-05
422,4.220272900070995,hold,0.31951567871213565,0.00014772665479352803,4.068700131028891,10.009400080889463,11293.6,0.0,0.15,3.0,0.0004,15.0,0.01,-0.03395121699484728,0.0,0.20747916377349934,-0.03417632102871501,0.0,0.2072524074221454,0.0,0.0,0.0,0.576844323803003,0.0,1.0202776830303077,-0.613489027107805,0.0,-1.0652696643110213,0.4782708715718756,0.0,0.5106341029224132,0.474344547450783,-2.252099356677598,-2.014106292439834,-0.0921650475167565,0.1857038132067821,0.07521541272765084,-0.04304,0.1076,0.03497,0.00025986896125420456,0.0,0.0001470064560856284,-3.4764927386472745e-05,0.0,7.974989526831217e-05
423,4.230268100043759,hold,0.31951567871213565,8.496401249430376e-05,3.978300141170621,9.995199972763658,11293.6,0.0,0.15,3.0,0.0004,15.0,0.01,-0.03395121699484728,0.0,0.20747916377349934,-0.03417632102871501,0.0,0.2072524074221454,0.0,0.0,0.0,0.5585390462687857,0.0,1.0099182469991936,-0.5996844538564532,0.0,-1.057249327981978,0.46477463165576893,0.0,0.5044989761025221,0.474344547450783,-2.252099356677598,-2.014106292439834,-0.09444412635739112,0.18432389952828515,0.07562964361279828,-0.0538,0.10491,0.040350000000000004,0.0001957834610073901,0.0,0.00011374847859130161,2.9320572860341707e-05,0.0,0.00011300787276263896
424,4.240310400025919,hold,0.31951567871213565,4.8227776565625326e-05,3.998200176283717,10.04229998216033,11293.6,0.0,0.15,3.0,0.0004,15.0,0.01,-0.03395121699484728,0.0,0.20747916377349934,-0.03417632102871501,0.0,0.2072524074221454,0.0,0.0,0.0,0.5447355222065693,0.0,1.0018984609323742,-0.5894397176448313,0.0,-1.050946256536154,0.454581594419463,0.0,0.4997775123717107,0.474344547450783,-2.252099356677598,-2.014106292439834,-0.09616944048833793,0.18327066363069627,0.07593367557488814,-0.048420000000000005,0.09953000000000001,0.040350000000000004,0.00014529604617967185,0.0,8.939335683697452e-05,7.980798768805996e-05,0.0,0.00013736299451696604
425,4.250266199931502,hold,0.1561048229910114,2.4833602798380213e-05,4.091199953109026,9.955799905583262,11293.6,0.0,0.15,3.0,0.0004,15.0,0.01,-0.034178160036232655,0.0,0.20740850141246023,-0.03417632102871501,0.0,0.2072524074221454,0.0,0.0,0.0,0.5899084999041134,0.0,1.0128507299144123,-0.598070757943096,0.0,-1.0508691088539404,0.48700042490772155,0.0,0.5086868417108326,0.47281056666289734,-2.252099356677598,-2.014106292439834,-0.08989816263734866,0.1861513262957258,0.07415441722319999,-0.048420000000000005,0.09953000000000001,0.03766,-0.00012240979209719914,0.0,1.094147566714016e-06,0.00012057078457955637,0.0,0.00015499984274811216
426,4.260299399960786,hold,0.31951567871213565,5.819425210945704e-05,4.143900005146861,10.033200029283762,11293.6,0.0,0.15,3.0,0.0004,15.0,0.01,-0.03395121699484728,0.0,0.20747916377349934,-0.03417632102871501,0.0,0.2072524074221454,0.0,0.0,0.0,0.5431048046774053,0.0,0.9955131700127736,-0.586423536261287,0.0,-1.0446301198795018,0.4529622513213333,0.0,0.4967328871958293,0.474344547450783,-2.252099356677598,-2.014106292439834,-0.09654897375799056,0.18281476347154466,0.07575186619384922,-0.0538,0.10491,0.03497,0.000165186806608572,0.0,8.848450671830236e-05,5.99172272591598e-05,0.0,0.0001382718446356382
427,4.270036400062963,hold,0.31951567871213565,3.443475940752806e-05,4.2662001214921474,9.737000102177262,11293.6,0.0,0.15,3.0,0.0004,15.0,0.01,-0.03395121699484728,0.0,0.20747916377349934,-0.03417632102871501,0.0,0.2072524074221454,0.0,0.0,0.0,0.5314751470042042,0.0,0.9892796860929624,-0.5777516588268101,0.0,-1.039328910585011,0.44441442987182944,0.0,0.4929943033177995,0.474344547450783,-2.252099356677598,-2.014106292439834,-0.0979856657071872,0.18195929617298268,0.0760289695911074,-0.056490000000000005,0.09953000000000001,0.04573,0.0001229889650799248,0.0,7.518443955508122e-05,0.000102115068787807,0.0,0.00015157191179885935
428,4.280152899911627,hold,0.07964610943638345,0.00013761067321819084,4.133000038564205,10.116499848663807,11293.6,0.0,0.15,3.0,0.0004,15.0,0.01,-0.03424685779110939,0.0,0.20721542002024596,-0.03417632102871501,0.0,0.2072524074221454,0.0,0.0,0.0,0.5949960129461115,0.0,1.0483818648874956,-0.5923626248860829,0.0,-1.05344810640026,0.49414589085614946,0.0,0.5260508664516171,0.47281056666289734,-2.2536333374654833,-2.014106292439834,-0.08774379296965644,0.18897672672174026,0.0751268705405558,-0.05111,0.09953000000000001,0.04573,-0.00020722013289804737,0.0,-0.00020024559781881414,0.0001366833705036676,0.0,0.00016325819591936764
429,4.290266900090501,hold,0.1561048229910114,1.708141485453476e-05,4.064799984917045,10.114000178873539,11293.6,0.0,0.15,3.0,0.0004,15.0,0.01,-0.034178160036232655,0.0,0.20740850141246023,-0.03417632102871501,0.0,0.2072524074221454,0.0,0.0,0.0,0.5928081907361529,0.0,1.0153314505123248,-0.5957727198143161,0.0,-1.0471540221027595,0.4892026568273433,0.0,0.5100443421051843,0.47281056666289734,-2.252099356677598,-2.014106292439834,-0.08950974694389852,0.18642098480874417,0.07412207087430958,-0.048420000000000005,0.10491,0.048420000000000005,-4.836369623725042e-05,0.0,8.926589654020985e-05,4.6524688719607654e-05,0.0,6.682809377461633e-05
430,4.300302000017837,hold,0.31951567871213565,0.00012210990540459718,4.127199994400144,10.035099927335978,11293.6,0.0,0.15,3.0,0.0004,15.0,0.01,-0.03395121699484728,0.0,0.20747916377349934,-0.03417632102871501,0.0,0.2072524074221454,0.0,0.0,0.0,0.5408055584954856,0.0,0.991796633759114,-0.5801728592623979,0.0,-1.0360646548090635,0.4510826454340287,0.0,0.49485769902304644,0.474344547450783,-2.252099356677598,-2.014106292439834,-0.09691328344405065,0.18249420792972743,0.07570718802405142,-0.048420000000000005,0.10222,0.04304,0.0002212451362658483,0.0,0.00015727503267291392,3.8588976018835025e-06,0.0,6.948131868102664e-05
431,4.310322399949655,hold,0.31951567871213565,7.063943855205701e-05,4.201600095257163,10.020399931818247,11293.6,0.0,0.15,3.0,0.0004,15.0,0.01,-0.03395121699484728,0.0,0.20747916377349934,-0.03417632102871501,0.0,0.2072524074221454,0.0,0.0,0.0,0.5252235277429528,0.0,0.9807130647093613,-0.5686616472095147,0.0,-1.0271534083906477,0.4394212727486375,0.0,0.4885993212964175,0.474344547450783,-2.252099356677598,-2.014106292439834,-0.09892650369541602,0.18118149731510225,0.0759690941309171,-0.048420000000000005,0.09953000000000001,0.04304,0.0001632578490525058,0.0,0.00012638381744370988,6.1846184815226e-05,0.0,0.00010037253391023069
432,4.32023199996911,hold,0.1561048229910114,2.1905968078004436e-05,4.048799863085151,9.909600019454956,11293.6,0.0,0.15,3.0,0.0004,15.0,0.01,-0.034178160036232655,0.0,0.20740850141246023,-0.03417632102871501,0.0,0.2072524074221454,0.0,0.0,0.0,0.5691301275711358,0.0,0.989057259919519,-0.5764640844044576,0.0,-1.0249534361060528,0.4707582636982972,0.0,0.496206115842263,0.47281056666289734,-2.252099356677598,-2.014106292439834,-0.09287685331805988,0.1838518561952131,0.07414569189023414,-0.056490000000000005,0.10222,0.03766,-0.00011065812252972912,0.0,3.1201123001476695e-05,0.00010881911501208635,0.0,0.00012489286731334949
433,4.330273000057787,hold,0.07964610943638345,6.664942114495103e-05,4.101899918168783,10.04100008867681,11293.6,0.0,0.15,3.0,0.0004,15.0,0.01,-0.03424685779110939,0.0,0.20721542002024596,-0.03417632102871501,0.0,0.2072524074221454,0.0,0.0,0.0,0.5936899958959031,0.0,1.0340001645107035,-0.5854356198314594,0.0,-1.0358832035105727,0.49212670499099276,0.0,0.5193648853233626,0.47281056666289734,-2.2536333374654833,-2.014106292439834,-0.08835126347625213,0.18804470392547118,0.07461257236531596,-0.05111,0.10222,0.040350000000000004,-0.00012723886674851243,0.0,-0.0001550115060784743,5.670210435413265e-05,0.0,0.00011802410417902781
434,4.3402317999862134,hold,0.31951567871213565,0.00015360193523261532,4.086100030690432,9.958799928426743,11293.6,0.0,0.15,3.0,0.0004,15.0,0.01,-0.03395121699484728,0.0,0.20747916377349934,-0.03417632102871501,0.0,0.2072524074221454,0.0,0.0,0.0,0.5304630042856913,0.0,0.980510865058882,-0.5687410644689843,0.0,-1.0223888481370433,0.4430424534513046,0.0,0.48890686643531706,0.474344547450783,-2.252099356677598,-2.014106292439834,-0.09837651232976152,0.18138339529747444,0.07572371147476059,-0.05111,0.09953000000000001,0.04304,0.0002367706534155116,0.0,0.00019138379368841056,-1.1666619547779798e-05,0.0,3.5372557665530005e-05
435,4.350252399919555,hold,0.1561048229910114,1.5698938338261087e-05,4.053800133988261,10.020599933341146,11293.6,0.0,0.15,3.0,0.0004,15.0,0.01,-0.034178160036232655,0.0,0.20740850141246023,-0.03417632102871501,0.0,0.2072524074221454,0.0,0.0,0.0,0.569208345839515,0.0,0.9842916397949814,-0.5728392570640973,0.0,-1.0168841562775344,0.47044696802499403,0.0,0.4940315802554351,0.47281056666289734,-2.252099356677598,-2.014106292439834,-0.09302331264694587,0.18356425213114258,0.07395166455731503,-0.06456,0.09684000000000001,0.04304,-5.8122646425706756e-05,0.0,7.807033252029964e-05,5.628363890806399e-05,0.0,7.802365779452654e-05
436,4.360268600052223,hold,0.07964610943638345,3.9329241045068836e-05,4.421700024977326,10.016200132668018,11293.6,0.0,0.15,3.0,0.0004,15.0,0.01,-0.03424685779110939,0.0,0.20721542002024596,-0.03417632102871501,0.0,0.2072524074221454,0.0,0.0,0.0,0.5900642855903301,0.0,1.025930096937877,-0.5793424518959734,0.0,-1.0255845114492423,0.4889854574898674,0.0,0.5153893623877928,0.47281056666289734,-2.2536333374654833,-2.014106292439834,-0.08899912961412518,0.18740379613243402,0.07445539598525988,-0.0538,0.09953000000000001,0.040350000000000004,-9.223160822196377e-05,0.0,-0.00012339285079629274,2.1694845827583984e-05,0.0,8.640544889684625e-05
437,4.3700794000178576,hold,0.31951567871213565,0.0001836702753362595,4.2489999905228615,9.810799965634942,11293.6,0.0,0.15,3.0,0.0004,15.0,0.01,-0.03395121699484728,0.0,0.20747916377349934,-0.03417632102871501,0.0,0.2072524074221454,0.0,0.0,0.0,0.5243692480875417,0.0,0.9702116416649312,-0.5611690238431696,0.0,-1.0107272795799358,0.43802658804056505,0.0,0.48373158191887505,0.474344547450783,-2.252099356677598,-2.014106292439834,-0.09935656652066698,0.18050643727225657,0.0755873147298146,-0.05111,0.10222,0.04573,0.00025774477615223067,0.0,0.00021071279954831763,-3.2640742284498854e-05,0.0,1.6043551805622932e-05
438,4.380428399890661,hold,0.1561048229910114,1.6611759618465305e-05,3.9744998794049025,10.348999872803688,11293.6,0.0,0.15,3.0,0.0004,15.0,0.01,-0.034178160036232655,0.0,0.20740850141246023,-0.03417632102871501,0.0,0.2072524074221454,0.0,0.0,0.0,0.561635952837675,0.0,0.9726297464872745,-0.5645462213030642,0.0,-1.004528100910767,0.46429832150429756,0.0,0.48811474447493247,0.47281056666289734,-2.252099356677598,-2.014106292439834,-0.09420597832912805,0.18254375199915113,0.07382894792789035,-0.048420000000000005,0.10222,0.040350000000000004,-4.7897127652155874e-05,0.0,8.791989677291954e-05,4.605812013451311e-05,0.0,6.817409354190664e-05
439,4.390398799907416,hold,0.1915359974814201,1.961667870456183e-05,3.899000119417906,9.970400016754866,11293.6,0.0,0.15,3.0,0.0004,15.0,0.01,-0.03413734148315857,0.0,0.20743993510905967,-0.03417632102871501,0.0,0.2072524074221454,0.0,0.0,0.0,0.5550284626920017,0.0,0.9587498888448573,-0.5630643107704734,0.0,-0.9970012172736246,0.4579615125194998,0.0,0.47981908222837316,0.474344547450783,-2.2536333374654833,-2.0125723116519483,-0.09610243795584217,0.1814441853986767,0.06751963466604971,-0.06994,0.09953000000000001,0.04304,2.1017206956798733e-05,0.0,0.00010675008218275254,1.7962338599643053e-05,0.0,8.077760473151582e-05
440,4.400229000020772,hold,0.1561048229910114,5.110485285770623e-06,4.221000010147691,9.830200113356113,11293.6,0.0,0.15,3.0,0.0004,15.0,0.01,-0.034178160036232655,0.0,0.20740850141246023,-0.03417632102871501,0.0,0.2072524074221454,0.0,0.0,0.0,0.5635168639304876,0.0,0.9589015410044507,-0.5641878301540902,0.0,-0.993250329371814,0.4645503032561326,0.0,0.48197761194232813,0.47281056666289734,-2.252099356677598,-2.014106292439834,-0.09445210957414571,0.1817827942294094,0.07319493776661137,-0.04304,0.09953000000000001,0.02959,-1.5934321867708796e-05,0.0,5.319699507518746e-05,1.409531435006603e-05,0.0,0.00010289699523963872
441,4.410428599920124,hold,0.07964610943638345,4.308870209668262e-05,4.0258001536130905,10.199599899351597,11293.6,0.0,0.15,3.0,0.0004,15.0,0.01,-0.03424685779110939,0.0,0.20721542002024596,-0.03417632102871501,0.0,0.2072524074221454,0.0,0.0,0.0,0.5814121728270257,0.0,1.0022966931369812,-0.5689890131987729,0.0,-1.003556383304406,0.4811509354062826,0.0,0.5038990175847619,0.47281056666289734,-2.2536333374654833,-2.014106292439834,-0.09068780167645646,0.1856070131895472,0.073905796971496,-0.040350000000000004,0.09953000000000001,0.03228,-6.809281361348392e-05,0.0,-0.00014616568520538242,-2.443948780895866e-06,0.0,0.00010917828330593593
442,4.420037399977446,hold,0.1561048229910114,2.6078214126172295e-05,4.3570001143962145,9.608800057321787,11293.6,0.0,0.15,3.0,0.0004,15.0,0.01,-0.034178160036232655,0.0,0.20740850141246023,-0.03417632102871501,0.0,0.2072524074221454,0.0,0.0,0.0,0.569432269094354,0.0,0.9654388274669221,-0.566271547691949,0.0,-0.995139137698049,0.469156151375998,0.0,0.4854225494578263,0.47281056666289734,-2.252099356677598,-2.014106292439834,-0.09361178460509886,0.18242300116284024,0.07318796942940115,-0.056490000000000005,0.10491,0.03497,3.854047440706615e-05,0.0,0.00011937764731702112,-4.0379481924708914e-05,0.0,3.6716342997805064e-05
443,4.4301553000696,hold,0.1561048229910114,1.825331098915791e-05,4.126900108531117,10.117900092154741,11293.6,0.0,0.15,3.0,0.0004,15.0,0.01,-0.034178160036232655,0.0,0.20740850141246023,-0.03417632102871501,0.0,0.2072524074221454,0.0,0.0,0.0,0.5667197914172215,0.0,0.9570361746140108,-0.5636045271713986,0.0,-0.9882364618031197,0.46662954958687114,0.0,0.481369797427797,0.47281056666289734,-2.252099356677598,-2.014106292439834,-0.09417263912124452,0.18179962744023015,0.07297512817846644,-0.0538,0.09953000000000001,0.03766,3.7825038020639084e-05,0.0,9.789725131772515e-05,-3.966404553828185e-05,0.0,5.819673899710103e-05
444,4.440262200077996,hold,0.1561048229910114,1.2792245224157689e-05,3.9788999129086733,10.106900008395314,11293.6,0.0,0.15,3.0,0.0004,15.0,0.01,-0.034178160036232655,0.0,0.20740850141246023,-0.03417632102871501,0.0,0.2072524074221454,0.0,0.0,0.0,0.5640527744912223,0.0,0.9501338358864252,-0.5611580285472545,0.0,-0.9825451192414272,0.46424957848924764,0.0,0.478007009621715,0.47281056666289734,-2.252099356677598,-2.014106292439834,-0.09467994443319061,0.1812696563113798,0.07282019232880695,-0.05111,0.10222,0.04304,3.469748461350327e-05,0.0,8.071750746787746e-05,-3.653649213114603e-05,0.0,7.537648284694872e-05
445,4.450274900067598,hold,0.31951567871213565,0.00014400441492304255,3.91139998100698,10.01269998960197,11293.6,0.0,0.15,3.0,0.0004,15.0,0.01,-0.03395121699484728,0.0,0.20747916377349934,-0.03417632102871501,0.0,0.2072524074221454,0.0,0.0,0.0,0.506189463278211,0.0,0.9271878510497737,-0.54283259756765,0.0,-0.9727373761686872,0.4221236439480602,0.0,0.46266795034409314,0.474344547450783,-2.252099356677598,-2.014106292439834,-0.10267777039421601,0.17714054477467422,0.07468800870445794,-0.048420000000000005,0.09953000000000001,0.03766,0.00025990055877226747,0.0,0.00013909838779436792,-3.479652490453566e-05,0.0,8.765796355957264e-05
446,4.460236900020391,hold,0.15972324196535811,3.066782071645418e-05,4.078600089997053,9.961999952793121,11293.6,0.0,0.15,3.0,0.0004,15.0,0.01,-0.034020210851927773,0.0,0.20728618798944942,-0.03417632102871501,0.0,0.2072524074221454,0.0,0.0,0.0,0.5047301187346259,0.0,0.9645085458892979,-0.535783360570488,0.0,-0.9792421221212363,0.4247647729903771,0.0,0.4802533823467712,0.474344547450783,-2.2536333374654833,-2.014106292439834,-0.10117254808140536,0.1798016219258592,0.07604555136327902,-0.0538,0.09953000000000001,0.04573,9.997585522106438e-05,0.0,-9.225360700224354e-05,5.6134321566174216e-05,0.0,0.0001260341743062639
447,4.470258600078523,hold,0.31951567871213565,6.511048888993394e-05,3.9556999690830708,10.02170005813241,11293.6,0.0,0.15,3.0,0.0004,15.0,0.01,-0.03395121699484728,0.0,0.20747916377349934,-0.03417632102871501,0.0,0.2072524074221454,0.0,0.0,0.0,0.4808292392106488,0.0,0.9238756959766321,-0.5266374786962319,0.0,-0.9686740422856203,0.40426873859661033,0.0,0.4592170711794291,0.474344547450783,-2.252099356677598,-2.014106292439834,-0.1054784964546432,0.17590175831389576,0.07570391307081689,-0.048420000000000005,0.10222,0.040350000000000004,0.00012971153651064767,0.0,0.00014988186948964308,9.539249735708414e-05,0.0,7.687448186429748e-05
448,4.480260899988934,hold,0.31951567871213565,3.083559853417886e-05,4.036099882796407,10.002299910411239,11293.6,0.0,0.15,3.0,0.0004,15.0,0.01,-0.03395121699484728,0.0,0.20747916377349934,-0.03417632102871501,0.0,0.2072524074221454,0.0,0.0,0.0,0.47168966679774904,0.0,0.913322591893061,-0.5212097555775077,0.0,-0.9607338522785106,0.3971194490015712,0.0,0.45369314463267607,0.474344547450783,-2.252099356677598,-2.014106292439834,-0.10679027349789717,0.17488479207467428,0.07569529085627177,-0.05918,0.10222,0.03766,7.697872279170841e-05,0.0,0.00011261180279484531,0.0001481253110760234,0.0,0.00011414454855909525
449,4.490272399969399,hold,0.33189650245750135,0.00020300480430578946,4.342000000178814,10.011499980464578,11293.6,0.0,0.15,3.0,0.0004,15.0,0.01,-0.034295290667463466,0.0,0.20756224853207045,-0.03417632102871501,0.0,0.2072524074221454,0.0,0.0,0.0,0.5502816316718606,0.0,0.8850946675570035,-0.5427902199800418,0.0,-0.9487631393052444,0.44850284645944316,0.0,0.4456078853839982,0.47281056666289734,-2.252099356677598,-2.0125723116519483,-0.09832654460987093,0.17668784946680138,0.06482788648370919,-0.05918,0.09415,0.03766,-0.0003060650940775141,0.0,0.0001697747242134155,0.00018709545532906067,0.0,0.00014006638571163093
450,4.500215400010347,hold,0.1561048229910114,1.2431135958392677e-05,4.1207000613212585,9.943000040948391,11293.6,0.0,0.15,3.0,0.0004,15.0,0.01,-0.034178160036232655,0.0,0.20740850141246023,-0.03417632102871501,0.0,0.2072524074221454,0.0,0.0,0.0,0.5432326735680568,0.0,0.9106744514109731,-0.5483703686046463,0.0,-0.9512441369276744,0.4467767437622568,0.0,0.4583550576112893,0.47281056666289734,-2.252099356677598,-2.014106292439834,-0.09817181621810728,0.17801256082498143,0.07218719826711184,-0.0538,0.09684000000000001,0.03497,-7.914049864262909e-05,0.0,-3.5186766908777814e-05,7.730149112498633e-05,0.0,0.000191280757223604
451,4.510225600097328,hold,0.1561048229910114,2.9125022207615212e-06,4.021700005978346,10.010200086981058,11293.6,0.0,0.15,3.0,0.0004,15.0,0.01,-0.034178160036232655,0.0,0.20740850141246023,-0.03417632102871501,0.0,0.2072524074221454,0.0,0.0,0.0,0.5488205961169303,0.0,0.913143728751511,-0.5512214217875009,0.0,-0.9520245229929135,0.4508433156404136,0.0,0.459913534279472,0.47281056666289734,-2.252099356677598,-2.014106292439834,-0.09749836808074239,0.1783911817320138,0.0720324842453198,-0.06725,0.09684000000000001,0.03766,-4.043508259849632e-05,0.0,-1.1067831072539584e-05,3.859607508085356e-05,0.0,0.00016716182138736576
452,4.52023999998346,hold,0.31951567871213565,8.940254979023291e-05,4.12650010548532,10.014399886131287,11293.6,0.0,0.15,3.0,0.0004,15.0,0.01,-0.03395121699484728,0.0,0.20747916377349934,-0.03417632102871501,0.0,0.2072524074221454,0.0,0.0,0.0,0.4962541189412294,0.0,0.8966687972854547,-0.5358729929402128,0.0,-0.9463119595323966,0.4128976960804612,0.0,0.4479524272791571,0.474344547450783,-2.252099356677598,-2.014106292439834,-0.10471921463824542,0.17487398478668342,0.0739160056085938,-0.05111,0.09953000000000001,0.040350000000000004,0.00021767920427771833,0.0,8.101847302051555e-05,7.424829590013481e-06,0.0,0.000145737878333425
453,4.530258599901572,hold,0.1561048229910114,9.926739774304792e-06,3.989199874922633,10.018599918112159,11293.6,0.0,0.15,3.0,0.0004,15.0,0.01,-0.034178160036232655,0.0,0.20740850141246023,-0.03417632102871501,0.0,0.2072524074221454,0.0,0.0,0.0,0.5363405868686023,0.0,0.9082165822581353,-0.5413301038976056,0.0,-0.9463245817991595,0.4418061584333212,0.0,0.45670175938743895,0.47281056666289734,-2.252099356677598,-2.014106292439834,-0.09898335431520028,0.17758143545512853,0.0724015116203083,-0.05111,0.10222,0.03766,-7.739551602836307e-05,0.0,-1.7901539059529182e-07,7.55565085107203e-05,0.0,0.00015627300570542147
454,4.540251400088891,hold,0.1561048229910114,3.448292385158948e-06,3.9755001198500395,9.992800187319517,11293.6,0.0,0.15,3.0,0.0004,15.0,0.01,-0.034178160036232655,0.0,0.20740850141246023,-0.03417632102871501,0.0,0.2072524074221454,0.0,0.0,0.0,0.5417802595138625,0.0,0.9082235952904036,-0.5442040077573492,0.0,-0.9448804371525165,0.4455809893554374,0.0,0.45712224136726126,0.47281056666289734,-2.252099356677598,-2.014106292439834,-0.09840560764629219,0.17780376317699445,0.07215510483510851,-0.040350000000000004,0.09684000000000001,0.03497,-4.0759162490445016e-05,0.0,2.0481592003387836e-05,3.892015497280225e-05,0.0,0.00013561239831143835
455,4.550260599935427,hold,0.1561048229910114,2.5282377477620214e-06,4.091300070285797,10.009199846535921,11293.6,0.0,0.15,3.0,0.0004,15.0,0.01,-0.034178160036232655,0.0,0.20740850141246023,-0.03417632102871501,0.0,0.2072524074221454,0.0,0.0,0.0,0.5446535756962742,0.0,0.9067791121016849,-0.5451705463731547,0.0,-0.9423015776473392,0.4474638219598167,0.0,0.4566817200411793,0.47281056666289734,-2.252099356677598,-2.014106292439834,-0.09814746316168137,0.1778328325997605,0.0719670655486224,-0.06994,0.10222,0.03766,-1.3707940981163502e-05,0.0,3.6574693775917e-05,1.1868933463520736e-05,0.0,0.00011951929653890918
456,4.560206399997696,hold,0.1561048229910114,3.9465162879851736e-06,4.002400208264589,9.945800062268972,11293.6,0.0,0.15,3.0,0.0004,15.0,0.01,-0.034178160036232655,0.0,0.20740850141246023,-0.03417632102871501,0.0,0.2072524074221454,0.0,0.0,0.0,0.5456196596241724,0.0,0.9041999820837373,-0.5448092511821251,0.0,-0.9388797338974152,0.4479362919561069,0.0,0.45557573250176725,0.47281056666289734,-2.252099356677598,-2.014106292439834,-0.0981286533021749,0.17771486521192434,0.0718201670867151,-0.04304,0.09684000000000001,0.040350000000000004,5.12407168676249e-06,0.0,4.8530323986729546e-05,-6.963079204405256e-06,0.0,0.00010756366632809664
457,4.570223599905148,hold,0.07964610943638345,3.633546831608214e-05,4.0351999923586845,10.017199907451868,11293.6,0.0,0.15,3.0,0.0004,15.0,0.01,-0.03424685779110939,0.0,0.20721542002024596,-0.03417632102871501,0.0,0.2072524074221454,0.0,0.0,0.0,0.562033244941888,0.0,0.947926179643239,-0.5484988246568208,0.0,-0.9486466910757317,0.46349210478906794,0.0,0.47750525741715644,0.47281056666289734,-2.2536333374654833,-2.014106292439834,-0.09451691173123225,0.1814948102427938,0.07261750903373954,-0.0538,0.10222,0.04304,-5.232740276460605e-05,0.0,-0.00013851994154868432,-1.820935962977373e-05,0.0,0.00010153253964923783
458,4.580244899960235,hold,0.33189650245750135,0.00014749677899417402,4.0969999972730875,10.021300055086613,11293.6,0.0,0.15,3.0,0.0004,15.0,0.01,-0.034295290667463466,0.0,0.20756224853207045,-0.03417632102871501,0.0,0.2072524074221454,0.0,0.0,0.0,0.577543760650246,0.0,0.8729857384849843,-0.55335344004339,0.0,-0.9281790813855162,0.46649226639087543,0.0,0.44214165821548096,0.47281056666289734,-2.252099356677598,-2.0125723116519483,-0.09582346063947328,0.17706141041662482,0.06310803177673852,-0.05918,0.09684000000000001,0.040350000000000004,-6.885061819272061e-05,0.0,0.00029028202398842073,-5.011902055573284e-05,0.0,1.9559085936625702e-05
459,4.590262599987909,hold,0.31951567871213565,0.0001968723482747327,4.055700032040477,10.017700027674437,11293.6,0.0,0.15,3.0,0.0004,15.0,0.01,-0.03395121699484728,0.0,0.20747916377349934,-0.03417632102871501,0.0,0.2072524074221454,0.0,0.0,0.0,0.49837507796793906,0.0,0.8728334693174193,-0.530878724914721,0.0,-0.9189322319377652,0.4125500704204619,0.0,0.43721396589163875,0.474344547450783,-2.252099356677598,-2.014106292439834,-0.10526410136216097,0.17350778134709072,0.07286560438648526,-0.05111,0.09684000000000001,0.02959,0.0003187478115352176,0.0,0.000131143509859509,-9.364377766748577e-05,0.0,9.561284149443156e-05
460,4.600277899997309,hold,0.1561048229910114,2.2355975566321532e-06,5.916000111028552,10.015300009399652,11293.6,0.0,0.15,3.0,0.0004,15.0,0.01,-0.034178160036232655,0.0,0.20740850141246023,-0.03417632102871501,0.0,0.2072524074221454,0.0,0.0,0.0,0.5313446348978801,0.0,0.8808359931828532,-0.5319077929260456,0.0,-0.9165557194303365,0.436239395067892,0.0,0.4437903848867451,0.47281056666289734,-2.252099356677598,-2.014106292439834,-0.10040294946036171,0.17570689188049016,0.07153368361220298,-0.06456,0.09684000000000001,0.04573,-1.4594764590017289e-05,0.0,3.370490600179704e-05,1.2755757072374523e-05,0.0,0.00012238908431302914
461,4.610773300053552,hold,0.1561048229910114,2.9187321648286997e-06,5.21260011009872,10.495400056242943,11293.6,0.0,0.15,3.0,0.0004,15.0,0.01,-0.034178160036232655,0.0,0.20740850141246023,-0.03417632102871501,0.0,0.2072524074221454,0.0,0.0,0.0,0.532356893360732,0.0,0.878454163544833,-0.5324476124406216,0.0,-0.9136462879762258,0.43675903782357545,0.0,0.4427782152325747,0.47281056666289734,-2.252099356677598,-2.014106292439834,-0.1003728300113864,0.17560284721523228,0.0713925771795801,-0.05111,0.09684000000000001,0.04304,-7.655994209937678e-06,0.0,4.126303285715779e-05,5.816986692294912e-06,0.0,0.00011483095745766839
462,4.620143200038001,hold,0.07964610943638345,4.501495110209437e-05,4.288499942049384,9.369899984449148,11293.6,0.0,0.15,3.0,0.0004,15.0,0.01,-0.03424685779110939,0.0,0.20721542002024596,-0.03417632102871501,0.0,0.2072524074221454,0.0,0.0,0.0,0.5496718213740992,0.0,0.9226928560204049,-0.5375320374399957,0.0,-0.9240958561841482,0.4529588239263431,0.0,0.46499540891720575,0.47281056666289734,-2.2536333374654833,-2.014106292439834,-0.09665138092266327,0.17944906730962187,0.07217259885376201,-0.06994,0.09953000000000001,0.03497,-7.210989470554566e-05,0.0,-0.0001482010774639125,1.5731323111658823e-06,0.0,0.000111213675564466
463,4.630270200083032,hold,0.1561048229910114,2.6676102759090987e-05,4.059300059452653,10.12700004503131,11293.6,0.0,0.15,3.0,0.0004,15.0,0.01,-0.034178160036232655,0.0,0.20740850141246023,-0.03417632102871501,0.0,0.2072524074221454,0.0,0.0,0.0,0.5379753611302643,0.0,0.8859783343594083,-0.5356529562496588,0.0,-0.915349579138605,0.44123456038129993,0.0,0.44665192926077013,0.47281056666289734,-2.252099356677598,-2.014106292439834,-0.09953198119050335,0.17629116021755523,0.07143852026195546,-0.04573,0.09684000000000001,0.03497,2.665008271240898e-05,0.0,0.0001240441381075111,-2.8489090230051747e-05,0.0,3.204985220731508e-05
464,4.640213399892673,hold,0.1561048229910114,1.9630021567587197e-05,4.09960001707077,9.943199809640646,11293.6,0.0,0.15,3.0,0.0004,15.0,0.01,-0.034178160036232655,0.0,0.20740850141246023,-0.03417632102871501,0.0,0.2072524074221454,0.0,0.0,0.0,0.5361014000694256,0.0,0.8772465374504597,-0.5341344953915182,0.0,-0.9078273227400863,0.43926451127232985,0.0,0.44251289752930584,0.47281056666289734,-2.252099356677598,-2.014106292439834,-0.10001450107163566,0.1756819078434972,0.07117449682772409,-0.056490000000000005,0.09684000000000001,0.03766,2.153558221598037e-05,0.0,0.000106684456337162,-2.3374589733623135e-05,0.0,4.940953397766418e-05
465,4.650227499892935,hold,0.1561048229910114,1.4371454777291697e-05,4.045699955895543,10.01410000026226,11293.6,0.0,0.15,3.0,0.0004,15.0,0.01,-0.034178160036232655,0.0,0.20740850141246023,-0.03417632102871501,0.0,0.2072524074221454,0.0,0.0,0.0,0.5345830167013035,0.0,0.8697245489854769,-0.532962959343063,0.0,-0.9013665280816061,0.43763398166318823,0.0,0.43895469638587353,0.47281056666289734,-2.252099356677598,-2.014106292439834,-0.1004199814444969,0.17516098216570186,0.07094270369881212,-0.0538,0.09684000000000001,0.040350000000000004,1.661531856763599e-05,0.0,9.163026745295678e-05,-1.8454326085278757e-05,0.0,6.44637228618694e-05
466,4.660262099932879,hold,0.1561048229910114,1.0625038072604865e-05,4.749600077047944,10.034600039944053,11293.6,0.0,0.15,3.0,0.0004,15.0,0.01,-0.034178160036232655,0.0,0.20740850141246023,-0.03417632102871501,0.0,0.2072524074221454,0.0,0.0,0.0,0.5334115633912745,0.0,0.8632640074376253,-0.5321053456672635,0.0,-0.8957862401857268,0.43632559073133964,0.0,0.43590877884595364,0.47281056666289734,-2.252099356677598,-2.014106292439834,-0.1007541584541233,0.17471897750571896,0.07073760308400731,-0.05111,0.09684000000000001,0.02959,1.2163112223614487e-05,0.0,7.914247385850198e-05,-1.4002119741257253e-05,0.0,7.69515164563242e-05
467,4.670265400083736,hold,0.07964610943638345,3.2610865063369897e-05,4.044899949803948,10.003300150856376,11293.6,0.0,0.15,3.0,0.0004,15.0,0.01,-0.03424685779110939,0.0,0.20721542002024596,-0.03417632102871501,0.0,0.2072524074221454,0.0,0.0,0.0,0.5493292215545494,0.0,0.9048321717143042,-0.5364211072586957,0.0,-0.9046860602443588,0.45133930837199177,0.0,0.4567910344063386,0.47281056666289734,-2.2536333374654833,-2.014106292439834,-0.09727003488425731,0.1783437332189981,0.07147577316928531,-0.0538,0.09415,0.04304,-6.1208320305781e-05,0.0,-0.0001262217630125831,-9.328442088598777e-06,0.0,8.923436111313662e-05
468,4.6800722000189126,hold,0.1561048229910114,3.132344063292161e-05,4.172200104221702,9.806799935176969,11293.6,0.0,0.15,3.0,0.0004,15.0,0.01,-0.034178160036232655,0.0,0.20740850141246023,-0.03417632102871501,0.0,0.2072524074221454,0.0,0.0,0.0,0.5368642478307933,0.0,0.8665681691807623,-0.5342431660458876,0.0,-0.8952400614103383,0.4389746803756168,0.0,0.4376854689735513,0.47281056666289734,-2.252099356677598,-2.014106292439834,-0.10028029129368674,0.17506144001164198,0.07071309133814188,-0.05111,0.09953000000000001,0.03766,3.0888667164879094e-05,0.0,0.00013396794748546213,-3.272767468252186e-05,0.0,2.212604282936405e-05
469,4.690077499952167,hold,0.07964610943638345,1.6583196544809684e-05,4.157300107181072,10.005299933254719,11293.6,0.0,0.15,3.0,0.0004,15.0,0.01,-0.03424685779110939,0.0,0.20721542002024596,-0.03417632102871501,0.0,0.2072524074221454,0.0,0.0,0.0,0.5514667357224349,0.0,0.9042850953605597,-0.5376608534129111,0.0,-0.9014100697325139,0.45278084200816926,0.0,0.4567059004334632,0.47281056666289734,-2.2536333374654833,-2.014106292439834,-0.09706103531644172,0.17839743295115182,0.07135685159715285,-0.056490000000000005,0.09684000000000001,0.03766,-4.847137605587128e-05,0.0,-8.750618811354178e-05,-2.20653863385085e-05,0.0,5.0518786214095285e-05
470,4.700207900023088,hold,0.1561048229910114,4.4564014167457174e-05,4.095599986612797,10.130400070920587,11293.6,0.0,0.15,3.0,0.0004,15.0,0.01,-0.034178160036232655,0.0,0.20740850141246023,-0.03417632102871501,0.0,0.2072524074221454,0.0,0.0,0.0,0.5381037799341102,0.0,0.8632915279926784,-0.53492667080939,0.0,-0.890175467470174,0.4395833756382165,0.0,0.4362813073694391,0.47281056666289734,-2.252099356677598,-2.014106292439834,-0.10025510168886817,0.17491206571196022,0.07052591282836765,-0.056490000000000005,0.10222,0.03497,3.877756475312602e-05,0.0,0.00015933482867693777,-4.061657227076878e-05,0.0,-3.2408383621115877e-06
471,4.710275100078434,hold,0.1561048229910114,2.6002257319507186e-05,4.010999808087945,10.067200055345893,11293.6,0.0,0.15,3.0,0.0004,15.0,0.01,-0.034178160036232655,0.0,0.20740850141246023,-0.03417632102871501,0.0,0.2072524074221454,0.0,0.0,0.0,0.5353749109520329,0.0,0.8520718329176913,-0.5331500904319966,0.0,-0.8815238471525004,0.43682930765978467,0.0,0.4309383448411803,0.47281056666289734,-2.252099356677598,-2.014106292439834,-0.10090917993507428,0.17411612939276697,0.07020121872781,-0.05918,0.10222,0.04573,2.519636418386602e-05,0.0,0.0001227016683728432,-2.7035371701508787e-05,0.0,3.339232194198298e-05
472,4.7202399000525475,hold,0.07964610943638345,2.216650379304178e-05,3.9828000590205193,9.964799974113703,11293.6,0.0,0.15,3.0,0.0004,15.0,0.01,-0.03424685779110939,0.0,0.20721542002024596,-0.03417632102871501,0.0,0.2072524074221454,0.0,0.0,0.0,0.5503737473515675,0.0,0.8905690467294294,-0.5370369371957274,0.0,-0.8886926639038479,0.45096103403693283,0.0,0.450341180940324,0.47281056666289734,-2.2536333374654833,-2.014106292439834,-0.0976241972925409,0.17751476790725318,0.07085942625916368,-0.0538,0.09953000000000001,0.04304,-5.5125232627824594e-05,0.0,-0.00010167179595856931,-1.5411529766555187e-05,0.0,6.468439405912282e-05
473,4.730257099959999,hold,0.1561048229910114,3.6161760308622486e-05,4.086999921128154,10.017199907451868,11293.6,0.0,0.15,3.0,0.0004,15.0,0.01,-0.034178160036232655,0.0,0.20740850141246023,-0.03417632102871501,0.0,0.2072524074221454,0.0,0.0,0.0,0.5374799756288536,0.0,0.8505743604420952,-0.5347845026948924,0.0,-0.8785235036757212,0.43817502756577315,0.0,0.43041464599054363,0.47281056666289734,-2.252099356677598,-2.014106292439834,-0.10073431996980915,0.17411062627200757,0.07004590139284769,-0.04304,0.10222,0.03766,3.1945168766643286e-05,0.0,0.0001442241892415188,-3.378417628428605e-05,0.0,1.186980107330737e-05
474,4.740242300089449,hold,0.1561048229910114,1.991239667199847e-05,4.906000103801489,9.985200129449368,11293.6,0.0,0.15,3.0,0.0004,15.0,0.01,-0.034178160036232655,0.0,0.20740850141246023,-0.03417632102871501,0.0,0.2072524074221454,0.0,0.0,0.0,0.5352328577242402,0.0,0.8404201232200285,-0.5334647937612216,0.0,-0.8709080221842864,0.43583695091220875,0.0,0.425596144308773,0.47281056666289734,-2.252099356677598,-2.014106292439834,-0.10130265092564973,0.17339935544976945,0.06974194603994183,-0.05918,0.09415,0.03766,1.87167815949067e-05,0.0,0.00010800662189863877,-2.0555789112549466e-05,0.0,4.808736841618741e-05
475,4.750256400089711,hold,0.33189650245750135,0.00011232047215487468,4.024699795991182,10.01410000026226,11293.6,0.0,0.15,3.0,0.0004,15.0,0.01,-0.034295290667463466,0.0,0.20756224853207045,-0.03417632102871501,0.0,0.2072524074221454,0.0,0.0,0.0,0.5625153077174655,0.0,0.7952619586584077,-0.541217183542431,0.0,-0.8542688554640199,0.4501950347464703,0.0,0.4055279861895996,0.47281056666289734,-2.252099356677598,-2.0125723116519483,-0.09993150599041485,0.1717159022004212,0.06067934949056528,-0.05918,0.09415,0.03497,-0.00010994832471875705,0.0,0.00023598510359266399,-9.021314029696405e-06,0.0,7.385600633238245e-05
476,4.760271300096065,hold,0.1561048229910114,3.38788892697542e-06,4.0016998536884785,10.014900006353855,11293.6,0.0,0.15,3.0,0.0004,15.0,0.01,-0.034178160036232655,0.0,0.20740850141246023,-0.03417632102871501,0.0,0.2072524074221454,0.0,0.0,0.0,0.5416563694162746,0.0,0.8161790637574924,-0.5380349820446048,0.0,-0.8540758259114665,0.4384343631366171,0.0,0.4149972571419128,0.47281056666289734,-2.252099356677598,-2.014106292439834,-0.1014079086839053,0.17218221633374703,0.06848173557793641,-0.056490000000000005,0.09684000000000001,0.03766,4.513159599528417e-05,0.0,2.7376430395562523e-06,-4.6970603512926936e-05,0.0,0.00015335634727526993
477,4.770251699956134,hold,0.1561048229910114,1.316297841706587e-06,4.031199961900711,9.980399860069156,11293.6,0.0,0.15,3.0,0.0004,15.0,0.01,-0.034178160036232655,0.0,0.20740850141246023,-0.03417632102871501,0.0,0.2072524074221454,0.0,0.0,0.0,0.5384831214504392,0.0,0.8159747806352268,-0.5360858840388341,0.0,-0.8536886431522684,0.43621694857974247,0.0,0.41466036885325364,0.47281056666289734,-2.252099356677598,-2.014106292439834,-0.10175144002931752,0.17204030526798036,0.06861747604628747,-0.0538,0.09953000000000001,0.040350000000000004,2.7643096708913738e-05,0.0,5.49122231147315e-06,-2.9482104226556503e-05,0.0,0.00015060276800335303
478,4.7802186999469995,hold,0.31951567871213565,0.0001097287664698378,4.009099910035729,9.966999990865588,11293.6,0.0,0.15,3.0,0.0004,15.0,0.01,-0.03395121699484728,0.0,0.20747916377349934,-0.03417632102871501,0.0,0.2072524074221454,0.0,0.0,0.0,0.4811174376660714,0.0,0.7983326394585405,-0.5188947687435967,0.0,-0.8478876213185421,0.39488400979526694,0.0,0.40182563495454404,0.474344547450783,-2.252099356677598,-2.014106292439834,-0.10950444711467688,0.16826085703401902,0.07066422159920269,-0.05111,0.09684000000000001,0.03497,0.00024381311829027924,0.0,8.227303454492248e-05,-1.870908442254743e-05,0.0,0.00014448331680901808
479,4.790209800004959,hold,0.1561048229910114,1.0976252822010773e-05,4.0397001430392265,9.991100057959557,11293.6,0.0,0.15,3.0,0.0004,15.0,0.01,-0.034178160036232655,0.0,0.20740850141246023,-0.03417632102871501,0.0,0.2072524074221454,0.0,0.0,0.0,0.5193619241184397,0.0,0.809792223268391,-0.5245966968993706,0.0,-0.8485332015013436,0.4224755306005688,0.0,0.4103647333653098,0.47281056666289734,-2.252099356677598,-2.014106292439834,-0.10398227711285762,0.17088304165691887,0.06923750045277371,-0.06456,0.09146,0.04304,-8.08676377332832e-05,0.0,-9.155945659839745e-06,7.902863021564043e-05,0.0,0.00016524993597466593
480,4.80021829996258,hold,0.1561048229910114,6.754133775413052e-06,3.9544999599456787,10.008499957621098,11293.6,0.0,0.15,3.0,0.0004,15.0,0.01,-0.034178160036232655,0.0,0.20740850141246023,-0.03417632102871501,0.0,0.2072524074221454,0.0,0.0,0.0,0.5250469115143336,0.0,0.8104323661479608,-0.5290822909554148,0.0,-0.8481565753065292,0.42646913899063854,0.0,0.41109372528943994,0.47281056666289734,-2.252099356677598,-2.014106292439834,-0.10335792497493937,0.17115400960945126,0.06900527471439634,-0.06187,0.09415,0.03497,-6.361697047610721e-05,0.0,5.341503759965127e-06,6.177796295846445e-05,0.0,0.00015075248655486105
481,4.810228900052607,hold,0.1561048229910114,4.35336924843198e-06,3.9715999737381935,10.010600090026855,11293.6,0.0,0.15,3.0,0.0004,15.0,0.01,-0.034178160036232655,0.0,0.20740850141246023,-0.03417632102871501,0.0,0.2072524074221454,0.0,0.0,0.0,0.5295322436398059,0.0,0.8100555049564118,-0.5324554444304368,0.0,-0.8468596777087046,0.4295523582392618,0.0,0.4112653567793522,0.47281056666289734,-2.252099356677598,-2.014106292439834,-0.10289396500996237,0.1713139833174402,0.06878680359219508,-0.056490000000000005,0.09415,0.02959,-4.783977380715015e-05,0.0,1.839325965758551e-05,4.6000766289507386e-05,0.0,0.00013770073065724067
482,4.820239899912849,hold,0.1561048229910114,3.380741522243822e-06,4.1062000673264265,10.01099986024201,11293.6,0.0,0.15,3.0,0.0004,15.0,0.01,-0.034178160036232655,0.0,0.20740850141246023,-0.03417632102871501,0.0,0.2072524074221454,0.0,0.0,0.0,0.5329051318245018,0.0,0.8087583879193375,-0.5348617399582839,0.0,-0.8447735409923328,0.43179312102661593,0.0,0.4109305854311959,0.47281056666289734,-2.252099356677598,-2.014106292439834,-0.10257799626897465,0.17137242388937354,0.06858199907803778,-0.05918,0.09684000000000001,0.03228,-3.4127303906506345e-05,0.0,2.958664922335567e-05,3.228829638886358e-05,0.0,0.0001265073410914705
483,4.830254999920726,hold,0.07964610943638345,5.478027771812373e-05,4.0235999040305614,10.015100007876754,11293.6,0.0,0.15,3.0,0.0004,15.0,0.01,-0.03424685779110939,0.0,0.20721542002024596,-0.03417632102871501,0.0,0.2072524074221454,0.0,0.0,0.0,0.5520863938151562,0.0,0.8538203052815859,-0.5413673329183267,0.0,-0.8558197210285541,0.4493071028511555,0.0,0.4336475236079109,0.47281056666289734,-2.2536333374654833,-2.014106292439834,-0.09864053762895461,0.17533906271290928,0.06931587016293911,-0.0538,0.09415,0.04304,-9.22656196922116e-05,0.0,-0.00015666252907820663,2.1728857297831824e-05,0.0,0.00011967512717876014
484,4.840216600103304,hold,0.1561048229910114,2.3432608665223395e-05,4.084100015461445,9.961600182577968,11293.6,0.0,0.15,3.0,0.0004,15.0,0.01,-0.034178160036232655,0.0,0.20740850141246023,-0.03417632102871501,0.0,0.2072524074221454,0.0,0.0,0.0,0.5418109953845477,0.0,0.8177023414115414,-0.5405162318485892,0.0,-0.8474786507755973,0.4386584991489823,0.0,0.41570610243481143,0.47281056666289734,-2.252099356677598,-2.014106292439834,-0.10134202389082225,0.17228147330714344,0.06853560822215662,-0.056490000000000005,0.09953000000000001,0.03766,1.2070747140552281e-05,0.0,0.0001182972898108076,-1.3909754658195047e-05,0.0,3.7796700504018577e-05
485,4.8502279000822455,hold,0.07964610943638345,1.967120765063188e-05,4.051099997013807,10.011299978941679,11293.6,0.0,0.15,3.0,0.0004,15.0,0.01,-0.03424685779110939,0.0,0.20721542002024596,-0.03417632102871501,0.0,0.2072524074221454,0.0,0.0,0.0,0.5577401176831684,0.0,0.8565239479116188,-0.5445972043146485,0.0,-0.8539870520142396,0.45344104925747086,0.0,0.4353228066272483,0.47281056666289734,-2.2536333374654833,-2.014106292439834,-0.09795241342362407,0.17573472266459716,0.06916687533513156,-0.06456,0.09415,0.03766,-5.787842181957439e-05,0.0,-9.23054481239697e-05,-1.265834057480539e-05,0.0,5.531804622452321e-05
486,4.860207400051877,hold,0.33189650245750135,0.00017848837113611024,4.047199850901961,9.979499969631433,11293.6,0.0,0.15,3.0,0.0004,15.0,0.01,-0.034295290667463466,0.0,0.20756224853207045,-0.03417632102871501,0.0,0.2072524074221454,0.0,0.0,0.0,0.5736422338949242,0.0,0.778325322812126,-0.550400357172139,0.0,-0.8315864151857714,0.4566305824771226,0.0,0.39863832302531577,0.47281056666289734,-2.252099356677598,-2.0125723116519483,-0.09929760328174171,0.17113795366720336,0.05949750591634386,-0.0538,0.09953000000000001,0.040350000000000004,-8.230325780502895e-05,0.0,0.00031769719550133016,-3.66663809434245e-05,0.0,-7.856085576283731e-06
487,4.870225500082597,hold,0.1561048229910114,1.7172099272872384e-05,4.0386999025940895,10.018100030720234,11293.6,0.0,0.15,3.0,0.0004,15.0,0.01,-0.034178160036232655,0.0,0.20740850141246023,-0.03417632102871501,0.0,0.2072524074221454,0.0,0.0,0.0,0.5508390866982701,0.0,0.7934952736223575,-0.5453750687344369,0.0,-0.8264616933458552,0.443065694972144,0.0,0.4053225636555235,0.47281056666289734,-2.252099356677598,-2.014106292439834,-0.10116965487681194,0.17117265658486316,0.06715863969631045,-0.0538,0.09684000000000001,0.024210000000000002,7.1271189987521e-05,0.0,7.26814049409832e-05,-7.311019750516376e-05,0.0,8.341258537384298e-05
488,4.880209200084209,hold,0.1561048229910114,1.084526821681404e-05,4.046800080686808,9.983700001612306,11293.6,0.0,0.15,3.0,0.0004,15.0,0.01,-0.034178160036232655,0.0,0.20740850141246023,-0.03417632102871501,0.0,0.2072524074221454,0.0,0.0,0.0,0.5458227686377495,0.0,0.7883594722180013,-0.5417803475708635,0.0,-0.8220329481052029,0.4391911813344494,0.0,0.4025878516063497,0.47281056666289734,-2.252099356677598,-2.014106292439834,-0.10186901235332257,0.17065464362277055,0.06718085163998358,-0.05111,0.09684000000000001,0.03766,5.0982159169026965e-05,0.0,6.28107117364165e-05,-5.282116668666973e-05,0.0,9.328327857840968e-05
489,4.890246999915689,hold,0.31951567871213565,0.00014206853110002826,4.149900050833821,10.037799831479788,11293.6,0.0,0.15,3.0,0.0004,15.0,0.01,-0.03395121699484728,0.0,0.20747916377349934,-0.03417632102871501,0.0,0.2072524074221454,0.0,0.0,0.0,0.4868115088228831,0.0,0.766675980878661,-0.5231879854494755,0.0,-0.8130591159222799,0.3964192806790187,0.0,0.3877831114204251,0.474344547450783,-2.252099356677598,-2.014106292439834,-0.10992253005925674,0.16656398318374593,0.06913884079697134,-0.04573,0.09684000000000001,0.04304,0.00026368631164107775,0.0,0.00012727144050614765,-3.858227777334594e-05,0.0,9.948491084779291e-05
490,4.90027999994345,hold,0.31951567871213565,6.044882768530144e-05,4.226000048220158,10.033000027760863,11293.6,0.0,0.15,3.0,0.0004,15.0,0.01,-0.03395121699484728,0.0,0.20747916377349934,-0.03417632102871501,0.0,0.2072524074221454,0.0,0.0,0.0,0.4682379415014928,0.0,0.7577080304211904,-0.5115503012117792,0.0,-0.8062833658796956,0.3828430610113716,0.0,0.3822638568022182,0.474344547450783,-2.252099356677598,-2.014106292439834,-0.11218514415946013,0.16525792040338444,0.06962093598238792,-0.07801000000000001,0.09684000000000001,0.04304,0.00016505154173775062,0.0,9.609712448939482e-05,6.005249212998119e-05,0.0,0.00013065922686454574
491,4.910226400010288,hold,0.1561048229910114,3.063406655506497e-05,4.341399995610118,9.946400066837668,11293.6,0.0,0.15,3.0,0.0004,15.0,0.01,-0.034178160036232655,0.0,0.20740850141246023,-0.03417632102871501,0.0,0.2072524074221454,0.0,0.0,0.0,0.5120187522603491,0.0,0.7681877266686162,-0.5211348092417508,0.0,-0.8060848577221695,0.4141890539643311,0.0,0.39076507844767644,0.47281056666289734,-2.252099356677598,-2.014106292439834,-0.10611299345568038,0.16804481537531957,0.06790759338485068,-0.048420000000000005,0.09146,0.04573,-0.00013593235516912622,0.0,2.8153433946134505e-06,0.00013409334765148345,0.0,0.00015327864692021273
492,4.920049800071865,hold,0.1561048229910114,1.6685907761316806e-05,4.243399947881699,9.823400061577559,11293.6,0.0,0.15,3.0,0.0004,15.0,0.01,-0.034178160036232655,0.0,0.20740850141246023,-0.03417632102871501,0.0,0.2072524074221454,0.0,0.0,0.0,0.5215859492821582,0.0,0.7679838211279334,-0.5281276731034004,0.0,-0.8050089495958012,0.42081157013239173,0.0,0.3914056727147735,0.47281056666289734,-2.252099356677598,-2.014106292439834,-0.10510388554914168,0.16842264650728908,0.06746557459154226,-0.06187,0.09684000000000001,0.03766,-9.91763428147407e-05,0.0,1.5259074863885894e-05,9.733733529709794e-05,0.0,0.0001408349154509403
493,4.930065199965611,hold,0.1561048229910114,8.810026010697118e-06,4.378399811685085,10.01539989374578,11293.6,0.0,0.15,3.0,0.0004,15.0,0.01,-0.034178160036232655,0.0,0.20740850141246023,-0.03417632102871501,0.0,0.2072524074221454,0.0,0.0,0.0,0.5285782232927566,0.0,0.7669077125299283,-0.5329235350118823,0.0,-0.8031569812950832,0.42558058125633097,0.0,0.39144966530984254,0.47281056666289734,-2.252099356677598,-2.014106292439834,-0.10439647676352012,0.1686422179503259,0.06710546593114308,-0.07532,0.09415,0.03497,-6.80173465604337e-05,0.0,2.6265553957274888e-05,6.617833904279093e-05,0.0,0.0001298284363575513
494,4.940051600104198,hold,0.1561048229910114,5.1195535797294406e-06,4.292500205338001,9.98640013858676,11293.6,0.0,0.15,3.0,0.0004,15.0,0.01,-0.034178160036232655,0.0,0.20740850141246023,-0.03417632102871501,0.0,0.2072524074221454,0.0,0.0,0.0,0.5333735613603005,0.0,0.7650555591799963,-0.5359354993550546,0.0,-0.8006496457501975,0.4287657282322171,0.0,0.39097004909232635,0.47281056666289734,-2.252099356677598,-2.014106292439834,-0.10394751424201516,0.1687248163896904,0.06681396924703685,-0.04304,0.08877,0.03228,-4.271720630548111e-05,0.0,3.5560304686455785e-05,4.087819878783835e-05,0.0,0.0001205336856283704
495,4.950419900007546,hold,0.1561048229910114,3.955600437812001e-06,3.8539001252502203,10.368299903348088,11293.6,0.0,0.15,3.0,0.0004,15.0,0.01,-0.034178160036232655,0.0,0.20740850141246023,-0.03417632102871501,0.0,0.2072524074221454,0.0,0.0,0.0,0.5363851004175668,0.0,0.7625480673846381,-0.5375604208205063,0.0,-0.7976121415864883,0.43066292359359415,0.0,0.39005374531357,0.47281056666289734,-2.252099356677598,-2.014106292439834,-0.10370921614178735,0.16869466027594265,0.06657717352455328,-0.07532,0.09415,0.04304,-2.3045460557078413e-05,0.0,4.30794249968649e-05,2.1206453039435647e-05,0.0,0.00011301456531796128
496,4.960042099934071,hold,0.1561048229910114,4.081821532928537e-06,4.328200127929449,9.622199926525354,11293.6,0.0,0.15,3.0,0.0004,15.0,0.01,-0.034178160036232655,0.0,0.20740850141246023,-0.03417632102871501,0.0,0.2072524074221454,0.0,0.0,0.0,0.5380096912306337,0.0,0.7595104368280353,-0.538157015415891,0.0,-0.7941640204332305,0.43155712447238437,0.0,0.38878848189515275,0.47281056666289734,-2.252099356677598,-2.014106292439834,-0.10363538376648625,0.1685755778831312,0.06638208591924108,-0.06187,0.09146,0.03766,-8.46120720836435e-06,0.0,4.8903003451518045e-05,6.622199690721585e-06,0.0,0.00010719098686330814
497,4.970066299894825,hold,0.07964610943638345,4.11435514794469e-05,6.231300067156553,10.024199960753322,11293.6,0.0,0.15,3.0,0.0004,15.0,0.01,-0.03424685779110939,0.0,0.20721542002024596,-0.03417632102871501,0.0,0.2072524074221454,0.0,0.0,0.0,0.5553812376931913,0.0,0.8032104600404478,-0.5429369583778613,0.0,-0.8041931180854948,0.44767924703628637,0.0,0.41072967996529935,0.47281056666289734,-2.2536333374654833,-2.014106292439834,-0.0999408752901345,0.17238087391110063,0.06714757728944018,-0.06725,0.09415,0.03766,-6.779157598521342e-05,0.0,-0.00014223775073590966,-2.745186409166357e-06,0.0,0.00010525034883646317
498,4.980472299968824,hold,0.33189650245750135,0.00014559620620389424,4.7836999874562025,10.406000073999166,11293.6,0.0,0.15,3.0,0.0004,15.0,0.01,-0.034295290667463466,0.0,0.20756224853207045,-0.03417632102871501,0.0,0.2072524074221454,0.0,0.0,0.0,0.5719821544320621,0.0,0.7285322280929168,-0.5488945688260048,0.0,-0.784160756857725,0.45171512387364293,0.0,0.37578442934624967,0.47281056666289734,-2.252099356677598,-2.0125723116519483,-0.10108342478592476,0.1680380902090413,0.057580531598957194,-0.06994,0.09415,0.040350000000000004,-8.449385371308938e-05,0.0,0.0002841091094894198,-3.447578503536408e-05,0.0,2.5732000435626623e-05
499,4.990214999997988,hold,0.1561048229910114,1.3684165512560708e-05,4.2820998933166265,9.742700029164553,11293.6,0.0,0.15,3.0,0.0004,15.0,0.01,-0.034178160036232655,0.0,0.20740850141246023,-0.03417632102871501,0.0,0.2072524074221454,0.0,0.0,0.0,0.5493333350248942,0.0,0.7460701797190397,-0.5436521421445129,0.0,-0.7804770821941774,0.43838299310823,0.0,0.3835074465255932,0.47281056666289734,-2.252099356677598,-2.014106292439834,-0.10286964826227406,0.16821738657231983,0.06533136060279593,-0.05111,0.09415,0.02959,7.43507547167019e-05,0.0,5.224374283239505e-05,-7.618976223434466e-05,0.0,0.00010385024748243113
500,5.000249899923801,hold,0.1561048229910114,1.001672799481798e-05,4.0623999666422606,10.034899925813079,11293.6,0.0,0.15,3.0,0.0004,15.0,0.01,-0.034178160036232655,0.0,0.20740850141246023,-0.03417632102871501,0.0,0.2072524074221454,0.0,0.0,0.0,0.544099790156816,0.0,0.7423752044404403,-0.5396089347356435,0.0,-0.7767753720713668,0.43446828227499107,0.0,0.3814153290778596,0.47281056666289734,-2.252099356677598,-2.014106292439834,-0.10354527740938844,0.16777843051164,0.06542101301454363,-0.0538,0.09415,0.04304,5.734281862002816e-05,0.0,5.249953086517738e-05,-5.918182613767093e-05,0.0,0.0001035944594496488
501,5.010074499994516,hold,0.1561048229910114,7.5632390929559154e-06,4.08630003221333,9.82460007071495,11293.6,0.0,0.15,3.0,0.0004,15.0,0.01,-0.034178160036232655,0.0,0.20740850141246023,-0.03417632102871501,0.0,0.2072524074221454,0.0,0.0,0.0,0.5400568542064403,0.0,0.7386735090947756,-0.5366426459170152,0.0,-0.7730483292860814,0.43137915471541727,0.0,0.37941146752605875,0.47281056666289734,-2.252099356677598,-2.014106292439834,-0.10409472027682262,0.16738763273718366,0.06545640316421411,-0.05111,0.09146,0.04304,4.206941284488537e-05,0.0,5.2858811535833164e-05,-4.390842036252813e-05,0.0,0.00010323517877899302
502,5.020269700093195,hold,0.1561048229910114,6.094779909384926e-06,4.05400013551116,10.19520009867847,11293.6,0.0,0.15,3.0,0.0004,15.0,0.01,-0.034178160036232655,0.0,0.20740850141246023,-0.03417632102871501,0.0,0.2072524074221454,0.0,0.0,0.0,0.5370908221842514,0.0,0.7349464602417306,-0.5345979410404069,0.0,-0.7692928637096542,0.429035287365306,0.0,0.37747861381449516,0.47281056666289734,-2.252099356677598,-2.014106292439834,-0.10453065381210744,0.16703921789799592,0.06544194275793391,-0.04304,0.09415,0.040350000000000004,2.8999041853166113e-05,0.0,5.3261917978886e-05,-3.083804937080888e-05,0.0,0.00010283207233594018
503,5.030092099914327,hold,0.31951567871213565,0.00012790035453695849,4.238300025463104,9.822399821132421,11293.6,0.0,0.15,3.0,0.0004,15.0,0.01,-0.03395121699484728,0.0,0.20747916377349934,-0.03417632102871501,0.0,0.2072524074221454,0.0,0.0,0.0,0.47962947179471993,0.0,0.7139360568023305,-0.5171113131179037,0.0,-0.7604656949953492,0.38740786573998137,0.0,0.3631157294031421,0.474344547450783,-2.252099356677598,-2.014106292439834,-0.11238952793017058,0.16305548614557003,0.06735244006914505,-0.06994,0.09415,0.040350000000000004,0.00024800422828579003,0.0,0.0001251913847908021,-2.290019441805822e-05,0.0,0.00010156496656313848
504,5.040128600085154,hold,0.07964610943638345,8.135187526697255e-05,4.048800095915794,10.036500170826912,11293.6,0.0,0.15,3.0,0.0004,15.0,0.01,-0.03424685779110939,0.0,0.20721542002024596,-0.03417632102871501,0.0,0.2072524074221454,0.0,0.0,0.0,0.534353594949871,0.0,0.7695178176483499,-0.5273085720831325,0.0,-0.7723008770977496,0.4304755028958554,0.0,0.3936761535672368,0.47281056666289734,-2.2536333374654833,-2.014106292439834,-0.10327080559199878,0.16946497874162753,0.06675894053364467,-0.06456,0.08877,0.03766,-0.00014462269978578554,0.0,-0.00016785255664703526,7.408593739140576e-05,0.0,0.00013086515474758877
505,5.050042599905282,hold,0.1561048229910114,2.0879833383630885e-05,4.160299897193909,9.913999820128083,11293.6,0.0,0.15,3.0,0.0004,15.0,0.01,-0.034178160036232655,0.0,0.20740850141246023,-0.03417632102871501,0.0,0.2072524074221454,0.0,0.0,0.0,0.5277530866560404,0.0,0.7341836768942855,-0.529526674892264,0.0,-0.7647035407172137,0.4224978280808107,0.0,0.37641330755537195,0.47281056666289734,-2.252099356677598,-2.014106292439834,-0.10554679350080495,0.16661176047542842,0.0658349173438002,-0.06456,0.09684000000000001,0.03766,-3.1458259298197656e-05,0.0,0.00010774927873073076,2.961925178055489e-05,0.0,4.834471158409542e-05
506,5.060057600028813,hold,0.1561048229910114,1.5439497902359627e-05,4.1692000813782215,10.015000123530626,11293.6,0.0,0.15,3.0,0.0004,15.0,0.01,-0.034178160036232655,0.0,0.20740850141246023,-0.03417632102871501,0.0,0.2072524074221454,0.0,0.0,0.0,0.5299760955079774,0.0,0.7266007729595049,-0.5311496058606312,0.0,-0.7580941089126639,0.42345857424119027,0.0,0.373114233540138,0.47281056666289734,-2.252099356677598,-2.014106292439834,-0.10555703614387107,0.1662397398582301,0.06543101872518564,-0.06456,0.09146,0.03497,-2.301723031763396e-05,0.0,9.373831486318159e-05,2.1178222799991194e-05,0.0,6.235567545164459e-05
507,5.070040300022811,hold,0.07964610943638345,3.3492550090752514e-05,4.088300047442317,9.982699993997812,11293.6,0.0,0.15,3.0,0.0004,15.0,0.01,-0.03424685779110939,0.0,0.20721542002024596,-0.03417632102871501,0.0,0.2072524074221454,0.0,0.0,0.0,0.5483740730065599,0.0,0.7671397950211893,-0.5371722369260842,0.0,-0.7661069464451301,0.44002450859483105,0.0,0.3936719379636042,0.47281056666289734,-2.2536333374654833,-2.014106292439834,-0.1018604651627491,0.16989116844717386,0.06602718212500672,-0.04573,0.09415,0.03766,-8.54160090931858e-05,0.0,-0.00011364212685404968,1.4879246698806014e-05,0.0,7.665472495460319e-05
508,5.080052099889144,hold,0.1561048229910114,3.493223706818611e-05,4.146500024944544,10.011799866333604,11293.6,0.0,0.15,3.0,0.0004,15.0,0.01,-0.034178160036232655,0.0,0.20740850141246023,-0.03417632102871501,0.0,0.2072524074221454,0.0,0.0,0.0,0.5376157843086234,0.0,0.7279888439038588,-0.5360706087251073,0.0,-0.7559293668452758,0.42886581659995554,0.0,0.37433538770612124,0.47281056666289734,-2.252099356677598,-2.014106292439834,-0.10470086837733505,0.16663608371480412,0.0651400424409379,-0.06456,0.08877,0.03497,1.5623850009958798e-05,0.0,0.0001443435970425647,-1.7462857527601564e-05,0.0,1.1750393272261478e-05
509,5.090054200030863,hold,0.1561048229910114,2.262057640973111e-05,4.209500038996339,10.002100141718984,11293.6,0.0,0.15,3.0,0.0004,15.0,0.01,-0.034178160036232655,0.0,0.20740850141246023,-0.03417632102871501,0.0,0.2072524074221454,0.0,0.0,0.0,0.5365192378974458,0.0,0.717825984129917,-0.5351694282820554,0.0,-0.7477409846461931,0.4273253974910369,0.0,0.36960120018771925,0.47281056666289734,-2.252099356677598,-2.014106292439834,-0.10514732552818254,0.16597122184954927,0.06478356446632685,-0.06725,0.09684000000000001,0.03228,1.2780998218514256e-05,0.0,0.00011613179037104452,-1.4620005736157022e-05,0.0,3.996219994378166e-05
510,5.10009939991869,hold,0.1561048229910114,1.4569540413111514e-05,4.149900050833821,10.045199887827039,11293.6,0.0,0.15,3.0,0.0004,15.0,0.01,-0.034178160036232655,0.0,0.20740850141246023,-0.03417632102871501,0.0,0.2072524074221454,0.0,0.0,0.0,0.5356180967480422,0.0,0.7096380522659315,-0.5344664303955122,0.0,-0.7411672174453523,0.4260720546737684,0.0,0.3657856411647012,0.47281056666289734,-2.252099356677598,-2.014106292439834,-0.10550890108126063,0.16543483984469726,0.06449716211266572,-0.04573,0.09415,0.04304,9.970272662708205e-06,0.0,9.323250136047834e-05,-1.1809280180350971e-05,0.0,6.286148895434784e-05
511,5.110034700017422,hold,0.07964610943638345,3.0269058126125774e-05,4.6663000248372555,9.935300098732114,11293.6,0.0,0.15,3.0,0.0004,15.0,0.01,-0.03424685779110939,0.0,0.20721542002024596,-0.03417632102871501,0.0,0.2072524074221454,0.0,0.0,0.0,0.5516903431200114,0.0,0.7502129122747807,-0.5388494243309856,0.0,-0.7496286912259641,0.4410172057266299,0.0,0.38617816953422707,0.47281056666289734,-2.2536333374654833,-2.014106292439834,-0.10206039173181292,0.1689920354343305,0.06520139027825672,-0.056490000000000005,0.09415,0.03766,-6.216184351641208e-05,0.0,-0.00012000491372156309,-8.374918877967704e-06,0.0,8.30175118221166e-05
512,5.120563599979505,hold,0.33189650245750135,0.0001522820923361193,4.8500001430511475,10.528899962082505,11293.6,0.0,0.15,3.0,0.0004,15.0,0.01,-0.034295290667463466,0.0,0.20756224853207045,-0.03417632102871501,0.0,0.2072524074221454,0.0,0.0,0.0,0.5678945259910299,0.0,0.6739674278607869,-0.5450357998959708,0.0,-0.7291695848335209,0.4447555555313125,0.0,0.35056893948530266,0.47281056666289734,-2.252099356677598,-2.0125723116519483,-0.1032812325559587,0.16454872343123578,0.05558264757832651,-0.0538,0.09415,0.03497,-8.773831665428338e-05,0.0,0.00029016142590563085,-3.1231322094170074e-05,0.0,1.9679684019415584e-05
513,5.130053000058979,hold,0.1561048229910114,1.0782993338518861e-05,5.298699950799346,9.489400079473853,11293.6,0.0,0.15,3.0,0.0004,15.0,0.01,-0.034178160036232655,0.0,0.20740850141246023,-0.03417632102871501,0.0,0.2072524074221454,0.0,0.0,0.0,0.5454746208336338,0.0,0.6910789062655731,-0.5404211334161436,0.0,-0.7258448542736836,0.4314873026957069,0.0,0.3580498884503119,0.47281056666289734,-2.252099356677598,-2.014106292439834,-0.10506516268851923,0.16470444950443505,0.06330836992646321,-0.056490000000000005,0.08608,0.03228,6.544754106954262e-05,0.0,4.715301545871729e-05,-6.728654858718538e-05,0.0,0.0001089409748561089
514,5.140231600031257,hold,0.1561048229910114,6.102327112316657e-06,4.935299977660179,10.17859997227788,11293.6,0.0,0.15,3.0,0.0004,15.0,0.01,-0.034178160036232655,0.0,0.20740850141246023,-0.03417632102871501,0.0,0.2072524074221454,0.0,0.0,0.0,0.5408689312490285,0.0,0.6877430623499142,-0.5372268799702543,0.0,-0.7229981498175846,0.4280357751836981,0.0,0.35617025582787526,0.47281056666289734,-2.252099356677598,-2.014106292439834,-0.10566247092644482,0.1643130193997976,0.06338390369352333,-0.048420000000000005,0.09684000000000001,0.040350000000000004,4.530252283675267e-05,0.0,4.03734067495105e-05,-4.714153035439544e-05,0.0,0.00011572058356531568
515,5.150218199938536,hold,0.1561048229910114,3.629723403996097e-06,4.206400131806731,9.986599907279015,11293.6,0.0,0.15,3.0,0.0004,15.0,0.01,-0.034178160036232655,0.0,0.20740850141246023,-0.03417632102871501,0.0,0.2072524074221454,0.0,0.0,0.0,0.5376750019574063,0.0,0.68489649088173,-0.5351976251352385,0.0,-0.7203959786036648,0.42560132306160164,0.0,0.35462278755217175,0.47281056666289734,-2.252099356677598,-2.014106292439834,-0.10609400632926759,0.16400903409467915,0.06341497071417877,-0.0538,0.08608,0.03228,2.8779921525388526e-05,0.0,3.6905312255497934e-05,-3.061892904303129e-05,0.0,0.00011918867805932825
516,5.160225699888542,hold,0.1561048229910114,2.5460083632216e-06,4.089200170710683,10.007499950006604,11293.6,0.0,0.15,3.0,0.0004,15.0,0.01,-0.034178160036232655,0.0,0.20740850141246023,-0.03417632102871501,0.0,0.2072524074221454,0.0,0.0,0.0,0.5356460248840437,0.0,0.6822943778884398,-0.5340837223784514,0.0,-0.7178667008929167,0.4239939201388767,0.0,0.3532765351874071,0.47281056666289734,-2.252099356677598,-2.014106292439834,-0.10639392234388403,0.16376748720485562,0.0634029785125381,-0.06187,0.08608,0.03228,1.5797933987426968e-05,0.0,3.587149961413046e-05,-1.7636941505069733e-05,0.0,0.00012022249070069572
517,5.170238599879667,hold,0.1561048229910114,2.2713503333625522e-06,4.140099976211786,10.012899991124868,11293.6,0.0,0.15,3.0,0.0004,15.0,0.01,-0.034178160036232655,0.0,0.20740850141246023,-0.03417632102871501,0.0,0.2072524074221454,0.0,0.0,0.0,0.5345323403384843,0.0,0.6797651175099915,-0.5336565642683372,0.0,-0.7152915141134673,0.4230271773822622,0.0,0.3520338283263116,0.47281056666289734,-2.252099356677598,-2.014106292439834,-0.10659429773258071,0.16356772312843199,0.0633523900349714,-0.05918,0.08877,0.03228,6.058173017941264e-06,0.0,3.652260531644626e-05,-7.89718053558403e-06,0.0,0.00011957138499837992
518,5.180374299874529,hold,0.22112991485157577,5.9324817622904775e-05,4.0154000744223595,10.13569999486208,11293.6,0.0,0.15,3.0,0.0004,15.0,0.01,-0.034364224129565524,0.0,0.2073689872828977,-0.03417632102871501,0.0,0.2072524074221454,0.0,0.0,0.0,0.5795400449753965,0.0,0.6868388130538932,-0.5469966996591354,0.0,-0.7154149670352066,0.4544544636797023,0.0,0.3579138125367252,0.47281056666289734,-2.2536333374654833,-2.0125723116519483,-0.10121329746354596,0.16622652896078474,0.05538459832449575,-0.05918,0.08877,0.03497,-0.00018919656765644012,0.0,-1.7508719646392888e-06,1.2934668059284686e-06,0.0,0.0001183307327169476
519,5.190253699896857,hold,0.1561048229910114,1.1915435454808409e-05,5.7431000750511885,9.8794000223279,11293.6,0.0,0.15,3.0,0.0004,15.0,0.01,-0.034178160036232655,0.0,0.20740850141246023,-0.03417632102871501,0.0,0.2072524074221454,0.0,0.0,0.0,0.5474304227317514,0.0,0.6773101210119199,-0.5424676491694164,0.0,-0.711511890296786,0.43178813426047535,0.0,0.3518999332371881,0.47281056666289734,-2.252099356677598,-2.014106292439834,-0.10530466075870525,0.16394407059538152,0.06266934153633583,-0.0538,0.09415,0.03228,6.423329166423852e-05,0.0,5.535541436245422e-05,-6.607229918188128e-05,0.0,0.00010073857595237196
520,5.200127399992198,hold,0.33189650245750135,8.239768971991706e-05,4.500200040638447,9.87370009534061,11293.6,0.0,0.15,3.0,0.0004,15.0,0.01,-0.034295290667463466,0.0,0.20756224853207045,-0.03417632102871501,0.0,0.2072524074221454,0.0,0.0,0.0,0.5715174211197988,0.0,0.6358667162904125,-0.5478878840961361,0.0,-0.6967533631853524,0.444387485099652,0.0,0.33345149782119593,0.47281056666289734,-2.252099356677598,-2.0125723116519483,-0.10412818682906012,0.16237616726967752,0.05389408293392703,-0.04573,0.09146,0.03228,-7.687252145389007e-05,0.0,0.00020931291859854585,-4.2097117294563385e-05,0.0,0.00010052819132650058
521,5.210536099970341,hold,0.07964610943638345,6.650112709648333e-05,3.9867002051323652,10.408699978142977,11293.6,0.0,0.15,3.0,0.0004,15.0,0.01,-0.03424685779110939,0.0,0.20721542002024596,-0.03417632102871501,0.0,0.2072524074221454,0.0,0.0,0.0,0.5651017110355,0.0,0.7058122616600587,-0.5480187968659851,0.0,-0.7108773230810806,0.4468925425131525,0.0,0.3668859335458085,0.47281056666289734,-2.2536333374654833,-2.014106292439834,-0.10208471918475161,0.16682562284409813,0.06282119274967327,-0.056490000000000005,0.08877,0.02959,-1.856671314963502e-06,0.0,-0.0002003131644250199,-6.868009107941628e-05,0.0,0.00016332576252557342
522,5.220041200052947,hold,0.1561048229910114,1.9031604234253887e-05,4.238399909809232,9.505100082606077,11293.6,0.0,0.15,3.0,0.0004,15.0,0.01,-0.034178160036232655,0.0,0.20740850141246023,-0.03417632102871501,0.0,0.2072524074221454,0.0,0.0,0.0,0.5484609545578067,0.0,0.6727606582205058,-0.5432678949653017,0.0,-0.7050016321572109,0.4321541784274954,0.0,0.3498973528694845,0.47281056666289734,-2.252099356677598,-2.014106292439834,-0.10534299519123771,0.16370850389210756,0.06244076687711428,-0.0538,0.09146,0.03497,6.737970092130863e-05,0.0,8.33320294614884e-05,-6.92187084389514e-05,0.0,7.276196085333778e-05
523,5.230227099964395,hold,0.1561048229910114,1.2293335168427184e-05,4.090199945494533,10.18589991144836,11293.6,0.0,0.15,3.0,0.0004,15.0,0.01,-0.034178160036232655,0.0,0.20740850141246023,-0.03417632102871501,0.0,0.2072524074221454,0.0,0.0,0.0,0.5437156545353444,0.0,0.6668992748078059,-0.5404555574542386,0.0,-0.699619182600629,0.4284120506234525,0.0,0.34685143637550647,0.47281056666289734,-2.252099356677598,-2.014106292439834,-0.1060371425261448,0.1631572720229849,0.06242168699717625,-0.048420000000000005,0.09146,0.02959,3.9885997300419035e-05,0.0,7.633663016581171e-05,-4.17250048180618e-05,0.0,7.975736014901447e-05
524,5.240234900033101,hold,0.1561048229910114,8.767103492776367e-06,4.344299901276827,10.007800068706274,11293.6,0.0,0.15,3.0,0.0004,15.0,0.01,-0.034178160036232655,0.0,0.20740850141246023,-0.03417632102871501,0.0,0.2072524074221454,0.0,0.0,0.0,0.5409037706781312,0.0,0.6615169189121626,-0.5391253515513533,0.0,-0.694666217555905,0.42604816096286025,0.0,0.34417301242711,0.47281056666289734,-2.252099356677598,-2.014106292439834,-0.10651046659308938,0.16271413964859083,0.062334073988382206,-0.056490000000000005,0.09146,0.03497,1.886565493749175e-05,0.0,7.024546293814217e-05,-2.0704662455134514e-05,0.0,8.584852737668401e-05
525,5.250205100048333,hold,0.1561048229910114,7.060423063311869e-06,4.113599890843034,9.970200015231967,11293.6,0.0,0.15,3.0,0.0004,15.0,0.01,-0.034178160036232655,0.0,0.20740850141246023,-0.03417632102871501,0.0,0.2072524074221454,0.0,0.0,0.0,0.5395739180968346,0.0,0.6565640562989851,-0.5388725110129177,0.0,-0.6900708567591819,0.4247455182908212,0.0,0.34180479097367816,0.47281056666289734,-2.252099356677598,-2.014106292439834,-0.1068124986278774,0.16235767094502768,0.062196418118481284,-0.056490000000000005,0.08877,0.02959,3.5859127838702308e-06,0.0,6.517373807785179e-05,-5.424920301512996e-06,0.0,9.09202522369744e-05
526,5.260213800007477,hold,0.1561048229910114,6.269634721985515e-06,3.983100177720189,10.008699959143996,11293.6,0.0,0.15,3.0,0.0004,15.0,0.01,-0.034178160036232655,0.0,0.20740850141246023,-0.03417632102871501,0.0,0.2072524074221454,0.0,0.0,0.0,0.5393213343592957,0.0,0.6519687807592629,-0.5393544308510567,0.0,-0.6857607920919682,0.4242177641023963,0.0,0.3396828219179139,0.47281056666289734,-2.252099356677598,-2.014106292439834,-0.1069885465856669,0.16206696682940364,0.0620242011444857,-0.06187,0.09146,0.03228,-6.834831625798359e-06,0.0,6.112752363642589e-05,4.9958241081555935e-06,0.0,9.49664666784003e-05
527,5.270203100051731,hold,0.1561048229910114,5.876356501579395e-06,4.036199999973178,9.989300044253469,11293.6,0.0,0.15,3.0,0.0004,15.0,0.01,-0.034178160036232655,0.0,0.20740850141246023,-0.03417632102871501,0.0,0.2072524074221454,0.0,0.0,0.0,0.5398034293153081,0.0,0.6476587841055685,-0.5402933373505913,0.0,-0.6816684181977755,0.42422164702177767,0.0,0.33774774042328803,0.47281056666289734,-2.252099356677598,-2.014106292439834,-0.10707733077184065,0.16182363987542814,0.061830069267038865,-0.0538,0.09146,0.03228,-1.3316048290243111e-05,0.0,5.8040122657387075e-05,1.1477040772600345e-05,0.0,9.80538676574391e-05
528,5.280222000088543,hold,0.1561048229910114,5.624450398132332e-06,4.094400210306048,10.018900036811829,11293.6,0.0,0.15,3.0,0.0004,15.0,0.01,-0.034178160036232655,0.0,0.20740850141246023,-0.03417632102871501,0.0,0.2072524074221454,0.0,0.0,0.0,0.5407424447108865,0.0,0.6435664621043444,-0.5414735871861909,0.0,-0.6777339091407311,0.4245592598361207,0.0,0.3359473071783651,0.47281056666289734,-2.252099356677598,-2.014106292439834,-0.10711053566095192,0.16161223436709926,0.061623916600237694,-0.05918,0.09146,0.03497,-1.6738901917482913e-05,0.0,5.5801203451011467e-05,1.4899894399840147e-05,0.0,0.00010029278686381471
529,5.290322700049728,hold,0.07964610943638345,4.5690298136668685e-05,4.251400008797646,10.100699961185455,11293.6,0.0,0.15,3.0,0.0004,15.0,0.01,-0.03424685779110939,0.0,0.20721542002024596,-0.03417632102871501,0.0,0.2072524074221454,0.0,0.0,0.0,0.5586979490236106,0.0,0.6867802329264665,-0.5476385700890374,0.0,-0.6876869930958486,0.4409747752806912,0.0,0.35767635037354273,0.47281056666289734,-2.2536333374654833,-2.014106292439834,-0.10338477894037326,0.16540165134549206,0.06235298766366302,-0.0538,0.08877,0.03228,-8.743491506718438e-05,0.0,-0.00014115968592069358,1.68981526728046e-05,0.0,0.00010417228402124709
530,5.300212800037116,hold,0.1561048229910114,2.626813276980831e-05,4.015499958768487,9.890099987387657,11293.6,0.0,0.15,3.0,0.0004,15.0,0.01,-0.034178160036232655,0.0,0.20740850141246023,-0.03417632102871501,0.0,0.2072524074221454,0.0,0.0,0.0,0.548082151591255,0.0,0.649569353030172,-0.5470572813158413,0.0,-0.6788288611442698,0.43011236036931777,0.0,0.3392569861777174,0.47281056666289734,-2.252099356677598,-2.014106292439834,-0.10613634999640303,0.16227793419529274,0.06153099711770613,-0.05111,0.09146,0.03766,8.244132273332889e-06,0.0,0.0001256305211296859,-1.0083139790975655e-05,0.0,3.046346918514028e-05
531,5.310221299994737,hold,0.1561048229910114,1.8121894609039054e-05,4.042500164359808,10.008499957621098,11293.6,0.0,0.15,3.0,0.0004,15.0,0.01,-0.034178160036232655,0.0,0.20740850141246023,-0.03417632102871501,0.0,0.2072524074221454,0.0,0.0,0.0,0.5475060346857937,0.0,0.6407257928956054,-0.5468911164520363,0.0,-0.6714574248483263,0.4290342414520225,0.0,0.3351663732013918,0.47281056666289734,-2.252099356677598,-2.014106292439834,-0.10648470993050282,0.1617148048790849,0.06120364980580829,-0.056490000000000005,0.08877,0.03228,2.356634395083038e-06,0.0,0.00010454544913034539,-4.195641912725804e-06,0.0,5.154854118448079e-05
532,5.320230900077149,hold,0.1561048229910114,1.2597242168845529e-05,4.031799966469407,10.009600082412362,11293.6,0.0,0.15,3.0,0.0004,15.0,0.01,-0.034178160036232655,0.0,0.20740850141246023,-0.03417632102871501,0.0,0.2072524074221454,0.0,0.0,0.0,0.5473399602614487,0.0,0.6333546871375719,-0.5470147510043285,0.0,-0.6653111706228637,0.4283535795572344,0.0,0.3317809438536869,0.47281056666289734,-2.252099356677598,-2.014106292439834,-0.10674171850956655,0.16125825050481812,0.060916560707469994,-0.06994,0.08877,0.03766,-1.7534479412835004e-06,0.0,8.716929546333634e-05,-8.555957635926519e-08,0.0,6.892469485148984e-05
533,5.330049799988046,hold,0.1561048229910114,8.97248721624401e-06,4.263600101694465,9.818899910897017,11293.6,0.0,0.15,3.0,0.0004,15.0,0.01,-0.034178160036232655,0.0,0.20740850141246023,-0.03417632102871501,0.0,0.2072524074221454,0.0,0.0,0.0,0.5474636638964195,0.0,0.6272087250360655,-0.5473251257679234,0.0,-0.6601322586565472,0.4279679587282537,0.0,0.3289783143651536,0.47281056666289734,-2.252099356677598,-2.014106292439834,-0.10692817538156227,0.16088827441569684,0.06066529884596242,-0.05918,0.08608,0.03228,-4.401892352594375e-06,0.0,7.344995680462134e-05,2.5628848349516096e-06,0.0,8.264403351020484e-05
534,5.340210099937394,hold,0.31951567871213565,0.00011304913158584587,4.044099943712354,10.160299949347973,11293.6,0.0,0.15,3.0,0.0004,15.0,0.01,-0.03395121699484728,0.0,0.20747916377349934,-0.03417632102871501,0.0,0.2072524074221454,0.0,0.0,0.0,0.4923572179235441,0.0,0.6047751125926399,-0.5315440607930318,0.0,-0.6506398731283572,0.38790789850150054,0.0,0.31416588714219457,0.474344547450783,-2.252099356677598,-2.014106292439834,-0.1145648383240205,0.15692179209153787,0.062405309327093275,-0.0538,0.08877,0.03497,0.0002238150693187288,0.0,0.00013462582711446782,1.288964549003011e-06,0.0,9.213052423947274e-05
535,5.3502179000061005,hold,0.1561048229910114,1.5291758723881946e-05,4.067400004714727,10.007800068706274,11293.6,0.0,0.15,3.0,0.0004,15.0,0.01,-0.034178160036232655,0.0,0.20740850141246023,-0.03417632102871501,0.0,0.2072524074221454,0.0,0.0,0.0,0.5320115521731196,0.0,0.6125435951198043,-0.5379957404547101,0.0,-0.6485780521577751,0.4161216280203196,0.0,0.3210828839903926,0.47281056666289734,-2.252099356677598,-2.014106292439834,-0.10904494485119719,0.15936308264027485,0.06077988616193615,-0.05918,0.08339,0.03497,-9.150099394421166e-05,0.0,2.924179098101937e-05,8.96619864265689e-05,0.0,0.0001268521993338068
536,5.360205299919471,hold,0.07964610943638345,7.538746342882884e-05,4.098800010979176,9.98739991337061,11293.6,0.0,0.15,3.0,0.0004,15.0,0.01,-0.03424685779110939,0.0,0.20721542002024596,-0.03417632102871501,0.0,0.2072524074221454,0.0,0.0,0.0,0.5552213306560647,0.0,0.6576248137088351,-0.5476446645019163,0.0,-0.6601132441812193,0.43630588602172266,0.0,0.34405801128757246,0.47281056666289734,-2.2536333374654833,-2.014106292439834,-0.10470425126933905,0.16347840976421762,0.061348030823806916,-0.06456,0.09146,0.03497,-0.00013684593580424418,0.0,-0.00016359794516021062,6.63091734098644e-05,0.0,0.00012661054326076413
537,5.370079000014812,hold,0.1561048229910114,1.986842323611816e-05,4.142699996009469,9.87370009534061,11293.6,0.0,0.15,3.0,0.0004,15.0,0.01,-0.034178160036232655,0.0,0.20740850141246023,-0.03417632102871501,0.0,0.2072524074221454,0.0,0.0,0.0,0.5480890763312875,0.0,0.6219959813279679,-0.549122180805994,0.0,-0.652535499445512,0.4280020328143337,0.0,0.3266411697740627,0.47281056666289734,-2.252099356677598,-2.014106292439834,-0.10703106057153104,0.16059570879662233,0.060428585092162534,-0.0538,0.09146,0.03497,-2.095488577880094e-05,0.0,0.00010747142008479143,1.9115878261158175e-05,0.0,4.862257023003475e-05
538,5.380198899889365,hold,0.15972324196535811,3.835980190704396e-05,4.036400001496077,10.119899874553084,11293.6,0.0,0.15,3.0,0.0004,15.0,0.01,-0.034020210851927773,0.0,0.20728618798944942,-0.03417632102871501,0.0,0.2072524074221454,0.0,0.0,0.0,0.5110020612022026,0.0,0.6443002593176258,-0.5386552809412702,0.0,-0.6548856936806717,0.40446543724792644,0.0,0.3341983505651158,0.474344547450783,-2.2536333374654833,-2.014106292439834,-0.11089399288784194,0.1605117243283132,0.06296693421170817,-0.0538,0.08877,0.040350000000000004,0.00014844688381314026,0.0,-3.33316469130348e-05,7.663292974098335e-06,0.0,6.711221421705515e-05
539,5.390215500025079,hold,0.07964610943638345,3.813398883135747e-05,4.015199840068817,10.016600135713816,11293.6,0.0,0.15,3.0,0.0004,15.0,0.01,-0.03424685779110939,0.0,0.20721542002024596,-0.03417632102871501,0.0,0.2072524074221454,0.0,0.0,0.0,0.5558924351388018,0.0,0.6639214591786796,-0.5480365405403891,0.0,-0.660023196461986,0.4372588663585571,0.0,0.34699297223057557,0.47281056666289734,-2.2536333374654833,-2.014106292439834,-0.10442774865726172,0.16389051880227737,0.06156869172987398,-0.056490000000000005,0.09146,0.040350000000000004,-0.0001330497828134196,0.0,-7.2862670735752e-05,6.251302041903982e-05,0.0,3.58752688363055e-05
540,5.400368599919602,hold,0.07964610943638345,1.30967649840201e-05,4.054900025948882,10.15309989452362,11293.6,0.0,0.15,3.0,0.0004,15.0,0.01,-0.03424685779110939,0.0,0.20721542002024596,-0.03417632102871501,0.0,0.2072524074221454,0.0,0.0,0.0,0.5652560658998536,0.0,0.6690526659711102,-0.5540684700987599,0.0,-0.6617279312668495,0.4441560110515566,0.0,0.35006675856554537,0.47281056666289734,-2.2536333374654833,-2.014106292439834,-0.10326678107243997,0.1645857358805793,0.06134799230661865,-0.05918,0.09146,0.03766,-8.554788503693691e-05,0.0,-2.417741382648279e-05,1.501112264255713e-05,0.0,-1.2809988072963704e-05
541,5.410356400068849,hold,0.1561048229910114,6.98075502425562e-05,3.8284999318420887,9.98780014924705,11293.6,0.0,0.15,3.0,0.0004,15.0,0.01,-0.034178160036232655,0.0,0.20740850141246023,-0.03417632102871501,0.0,0.2072524074221454,0.0,0.0,0.0,0.5545120280948431,0.0,0.623608349034018,-0.5526826679088583,0.0,-0.6473229945082888,0.43258225316047316,0.0,0.3278716171871424,0.47281056666289734,-2.252099356677598,-2.014106292439834,-0.10629678724645969,0.16095610490422765,0.060201752434442486,-0.06187,0.09146,0.03497,1.9654149684342793e-05,0.0,0.00020429812083524014,-2.149315720198556e-05,0.0,-4.820413052041396e-05
542,5.4201871999539435,hold,0.1561048229910114,3.910140924654454e-05,4.068099893629551,9.830799885094166,11293.6,0.0,0.15,3.0,0.0004,15.0,0.01,-0.034178160036232655,0.0,0.20740850141246023,-0.03417632102871501,0.0,0.2072524074221454,0.0,0.0,0.0,0.5531312292162467,0.0,0.6092186042745965,-0.5513223743772871,0.0,-0.6365780501507037,0.43052036561175955,0.0,0.3211815904494181,0.47281056666289734,-2.252099356677598,-2.014106292439834,-0.10691069106926099,0.1600217259996243,0.05968921809191988,-0.056490000000000005,0.08339,0.03497,1.9292372951181217e-05,0.0,0.00015239025186481858,-2.1131380468823982e-05,0.0,3.7037384500076057e-06
543,5.430243199924007,hold,0.1561048229910114,2.104036415008349e-05,4.1136001236736774,10.055999970063567,11293.6,0.0,0.15,3.0,0.0004,15.0,0.01,-0.034178160036232655,0.0,0.20740850141246023,-0.03417632102871501,0.0,0.2072524074221454,0.0,0.0,0.0,0.5517709333063873,0.0,0.5984745085979987,-0.5500759610030095,0.0,-0.6287315511765961,0.4287523589107798,0.0,0.316161223230545,0.47281056666289734,-2.252099356677598,-2.014106292439834,-0.1074040256117988,0.15931063842990056,0.059321469262083794,-0.0538,0.08608,0.02959,1.7677266788242926e-05,0.0,0.00011128302903469331,-1.951627430588569e-05,0.0,4.481096128013287e-05
544,5.4402018000837415,hold,0.1561048229910114,1.1041265858342954e-05,4.051500000059605,9.958600159734488,11293.6,0.0,0.15,3.0,0.0004,15.0,0.01,-0.034178160036232655,0.0,0.20740850141246023,-0.03417632102871501,0.0,0.2072524074221454,0.0,0.0,0.0,0.5505245471262666,0.0,0.5906287006250102,-0.5489941538935673,0.0,-0.6230788092796943,0.42728571340831145,0.0,0.31247572138978486,0.47281056666289734,-2.252099356677598,-2.014106292439834,-0.10779114464401307,0.15878104905450002,0.05906439821163832,-0.056490000000000005,0.08608,0.03497,1.534273723443373e-05,0.0,8.01700532574268e-05,-1.7181744752076497e-05,0.0,7.592393705739938e-05
545,5.450214399956167,hold,0.1561048229910114,5.808660751576536e-06,4.097800003364682,10.012599872425199,11293.6,0.0,0.15,3.0,0.0004,15.0,0.01,-0.034178160036232655,0.0,0.20740850141246023,-0.03417632102871501,0.0,0.2072524074221454,0.0,0.0,0.0,0.5494427792856419,0.0,0.5849764816675237,-0.5480992268895198,0.0,-0.6190014218916532,0.4261015561529544,0.0,0.30980653599239877,0.47281056666289734,-2.252099356677598,-2.014106292439834,-0.10808954963955324,0.15839202620087078,0.058887538765063085,-0.05918,0.08339,0.02959,1.2692308774140093e-05,0.0,5.7827576424384556e-05,-1.4531316291782858e-05,0.0,9.826641389044162e-05
546,5.460183100076392,hold,0.1561048229910114,3.2075536424796584e-06,4.081099992617965,9.968700120225549,11293.6,0.0,0.15,3.0,0.0004,15.0,0.01,-0.034178160036232655,0.0,0.20740850141246023,-0.03417632102871501,0.0,0.2072524074221454,0.0,0.0,0.0,0.5485478968536824,0.0,0.5808994697732659,-0.5473930575057953,0.0,-0.6159808282862622,0.42516790144616284,0.0,0.3078724310711653,0.47281056666289734,-2.252099356677598,-2.014106292439834,-0.10831695851466262,0.15810674497166616,0.058765164609570236,-0.06187,0.08608,0.02959,1.0015252444658003e-05,0.0,4.283959087995212e-05,-1.1854259962300769e-05,0.0,0.00011325439943487406
547,5.4701956999488175,hold,0.07964610943638345,4.969557989112998e-05,3.9862999692559242,10.012599872425199,11293.6,0.0,0.15,3.0,0.0004,15.0,0.01,-0.03424685779110939,0.0,0.20721542002024596,-0.03417632102871501,0.0,0.2072524074221454,0.0,0.0,0.0,0.5646169694711873,0.0,0.6250273702800636,-0.5517668510889671,0.0,-0.6273806822048523,0.44030660147314415,0.0,0.3298594570313173,0.47281056666289734,-2.2536333374654833,-2.014106292439834,-0.1047699224255017,0.1618695391764537,0.05962103722586484,-0.056490000000000005,0.08877,0.0269,-6.203135945266849e-05,0.0,-0.00016167851149920083,-8.505402941711289e-06,0.0,0.00012469110959975434
548,5.48018250009045,hold,0.1561048229910114,1.8671203013169966e-05,4.079800099134445,9.986800141632557,11293.6,0.0,0.15,3.0,0.0004,15.0,0.01,-0.034178160036232655,0.0,0.20740850141246023,-0.03417632102871501,0.0,0.2072524074221454,0.0,0.0,0.0,0.5522100054724048,0.0,0.5892633873094827,-0.5495810192226762,0.0,-0.6202227671388699,0.42835042913400334,0.0,0.3119803050076518,0.47281056666289734,-2.252099356677598,-2.014106292439834,-0.10765654155358709,0.1587664932520721,0.058933392220056495,-0.0538,0.08877,0.0269,3.1000576415555526e-05,0.0,0.00010151718272622029,-3.283958393319829e-05,0.0,5.4576807588605893e-05
549,5.49019160005264,hold,0.1561048229910114,1.1316642443162999e-05,4.03310009278357,10.009099962189794,11293.6,0.0,0.15,3.0,0.0004,15.0,0.01,-0.034178160036232655,0.0,0.20740850141246023,-0.03417632102871501,0.0,0.2072524074221454,0.0,0.0,0.0,0.550029390010627,0.0,0.5821201044177209,-0.5480446840156337,0.0,-0.6146023043944786,0.4262894629120531,0.0,0.30854458336083634,0.47281056666289734,-2.252099356677598,-2.014106292439834,-0.10812003128300161,0.15824166158430644,0.05874676779457534,-0.06187,0.08608,0.02959,2.1789085299890192e-05,0.0,7.971225394108237e-05,-2.3628092817532958e-05,0.0,7.638173637374381e-05
550,5.5001789999660105,hold,0.1561048229910114,7.028380853919697e-06,4.005800001323223,9.98739991337061,11293.6,0.0,0.15,3.0,0.0004,15.0,0.01,-0.034178160036232655,0.0,0.20740850141246023,-0.03417632102871501,0.0,0.2072524074221454,0.0,0.0,0.0,0.548493201148258,0.0,0.5764999842553424,-0.5470479953580497,0.0,-0.6101199217377209,0.4247924699019446,0.0,0.30585522665432735,0.47281056666289734,-2.252099356677598,-2.014106292439834,-0.10846563882015399,0.15783606024470617,0.05859179914675519,-0.056490000000000005,0.08608,0.02959,1.4135544168993872e-05,0.0,6.357142478226178e-05,-1.5974551686636637e-05,0.0,9.25225655325644e-05
551,5.510193099966273,hold,0.1561048229910114,4.639789410507583e-06,4.020499996840954,10.01410000026226,11293.6,0.0,0.15,3.0,0.0004,15.0,0.01,-0.034178160036232655,0.0,0.20740850141246023,-0.03417632102871501,0.0,0.2072524074221454,0.0,0.0,0.0,0.5474966411592497,0.0,0.5720178729104911,-0.546480922150756,0.0,-0.6064324027602657,0.4237571918000246,0.0,0.3037279666479129,0.47281056666289734,-2.252099356677598,-2.014106292439834,-0.10871699820578166,0.15752191241192298,0.05845784434706651,-0.056490000000000005,0.08877,0.03228,8.042519906048879e-06,0.0,5.229826484248057e-05,-9.881527423691644e-06,0.0,0.00010379572547234561
552,5.5201944001019,hold,0.07964610943638345,4.4738465346652025e-05,3.9657000452280045,10.001300135627389,11293.6,0.0,0.15,3.0,0.0004,15.0,0.01,-0.03424685779110939,0.0,0.20721542002024596,-0.03417632102871501,0.0,0.2072524074221454,0.0,0.0,0.0,0.5637048673577456,0.0,0.6154787856342362,-0.5511438786447113,0.0,-0.6170376954377658,0.4389347547893662,0.0,0.32541688740426533,0.47281056666289734,-2.2536333374654833,-2.014106292439834,-0.1051780202203641,0.16124889838415385,0.05928161769793546,-0.06187,0.08877,0.03228,-6.613241454776921e-05,0.0,-0.00015040964089157766,-4.404347846610572e-06,0.0,0.00011342223899213117
553,5.530209299875423,hold,0.07964610943638345,1.4379674003679768e-05,4.032100085169077,10.014899773523211,11293.6,0.0,0.15,3.0,0.0004,15.0,0.01,-0.03424685779110939,0.0,0.20721542002024596,-0.03417632102871501,0.0,0.2072524074221454,0.0,0.0,0.0,0.5683622990169446,0.0,0.626068453275403,-0.5542297221201989,0.0,-0.6228356771603852,0.4429871333016881,0.0,0.3306258724883529,0.47281056666289734,-2.2536333374654833,-2.014106292439834,-0.10433852223390278,0.16208581987442994,0.05949242247248703,-0.06725,0.08877,0.03228,-4.3764997639378873e-05,0.0,-8.222991814693576e-05,-2.6771764755000908e-05,0.0,4.524251624748927e-05
554,5.5402273999061435,hold,0.1561048229910114,4.703117206737811e-05,4.167300183326006,10.018100030720234,11293.6,0.0,0.15,3.0,0.0004,15.0,0.01,-0.034178160036232655,0.0,0.20740850141246023,-0.03417632102871501,0.0,0.2072524074221454,0.0,0.0,0.0,0.554672578058479,0.0,0.5847170706619412,-0.5512757561211374,0.0,-0.6113305652061919,0.42971032982689195,0.0,0.3100890149268386,0.47281056666289734,-2.252099356677598,-2.014106292439834,-0.10754273697608717,0.15858953555908106,0.05864000080516436,-0.05918,0.09146,0.02959,4.18946443663358e-05,0.0,0.00016317133435826456,-4.373365188397856e-05,0.0,-7.077344043438378e-06
555,5.550390099873766,hold,0.1561048229910114,2.7238161383275852e-05,3.7412000820040703,10.162699967622757,11293.6,0.0,0.15,3.0,0.0004,15.0,0.01,-0.034178160036232655,0.0,0.20740850141246023,-0.03417632102871501,0.0,0.2072524074221454,0.0,0.0,0.0,0.551723943873975,0.0,0.5732268661442447,-0.5493688308571175,0.0,-0.6024943827619873,0.4267830281561483,0.0,0.30460542129741647,0.47281056666289734,-2.252099356677598,-2.014106292439834,-0.1082289320436129,0.15776812809206558,0.05831446080577754,-0.056490000000000005,0.08877,0.02959,2.7044981490875387e-05,0.0,0.00012531922208096675,-2.8883989008518153e-05,0.0,3.0774768233859435e-05
556,5.560051300097257,hold,0.31951567871213565,0.00014565114716028467,4.218399990350008,9.661200223490596,11293.6,0.0,0.15,3.0,0.0004,15.0,0.01,-0.03395121699484728,0.0,0.20747916377349934,-0.03417632102871501,0.0,0.2072524074221454,0.0,0.0,0.0,0.4944003944940624,0.0,0.5471363650169084,-0.5320936435487166,0.0,-0.5907248736413605,0.3849255158226198,0.0,0.2879624836495073,0.474344547450783,-2.252099356677598,-2.014106292439834,-0.11621024709886499,0.15349186504732534,0.06000496995748797,-0.056490000000000005,0.08608,0.03228,0.000245005470231286,0.0,0.00016692114910315883,-1.990143636355419e-05,0.0,5.983520225078174e-05
557,5.570055400021374,hold,0.1561048229910114,1.378828677053326e-05,4.171299980953336,10.004099924117327,11293.6,0.0,0.15,3.0,0.0004,15.0,0.01,-0.034178160036232655,0.0,0.20740850141246023,-0.03417632102871501,0.0,0.2072524074221454,0.0,0.0,0.0,0.5325607788374973,0.0,0.552628053012493,-0.5376336127163288,0.0,-0.587457825748613,0.4119066311153584,0.0,0.2937103295310848,0.47281056666289734,-2.252099356677598,-2.014106292439834,-0.1109323929275215,0.15572948264278436,0.05836017574762538,-0.06456,0.08877,0.03228,-7.857065320024658e-05,0.0,4.633493061122722e-05,7.673164568260381e-05,0.0,0.00010975905970359896
558,5.580183899961412,hold,0.07964610943638345,6.93733773650877e-05,3.999799955636263,10.128499940037727,11293.6,0.0,0.15,3.0,0.0004,15.0,0.01,-0.03424685779110939,0.0,0.20721542002024596,-0.03417632102871501,0.0,0.2072524074221454,0.0,0.0,0.0,0.5548589856731734,0.0,0.5965043002046178,-0.5468197646414901,0.0,-0.5985814377925096,0.43132612807244636,0.0,0.316044731747369,0.47281056666289734,-2.2536333374654833,-2.014106292439834,-0.1067353644615173,0.15972889823363892,0.05892664605936374,-0.05111,0.08877,0.0269,-0.00013028266680186216,0.0,-0.00015776070909285798,5.974590440748238e-05,0.0,0.00012077330719341149
559,5.590192999923602,hold,0.1561048229910114,1.9028012237371345e-05,4.00479999370873,10.009099962189794,11293.6,0.0,0.15,3.0,0.0004,15.0,0.01,-0.034178160036232655,0.0,0.20740850141246023,-0.03417632102871501,0.0,0.2072524074221454,0.0,0.0,0.0,0.5472640662457415,0.0,0.5604640770238589,-0.5481640120214536,0.0,-0.5911465850237202,0.4227095378722147,0.0,0.2984236232679907,0.47281056666289734,-2.252099356677598,-2.014106292439834,-0.10911689994577112,0.15680742046303842,0.058006590364019436,-0.06456,0.08339,0.03497,-1.9064798288756353e-05,0.0,0.00010544485371986607,1.7225790771113587e-05,0.0,5.064913659496011e-05
560,5.600179299945012,hold,0.1561048229910114,1.1790146119337137e-05,4.09789988771081,9.986300021409988,11293.6,0.0,0.15,3.0,0.0004,15.0,0.01,-0.034178160036232655,0.0,0.20740850141246023,-0.03417632102871501,0.0,0.2072524074221454,0.0,0.0,0.0,0.5486132242523557,0.0,0.5530438562607044,-0.5490643296051959,0.0,-0.5852678209864063,0.42307644576578274,0.0,0.2951319534010036,0.47281056666289734,-2.252099356677598,-2.014106292439834,-0.10921463440701552,0.15640967978623754,0.05764882293946423,-0.06187,0.08877,0.03228,-1.2768760710050531e-05,0.0,8.337561391536679e-05,1.0929753192407765e-05,0.0,7.271837639945939e-05
561,5.610194500070065,hold,0.1561048229910114,7.496108506670066e-06,4.0154000744223595,10.015200125053525,11293.6,0.0,0.15,3.0,0.0004,15.0,0.01,-0.034178160036232655,0.0,0.20740850141246023,-0.03417632102871501,0.0,0.2072524074221454,0.0,0.0,0.0,0.549513427486014,0.0,0.5471654392553742,-0.5496114559457668,0.0,-0.5805573031499616,0.42325011895037895,0.0,0.2925113053303557,0.47281056666289734,-2.252099356677598,-2.014106292439834,-0.10930996337257781,0.1560877047495242,0.057373040798943925,-0.05918,0.08608,0.03228,-7.759623323001848e-06,0.0,6.680695363515715e-05,5.920615805359082e-06,0.0,8.928703667966903e-05
562,5.620401700027287,hold,0.07964610943638345,4.1621312535687367e-05,5.345300072804093,10.207199957221746,11293.6,0.0,0.15,3.0,0.0004,15.0,0.01,-0.03424685779110939,0.0,0.20721542002024596,-0.03417632102871501,0.0,0.2072524074221454,0.0,0.0,0.0,0.5668356666258455,0.0,0.5896034421786246,-0.554792873049427,0.0,-0.5904576493259778,0.4391064550971978,0.0,0.31381153952749924,0.47281056666289734,-2.2536333374654833,-2.014106292439834,-0.10568936831010811,0.15979541356908042,0.05810733407826253,-0.05918,0.08339,0.02959,-7.348548593330577e-05,0.0,-0.00014041173198323459,2.948723538925984e-06,0.0,0.00010342433008378809
563,5.6304234999697655,hold,0.1561048229910114,2.4672762266864277e-05,4.814499989151955,10.021799942478538,11293.6,0.0,0.15,3.0,0.0004,15.0,0.01,-0.034178160036232655,0.0,0.20740850141246023,-0.03417632102871501,0.0,0.2072524074221454,0.0,0.0,0.0,0.5552362198960572,0.0,0.5523399968975895,-0.5530635455754065,0.0,-0.5820298552321362,0.42761778967192965,0.0,0.29531794361597363,0.47281056666289734,-2.252099356677598,-2.014106292439834,-0.10853434234957875,0.15663690169770467,0.0573203395843956,-0.06187,0.08608,0.02959,2.4526199536501575e-05,0.0,0.00011952725131784636,-2.636520705414434e-05,0.0,3.656673899697982e-05
564,5.640231099911034,hold,0.1561048229910114,1.534546147915925e-05,4.048899980261922,9.807599941268563,11293.6,0.0,0.15,3.0,0.0004,15.0,0.01,-0.034178160036232655,0.0,0.20740850141246023,-0.03417632102871501,0.0,0.2072524074221454,0.0,0.0,0.0,0.5535120251227,0.0,0.5439268897493656,-0.5517194857942824,0.0,-0.5753792997859917,0.4257761016911262,0.0,0.291336218591451,0.47281056666289734,-2.252099356677598,-2.014106292439834,-0.10899061239431584,0.15605320494504699,0.05706226222367121,-0.06187,0.08608,0.03497,1.9062137666843882e-05,0.0,9.432155121059046e-05,-2.0901145184486648e-05,0.0,6.177243910423572e-05
565,5.650202400051057,hold,0.1561048229910114,9.630138322196873e-06,4.067899892106652,9.971300140023232,11293.6,0.0,0.15,3.0,0.0004,15.0,0.01,-0.034178160036232655,0.0,0.20740850141246023,-0.03417632102871501,0.0,0.2072524074221454,0.0,0.0,0.0,0.5521680487009565,0.0,0.5372767340703565,-0.5507266622421074,0.0,-0.5700968082942013,0.4243334612014605,0.0,0.2881903079489171,0.47281056666289734,-2.252099356677598,-2.014106292439834,-0.10934926355234925,0.15559259245251805,0.05685740665633701,-0.06187,0.08339,0.03497,1.4080727283288766e-05,0.0,7.491897418151125e-05,-1.591973480093153e-05,0.0,8.117501613331493e-05
566,5.660187999950722,hold,0.07964610943638345,3.600602477107674e-05,4.072200041264296,9.985599899664521,11293.6,0.0,0.15,3.0,0.0004,15.0,0.01,-0.03424685779110939,0.0,0.20721542002024596,-0.03417632102871501,0.0,0.2072524074221454,0.0,0.0,0.0,0.567950505896789,0.0,0.5791428109827258,-0.5549412724983803,0.0,-0.5795970785377759,0.43907114909364325,0.0,0.3091081732319437,0.47281056666289734,-2.2536333374654833,-2.014106292439834,-0.10591209946344696,0.1592016640393415,0.057639458818291675,-0.06456,0.08877,0.03228,-5.9773740755770876e-05,0.0,-0.0001347376521480249,-1.0763021638608906e-05,0.0,9.775025024857841e-05
567,5.670203800080344,hold,0.1561048229910114,2.683760979995269e-05,3.975100116804242,10.015800129622221,11293.6,0.0,0.15,3.0,0.0004,15.0,0.01,-0.034178160036232655,0.0,0.20740850141246023,-0.03417632102871501,0.0,0.2072524074221454,0.0,0.0,0.0,0.5553843889588658,0.0,0.5414793307536451,-0.5526917319410072,0.0,-0.5709107446344199,0.42688748273119537,0.0,0.29035995213420895,0.47281056666289734,-2.252099356677598,-2.014106292439834,-0.10887131187889916,0.1559802356763037,0.0568795231588578,-0.05918,0.08608,0.03228,3.1904125392349876e-05,0.0,0.00012319399405543642,-3.374313290999264e-05,0.0,3.289999625938976e-05
568,5.680180900031701,hold,0.1561048229910114,1.6184466713322726e-05,4.072500159963965,9.97709995135665,11293.6,0.0,0.15,3.0,0.0004,15.0,0.01,-0.034178160036232655,0.0,0.20740850141246023,-0.03417632102871501,0.0,0.2072524074221454,0.0,0.0,0.0,0.553140087564487,0.0,0.5328077175392077,-0.5511593692262319,0.0,-0.5641132991840809,0.42466509125460716,0.0,0.2862200492588129,0.47281056666289734,-2.252099356677598,-2.014106292439834,-0.10939119556929075,0.1553595484287559,0.05663470003959942,-0.06456,0.08608,0.02959,2.173274539928412e-05,0.0,9.640481976840489e-05,-2.3571752916926886e-05,0.0,5.9689170546421295e-05
569,5.690195000031963,hold,0.1561048229910114,9.823518216065289e-06,4.0391001384705305,10.01410000026226,11293.6,0.0,0.15,3.0,0.0004,15.0,0.01,-0.034178160036232655,0.0,0.20740850141246023,-0.03417632102871501,0.0,0.2072524074221454,0.0,0.0,0.0,0.5516078873261849,0.0,0.526010698472416,-0.5502112433350163,0.0,-0.5587680571930572,0.4230805867189013,0.0,0.2829925019619292,0.47281056666289734,-2.252099356677598,-2.014106292439834,-0.10977459945626739,0.15488229624755945,0.05643251027296334,-0.056490000000000005,0.08339,0.02959,1.3446802380126252e-05,0.0,7.580893359540602e-05,-1.5285809897769018e-05,0.0,8.028505671942016e-05
570,5.70019800006412,hold,0.07964610943638345,3.6552956275544283e-05,4.145300015807152,10.003000032156706,11293.6,0.0,0.15,3.0,0.0004,15.0,0.01,-0.03424685779110939,0.0,0.20721542002024596,-0.03417632102871501,0.0,0.2072524074221454,0.0,0.0,0.0,0.5674350977176514,0.0,0.5678140449422565,-0.5546219193485684,0.0,-0.5682656782599407,0.43783697297771457,0.0,0.30388119979742306,0.47281056666289734,-2.2536333374654833,-2.014106292439834,-0.10633613740388621,0.15848841595230445,0.05721101456813498,-0.05918,0.08877,0.03228,-6.255444479103751e-05,0.0,-0.0001347000801802449,-7.982317603342273e-06,0.0,9.77126782807984e-05
571,5.710202099988237,hold,0.1561048229910114,2.6224087229939243e-05,4.085500026121736,10.004099924117327,11293.6,0.0,0.15,3.0,0.0004,15.0,0.01,-0.034178160036232655,0.0,0.20740850141246023,-0.03417632102871501,0.0,0.2072524074221454,0.0,0.0,0.0,0.5550650826097989,0.0,0.5301479298618146,-0.5526552620760664,0.0,-0.5596167175788916,0.42579671032796984,0.0,0.28515071370297623,0.47281056666289734,-2.252099356677598,-2.014106292439834,-0.10927319943642846,0.15527577609153848,0.05644109146345698,-0.0538,0.08608,0.03228,2.7892131137635588e-05,0.0,0.00012266394805698227,-2.9731138655278354e-05,0.0,3.343004225784391e-05
572,5.720206700032577,hold,0.1561048229910114,1.5614296365101547e-05,4.091500071808696,10.004600044339895,11293.6,0.0,0.15,3.0,0.0004,15.0,0.01,-0.034178160036232655,0.0,0.20740850141246023,-0.03417632102871501,0.0,0.2072524074221454,0.0,0.0,0.0,0.5531036851846897,0.0,0.5215136994079504,-0.5514438242175412,0.0,-0.5528805979681486,0.4237734781300815,0.0,0.2810496168620254,0.47281056666289734,-2.252099356677598,-2.014106292439834,-0.10976183378509732,0.15466891037525454,0.05618493293219277,-0.05918,0.08339,0.03497,1.7181226280516877e-05,0.0,9.553506560022627e-05,-1.9020233798159642e-05,0.0,6.055892471459991e-05
573,5.730218600016087,hold,0.07964610943638345,3.0231599061227734e-05,4.003699868917465,10.011899983510375,11293.6,0.0,0.15,3.0,0.0004,15.0,0.01,-0.03424685779110939,0.0,0.20721542002024596,-0.03417632102871501,0.0,0.2072524074221454,0.0,0.0,0.0,0.5686676158474744,0.0,0.5619262541386358,-0.5557226865379526,0.0,-0.5613886021069961,0.4382371094026187,0.0,0.30128070340079965,0.47281056666289734,-2.2536333374654833,-2.014106292439834,-0.10639729587084533,0.15817888458154827,0.05692018523542232,-0.06187,0.08608,0.02959,-6.068499612490601e-05,0.0,-0.00012066483086723864,-9.851766269473774e-06,0.0,8.367742896779215e-05
574,5.740182199981064,hold,0.1561048229910114,3.0193247901391466e-05,4.137500189244747,9.96359996497631,11293.6,0.0,0.15,3.0,0.0004,15.0,0.01,-0.034178160036232655,0.0,0.20740850141246023,-0.03417632102871501,0.0,0.2072524074221454,0.0,0.0,0.0,0.5561658184043061,0.0,0.52327061783242,-0.5537204724824006,0.0,-0.552084254597368,0.4260328976752282,0.0,0.28208839842969197,0.47281056666289734,-2.252099356677598,-2.014106292439834,-0.10937967740464515,0.15490102947447762,0.05611628976368298,-0.0538,0.08877,0.03228,2.8396415473055567e-05,0.0,0.00013195897654222106,-3.0235422990698333e-05,0.0,2.4135013772605125e-05
575,5.750193400075659,hold,0.31951567871213565,0.00015001475506729235,4.1136001236736774,10.011200094595551,11293.6,0.0,0.15,3.0,0.0004,15.0,0.01,-0.03395121699484728,0.0,0.20747916377349934,-0.03417632102871501,0.0,0.2072524074221454,0.0,0.0,0.0,0.49875202190203954,0.0,0.49672614915028196,-0.5363427493450212,0.0,-0.5399163047387244,0.3840972560478007,0.0,0.2652410793104266,0.474344547450783,-2.252099356677598,-2.014106292439834,-0.11737688846901427,0.150596949382722,0.05778950926913697,-0.06456,0.08070000000000001,0.02959,0.000246459685375004,0.0,0.00017257203778148984,-2.1355651507272205e-05,0.0,5.418431357245073e-05
576,5.760197999887168,hold,0.1561048229910114,1.4163773436258527e-05,4.004900110885501,10.004599811509252,11293.6,0.0,0.15,3.0,0.0004,15.0,0.01,-0.034178160036232655,0.0,0.20740850141246023,-0.03417632102871501,0.0,0.2072524074221454,0.0,0.0,0.0,0.5368098601689081,0.0,0.5018193890831424,-0.541782449711137,0.0,-0.5363245112820157,0.4109573437705846,0.0,0.27078849019911105,0.47281056666289734,-2.252099356677598,-2.014106292439834,-0.11213128896130613,0.1528025056342024,0.05613667705094939,-0.06994,0.08339,0.02959,-7.714859019035796e-05,0.0,5.0940636945026e-05,7.530958267271519e-05,0.0,0.00010515335336980018
577,5.7701979000121355,hold,0.1561048229910114,8.678739605727523e-06,3.916099900379777,9.999900124967098,11293.6,0.0,0.15,3.0,0.0004,15.0,0.01,-0.034178160036232655,0.0,0.20740850141246023,-0.03417632102871501,0.0,0.2072524074221454,0.0,0.0,0.0,0.5422326017700224,0.0,0.49822266606677923,-0.54597377260536,0.0,-0.5334143512840869,0.4144439873259442,0.0,0.2695587641985752,0.47281056666289734,-2.252099356677598,-2.014106292439834,-0.11167237122216474,0.152804245234266,0.05574699801690508,-0.05111,0.08339,0.0269,-5.944346757333629e-05,0.0,4.1273365435181664e-05,5.7604460055693525e-05,0.0,0.00011482062487964452
578,5.78019280009903,hold,0.1561048229910114,5.2852646316206915e-06,4.06700000166893,9.994900086894631,11293.6,0.0,0.15,3.0,0.0004,15.0,0.01,-0.034178160036232655,0.0,0.20740850141246023,-0.03417632102871501,0.0,0.2072524074221454,0.0,0.0,0.0,0.5464236551051191,0.0,0.4953126772628346,-0.5490517071179153,0.0,-0.5308880668521032,0.4171287082473739,0.0,0.26854877534207544,0.47281056666289734,-2.252099356677598,-2.014106292439834,-0.11132191760104534,0.15279764479219435,0.05544062410458818,-0.05918,0.08339,0.0269,-4.3652828714800215e-05,0.0,3.5829047416182795e-05,4.181382119715745e-05,0.0,0.00012026494289864339
579,5.790203100070357,hold,0.07964610943638345,5.991794720496541e-05,4.021500004455447,10.010299971327186,11293.6,0.0,0.15,3.0,0.0004,15.0,0.01,-0.03424685779110939,0.0,0.20721542002024596,-0.03417632102871501,0.0,0.2072524074221454,0.0,0.0,0.0,0.5662765210979408,0.0,0.5399347265255084,-0.5560854912802228,0.0,-0.542302081131618,0.4348759780599336,0.0,0.29102647026993766,0.47281056666289734,-2.2536333374654833,-2.014106292439834,-0.1073680128602239,0.15673763713188688,0.05615165433354766,-0.06994,0.08877,0.03228,-9.975669527782617e-05,0.0,-0.00016187934092148513,2.9219932883446388e-05,0.0,0.00012489193902203864
580,5.800182699924335,hold,0.07964610943638345,1.9899146192078883e-05,3.982599824666977,9.979599853977561,11293.6,0.0,0.15,3.0,0.0004,15.0,0.01,-0.03424685779110939,0.0,0.20721542002024596,-0.03417632102871501,0.0,0.2072524074221454,0.0,0.0,0.0,0.5733044766498335,0.0,0.5513330317218278,-0.5605340467576907,0.0,-0.5486193426221792,0.4406365213654332,0.0,0.29678908748495775,0.47281056666289734,-2.2536333374654833,-2.014106292439834,-0.1062505888474358,0.15772059650804782,0.05628702642500878,-0.04573,0.08608,0.03228,-6.309167056480893e-05,0.0,-8.959460725014808e-05,-7.445091829570851e-06,0.0,5.260720535070159e-05
581,5.810185699956492,hold,0.1561048229910114,4.376053007744723e-05,3.9588999934494495,10.003000032156706,11293.6,0.0,0.15,3.0,0.0004,15.0,0.01,-0.034178160036232655,0.0,0.20740850141246023,-0.03417632102871501,0.0,0.2072524074221454,0.0,0.0,0.0,0.5609772273655124,0.0,0.5105008598714251,-0.558180564510984,0.0,-0.5374058368569522,0.4283917142700173,0.0,0.2766146050726714,0.47281056666289734,-2.252099356677598,-2.014106292439834,-0.10928355808271885,0.15431809888515308,0.05538769144541371,-0.06456,0.08877,0.02959,3.33782791608267e-05,0.0,0.00015903562745248022,-3.521728667846947e-05,0.0,-2.941637137654035e-06
582,5.820187499979511,hold,0.1561048229910114,2.64652654187971e-05,4.0876001585274935,10.001800023019314,11293.6,0.0,0.15,3.0,0.0004,15.0,0.01,-0.034178160036232655,0.0,0.20740850141246023,-0.03417632102871501,0.0,0.2072524074221454,0.0,0.0,0.0,0.5586288952366061,0.0,0.4993022072673849,-0.5563274509166816,0.0,-0.5286902321009411,0.42590329426656753,0.0,0.2713104613334894,0.47281056666289734,-2.252099356677598,-2.014106292439834,-0.10989655215478931,0.15353896974849468,0.055046581202911185,-0.0538,0.08339,0.03497,2.628179709190538e-05,0.0,0.00012360912813709967,-2.8120804609548146e-05,0.0,3.248486217772651e-05
583,5.830199199961498,hold,0.1561048229910114,1.5730556790472564e-05,3.9278999902307987,10.011699981987476,11293.6,0.0,0.15,3.0,0.0004,15.0,0.01,-0.034178160036232655,0.0,0.20740850141246023,-0.03417632102871501,0.0,0.2072524074221454,0.0,0.0,0.0,0.5567758924627506,0.0,0.49058717414369485,-0.554936975602832,0.0,-0.521962806978876,0.42394907291005635,0.0,0.2671807076581662,0.47281056666289734,-2.252099356677598,-2.014106292439834,-0.11037630253321343,0.15293159523731817,0.054782277360919424,-0.06456,0.08070000000000001,0.0269,1.972042629888309e-05,0.0,9.541175595102106e-05,-2.1559433816525855e-05,0.0,6.068223436380512e-05
584,5.840528999920934,hold,0.1561048229910114,9.385985645059598e-06,3.6872001364827156,10.329799959436059,11293.6,0.0,0.15,3.0,0.0004,15.0,0.01,-0.034178160036232655,0.0,0.20740850141246023,-0.03417632102871501,0.0,0.2072524074221454,0.0,0.0,0.0,0.5553855274745366,0.0,0.48386022302509185,-0.5539522243977882,0.0,-0.5167485743412442,0.4224683549979822,0.0,0.26399610040919663,0.47281056666289734,-2.252099356677598,-2.014106292439834,-0.11074237260381783,0.1524644044185286,0.05457645601072791,-0.06187,0.08339,0.03228,1.3966241161114991e-05,0.0,7.395089248363872e-05,-1.5805248678757757e-05,0.0,8.214309783118746e-05
585,5.850327899912372,hold,0.07964610943638345,3.71495712855886e-05,3.7793999072164297,9.798899991437793,11293.6,0.0,0.15,3.0,0.0004,15.0,0.01,-0.03424685779110939,0.0,0.20721542002024596,-0.03417632102871501,0.0,0.2072524074221454,0.0,0.0,0.0,0.5711760699935727,0.0,0.5257945933503915,-0.5582104690274152,0.0,-0.5264085984887823,0.43718336185714984,0.0,0.2849311516380648,0.47281056666289734,-2.2536333374654833,-2.014106292439834,-0.10730906602739222,0.15607332425457626,0.055365090747744684,-0.06725,0.08070000000000001,0.0269,-6.039258557470136e-05,0.0,-0.0001370033630583094,-1.0144176819678423e-05,0.0,0.0001000159611588629
586,5.86017860006541,hold,0.1561048229910114,2.5544782220284935e-05,4.007900133728981,9.850700153037906,11293.6,0.0,0.15,3.0,0.0004,15.0,0.01,-0.034178160036232655,0.0,0.20740850141246023,-0.03417632102871501,0.0,0.2072524074221454,0.0,0.0,0.0,0.5586535959039505,0.0,0.48829088882838106,-0.5560251270178406,0.0,-0.5179316516939722,0.4250757628999424,0.0,0.2662740669008779,0.47281056666289734,-2.252099356677598,-2.014106292439834,-0.11025152250725546,0.15286807440062172,0.054605342502963256,-0.04573,0.08877,0.02959,3.099362901909928e-05,0.0,0.00012022435985849315,-3.2832636536742044e-05,0.0,3.586963045633303e-05
587,5.870236299932003,hold,0.1561048229910114,1.5096056389993378e-05,3.9666001684963703,10.057699866592884,11293.6,0.0,0.15,3.0,0.0004,15.0,0.01,-0.034178160036232655,0.0,0.20740850141246023,-0.03417632102871501,0.0,0.2072524074221454,0.0,0.0,0.0,0.5564734979568925,0.0,0.47982867454619926,-0.554566167204559,0.0,-0.5113620546413966,0.4229139815350533,0.0,0.2622349006538394,0.47281056666289734,-2.252099356677598,-2.014106292439834,-0.11075778961470889,0.1522627835717179,0.054365977383534776,-0.06725,0.08070000000000001,0.0269,2.0691708212493206e-05,0.0,9.31733582022353e-05,-2.2530715730135972e-05,0.0,6.292063211259088e-05
588,5.880169499898329,hold,0.07964610943638345,3.0406824757357536e-05,3.9935000240802765,9.933199966326356,11293.6,0.0,0.15,3.0,0.0004,15.0,0.01,-0.03424685779110939,0.0,0.20721542002024596,-0.03417632102871501,0.0,0.2072524074221454,0.0,0.0,0.0,0.571789899799134,0.0,0.5204077505210806,-0.5585954612207723,0.0,-0.5200214578542618,0.4371927598153192,0.0,0.2825121632004813,0.47281056666289734,-2.2536333374654833,-2.014106292439834,-0.10741954841831698,0.15576918433415937,0.055122347345133105,-0.056490000000000005,0.08339,0.02959,-5.714549182701859e-05,0.0,-0.00012281204934076862,-1.3391270567361194e-05,0.0,8.582464744132212e-05
589,5.890183900017291,hold,0.33189650245750135,0.0001477922828516126,4.017599858343601,10.01440011896193,11293.6,0.0,0.15,3.0,0.0004,15.0,0.01,-0.034295290667463466,0.0,0.20756224853207045,-0.03417632102871501,0.0,0.2072524074221454,0.0,0.0,0.0,0.5876404786525125,0.0,0.44436024174683186,-0.5647191778002448,0.0,-0.4998750699941731,0.4410903714318307,0.0,0.2472559532436909,0.47281056666289734,-2.252099356677598,-2.0125723116519483,-0.10860681268307197,0.1513711609726072,0.04550137441778654,-0.056490000000000005,0.08877,0.02959,-8.68496551344007e-05,0.0,0.000285726293035477,-3.211998361405275e-05,0.0,2.4114816889569436e-05
590,5.900169699918479,hold,0.31951567871213565,0.00016385065584320084,4.141699988394976,9.98579990118742,11293.6,0.0,0.15,3.0,0.0004,15.0,0.01,-0.03395121699484728,0.0,0.20747916377349934,-0.03417632102871501,0.0,0.2072524074221454,0.0,0.0,0.0,0.5097411186434029,0.0,0.44452953495041453,-0.5440421104231484,0.0,-0.4918743917596346,0.38773954847389414,0.0,0.24220946498256357,0.474344547450783,-2.252099356677598,-2.014106292439834,-0.11789623578939258,0.1478645231584343,0.05520192327405024,-0.056490000000000005,0.08877,0.024210000000000002,0.0002932526591631166,0.0,0.00011346967752234253,-6.814862529538478e-05,0.0,0.00011328667383159804
591,5.910181700019166,hold,0.1561048229910114,3.228424839844641e-06,3.9506000466644764,10.012000100687146,11293.6,0.0,0.15,3.0,0.0004,15.0,0.01,-0.034178160036232655,0.0,0.20740850141246023,-0.03417632102871501,0.0,0.2072524074221454,0.0,0.0,0.0,0.5445084492495461,0.0,0.4537784504538786,-0.5470952208956666,0.0,-0.4912712408977984,0.4126137923082058,0.0,0.24939764787379556,0.47281056666289734,-2.252099356677598,-2.014106292439834,-0.11287407588086534,0.15018512856826655,0.0538673694937206,-0.06187,0.08339,0.0269,-4.3300761585584245e-05,0.0,8.55419150521899e-06,4.146175406794148e-05,0.0,0.0001475397988096072
592,5.920177599880844,hold,0.1561048229910114,2.4844677562967644e-06,4.195299930870533,9.995899861678481,11293.6,0.0,0.15,3.0,0.0004,15.0,0.01,-0.034178160036232655,0.0,0.20740850141246023,-0.03417632102871501,0.0,0.2072524074221454,0.0,0.0,0.0,0.5475448040729105,0.0,0.453170108063611,-0.5496695762299242,0.0,-0.4903623416284235,0.4146738882782386,0.0,0.24935221392976376,0.47281056666289734,-2.252099356677598,-2.014106292439834,-0.11257146822912632,0.15027186953049046,0.05370535672093976,-0.06187,0.08070000000000001,0.02959,-3.6510813338935936e-05,0.0,1.2890470529241296e-05,3.467180582129317e-05,0.0,0.00014320351978558489
593,5.93014630000107,hold,0.1561048229910114,2.024431964932195e-06,4.134600050747395,9.968700120225549,11293.6,0.0,0.15,3.0,0.0004,15.0,0.01,-0.034178160036232655,0.0,0.20740850141246023,-0.03417632102871501,0.0,0.2072524074221454,0.0,0.0,0.0,0.5501190733570731,0.0,0.4522611445582487,-0.55175221347055,0.0,-0.48904479921212146,0.4163903078119166,0.0,0.24913378291585125,0.47281056666289734,-2.252099356677598,-2.014106292439834,-0.11232768193043716,0.15032141701269064,0.05355228363182046,-0.06456,0.07532,0.02959,-2.9537017883017738e-05,0.0,1.86860549464935e-05,2.7698010365374972e-05,0.0,0.00013740793536833268
594,5.940167200053111,hold,0.1561048229910114,1.9105737138670926e-06,4.1335998103022575,10.020900052040815,11293.6,0.0,0.15,3.0,0.0004,15.0,0.01,-0.034178160036232655,0.0,0.20740850141246023,-0.03417632102871501,0.0,0.2072524074221454,0.0,0.0,0.0,0.5522015932971861,0.0,0.4509435046507414,-0.5533684488265446,0.0,-0.48727858732912593,0.41773417997018747,0.0,0.24869063805448102,0.47281056666289734,-2.252099356677598,-2.014106292439834,-0.11214937542775924,0.15032596748537175,0.0534051765367685,-0.0538,0.07801000000000001,0.02959,-2.2922269746232456e-05,0.0,2.5049312936304443e-05,2.108326222858969e-05,0.0,0.00013104467737852174
595,5.9502512000035495,hold,0.07964610943638345,5.7030550681468796e-05,4.130500135943294,10.083999950438738,11293.6,0.0,0.15,3.0,0.0004,15.0,0.01,-0.03424685779110939,0.0,0.20721542002024596,-0.03417632102871501,0.0,0.2072524074221454,0.0,0.0,0.0,0.5705929144247741,0.0,0.4963254280118566,-0.5594702044657592,0.0,-0.49884838551940214,0.4344988333260927,0.0,0.27139299289006136,0.47281056666289734,-2.2536333374654833,-2.014106292439834,-0.10833170958926075,0.15424885365350066,0.05421617840256734,-0.05918,0.08070000000000001,0.02959,-8.653819393872393e-05,0.0,-0.00016408874737417243,1.600143154434415e-05,0.0,0.00012710134547472594
596,5.960062100086361,hold,0.1561048229910114,2.017293395268115e-05,4.205300007015467,9.810900082811713,11293.6,0.0,0.15,3.0,0.0004,15.0,0.01,-0.034178160036232655,0.0,0.20740850141246023,-0.03417632102871501,0.0,0.2072524074221454,0.0,0.0,0.0,0.5599137707425769,0.0,0.460731130830381,-0.5584991325218004,0.0,-0.49112984801948034,0.4238360417147225,0.0,0.2537606153789078,0.47281056666289734,-2.252099356677598,-2.014106292439834,-0.11101273597702849,0.15123780335346376,0.053446640195223,-0.056490000000000005,0.08070000000000001,0.0269,1.377223494082456e-05,0.0,0.00010946821449203784,-1.5611242458467325e-05,0.0,4.6625775822788345e-05
597,5.970406600041315,hold,0.07964610943638345,2.2819308913932133e-05,3.8331998512148857,10.34449995495379,11293.6,0.0,0.15,3.0,0.0004,15.0,0.01,-0.03424685779110939,0.0,0.20721542002024596,-0.03417632102871501,0.0,0.2072524074221454,0.0,0.0,0.0,0.5757229898306795,0.0,0.5001752936408055,-0.562656575513695,0.0,-0.49828342016987787,0.4383579354115421,0.0,0.27355258812236705,0.47281056666289734,-2.2536333374654833,-2.014106292439834,-0.10766178621019114,0.15469320827940913,0.05413668948222506,-0.06187,0.08608,0.0269,-5.896296561100414e-05,0.0,-0.00010145558929420443,-1.157379678337564e-05,0.0,6.446818739475793e-05
598,5.980517799966037,hold,0.07964610943638345,5.100854071675304e-06,4.033600213006139,10.111199924722314,11293.6,0.0,0.15,3.0,0.0004,15.0,0.01,-0.03424685779110939,0.0,0.20721542002024596,-0.03417632102871501,0.0,0.2072524074221454,0.0,0.0,0.0,0.5798748752946407,0.0,0.5073133550124123,-0.565204474109289,0.0,-0.5012517151285362,0.4417923528458545,0.0,0.2771420777505911,0.47281056666289734,-2.2536333374654833,-2.014106292439834,-0.10698846717996403,0.15529861401252537,0.054232789398410725,-0.07801000000000001,0.08070000000000001,0.02959,-3.6135590449521096e-05,0.0,-4.209786494051864e-05,-3.4401171944858686e-05,0.0,5.11046304107215e-06
599,5.9904010000173,hold,0.1561048229910114,6.684146376391614e-05,3.8580000400543213,9.883200051262975,11293.6,0.0,0.15,3.0,0.0004,15.0,0.01,-0.034178160036232655,0.0,0.20740850141246023,-0.03417632102871501,0.0,0.2072524074221454,0.0,0.0,0.0,0.5656472017536815,0.0,0.46313243401539517,-0.561728161999132,0.0,-0.48752438307148577,0.42799835975441036,0.0,0.25529915194191916,0.47281056666289734,-2.252099356677598,-2.014106292439834,-0.11032604696576417,0.15161821223099003,0.053282610516651216,-0.048420000000000005,0.08877,0.02959,4.9302821903733843e-05,0.0,0.00019468798720480952,-5.114182942137661e-05,0.0,-3.859399688998334e-05
600,6.000415599904954,hold,0.1561048229910114,3.866013712889686e-05,3.7398000713437796,10.014599887654185,11293.6,0.0,0.15,3.0,0.0004,15.0,0.01,-0.034178160036232655,0.0,0.20740850141246023,-0.03417632102871501,0.0,0.2072524074221454,0.0,0.0,0.0,0.5621762251921169,0.0,0.4494201542537529,-0.5593452517210985,0.0,-0.4770219000320549,0.4245381794284757,0.0,0.24875876710157663,0.47281056666289734,-2.252099356677598,-2.014106292439834,-0.11113985999028282,0.15063990744672429,0.052891942978418885,-0.05111,0.08608,0.02959,3.3795642430149074e-05,0.0,0.0001489515424484303,-3.563464994779184e-05,0.0,7.142447866395873e-06
601,6.010156800039113,hold,0.07964610943638345,1.5371185026122894e-05,3.938900073990226,9.741200134158134,11293.6,0.0,0.15,3.0,0.0004,15.0,0.01,-0.03424685779110939,0.0,0.20721542002024596,-0.03417632102871501,0.0,0.2072524074221454,0.0,0.0,0.0,0.5765687640886464,0.0,0.48606665842141833,-0.5627575994380114,0.0,-0.4828929679193517,0.43785363961752277,0.0,0.2671580956714941,0.47281056666289734,-2.2536333374654833,-2.014106292439834,-0.10803200365822332,0.15386558155672408,0.05353553322653039,-0.048420000000000005,0.08070000000000001,0.02959,-4.839564642916145e-05,0.0,-8.326646321151278e-05,-2.2141115965218334e-05,0.0,4.6279061312066286e-05
602,6.020465299952775,hold,0.1561048229910114,4.267753294895449e-05,3.7830998189747334,10.308499913662672,11293.6,0.0,0.15,3.0,0.0004,15.0,0.01,-0.034178160036232655,0.0,0.20740850141246023,-0.03417632102871501,0.0,0.2072524074221454,0.0,0.0,0.0,0.5632005247557795,0.0,0.44477435514542785,-0.5601507748828891,0.0,-0.47188219752915306,0.4248925094824319,0.0,0.24671162945111966,0.47281056666289734,-2.252099356677598,-2.014106292439834,-0.11118198461305803,0.1503982081369004,0.05265980042115406,-0.05111,0.08339,0.02959,3.697130830110273e-05,0.0,0.00015616033151475295,-3.8810315818745494e-05,0.0,-6.634119992677406e-08
603,6.030174599960446,hold,0.1561048229910114,2.267381224511253e-05,3.9786999113857746,9.709300007671118,11293.6,0.0,0.15,3.0,0.0004,15.0,0.01,-0.034178160036232655,0.0,0.20740850141246023,-0.03417632102871501,0.0,0.2072524074221454,0.0,0.0,0.0,0.5605990454359352,0.0,0.433778616508547,-0.5585807320187984,0.0,-0.46378550671498364,0.42224400978835547,0.0,0.2414809113841602,0.47281056666289734,-2.252099356677598,-2.014106292439834,-0.11181526516983109,0.14962113407145466,0.05233828070791871,-0.06456,0.07801000000000001,0.03228,2.2267144392278057e-05,0.0,0.00011483137663452282,-2.4106151909920823e-05,0.0,4.1262613680303364e-05
604,6.040181699907407,hold,0.1561048229910114,1.1704776343899086e-05,4.019699990749359,10.007099946960807,11293.6,0.0,0.15,3.0,0.0004,15.0,0.01,-0.034178160036232655,0.0,0.20740850141246023,-0.03417632102871501,0.0,0.2072524074221454,0.0,0.0,0.0,0.5590292412275716,0.0,0.4256825964737856,-0.5578093820583355,0.0,-0.4579101898494698,0.420533768532501,0.0,0.2376561144913174,0.47281056666289734,-2.252099356677598,-2.014106292439834,-0.11224484647408597,0.14906308378527497,0.05208587565421938,-0.05918,0.08070000000000001,0.02959,1.0939676450523662e-05,0.0,8.332672437612287e-05,-1.2778683968166428e-05,0.0,7.276726593870331e-05
605,6.050182499922812,hold,0.1561048229910114,6.07860245157964e-06,4.023100016638637,10.00080001540482,11293.6,0.0,0.15,3.0,0.0004,15.0,0.01,-0.034178160036232655,0.0,0.20740850141246023,-0.03417632102871501,0.0,0.2072524074221454,0.0,0.0,0.0,0.5582580816728542,0.0,0.419807809167791,-0.557623823720153,0.0,-0.4536438828448263,0.41954805242341414,0.0,0.2349089182482731,0.47281056666289734,-2.252099356677598,-2.014106292439834,-0.11251750273438035,0.14867315056607752,0.051886034260763665,-0.06725,0.08070000000000001,0.0269,2.6316824871503774e-06,0.0,6.0506930267284937e-05,-4.470690004793143e-06,0.0,9.558706004754124e-05
606,6.060316599905491,hold,0.1561048229910114,3.3744090696398517e-06,3.8885001558810472,10.13409998267889,11293.6,0.0,0.15,3.0,0.0004,15.0,0.01,-0.034178160036232655,0.0,0.20740850141246023,-0.03417632102871501,0.0,0.2072524074221454,0.0,0.0,0.0,0.5580726629661262,0.0,0.41554188568452827,-0.5578425336388926,0.0,-0.45046970686035975,0.4190921647407956,0.0,0.23294279821217131,0.47281056666289734,-2.252099356677598,-2.014106292439834,-0.11267572420402186,0.14840528313639106,0.051723935464190574,-0.056490000000000005,0.08070000000000001,0.02959,-3.1018550206395486e-06,0.0,4.5017774093419064e-05,1.262847502996783e-06,0.0,0.00011107621622140712
607,6.070041500031948,hold,0.1561048229910114,2.158444458859193e-06,4.073699936270714,9.724900126457214,11293.6,0.0,0.15,3.0,0.0004,15.0,0.01,-0.034178160036232655,0.0,0.20740850141246023,-0.03417632102871501,0.0,0.2072524074221454,0.0,0.0,0.0,0.5582914692375317,0.0,0.4123679699890151,-0.5583173059831117,0.0,-0.44796972194085677,0.4190005138649435,0.0,0.23150734012320476,0.47281056666289734,-2.252099356677598,-2.014106292439834,-0.11275556696109296,0.14822053875100613,0.05158715238608159,-0.06994,0.08070000000000001,0.02959,-6.733462241051569e-06,0.0,3.545605438825465e-05,4.894454723408803e-06,0.0,0.00012063793592657153
608,6.080051199998707,hold,0.1561048229910114,1.665919092023527e-06,4.12019994109869,10.00969996675849,11293.6,0.0,0.15,3.0,0.0004,15.0,0.01,-0.034178160036232655,0.0,0.20740850141246023,-0.03417632102871501,0.0,0.2072524074221454,0.0,0.0,0.0,0.5587663026014381,0.0,0.4098681457210985,-0.5589322405999144,0.0,-0.4458203935124568,0.41913821529986683,0.0,0.23039995591003365,0.47281056666289734,-2.252099356677598,-2.014106292439834,-0.11278633671364016,0.14808737103033787,0.05146570177414035,-0.06456,0.08608,0.03497,-8.721314696135484e-06,0.0,3.048286614093729e-05,6.882307178492718e-06,0.0,0.0001256111241738889
609,6.090162500040606,hold,0.1561048229910114,1.5325632034535897e-06,4.280799999833107,10.111300041899085,11293.6,0.0,0.15,3.0,0.0004,15.0,0.01,-0.034178160036232655,0.0,0.20740850141246023,-0.03417632102871501,0.0,0.2072524074221454,0.0,0.0,0.0,0.559381270608656,0.0,0.40771890081854234,-0.5596008444770321,0.0,-0.4437830770260306,0.41940004121616276,0.0,0.22946373083141527,0.47281056666289734,-2.252099356677598,-2.014106292439834,-0.11279084358625119,0.14798131191017788,0.051351908643427244,-0.06725,0.08339,0.024210000000000002,-9.48247937271316e-06,0.0,2.889425595542264e-05,7.643471855070395e-06,0.0,0.00012719973435940354
610,6.10017089988105,hold,0.1561048229910114,1.6034797452153497e-06,3.990700002759695,10.008399840444326,11293.6,0.0,0.15,3.0,0.0004,15.0,0.01,-0.034178160036232655,0.0,0.20740850141246023,-0.03417632102871501,0.0,0.2072524074221454,0.0,0.0,0.0,0.5600498872587713,0.0,0.40568161097320143,-0.5602620824522481,0.0,-0.44169185643131126,0.4197076789943663,0.0,0.22858284675020543,0.47281056666289734,-2.252099356677598,-2.014106292439834,-0.11278601894958545,0.1478842726908472,0.05124015737143446,-0.06725,0.07532,0.02959,-9.378012415169787e-06,0.0,2.9658751365167763e-05,7.539004897527022e-06,0.0,0.00012643523894965842
611,6.1100993999280035,hold,0.07964610943638345,5.445043492798532e-05,4.170800093561411,9.928500046953559,11293.6,0.0,0.15,3.0,0.0004,15.0,0.01,-0.03424685779110939,0.0,0.20721542002024596,-0.03417632102871501,0.0,0.2072524074221454,0.0,0.0,0.0,0.5774863204468419,0.0,0.45073861972551466,-0.5657789812835827,0.0,-0.45322073894735654,0.4357576637352044,0.0,0.25105342815076553,0.47281056666289734,-2.2536333374654833,-2.014106292439834,-0.10908640188459821,0.15174427859233722,0.05208476169428097,-0.06456,0.08339,0.02959,-7.824345798741381e-05,0.0,-0.00016350846052542114,7.70669559303403e-06,0.0,0.00012652105862597464
612,6.120123199885711,hold,0.1561048229910114,1.9630958034712424e-05,5.21530001424253,10.023799957707524,11293.6,0.0,0.15,3.0,0.0004,15.0,0.01,-0.034178160036232655,0.0,0.20740850141246023,-0.03417632102871501,0.0,0.2072524074221454,0.0,0.0,0.0,0.5662224081983265,0.0,0.4151034745850672,-0.5645087415512913,0.0,-0.4456524257187272,0.4247131994722127,0.0,0.23336736153072912,0.47281056666289734,-2.252099356677598,-2.014106292439834,-0.11182471982767854,0.14871098299399924,0.05133682446764389,-0.05918,0.08608,0.02959,1.8015184284872562e-05,0.0,0.00010733765766674216,-1.9854191802515327e-05,0.0,4.8756332648084024e-05
613,6.130230499897152,hold,0.07964610943638345,2.386979413452161e-05,5.250799935311079,10.107300011441112,11293.6,0.0,0.15,3.0,0.0004,15.0,0.01,-0.03424685779110939,0.0,0.20721542002024596,-0.03417632102871501,0.0,0.2072524074221454,0.0,0.0,0.0,0.5817325276017173,0.0,0.45469790722069325,-0.568577023735234,0.0,-0.4530725646982463,0.4390116523196711,0.0,0.25319474924371144,0.47281056666289734,-2.2536333374654833,-2.014106292439834,-0.1085067082220149,0.15215929147067864,0.05204978868421094,-0.05918,0.08070000000000001,0.02959,-5.769844180072912e-05,0.0,-0.0001052361752960264,-1.2838320593650661e-05,0.0,6.82487733965799e-05
614,6.140176699962467,hold,0.1561048229910114,3.841838193959839e-05,4.12050005979836,9.94620006531477,11293.6,0.0,0.15,3.0,0.0004,15.0,0.01,-0.034178160036232655,0.0,0.20740850141246023,-0.03417632102871501,0.0,0.2072524074221454,0.0,0.0,0.0,0.5690201053285217,0.0,0.4149543208930049,-0.566278141069573,0.0,-0.44258589295224804,0.426642927864587,0.0,0.23351372464730416,0.47281056666289734,-2.252099356677598,-2.014106292439834,-0.11153253781362175,0.14881600780051052,0.0512039883419667,-0.06187,0.08339,0.02959,3.2603920203685324e-05,0.0,0.00014872729866378958,-3.444292772132809e-05,0.0,7.366691651036598e-06
615,6.150178200099617,hold,0.1561048229910114,2.366196268744647e-05,4.086700035259128,10.001500137150288,11293.6,0.0,0.15,3.0,0.0004,15.0,0.01,-0.034178160036232655,0.0,0.20740850141246023,-0.03417632102871501,0.0,0.2072524074221454,0.0,0.0,0.0,0.5667264849550463,0.0,0.4044824366111781,-0.5647641285314213,0.0,-0.4342977294586471,0.4242482192143585,0.0,0.2285463146406937,0.47281056666289734,-2.252099356677598,-2.014106292439834,-0.11211612143567712,0.14808345740800333,0.05088944561689266,-0.06456,0.08608,0.02959,2.1472493885233e-05,0.0,0.0001175469393096521,-2.3311501402875766e-05,0.0,3.854705100517408e-05
616,6.160329400096089,hold,0.1561048229910114,1.4466347388092588e-05,3.8264000322669744,10.151199996471405,11293.6,0.0,0.15,3.0,0.0004,15.0,0.01,-0.034178160036232655,0.0,0.20740850141246023,-0.03417632102871501,0.0,0.2072524074221454,0.0,0.0,0.0,0.5652126510273543,0.0,0.3961947733452835,-0.5638779589630366,0.0,-0.4277698089888231,0.4225621118860676,0.0,0.22463812377278403,0.47281056666289734,-2.252099356677598,-2.014106292439834,-0.11254598410720054,0.14751599637342971,0.0506268424194701,-0.06725,0.07801000000000001,0.02959,1.2568106378861919e-05,0.0,9.258227976282959e-05,-1.4407113896504684e-05,0.0,6.351171055199659e-05
617,6.1704617000650615,hold,0.1561048229910114,8.997548778699645e-06,4.438299918547273,10.132299968972802,11293.6,0.0,0.15,3.0,0.0004,15.0,0.01,-0.034178160036232655,0.0,0.20740850141246023,-0.03417632102871501,0.0,0.2072524074221454,0.0,0.0,0.0,0.5643266311459142,0.0,0.38966727254376904,-0.5634722467066786,0.0,-0.42259022947875285,0.4214466312910385,0.0,0.22158346403876678,0.47281056666289734,-2.252099356677598,-2.014106292439834,-0.11285203173644062,0.14708154955176872,0.050406121168943135,-0.06456,0.08608,0.0269,5.754017040338673e-06,0.0,7.34594242487881e-05,-7.5930245579814385e-06,0.0,8.263456606603809e-05
618,6.180165000027046,hold,0.07964610943638345,3.8442156598662134e-05,3.9635999128222466,9.703299961984158,11293.6,0.0,0.15,3.0,0.0004,15.0,0.01,-0.03424685779110939,0.0,0.20721542002024596,-0.03417632102871501,0.0,0.2072524074221454,0.0,0.0,0.0,0.580696230408614,0.0,0.43163625670294803,-0.5683191385199815,0.0,-0.4321732409859005,0.43650823312960524,0.0,0.24255534467835582,0.47281056666289734,-2.2536333374654833,-2.014106292439834,-0.10936854086906136,0.15070787841169142,0.0511770305454696,-0.06187,0.08070000000000001,0.02959,-6.87410785584339e-05,0.0,-0.0001359111307232397,-1.795683835945883e-06,0.0,9.89237288237932e-05
619,6.190188700100407,hold,0.1561048229910114,2.5670106723606413e-05,4.759300034493208,10.023700073361397,11293.6,0.0,0.15,3.0,0.0004,15.0,0.01,-0.034178160036232655,0.0,0.20740850141246023,-0.03417632102871501,0.0,0.2072524074221454,0.0,0.0,0.0,0.5687624057747108,0.0,0.3940555129272005,-0.5666882195794865,0.0,-0.42355057181792505,0.4248609925859086,0.0,0.22393159239618818,0.47281056666289734,-2.252099356677598,-2.014106292439834,-0.11223858642696402,0.14753026483707488,0.05038035689827853,-0.06994,0.08608,0.02959,2.3130519790704433e-05,0.0,0.00012229106848070305,-2.49695273083472e-05,0.0,3.380292183412313e-05
620,6.200187900103629,hold,0.1561048229910114,1.5501875941143176e-05,4.702900070697069,9.999200003221631,11293.6,0.0,0.15,3.0,0.0004,15.0,0.01,-0.034178160036232655,0.0,0.20740850141246023,-0.03417632102871501,0.0,0.2072524074221454,0.0,0.0,0.0,0.5671367227223125,0.0,0.385447559899271,-0.5657227634165578,0.0,-0.4167997554064906,0.4230727100513215,0.0,0.21986827132851153,0.47281056666289734,-2.252099356677598,-2.014106292439834,-0.11269072530732424,0.14693869729955994,0.05011002414689114,-0.056490000000000005,0.08070000000000001,0.02959,1.3692589085328518e-05,0.0,9.574350308342227e-05,-1.5531596602971284e-05,0.0,6.035048723140391e-05
621,6.210063900100067,hold,0.1561048229910114,9.478636972497822e-06,4.920199979096651,9.875999996438622,11293.6,0.0,0.15,3.0,0.0004,15.0,0.01,-0.034178160036232655,0.0,0.20740850141246023,-0.03417632102871501,0.0,0.2072524074221454,0.0,0.0,0.0,0.5661714166920631,0.0,0.37869716580946894,-0.5652681694684547,0.0,-0.41148663435951255,0.42188511913672255,0.0,0.21670554356695657,0.47281056666289734,-2.252099356677598,-2.014106292439834,-0.11301242904853921,0.14648741537658316,0.049883989526657346,-0.06456,0.08339,0.0269,6.447281990693421e-06,0.0,7.535337807177177e-05,-8.286289508336187e-06,0.0,8.074061224305441e-05
622,6.2200849999208,hold,0.1561048229910114,6.058120397676012e-06,4.355299985036254,10.02109982073307,11293.6,0.0,0.15,3.0,0.0004,15.0,0.01,-0.034178160036232655,0.0,0.20740850141246023,-0.03417632102871501,0.0,0.2072524074221454,0.0,0.0,0.0,0.5657169445350873,0.0,0.3733843875137118,-0.5651867276155048,0.0,-0.40722427252390825,0.42116224646808664,0.0,0.21423979047995545,0.47281056666289734,-2.252099356677598,-2.014106292439834,-0.11323321200234879,0.14614469413848835,0.04969224978261676,-0.056490000000000005,0.08608,0.024210000000000002,1.1550496745583933e-06,0.0,6.04509778785598e-05,-2.994057192201159e-06,0.0,9.564301243626638e-05
623,6.230219499906525,hold,0.15972324196535811,5.0031760377988095e-05,4.034799989312887,10.134499985724688,11293.6,0.0,0.15,3.0,0.0004,15.0,0.01,-0.034020210851927773,0.0,0.20728618798944942,-0.03417632102871501,0.0,0.2072524074221454,0.0,0.0,0.0,0.5270662281093014,0.0,0.3989897990140415,-0.5540885441003095,0.0,-0.41241326123048805,0.3967329868915534,0.0,0.2231730144536042,0.474344547450783,-2.2536333374654833,-2.014106292439834,-0.1171461516274133,0.14619380102388285,0.05243666573293937,-0.06725,0.07532,0.02152,0.00015740006879874565,0.0,-7.359287024703715e-05,-1.2898920115070518e-06,0.0,0.0001073734375510575
624,6.2402331999037415,hold,0.07964610943638345,4.807975258998669e-05,3.9152000099420547,10.013699997216463,11293.6,0.0,0.15,3.0,0.0004,15.0,0.01,-0.03424685779110939,0.0,0.20721542002024596,-0.03417632102871501,0.0,0.2072524074221454,0.0,0.0,0.0,0.5713255480399715,0.0,0.42144970358880623,-0.5634969863840529,0.0,-0.4198778758597526,0.42921511690423175,0.0,0.2371663214683931,0.47281056666289734,-2.2536333374654833,-2.014106292439834,-0.11069507198560952,0.14970346921300842,0.05119641340211853,-0.06725,0.08070000000000001,0.02959,-0.00013343530143673012,0.0,-0.00010586695152352545,6.289853904235034e-05,0.0,6.887954962407896e-05
625,6.250175300054252,hold,0.1561048229910114,3.585123497891995e-05,4.009000025689602,9.942100150510669,11293.6,0.0,0.15,3.0,0.0004,15.0,0.01,-0.034178160036232655,0.0,0.20740850141246023,-0.03417632102871501,0.0,0.2072524074221454,0.0,0.0,0.0,0.5639413214329304,0.0,0.3817596579159686,-0.565087727959972,0.0,-0.40962979085935364,0.4205726987696756,0.0,0.21793573474104094,0.47281056666289734,-2.252099356677598,-2.014106292439834,-0.11314973921331871,0.14658331454716464,0.05010753023662809,-0.06187,0.07801000000000001,0.02959,-2.2560704024029772e-05,0.0,0.00014534354040097268,2.0721696506387007e-05,0.0,1.0750449913853505e-05
626,6.260208300082013,hold,0.1561048229910114,2.143821450578544e-05,4.104699939489365,10.033000027760863,11293.6,0.0,0.15,3.0,0.0004,15.0,0.01,-0.034178160036232655,0.0,0.20740850141246023,-0.03417632102871501,0.0,0.2072524074221454,0.0,0.0,0.0,0.5655369990048963,0.0,0.37152639145222394,-0.566233585538915,0.0,-0.4016924327392903,0.420894866595918,0.0,0.21337585069795906,0.47281056666289734,-2.252099356677598,-2.014106292439834,-0.11331265490807009,0.1460239800244197,0.049626146793647366,-0.06187,0.08070000000000001,0.0269,-1.625113348614664e-05,0.0,0.00011257163953611821,1.4412125968503874e-05,0.0,4.352235077870797e-05
627,6.270270500099286,hold,0.1561048229910114,1.2713308899784946e-05,4.441000055521727,10.062200017273426,11293.6,0.0,0.15,3.0,0.0004,15.0,0.01,-0.034178160036232655,0.0,0.20740850141246023,-0.03417632102871501,0.0,0.2072524074221454,0.0,0.0,0.0,0.5666827419736076,0.0,0.36358956031606376,-0.5670086868904572,0.0,-0.3955655130732434,0.4210810070728234,0.0,0.2098321991067181,0.47281056666289734,-2.252099356677598,-2.014106292439834,-0.11344876245940715,0.14558641826288815,0.04925695542867105,-0.06725,0.07801000000000001,0.0269,-1.0992880581917018e-05,0.0,8.689508293314641e-05,9.153873064274253e-06,0.0,6.919890738167977e-05
628,6.2802935999352485,hold,0.1561048229910114,7.670207038607329e-06,4.008500138297677,10.023099835962057,11293.6,0.0,0.15,3.0,0.0004,15.0,0.01,-0.034178160036232655,0.0,0.20740850141246023,-0.03417632102871501,0.0,0.2072524074221454,0.0,0.0,0.0,0.5674577549433635,0.0,0.3574630722701316,-0.5674877368823478,0.0,-0.39079255463836343,0.4211487882032149,0.0,0.207088441520178,0.47281056666289734,-2.252099356677598,-2.014106292439834,-0.11356543873094557,0.14524419923597223,0.048976935306747675,-0.06725,0.08070000000000001,0.0269,-6.7941300104085665e-06,0.0,6.76925178787188e-05,4.955122492765801e-06,0.0,8.840147243610738e-05
629,6.290157600073144,hold,0.1561048229910114,4.872617203658775e-06,5.449399817734957,9.864000137895346,11293.6,0.0,0.15,3.0,0.0004,15.0,0.01,-0.034178160036232655,0.0,0.20740850141246023,-0.03417632102871501,0.0,0.2072524074221454,0.0,0.0,0.0,0.5679367343576208,0.0,0.3526904365809643,-0.567740671300133,0.0,-0.3869776004064917,0.42111502073105306,0.0,0.20494143800424158,0.47281056666289734,-2.252099356677598,-2.014106292439834,-0.11366957789912711,0.1449725152793991,0.04876445319803521,-0.05918,0.07801000000000001,0.024210000000000002,-3.58724422843109e-06,0.0,5.4105616269412655e-05,1.7482367107883243e-06,0.0,0.00010198837404541353
630,6.3001711999531835,hold,0.07964610943638345,4.572235542870001e-05,4.525700118392706,10.013599880039692,11293.6,0.0,0.15,3.0,0.0004,15.0,0.01,-0.03424685779110939,0.0,0.20721542002024596,-0.03417632102871501,0.0,0.2072524074221454,0.0,0.0,0.0,0.5849648118614819,0.0,0.3960239529390387,-0.5727324193756782,0.0,-0.397572387683091,0.43671653675160826,0.0,0.2265797525280713,0.47281056666289734,-2.2536333374654833,-2.014106292439834,-0.11007659215029332,0.14870579884499247,0.04956269368199202,-0.06456,0.08070000000000001,0.0269,-7.07955035561521e-05,0.0,-0.000150260647966539,2.58741161772319e-07,0.0,0.00011327324606709251
631,6.310041500022635,hold,0.1561048229910114,2.200449653129737e-05,4.243100062012672,9.870300069451332,11293.6,0.0,0.15,3.0,0.0004,15.0,0.01,-0.034178160036232655,0.0,0.20740850141246023,-0.03417632102871501,0.0,0.2072524074221454,0.0,0.0,0.0,0.5731757210226077,0.0,0.35945490079942294,-0.5708957881686607,0.0,-0.3896578267095877,0.42526896548022103,0.0,0.20843843440342597,0.47281056666289734,-2.252099356677598,-2.014106292439834,-0.11289368929695731,0.14559899139730093,0.04879724039867575,-0.06187,0.08339,0.024210000000000002,2.60480355137993e-05,0.0,0.000112248318838452,-2.7887043031442066e-05,0.0,4.3845671476374176e-05
632,6.320054299896583,hold,0.1561048229910114,1.3843362936367743e-05,4.088300047442317,10.012799873948097,11293.6,0.0,0.15,3.0,0.0004,15.0,0.01,-0.034178160036232655,0.0,0.20740850141246023,-0.03417632102871501,0.0,0.2072524074221454,0.0,0.0,0.0,0.5713442421514574,0.0,0.3515549835645459,-0.5695064222927212,0.0,-0.38336499338334445,0.423392205305443,0.0,0.2046832925599831,0.47281056666289734,-2.252099356677598,-2.014106292439834,-0.11334468362294657,0.14504223270972033,0.048564540351895405,-0.06456,0.08070000000000001,0.024210000000000002,1.9704691687616586e-05,0.0,8.92481546312135e-05,-2.1543699205259352e-05,0.0,6.684583568361268e-05
633,6.330044300062582,hold,0.1561048229910114,8.838612333705453e-06,4.112399881705642,9.990000165998936,11293.6,0.0,0.15,3.0,0.0004,15.0,0.01,-0.034178160036232655,0.0,0.20740850141246023,-0.03417632102871501,0.0,0.2072524074221454,0.0,0.0,0.0,0.5699549744135333,0.0,0.3452625129281454,-0.5685125136926786,0.0,-0.3783124709741039,0.4219455773811633,0.0,0.20169756841009515,0.47281056666289734,-2.252099356677598,-2.014106292439834,-0.11369652743896361,0.14460159834640296,0.048376035274229685,-0.05918,0.07532,0.024210000000000002,1.4096115982598615e-05,0.0,7.165743598786348e-05,-1.593512350024138e-05,0.0,8.44365543269627e-05
634,6.340051099890843,hold,0.1561048229910114,5.887653966778962e-06,4.291800083592534,10.006799828261137,11293.6,0.0,0.15,3.0,0.0004,15.0,0.01,-0.034178160036232655,0.0,0.20740850141246023,-0.03417632102871501,0.0,0.2072524074221454,0.0,0.0,0.0,0.5689611601142307,0.0,0.3402102862152274,-0.567852449251697,0.0,-0.37416189549182577,0.4208684712501129,0.0,0.19930965960694902,0.47281056666289734,-2.252099356677598,-2.014106292439834,-0.11396610982754792,0.14425277447667015,0.04821916864734976,-0.06187,0.08070000000000001,0.024210000000000002,9.361368757316445e-06,0.0,5.886556710568808e-05,-1.120037627495921e-05,0.0,9.72284232091381e-05
635,6.350319399964064,hold,0.1561048229910114,4.216413515018574e-06,4.085399908944964,10.268300073221326,11293.6,0.0,0.15,3.0,0.0004,15.0,0.01,-0.034178160036232655,0.0,0.20740850141246023,-0.03417632102871501,0.0,0.2072524074221454,0.0,0.0,0.0,0.568301175267217,0.0,0.3360599257212036,-0.5674623651929764,0.0,-0.3706267752714955,0.42009217268527893,0.0,0.1973600124453158,0.47281056666289734,-2.252099356677598,-2.014106292439834,-0.11417096210357813,0.14397259971087903,0.04808321025757674,-0.06456,0.08070000000000001,0.0269,5.532370013150033e-06,0.0,5.013686835597707e-05,-7.371377530792799e-06,0.0,0.00010595712195884911
636,6.360188500024378,hold,0.1561048229910114,3.3226603141901117e-06,4.115100018680096,9.86910006031394,11293.6,0.0,0.15,3.0,0.0004,15.0,0.01,-0.034178160036232655,0.0,0.20740850141246023,-0.03417632102871501,0.0,0.2072524074221454,0.0,0.0,0.0,0.5679111555721579,0.0,0.33252495218451805,-0.5672813098854511,0.0,-0.36747476005608376,0.419550394117498,0.0,0.19571264778471542,0.47281056666289734,-2.252099356677598,-2.014106292439834,-0.11432716802858299,0.14374098807731447,0.04795960585117937,-0.06456,0.07801000000000001,0.0269,2.56781822195081e-06,0.0,4.4703478824370015e-05,-4.4068257395935755e-06,0.0,0.00011139051149045617
637,6.3700937000103295,hold,0.1561048229910114,2.8997924750716955e-06,4.6401999425143,9.905199985951185,11293.6,0.0,0.15,3.0,0.0004,15.0,0.01,-0.034178160036232655,0.0,0.20740850141246023,-0.03417632102871501,0.0,0.2072524074221454,0.0,0.0,0.0,0.567730150093931,0.0,0.32937302825992687,-0.5672544653207929,0.0,-0.36452541151876855,0.4191830225882483,0.0,0.194256582897723,0.47281056666289734,-2.252099356677598,-2.014106292439834,-0.1144487437983218,0.1435412761506636,0.047841833087813895,-0.06187,0.07801000000000001,0.02152,3.8072323441804953e-07,0.0,4.182915718137926e-05,-2.219730752060815e-06,0.0,0.00011426483313344692
638,6.380357299931347,hold,0.1561048229910114,2.767465108979695e-06,3.9794999174773693,10.263599921017885,11293.6,0.0,0.15,3.0,0.0004,15.0,0.01,-0.034178160036232655,0.0,0.20740850141246023,-0.03417632102871501,0.0,0.2072524074221454,0.0,0.0,0.0,0.5677033422878907,0.0,0.326423727999433,-0.5673348595771499,0.0,-0.3616451455431191,0.41893818354246093,0.0,0.19290505796611007,0.47281056666289734,-2.252099356677598,-2.014106292439834,-0.11454736850926758,0.14336021834212542,0.04772516631518425,-0.056490000000000005,0.08070000000000001,0.024210000000000002,-1.140192128223415e-06,0.0,4.084939324576794e-05,-6.988153894193506e-07,0.0,0.00011524459706905824
639,6.390492300037295,hold,0.1561048229910114,2.819444738139893e-06,3.658300032839179,10.135000105947256,11293.6,0.0,0.15,3.0,0.0004,15.0,0.01,-0.034178160036232655,0.0,0.20740850141246023,-0.03417632102871501,0.0,0.2072524074221454,0.0,0.0,0.0,0.5677837621037154,0.0,0.32354347845850717,-0.5674839609028213,0.0,-0.35874064851108367,0.41877304073873234,0.0,0.1915933529191781,0.47281056666289734,-2.252099356677598,-2.014106292439834,-0.11463236665947503,0.1431877480813648,0.04760639674355696,-0.06456,0.07532,0.024210000000000002,-2.1146306408187177e-06,0.0,4.119305038001873e-05,2.756231231759521e-07,0.0,0.00011490093993480745
640,6.400503899902105,hold,0.1561048229910114,2.989588200556222e-06,3.697299864143133,10.011599864810705,11293.6,0.0,0.15,3.0,0.0004,15.0,0.01,-0.034178160036232655,0.0,0.20740850141246023,-0.03417632102871501,0.0,0.2072524074221454,0.0,0.0,0.0,0.5679328798026637,0.0,0.3206389756204874,-0.5676714894847881,0.0,-0.3557517360612762,0.4186537032074133,0.0,0.19027582040508942,0.47281056666289734,-2.252099356677598,-2.014106292439834,-0.11471085892219496,0.1430166002843215,0.047483542353182084,-0.06994,0.07532,0.024210000000000002,-2.659625484016343e-06,0.0,4.2390272659394634e-05,8.206179663735775e-07,0.0,0.00011370371765543155
641,6.410157599952072,hold,0.07964610943638345,4.6661186673746474e-05,4.029899835586548,9.653700049966574,11293.6,0.0,0.15,3.0,0.0004,15.0,0.01,-0.03424685779110939,0.0,0.20721542002024596,-0.03417632102871501,0.0,0.2072524074221454,0.0,0.0,0.0,0.5848956145269095,0.0,0.364798285272893,-0.5727777011556376,0.0,-0.3664246064527744,0.43425291504513797,0.0,0.2122771033510035,0.47281056666289734,-2.2536333374654833,-2.014106292439834,-0.11110195964793404,0.1467949477335349,0.04832037410410436,-0.06456,0.07801000000000001,0.024210000000000002,-7.241888433294052e-05,0.0,-0.00015136806231414715,1.8821219385607366e-06,0.0,0.00011438066041470065
642,6.420296600088477,hold,0.1561048229910114,2.4037150087728972e-05,4.110099980607629,10.13900013640523,11293.6,0.0,0.15,3.0,0.0004,15.0,0.01,-0.034178160036232655,0.0,0.20740850141246023,-0.03417632102871501,0.0,0.2072524074221454,0.0,0.0,0.0,0.5732210301519869,0.0,0.32830713796864147,-0.5711668712111929,0.0,-0.35808694028331983,0.4229110819552747,0.0,0.1941900801532807,0.47281056666289734,-2.252099356677598,-2.014106292439834,-0.1139004030985724,0.14370022495795046,0.04755022049649223,-0.06725,0.08070000000000001,0.024210000000000002,2.2845607457431096e-05,0.0,0.00011824901137166248,-2.4684614975073862e-05,0.0,3.78449789431637e-05
643,6.430505299940705,hold,0.1561048229910114,1.682931182163274e-05,3.741599852219224,10.208699852228165,11293.6,0.0,0.15,3.0,0.0004,15.0,0.01,-0.034178160036232655,0.0,0.20740850141246023,-0.03417632102871501,0.0,0.2072524074221454,0.0,0.0,0.0,0.57161537907396,0.0,0.3199839960918108,-0.5700615383592357,0.0,-0.3510679535508005,0.4211585461636454,0.0,0.19025861262878477,0.47281056666289734,-2.252099356677598,-2.014106292439834,-0.11434116597773201,0.14312685355938515,0.047290363104423,-0.06725,0.08070000000000001,0.024210000000000002,1.5676391249556625e-05,0.0,9.954683062173059e-05,-1.751539876719939e-05,0.0,5.654715969309559e-05
644,6.440046499948949,hold,0.1561048229910114,1.187868837889118e-05,4.218299873173237,9.541200008243322,11293.6,0.0,0.15,3.0,0.0004,15.0,0.01,-0.034178160036232655,0.0,0.20740850141246023,-0.03417632102871501,0.0,0.2072524074221454,0.0,0.0,0.0,0.5705101582309164,0.0,0.3129652998394408,-0.569370676256164,0.0,-0.3451384700411504,0.41985329471741356,0.0,0.18696238898153264,0.47281056666289734,-2.252099356677598,-2.014106292439834,-0.1146864373062305,0.14265349250085088,0.04705994962465426,-0.06456,0.07801000000000001,0.024210000000000002,9.798156824947732e-06,0.0,8.409494320238214e-05,-1.1637164342590498e-05,0.0,7.199904711244405e-05
645,6.450052700005472,hold,0.1561048229910114,8.602742018225689e-06,4.1145000141114,10.006200056523085,11293.6,0.0,0.15,3.0,0.0004,15.0,0.01,-0.034178160036232655,0.0,0.20740850141246023,-0.03417632102871501,0.0,0.2072524074221454,0.0,0.0,0.0,0.5698193949511748,0.0,0.3070360761078202,-0.569005363759962,0.0,-0.3400714420330577,0.41891918543380297,0.0,0.18419645218986408,0.47281056666289734,-2.252099356677598,-2.014106292439834,-0.11495232588236012,0.1422635172027864,0.04685428648575651,-0.06187,0.08339,0.0269,5.181047146724381e-06,0.0,7.186316174957651e-05,-7.020054664367146e-06,0.0,8.423082856524967e-05
646,6.460136600071564,hold,0.07964610943638345,3.6860839542183084e-05,4.037100123241544,10.08390006609261,11293.6,0.0,0.15,3.0,0.0004,15.0,0.01,-0.03424685779110939,0.0,0.20721542002024596,-0.03417632102871501,0.0,0.2072524074221454,0.0,0.0,0.0,0.5862293570502904,0.0,0.3491174959539468,-0.5737871847941785,0.0,-0.3494371617717257,0.43396574491693185,0.0,0.20520051743546555,0.47281056666289734,-2.2536333374654833,-2.014106292439834,-0.11147164896650015,0.14589114562300573,0.04763434415317987,-0.06187,0.08070000000000001,0.0269,-6.781821175856722e-05,0.0,-0.00013282938862902482,-2.718550635812564e-06,0.0,9.584198672957833e-05
647,6.47015059995465,hold,0.1561048229910114,2.8296559595053707e-05,4.012899938970804,10.01399988308549,11293.6,0.0,0.15,3.0,0.0004,15.0,0.01,-0.034178160036232655,0.0,0.20740850141246023,-0.03417632102871501,0.0,0.2072524074221454,0.0,0.0,0.0,0.5742304365002364,0.0,0.31131938179774976,-0.5720257684967271,0.0,-0.3403935401845387,0.4223083363299143,0.0,0.18649466984657037,0.47281056666289734,-2.252099356677598,-2.014106292439834,-0.11434491418950937,0.1427048205134028,0.046825449648010956,-0.06187,0.08608,0.0269,2.4981299509281126e-05,0.0,0.00012826122924207266,-2.682030702692389e-05,0.0,2.7832761072753526e-05
648,6.480037600034848,hold,0.1561048229910114,1.8081051862357946e-05,4.1328000370413065,9.88700008019805,11293.6,0.0,0.15,3.0,0.0004,15.0,0.01,-0.034178160036232655,0.0,0.20740850141246023,-0.03417632102871501,0.0,0.2072524074221454,0.0,0.0,0.0,0.5724742405003594,0.0,0.3022904278207092,-0.570895444396081,0.0,-0.33311579856954765,0.42039720329948954,0.0,0.18222870593502286,0.47281056666289734,-2.252099356677598,-2.014106292439834,-0.11482458137628222,0.1420822397960032,0.04654420834914364,-0.06187,0.07532,0.0269,1.6030829816698375e-05,0.0,0.00010321662363310896,-1.786983733434114e-05,0.0,5.287736668171722e-05
649,6.490051500033587,hold,0.07964610943638345,2.6920225442545003e-05,4.056900041177869,10.013899998739362,11293.6,0.0,0.15,3.0,0.0004,15.0,0.01,-0.03424685779110939,0.0,0.20721542002024596,-0.03417632102871501,0.0,0.2072524074221454,0.0,0.0,0.0,0.5881192553326214,0.0,0.3421613255353988,-0.5751675459331097,0.0,-0.34102211406951044,0.43473958361977644,0.0,0.20216169631973582,0.47281056666289734,-2.2536333374654833,-2.014106292439834,-0.11149787698545734,0.14554312728673546,0.04727103872867135,-0.06187,0.08070000000000001,0.02152,-6.0589111265178995e-05,0.0,-0.00011213137734971407,-9.947651129200787e-06,0.0,7.514397545026758e-05
650,6.500140399904922,hold,0.07964610943638345,7.688942424168296e-06,4.175700014457107,10.088899871334434,11293.6,0.0,0.15,3.0,0.0004,15.0,0.01,-0.03424685779110939,0.0,0.20721542002024596,-0.03417632102871501,0.0,0.2072524074221454,0.0,0.0,0.0,0.5923858731486765,0.0,0.35005222854247187,-0.5780037649486538,0.0,-0.34489802544212605,0.4383118868989982,0.0,0.20610476511546136,0.47281056666289734,-2.2536333374654833,-2.014106292439834,-0.11078783816425741,0.14619921175181952,0.04739195443873372,-0.056490000000000005,0.07532,0.0269,-4.022469691222158e-05,0.0,-5.4970141363427356e-05,-3.03120654821582e-05,0.0,1.7982739463980864e-05
651,6.510331199970096,hold,0.1561048229910114,5.762814572479416e-05,3.9085999596863985,10.190800065174699,11293.6,0.0,0.15,3.0,0.0004,15.0,0.01,-0.034178160036232655,0.0,0.20740850141246023,-0.03417632102871501,0.0,0.2072524074221454,0.0,0.0,0.0,0.5784465614004476,0.0,0.3067789608150148,-0.5749110068993466,0.0,-0.33211838206592703,0.42488538384111435,0.0,0.18474059101647278,0.47281056666289734,-2.252099356677598,-2.014106292439834,-0.11404474708702751,0.14259975497958097,0.04645277094766076,-0.05918,0.08339,0.024210000000000002,4.386306363309925e-05,0.0,0.00018124738556386848,-4.570207115074201e-05,0.0,-2.5153395249042298e-05
652,6.520341400057077,hold,0.07964610943638345,8.724571234325292e-06,3.77810001373291,10.010200086981058,11293.6,0.0,0.15,3.0,0.0004,15.0,0.01,-0.03424685779110939,0.0,0.20721542002024596,-0.03417632102871501,0.0,0.2072524074221454,0.0,0.0,0.0,0.5921343585744779,0.0,0.3411626215070463,-0.5778513063580906,0.0,-0.33630506963438567,0.4374495956073568,0.0,0.20201502392495918,0.47281056666289734,-2.2536333374654833,-2.014106292439834,-0.11110434956381435,0.14564576412622446,0.04704881026746013,-0.06187,0.08070000000000001,0.024210000000000002,-4.170081855842058e-05,0.0,-5.9377727031813764e-05,-2.88359438359592e-05,0.0,2.239032513236727e-05
653,6.530138599919155,hold,0.1561048229910114,5.2281494764512634e-05,4.026800161227584,9.797199862077832,11293.6,0.0,0.15,3.0,0.0004,15.0,0.01,-0.034178160036232655,0.0,0.20740850141246023,-0.03417632102871501,0.0,0.2072524074221454,0.0,0.0,0.0,0.5782941191653489,0.0,0.29818605532890585,-0.5749626176189547,0.0,-0.32411901360046197,0.4241204572582021,0.0,0.18079716621053873,0.47281056666289734,-2.252099356677598,-2.014106292439834,-0.11433998633340799,0.1420692033354067,0.04611622872831343,-0.05918,0.08339,0.02959,4.0968849150458436e-05,0.0,0.0001728288287447021,-4.28078566681012e-05,0.0,-1.673483842987592e-05
654,6.540147899882868,hold,0.1561048229910114,2.7098532028690184e-05,4.0565000381320715,10.009299963712692,11293.6,0.0,0.15,3.0,0.0004,15.0,0.01,-0.034178160036232655,0.0,0.20740850141246023,-0.03417632102871501,0.0,0.2072524074221454,0.0,0.0,0.0,0.5754108210117527,0.0,0.2860151524586659,-0.573256216376751,0.0,-0.31526555151567975,0.42118627285532273,0.0,0.17500712718996203,0.47281056666289734,-2.252099356677598,-2.014106292439834,-0.11504135049984753,0.14120892537385665,0.04576051849038922,-0.06456,0.08608,0.024210000000000002,2.4201048086238066e-05,0.0,0.00012556429070972048,-2.6040055603880832e-05,0.0,3.0529699605105705e-05
655,6.550160000100732,hold,0.1561048229910114,1.3454732495072763e-05,3.9578001014888287,10.012100217863917,11293.6,0.0,0.15,3.0,0.0004,15.0,0.01,-0.034178160036232655,0.0,0.20740850141246023,-0.03417632102871501,0.0,0.2072524074221454,0.0,0.0,0.0,0.5737046931109794,0.0,0.27716246093006425,-0.5724543636039434,0.0,-0.3089630734620917,0.4193234003130296,0.0,0.17082565381493736,0.47281056666289734,-2.252099356677598,-2.014106292439834,-0.11550997793262584,0.14059914248876082,0.045484051770408006,-0.06456,0.07263,0.024210000000000002,1.1372282809485332e-05,0.0,8.938494104725501e-05,-1.3211290327128098e-05,0.0,6.670904926757117e-05
656,6.560177200008184,hold,0.1561048229910114,6.5944427436178365e-06,3.955399850383401,10.017199907451868,11293.6,0.0,0.15,3.0,0.0004,15.0,0.01,-0.034178160036232655,0.0,0.20740850141246023,-0.03417632102871501,0.0,0.2072524074221454,0.0,0.0,0.0,0.5729030559757163,0.0,0.2708605910122113,-0.5723105750224621,0.0,-0.30451755289924537,0.418283776288102,0.0,0.16788070566633628,0.47281056666289734,-2.252099356677598,-2.014106292439834,-0.11579973945111026,0.14018190571934347,0.04526852218155453,-0.05918,0.08070000000000001,0.024210000000000002,2.0392826075228245e-06,0.0,6.304862786601092e-05,-3.87829012516559e-06,0.0,9.304536244881527e-05
657,6.570135700050741,hold,0.1561048229910114,3.3948608370862026e-06,3.971799975261092,9.958500042557716,11293.6,0.0,0.15,3.0,0.0004,15.0,0.01,-0.034178160036232655,0.0,0.20740850141246023,-0.03417632102871501,0.0,0.2072524074221454,0.0,0.0,0.0,0.5727594242506784,0.0,0.2664155130749567,-0.5726160819864861,0.0,-0.30134088042538354,0.41784313951792684,0.0,0.16583581797369212,0.47281056666289734,-2.252099356677598,-2.014106292439834,-0.11595934252659745,0.13990481102042418,0.04509736762053358,-0.06456,0.07263,0.02152,-4.332854749611234e-06,0.0,4.5053180572508935e-05,2.4938472319684683e-06,0.0,0.00011104080974231725
658,6.580165799940005,hold,0.1561048229910114,2.010585077186772e-06,4.0293000638484955,10.03009988926351,11293.6,0.0,0.15,3.0,0.0004,15.0,0.01,-0.034178160036232655,0.0,0.20740850141246023,-0.03417632102871501,0.0,0.2072524074221454,0.0,0.0,0.0,0.5730650382970129,0.0,0.26323914301091955,-0.5732015133405935,0.0,-0.2989557126406799,0.4178115315624603,0.0,0.16440589583295842,0.47281056666289734,-2.252099356677598,-2.014106292439834,-0.11603004878539083,0.13972345800838662,0.04495654974247011,-0.06725,0.08070000000000001,0.02152,-8.302884457380225e-06,0.0,3.382765953499389e-05,6.4638769397374594e-06,0.0,0.0001222663307798323
659,6.590138900093734,hold,0.1561048229910114,1.466113580336246e-06,4.071400035172701,9.97310015372932,11293.6,0.0,0.15,3.0,0.0004,15.0,0.01,-0.034178160036232655,0.0,0.20740850141246023,-0.03417632102871501,0.0,0.2072524074221454,0.0,0.0,0.0,0.5736505363549617,0.0,0.2608541638361649,-0.5739352934271458,0.0,-0.29699104790450015,0.41803482688824206,0.0,0.163359548626687,0.47281056666289734,-2.252099356677598,-2.014106292439834,-0.11604533989713842,0.13960181238417663,0.04483467084665302,-0.06187,0.07263,0.0269,-1.0406841439261426e-05,0.0,2.7863871976685397e-05,8.56783392161866e-06,0.0,0.00012823011833814078
660,6.600150099955499,hold,0.1561048229910114,1.3082676920417136e-06,4.003799986094236,10.011199861764908,11293.6,0.0,0.15,3.0,0.0004,15.0,0.01,-0.034178160036232655,0.0,0.20740850141246023,-0.03417632102871501,0.0,0.2072524074221454,0.0,0.0,0.0,0.5743843517795134,0.0,0.2588895992681765,-0.5747199737820763,0.0,-0.2951719602714513,0.4183932812499485,0.0,0.16251694174350204,0.47281056666289734,-2.252099356677598,-2.014106292439834,-0.11603123148518375,0.1395118704547848,0.044722869638756005,-0.06456,0.08070000000000001,0.024210000000000002,-1.1128734867465442e-05,0.0,2.5799223647798917e-05,9.289727349822677e-06,0.0,0.00013029476666702726
661,6.6101464999374,hold,0.1561048229910114,1.3567313252862263e-06,7.2437000926584005,9.99639998190105,11293.6,0.0,0.15,3.0,0.0004,15.0,0.01,-0.034178160036232655,0.0,0.20740850141246023,-0.03417632102871501,0.0,0.2072524074221454,0.0,0.0,0.0,0.5751690442438874,0.0,0.25707054626982173,-0.5754874480894596,0.0,-0.293306168974611,0.41879819850335376,0.0,0.16174481721664963,0.47281056666289734,-2.252099356677598,-2.014106292439834,-0.11600699607101583,0.13943288295955797,0.04461457722275488,-0.06725,0.08070000000000001,0.024210000000000002,-1.0884709972402987e-05,0.0,2.6461598700785593e-05,9.045702454760222e-06,0.0,0.0001296323916140406
662,6.62029689992778,hold,0.1561048229910114,1.549050495968266e-06,4.387600114569068,10.15039999037981,11293.6,0.0,0.15,3.0,0.0004,15.0,0.01,-0.034178160036232655,0.0,0.20740850141246023,-0.03417632102871501,0.0,0.2072524074221454,0.0,0.0,0.0,0.5759365144280066,0.0,0.25520474377868746,-0.5761937568526753,0.0,-0.29126943643966446,0.419187580035458,0.0,0.16094998109478278,0.47281056666289734,-2.252099356677598,-2.014106292439834,-0.11598610730177329,0.13935034029691507,0.044505197269817026,-0.06187,0.06994,0.02152,-1.001722919530729e-05,0.0,2.8885974059294925e-05,8.178221677664525e-06,0.0,0.00012720801625553126
663,6.630133900092915,hold,0.1561048229910114,1.85835032378773e-06,5.155700026080012,9.837000165134668,11293.6,0.0,0.15,3.0,0.0004,15.0,0.01,-0.034178160036232655,0.0,0.20740850141246023,-0.03417632102871501,0.0,0.2072524074221454,0.0,0.0,0.0,0.576642808592016,0.0,0.25316797044247696,-0.5768139783691416,0.0,-0.2889911967152554,0.4195213998121061,0.0,0.16007222355843653,0.47281056666289734,-2.252099356677598,-2.014106292439834,-0.11597726574686473,0.13925486956806918,0.044391757981532005,-0.06456,0.08339,0.024210000000000002,-8.796296189245983e-06,0.0,3.23111515385416e-05,6.9572886716032174e-06,0.0,0.00012378283877628458
664,6.640322099905461,hold,0.1561048229910114,2.258645823925183e-06,3.912100102752447,10.188199812546372,11293.6,0.0,0.15,3.0,0.0004,15.0,0.01,-0.034178160036232655,0.0,0.20740850141246023,-0.03417632102871501,0.0,0.2072524074221454,0.0,0.0,0.0,0.5772630095717964,0.0,0.25088967310473714,-0.5773375292325968,0.0,-0.2864413277058452,0.419776957089811,0.0,0.1590773512469485,0.47281056666289734,-2.252099356677598,-2.014106292439834,-0.1159854080257213,0.1391411492263744,0.044272569356947,-0.06187,0.07801000000000001,0.02152,-7.425263946542988e-06,0.0,3.616353585786799e-05,5.5862564289002225e-06,0.0,0.00011993045445695819
665,6.650349899893627,hold,0.1561048229910114,2.716585189170143e-06,3.763600019738078,10.027799988165498,11293.6,0.0,0.15,3.0,0.0004,15.0,0.01,-0.034178160036232655,0.0,0.20740850141246023,-0.03417632102871501,0.0,0.2072524074221454,0.0,0.0,0.0,0.5777865373789588,0.0,0.24833973931067624,-0.5777640603792047,0.0,-0.2836185937919802,0.41994460108675014,0.0,0.15795077445849895,0.47281056666289734,-2.252099356677598,-2.014106292439834,-0.11601263529660541,0.13900691024291617,0.0441469076102759,-0.06187,0.08070000000000001,0.024210000000000002,-6.049281103431709e-06,0.0,4.003344435912327e-05,4.210273585788944e-06,0.0,0.00011606054595570291
666,6.660161199979484,hold,0.1561048229910114,3.1948348770740558e-06,4.026500042527914,9.81130008585751,11293.6,0.0,0.15,3.0,0.0004,15.0,0.01,-0.034178160036232655,0.0,0.20740850141246023,-0.03417632102871501,0.0,0.2072524074221454,0.0,0.0,0.0,0.5782130453890725,0.0,0.24551694032605115,-0.5781000309143985,0.0,-0.28054099270822946,0.42002399704382165,0.0,0.1566919043896944,0.47281056666289734,-2.252099356677598,-2.014106292439834,-0.11605902426309149,0.1388520635013883,0.04401473934872881,-0.06187,0.07263,0.02152,-4.7649045703261316e-06,0.0,4.364809985834307e-05,2.925897052683366e-06,0.0,0.00011244589045648311
667,6.670177499996498,hold,0.31951567871213565,0.0001079251255273866,3.9921000134199858,10.016300017014146,11293.6,0.0,0.15,3.0,0.0004,15.0,0.01,-0.03395121699484728,0.0,0.20747916377349934,-0.03417632102871501,0.0,0.2072524074221454,0.0,0.0,0.0,0.5231321290919263,0.0,0.22518434738509352,-0.5621589806226317,0.0,-0.2721948383735959,0.3802877685460041,0.0,0.14292072469588513,0.474344547450783,-2.252099356677598,-2.014106292439834,-0.12356138240210288,0.13504148478450909,0.04581306907440091,-0.06187,0.07532,0.02152,0.00022608406224432594,0.0,0.00011836939483633605,-9.800283765941322e-07,0.0,0.00010838695651760452
668,6.680150900036097,hold,0.1561048229910114,1.3612775973911287e-05,4.0391001384705305,9.973400039598346,11293.6,0.0,0.15,3.0,0.0004,15.0,0.01,-0.034178160036232655,0.0,0.20740850141246023,-0.03417632102871501,0.0,0.2072524074221454,0.0,0.0,0.0,0.5626264337960009,0.0,0.23409883342583626,-0.5683386903642275,0.0,-0.2705671051548649,0.4083334208446362,0.0,0.15027184983934844,0.47281056666289734,-2.252099356677598,-2.014106292439834,-0.11808462617580277,0.13751951616801314,0.04426520855338471,-0.06994,0.06994,0.024210000000000002,-8.764377856535521e-05,0.0,2.3085338268508744e-05,8.580477104771245e-05,0.0,0.00013300865204631744
669,6.690168800065294,hold,0.1561048229910114,8.291020006129676e-06,3.9950998034328222,10.017900029197335,11293.6,0.0,0.15,3.0,0.0004,15.0,0.01,-0.034178160036232655,0.0,0.20740850141246023,-0.03417632102871501,0.0,0.2072524074221454,0.0,0.0,0.0,0.5687890186880894,0.0,0.23246572776223592,-0.5727571901522763,0.0,-0.268254115824712,0.41248402900123154,0.0,0.14999734055149877,0.47281056666289734,-2.252099356677598,-2.014106292439834,-0.11748339227726975,0.13767125464917104,0.04392046300292479,-0.06456,0.07801000000000001,0.02152,-6.266540553000587e-05,0.0,3.280398807591902e-05,6.08263980123631e-05,0.0,0.00012329000223890716
670,6.7001507000532,hold,0.07964610943638345,6.018547760176962e-05,4.010699922218919,9.981899987906218,11293.6,0.0,0.15,3.0,0.0004,15.0,0.01,-0.03424685779110939,0.0,0.20721542002024596,-0.03417632102871501,0.0,0.2072524074221454,0.0,0.0,0.0,0.5899823236630471,0.0,0.27730082605813566,-0.5806096687136534,0.0,-0.27915801481766045,0.4310153784217586,0.0,0.17260814509749492,0.47281056666289734,-2.2536333374654833,-2.014106292439834,-0.11341475840105017,0.14165579708175857,0.04459938740666658,-0.06456,0.07532,0.01883,-0.00011136783457483453,0.0,-0.0001546446271423426,4.0831072180454745e-05,0.0,0.0001176572252428961
671,6.710163600044325,hold,0.07964610943638345,1.7475459459237662e-05,3.989200107753277,10.012899991124868,11293.6,0.0,0.15,3.0,0.0004,15.0,0.01,-0.03424685779110939,0.0,0.20721542002024596,-0.03417632102871501,0.0,0.2072524074221454,0.0,0.0,0.0,0.597828849163966,0.0,0.28818884354632124,-0.5854745257579291,0.0,-0.28452080740328906,0.4373046948099298,0.0,0.17820044060414034,0.47281056666289734,-2.2536333374654833,-2.014106292439834,-0.11222710329408125,0.1426409418107036,0.044677221012842785,-0.06456,0.07801000000000001,0.02152,-6.899587057797864e-05,0.0,-7.605784503163343e-05,-1.5408918164011386e-06,0.0,3.907044313218694e-05
672,6.720141700003296,hold,0.1561048229910114,5.28876421738188e-05,4.068800015375018,9.978099958971143,11293.6,0.0,0.15,3.0,0.0004,15.0,0.01,-0.034178160036232655,0.0,0.20740850141246023,-0.03417632102871501,0.0,0.2072524074221454,0.0,0.0,0.0,0.5859178055227348,0.0,0.24640209690796885,-0.5832419004064828,0.0,-0.27212410176987434,0.42543781068489606,0.0,0.1576879389004258,0.47281056666289734,-2.252099356677598,-2.014106292439834,-0.11521228015950652,0.13922037432052142,0.04370071079359146,-0.06187,0.08070000000000001,0.024210000000000002,3.166422536069374e-05,0.0,0.00017581636822870106,-3.350323287833651e-05,0.0,-1.9722377913874875e-05
673,6.730149199953303,hold,0.1561048229910114,3.437579110625726e-05,4.1420001070946455,10.007499950006604,11293.6,0.0,0.15,3.0,0.0004,15.0,0.01,-0.034178160036232655,0.0,0.20740850141246023,-0.03417632102871501,0.0,0.2072524074221454,0.0,0.0,0.0,0.583690259865674,0.0,0.2340201899537219,-0.5813054662823018,0.0,-0.26215527053439447,0.42294243130782205,0.0,0.15185165607533335,0.47281056666289734,-2.252099356677598,-2.014106292439834,-0.11585087678597625,0.1383739710553753,0.04330682866918704,-0.06456,0.07263,0.02152,2.7463491115732156e-05,0.0,0.0001413830218394987,-2.930249863337492e-05,0.0,1.4710968475327468e-05
674,6.740148999961093,hold,0.1561048229910114,2.187492079162812e-05,4.1161999106407166,9.999800007790327,11293.6,0.0,0.15,3.0,0.0004,15.0,0.01,-0.034178160036232655,0.0,0.20740850141246023,-0.03417632102871501,0.0,0.2072524074221454,0.0,0.0,0.0,0.5817538878985122,0.0,0.22405191369814434,-0.5797020719610966,0.0,-0.2542146226373012,0.420834229280761,0.0,0.1471420789378783,0.47281056666289734,-2.252099356677598,-2.014106292439834,-0.11638017739525937,0.13768672365617274,0.042996213900319345,-0.06456,0.07532,0.02152,2.2740151676504238e-05,0.0,0.00011261829682288331,-2.4579159194147003e-05,0.0,4.347569349194287e-05
675,6.750184699892998,hold,0.1561048229910114,1.3839348156637191e-05,4.097099881619215,10.035699931904674,11293.6,0.0,0.15,3.0,0.0004,15.0,0.01,-0.034178160036232655,0.0,0.20740850141246023,-0.03417632102871501,0.0,0.2072524074221454,0.0,0.0,0.0,0.5801505730194728,0.0,0.216111749376751,-0.578433176976481,0.0,-0.24789734870086874,0.4191126923659116,0.0,0.14338602410438786,0.47281056666289734,-2.252099356677598,-2.014106292439834,-0.11680825504168993,0.13713681658072602,0.042751558041011856,-0.06187,0.07263,0.024210000000000002,1.79961123911339e-05,0.0,8.959478376380928e-05,-1.9835119908776666e-05,0.0,6.64992065510169e-05
676,6.760141700040549,hold,0.1561048229910114,8.887416858063169e-06,3.987699979916215,9.957000147551298,11293.6,0.0,0.15,3.0,0.0004,15.0,0.01,-0.034178160036232655,0.0,0.20740850141246023,-0.03417632102871501,0.0,0.2072524074221454,0.0,0.0,0.0,0.5788817578037081,0.0,0.20979486244845097,-0.5774766817033109,0.0,-0.24282316232603063,0.41774776693967,0.0,0.14039836796695415,0.47281056666289734,-2.252099356677598,-2.014106292439834,-0.11714810357929119,0.13669960595491648,0.04255661457648039,-0.06456,0.08070000000000001,0.024210000000000002,1.356550120085055e-05,0.0,7.196468533824985e-05,-1.5404508718493316e-05,0.0,8.412930497657634e-05
677,6.770164099987596,hold,0.07964610943638345,3.673649285679068e-05,4.057199927046895,10.022399947047234,11293.6,0.0,0.15,3.0,0.0004,15.0,0.01,-0.03424685779110939,0.0,0.20721542002024596,-0.03417632102871501,0.0,0.2072524074221454,0.0,0.0,0.0,0.5947005340097432,0.0,0.2518692146523338,-0.5816993712490295,0.0,-0.2524345291159753,0.43232338062343784,0.0,0.1613287692791609,0.47281056666289734,-2.2536333374654833,-2.014106292439834,-0.11374318199583709,0.14029413179936895,0.04337069103110988,-0.06456,0.07532,0.02152,-5.98883253373696e-05,0.0,-0.00013631327972870097,-1.0648437057010182e-05,0.0,9.932587782925448e-05
678,6.780247200047597,hold,0.1561048229910114,2.6629126582124606e-05,3.8701000157743692,10.083100060001016,11293.6,0.0,0.15,3.0,0.0004,15.0,0.01,-0.034178160036232655,0.0,0.20740850141246023,-0.03417632102871501,0.0,0.2072524074221454,0.0,0.0,0.0,0.582142489627852,0.0,0.21431680779643641,-0.5794386272611519,0.0,-0.24378719332004087,0.42035708635437163,0.0,0.14271753713004007,0.47281056666289734,-2.252099356677598,-2.014106292439834,-0.11665506809018938,0.13710854646996545,0.04258948219235599,-0.06187,0.07801000000000001,0.0269,3.206301812734305e-05,0.0,0.0001226409031119711,-3.390202564498582e-05,0.0,3.345308720285509e-05
679,6.790204199962318,hold,0.1561048229910114,1.6260443043236013e-05,3.9741999935358763,9.956999914720654,11293.6,0.0,0.15,3.0,0.0004,15.0,0.01,-0.034178160036232655,0.0,0.20740850141246023,-0.03417632102871501,0.0,0.2072524074221454,0.0,0.0,0.0,0.5798869802072407,0.0,0.20568417550344273,-0.5778830516576396,0.0,-0.23697826435349512,0.4181299084347126,0.0,0.13859461043012825,0.47281056666289734,-2.252099356677598,-2.014106292439834,-0.11717487580765416,0.1364897806035943,0.042346725406592435,-0.05918,0.07801000000000001,0.024210000000000002,2.2061962363411713e-05,0.0,9.656768482091689e-05,-2.390096988105448e-05,0.0,5.952630549390929e-05
680,6.800157299963757,hold,0.07964610943638345,2.8604865870971957e-05,4.052899777889252,9.953100001439452,11293.6,0.0,0.15,3.0,0.0004,15.0,0.01,-0.03424685779110939,0.0,0.20721542002024596,-0.03417632102871501,0.0,0.2072524074221454,0.0,0.0,0.0,0.5951067612058786,0.0,0.24602390313905304,-0.5818083303979249,0.0,-0.24536913942251984,0.43215319491259224,0.0,0.15868380186797745,0.47281056666289734,-2.2536333374654833,-2.014106292439834,-0.11389064248131561,0.13995351513080817,0.04311909197816374,-0.06456,0.07532,0.02152,-5.567029441612901e-05,0.0,-0.00011900364697861407,-1.4866467978250772e-05,0.0,8.201624507916758e-05
681,6.810172300087288,hold,0.1561048229910114,3.154359376982471e-05,3.980600042268634,10.015000123530626,11293.6,0.0,0.15,3.0,0.0004,15.0,0.01,-0.034178160036232655,0.0,0.20740850141246023,-0.03417632102871501,0.0,0.2072524074221454,0.0,0.0,0.0,0.5822513779420009,0.0,0.2072511272029574,-0.5794706545132643,0.0,-0.2359263616125875,0.4198906350780242,0.0,0.13949294892448696,0.47281056666289734,-2.252099356677598,-2.014106292439834,-0.11687296574969026,0.13668184544170384,0.042302131374647785,-0.05918,0.07801000000000001,0.024210000000000002,3.315410531560941e-05,0.0,0.0001339222652877955,-3.499311283325218e-05,0.0,2.2171725027030683e-05
682,6.820149000035599,hold,0.1561048229910114,1.8337960188897577e-05,4.003999987617135,9.976699948310852,11293.6,0.0,0.15,3.0,0.0004,15.0,0.01,-0.034178160036232655,0.0,0.20740850141246023,-0.03417632102871501,0.0,0.2072524074221454,0.0,0.0,0.0,0.5799189891784535,0.0,0.19782315423165145,-0.5779896023758594,0.0,-0.22865859956825907,0.41754910478898627,0.0,0.13500021237533685,0.47281056666289734,-2.252099356677598,-2.014106292439834,-0.11742676429314663,0.13601141231467662,0.04203107155014024,-0.06187,0.07801000000000001,0.024210000000000002,2.1005032760800918e-05,0.0,0.00010307508829926598,-2.2844040278443683e-05,0.0,5.30189020155602e-05
683,6.8302410999313,hold,0.1561048229910114,1.0646503847716576e-05,3.8958999793976545,10.092099895700812,11293.6,0.0,0.15,3.0,0.0004,15.0,0.01,-0.034178160036232655,0.0,0.20740850141246023,-0.03417632102871501,0.0,0.2072524074221454,0.0,0.0,0.0,0.5784381327531073,0.0,0.1905558867842229,-0.5771816839921304,0.0,-0.22306514093979113,0.4159641525386087,0.0,0.13156143889493885,0.47281056666289734,-2.252099356677598,-2.014106292439834,-0.1178199884374376,0.1355075603666575,0.04180775769827838,-0.06725,0.06994,0.01883,1.1458308380699551e-05,0.0,7.932926786968013e-05,-1.3297315898342317e-05,0.0,7.676472244514605e-05
684,6.8401470999233425,hold,0.1561048229910114,6.386084845101815e-06,4.033599980175495,9.90599999204278,11293.6,0.0,0.15,3.0,0.0004,15.0,0.01,-0.034178160036232655,0.0,0.20740850141246023,-0.03417632102871501,0.0,0.2072524074221454,0.0,0.0,0.0,0.5776303748490382,0.0,0.18496282731150196,-0.5768788488732856,0.0,-0.2186986153843753,0.41497465395230004,0.0,0.12894034133725504,0.47281056666289734,-2.252099356677598,-2.014106292439834,-0.11808738115299532,0.13513332503177927,0.04162083658873571,-0.06994,0.07263,0.024210000000000002,4.294961285836041e-06,0.0,6.192828059591177e-05,-6.133968803478806e-06,0.0,9.41657097189144e-05
685,6.850162399932742,hold,0.1561048229910114,4.132946450293756e-06,3.9800999220460653,10.015300009399652,11293.6,0.0,0.15,3.0,0.0004,15.0,0.01,-0.034178160036232655,0.0,0.20740850141246023,-0.03417632102871501,0.0,0.2072524074221454,0.0,0.0,0.0,0.5773276601282851,0.0,0.18059659421194066,-0.576934869816439,0.0,-0.21517786248125792,0.41442968627191085,0.0,0.1269193263980052,0.47281056666289734,-2.252099356677598,-2.014106292439834,-0.1182613132572355,0.13485455193978665,0.041460047781797016,-0.06456,0.07801000000000001,0.024210000000000002,-7.945174356194331e-07,0.0,4.993310377462336e-05,-1.0444900820233325e-06,0.0,0.00010616088654020282
686,6.860330499941483,hold,0.1561048229910114,3.000654710271749e-06,3.861699951812625,10.168100008741021,11293.6,0.0,0.15,3.0,0.0004,15.0,0.01,-0.034178160036232655,0.0,0.20740850141246023,-0.03417632102871501,0.0,0.2072524074221454,0.0,0.0,0.0,0.5773837666050302,0.0,0.177076042888528,-0.5772280695920594,0.0,-0.21219189563241458,0.4141985567046802,0.0,0.1253127826977092,0.47281056666289734,-2.252099356677598,-2.014106292439834,-0.11836968651726786,0.1346420191009928,0.041316788173327186,-0.06456,0.07532,0.01883,-4.158307960148857e-06,0.0,4.234849665219701e-05,2.3193004425060917e-06,0.0,0.00011374549366262917
687,6.870344799943268,hold,0.07964610943638345,5.045914387540323e-05,3.746100002899766,10.014300001785159,11293.6,0.0,0.15,3.0,0.0004,15.0,0.01,-0.03424685779110939,0.0,0.20721542002024596,-0.03417632102871501,0.0,0.2072524074221454,0.0,0.0,0.0,0.5944522198924334,0.0,0.22123844572944507,-0.5825644129656625,0.0,-0.22327796215869936,0.42978143741771957,0.0,0.14728465009581607,0.47281056666289734,-2.2536333374654833,-2.014106292439834,-0.11476816258678285,0.13841233061631802,0.042160236255136166,-0.06725,0.06994,0.02152,-7.568272888881703e-05,0.0,-0.0001572282195149838,5.14596649443725e-06,0.0,0.00012024081761553731
688,6.880142499925569,hold,0.1561048229910114,2.0241607418154713e-05,4.061399959027767,9.7976999823004,11293.6,0.0,0.15,3.0,0.0004,15.0,0.01,-0.034178160036232655,0.0,0.20740850141246023,-0.03417632102871501,0.0,0.2072524074221454,0.0,0.0,0.0,0.5830077968785513,0.0,0.18516059233114293,-0.5812503466718038,0.0,-0.21559694321393635,0.418720924997335,0.0,0.1294433277389683,0.47281056666289734,-2.252099356677598,-2.014106292439834,-0.11751004883030805,0.13536475292615313,0.04138487713537514,-0.05918,0.08070000000000001,0.01883,1.863675481454221e-05,0.0,0.00010893610730934975,-2.0475762332184974e-05,0.0,4.715788300547643e-05
689,6.890193700091913,hold,0.1561048229910114,1.3210526522846733e-05,4.195700166746974,10.051200166344643,11293.6,0.0,0.15,3.0,0.0004,15.0,0.01,-0.034178160036232655,0.0,0.20740850141246023,-0.03417632102871501,0.0,0.2072524074221454,0.0,0.0,0.0,0.5816989253238133,0.0,0.1774941556857622,-0.5804654813180542,0.0,-0.20935069906684894,0.41722468372966837,0.0,0.12583510502857254,0.47281056666289734,-2.252099356677598,-2.014106292439834,-0.11789797671975055,0.13484355970686704,0.041137809182017496,-0.06725,0.07532,0.024210000000000002,1.1131358614568944e-05,0.0,8.858740325740805e-05,-1.297036613221171e-05,0.0,6.750658705741813e-05
690,6.9001557000447065,hold,0.1561048229910114,8.830132644640704e-06,4.052000120282173,9.961999952793121,11293.6,0.0,0.15,3.0,0.0004,15.0,0.01,-0.034178160036232655,0.0,0.20740850141246023,-0.03417632102871501,0.0,0.2072524074221454,0.0,0.0,0.0,0.5809141776189864,0.0,0.17124822966657272,-0.5800886999424227,0.0,-0.2042176265241218,0.41620106977550164,0.0,0.1229170498932187,0.47281056666289734,-2.252099356677598,-2.014106292439834,-0.11818412834279149,0.1344304255631944,0.040923749721890695,-0.06725,0.07532,0.024210000000000002,5.343704613037407e-06,0.0,7.279983884461748e-05,-7.182712130680173e-06,0.0,8.32941514702087e-05
691,6.910169000038877,hold,0.1561048229910114,6.193580587486204e-06,3.972299862653017,10.013299994170666,11293.6,0.0,0.15,3.0,0.0004,15.0,0.01,-0.034178160036232655,0.0,0.20740850141246023,-0.03417632102871501,0.0,0.2072524074221454,0.0,0.0,0.0,0.5805374935347309,0.0,0.16611542251879413,-0.5800115754930448,0.0,-0.19990777808342614,0.4155459754683685,0.0,0.12053961065655099,0.47281056666289734,-2.252099356677598,-2.014106292439834,-0.11839080812960855,0.13410185923659446,0.04073567570185359,-0.06725,0.07263,0.0269,1.0938180668511052e-06,0.0,6.112445700225272e-05,-2.9328255844938708e-06,0.0,9.496953331257346e-05
692,6.920119399903342,hold,0.1561048229910114,4.6571849134918185e-06,4.108399851247668,9.950399864464998,11293.6,0.0,0.15,3.0,0.0004,15.0,0.01,-0.034178160036232655,0.0,0.20740850141246023,-0.03417632102871501,0.0,0.2072524074221454,0.0,0.0,0.0,0.5804604405128296,0.0,0.16180577030754745,-0.5801415699248228,0.0,-0.19617218493264243,0.4151619224426238,0.0,0.11856179494970334,0.47281056666289734,-2.252099356677598,-2.014106292439834,-0.11853894472735846,0.13383574405642357,0.04056691474061529,-0.06994,0.06994,0.02152,-1.8436469785612495e-06,0.0,5.298007715698998e-05,4.6394609184839024e-09,0.0,0.0001031139131578362
693,6.930131600005552,hold,0.1561048229910114,3.7993857840837717e-06,3.978000022470951,10.012200102210045,11293.6,0.0,0.15,3.0,0.0004,15.0,0.01,-0.034178160036232655,0.0,0.20740850141246023,-0.03417632102871501,0.0,0.2072524074221454,0.0,0.0,0.0,0.580590484309113,0.0,0.15807031402648802,-0.5804030590652516,0.0,-0.19280621096041847,0.41496560876465943,0.0,0.11686259198148191,0.47281056666289734,-2.252099356677598,-2.014106292439834,-0.11864644725588833,0.13361311398179226,0.04041171242697045,-0.06187,0.06994,0.024210000000000002,-3.7085716448330412e-06,0.0,4.7737950456256946e-05,1.8695641271902756e-06,0.0,0.00010835603985856924
694,6.9401557999663055,hold,0.1561048229910114,3.3603899356619694e-06,4.089900059625506,10.024199960753322,11293.6,0.0,0.15,3.0,0.0004,15.0,0.01,-0.034178160036232655,0.0,0.20740850141246023,-0.03417632102871501,0.0,0.2072524074221454,0.0,0.0,0.0,0.5808520047848815,0.0,0.15470442813728852,-0.5807368455904994,0.0,-0.18964871886026224,0.41488886906503686,0.0,0.1153425734504618,0.47281056666289734,-2.252099356677598,-2.014106292439834,-0.11872798936885583,0.1334183981437538,0.040265319294598235,-0.06994,0.07263,0.02152,-4.733929833307139e-06,0.0,4.47811547822779e-05,2.8949223156643734e-06,0.0,0.00011131283553254828
695,6.950141000095755,hold,0.1561048229910114,3.1856921219808603e-06,3.9588999934494495,9.985200129449368,11293.6,0.0,0.15,3.0,0.0004,15.0,0.01,-0.034178160036232655,0.0,0.20740850141246023,-0.03417632102871501,0.0,0.2072524074221454,0.0,0.0,0.0,0.5811858085334785,0.0,0.15154698570641847,-0.5810987033915752,0.0,-0.1865785176782966,0.4148782723348571,0.0,0.1139234741626943,0.47281056666289734,-2.252099356677598,-2.014106292439834,-0.11879508810936794,0.13323935002117912,0.04012397955507267,-0.06725,0.06994,0.01614,-5.13205090785358e-06,0.0,4.3543150697204864e-05,3.2930433902108143e-06,0.0,0.00011255083961762132
696,6.9601364999543875,hold,0.1561048229910114,3.1830110261007938e-06,4.022000124678016,9.995499858632684,11293.6,0.0,0.15,3.0,0.0004,15.0,0.01,-0.034178160036232655,0.0,0.20740850141246023,-0.03417632102871501,0.0,0.2072524074221454,0.0,0.0,0.0,0.5815476730156707,0.0,0.14847680530500512,-0.5814573802531214,0.0,-0.18350925327337908,0.4148938392248991,0.0,0.11254645461297098,0.47281056666289734,-2.252099356677598,-2.014106292439834,-0.11885637386314363,0.13306677124419025,0.03998485510460578,-0.06725,0.07263,0.02152,-5.086937209733765e-06,0.0,4.352986484987487e-05,3.2479296920909997e-06,0.0,0.00011256412546495131
697,6.970161600038409,hold,0.1561048229910114,3.2939380175831026e-06,3.981399815529585,10.025100084021688,11293.6,0.0,0.15,3.0,0.0004,15.0,0.01,-0.034178160036232655,0.0,0.20740850141246023,-0.03417632102871501,0.0,0.2072524074221454,0.0,0.0,0.0,0.5819063491094301,0.0,0.14540754109796183,-0.5817923791962759,0.0,-0.18038361897601882,0.41490726414620926,0.0,0.1111696096941732,0.47281056666289734,-2.252099356677598,-2.014106292439834,-0.11891796836816969,0.13289411830926653,0.03984591186631387,-0.06187,0.06994,0.02152,-4.7511249591272325e-06,0.0,4.4329331261339e-05,2.912117441484467e-06,0.0,0.00011176465905348718
698,6.980123300105333,hold,0.1561048229910114,3.4776487491483753e-06,3.975600004196167,9.961700066924095,11293.6,0.0,0.15,3.0,0.0004,15.0,0.01,-0.034178160036232655,0.0,0.20740850141246023,-0.03417632102871501,0.0,0.2072524074221454,0.0,0.0,0.0,0.582241342400027,0.0,0.14228189334107558,-0.5820917461021669,0.0,-0.17716751485719703,0.41489993171964323,0.0,0.10976514948289105,0.47281056666289734,-2.252099356677598,-2.014106292439834,-0.1189839082848093,0.1327170588003041,0.03970578900347138,-0.06456,0.06994,0.024210000000000002,-4.245773330274005e-06,0.0,4.5612420165280616e-05,2.406765812631239e-06,0.0,0.00011048157014954556
699,6.990139700006694,hold,0.1561048229910114,3.702875639956014e-06,4.0512001141905785,10.016399901360273,11293.6,0.0,0.15,3.0,0.0004,15.0,0.01,-0.034178160036232655,0.0,0.20740850141246023,-0.03417632102871501,0.0,0.2072524074221454,0.0,0.0,0.0,0.5825407008051711,0.0,0.139065767637738,-0.5823500140644403,0.0,-0.17384457570946485,0.414860933690344,0.0,0.10831655706569271,0.47281056666289734,-2.252099356677598,-2.014106292439834,-0.11905656975736324,0.13253302474144937,0.03956366579741369,-0.06725,0.06994,0.02152,-3.6628872621088936e-06,0.0,4.712760874344672e-05,1.823879744466128e-06,0.0,0.00010896638157137946
700,7.000181999988854,hold,0.1561048229910114,3.944686452708251e-06,4.033600213006139,10.04229998216033,11293.6,0.0,0.15,3.0,0.0004,15.0,0.01,-0.034178160036232655,0.0,0.20740850141246023,-0.03417632102871501,0.0,0.2072524074221454,0.0,0.0,0.0,0.5827989589649145,0.0,0.1357428030081037,-0.5825663933913654,0.0,-0.1704113207895668,0.41478522290408065,0.0,0.10681592714284929,0.47281056666289734,-2.252099356677598,-2.014106292439834,-0.11913706435504624,0.13234079484949193,0.03941913615752067,-0.06187,0.07532,0.024210000000000002,-3.0688013852002704e-06,0.0,4.869216298826701e-05,1.2297938675575048e-06,0.0,0.00010740182732655917
701,7.010151599999517,hold,0.1561048229910114,4.183545620728813e-06,6.718900054693222,9.969600010663271,11293.6,0.0,0.15,3.0,0.0004,15.0,0.01,-0.034178160036232655,0.0,0.20740850141246023,-0.03417632102871501,0.0,0.2072524074221454,0.0,0.0,0.0,0.5830153283023797,0.0,0.13230952178005015,-0.5827432492607707,0.0,-0.16687305018605958,0.4146719854406835,0.0,0.1052616079952602,0.47281056666289734,-2.252099356677598,-2.014106292439834,-0.11922558873691988,0.1321401247510041,0.03927209684412058,-0.06187,0.07801000000000001,0.01614,-2.5082596601269304e-06,0.0,5.01815486884042e-05,6.692521424841648e-07,0.0,0.00010591244162642198
702,7.020376000087708,hold,0.1561048229910114,4.405113332588706e-06,3.99780017323792,10.224400088191032,11293.6,0.0,0.15,3.0,0.0004,15.0,0.01,-0.034178160036232655,0.0,0.20740850141246023,-0.03417632102871501,0.0,0.2072524074221454,0.0,0.0,0.0,0.5831921747472686,0.0,0.12877122613490305,-0.5828848750341764,0.0,-0.16324051909354662,0.41452326961635266,0.0,0.103656207153757,0.47281056666289734,-2.252099356677598,-2.014106292439834,-0.11932171952862848,0.13193143449441963,0.03912265248952476,-0.06725,0.07801000000000001,0.01883,-2.0086085661865748e-06,0.0,5.151839876248994e-05,1.6960104854380915e-07,0.0,0.00010457559155233624
703,7.030233300058171,hold,0.07964610943638345,4.21644663248143e-05,4.1282998863607645,9.857299970462918,11293.6,0.0,0.15,3.0,0.0004,15.0,0.01,-0.03424685779110939,0.0,0.20721542002024596,-0.03417632102871501,0.0,0.2072524074221454,0.0,0.0,0.0,0.6001089891080298,0.0,0.1722869148177969,-0.587899523684352,0.0,-0.17330762880238237,0.4299215074200936,0.0,0.125308814905062,0.47281056666289734,-2.2536333374654833,-2.014106292439834,-0.11576378541238289,0.13565174832999977,0.039950791405241416,-0.06456,0.07532,0.01883,-7.112029112318107e-05,0.0,-0.0001427768570059898,5.835287288012919e-07,0.0,0.00010578945510654331
704,7.040245099924505,hold,0.07964610943638345,1.1379131134497047e-05,4.007099894806743,10.011799866333604,11293.6,0.0,0.15,3.0,0.0004,15.0,0.01,-0.03424685779110939,0.0,0.20721542002024596,-0.03417632102871501,0.0,0.2072524074221454,0.0,0.0,0.0,0.6051180278194904,0.0,0.18233825812364401,-0.5910761554028825,0.0,-0.17821134212274656,0.4341763261135726,0.0,0.13029851738678508,0.47281056666289734,-2.2536333374654833,-2.014106292439834,-0.11490452502085834,0.13647010783262675,0.040124152174121276,-0.06456,0.07532,0.02152,-4.505260255972421e-05,0.0,-6.95469499975258e-05,-2.548415983465557e-05,0.0,3.2559548098079304e-05
705,7.050199799938127,hold,0.1561048229910114,5.578511537121613e-05,3.9781001396477222,9.954700013622642,11293.6,0.0,0.15,3.0,0.0004,15.0,0.01,-0.034178160036232655,0.0,0.20740850141246023,-0.03417632102871501,0.0,0.2072524074221454,0.0,0.0,0.0,0.5915190329144393,0.0,0.14009252226189825,-0.5880337699919882,0.0,-0.16563759021151395,0.4211692715269233,0.0,0.10947507527023272,0.47281056666289734,-2.252099356677598,-2.014106292439834,-0.11807001472253308,0.1329619284144275,0.03919754085973676,-0.06456,0.07263,0.02152,4.314865332073543e-05,0.0,0.00017832732835753202,-4.4987660838378195e-05,0.0,-2.2233338042705836e-05
706,7.06021389993839,hold,0.1561048229910114,3.446032712004655e-05,3.9911000058054924,10.01410000026226,11293.6,0.0,0.15,3.0,0.0004,15.0,0.01,-0.034178160036232655,0.0,0.20740850141246023,-0.03417632102871501,0.0,0.2072524074221454,0.0,0.0,0.0,0.5884819366063927,0.0,0.1275336362582845,-0.5859257303142777,0.0,-0.15569087466931922,0.41809861306107987,0.0,0.1034957146982191,0.47281056666289734,-2.252099356677598,-2.014106292439834,-0.11880030708400866,0.1320717021269111,0.038833297760155955,-0.06725,0.07263,0.02152,2.989728813258569e-05,0.0,0.00014106936585788274,-3.1736295650228456e-05,0.0,1.502462445694344e-05
707,7.070122699951753,hold,0.1561048229910114,2.0816509750135564e-05,4.049599869176745,9.908800013363361,11293.6,0.0,0.15,3.0,0.0004,15.0,0.01,-0.034178160036232655,0.0,0.20740850141246023,-0.03417632102871501,0.0,0.2072524074221454,0.0,0.0,0.0,0.5863741111960982,0.0,0.11758752316587727,-0.5845855815493094,0.0,-0.1479028370128771,0.41587314893532856,0.0,0.09878312637524764,0.47281056666289734,-2.252099356677598,-2.014106292439834,-0.11934709080558735,0.13137881303255364,0.03853134419383375,-0.06725,0.07263,0.024210000000000002,1.90066696516382e-05,0.0,0.000110453900969725,-2.0845677169280964e-05,0.0,4.5640089345101186e-05
708,7.080129399895668,hold,0.1561048229910114,1.253771079690213e-05,3.9902999997138977,10.00669994391501,11293.6,0.0,0.15,3.0,0.0004,15.0,0.01,-0.034178160036232655,0.0,0.20740850141246023,-0.03417632102871501,0.0,0.2072524074221454,0.0,0.0,0.0,0.5850341455126499,0.0,0.1098000001840186,-0.5838500309469822,0.0,-0.1418141509721847,0.4143460447028482,0.0,0.09511711474002145,0.47281056666289734,-2.252099356677598,-2.014106292439834,-0.11974225217612407,0.1308489627912419,0.03828084656905429,-0.06725,0.06725,0.01614,1.0431951792177983e-05,0.0,8.635283426218282e-05,-1.2270959309820748e-05,0.0,6.974115605264336e-05
709,7.090118899941444,hold,0.1561048229910114,7.741533929783508e-06,4.002599976956844,9.989500045776367,11293.6,0.0,0.15,3.0,0.0004,15.0,0.01,-0.034178160036232655,0.0,0.20740850141246023,-0.03417632102871501,0.0,0.2072524074221454,0.0,0.0,0.0,0.5842987390412421,0.0,0.10371171925382254,-0.5835691425348121,0.0,-0.13700315279205003,0.41336875878084783,0.0,0.09227497590885943,0.47281056666289734,-2.252099356677598,-2.014106292439834,-0.12001804581410919,0.13044746081067732,0.03807085052157295,-0.06994,0.07263,0.02152,3.983701958056449e-06,0.0,6.823201684375043e-05,-5.822709475699215e-06,0.0,8.786197347107575e-05
710,7.100133500061929,hold,0.1561048229910114,5.073036877146927e-06,3.9917000103741884,10.014600120484829,11293.6,0.0,0.15,3.0,0.0004,15.0,0.01,-0.034178160036232655,0.0,0.20740850141246023,-0.03417632102871501,0.0,0.2072524074221454,0.0,0.0,0.0,0.5840179590085666,0.0,0.09890102564073079,-0.583612173827527,0.0,-0.13310222226981716,0.4128049161613055,0.0,0.09005227821478291,0.47281056666289734,-2.252099356677598,-2.014106292439834,-0.1202040830208445,0.1301424618272546,0.037891302054079076,-0.06456,0.07532,0.02152,-6.102916233589951e-07,0.0,5.532497563568887e-05,-1.2287158942837705e-06,0.0,0.00010076901467913731
711,7.1101476000621915,hold,0.1561048229910114,3.6462584707208505e-06,3.9689000695943832,10.01410000026226,11293.6,0.0,0.15,3.0,0.0004,15.0,0.01,-0.034178160036232655,0.0,0.20740850141246023,-0.03417632102871501,0.0,0.2072524074221454,0.0,0.0,0.0,0.5840610675081487,0.0,0.09500031203470853,-0.5838701212553719,0.0,-0.1298049144988272,0.4125356060467914,0.0,0.08827079211016926,0.47281056666289734,-2.252099356677598,-2.014106292439834,-0.12032618202675374,0.1299062015269247,0.03773343694591557,-0.06187,0.07263,0.01614,-3.6583412802334618e-06,0.0,4.676409155551134e-05,1.8193337625906962e-06,0.0,0.00010932989875931484
712,7.120133700082079,hold,0.1561048229910114,2.9277651848693604e-06,3.9967000484466553,9.98610001988709,11293.6,0.0,0.15,3.0,0.0004,15.0,0.01,-0.034178160036232655,0.0,0.20740850141246023,-0.03417632102871501,0.0,0.2072524074221454,0.0,0.0,0.0,0.5843190661550609,0.0,0.09170314811975251,-0.5842559083486569,0.0,-0.12686646867266965,0.4124616943517815,0.0,0.08678194753893735,0.47281056666289734,-2.252099356677598,-2.014106292439834,-0.12040586629769265,0.12971553539028266,0.03758995032034313,-0.06994,0.07263,0.024210000000000002,-5.471428269464433e-06,0.0,4.1674529400719464e-05,3.6324207518216674e-06,0.0,0.00011441946091410672
713,7.130047200014815,hold,0.1561048229910114,2.617946036753031e-06,4.1772001422941685,9.913499932736158,11293.6,0.0,0.15,3.0,0.0004,15.0,0.01,-0.034178160036232655,0.0,0.20740850141246023,-0.03417632102871501,0.0,0.2072524074221454,0.0,0.0,0.0,0.5847048837086843,0.0,0.08876478779947289,-0.584702998385268,0.0,-0.12409989161619314,0.4125039927927723,0.0,0.08546708041279558,0.47281056666289734,-2.252099356677598,-2.014106292439834,-0.12046032814326389,0.12955197729678716,0.0374550084095476,-0.06994,0.07532,0.01614,-6.3408577111254855e-06,0.0,3.923699931887209e-05,4.50185019348272e-06,0.0,0.00011685699099595409
714,7.140054499963298,hold,0.1561048229910114,2.555786603217829e-06,4.910599905997515,10.007299948483706,11293.6,0.0,0.15,3.0,0.0004,15.0,0.01,-0.034178160036232655,0.0,0.20740850141246023,-0.03417632102871501,0.0,0.2072524074221454,0.0,0.0,0.0,0.5851519883446022,0.0,0.08599825167347647,-0.5851630583248183,0.0,-0.12136937799021094,0.4126019955089928,0.0,0.08423553367524286,0.47281056666289734,-2.252099356677598,-2.014106292439834,-0.12050270327072471,0.12940140387081098,0.037324154905539614,-0.06994,0.07263,0.01883,-6.5248034543331455e-06,0.0,3.872552945237077e-05,4.68579593669038e-06,0.0,0.00011736846086245541
715,7.1501213000155985,hold,0.1561048229910114,2.653608886022188e-06,4.571900004521012,10.066800052300096,11293.6,0.0,0.15,3.0,0.0004,15.0,0.01,-0.034178160036232655,0.0,0.20740850141246023,-0.03417632102871501,0.0,0.2072524074221454,0.0,0.0,0.0,0.5856120513628265,0.0,0.08326774660745093,-0.5856031549590708,0.0,-0.11858241878516573,0.41271175325687914,0.0,0.08302146717458009,0.47281056666289734,-2.252099356677598,-2.014106292439834,-0.12054253252389113,0.129253557644387,0.03719415389262676,-0.06725,0.06994,0.01883,-6.2416737310741615e-06,0.0,3.952606928988012e-05,4.402666213431396e-06,0.0,0.00011656792102494606
716,7.1600530000869185,hold,0.1561048229910114,2.8581943599092246e-06,4.352800082415342,9.931700071319938,11293.6,0.0,0.15,3.0,0.0004,15.0,0.01,-0.034178160036232655,0.0,0.20740850141246023,-0.03417632102871501,0.0,0.2072524074221454,0.0,0.0,0.0,0.5860521432266882,0.0,0.08048077391442818,-0.5860028343336572,0.0,-0.11568158451253693,0.41280332251860247,0.0,0.08178003162921028,0.47281056666289734,-2.252099356677598,-2.014106292439834,-0.12058631586091552,0.12910145112235602,0.03706280157276203,-0.06994,0.07532,0.01883,-5.668455650531422e-06,0.0,4.1141103267970216e-05,3.829448132888657e-06,0.0,0.00011495288704685596
717,7.17010509991087,hold,0.1561048229910114,3.131004954291937e-06,4.26580011844635,10.052099823951721,11293.6,0.0,0.15,3.0,0.0004,15.0,0.01,-0.034178160036232655,0.0,0.20740850141246023,-0.03417632102871501,0.0,0.2072524074221454,0.0,0.0,0.0,0.5864518129568588,0.0,0.077579912468914,-0.5863513251965984,0.0,-0.11263665939337188,0.4128581087414152,0.0,0.08048338490894841,0.47281056666289734,-2.252099356677598,-2.014106292439834,-0.12063808927257279,0.12894074625386728,0.0369287302878737,-0.06725,0.07263,0.01614,-4.942474210088482e-06,0.0,4.3184672751843165e-05,3.1034666924457163e-06,0.0,0.00011290931756298302
718,7.180116500006989,hold,0.1561048229910114,3.440183993829239e-06,4.034699872136116,10.01140009611845,11293.6,0.0,0.15,3.0,0.0004,15.0,0.01,-0.034178160036232655,0.0,0.20740850141246023,-0.03417632102871501,0.0,0.2072524074221454,0.0,0.0,0.0,0.5868002916096435,0.0,0.0745349529793154,-0.5866450175117155,0.0,-0.10943755064162103,0.4128663226094096,0.0,0.07911687850914767,0.47281056666289734,-2.252099356677598,-2.014106292439834,-0.12069997712290063,0.1287691603930654,0.03679122095069422,-0.06725,0.07532,0.02152,-4.165293405159674e-06,0.0,4.537138324761192e-05,2.326285887516908e-06,0.0,0.00011072260706721426
719,7.190132499905303,hold,0.1561048229910114,3.7586268628693825e-06,4.162299912422895,10.015999898314476,11293.6,0.0,0.15,3.0,0.0004,15.0,0.01,-0.034178160036232655,0.0,0.20740850141246023,-0.03417632102871501,0.0,0.2072524074221454,0.0,0.0,0.0,0.5870939708558262,0.0,0.07133580745623813,-0.5868852971879172,0.0,-0.10608820051572905,0.4128246866572661,0.0,0.07767561982270497,0.47281056666289734,-2.252099356677598,-2.014106292439834,-0.12077269010847672,0.12858593078382513,0.036650033984190394,-0.06456,0.06725,0.02152,-3.407768263454884e-06,0.0,4.750218263418297e-05,1.5687607458121186e-06,0.0,0.00010859180768064321
720,7.200120599940419,hold,0.1561048229910114,4.0643875848318375e-06,3.9556999690830708,9.988100035116076,11293.6,0.0,0.15,3.0,0.0004,15.0,0.01,-0.034178160036232655,0.0,0.20740850141246023,-0.03417632102871501,0.0,0.2072524074221454,0.0,0.0,0.0,0.5873342377950665,0.0,0.06798642150328545,-0.5870767662526957,0.0,-0.10260158290668037,0.41273446598222246,0.0,0.07616152058556368,0.47281056666289734,-2.252099356677598,-2.014106292439834,-0.12085595283021613,0.12839135476788088,0.03650526418830963,-0.06187,0.07801000000000001,0.01614,-2.7155114102873146e-06,0.0,4.9448979717067244e-05,8.76503892644549e-07,0.0,0.00010664501059775894
721,7.210121100069955,hold,0.1561048229910114,4.341384749695793e-06,4.894499899819493,10.000500129535794,11293.6,0.0,0.15,3.0,0.0004,15.0,0.01,-0.034178160036232655,0.0,0.20740850141246023,-0.03417632102871501,0.0,0.2072524074221454,0.0,0.0,0.0,0.5875256952212938,0.0,0.06449977116374105,-0.5872258412643073,0.0,-0.09899576387489295,0.4125998495949735,0.0,0.07458087113436651,0.47281056666289734,-2.252099356677598,-2.014106292439834,-0.1209488552216524,0.128186411895446,0.03635722147598766,-0.06725,0.07532,0.01614,-2.114257441473728e-06,0.0,5.1139554766064886e-05,2.752499238309625e-07,0.0,0.0001049544355487613
722,7.220822900068015,hold,0.1961059526721933,0.0001511183877981243,4.832499893382192,10.701799998059869,11293.6,0.0,0.15,3.0,0.0004,15.0,0.01,-0.034129256021602314,0.0,0.20706203297591128,-0.03417632102871501,0.0,0.2072524074221454,0.0,0.0,0.0,0.5757329655151189,0.0,0.14549750767789632,-0.5838494062167733,0.0,-0.12001848610024132,0.41131830695458027,0.0,0.11196020516537263,0.47281056666289734,-2.2536333374654833,-2.015640273227719,-0.11926296820617448,0.13298263963350043,0.04603522352356416,-0.06725,0.06725,0.02152,4.7886314733281885e-05,0.0,-0.0002981549115741519,-8.213076205836533e-07,0.0,0.00010778046534002576
723,7.230059700086713,hold,0.1561048229910114,5.6363726257350864e-05,4.572100006043911,9.236800018697977,11293.6,0.0,0.15,3.0,0.0004,15.0,0.01,-0.034178160036232655,0.0,0.20740850141246023,-0.03417632102871501,0.0,0.2072524074221454,0.0,0.0,0.0,0.5843023051561395,0.0,0.08188836533487405,-0.5852263018050126,0.0,-0.10708808249822101,0.41169718032516894,0.0,0.08228985407092543,0.47281056666289734,-2.252099356677598,-2.014106292439834,-0.12072638103277865,0.1291159604722814,0.03719841700147342,-0.06725,0.07263,0.024210000000000002,-1.9527831741186905e-05,0.0,0.00018338554356818435,1.768882422354414e-05,0.0,-2.7291553253358172e-05
724,7.2400571999605745,hold,0.1561048229910114,3.627406845459724e-05,4.163199802860618,9.99749987386167,11293.6,0.0,0.15,3.0,0.0004,15.0,0.01,-0.034178160036232655,0.0,0.20740850141246023,-0.03417632102871501,0.0,0.2072524074221454,0.0,0.0,0.0,0.5856755072934208,0.0,0.06898406245941072,-0.5862141038510321,0.0,-0.09670316783888598,0.41166009138846643,0.0,0.07649075673370738,0.47281056666289734,-2.252099356677598,-2.014106292439834,-0.12099965844678434,0.12838456576494675,0.03662036234708365,-0.06725,0.07263,0.02152,-1.4009509735546816e-05,0.0,0.00014728412803864828,1.217050221790405e-05,0.0,8.809862276177899e-06
725,7.250148500083014,hold,0.1561048229910114,2.283528458079092e-05,4.221499897539616,10.091300122439861,11293.6,0.0,0.15,3.0,0.0004,15.0,0.01,-0.034178160036232655,0.0,0.20740850141246023,-0.03417632102871501,0.0,0.2072524074221454,0.0,0.0,0.0,0.5866632226292507,0.0,0.05859971178911046,-0.5868790312885501,0.0,-0.0884530935819348,0.41154883773519807,0.0,0.07181510696432081,0.47281056666289734,-2.252099356677598,-2.014106292439834,-0.12123202671128402,0.12779121167254792,0.036160510978465454,-0.06456,0.07532,0.024210000000000002,-9.430338241227324e-06,0.0,0.00011700673843254871,7.591330723584558e-06,0.0,3.9087251882277473e-05
726,7.260125699918717,hold,0.1561048229910114,1.4289481105475798e-05,4.099700134247541,9.977199835702777,11293.6,0.0,0.15,3.0,0.0004,15.0,0.01,-0.034178160036232655,0.0,0.20740850141246023,-0.03417632102871501,0.0,0.2072524074221454,0.0,0.0,0.0,0.587328073082288,0.0,0.050350146563679185,-0.5872872445386973,0.0,-0.08191843174991689,0.4113773234607941,0.0,0.06809147327658498,0.47281056666289734,-2.252099356677598,-2.014106292439834,-0.12142934568296496,0.12731495011545763,0.03580062803508137,-0.06456,0.07532,0.01614,-5.78948740302879e-06,0.0,9.267788918140448e-05,3.9504798853860246e-06,0.0,6.34161011334217e-05
727,7.270118999993429,hold,0.07964610943638345,3.3175961476194193e-05,4.084999905899167,9.993300074711442,11293.6,0.0,0.15,3.0,0.0004,15.0,0.01,-0.03424685779110939,0.0,0.20721542002024596,-0.03417632102871501,0.0,0.2072524074221454,0.0,0.0,0.0,0.6045114221205218,0.0,0.09096413593458998,-0.5924032803197239,0.0,-0.09048313036200116,0.4266866155391505,0.0,0.08841412258457834,0.47281056666289734,-2.2536333374654833,-2.014106292439834,-0.11794789241418914,0.13086200655064453,0.03650717186493764,-0.06725,0.07263,0.01883,-7.255821484731173e-05,0.0,-0.00012146890064818565,2.0214524529319454e-06,0.0,8.448149874873916e-05
728,7.280128800077364,hold,0.1561048229910114,3.013628566468607e-05,4.783000098541379,10.00980008393526,11293.6,0.0,0.15,3.0,0.0004,15.0,0.01,-0.034178160036232655,0.0,0.20740850141246023,-0.03417632102871501,0.0,0.2072524074221454,0.0,0.0,0.0,0.5928466115965139,0.0,0.05236515956461528,-0.5906618226553905,0.0,-0.0811356075780015,0.4153609072613768,0.0,0.06943677640612028,0.47281056666289734,-2.252099356677598,-2.014106292439834,-0.12077801614957369,0.12766302175679084,0.035630903766725765,-0.06994,0.06994,0.024210000000000002,2.4698236049249533e-05,0.0,0.00013257131018647622,-2.65372435668923e-05,0.0,2.3522680128349957e-05
729,7.290117499884218,hold,0.1561048229910114,1.801072514601165e-05,4.006000002846122,9.988699806854129,11293.6,0.0,0.15,3.0,0.0004,15.0,0.01,-0.034178160036232655,0.0,0.20740850141246023,-0.03417632102871501,0.0,0.2072524074221454,0.0,0.0,0.0,0.5911102993257321,0.0,0.04303242288941976,-0.5893417680695657,0.0,-0.07390445059391673,0.4134402675305512,0.0,0.06503334031897191,0.47281056666289734,-2.252099356677598,-2.014106292439834,-0.12126543767028289,0.12702271554550068,0.035336618660431626,-0.06725,0.07263,0.01614,1.8721683809105703e-05,0.0,0.00010255593676488674,-2.056069132674847e-05,0.0,5.353805354993944e-05
730,7.300114199984819,hold,0.1561048229910114,1.074545522352275e-05,4.117600154131651,9.99670010060072,11293.6,0.0,0.15,3.0,0.0004,15.0,0.01,-0.034178160036232655,0.0,0.20740850141246023,-0.03417632102871501,0.0,0.2072524074221454,0.0,0.0,0.0,0.5897903367114715,0.0,0.03580174652179876,-0.5883952475836816,0.0,-0.06830619509417667,0.41196975761762117,0.0,0.061623651329216586,0.47281056666289734,-2.252099356677598,-2.014106292439834,-0.12164039175168095,0.12652765967793123,0.03510747086781155,-0.06725,0.06994,0.01614,1.3424033707282485e-05,0.0,7.939729953154764e-05,-1.526304122492525e-05,0.0,7.669669078327855e-05
731,7.310114699881524,hold,0.1561048229910114,6.581246563282062e-06,4.16940008290112,10.00049989670515,11293.6,0.0,0.15,3.0,0.0004,15.0,0.01,-0.034178160036232655,0.0,0.20740850141246023,-0.03417632102871501,0.0,0.2072524074221454,0.0,0.0,0.0,0.5888439052994571,0.0,0.03020388030973439,-0.5877647710242732,0.0,-0.06390775912239274,0.4108836723059902,0.0,0.058989716882819766,0.47281056666289734,-2.252099356677598,-2.014106292439834,-0.12192266324893818,0.12614747415051558,0.03492664642563281,-0.06725,0.06456,0.01614,8.941738410704589e-06,0.0,6.238085030922171e-05,-1.0780745928347354e-05,0.0,9.371314000560447e-05
732,7.320127200102434,hold,0.1561048229910114,4.291286871072647e-06,3.9717000909149647,10.012500220909715,11293.6,0.0,0.15,3.0,0.0004,15.0,0.01,-0.034178160036232655,0.0,0.20740850141246023,-0.03417632102871501,0.0,0.2072524074221454,0.0,0.0,0.0,0.5882135040904013,0.0,0.025805730332231318,-0.5873904351200613,0.0,-0.06033932343654441,0.4101088924765638,0.0,0.05692896162094363,0.47281056666289734,-2.252099356677598,-2.014106292439834,-0.12213242165872563,0.12585338624467757,0.034779442370382954,-0.06725,0.07263,0.01614,5.30902169675902e-06,0.0,5.060936518912341e-05,-7.148029214401785e-06,0.0,0.00010548462512570277
733,7.330489400075749,hold,0.1561048229910114,3.0924630218651066e-06,3.649699967354536,10.362199973315,11293.6,0.0,0.15,3.0,0.0004,15.0,0.01,-0.034178160036232655,0.0,0.20740850141246023,-0.03417632102871501,0.0,0.2072524074221454,0.0,0.0,0.0,0.5878392292506196,0.0,0.022237492468190626,-0.5872148679524428,0.0,-0.05729850689567093,0.409575486726308,0.0,0.05526758446055358,0.47281056666289734,-2.252099356677598,-2.014106292439834,-0.12228803624429574,0.1256203871227352,0.03465379437727205,-0.06725,0.07263,0.01883,2.489982637619239e-06,0.0,4.312640281020154e-05,-4.328990155262005e-06,0.0,0.00011296758750462464
734,7.340500199934468,hold,0.1561048229910114,2.5211473243442994e-06,3.721199929714203,10.01079985871911,11293.6,0.0,0.15,3.0,0.0004,15.0,0.01,-0.034178160036232655,0.0,0.20740850141246023,-0.03417632102871501,0.0,0.2072524074221454,0.0,0.0,0.0,0.587663709466657,0.0,0.019196801659885694,-0.5871863319496511,0.0,-0.05454848368311843,0.40922045402919444,0.0,0.05386283569997923,0.47281056666289734,-2.252099356677598,-2.014106292439834,-0.12240541731156555,0.1254276863402779,0.034540218788375265,-0.06994,0.07263,0.01883,4.0471206810693014e-07,0.0,3.900222430646078e-05,-2.2437195857496957e-06,0.0,0.0001170917660083654
735,7.350125599885359,hold,0.1561048229910114,2.3184666118771425e-06,3.9941999129951,9.625399950891733,11293.6,0.0,0.15,3.0,0.0004,15.0,0.01,-0.034178160036232655,0.0,0.20740850141246023,-0.03417632102871501,0.0,0.2072524074221454,0.0,0.0,0.0,0.5876352085112585,0.0,0.016446847723158454,-0.5872603922412117,0.0,-0.05191221455633236,0.40898973190320415,0.0,0.05260239289298863,0.47281056666289734,-2.252099356677598,-2.014106292439834,-0.12249774800513157,0.12525872343675268,0.03443159660203621,-0.06994,0.06994,0.01883,-1.0503606262182002e-06,0.0,3.738890615387663e-05,-7.886468914245654e-07,0.0,0.00011870508416094955
736,7.360154299996793,hold,0.1561048229910114,2.343342637375182e-06,4.145900020375848,10.028700111433864,11293.6,0.0,0.15,3.0,0.0004,15.0,0.01,-0.034178160036232655,0.0,0.20740850141246023,-0.03417632102871501,0.0,0.2072524074221454,0.0,0.0,0.0,0.587709293255943,0.0,0.013810605671118581,-0.5874005189745515,0.0,-0.04926449999265125,0.40883891116606513,0.0,0.0514018488536912,0.47281056666289734,-2.252099356677598,-2.014106292439834,-0.12257549458913132,0.12510088391684623,0.034322867217191536,-0.06994,0.06994,0.01883,-1.987348419498175e-06,0.0,3.7551231146272485e-05,1.483409018554092e-07,0.0,0.0001185427591685537
737,7.37034250004217,hold,0.07964610943638345,4.9222660651410284e-05,3.984399838373065,10.188200045377016,11293.6,0.0,0.15,3.0,0.0004,15.0,0.01,-0.03424685779110939,0.0,0.20721542002024596,-0.03417632102871501,0.0,0.2072524074221454,0.0,0.0,0.0,0.604624632720861,0.0,0.05831113059166631,-0.592480918980801,0.0,-0.06030340925628462,0.4242392034286348,0.0,0.07347204920769533,0.47281056666289734,-2.2536333374654833,-2.014106292439834,-0.11900043686458986,0.12887137385329606,0.03519963542440538,-0.06187,0.06994,0.02152,-7.205281021114518e-05,0.0,-0.00015655941129285184,1.5160478167654029e-06,0.0,0.00011957200939340535
738,7.380044899880886,hold,0.07964610943638345,1.4804269581365775e-05,4.119900055229664,9.702399838715792,11293.6,0.0,0.15,3.0,0.0004,15.0,0.01,-0.03424685779110939,0.0,0.20721542002024596,-0.03417632102871501,0.0,0.2072524074221454,0.0,0.0,0.0,0.6096994388156253,0.0,0.06933427031982171,-0.5957633464931823,0.0,-0.06610327807980637,0.4286148547706289,0.0,0.0789117958039569,0.47281056666289734,-2.2536333374654833,-2.014106292439834,-0.11810251450147356,0.12975179533004605,0.03540876952382335,-0.06725,0.06994,0.01883,-4.655305217906395e-05,0.0,-8.225668196927115e-05,-2.398371021531583e-05,0.0,4.526928006982466e-05
739,7.390084099955857,hold,0.1561048229910114,4.9168027983071366e-05,4.008300136774778,10.039200074970722,11293.6,0.0,0.15,3.0,0.0004,15.0,0.01,-0.034178160036232655,0.0,0.20740850141246023,-0.03417632102871501,0.0,0.2072524074221454,0.0,0.0,0.0,0.5962062492458133,0.0,0.02798467190380327,-0.5928460056735985,0.0,-0.0543137400697059,0.4158217685163787,0.0,0.05853906566710709,0.47281056666289734,-2.252099356677598,-2.014106292439834,-0.12121308708262991,0.12631239065202493,0.03450406593564892,-0.06187,0.07532,0.01883,4.1375207490774084e-05,0.0,0.00016720520897446994,-4.321421500841685e-05,0.0,-1.1111218659643759e-05
740,7.400100700091571,hold,0.1561048229910114,3.007818603867502e-05,4.050200106576085,10.016600135713816,11293.6,0.0,0.15,3.0,0.0004,15.0,0.01,-0.034178160036232655,0.0,0.20740850141246023,-0.03417632102871501,0.0,0.2072524074221454,0.0,0.0,0.0,0.5932942021132117,0.0,0.016209973095759084,-0.5908671470588267,0.0,-0.04502295556575961,0.41289802927136493,0.0,0.05292810667808413,0.47281056666289734,-2.252099356677598,-2.014106292439834,-0.12190463673506452,0.1254751160325569,0.03416549559036561,-0.06994,0.06994,0.01345,2.806517676353195e-05,0.0,0.00013176661911503247,-2.9904184281174715e-05,0.0,2.4327371199793708e-05
741,7.410114200087264,hold,0.1561048229910114,1.8074503479637034e-05,4.054900025948882,10.013499995693564,11293.6,0.0,0.15,3.0,0.0004,15.0,0.01,-0.034178160036232655,0.0,0.20740850141246023,-0.03417632102871501,0.0,0.2072524074221454,0.0,0.0,0.0,0.5913155587478199,0.0,0.00691976044501173,-0.5896500129819696,0.0,-0.037760580260264555,0.41081251116097284,0.0,0.04852553865883623,0.47281056666289734,-2.252099356677598,-2.014106292439834,-0.12241640508403104,0.12482751922970017,0.03388389977773989,-0.06994,0.06725,0.01614,1.7262012938631135e-05,0.0,0.00010299869083640046,-1.91010204562739e-05,0.0,5.309529947842572e-05
742,7.4200981999747455,hold,0.1561048229910114,1.0905698087362578e-05,4.020000109449029,9.983999887481332,11293.6,0.0,0.15,3.0,0.0004,15.0,0.01,-0.034178160036232655,0.0,0.20740850141246023,-0.03417632102871501,0.0,0.2072524074221454,0.0,0.0,0.0,0.5900986062789233,0.0,-0.0003421312518040161,-0.5890249064194315,0.0,-0.03207495487271399,0.4094110798806489,0.0,0.04510946875331101,0.47281056666289734,-2.252099356677598,-2.014106292439834,-0.12278143650735089,0.12433476070274,0.03364883284829883,-0.06456,0.06994,0.01883,8.865578390853452e-06,0.0,8.063642360383238e-05,-1.0704585908496217e-05,0.0,7.54575667109938e-05
743,7.430110699962825,hold,0.1561048229910114,6.812684196763427e-06,4.083199892193079,10.012499988079071,11293.6,0.0,0.15,3.0,0.0004,15.0,0.01,-0.034178160036232655,0.0,0.20740850141246023,-0.03417632102871501,0.0,0.2072524074221454,0.0,0.0,0.0,0.5894736408476986,0.0,-0.006027380763553938,-0.5888385130343257,0.0,-0.027557952537505485,0.40854133922087005,0.0,0.04246021100795679,0.47281056666289734,-2.252099356677598,-2.014106292439834,-0.12303241639311736,0.12396235662339654,0.033449937365854,-0.06456,0.06994,0.01883,2.643525546241889e-06,0.0,6.406241862485583e-05,-4.482533063884655e-06,0.0,9.203157168997035e-05
744,7.4401191000360996,hold,0.1561048229910114,4.566947710389074e-06,4.033199977129698,10.00840007327497,11293.6,0.0,0.15,3.0,0.0004,15.0,0.01,-0.034178160036232655,0.0,0.20740850141246023,-0.03417632102871501,0.0,0.2072524074221454,0.0,0.0,0.0,0.5892873520376963,0.0,-0.010544104536527333,-0.5889589507512641,0.0,-0.02385844745067213,0.4080656091225046,0.0,0.040379269177492946,0.47281056666289734,-2.252099356677598,-2.014106292439834,-0.12319887498393305,0.12367915004124122,0.033277853628562976,-0.06725,0.06725,0.02152,-1.7081088005192273e-06,0.0,5.2468257926318365e-05,-1.3089871712353827e-07,0.0,0.00010362573238850782
745,7.450362700037658,hold,0.1561048229910114,3.3858871890799773e-06,3.683999879285693,10.243600001558661,11293.6,0.0,0.15,3.0,0.0004,15.0,0.01,-0.034178160036232655,0.0,0.20740850141246023,-0.03417632102871501,0.0,0.2072524074221454,0.0,0.0,0.0,0.5894078628860205,0.0,-0.014243414777642589,-0.5892776390259146,0.0,-0.02068731210968772,0.4078654537855757,0.0,0.03869587376313596,0.47281056666289734,-2.252099356677598,-2.014106292439834,-0.12330621576273099,0.12345833669652732,0.03312452837502913,-0.06994,0.06994,0.01614,-4.519798783886029e-06,0.0,4.497465014501499e-05,2.6807912662432637e-06,0.0,0.00011111934016981119
746,7.46003509988077,hold,0.1561048229910114,2.8092788363541007e-06,4.0628002025187016,9.672399843111634,11293.6,0.0,0.15,3.0,0.0004,15.0,0.01,-0.034178160036232655,0.0,0.20740850141246023,-0.03417632102871501,0.0,0.2072524074221454,0.0,0.0,0.0,0.5897265984056049,0.0,-0.017414424203145065,-0.5897089310621295,0.0,-0.017816454452373467,0.4078433613171375,0.0,0.03726941095017054,0.47281056666289734,-2.252099356677598,-2.014106292439834,-0.12337535485470655,0.12327784604929784,0.03298332970596599,-0.07263,0.06994,0.01345,-6.116802455071708e-06,0.0,4.0715959702232295e-05,4.277794937428942e-06,0.0,0.00011537803061259389
747,7.470068299910054,hold,0.1561048229910114,2.5836671005362002e-06,4.022500012069941,10.033200029283762,11293.6,0.0,0.15,3.0,0.0004,15.0,0.01,-0.034178160036232655,0.0,0.20740850141246023,-0.03417632102871501,0.0,0.2072524074221454,0.0,0.0,0.0,0.5901579172692762,0.0,-0.020285210320308673,-0.5901882885035412,0.0,-0.015073970588251058,0.40792241420756953,0.0,0.03598895314232946,0.47281056666289734,-2.252099356677598,-2.014106292439834,-0.12342279144573341,0.12312026741493015,0.03284902524518418,-0.06725,0.07263,0.01345,-6.798490415489653e-06,0.0,3.8895297442260966e-05,4.959482897846887e-06,0.0,0.00011719869287256522
748,7.480039000045508,hold,0.1561048229910114,2.5741241470689193e-06,4.057399928569794,9.970700135454535,11293.6,0.0,0.15,3.0,0.0004,15.0,0.01,-0.034178160036232655,0.0,0.20740850141246023,-0.03417632102871501,0.0,0.2072524074221454,0.0,0.0,0.0,0.5906372861538234,0.0,-0.02302766362178861,-0.5906696158402583,0.0,-0.012337056918414996,0.4080446507059517,0.0,0.03477090059918156,0.47281056666289734,-2.252099356677598,-2.014106292439834,-0.12346095905372241,0.12297247965698126,0.03271767115176925,-0.06994,0.06725,0.01345,-6.826428470052948e-06,0.0,3.881629812109342e-05,4.987420952410182e-06,0.0,0.00011727769219373276
749,7.490149599965662,hold,0.1561048229910114,2.706186250229781e-06,4.0258001536130905,10.110599920153618,11293.6,0.0,0.15,3.0,0.0004,15.0,0.01,-0.034178160036232655,0.0,0.20740850141246023,-0.03417632102871501,0.0,0.2072524074221454,0.0,0.0,0.0,0.5911186139466819,0.0,-0.02576457599958353,-0.5911222216306865,0.0,-0.009523925789377424,0.40816867142427465,0.0,0.033555533602442816,0.47281056666289734,-2.252099356677598,-2.014106292439834,-0.12349873874682189,0.12282510991179252,0.03258644969137985,-0.06994,0.07263,0.01345,-6.419084929941014e-06,0.0,3.989725279314022e-05,4.580077412298248e-06,0.0,0.00011619673752168596
750,7.50015309988521,hold,0.1561048229910114,2.932699567536125e-06,3.9526999462395906,10.00349991954863,11293.6,0.0,0.15,3.0,0.0004,15.0,0.01,-0.034178160036232655,0.0,0.20740850141246023,-0.03417632102871501,0.0,0.2072524074221454,0.0,0.0,0.0,0.5915712128787801,0.0,-0.028577725328452055,-0.5915277419026412,0.0,-0.006585618111199022,0.4082669106706097,0.0,0.032303080201275924,0.47281056666289734,-2.252099356677598,-2.014106292439834,-0.12354204432072632,0.12267191630878252,0.03245348390975977,-0.06456,0.07263,0.01614,-5.751294220136738e-06,0.0,4.167257011599577e-05,3.912286702493973e-06,0.0,0.00011442142019883041
751,7.510096800047904,hold,0.1561048229910114,3.217871222083371e-06,3.983499947935343,9.943700162693858,11293.6,0.0,0.15,3.0,0.0004,15.0,0.01,-0.034178160036232655,0.0,0.20740850141246023,-0.03417632102871501,0.0,0.2072524074221454,0.0,0.0,0.0,0.5919767219167718,0.0,-0.031516062872088954,-0.5918772506466604,0.0,-0.0034983122785831084,0.40832287370866494,0.0,0.030989734015418092,0.47281056666289734,-2.252099356677598,-2.014106292439834,-0.12359441482199962,0.12250916287701935,0.0323176499079827,-0.06725,0.07263,0.01345,-4.956910315914606e-06,0.0,4.3785737530036136e-05,3.1179027982718404e-06,0.0,0.00011230825278479004
752,7.520114399958402,hold,0.1561048229910114,3.5314449149152054e-06,3.9872999768704176,10.017599910497665,11293.6,0.0,0.15,3.0,0.0004,15.0,0.01,-0.034178160036232655,0.0,0.20740850141246023,-0.03417632102871501,0.0,0.2072524074221454,0.0,0.0,0.0,0.5923262173010174,0.0,-0.03460340424350014,-0.5921686935889364,0.0,-0.00025649245691763706,0.4083285419495744,0.0,0.029603913545617935,0.47281056666289734,-2.252099356677598,-2.014106292439834,-0.1236575710804303,0.1223350323787788,0.032178400473472764,-0.06456,0.06456,0.01345,-4.133391658404082e-06,0.0,4.597713330876607e-05,2.2943841407613167e-06,0.0,0.00011011685700606011
753,7.53009260003455,hold,0.07964610943638345,4.47936205123323e-05,4.092199960723519,9.978200076147914,11293.6,0.0,0.15,3.0,0.0004,15.0,0.01,-0.03424685779110939,0.0,0.20721542002024596,-0.03417632102871501,0.0,0.2072524074221454,0.0,0.0,0.0,0.6093928433831154,0.0,0.009302981336713532,-0.5973076907615056,0.0,-0.010647429353912226,0.4237580592406595,0.0,0.05140155221158969,0.47281056666289734,-2.2536333374654833,-2.014106292439834,-0.12009220041629455,0.126071112821936,0.03302829689268555,-0.06994,0.06456,0.01345,-7.288386495064258e-05,0.0,-0.00014736953846825962,2.347102556262795e-06,0.0,0.00011038213656881313
754,7.540106100030243,hold,0.1561048229910114,2.564754502038499e-05,3.9522999431937933,10.013499995693564,11293.6,0.0,0.15,3.0,0.0004,15.0,0.01,-0.034178160036232655,0.0,0.20740850141246023,-0.03417632102871501,0.0,0.2072524074221454,0.0,0.0,0.0,0.5977510275552217,0.0,-0.027470106371790263,-0.5956802358285351,0.0,-0.0020280311439264936,0.4126397125268942,0.0,0.03328392619309015,0.47281056666289734,-2.252099356677598,-2.014106292439834,-0.12284997608803198,0.12299159474374724,0.03221750279643527,-0.06456,0.07263,0.01614,2.3081391478675175e-05,0.0,0.00012224467809511346,-2.492039899631794e-05,0.0,3.3849312219712724e-05
755,7.550547000020742,hold,0.1561048229910114,1.8115319157469183e-05,3.691100049763918,10.44089999049902,11293.6,0.0,0.15,3.0,0.0004,15.0,0.01,-0.034178160036232655,0.0,0.20740850141246023,-0.03417632102871501,0.0,0.2072524074221454,0.0,0.0,0.0,0.5961287397121248,0.0,-0.03607498023247856,-0.5945266714316845,0.0,0.005253125814601878,0.4108540219439232,0.0,0.029222274459197662,0.47281056666289734,-2.252099356677598,-2.014106292439834,-0.12330165450995031,0.12240035359515575,0.03194713914682647,-0.06725,0.06725,0.01345,1.636043548743605e-05,0.0,0.00010326506176778314,-1.8199443005078815e-05,0.0,5.282892854704304e-05
756,7.560528599889949,hold,0.1561048229910114,1.2841902268152573e-05,3.5685000475496054,9.981599869206548,11293.6,0.0,0.15,3.0,0.0004,15.0,0.01,-0.034178160036232655,0.0,0.20740850141246023,-0.03417632102871501,0.0,0.2072524074221454,0.0,0.0,0.0,0.5949752797921939,0.0,-0.04335584204021007,-0.5937699526159711,0.0,0.011413733206604972,0.40949518950695174,0.0,0.025802395140153124,0.47281056666289734,-2.252099356677598,-2.014106292439834,-0.12366056111389549,0.12190902756778771,0.03170843462566749,-0.06994,0.07532,0.01345,1.0732170133202907e-05,0.0,8.737285935267644e-05,-1.2571177650845673e-05,0.0,6.872113096214974e-05
757,7.570044500054792,hold,0.1561048229910114,9.292301879425773e-06,4.085399908944964,9.515900164842606,11293.6,0.0,0.15,3.0,0.0004,15.0,0.01,-0.034178160036232655,0.0,0.20740850141246023,-0.03417632102871501,0.0,0.2072524074221454,0.0,0.0,0.0,0.5942186556008464,0.0,-0.0495161822471322,-0.5933316415970556,0.0,0.016675366896722006,0.4084976541512148,0.0,0.022925657596263235,0.47281056666289734,-2.252099356677598,-2.014106292439834,-0.1239409475201726,0.12150226304906989,0.03149652060974255,-0.06994,0.06187,0.01614,6.2163492285099e-06,0.0,7.462315825687156e-05,-8.055356746152665e-06,0.0,8.147083205795462e-05
758,7.580196599941701,hold,0.1561048229910114,6.97882394759127e-06,3.954899962991476,10.152099886909127,11293.6,0.0,0.15,3.0,0.0004,15.0,0.01,-0.034178160036232655,0.0,0.20740850141246023,-0.03417632102871501,0.0,0.2072524074221454,0.0,0.0,0.0,0.5937804204898067,0.0,-0.0547776016235055,-0.5931377864268406,0.0,0.021246897495520913,0.40778998718896764,0.0,0.020484649596153176,0.47281056666289734,-2.252099356677598,-2.014106292439834,-0.12415833873815461,0.12116333805185922,0.031306097319805645,-0.06994,0.06725,0.01614,2.7493523680766458e-06,0.0,6.483576612166508e-05,-4.588359885719411e-06,0.0,9.12582241931611e-05
759,7.590098100015894,hold,0.1561048229910114,5.514854966697902e-06,3.9510000497102737,9.901500074192882,11293.6,0.0,0.15,3.0,0.0004,15.0,0.01,-0.034178160036232655,0.0,0.20740850141246023,-0.03417632102871501,0.0,0.2072524074221454,0.0,0.0,0.0,0.5935866235933893,0.0,-0.05934896771437513,-0.5931225084446948,0.0,0.025314369865845666,0.40730485606742495,0.0,0.018378129933592672,0.47281056666289734,-2.252099356677598,-2.014106292439834,-0.12432736895744431,0.12087649095733895,0.031132170037117247,-0.06994,0.06725,0.01614,2.1668009341833483e-07,0.0,5.768695661317411e-05,-2.0556876110611004e-06,0.0,9.840703370165207e-05
760,7.600115400040522,hold,0.1561048229910114,4.6203563532027486e-06,4.028500057756901,10.01730002462864,11293.6,0.0,0.15,3.0,0.0004,15.0,0.01,-0.034178160036232655,0.0,0.20740850141246023,-0.03417632102871501,0.0,0.2072524074221454,0.0,0.0,0.0,0.5935713881772814,0.0,-0.06341631993635091,-0.5932298235771654,0.0,0.029035868558839,0.40698228156264227,0.0,0.016515921898281927,0.47281056666289734,-2.252099356677598,-2.014106292439834,-0.12446107380973136,0.1206276824700329,0.030970290316421897,-0.06456,0.06456,0.02152,-1.5219976504152365e-06,0.0,5.2780182406389654e-05,-3.1700986722752914e-07,0.0,0.00010331380790843653
761,7.610484699951485,hold,0.07964610943638345,4.382634184417641e-05,3.5147001035511494,10.369299910962582,11293.6,0.0,0.15,3.0,0.0004,15.0,0.01,-0.03424685779110939,0.0,0.20721542002024596,-0.03417632102871501,0.0,0.2072524074221454,0.0,0.0,0.0,0.6104539295155714,0.0,-0.019989493920699812,-0.5983171448372253,0.0,0.01875977066472221,0.42222862613502643,0.0,0.03807149137630665,0.47281056666289734,-2.2536333374654833,-2.014106292439834,-0.12093459469764894,0.12432446078253458,0.03181173894232546,-0.06725,0.06994,0.01345,-7.215097094388476e-05,0.0,-0.00014574083347081602,1.6142085495049783e-06,0.0,0.00010875343157136952
762,7.620102999964729,hold,0.1561048229910114,2.4835771065421312e-05,3.977099899202585,9.618300013244152,11293.6,0.0,0.15,3.0,0.0004,15.0,0.01,-0.034178160036232655,0.0,0.20740850141246023,-0.03417632102871501,0.0,0.2072524074221454,0.0,0.0,0.0,0.598760469346868,0.0,-0.05687733366839713,-0.5967293767245188,0.0,0.02724424505130245,0.41108430336201957,0.0,0.0199059214109947,0.47281056666289734,-2.252099356677598,-2.014106292439834,-0.12369780597260152,0.12123836429314638,0.03099632843781254,-0.06187,0.07532,0.01614,2.251853286029171e-05,0.0,0.0001203311199837759,-2.4357540377934474e-05,0.0,3.5762870331050285e-05
763,7.630099599948153,hold,0.1561048229910114,1.6658335859459963e-05,4.030599957332015,9.996599983423948,11293.6,0.0,0.15,3.0,0.0004,15.0,0.01,-0.034178160036232655,0.0,0.20740850141246023,-0.03417632102871501,0.0,0.2072524074221454,0.0,0.0,0.0,0.5971778900992727,0.0,-0.06534722417846664,-0.5956733244833595,0.0,0.03423422081966692,0.4093365188831117,0.0,0.015909078066204185,0.47281056666289734,-2.252099356677598,-2.014106292439834,-0.12414088502730951,0.12065697956139201,0.0307295592555988,-0.06725,0.07263,0.01883,1.4977468626820152e-05,0.0,9.913538241062108e-05,-1.6816476144462918e-05,0.0,5.69586079042051e-05
764,7.640108400024474,hold,0.1561048229910114,1.1290277196677875e-05,4.10120002925396,10.008800076320767,11293.6,0.0,0.15,3.0,0.0004,15.0,0.01,-0.034178160036232655,0.0,0.20740850141246023,-0.03417632102871501,0.0,0.2072524074221454,0.0,0.0,0.0,0.596121956114793,0.0,-0.07233686756079794,-0.5950457243880017,0.0,0.0400201476866728,0.4080676935305219,0.0,0.012629928476359539,0.47281056666289734,-2.252099356677598,-2.014106292439834,-0.12447998017832976,0.12018740184049356,0.0304980718684871,-0.06994,0.06725,0.01076,8.900942938289736e-06,0.0,8.205895006911079e-05,-1.0739950455932501e-05,0.0,7.403504024571539e-05
765,7.650211799889803,hold,0.07964610943638345,3.3610197173916366e-05,4.290600074455142,10.103399865329266,11293.6,0.0,0.15,3.0,0.0004,15.0,0.01,-0.03424685779110939,0.0,0.20721542002024596,-0.03417632102871501,0.0,0.2072524074221454,0.0,0.0,0.0,0.6122696551607368,0.0,-0.030974265101411946,-0.5996515568089916,0.0,0.03109731746126182,0.42263932608851845,0.0,0.033182356951703934,0.47281056666289734,-2.2536333374654833,-2.014106292439834,-0.12110003508595334,0.12372725319253904,0.03129111870408191,-0.06994,0.06725,0.01883,-6.532225196553192e-05,0.0,-0.00012654810487106147,-5.214510428847865e-06,0.0,8.956070297161498e-05
766,7.660263699945062,hold,0.1561048229910114,2.982612161600644e-05,4.245999967679381,10.051900055259466,11293.6,0.0,0.15,3.0,0.0004,15.0,0.01,-0.034178160036232655,0.0,0.20740850141246023,-0.03417632102871501,0.0,0.2072524074221454,0.0,0.0,0.0,0.6000947665723607,0.0,-0.06921520297003017,-0.5977834936025269,0.0,0.040370326935249876,0.4110636711095035,0.0,0.014363014499071361,0.47281056666289734,-2.252099356677598,-2.014106292439834,-0.12395681890064965,0.12053994592425227,0.03044267825761287,-0.06725,0.06994,0.01345,2.6493820075633552e-05,0.0,0.00013151452462276757,-2.8332827593276318e-05,0.0,2.4579465692058615e-05
767,7.670419299975038,hold,0.1561048229910114,1.8473461007203248e-05,3.9788999129086733,10.155600029975176,11293.6,0.0,0.15,3.0,0.0004,15.0,0.01,-0.034178160036232655,0.0,0.20740850141246023,-0.03417632102871501,0.0,0.2072524074221454,0.0,0.0,0.0,0.5982319401944481,0.0,-0.07847349393837208,-0.5965998419133226,0.0,0.04772011276207867,0.40906096079470683,0.0,0.00998393665338612,0.47281056666289734,-2.252099356677598,-2.014106292439834,-0.12445525453967071,0.1198990214660319,0.03015710608692646,-0.06994,0.06725,0.01614,1.678714873108975e-05,0.0,0.0001042383911939255,-1.8626156248732517e-05,0.0,5.1855599120900674e-05
768,7.680420599877834,hold,0.1561048229910114,1.1494570417258621e-05,3.826499916613102,10.001299902796745,11293.6,0.0,0.15,3.0,0.0004,15.0,0.01,-0.034178160036232655,0.0,0.20740850141246023,-0.03417632102871501,0.0,0.2072524074221454,0.0,0.0,0.0,0.5970484431610975,0.0,-0.08582284518082321,-0.595954659889533,0.0,0.053556845701656655,0.4076760334664437,0.0,0.0065304154934926785,0.47281056666289734,-2.252099356677598,-2.014106292439834,-0.12481957431819213,0.11940229096151371,0.02991702623880926,-0.06994,0.06456,0.01614,9.15029876674428e-06,0.0,8.277950756460492e-05,-1.0989306284387046e-05,0.0,7.331448275022126e-05
769,7.6901070000603795,hold,0.07964610943638345,3.473026950939512e-05,4.079499980434775,9.686400182545185,11293.6,0.0,0.15,3.0,0.0004,15.0,0.01,-0.03424685779110939,0.0,0.20721542002024596,-0.03417632102871501,0.0,0.2072524074221454,0.0,0.0,0.0,0.6131785865020123,0.0,-0.04451097514086406,-0.6006170507838495,0.0,0.044476486695715314,0.422223117258635,0.0,0.027054617643515654,0.47281056666289734,-2.2536333374654833,-2.014106292439834,-0.12144490423642505,0.12293714808970355,0.030709905143636567,-0.06994,0.06994,0.01345,-6.612439292676009e-05,0.0,-0.00012878225795199692,-4.412369467619691e-06,0.0,9.179485605255043e-05
770,7.700134200043976,hold,0.1561048229910114,2.796939911934121e-05,4.174300003796816,10.027199983596802,11293.6,0.0,0.15,3.0,0.0004,15.0,0.01,-0.034178160036232655,0.0,0.20740850141246023,-0.03417632102871501,0.0,0.2072524074221454,0.0,0.0,0.0,0.601060274056675,0.0,-0.0825943345768564,-0.5988507916486873,0.0,0.05346473046329748,0.4107072812808028,0.0,0.00831538272406628,0.47281056666289734,-2.252099356677598,-2.014106292439834,-0.1242888004941331,0.11976294646952627,0.029864133663508596,-0.06994,0.06456,0.01614,2.504998309050358e-05,0.0,0.00012747583291088143,-2.6888990608146345e-05,0.0,2.8618157403944753e-05
771,7.710115799913183,hold,0.1561048229910114,1.670854420218895e-05,4.047400085255504,9.981599869206548,11293.6,0.0,0.15,3.0,0.0004,15.0,0.01,-0.034178160036232655,0.0,0.20740850141246023,-0.03417632102871501,0.0,0.2072524074221454,0.0,0.0,0.0,0.5992992625313146,0.0,-0.09156782952042526,-0.597791915821072,0.0,0.06046504578392834,0.40879706123922843,0.0,0.004074425002466849,0.47281056666289734,-2.252099356677598,-2.014106292439834,-0.12476717790225174,0.11914355338456038,0.02958532742500441,-0.07263,0.06456,0.01614,1.5017514162363566e-05,0.0,9.928202318619032e-05,-1.6856521680006332e-05,0.0,5.6811967128635865e-05
772,7.720121799968183,hold,0.1561048229910114,1.005604841162613e-05,4.074899945408106,10.006000055000186,11293.6,0.0,0.15,3.0,0.0004,15.0,0.01,-0.034178160036232655,0.0,0.20740850141246023,-0.03417632102871501,0.0,0.2072524074221454,0.0,0.0,0.0,0.5982405468310629,0.0,-0.0985676948449328,-0.5972781325439325,0.0,0.0659335165005922,0.40752552168800904,0.0,0.0007903849235734069,0.47281056666289734,-2.252099356677598,-2.014106292439834,-0.1251069003401098,0.11867323845375602,0.0293535576202073,-0.07263,0.06725,0.01614,7.2867350822485915e-06,0.0,7.755662589723125e-05,-9.125742599891357e-06,0.0,7.853736441759493e-05
773,7.730115199927241,hold,0.1561048229910114,6.296140084565527e-06,4.032500088214874,9.99339995905757,11293.6,0.0,0.15,3.0,0.0004,15.0,0.01,-0.034178160036232655,0.0,0.20740850141246023,-0.03417632102871501,0.0,0.2072524074221454,0.0,0.0,0.0,0.5977268935057249,0.0,-0.10403580036497598,-0.5971642735258976,0.0,0.07027810582269259,0.4067496713932217,0.0,-0.0017509787297820324,0.47281056666289734,-2.252099356677598,-2.014106292439834,-0.1253390106920457,0.11831862508797356,0.029158293345082027,-0.06456,0.06725,0.01614,1.6148063552478474e-06,0.0,6.161716980662719e-05,-3.453813872890613e-06,0.0,9.447682050819899e-05
774,7.740129299927503,hold,0.1561048229910114,4.253839349784354e-06,3.966099815443158,10.01410000026226,11293.6,0.0,0.15,3.0,0.0004,15.0,0.01,-0.034178160036232655,0.0,0.20740850141246023,-0.03417632102871501,0.0,0.2072524074221454,0.0,0.0,0.0,0.5976131298151603,0.0,-0.10838012179442329,-0.5973265313964422,0.0,0.07384674568022927,0.40633748738215336,0.0,-0.003747473575062295,0.47281056666289734,-2.252099356677598,-2.014106292439834,-0.12549217066992194,0.1180488968832492,0.02898981148227399,-0.06725,0.06994,0.01076,-2.3012234346183656e-06,0.0,5.0612260855585256e-05,4.622159169756e-07,0.0,0.00010548172945924092
775,7.750114599941298,hold,0.1561048229910114,3.1935549787809667e-06,3.982699941843748,9.985300013795495,11293.6,0.0,0.15,3.0,0.0004,15.0,0.01,-0.034178160036232655,0.0,0.20740850141246023,-0.03417632102871501,0.0,0.2072524074221454,0.0,0.0,0.0,0.5977754534950197,0.0,-0.11194857671324428,-0.5976637961934431,0.0,0.07692358129381782,0.4061763815063157,0.0,-0.005367787988002485,0.47281056666289734,-2.252099356677598,-2.014106292439834,-0.12559082273686992,0.1178377739037687,0.028839820273984698,-0.06994,0.06456,0.01076,-4.783260447861006e-06,0.0,4.363724357217464e-05,2.9442529302182406e-06,0.0,0.00011245674674265154
776,7.7601248999126256,hold,0.1561048229910114,2.689524603321859e-06,4.0403001476079226,10.010299971327186,11293.6,0.0,0.15,3.0,0.0004,15.0,0.01,-0.034178160036232655,0.0,0.20740850141246023,-0.03417632102871501,0.0,0.2072524074221454,0.0,0.0,0.0,0.5981127599962429,0.0,-0.11502529512969481,-0.5980969760724314,0.0,0.07973088053016676,0.4061744074230604,0.0,-0.006749682866337004,0.47281056666289734,-2.252099356677598,-2.014106292439834,-0.1256549280834241,0.11766379439144942,0.028701548196484163,-0.06994,0.06187,0.01076,-6.143576798998421e-06,0.0,3.9814541932469964e-05,4.304569281355656e-06,0.0,0.00011627944838235622
777,7.770260999910533,hold,0.1561048229910114,2.510289330431798e-06,3.8932000752538443,10.136099997907877,11293.6,0.0,0.15,3.0,0.0004,15.0,0.01,-0.034178160036232655,0.0,0.20740850141246023,-0.03417632102871501,0.0,0.2072524074221454,0.0,0.0,0.0,0.5985459627248366,0.0,-0.11783253015508637,-0.5985670286491493,0.0,0.0824345666373945,0.40625964238053586,0.0,-0.008000918013416352,0.47281056666289734,-2.252099356677598,-2.014106292439834,-0.12570010084547334,0.11751017044853859,0.028569698417979343,-0.06994,0.06725,0.01883,-6.666524103978516e-06,0.0,3.834504797160679e-05,4.82751658633575e-06,0.0,0.00011774894234321939
778,7.780151899904013,hold,0.1561048229910114,2.533217942978863e-06,3.9562000893056393,9.890899993479252,11293.6,0.0,0.15,3.0,0.0004,15.0,0.01,-0.034178160036232655,0.0,0.20740850141246023,-0.03417632102871501,0.0,0.2072524074221454,0.0,0.0,0.0,0.5990160240771822,0.0,-0.12053619160260731,-0.5990322734110004,0.0,0.0851517712930115,0.4063783965820558,0.0,-0.00920193510450192,0.47281056666289734,-2.252099356677598,-2.014106292439834,-0.12573799684894088,0.11736437006158283,0.02844031691441392,-0.06725,0.06187,0.01076,-6.5983372344989085e-06,0.0,3.853677488291776e-05,4.759329716856143e-06,0.0,0.00011755721543190842
779,7.790111300069839,hold,0.1561048229910114,2.689766501605678e-06,4.01649996638298,9.959400165826082,11293.6,0.0,0.15,3.0,0.0004,15.0,0.01,-0.034178160036232655,0.0,0.20740850141246023,-0.03417632102871501,0.0,0.2072524074221454,0.0,0.0,0.0,0.599481267680194,0.0,-0.12325339951661937,-0.5994654129029073,0.0,0.08795920600914788,0.40649276887029,0.0,-0.010409520021564969,0.47281056666289734,-2.252099356677598,-2.014106292439834,-0.12577684426475497,0.11721754654894283,0.028310612446443506,-0.06725,0.06456,0.01883,-6.143004008922333e-06,0.0,3.9816463375545115e-05,4.303996491279567e-06,0.0,0.00011627752693928107
780,7.800123299937695,hold,0.1561048229910114,2.93514316295893e-06,3.9778000209480524,10.011999867856503,11293.6,0.0,0.15,3.0,0.0004,15.0,0.01,-0.034178160036232655,0.0,0.20740850141246023,-0.03417632102871501,0.0,0.2072524074221454,0.0,0.0,0.0,0.5999143995078468,0.0,-0.12606085577268986,-0.5998505662861598,0.0,0.09090149871386743,0.40657793766302297,0.0,-0.011660861832712945,0.47281056666289734,-2.252099356677598,-2.014106292439834,-0.1258220317386826,0.11706390621443853,0.02817875704075689,-0.06994,0.05918,0.01345,-5.462440672296061e-06,0.0,4.172908778403443e-05,3.623433154653295e-06,0.0,0.00011436490253079175
781,7.810118099907413,hold,0.1561048229910114,3.2343205885597967e-06,3.920100163668394,9.99479996971786,11293.6,0.0,0.15,3.0,0.0004,15.0,0.01,-0.034178160036232655,0.0,0.20740850141246023,-0.03417632102871501,0.0,0.2072524074221454,0.0,0.0,0.0,0.6002995414431114,0.0,-0.12900318065033045,-0.6001805156651584,0.0,0.09399893235689805,0.4066194632110217,0.0,-0.012977594790007527,0.47281056666289734,-2.252099356677598,-2.014106292439834,-0.1258766940623476,0.116900078646019,0.02804368730703146,-0.07263,0.06187,0.01883,-4.679509478589095e-06,0.0,4.3929375275246485e-05,2.8405019609463294e-06,0.0,0.0001121646150395797
782,7.82012420007959,hold,0.07964610943638345,4.585775870949001e-05,4.036199999973178,10.006100172176957,11293.6,0.0,0.15,3.0,0.0004,15.0,0.01,-0.03424685779110939,0.0,0.20721542002024596,-0.03417632102871501,0.0,0.2072524074221454,0.0,0.0,0.0,0.6174046746428462,0.0,-0.08495240904535531,-0.605357260882182,0.0,0.08347398175908083,0.4220283456888045,0.0,0.008864624485462987,0.47281056666289734,-2.2536333374654833,-2.014106292439834,-0.12231490502741277,0.1206382545795137,0.028904884555312205,-0.06456,0.056490000000000005,0.01345,-7.341922686694363e-05,0.0,-0.00014927018875941553,2.8824644725638485e-06,0.0,0.00011228278685996903
783,7.830096099991351,hold,0.1561048229910114,2.49375282592308e-05,4.023600136861205,9.971899911761284,11293.6,0.0,0.15,3.0,0.0004,15.0,0.01,-0.034178160036232655,0.0,0.20740850141246023,-0.03417632102871501,0.0,0.2072524074221454,0.0,0.0,0.0,0.6058006066774942,0.0,-0.12159148552945168,-0.6037644481640875,0.0,0.09197548353363624,0.411004898611269,0.0,-0.009164350491617122,0.47281056666289734,-2.252099356677598,-2.014106292439834,-0.12505196227878373,0.11757673927519105,0.02809045893588944,-0.06994,0.06187,0.01614,2.2590078013067078e-05,0.0,0.00012057261103815296,-2.4429085530709844e-05,0.0,3.552137927667322e-05
784,7.840252599911764,hold,0.1561048229910114,1.761471763237635e-05,3.9274999871850014,10.156499920412898,11293.6,0.0,0.15,3.0,0.0004,15.0,0.01,-0.034178160036232655,0.0,0.20740850141246023,-0.03417632102871501,0.0,0.2072524074221454,0.0,0.0,0.0,0.6042129603079233,0.0,-0.13007846679990936,-0.6026410782715635,0.0,0.09915755795414317,0.4092522873128896,0.0,-0.013169402502699908,0.47281056666289734,-2.252099356677598,-2.014106292439834,-0.1254961343222321,0.1169941049747922,0.027823236434042192,-0.06994,0.06994,0.01076,1.5932201709190216e-05,0.0,0.00010185982294829735,-1.7771209226832982e-05,0.0,5.4234167366528835e-05
785,7.850096799898893,hold,0.1561048229910114,1.2503884080498595e-05,4.004999995231628,9.844199987128377,11293.6,0.0,0.15,3.0,0.0004,15.0,0.01,-0.034178160036232655,0.0,0.20740850141246023,-0.03417632102871501,0.0,0.2072524074221454,0.0,0.0,0.0,0.6030896938312809,0.0,-0.13726025055698676,-0.601909523463881,0.0,0.10523838682896382,0.4079220046653366,0.0,-0.016541631999804084,0.47281056666289734,-2.252099356677598,-2.014106292439834,-0.12584861778850526,0.11651005629769162,0.027587122766586196,-0.06994,0.06187,0.01883,1.0375281405432002e-05,0.0,8.62413999497942e-05,-1.2214288923074767e-05,0.0,6.985259036503197e-05
786,7.86010849988088,hold,0.1561048229910114,9.072165111996585e-06,4.094499861821532,10.011699981987476,11293.6,0.0,0.15,3.0,0.0004,15.0,0.01,-0.034178160036232655,0.0,0.20740850141246023,-0.03417632102871501,0.0,0.2072524074221454,0.0,0.0,0.0,0.6023582324481611,0.0,-0.1433408168503232,-0.6014913065457727,0.0,0.11043853970608172,0.4069480478093998,0.0,-0.019379938331813614,0.47281056666289734,-2.252099356677598,-2.014106292439834,-0.12612374205155857,0.11610918599030351,0.02737725616217375,-0.06456,0.06456,0.01614,5.931364496985506e-06,0.0,7.375120617727086e-05,-7.770372014628272e-06,0.0,8.234278413755532e-05
787,7.870145699940622,hold,0.07964610943638345,3.5984804850136556e-05,3.926799865439534,10.037200059741735,11293.6,0.0,0.15,3.0,0.0004,15.0,0.01,-0.03424685779110939,0.0,0.20721542002024596,-0.03417632102871501,0.0,0.2072524074221454,0.0,0.0,0.0,0.6187152872163177,0.0,-0.10139251752624194,-0.6062157766017031,0.0,0.10118468660366937,0.4216663786896656,0.0,0.0014385798039543332,0.47281056666289734,-2.2536333374654833,-2.014106292439834,-0.12271180436703799,0.11968711179504773,0.02818961922218275,-0.06456,0.06187,0.01345,-6.700483108996208e-05,0.0,-0.00013124283924291936,-3.5319313044177025e-06,0.0,9.425543734347286e-05
788,7.880124199902639,hold,0.1561048229910114,2.8909467870404465e-05,3.971999976783991,9.97849996201694,11293.6,0.0,0.15,3.0,0.0004,15.0,0.01,-0.034178160036232655,0.0,0.20740850141246023,-0.03417632102871501,0.0,0.2072524074221454,0.0,0.0,0.0,0.6066590146298904,0.0,-0.1393024932483244,-0.6043980167418016,0.0,0.11031836892258896,0.41024190333946786,0.0,-0.0172022714860901,0.47281056666289734,-2.252099356677598,-2.014106292439834,-0.12553599216813333,0.11653104287038883,0.027343627696876587,-0.06725,0.06725,0.01883,2.5780392495434615e-05,0.0,0.00012953851622794467,-2.761940001307738e-05,0.0,2.6555474086881507e-05
789,7.890112499939278,hold,0.1561048229910114,1.8459272887692858e-05,3.992500016465783,9.988300036638975,11293.6,0.0,0.15,3.0,0.0004,15.0,0.01,-0.034178160036232655,0.0,0.20740850141246023,-0.03417632102871501,0.0,0.2072524074221454,0.0,0.0,0.0,0.6048464753094245,0.0,-0.14842150275685448,-0.6032159023291452,0.0,0.11766550606425638,0.4082847686527321,0.0,-0.021513762853490756,0.47281056666289734,-2.252099356677598,-2.014106292439834,-0.12602456576509616,0.1159006686223175,0.027061342058259885,-0.06994,0.05918,0.01345,1.6765346295214997e-05,0.0,0.00010420082619727013,-1.8604353812857762e-05,0.0,5.189316411755605e-05
790,7.900082899956033,hold,0.1561048229910114,1.1853712501882824e-05,4.05499991029501,9.970400016754866,11293.6,0.0,0.15,3.0,0.0004,15.0,0.01,-0.034178160036232655,0.0,0.20740850141246023,-0.03417632102871501,0.0,0.2072524074221454,0.0,0.0,0.0,0.603664503929103,0.0,-0.1557682378917592,-0.6025398257241085,0.0,0.1235903738205671,0.4069011005717272,0.0,-0.024965969967337315,0.47281056666289734,-2.252099356677598,-2.014106292439834,-0.12638863861001406,0.11540415998660095,0.026821297587256425,-0.07263,0.05918,0.01614,9.588461391030054e-06,0.0,8.402948024691849e-05,-1.142746890867282e-05,0.0,7.206451006790769e-05
791,7.910089900018647,hold,0.1561048229910114,7.843663230131186e-06,4.126899875700474,10.00700006261468,11293.6,0.0,0.15,3.0,0.0004,15.0,0.01,-0.034178160036232655,0.0,0.20740850141246023,-0.03417632102871501,0.0,0.2072524074221454,0.0,0.0,0.0,0.6029885479720937,0.0,-0.16169276655484113,-0.6022489767022914,0.0,0.12843252174652947,0.4059776254390337,0.0,-0.02772862264621863,0.47281056666289734,-2.252099356677598,-2.014106292439834,-0.12665280265053191,0.11501507521134621,0.02661515060212448,-0.06725,0.06187,0.01345,4.124968377156867e-06,0.0,6.867379834156308e-05,-5.963975894799633e-06,0.0,8.74201919732631e-05
792,7.92008229997009,hold,0.1561048229910114,5.49234197949253e-06,4.02979995124042,9.992399951443076,11293.6,0.0,0.15,3.0,0.0004,15.0,0.01,-0.034178160036232655,0.0,0.20740850141246023,-0.03417632102871501,0.0,0.2072524074221454,0.0,0.0,0.0,0.6026977907802098,0.0,-0.16653465638377904,-0.6022367077505163,0.0,0.13249169351073212,0.4054044671735649,0.0,-0.029966359680369568,0.47281056666289734,-2.252099356677598,-2.014106292439834,-0.1268409122095488,0.11470776565979143,0.0264348076932205,-0.06456,0.06187,0.01883,1.740044981987448e-07,0.0,5.756923320619461e-05,-2.0130120158415104e-06,0.0,9.852475710863157e-05
793,7.930096100084484,hold,0.1561048229910114,4.161377068012304e-06,4.022500012069941,10.013800114393234,11293.6,0.0,0.15,3.0,0.0004,15.0,0.01,-0.034178160036232655,0.0,0.20740850141246023,-0.03417632102871501,0.0,0.2072524074221454,0.0,0.0,0.0,0.6026855882302186,0.0,-0.17059364151936035,-0.6024131138993053,0.0,0.13602057606399262,0.40508463884240625,0.0,-0.03182450666052642,0.47281056666289734,-2.252099356677598,-2.014106292439834,-0.12697402334735566,0.11445959144552756,0.026273124862702855,-0.06725,0.06187,0.01345,-2.501881494201121e-06,0.0,5.0048402597181523e-05,6.628739765583553e-07,0.0,0.00010604558771764466
794,7.940096100093797,hold,0.07964610943638345,4.6292847767976334e-05,4.8034000210464,10.000000009313226,11293.6,0.0,0.15,3.0,0.0004,15.0,0.01,-0.03424685779110939,0.0,0.20721542002024596,-0.03417632102871501,0.0,0.2072524074221454,0.0,0.0,0.0,0.6196372363334375,0.0,-0.12697415543800147,-0.6076085657992614,0.0,0.12544296655809897,0.42032742366801085,0.0,-0.010203163467559102,0.47281056666289734,-2.2536333374654833,-2.014106292439834,-0.12344798271593924,0.11816153736547234,0.027127391841730124,-0.07263,0.06725,0.01076,-7.368453453432347e-05,0.0,-0.00015001702410798824,3.1477721399436875e-06,0.0,0.00011302962220854175
795,7.950324299978092,hold,0.1561048229910114,2.2752532153347438e-05,3.8481000810861588,10.228199884295464,11293.6,0.0,0.15,3.0,0.0004,15.0,0.01,-0.034178160036232655,0.0,0.20740850141246023,-0.03417632102871501,0.0,0.2072524074221454,0.0,0.0,0.0,0.6080519161064794,0.0,-0.16356045762778382,-0.6061473500456424,0.0,0.13357453743840358,0.40934755201196776,0.0,-0.028194787852757138,0.47281056666289734,-2.252099356677598,-2.014106292439834,-0.12617588851279968,0.11510765926205277,0.02631087781869393,-0.06994,0.06456,0.01345,2.0723703102813467e-05,0.0,0.00011532606342735395,-2.2562710620456232e-05,0.0,4.0767926887472236e-05
796,7.96025720005855,hold,0.1561048229910114,1.4926389370287273e-05,4.063300089910626,9.93290008045733,11293.6,0.0,0.15,3.0,0.0004,15.0,0.01,-0.034178160036232655,0.0,0.20740850141246023,-0.03417632102871501,0.0,0.2072524074221454,0.0,0.0,0.0,0.6065958936049176,0.0,-0.17167743239308889,-0.6052213344091932,0.0,0.14020187952644414,0.4077146502719578,0.0,-0.03202044458988825,0.47281056666289734,-2.252099356677598,-2.014106292439834,-0.12659407035119377,0.11455297181381575,0.026052475254470783,-0.06725,0.06456,0.01076,1.313322353034098e-05,0.0,9.39923275896606e-05,-1.4972231047983746e-05,0.0,6.210166272516558e-05
797,7.9702902000863105,hold,0.1561048229910114,9.955992153668637e-06,3.8183999713510275,10.033000027760863,11293.6,0.0,0.15,3.0,0.0004,15.0,0.01,-0.034178160036232655,0.0,0.20740850141246023,-0.03417632102871501,0.0,0.2072524074221454,0.0,0.0,0.0,0.6056699970516373,0.0,-0.17830443978704205,-0.6047171132006277,0.0,0.14564373007876902,0.4065638683488244,0.0,-0.0351236930205486,0.47281056666289734,-2.252099356677598,-2.014106292439834,-0.12690758308358135,0.11411082648600371,0.025829585152322386,-0.06456,0.06725,0.01614,7.1511209748279706e-06,0.0,7.717908522197999e-05,-8.990128492470736e-06,0.0,7.89149050928462e-05
798,7.980222600046545,hold,0.1561048229910114,6.910612535572885e-06,3.915000008419156,9.932399960234761,11293.6,0.0,0.15,3.0,0.0004,15.0,0.01,-0.034178160036232655,0.0,0.20740850141246023,-0.03417632102871501,0.0,0.2072524074221454,0.0,0.0,0.0,0.6051658764062606,0.0,-0.1837460076973614,-0.6045304255097681,0.0,0.15019312402882437,0.4057966679418787,0.0,-0.0376521830002989,0.47281056666289734,-2.252099356677598,-2.014106292439834,-0.12713781956100917,0.1137582212918836,0.025634949272720718,-0.07263,0.05918,0.01614,2.6476995397451342e-06,0.0,6.452181293910686e-05,-4.4867070573879e-06,0.0,9.157217737571932e-05
799,7.99010489997454,hold,0.1561048229910114,5.103673242991686e-06,4.354800097644329,9.882299927994609,11293.6,0.0,0.15,3.0,0.0004,15.0,0.01,-0.034178160036232655,0.0,0.20740850141246023,-0.03417632102871501,0.0,0.2072524074221454,0.0,0.0,0.0,0.6049792644071508,0.0,-0.18829518890893066,-0.6045702621540572,0.0,0.1541058510536431,0.4053182238148798,0.0,-0.03974800070156702,0.47281056666289734,-2.252099356677598,-2.014106292439834,-0.12730536652007562,0.11347302099569259,0.025461582879502197,-0.06994,0.05918,0.01076,-5.649834987170131e-07,0.0,5.549227961980987e-05,-1.2740240189257525e-06,0.0,0.00010060171069501631
800,8.000272900098935,hold,0.1561048229910114,4.0710057083283e-06,3.899300005286932,10.168000124394894,11293.6,0.0,0.15,3.0,0.0004,15.0,0.01,-0.034178160036232655,0.0,0.20740850141246023,-0.03417632102871501,0.0,0.2072524074221454,0.0,0.0,0.0,0.6050191550440566,0.0,-0.1922077641826671,-0.6047606742044966,0.0,0.15759537256468617,0.40504577110103146,0.0,-0.041535161017146605,0.47281056666289734,-2.252099356677598,-2.014106292439834,-0.12742819236776504,0.11323590563887137,0.025303389593495797,-0.06994,0.056490000000000005,0.01076,-2.700520296699616e-06,0.0,4.9490164328321555e-05,8.615127790568503e-07,0.0,0.00010660382598650463
801,8.010161699960008,hold,0.1561048229910114,3.518901910328006e-06,3.9772000163793564,9.888799861073494,11293.6,0.0,0.15,3.0,0.0004,15.0,0.01,-0.034178160036232655,0.0,0.20740850141246023,-0.03417632102871501,0.0,0.2072524074221454,0.0,0.0,0.0,0.6052096029799376,0.0,-0.1956971848345017,-0.6050409332568335,0.0,0.16083237126634906,0.4049102417748054,0.0,-0.043117155477173076,0.47281056666289734,-2.252099356677598,-2.014106292439834,-0.12752129190067024,0.11303075254391995,0.025155281932768468,-0.07532,0.05918,0.01345,-3.974776057622149e-06,0.0,4.590875773910156e-05,2.135768539979384e-06,0.0,0.00011018523257572462
802,8.02028389996849,hold,0.1561048229910114,3.2693908684569e-06,3.8219999987632036,10.122200008481741,11293.6,0.0,0.15,3.0,0.0004,15.0,0.01,-0.034178160036232655,0.0,0.20740850141246023,-0.03417632102871501,0.0,0.2072524074221454,0.0,0.0,0.0,0.6054898834402376,0.0,-0.19893412336720556,-0.6053645880622235,0.0,0.16394740259401153,0.4048564100610996,0.0,-0.04457673437326501,0.47281056666289734,-2.252099356677598,-2.014106292439834,-0.12759665473663578,0.11284467025686999,0.0250131920227954,-0.06994,0.06456,0.01345,-4.5902366423910855e-06,0.0,4.41789545661244e-05,2.75122912474832e-06,0.0,0.00011191503574870178
803,8.030514999991283,hold,0.07964610943638345,4.7247521994966935e-05,3.707700176164508,10.231100022792816,11293.6,0.0,0.15,3.0,0.0004,15.0,0.01,-0.03424685779110939,0.0,0.20721542002024596,-0.03417632102871501,0.0,0.2072524074221454,0.0,0.0,0.0,0.6225887455679763,0.0,-0.1549008833971204,-0.6106008321718747,0.0,0.1532551477518819,0.42021596848818654,0.0,-0.022761648436942884,0.47281056666289734,-2.2536333374654833,-2.014106292439834,-0.12404523683305002,0.11657539545771295,0.02587943157729168,-0.06994,0.05918,0.01614,-7.42630703463923e-05,0.0,-0.00015164298242686925,3.726307952012521e-06,0.0,0.00011465558052742276
804,8.040321700042114,hold,0.1561048229910114,2.328397988337626e-05,3.772699972614646,9.806700050830841,11293.6,0.0,0.15,3.0,0.0004,15.0,0.01,-0.034178160036232655,0.0,0.20740850141246023,-0.03417632102871501,0.0,0.2072524074221454,0.0,0.0,0.0,0.6110441921753994,0.0,-0.19137261157038657,-0.6091070281912635,0.0,0.16147831559144585,0.4092902805529924,0.0,-0.04069085636410709,0.47281056666289734,-2.252099356677598,-2.014106292439834,-0.12676140490013063,0.11353264454949119,0.025063537199029776,-0.06725,0.05918,0.01614,2.118588587025234e-05,0.0,0.00011662513797134908,-2.3024893387895104e-05,0.0,3.94688523434771e-05
805,8.050083799986169,hold,0.1561048229910114,1.597447320705207e-05,4.0998999029397964,9.76209994405508,11293.6,0.0,0.15,3.0,0.0004,15.0,0.01,-0.034178160036232655,0.0,0.20740850141246023,-0.03417632102871501,0.0,0.2072524074221454,0.0,0.0,0.0,0.609555563957489,0.0,-0.19958123245030623,-0.6081020295012067,0.0,0.16832765112521408,0.40762772537663267,0.0,-0.04456094744366526,0.47281056666289734,-2.252099356677598,-2.014106292439834,-0.12718602463003284,0.11297103483902053,0.024802950228648597,-0.06725,0.06187,0.01076,1.4253401265261684e-05,0.0,9.714075125580109e-05,-1.609240878290445e-05,0.0,5.895323905902509e-05
806,8.060094400076196,hold,0.1561048229910114,1.1086729975751709e-05,3.976699896156788,10.010600090026855,11293.6,0.0,0.15,3.0,0.0004,15.0,0.01,-0.034178160036232655,0.0,0.20740850141246023,-0.03417632102871501,0.0,0.2072524074221454,0.0,0.0,0.0,0.6085506732947626,0.0,-0.2064302643633699,-0.6074935179127702,0.0,0.1740626231019541,0.40640510240677735,0.0,-0.04777184398964072,0.47281056666289734,-2.252099356677598,-2.014106292439834,-0.1275151342558781,0.11251211933470114,0.02457476823731805,-0.07263,0.06187,0.01614,8.630220049399723e-06,0.0,8.133628196558776e-05,-1.0469227567042488e-05,0.0,7.475770834923843e-05
807,8.070172500098124,hold,0.1561048229910114,7.933962508009913e-06,3.8383000064641237,10.078100021928549,11293.6,0.0,0.15,3.0,0.0004,15.0,0.01,-0.034178160036232655,0.0,0.20740850141246023,-0.03417632102871501,0.0,0.2072524074221454,0.0,0.0,0.0,0.6079422562406841,0.0,-0.21216497064256,-0.6071929561054361,0.0,0.1789320738023927,0.4055430499749456,0.0,-0.050442461537091074,0.47281056666289734,-2.252099356677598,-2.014106292439834,-0.1277659633437302,0.11213737249355102,0.024373145522599227,-0.07263,0.0538,0.01076,4.262720028722664e-06,0.0,6.906102014007363e-05,-6.10172754636543e-06,0.0,8.703297017475255e-05
808,8.08019039989449,hold,0.1561048229910114,5.962014645190705e-06,3.9047999307513237,10.017899796366692,11293.6,0.0,0.15,3.0,0.0004,15.0,0.01,-0.034178160036232655,0.0,0.20740850141246023,-0.03417632102871501,0.0,0.2072524074221454,0.0,0.0,0.0,0.6076417678442936,0.0,-0.2170342150147498,-0.6071204185791451,0.0,0.18316064120079747,0.4049610414099058,0.0,-0.05269346126593377,0.47281056666289734,-2.252099356677598,-2.014106292439834,-0.12795599438413172,0.11182799682323723,0.02419215056863811,-0.06994,0.056490000000000005,0.01076,1.028763996653804e-06,0.0,5.997168802604125e-05,-2.8677715142965696e-06,0.0,9.612230228878493e-05
809,8.090039199916646,hold,0.1561048229910114,4.767292680530647e-06,4.205900011584163,9.848800022155046,11293.6,0.0,0.15,3.0,0.0004,15.0,0.01,-0.034178160036232655,0.0,0.20740850141246023,-0.03417632102871501,0.0,0.2072524074221454,0.0,0.0,0.0,0.6075692846716012,0.0,-0.22126262964738014,-0.6072072000732024,0.0,0.18694142776100967,0.4045863908264763,0.0,-0.05463375572306806,0.47281056666289734,-2.252099356677598,-2.014106292439834,-0.12810100761845483,0.1115670251205692,0.02402642940397981,-0.06994,0.056490000000000005,0.01614,-1.2307791735797389e-06,0.0,5.36210330164379e-05,-6.082283440630267e-07,0.0,0.00010247295729838828
810,8.100347900064662,hold,0.07964610943638345,4.392829815371133e-05,5.250499816611409,10.308700148016214,11293.6,0.0,0.15,3.0,0.0004,15.0,0.01,-0.03424685779110939,0.0,0.20721542002024596,-0.03417632102871501,0.0,0.2072524074221454,0.0,0.0,0.0,0.6244313011257683,0.0,-0.17789506723122853,-0.6122997484106846,0.0,0.17665304373379037,0.41971625800755324,0.0,-0.03314745697941276,0.47281056666289734,-2.2536333374654833,-2.014106292439834,-0.1245993627872635,0.11524545168799649,0.024878586629972547,-0.07263,0.056490000000000005,0.01345,-7.222510400762061e-05,0.0,-0.00014591508164331718,1.6883416132408297e-06,0.0,0.00010892767974387068
811,8.110044199973345,hold,0.1561048229910114,2.448079663816376e-05,4.042100161314011,9.696299908682704,11293.6,0.0,0.15,3.0,0.0004,15.0,0.01,-0.034178160036232655,0.0,0.20740850141246023,-0.03417632102871501,0.0,0.2072524074221454,0.0,0.0,0.0,0.6127430741744542,0.0,-0.21477060378642443,-0.6107339230702813,0.0,0.18507863456873141,0.40867420027319074,0.0,-0.05126641621444161,0.47281056666289734,-2.252099356677598,-2.014106292439834,-0.12734088830640414,0.11217421766167071,0.02405128400567466,-0.07263,0.06456,0.01345,2.2207329331763506e-05,0.0,0.00011949600358239046,-2.404633684940627e-05,0.0,3.6597986732435725e-05
812,8.120060599874705,hold,0.07964610943638345,2.077391177740367e-05,4.086900036782026,10.016399901360273,11293.6,0.0,0.15,3.0,0.0004,15.0,0.01,-0.03424685779110939,0.0,0.20721542002024596,-0.03417632102871501,0.0,0.2072524074221454,0.0,0.0,0.0,0.6279576386701228,0.0,-0.17603335738946696,-0.6146123583902849,0.0,0.17820262738427042,0.42230824919004856,0.0,-0.032022242109728705,0.47281056666289734,-2.2536333374654833,-2.014106292439834,-0.12416444806897409,0.1155029499501597,0.02479265145430691,-0.07263,0.056490000000000005,0.01614,-5.500593726570056e-05,0.0,-9.751902213664076e-05,-1.5530825128679225e-05,0.0,6.0531620237194267e-05
813,8.130075799999759,hold,0.1561048229910114,4.070601627543263e-05,4.05069999396801,10.015200125053525,11293.6,0.0,0.15,3.0,0.0004,15.0,0.01,-0.034178160036232655,0.0,0.20740850141246023,-0.03417632102871501,0.0,0.2072524074221454,0.0,0.0,0.0,0.6150553947418337,0.0,-0.21632100085668926,-0.6122068123765778,0.0,0.18898833075504026,0.4101596639627814,0.0,-0.05179843256305803,0.47281056666289734,-2.252099356677598,-2.014106292439834,-0.12714574313427862,0.11217393967914513,0.023884452317117354,-0.07263,0.06187,0.01345,3.411667391673937e-05,0.0,0.00015296831686713782,-3.595568143438214e-05,0.0,3.125673447688357e-06
814,8.14008990000002,hold,0.1561048229910114,2.4352290148921785e-05,4.016699967905879,10.01410000026226,11293.6,0.0,0.15,3.0,0.0004,15.0,0.01,-0.034178160036232655,0.0,0.20740850141246023,-0.03417632102871501,0.0,0.2072524074221454,0.0,0.0,0.0,0.6126551308505106,0.0,-0.22709185833408227,-0.6106486323462776,0.0,0.19739243364826684,0.4076680271712081,0.0,-0.05691081993930271,0.47281056666289734,-2.252099356677598,-2.014106292439834,-0.12775035804064228,0.11141879585727,0.023562795981461195,-0.07263,0.056490000000000005,0.01345,2.2098899665361832e-05,0.0,0.00011919125069201259,-2.3937907183004598e-05,0.0,3.690273962281359e-05
815,8.150046699913219,hold,0.07964610943638345,2.297622574839033e-05,4.082900006324053,9.956799913197756,11293.6,0.0,0.15,3.0,0.0004,15.0,0.01,-0.03424685779110939,0.0,0.20721542002024596,-0.03417632102871501,0.0,0.2072524074221454,0.0,0.0,0.0,0.6278723413154437,0.0,-0.18834717510509133,-0.6146657456066724,0.0,0.19012665920239175,0.42129645193847404,0.0,-0.03766696821912722,0.47281056666289734,-2.2536333374654833,-2.014106292439834,-0.12457495697060553,0.1147470427430749,0.024305378894163815,-0.06994,0.06187,0.00807,-5.697273816861819e-05,0.0,-0.00010304689916967771,-1.3564024225761589e-05,0.0,6.605949727023122e-05
816,8.160052000079304,hold,0.1561048229910114,3.613332778803067e-05,4.793599946424365,10.005300166085362,11293.6,0.0,0.15,3.0,0.0004,15.0,0.01,-0.034178160036232655,0.0,0.20740850141246023,-0.03417632102871501,0.0,0.2072524074221454,0.0,0.0,0.0,0.6151088150785478,0.0,-0.22824493958704073,-0.6124761726137231,0.0,0.20030535034971708,0.40928205320794075,0.0,-0.05725019835622318,0.47281056666289734,-2.252099356677598,-2.014106292439834,-0.12752730173917312,0.11144852843603012,0.023405434078245017,-0.06725,0.06456,0.01614,3.1053634971725863e-05,0.0,0.00014435936157269444,-3.289264248936863e-05,0.0,1.1734628742131743e-05
817,8.170518500031903,hold,0.1561048229910114,2.0305813601681208e-05,4.803699906915426,10.466499952599406,11293.6,0.0,0.15,3.0,0.0004,15.0,0.01,-0.034178160036232655,0.0,0.20740850141246023,-0.03417632102871501,0.0,0.2072524074221454,0.0,0.0,0.0,0.6129245426138098,0.0,-0.2384087331097191,-0.6111703091158032,0.0,0.2080002942305939,0.40698684853011946,0.0,-0.06206825175017175,0.47281056666289734,-2.252099356677598,-2.014106292439834,-0.12808927086422248,0.11073923814008349,0.023098246746467772,-0.06725,0.056490000000000005,0.01076,1.8520418601202087e-05,0.0,0.00010913359781753354,-2.0359426118844853e-05,0.0,4.696039249729264e-05
818,8.180344899883494,hold,0.1561048229910114,1.1292297831198412e-05,3.987699979916215,9.826399851590395,11293.6,0.0,0.15,3.0,0.0004,15.0,0.01,-0.034178160036232655,0.0,0.20740850141246023,-0.03417632102871501,0.0,0.2072524074221454,0.0,0.0,0.0,0.6116188812784817,0.0,-0.24610310879392608,-0.6105434528281691,0.0,0.21378682554808015,0.4054906914767808,0.0,-0.06568901186768693,0.47281056666289734,-2.252099356677598,-2.014106292439834,-0.12847776525204246,0.11021647105418954,0.022849916497298242,-0.07263,0.05918,0.01345,8.890393879812194e-06,0.0,8.206752269246506e-05,-1.072940139745496e-05,0.0,7.402646762236112e-05
819,8.190347499912605,hold,0.07964610943638345,3.6978131538624554e-05,3.916800022125244,10.002600029110909,11293.6,0.0,0.15,3.0,0.0004,15.0,0.01,-0.03424685779110939,0.0,0.20721542002024596,-0.03417632102871501,0.0,0.2072524074221454,0.0,0.0,0.0,0.6277673838523297,0.0,-0.2047409428988167,-0.6153160646492587,0.0,0.20439765247367847,0.4199553860155596,0.0,-0.045181301915677506,0.47281056666289734,-2.2536333374654833,-2.014106292439834,-0.1251205674085278,0.11374103062541249,0.023656267064855907,-0.07263,0.06456,0.00807,-6.768760202610473e-05,0.0,-0.00013316201573444173,-2.8491603682750553e-06,0.0,9.617461383499523e-05
820,8.200075200060382,hold,0.1561048229910114,2.5105880693884022e-05,4.2125999461859465,9.727700147777796,11293.6,0.0,0.15,3.0,0.0004,15.0,0.01,-0.034178160036232655,0.0,0.20740850141246023,-0.03417632102871501,0.0,0.2072524074221454,0.0,0.0,0.0,0.6157593142337544,0.0,-0.2425154266351635,-0.613713340689201,0.0,0.21292695009948032,0.40863872104033594,0.0,-0.0637298387547841,0.47281056666289734,-2.252099356677598,-2.014106292439834,-0.12792167390735326,0.11060428900506619,0.02280554782832022,-0.06994,0.06725,0.01345,2.2730644274631577e-05,0.0,0.00012096682590155999,-2.4569651792274343e-05,0.0,3.5127164413266195e-05
821,8.210107400082052,hold,0.1561048229910114,1.4221772218329112e-05,4.071800038218498,10.032200021669269,11293.6,0.0,0.15,3.0,0.0004,15.0,0.01,-0.034178160036232655,0.0,0.20740850141246023,-0.03417632102871501,0.0,0.2072524074221454,0.0,0.0,0.0,0.614161850585994,0.0,-0.25102993966684517,-0.6128420633555498,0.0,0.2194004493435409,0.4068771861262839,0.0,-0.06774824115026103,0.47281056666289734,-2.252099356677598,-2.014106292439834,-0.12836778232561014,0.110019574261,0.022537670101484587,-0.07263,0.056490000000000005,0.01345,1.2356897150937004e-05,0.0,9.18104503307843e-05,-1.419590466857977e-05,0.0,6.428353998404188e-05
822,8.220075200079009,hold,0.07964610943638345,3.308298127743815e-05,4.0998999029397964,9.967799996957183,11293.6,0.0,0.15,3.0,0.0004,15.0,0.01,-0.03424685779110939,0.0,0.20721542002024596,-0.03417632102871501,0.0,0.2072524074221454,0.0,0.0,0.0,0.6300659360969216,0.0,-0.21035473050344122,-0.6174218702846729,0.0,0.21055317222997255,0.4211167562139063,0.0,-0.0475738731804854,0.47281056666289734,-2.2536333374654833,-2.014106292439834,-0.12505966402490198,0.1134916953999266,0.02332793980818909,-0.06994,0.05918,0.01345,-6.495314523696354e-05,0.0,-0.0001254765723102863,-5.58361715741624e-06,0.0,8.848917041083982e-05
823,8.230427500093356,hold,0.07964610943638345,1.1134887198771624e-05,3.738099941983819,10.352300014346838,11293.6,0.0,0.15,3.0,0.0004,15.0,0.01,-0.03424685779110939,0.0,0.20721542002024596,-0.03417632102871501,0.0,0.2072524074221454,0.0,0.0,0.0,0.6346402708934644,0.0,-0.20152283332445078,-0.6205768299156729,0.0,0.20571056019481265,0.42497546987962675,0.0,-0.04317614672723179,0.47281056666289734,-2.2536333374654833,-2.014106292439834,-0.12428629148513029,0.11421782194440866,0.02347240921868489,-0.06725,0.05918,0.01345,-4.4745238019964225e-05,0.0,-6.86803805736486e-05,-2.5791524374415557e-05,0.0,3.169297867420211e-05
824,8.240101699950173,hold,0.1561048229910114,4.949890637789648e-05,4.053300013765693,9.674199856817722,11293.6,0.0,0.15,3.0,0.0004,15.0,0.01,-0.034178160036232655,0.0,0.20740850141246023,-0.03417632102871501,0.0,0.2072524074221454,0.0,0.0,0.0,0.6210197023811591,0.0,-0.24382939428414263,-0.6177881470728263,0.0,0.21757310491066947,0.41218782478377813,0.0,-0.06392753151432698,0.47281056666289734,-2.252099356677598,-2.014106292439834,-0.12740586037921992,0.11073869788160651,0.02251447239289,-0.06725,0.06456,0.01345,3.955051479559289e-05,0.0,0.00016824062711231976,-4.138952231323566e-05,0.0,-1.2146636797493577e-05
825,8.250252800062299,hold,0.1561048229910114,2.6604124998981717e-05,3.782500047236681,10.151100112125278,11293.6,0.0,0.15,3.0,0.0004,15.0,0.01,-0.034178160036232655,0.0,0.20740850141246023,-0.03417632102871501,0.0,0.2072524074221454,0.0,0.0,0.0,0.6182363742693466,0.0,-0.2556768890333059,-0.6160988537948264,0.0,0.22634571360009872,0.4093478125446544,0.0,-0.06956192474820387,0.47281056666289734,-2.252099356677598,-2.014106292439834,-0.12808610824599562,0.10990223212135015,0.0221671550605574,-0.06994,0.05918,0.01076,2.3958414258908213e-05,0.0,0.00012441758683933107,-2.579742177655098e-05,0.0,3.1676403475495107e-05
826,8.26008479995653,hold,0.1561048229910114,1.3838094997643416e-05,4.019600106403232,9.831999894231558,11293.6,0.0,0.15,3.0,0.0004,15.0,0.01,-0.034178160036232655,0.0,0.20740850141246023,-0.03417632102871501,0.0,0.2072524074221454,0.0,0.0,0.0,0.616547334584324,0.0,-0.2644487849761873,-0.6152579781869703,0.0,0.2327337659797402,0.4075029943533468,0.0,-0.07370511883546779,0.47281056666289734,-2.252099356677598,-2.014106292439834,-0.12855029761969916,0.10929807640360299,0.02189314276767515,-0.06725,0.05918,0.01614,1.1925724452702768e-05,0.0,9.059859955179924e-05,-1.3764731970345534e-05,0.0,6.549539076302694e-05
827,8.270097800064832,hold,0.1561048229910114,7.178408980583287e-06,4.067400004714727,10.01300010830164,11293.6,0.0,0.15,3.0,0.0004,15.0,0.01,-0.034178160036232655,0.0,0.20740850141246023,-0.03417632102871501,0.0,0.2072524074221454,0.0,0.0,0.0,0.6157066612363274,0.0,-0.2708362688858019,-0.6150406500421564,0.0,0.237369280559506,0.40642971783994536,0.0,-0.07669223457402902,0.47281056666289734,-2.252099356677598,-2.014106292439834,-0.12884698384904023,0.10887402312955122,0.021675961495072192,-0.06994,0.06187,0.01076,3.08225800184099e-06,0.0,6.574321939925984e-05,-4.9212655194837555e-06,0.0,9.035077091556634e-05
828,8.280075100017712,hold,0.1561048229910114,3.920432943206018e-06,4.055199911817908,9.977299952879548,11293.6,0.0,0.15,3.0,0.0004,15.0,0.01,-0.034178160036232655,0.0,0.20740850141246023,-0.03417632102871501,0.0,0.2072524074221454,0.0,0.0,0.0,0.6154894817231126,0.0,-0.2754713657227374,-0.6152548084366116,0.0,0.24079206232463543,0.4059234740557133,0.0,-0.07882970825197395,0.47281056666289734,-2.252099356677598,-2.014106292439834,-0.12902056621010546,0.10858233338567105,0.021500547309640447,-0.07532,0.06456,0.00807,-3.0373029942179875e-06,0.0,4.854362739423334e-05,1.198295476575222e-06,0.0,0.00010755036292059284
829,8.29009240004234,hold,0.1561048229910114,2.4230582163207783e-06,4.000100074335933,10.01730002462864,11293.6,0.0,0.15,3.0,0.0004,15.0,0.01,-0.034178160036232655,0.0,0.20740850141246023,-0.03417632102871501,0.0,0.2072524074221454,0.0,0.0,0.0,0.615703742957881,0.0,-0.2788938584456412,-0.6157433854705305,0.0,0.24344356513076054,0.40580960147250417,0.0,-0.08037925277075045,0.47281056666289734,-2.252099356677598,-2.014106292439834,-0.12910896404802522,0.10838223559869754,0.02135403481066405,-0.07532,0.06187,0.00807,-6.929247353589547e-06,0.0,3.7604957922415274e-05,5.090239835946781e-06,0.0,0.00011848903239241091
830,8.300078199943528,hold,0.11555495898679079,4.537935877357502e-05,4.00179997086525,9.98579990118742,11293.6,0.0,0.15,3.0,0.0004,15.0,0.01,-0.03406079369777659,0.0,0.20725493414980856,-0.03417632102871501,0.0,0.2072524074221454,0.0,0.0,0.0,0.5875328833279497,0.0,-0.24404582851030024,-0.6080068730503768,0.0,0.23470946804557008,0.3888993416443799,0.0,-0.06621122608947197,0.47281056666289734,-2.252099356677598,-2.015640273227719,-0.13106535919708898,0.10927339695224664,0.03008535635734532,-0.07263,0.05918,0.01345,0.0001097231439295694,0.0,-0.0001238713957308098,5.804187008850314e-06,0.0,0.00012639812339396446
831,8.310137300053611,hold,0.1561048229910114,1.7265420282430994e-05,4.048099974170327,10.059100110083818,11293.6,0.0,0.15,3.0,0.0004,15.0,0.01,-0.034178160036232655,0.0,0.20740850141246023,-0.03417632102871501,0.0,0.2072524074221454,0.0,0.0,0.0,0.6084654810997567,0.0,-0.2728235035278353,-0.6118046853466516,0.0,0.24082280450036767,0.40125301757730514,0.0,-0.07815697008434025,0.47281056666289734,-2.252099356677598,-2.014106292439834,-0.12968030061793018,0.10845737502989919,0.021924917199634797,-0.07263,0.06456,0.01883,-5.386250064255254e-05,0.0,8.67024389403504e-05,5.2023493124909775e-05,0.0,6.939155137447578e-05
832,8.320062600076199,hold,0.07964610943638345,4.61920423404622e-05,4.229299956932664,9.92530002258718,11293.6,0.0,0.15,3.0,0.0004,15.0,0.01,-0.03424685779110939,0.0,0.20721542002024596,-0.03417632102871501,0.0,0.2072524074221454,0.0,0.0,0.0,0.6290296565206277,0.0,-0.23177698090469284,-0.619617178471851,0.0,0.23201706329419447,0.4187401715404465,0.0,-0.05746264426801351,0.47281056666289734,-2.2536333374654833,-2.014106292439834,-0.12586804681835417,0.11214045787293764,0.022520569773670118,-0.07263,0.056490000000000005,0.01345,-0.00011080074083407316,0.0,-0.0001248874890001516,4.026397843969338e-05,0.0,8.790008710070512e-05
833,8.3300753000658,hold,0.1561048229910114,2.85072122927142e-05,4.0345999877899885,10.01269998960197,11293.6,0.0,0.15,3.0,0.0004,15.0,0.01,-0.034178160036232655,0.0,0.20740850141246023,-0.03417632102871501,0.0,0.2072524074221454,0.0,0.0,0.0,0.6200611525896453,0.0,-0.270134976687559,-0.6199267632253561,0.0,0.24125967083528047,0.40950485811581855,0.0,-0.0760373247773165,0.47281056666289734,-2.252099356677598,-2.014106292439834,-0.1283619019298175,0.10909444763520591,0.02150651736497581,-0.06725,0.06456,0.01076,-4.390688028722805e-06,0.0,0.0001310833489872371,2.5516805110800393e-06,0.0,2.5010641327589077e-05
834,8.340105300070718,hold,0.07964610943638345,2.2879870273890294e-05,4.107899963855743,10.030000004917383,11293.6,0.0,0.15,3.0,0.0004,15.0,0.01,-0.03424685779110939,0.0,0.20721542002024596,-0.03417632102871501,0.0,0.2072524074221454,0.0,0.0,0.0,0.637150925806741,0.0,-0.23221458829417738,-0.6249914585331842,0.0,0.23470311135179098,0.4243440755525122,0.0,-0.05703475861796794,0.47281056666289734,-2.2536333374654833,-2.014106292439834,-0.12502047541660974,0.11244475434635791,0.022134190148134517,-0.06725,0.05918,0.01076,-7.183007821102752e-05,0.0,-9.298845278340635e-05,1.2933158166477385e-06,0.0,5.6001050883959855e-05
835,8.350318500073627,hold,0.1561048229910114,3.957453888750707e-05,4.494099877774715,10.213200002908707,11293.6,0.0,0.15,3.0,0.0004,15.0,0.01,-0.034178160036232655,0.0,0.20740850141246023,-0.03417632102871501,0.0,0.2072524074221454,0.0,0.0,0.0,0.6254347775698254,0.0,-0.2728215608562211,-0.6232335469565567,0.0,0.2454564068257971,0.4130272383745499,0.0,-0.07685437945001705,0.47281056666289734,-2.252099356677598,-2.014106292439834,-0.12787864202581212,0.10914971966461338,0.021155443681450156,-0.06994,0.06187,0.01614,2.4931593780587378e-05,0.0,0.00015250869163448196,-2.6770601298230143e-05,0.0,3.5852986803442245e-06
836,8.36005669995211,hold,0.1561048229910114,2.2664294364423507e-05,4.0699997916817665,9.73819987848401,11293.6,0.0,0.15,3.0,0.0004,15.0,0.01,-0.034178160036232655,0.0,0.20740850141246023,-0.03417632102871501,0.0,0.2072524074221454,0.0,0.0,0.0,0.623682019713427,0.0,-0.28355992657251755,-0.6219212985786798,0.0,0.2535971001186334,0.41098736321769086,0.0,-0.08190223034986556,0.47281056666289734,-2.252099356677598,-2.014106292439834,-0.12841345737005708,0.10842297208877094,0.020805721876707685,-0.06994,0.06456,0.00538,1.8610972207845817e-05,0.0,0.00011545544210974211,-2.0449979725488583e-05,0.0,4.063854820508407e-05
837,8.370076699880883,hold,0.1561048229910114,1.275308478883265e-05,3.9440998807549477,10.01999992877245,11293.6,0.0,0.15,3.0,0.0004,15.0,0.01,-0.034178160036232655,0.0,0.20740850141246023,-0.03417632102871501,0.0,0.2072524074221454,0.0,0.0,0.0,0.6223698690893098,0.0,-0.2917000209422424,-0.6209981274299874,0.0,0.2597132271118146,0.4094525128603614,0.0,-0.08572742928723447,0.47281056666289734,-2.252099356677598,-2.014106292439834,-0.12881711543502752,0.10787274284343085,0.0205398706948726,-0.07263,0.06187,0.01345,1.3092881561948158e-05,0.0,8.674201577136645e-05,-1.4931889079590924e-05,0.0,6.935197454345973e-05
838,8.380059499992058,hold,0.11555495898679079,4.024463664381437e-05,4.155999980866909,9.982800111174583,11293.6,0.0,0.15,3.0,0.0004,15.0,0.01,-0.03406079369777659,0.0,0.20725493414980856,-0.03417632102871501,0.0,0.2072524074221454,0.0,0.0,0.0,0.5927872886601323,0.0,-0.2603163163337461,-0.6120232255553101,0.0,0.2533740594794392,0.3912809697400062,0.0,-0.07326497870123548,0.47281056666289734,-2.252099356677598,-2.015640273227719,-0.13103836333857943,0.10849313791786033,0.029197213727953017,-0.07532,0.06187,0.01076,0.00012728661141726946,0.0,-8.990529126649775e-05,-1.1759280478849748e-05,0.0,9.24320189296524e-05
839,8.390143600059673,hold,0.1561048229910114,2.1964888587157365e-05,4.358799895271659,10.084100067615509,11293.6,0.0,0.15,3.0,0.0004,15.0,0.01,-0.034178160036232655,0.0,0.20740850141246023,-0.03417632102871501,0.0,0.2072524074221454,0.0,0.0,0.0,0.6124815383358001,0.0,-0.2914886657670934,-0.6147829631867395,0.0,0.26100809602422625,0.4026077509196924,0.0,-0.08638924885614306,0.47281056666289734,-2.252099356677598,-2.014106292439834,-0.1298600755261204,0.10748226632036864,0.020996750540527374,-0.07263,0.06187,0.01614,-3.9139999123166965e-05,0.0,0.00010826977907838984,3.73009916055242e-05,0.0,4.782421123643634e-05
840,8.400080000050366,hold,0.07964610943638345,3.740501534946493e-05,4.0917000733315945,9.936399990692735,11293.6,0.0,0.15,3.0,0.0004,15.0,0.01,-0.03424685779110939,0.0,0.20721542002024596,-0.03417632102871501,0.0,0.2072524074221454,0.0,0.0,0.0,0.6320076868690789,0.0,-0.2519626348132459,-0.6217617512251977,0.0,0.253038681769548,0.4192459686588806,0.0,-0.06647467209319581,0.47281056666289734,-2.2536333374654833,-2.014106292439834,-0.12621011075376637,0.11102841189123576,0.021580164228227762,-0.07263,0.05918,0.00807,-9.897671234947598e-05,0.0,-0.00011302627589952804,2.8439949955096197e-05,0.0,7.603887400008154e-05
841,8.410055999876931,hold,0.1561048229910114,3.054958877499366e-05,4.027599934488535,9.975999826565385,11293.6,0.0,0.15,3.0,0.0004,15.0,0.01,-0.034178160036232655,0.0,0.20740850141246023,-0.03417632102871501,0.0,0.2072524074221454,0.0,0.0,0.0,0.6222055265888009,0.0,-0.29115679440048997,-0.6214305949403286,0.0,0.2626062886720066,0.40938015503122516,0.0,-0.08549147958836664,0.47281056666289734,-2.252099356677598,-2.014106292439834,-0.1288169220501429,0.10789918614729366,0.020569036139260442,-0.06725,0.06456,0.01076,4.69662642991682e-06,0.0,0.00013569265480467554,-6.535633947559586e-06,0.0,2.0401335510150637e-05
842,8.420076600043103,hold,0.1561048229910114,1.7250748630815623e-05,4.019999876618385,10.02060016617179,11293.6,0.0,0.15,3.0,0.0004,15.0,0.01,-0.034178160036232655,0.0,0.20740850141246023,-0.03417632102871501,0.0,0.2072524074221454,0.0,0.0,0.0,0.6218794077930703,0.0,-0.3007095257333835,-0.6211236684488626,0.0,0.26979364159372143,0.40842109622337874,0.0,-0.08988740057590709,0.47281056666289734,-2.252099356677598,-2.014106292439834,-0.12916177054408215,0.10730298183727568,0.020202006183855356,-0.07532,0.056490000000000005,0.00807,4.352987207930056e-06,0.0,0.00010193468533024902,-6.191994725572822e-06,0.0,5.4159304984577165e-05
843,8.43017329997383,hold,0.1561048229910114,9.680951234194962e-06,3.966500051319599,10.096699930727482,11293.6,0.0,0.15,3.0,0.0004,15.0,0.01,-0.034178160036232655,0.0,0.20740850141246023,-0.03417632102871501,0.0,0.2072524074221454,0.0,0.0,0.0,0.62157247857519,0.0,-0.30789633514185644,-0.6208571340677514,0.0,0.27517618867909566,0.407656840081174,0.0,-0.09319930898060458,0.47281056666289734,-2.252099356677598,-2.014106292439834,-0.1294277483611344,0.1068519272279772,0.019928671057461725,-0.07263,0.0538,0.00538,3.7801258076762217e-06,0.0,7.633801336862161e-05,-5.619133325318987e-06,0.0,7.975597694620457e-05
844,8.44017169997096,hold,0.1561048229910114,5.574609275293988e-06,3.84490005671978,9.998399997130036,11293.6,0.0,0.15,3.0,0.0004,15.0,0.01,-0.034178160036232655,0.0,0.20740850141246023,-0.03417632102871501,0.0,0.2072524074221454,0.0,0.0,0.0,0.6213059538421233,0.0,-0.3132784519725106,-0.620638919930774,0.0,0.2792598402822941,0.4070590550006136,0.0,-0.09568237099175621,0.47281056666289734,-2.252099356677598,-2.014106292439834,-0.12963082909151702,0.10651264191341998,0.01972563653204252,-0.07263,0.0538,0.00807,3.0948235921750034e-06,0.0,5.791641870162684e-05,-4.933831109817769e-06,0.0,9.817757161319934e-05
845,8.450111899990588,hold,0.1561048229910114,3.443428156777374e-06,4.0134999435395,9.94020001962781,11293.6,0.0,0.15,3.0,0.0004,15.0,0.01,-0.034178160036232655,0.0,0.20740850141246023,-0.03417632102871501,0.0,0.2072524074221454,0.0,0.0,0.0,0.6210877512304532,0.0,-0.3173617939761978,-0.6204709492360082,0.0,0.2824695241165731,0.4065944260352965,0.0,-0.0975674646978142,0.47281056666289734,-2.252099356677598,-2.014106292439834,-0.12978660182434615,0.10625457812890099,0.01957232219080758,-0.07532,0.05918,0.00538,2.382245605878529e-06,0.0,4.552136443283978e-05,-4.221253123521295e-06,0.0,0.0001105726258819864
846,8.460233699996024,hold,0.11555495898679079,4.6929333617875605e-05,3.8449999410659075,10.121800005435944,11293.6,0.0,0.15,3.0,0.0004,15.0,0.01,-0.03406079369777659,0.0,0.20725493414980856,-0.03417632102871501,0.0,0.2072524074221454,0.0,0.0,0.0,0.5922602904595098,0.0,-0.28307192057581887,-0.6119745643876768,0.0,0.2741870459027369,0.3891441978780373,0.0,-0.08374313746629405,0.47281056666289734,-2.252099356677598,-2.015640273227719,-0.13183671423362697,0.10708027602264462,0.028312507802523527,-0.06994,0.05111,0.00538,0.00012050004019459168,0.0,-0.00011746630778784647,-4.972709256171961e-06,0.0,0.00011999303545100112
847,8.470072299940512,hold,0.1561048229910114,1.696806451704341e-05,4.017499973997474,9.838599944487214,11293.6,0.0,0.15,3.0,0.0004,15.0,0.01,-0.034178160036232655,0.0,0.20740850141246023,-0.03417632102871501,0.0,0.2072524074221454,0.0,0.0,0.0,0.6124329911988999,0.0,-0.31230118905156745,-0.6149964137088024,0.0,0.28065022006343715,0.40097755395818624,0.0,-0.0959158571556856,0.47281056666289734,-2.252099356677598,-2.014106292439834,-0.13054111675844182,0.10621032031266653,0.020167082882404604,-0.07532,0.05918,0.01614,-4.28574000775333e-05,0.0,9.16640147605807e-05,4.101839255989053e-05,0.0,6.442997555424548e-05
848,8.480432200012729,hold,0.1961059526721933,0.00012725748434036575,3.7022000178694725,10.359900072216988,11293.6,0.0,0.15,3.0,0.0004,15.0,0.01,-0.034129256021602314,0.0,0.20706203297591128,-0.03417632102871501,0.0,0.2072524074221454,0.0,0.0,0.0,0.6035042082359082,0.0,-0.23414913814779872,-0.6136825179036058,0.0,0.26115544817879627,0.4008160097278749,0.0,-0.06011131338890516,0.47281056666289734,-2.2536333374654833,-2.015640273227719,-0.12875023967011348,0.11087070391947365,0.029645388743142258,-0.06994,0.0538,0.01345,1.8634336857844714e-05,0.0,-0.0002764847447023261,2.8430670254853518e-05,0.0,8.611029846819994e-05
849,8.49013360007666,hold,0.11555495898679079,1.2617208776394222e-05,4.079899983480573,9.701400063931942,11293.6,0.0,0.15,3.0,0.0004,15.0,0.01,-0.03406079369777659,0.0,0.20725493414980856,-0.03417632102871501,0.0,0.2072524074221454,0.0,0.0,0.0,0.5854764064198515,0.0,-0.2617865840035672,-0.6080661668768167,0.0,0.2636670666755164,0.38609100689337517,0.0,-0.07450828932249057,0.47281056666289734,-2.252099356677598,-2.015640273227719,-0.13186247383122174,0.10810470054645083,0.029470305977775856,-0.06994,0.056490000000000005,0.01345,7.965393947614566e-05,0.0,3.56210476821443e-05,3.5873391462274055e-05,0.0,-3.309432001898965e-05
850,8.500269599957392,hold,0.07964610943638345,3.227490184747163e-05,3.9649000391364098,10.135999880731106,11293.6,0.0,0.15,3.0,0.0004,15.0,0.01,-0.03424685779110939,0.0,0.20721542002024596,-0.03417632102871501,0.0,0.2072524074221454,0.0,0.0,0.0,0.6253004710807908,0.0,-0.2546354977858971,-0.6178929552794128,0.0,0.26417592346579916,0.41438307291149135,0.0,-0.06821735906982009,0.47281056666289734,-2.2536333374654833,-2.014106292439834,-0.12700902923841956,0.11059169065541462,0.021778243755382898,-0.07532,0.06456,0.01614,-0.0001393684983242175,0.0,7.216865146404325e-06,6.88317359298377e-05,0.0,-4.420426704585082e-05
851,8.510279000038281,hold,0.1561048229910114,8.236467745093176e-05,3.93799995072186,10.009400080889463,11293.6,0.0,0.15,3.0,0.0004,15.0,0.01,-0.034178160036232655,0.0,0.20740850141246023,-0.03417632102871501,0.0,0.2072524074221454,0.0,0.0,0.0,0.6183373949011188,0.0,-0.30229603813769834,-0.6193781890485183,0.0,0.27982482480116144,0.40584178599211523,0.0,-0.09088502313621104,0.47281056666289734,-2.252099356677598,-2.014106292439834,-0.12958934082930196,0.10706168513122508,0.020299222782531434,-0.07532,0.06187,0.01345,-2.1064338782949082e-05,0.0,0.0002219406575353853,1.9225331265306317e-05,0.0,-6.584666722055912e-05
852,8.520288999890909,hold,0.11555495898679079,1.9670845737925825e-05,3.6873999051749706,10.009999852627516,11293.6,0.0,0.15,3.0,0.0004,15.0,0.01,-0.03406079369777659,0.0,0.20725493414980856,-0.03417632102871501,0.0,0.2072524074221454,0.0,0.0,0.0,0.5911679327132708,0.0,-0.28043016244746766,-0.6117020969430791,0.0,0.2801250700385779,0.38859142328449614,0.0,-0.08261647202002456,0.47281056666289734,-2.252099356677598,-2.015640273227719,-0.13186649430259362,0.10719719396200658,0.028467568218527868,-0.06456,0.056490000000000005,0.00807,0.00010886623237463951,0.0,4.258230273552143e-06,6.661098563780208e-06,0.0,-1.7315026103974941e-06
853,8.530056399991736,hold,0.1561048229910114,5.066981698762494e-05,4.0698000229895115,9.767400100827217,11293.6,0.0,0.15,3.0,0.0004,15.0,0.01,-0.034178160036232655,0.0,0.20740850141246023,-0.03417632102871501,0.0,0.2072524074221454,0.0,0.0,0.0,0.612160719113357,0.0,-0.3182412588100427,-0.6149355545382379,0.0,0.2920227253934444,0.40033298095999365,0.0,-0.09865465446703538,0.47281056666289734,-2.252099356677598,-2.014106292439834,-0.1307629272052272,0.10583675464930661,0.019942007814508216,-0.07532,0.056490000000000005,0.01614,-4.585853597023209e-05,0.0,0.00016873858400662898,4.4019528452589325e-05,0.0,-1.2644593691802801e-05
854,8.54008929990232,hold,0.1561048229910114,2.3737500704846125e-05,4.058800172060728,10.032899910584092,11293.6,0.0,0.15,3.0,0.0004,15.0,0.01,-0.034178160036232655,0.0,0.20740850141246023,-0.03417632102871501,0.0,0.2072524074221454,0.0,0.0,0.0,0.6153851939578681,0.0,-0.33012652248091484,-0.6169054851649348,0.0,0.300228325642088,0.401658559172967,0.0,-0.1038454751083161,0.47281056666289734,-2.252099356677598,-2.014106292439834,-0.13080656546459338,0.1052430597062389,0.019320729283619574,-0.06994,0.06187,0.00807,-2.7938555507422653e-05,0.0,0.00011637598548475474,2.6099547989779888e-05,0.0,3.9718004830071444e-05
855,8.550054699881002,hold,0.11555495898679079,2.8219078496485915e-05,4.0172000881284475,9.965399978682399,11293.6,0.0,0.15,3.0,0.0004,15.0,0.01,-0.03406079369777659,0.0,0.20725493414980856,-0.03417632102871501,0.0,0.2072524074221454,0.0,0.0,0.0,0.5886953358465621,0.0,-0.30083191267470644,-0.609528705059105,0.0,0.29472920291571697,0.38528711318587716,0.0,-0.0921664178526555,0.47281056666289734,-2.252099356677598,-2.015640273227719,-0.13279460050850894,0.10584880450553585,0.02776515056933692,-0.06994,0.056490000000000005,0.00807,0.00010462123775310537,0.0,-7.799134824887786e-05,1.0906093185314344e-05,0.0,8.051807591203251e-05
856,8.560078399954364,hold,0.1561048229910114,2.3021244595997426e-05,3.9997000712901354,10.023700073361397,11293.6,0.0,0.15,3.0,0.0004,15.0,0.01,-0.034178160036232655,0.0,0.20740850141246023,-0.03417632102871501,0.0,0.2072524074221454,0.0,0.0,0.0,0.6099873985627866,0.0,-0.33284400916058127,-0.6129179468987244,0.0,0.3023171389684632,0.39770486623629137,0.0,-0.10550293681368156,0.47281056666289734,-2.252099356677598,-2.014106292439834,-0.1314678887937728,0.10485704906863912,0.019456900270830732,-0.07263,0.05918,0.01614,-4.8067947155611075e-05,0.0,0.00010761595851316411,4.622893963796831e-05,0.0,4.847803180166207e-05
857,8.570054299896583,hold,0.1961059526721933,0.00012808268778683008,4.070200026035309,9.975899942219257,11293.6,0.0,0.15,3.0,0.0004,15.0,0.01,-0.034129256021602314,0.0,0.20706203297591128,-0.03417632102871501,0.0,0.2072524074221454,0.0,0.0,0.0,0.6014258288160588,0.0,-0.2558163247859196,-0.6114474849098995,0.0,0.28277012372572313,0.39767208926358305,0.0,-0.07021924950934731,0.47281056666289734,-2.2536333374654833,-2.015640273227719,-0.12968043453855216,0.10945925336503082,0.02887653034988693,-0.07263,0.056490000000000005,0.01345,2.0854837901182676e-05,0.0,-0.00027722568651031006,2.6210169211515556e-05,0.0,8.685124027618392e-05
858,8.580053600016981,hold,0.1561048229910114,5.499417120441746e-05,4.008699906989932,9.999300120398402,11293.6,0.0,0.15,3.0,0.0004,15.0,0.01,-0.034178160036232655,0.0,0.20740850141246023,-0.03417632102871501,0.0,0.2072524074221454,0.0,0.0,0.0,0.6119008379931564,0.0,-0.3209005956883075,-0.6137145126290016,0.0,0.2954130307859714,0.39994866788881345,0.0,-0.09989138393693982,0.47281056666289734,-2.252099356677598,-2.014106292439834,-0.13087688026705044,0.10566388247727283,0.019847500563012842,-0.07532,0.0538,0.01345,-3.215213719134876e-05,0.0,0.00017930812176376344,3.0313129673705997e-05,0.0,-2.3214131448937264e-05
859,8.590085400035605,hold,0.1561048229910114,2.7127255190066164e-05,3.98120004683733,10.031800018623471,11293.6,0.0,0.15,3.0,0.0004,15.0,0.01,-0.034178160036232655,0.0,0.20740850141246023,-0.03417632102871501,0.0,0.2072524074221454,0.0,0.0,0.0,0.6141639300880057,0.0,-0.3335169817440953,-0.6148576868325701,0.0,0.3043614897767974,0.4005511110671806,0.0,-0.10549048057463846,0.47281056666289734,-2.252099356677598,-2.014106292439834,-0.13104632978000413,0.10498635740744396,0.019240597670432784,-0.07263,0.056490000000000005,0.00807,-1.6213076495291017e-05,0.0,0.00012691158502382895,1.4374068977648251e-05,0.0,2.9182405290997235e-05
860,8.600070300046355,hold,0.07964610943638345,2.8503604184457213e-05,4.095899872481823,9.984900010749698,11293.6,0.0,0.15,3.0,0.0004,15.0,0.01,-0.03424685779110939,0.0,0.20721542002024596,-0.03417632102871501,0.0,0.2072524074221454,0.0,0.0,0.0,0.6320820394328679,0.0,-0.29531636068323697,-0.620083194885331,0.0,0.2967322776193133,0.415943784829701,0.0,-0.08631929028849379,0.47281056666289734,-2.2536333374654833,-2.014106292439834,-0.1276156454606327,0.108382332514914,0.019847585415779086,-0.07263,0.05918,0.00538,-7.411080614109801e-05,0.0,-0.00010820135717021349,3.574043746718233e-06,0.0,7.1213955270767e-05
861,8.610059099970385,hold,0.11555495898679079,3.725391045202399e-05,4.0081997867673635,9.9887999240309,11293.6,0.0,0.15,3.0,0.0004,15.0,0.01,-0.03406079369777659,0.0,0.20725493414980856,-0.03417632102871501,0.0,0.2072524074221454,0.0,0.0,0.0,0.5918670500248933,0.0,-0.2973511221221158,-0.6096525713264448,0.0,0.29501070173400346,0.38775994450826334,0.0,-0.09032307730476835,0.47281056666289734,-2.252099356677598,-2.015640273227719,-0.13234432175061778,0.10619114732076528,0.027760191190810406,-0.06725,0.06187,0.01076,0.00014793239484052793,0.0,-2.4416262572971468e-05,-3.240506390210821e-05,0.0,2.6942990236126116e-05
862,8.620074999984354,hold,0.1561048229910114,3.717688715636691e-05,4.006600007414818,10.015900013968349,11293.6,0.0,0.15,3.0,0.0004,15.0,0.01,-0.034178160036232655,0.0,0.20740850141246023,-0.03417632102871501,0.0,0.2072524074221454,0.0,0.0,0.0,0.6101105453731651,0.0,-0.33312638464671834,-0.610860014058359,0.0,0.30550225755372096,0.3977686503018638,0.0,-0.10562269276991129,0.47281056666289734,-2.252099356677598,-2.014106292439834,-0.1314639846979337,0.10484484222403961,0.019440029160541383,-0.07263,0.06456,0.01345,-1.71245653681635e-05,0.0,0.0001487965670750005,1.5285557850520735e-05,0.0,7.297423239825668e-06
863,8.630053099943325,hold,0.1561048229910114,1.7892778686322834e-05,4.042899934574962,9.978099958971143,11293.6,0.0,0.15,3.0,0.0004,15.0,0.01,-0.034178160036232655,0.0,0.20740850141246023,-0.03417632102871501,0.0,0.2072524074221454,0.0,0.0,0.0,0.6113091705363272,0.0,-0.3436057195397297,-0.6114265600893434,0.0,0.31280686990851053,0.3977964493382686,0.0,-0.11032562436029271,0.47281056666289734,-2.252099356677598,-2.014106292439834,-0.1316770457117837,0.10425429587527661,0.018966816625106034,-0.06456,0.056490000000000005,0.00538,-8.035043224190757e-06,0.0,0.00010359771809664625,6.1960357065479915e-06,0.0,5.249627221817993e-05
864,8.6401994000189,hold,0.07964610943638345,3.4312768216864545e-05,3.9196000434458256,10.14630007557571,11293.6,0.0,0.15,3.0,0.0004,15.0,0.01,-0.03424685779110939,0.0,0.20721542002024596,-0.03417632102871501,0.0,0.2072524074221454,0.0,0.0,0.0,0.6286507753340794,0.0,-0.3037613489243052,-0.6164353446664705,0.0,0.3039835835757133,0.4129085177356054,0.0,-0.09045143599047774,0.47281056666289734,-2.2536333374654833,-2.014106292439834,-0.1282550999689713,0.1077264413082708,0.019666621880875923,-0.07801000000000001,0.056490000000000005,0.00807,-7.10371238643231e-05,0.0,-0.0001251363228866993,5.003614699433179e-07,0.0,8.81489209872528e-05
865,8.650058900006115,hold,0.07964610943638345,1.233532947371903e-05,4.032300086691976,9.859499987214804,11293.6,0.0,0.15,3.0,0.0004,15.0,0.01,-0.03424685779110939,0.0,0.20721542002024596,-0.03417632102871501,0.0,0.2072524074221454,0.0,0.0,0.0,0.6336538472758898,0.0,-0.29495325015279616,-0.6193209601972028,0.0,0.29862828606484115,0.4170630182148905,0.0,-0.08603143945439974,0.47281056666289734,-2.2536333374654833,-2.014106292439834,-0.12743700523444193,0.10846858969205098,0.019790665809128527,-0.06994,0.06187,0.00807,-4.0925263349819245e-05,0.0,-7.595154607913352e-05,-2.9611499044560536e-05,0.0,3.896414417968703e-05
866,8.660071099875495,hold,0.11555495898679079,4.703706614681349e-05,4.015200072899461,10.012199869379401,11293.6,0.0,0.15,3.0,0.0004,15.0,0.01,-0.03406079369777659,0.0,0.20725493414980856,-0.03417632102871501,0.0,0.2072524074221454,0.0,0.0,0.0,0.5911042661671706,0.0,-0.29924764879074217,-0.6074421390342666,0.0,0.2986976129673909,0.38708279261715095,0.0,-0.09125230531237806,0.47281056666289734,-2.252099356677598,-2.015640273227719,-0.1324871752632584,0.10604403992785158,0.027719081976507465,-0.07263,0.056490000000000005,0.00538,0.00016847146794195662,0.0,9.83229301983416e-07,-5.2944137003536906e-05,0.0,1.5434983611712328e-06
867,8.67028190009296,hold,0.07964610943638345,1.0808618016175081e-05,5.005100043490529,10.210800217464566,11293.6,0.0,0.15,3.0,0.0004,15.0,0.01,-0.03424685779110939,0.0,0.20721542002024596,-0.03417632102871501,0.0,0.2072524074221454,0.0,0.0,0.0,0.6246749649677134,0.0,-0.289665480595991,-0.6127953125796733,0.0,0.29675612203481305,0.411238965726937,0.0,-0.08430492545217319,0.47281056666289734,-2.2536333374654833,-2.014106292439834,-0.12821746174643397,0.1084257025018401,0.020409457212034396,-0.07532,0.05918,0.01614,-7.592142292340114e-05,0.0,-2.7535209337769883e-05,5.384660529021359e-06,0.0,-9.45219256167661e-06
868,8.680081699974835,hold,0.11555495898679079,3.439926206729013e-05,4.952100105583668,9.799799881875515,11293.6,0.0,0.15,3.0,0.0004,15.0,0.01,-0.03406079369777659,0.0,0.20725493414980856,-0.03417632102871501,0.0,0.2072524074221454,0.0,0.0,0.0,0.584579183825062,0.0,-0.2973763033986189,-0.6029247537706809,0.0,0.2991581742823903,0.3826984211770249,0.0,-0.0909017895645984,0.47281056666289734,-2.252099356677598,-2.015640273227719,-0.13311884274309846,0.10589200647186447,0.028089940671634617,-0.07532,0.05918,0.01076,0.00013998927243276456,0.0,3.4067123553073125e-05,-2.4461941494344843e-05,0.0,-3.1540395889918476e-05
869,8.690058100037277,hold,0.11555495898679079,1.5302917910707062e-05,4.1062000673264265,9.976400062441826,11293.6,0.0,0.15,3.0,0.0004,15.0,0.01,-0.03406079369777659,0.0,0.20725493414980856,-0.03417632102871501,0.0,0.2072524074221454,0.0,0.0,0.0,0.5747233594647359,0.0,-0.2997754911792848,-0.5965637984228616,0.0,0.3014920553408783,0.3756693541292746,0.0,-0.09276921582603212,0.47281056666289734,-2.252099356677598,-2.015640273227719,-0.13424343721760884,0.10534284918137639,0.028441441969005825,-0.07263,0.0538,0.01076,9.021429569998452e-05,0.0,3.3100285165688594e-05,2.5313035238435196e-05,0.0,-3.0573557502533945e-05
870,8.700075699947774,hold,0.1561048229910114,6.413305172392272e-05,3.9972998201847076,10.017599910497665,11293.6,0.0,0.15,3.0,0.0004,15.0,0.01,-0.034178160036232655,0.0,0.20740850141246023,-0.03417632102871501,0.0,0.2072524074221454,0.0,0.0,0.0,0.5970227197459805,0.0,-0.339608709759716,-0.6011455643059384,0.0,0.3145842887853461,0.3881904658091048,0.0,-0.10959267330657155,0.47281056666289734,-2.252099356677598,-2.014106292439834,-0.13306400600903898,0.103915405467246,0.01977446083433846,-0.06994,0.05918,0.01345,-6.498092811572608e-05,0.0,0.00018568069649118748,6.314192059808332e-05,0.0,-2.9586706176361295e-05
871,8.710054500028491,hold,0.1561048229910114,2.910347035309136e-05,4.068099893629551,9.97880008071661,11293.6,0.0,0.15,3.0,0.0004,15.0,0.01,-0.034178160036232655,0.0,0.20740850141246023,-0.03417632102871501,0.0,0.2072524074221454,0.0,0.0,0.0,0.6015955252865887,0.0,-0.3526883705216298,-0.6043928122711764,0.0,0.3233458977535398,0.39035995606231655,0.0,-0.11522656747737536,0.47281056666289734,-2.252099356677598,-2.014106292439834,-0.13300328282357426,0.1033038315101503,0.019044296384593033,-0.07532,0.05918,0.01076,-4.6054117994647754e-05,0.0,0.00012426158321253206,4.421511047700499e-05,0.0,3.1832407102294125e-05
872,8.72007429995574,hold,0.1561048229910114,1.1816640551205183e-05,4.0484999772161245,10.01979992724955,11293.6,0.0,0.15,3.0,0.0004,15.0,0.01,-0.034178160036232655,0.0,0.20740850141246023,-0.03417632102871501,0.0,0.2072524074221454,0.0,0.0,0.0,0.604842469593447,0.0,-0.3614489661336061,-0.6065346750078893,0.0,0.3289012866391801,0.3919408155100685,0.0,-0.11898595547917365,0.47281056666289734,-2.252099356677598,-2.014106292439834,-0.13294306189254668,0.10290171822273146,0.01854689075794099,-0.07263,0.056490000000000005,0.00807,-3.0376983914033474e-05,0.0,7.878934346385186e-05,2.853797639639071e-05,0.0,7.730464685097432e-05
873,8.730101499939337,hold,0.11555495898679079,3.6339190697048476e-05,4.021800123155117,10.027199983596802,11293.6,0.0,0.15,3.0,0.0004,15.0,0.01,-0.03406079369777659,0.0,0.20725493414980856,-0.03417632102871501,0.0,0.2072524074221454,0.0,0.0,0.0,0.5783245667184108,0.0,-0.32950424179209337,-0.599422798934445,0.0,0.3212567597861228,0.3758558975336858,0.0,-0.10612442781181806,0.47281056666289734,-2.252099356677598,-2.015640273227719,-0.13483102617336531,0.10367220538252836,0.027090944867549663,-0.07263,0.05111,0.00807,0.00010086423437814302,0.0,-0.00010841855795208616,1.4663096560276693e-05,0.0,0.00011094528561524081
874,8.740073499968275,hold,0.11555495898679079,1.5748079507986816e-05,3.98389995098114,9.972000028938055,11293.6,0.0,0.15,3.0,0.0004,15.0,0.01,-0.03406079369777659,0.0,0.20725493414980856,-0.03417632102871501,0.0,0.2072524074221454,0.0,0.0,0.0,0.5712220535792171,0.0,-0.3218717056191143,-0.594743838185097,0.0,0.31622172603946114,0.37151900004025323,0.0,-0.10317640621515463,0.47281056666289734,-2.252099356677598,-2.015640273227719,-0.13533603596228022,0.10384884790363666,0.02771805222590304,-0.07263,0.0538,0.01614,6.635939501681984e-05,0.0,-7.140940290304841e-05,4.9167935921599876e-05,0.0,7.393613056620306e-05
875,8.750063499901444,hold,0.1561048229910114,3.12106879844141e-05,4.111299989745021,9.989999933168292,11293.6,0.0,0.15,3.0,0.0004,15.0,0.01,-0.034178160036232655,0.0,0.20740850141246023,-0.03417632102871501,0.0,0.2072524074221454,0.0,0.0,0.0,0.5952031603081008,0.0,-0.3543366239456191,-0.6001778975901271,0.0,0.32422816484431355,0.38579820545659066,0.0,-0.11647108830881424,0.47281056666289734,-2.252099356677598,-2.014106292439834,-0.13373547420158508,0.10294249340347328,0.01926830760364464,-0.07532,0.056490000000000005,0.01883,-7.706858721854114e-05,0.0,0.00011355137685291253,7.522957970089838e-05,0.0,4.2542613461913647e-05
876,8.760065699927509,hold,0.11555495898679079,1.7749440539121207e-05,4.076699959114194,10.002200026065111,11293.6,0.0,0.15,3.0,0.0004,15.0,0.01,-0.03406079369777659,0.0,0.20725493414980856,-0.03417632102871501,0.0,0.2072524074221454,0.0,0.0,0.0,0.5719685595145958,0.0,-0.3248316854960512,-0.5952922084160104,0.0,0.3188079837669618,0.371806903866925,0.0,-0.10447594327417703,0.47281056666289734,-2.252099356677598,-2.015640273227719,-0.13535335445972127,0.1036983500742248,0.027565981580218397,-0.07801000000000001,0.05111,0.00538,6.929132241166835e-05,0.0,-7.687175773483509e-05,4.623600852675136e-05,0.0,7.939848539798973e-05
877,8.770054700085893,hold,0.1561048229910114,2.9065254183086932e-05,3.9874999783933163,9.989000158384442,11293.6,0.0,0.15,3.0,0.0004,15.0,0.01,-0.034178160036232655,0.0,0.20740850141246023,-0.03417632102871501,0.0,0.2072524074221454,0.0,0.0,0.0,0.5957514957040202,0.0,-0.35692280894370054,-0.6003557519765799,0.0,0.32665376538254837,0.38598028128782463,0.0,-0.11761234906351502,0.47281056666289734,-2.252099356677598,-2.014106292439834,-0.13376124496002978,0.1028070543693059,0.019140071894317948,-0.07532,0.0538,0.01614,-7.181374354711738e-05,0.0,0.00011127285509222674,6.997473602947461e-05,0.0,4.4821135222599445e-05
878,8.780069200089201,hold,0.11555495898679079,1.9298007674581996e-05,4.026999929919839,10.014500003308058,11293.6,0.0,0.15,3.0,0.0004,15.0,0.01,-0.03406079369777659,0.0,0.20725493414980856,-0.03417632102871501,0.0,0.2072524074221454,0.0,0.0,0.0,0.5721463254766642,0.0,-0.3272572477640994,-0.5950165271119614,0.0,0.3212328152011884,0.371741552793854,0.0,-0.10557462389234493,0.47281056666289734,-2.252099356677598,-2.015640273227719,-0.13541361650452224,0.10355730345628171,0.027461061929811056,-0.07532,0.0538,0.00807,7.572359565619644e-05,0.0,-7.688266555805081e-05,3.9803735282223276e-05,0.0,7.940939322120546e-05
879,8.790053599979728,hold,0.07964610943638345,4.134176125284026e-05,4.049299983307719,9.98439989052713,11293.6,0.0,0.15,3.0,0.0004,15.0,0.01,-0.03424685779110939,0.0,0.20721542002024596,-0.03417632102871501,0.0,0.2072524074221454,0.0,0.0,0.0,0.6122509032077141,0.0,-0.31219939799116114,-0.6045057565479418,0.0,0.3154035949729036,0.4008710249060665,0.0,-0.09558364247492021,0.47281056666289734,-2.2536333374654833,-2.014106292439834,-0.13027057170179082,0.10654235234823992,0.02007506067350244,-0.07263,0.056490000000000005,0.01614,-0.00013458106581364378,0.0,-8.267295848179404e-05,6.4044303419264e-05,0.0,4.5685556582347546e-05
880,8.800066800089553,hold,0.11555495898679079,1.9327165601728104e-05,4.018500214442611,10.013200109824538,11293.6,0.0,0.15,3.0,0.0004,15.0,0.01,-0.03406079369777659,0.0,0.20725493414980856,-0.03417632102871501,0.0,0.2072524074221454,0.0,0.0,0.0,0.5762906134237922,0.0,-0.31602284966847377,-0.5968927819473374,0.0,0.31524830641654056,0.3754929963254407,0.0,-0.10009930451902273,0.47281056666289734,-2.252099356677598,-2.015640273227719,-0.13460712465644123,0.104413438917253,0.027721561798730213,-0.06994,0.056490000000000005,0.01076,0.00010797106790111912,0.0,-2.2023810853129306e-06,7.556263037300593e-06,0.0,4.729108748467579e-06
881,8.8102456999477,hold,0.11555495898679079,1.0331198933309724e-05,3.8759999442845583,10.178899858146906,11293.6,0.0,0.15,3.0,0.0004,15.0,0.01,-0.03406079369777659,0.0,0.20725493414980856,-0.03417632102871501,0.0,0.2072524074221454,0.0,0.0,0.0,0.5686919254548787,0.0,-0.31586501385470966,-0.5913885341342533,0.0,0.31608308351977726,0.3702299294908407,0.0,-0.10061826270827615,0.47281056666289734,-2.252099356677598,-2.015640273227719,-0.13540867237606985,0.10411279579235885,0.02807272552778723,-0.07263,0.056490000000000005,0.01345,7.80640348286345e-05,0.0,1.1839232366375407e-05,3.7463296109785214e-05,0.0,-9.312504703220758e-06
882,8.820245099952444,hold,0.1561048229910114,5.78398676035578e-05,3.8278999272733927,9.99940000474453,11293.6,0.0,0.15,3.0,0.0004,15.0,0.01,-0.034178160036232655,0.0,0.20740850141246023,-0.03417632102871501,0.0,0.2072524074221454,0.0,0.0,0.0,0.591847659343405,0.0,-0.3541993807583419,-0.5958393216700195,0.0,0.32848107098235124,0.3834805336794601,0.0,-0.11666568984778164,0.47281056666289734,-2.252099356677598,-2.014106292439834,-0.13408726390190073,0.10281398741389855,0.019425963863195297,-0.07532,0.05918,0.01614,-6.312332674793315e-05,0.0,0.00017583454778011918,6.128431923029039e-05,0.0,-1.9740557465293e-05
883,8.830068199895322,hold,0.1561048229910114,2.6968281273059518e-05,4.087700042873621,9.823099942877889,11293.6,0.0,0.15,3.0,0.0004,15.0,0.01,-0.034178160036232655,0.0,0.20740850141246023,-0.03417632102871501,0.0,0.2072524074221454,0.0,0.0,0.0,0.5962892511242556,0.0,-0.36658498739886713,-0.5983099105146718,0.0,0.3371298301176179,0.38561222220298885,0.0,-0.1219920810522725,0.47281056666289734,-2.252099356677598,-2.014106292439834,-0.13401793199243095,0.10223941157021092,0.01872949100742685,-0.07263,0.048420000000000005,0.00807,-3.503914434188667e-05,0.0,0.0001226610896324507,3.3200136824243905e-05,0.0,3.3432900682375485e-05
884,8.840291700093076,hold,0.1561048229910114,1.1679054175840156e-05,3.7797000259160995,10.22350019775331,11293.6,0.0,0.15,3.0,0.0004,15.0,0.01,-0.034178160036232655,0.0,0.20740850141246023,-0.03417632102871501,0.0,0.2072524074221454,0.0,0.0,0.0,0.5987593824353824,0.0,-0.3752328717580729,-0.5993006664871612,0.0,0.3429655447379962,0.3866627393617134,0.0,-0.12575948613240456,0.47281056666289734,-2.252099356677598,-2.014106292439834,-0.13403652340853153,0.10181248742279009,0.01827181858505697,-0.07263,0.056490000000000005,0.00807,-1.4051403819291484e-05,0.0,8.276506524511435e-05,1.2212396301648718e-05,0.0,7.332892506971183e-05
885,8.850041599944234,hold,0.1561048229910114,4.909136658125741e-06,4.021700005978346,9.749899851158261,11293.6,0.0,0.15,3.0,0.0004,15.0,0.01,-0.034178160036232655,0.0,0.20740850141246023,-0.03417632102871501,0.0,0.2072524074221454,0.0,0.0,0.0,0.5997497856396895,0.0,-0.38106791580084987,-0.5992453194781308,0.0,0.3468027763811171,0.3869023245063054,0.0,-0.1283533694951621,0.47281056666289734,-2.252099356677598,-2.014106292439834,-0.13412086748990162,0.10149683848850853,0.017993679512133376,-0.07532,0.05111,0.00538,7.849593599945841e-07,0.0,5.442156581723573e-05,-2.6239668776373497e-06,0.0,0.00010167242449759045
886,8.860056400066242,hold,0.1561048229910114,2.2943764821401285e-06,3.9706998504698277,10.014800122007728,11293.6,0.0,0.15,3.0,0.0004,15.0,0.01,-0.034178160036232655,0.0,0.20740850141246023,-0.03417632102871501,0.0,0.2072524074221454,0.0,0.0,0.0,0.5996941892935154,0.0,-0.3849046711042511,-0.5985035179179534,0.0,0.34931929379447607,0.3865694346608465,0.0,-0.1301131627005214,0.47281056666289734,-2.252099356677598,-2.014106292439834,-0.13425136874036103,0.10126045442640744,0.017842847022242765,-0.07263,0.05918,0.01345,1.0520606047563362e-05,0.0,3.569052660317015e-05,-1.2359613565206127e-05,0.0,0.00012040346371165603
887,8.87008580006659,hold,0.11555495898679079,5.856429224397222e-05,3.984099952504039,10.029400000348687,11293.6,0.0,0.15,3.0,0.0004,15.0,0.01,-0.03406079369777659,0.0,0.20725493414980856,-0.03417632102871501,0.0,0.2072524074221454,0.0,0.0,0.0,0.5702927220816721,0.0,-0.3499215248215365,-0.5889845343882315,0.0,0.34009531258825065,0.3686908994360984,0.0,-0.11611413448934689,0.47281056666289734,-2.252099356677598,-2.015640273227719,-0.13634982381386798,0.10209585342516911,0.026640209761649755,-0.07532,0.05918,0.01076,0.00013500305346554663,0.0,-0.00013081918085697424,-1.9475722527126913e-05,0.0,0.00013334590852012888
888,8.880053299944848,hold,0.1961059526721933,0.00012521880144321382,3.961100010201335,9.967499878257513,11293.6,0.0,0.15,3.0,0.0004,15.0,0.01,-0.034129256021602314,0.0,0.20706203297591128,-0.03417632102871501,0.0,0.2072524074221454,0.0,0.0,0.0,0.5775009225966757,0.0,-0.29360564717573084,-0.5872665333515051,0.0,0.3207897466352036,0.3780885486408743,0.0,-0.08944131272311052,0.47281056666289734,-2.2536333374654833,-2.015640273227719,-0.13345692108115442,0.1061692485567352,0.02845845565248198,-0.07263,0.0538,0.01614,2.436556225681444e-05,0.0,-0.00027380133019496767,2.2699444855883793e-05,0.0,8.342688396084153e-05
889,8.890042799990624,hold,0.1961059526721933,4.378992991751667e-05,4.224400036036968,9.989500045776367,11293.6,0.0,0.15,3.0,0.0004,15.0,0.01,-0.034129256021602314,0.0,0.20706203297591128,-0.03417632102871501,0.0,0.2072524074221454,0.0,0.0,0.0,0.5757780183029867,0.0,-0.27431667339325405,-0.5859298731842826,0.0,0.3094062880504891,0.3784054945387823,0.0,-0.08072323085679868,0.47281056666289734,-2.2536333374654833,-2.015640273227719,-0.13300799326964635,0.10727997800740521,0.029305365544316772,-0.07263,0.05918,0.01883,1.8957192588617537e-05,0.0,-0.00016144598455670897,2.8107814524080695e-05,0.0,-2.8928461677417167e-05
890,8.90027379989624,hold,0.07964610943638345,2.7130150902252323e-05,3.840100020170212,10.230999905616045,11293.6,0.0,0.15,3.0,0.0004,15.0,0.01,-0.03424685779110939,0.0,0.20721542002024596,-0.03417632102871501,0.0,0.2072524074221454,0.0,0.0,0.0,0.6031584491223796,0.0,-0.3003904211273861,-0.593250439408298,0.0,0.3146788360935666,0.39547260509721077,0.0,-0.09088004914250664,0.47281056666289734,-2.2536333374654833,-2.014106292439834,-0.1308504751394064,0.10689331125367357,0.020959115351842937,-0.07263,0.06187,0.01614,-0.00010382398396351781,0.0,7.477795114748504e-05,3.328722156913803e-05,0.0,-0.00011176535304693153
891,8.91021030000411,hold,0.1561048229910114,0.00011854645569679417,3.7449998781085014,9.936500107869506,11293.6,0.0,0.15,3.0,0.0004,15.0,0.01,-0.034178160036232655,0.0,0.20740850141246023,-0.03417632102871501,0.0,0.2072524074221454,0.0,0.0,0.0,0.5936942899875239,0.0,-0.35280006234639055,-0.5927312761811824,0.0,0.33353009166538444,0.38486915088121093,0.0,-0.11588377040196365,0.47281056666289734,-2.252099356677598,-2.014106292439834,-0.13384576801125264,0.10297470218671743,0.019398150128974827,-0.07263,0.056490000000000005,0.00807,7.363036262096919e-06,0.0,0.00026735806989353625,-9.202043779739685e-06,0.0,-0.00011126407957871007
892,8.92004709993489,hold,0.07964610943638345,5.630738538998059e-06,3.9926001336425543,9.836799930781126,11293.6,0.0,0.15,3.0,0.0004,15.0,0.01,-0.03424685779110939,0.0,0.20721542002024596,-0.03417632102871501,0.0,0.2072524074221454,0.0,0.0,0.0,0.6099552410383602,0.0,-0.32448729924345215,-0.5968011035099771,0.0,0.33295674959402544,0.3983268049661301,0.0,-0.10138749373550317,0.47281056666289734,-2.2536333374654833,-2.014106292439834,-0.13091480210273093,0.10569793065398422,0.019689232158076164,-0.07532,0.05918,0.00807,-5.772035582888132e-05,0.0,-8.131428116463213e-06,-1.2816406565498458e-05,0.0,-2.885597378298328e-05
893,8.930060900049284,hold,0.1561048229910114,6.719797585729486e-05,4.005899885669351,10.013800114393234,11293.6,0.0,0.15,3.0,0.0004,15.0,0.01,-0.034178160036232655,0.0,0.20740850141246023,-0.03417632102871501,0.0,0.2072524074221454,0.0,0.0,0.0,0.5972441852502386,0.0,-0.37107662485156695,-0.5940068132457944,0.0,0.34687744891163796,0.38593024897557093,0.0,-0.1239740021605529,0.47281056666289734,-2.252099356677598,-2.014106292439834,-0.13406241459922802,0.10200428948249576,0.018506655933760364,-0.07263,0.056490000000000005,0.01345,3.963004208966503e-05,0.0,0.00019743041979066765,-4.1469049607307796e-05,0.0,-4.133642947584147e-05
894,8.940046800067648,hold,0.1561048229910114,3.0125933057254856e-05,4.0333999786525965,9.985900018364191,11293.6,0.0,0.15,3.0,0.0004,15.0,0.01,-0.034178160036232655,0.0,0.20740850141246023,-0.03417632102871501,0.0,0.2072524074221454,0.0,0.0,0.0,0.5944550388440267,0.0,-0.38498172316058193,-0.5917021385363378,0.0,0.35610058686221396,0.38292836254300894,0.0,-0.13055030951602492,0.47281056666289734,-2.252099356677598,-2.014106292439834,-0.13481010089642775,0.10104203284559732,0.01807736076661781,-0.07263,0.05111,0.01345,3.26860659071395e-05,0.0,0.00013080722137756486,-3.4525073424782265e-05,0.0,2.5286768937261318e-05
895,8.950231299968436,hold,0.11555495898679079,4.371937445728619e-05,3.9129999931901693,10.184499900788069,11293.6,0.0,0.15,3.0,0.0004,15.0,0.01,-0.03406079369777659,0.0,0.20725493414980856,-0.03417632102871501,0.0,0.2072524074221454,0.0,0.0,0.0,0.5634909703365747,0.0,-0.35670441625732613,-0.5815076462049928,0.0,0.35088230654413904,0.3634409542745863,0.0,-0.11975452533797733,0.47281056666289734,-2.252099356677598,-2.015640273227719,-0.13729320840734738,0.10140337767552142,0.02667806423741423,-0.07532,0.056490000000000005,0.01076,0.00014458346198051184,0.0,-7.400829874110081e-05,-2.9056131042092123e-05,0.0,7.653502640425546e-05
896,8.960515599930659,hold,0.11555495898679079,1.9035936189034285e-05,4.833699902519584,10.284299962222576,11293.6,0.0,0.15,3.0,0.0004,15.0,0.01,-0.03406079369777659,0.0,0.20725493414980856,-0.03417632102871501,0.0,0.2072524074221454,0.0,0.0,0.0,0.553306166137885,0.0,-0.3514978305999352,-0.5748627571178555,0.0,0.347283243112252,0.3567753976617573,0.0,-0.11815906937620688,0.47281056666289734,-2.252099356677598,-2.015640273227719,-0.1382045893177716,0.10130582488455504,0.02734819196249541,-0.07532,0.056490000000000005,0.01614,9.42411880325664e-05,0.0,-5.104374342111444e-05,2.1286142905853315e-05,0.0,5.357047108426909e-05
897,8.970496299909428,hold,0.11555495898679079,7.142914998515097e-06,4.586399998515844,9.980699978768826,11293.6,0.0,0.15,3.0,0.0004,15.0,0.01,-0.03406079369777659,0.0,0.20725493414980856,-0.03417632102871501,0.0,0.2072524074221454,0.0,0.0,0.0,0.546662108695379,0.0,-0.3478991342190509,-0.5708302165808631,0.0,0.3450100599227448,0.3524428557537097,0.0,-0.11702554118908592,0.47281056666289734,-2.252099356677598,-2.015640273227719,-0.13879253255407434,0.10125454817353537,0.027793422789553816,-0.07801000000000001,0.056490000000000005,0.01883,5.719153563169118e-05,0.0,-3.2239437195348325e-05,5.833579530672854e-05,0.0,3.4766164858502974e-05
898,8.980573399923742,hold,0.1561048229910114,4.4165259517075596e-05,4.511399893090129,10.077100014314055,11293.6,0.0,0.15,3.0,0.0004,15.0,0.01,-0.034178160036232655,0.0,0.20740850141246023,-0.03417632102871501,0.0,0.2072524074221454,0.0,0.0,0.0,0.5712896929280833,0.0,-0.3831256160955436,-0.576985060871998,0.0,0.35473701578278194,0.3669975696434083,0.0,-0.1314780335072987,0.47281056666289734,-2.252099356677598,-2.014106292439834,-0.13720924118734854,0.10021031054514087,0.019202088375763614,-0.07801000000000001,0.056490000000000005,0.01345,-8.729112413250243e-05,0.0,0.00013795262255989746,8.545211661485966e-05,0.0,1.8141367754928724e-05
899,8.990239399950951,hold,0.11555495898679079,1.2559065581689728e-05,3.8501000963151455,9.66600002720952,11293.6,0.0,0.15,3.0,0.0004,15.0,0.01,-0.03406079369777659,0.0,0.20725493414980856,-0.03417632102871501,0.0,0.2072524074221454,0.0,0.0,0.0,0.5487758947048038,0.0,-0.3553409464203868,-0.5728197457128046,0.0,0.35022842993246667,0.3533311977612465,0.0,-0.1202743218029186,0.47281056666289734,-2.252099356677598,-2.015640273227719,-0.1388109170529081,0.10088585157514647,0.02740034103614792,-0.07801000000000001,0.0538,0.01345,5.9074612681240754e-05,0.0,-6.394305176635864e-05,5.645271825717896e-05,0.0,6.646977942951328e-05
900,9.000522600021213,hold,0.1561048229910114,3.314540798072042e-05,4.489999962970614,10.283200070261955,11293.6,0.0,0.15,3.0,0.0004,15.0,0.01,-0.034178160036232655,0.0,0.20740850141246023,-0.03417632102871501,0.0,0.2072524074221454,0.0,0.0,0.0,0.5732792047890725,0.0,-0.388343472259287,-0.5785537138526151,0.0,0.35838672836497076,0.3679777259485785,0.0,-0.13371287830680945,0.47281056666289734,-2.252099356677598,-2.014106292439834,-0.1371674687579375,0.09997307848121822,0.018903308886721017,-0.07532,0.056490000000000005,0.01614,-8.132204504099995e-05,0.0,0.00011570512713172178,7.948303752335718e-05,0.0,4.03888631831044e-05
901,9.010214499896392,hold,0.1561048229910114,1.4227548230660819e-05,3.9483001455664635,9.691899875178933,11293.6,0.0,0.15,3.0,0.0004,15.0,0.01,-0.034178160036232655,0.0,0.20740850141246023,-0.03417632102871501,0.0,0.2072524074221454,0.0,0.0,0.0,0.5790039492731986,0.0,-0.3964896340398781,-0.5821820383791373,0.0,0.3638197667250618,0.3713249289087894,0.0,-0.1370010585793268,0.47281056666289734,-2.252099356677598,-2.014106292439834,-0.13682423109907815,0.09970953406670861,0.018318094665376684,-0.07263,0.048420000000000005,0.00807,-5.145873910958786e-05,0.0,7.705410624123225e-05,4.961973159194509e-05,0.0,7.903988407359393e-05
902,9.020575700094923,hold,0.1961059526721933,0.00015066754875026092,4.394300049170852,10.36120019853115,11293.6,0.0,0.15,3.0,0.0004,15.0,0.01,-0.034129256021602314,0.0,0.20706203297591128,-0.03417632102871501,0.0,0.2072524074221454,0.0,0.0,0.0,0.570689991739388,0.0,-0.31731845784492174,-0.5806772451533339,0.0,0.3426127338444733,0.3714968998884824,0.0,-0.1008595303904797,0.47281056666289734,-2.2536333374654833,-2.015640273227719,-0.1349563120578978,0.10443944137947202,0.027823238107079415,-0.07263,0.056490000000000005,0.01076,2.134174092048949e-05,0.0,-0.00030076889878885305,2.5723266192208742e-05,0.0,0.00011039445255472692
903,9.03032510005869,hold,0.11555495898679079,1.3397430936444925e-05,5.203000036999583,9.749399963766336,11293.6,0.0,0.15,3.0,0.0004,15.0,0.01,-0.03406079369777659,0.0,0.20725493414980856,-0.03417632102871501,0.0,0.2072524074221454,0.0,0.0,0.0,0.5524710878917662,0.0,-0.34324346111847126,-0.5743546020596957,0.0,0.3430780048620574,0.35683802747352444,0.0,-0.11443808638078608,0.47281056666289734,-2.252099356677598,-2.015640273227719,-0.1380239440239195,0.10177641976559491,0.02771568554499755,-0.07532,0.0538,0.01076,8.967093187511237e-05,0.0,6.598709606624405e-06,2.5856399063307347e-05,0.0,-4.071981943469756e-06
904,9.040161000099033,hold,0.1561048229910114,5.444242702848025e-05,5.80970011651516,9.835900040343404,11293.6,0.0,0.15,3.0,0.0004,15.0,0.01,-0.034178160036232655,0.0,0.20740850141246023,-0.03417632102871501,0.0,0.2072524074221454,0.0,0.0,0.0,0.5748135406936968,0.0,-0.38119419012961087,-0.5782791842144476,0.0,0.35524044441981245,0.36959073413712235,0.0,-0.1303239872863123,0.47281056666289734,-2.252099356677598,-2.014106292439834,-0.13677239838209365,0.10047191262835421,0.01911948163270985,-0.07801000000000001,0.056490000000000005,0.01614,-5.566041508671232e-05,0.0,0.0001724938878988741,5.382140756906956e-05,0.0,-1.6399897584047917e-05
905,9.050313299987465,hold,0.1561048229910114,2.576281523124482e-05,4.069899907335639,10.152299888432026,11293.6,0.0,0.15,3.0,0.0004,15.0,0.01,-0.034178160036232655,0.0,0.20740850141246023,-0.03417632102871501,0.0,0.2072524074221454,0.0,0.0,0.0,0.5787289882593591,0.0,-0.3933443047352127,-0.5804535405041025,0.0,0.3637586966125673,0.371375424223222,0.0,-0.13558298793777224,0.47281056666289734,-2.252099356677598,-2.014106292439834,-0.13675127851975044,0.09989024341808345,0.01845628175176981,-0.07801000000000001,0.05918,0.01076,-3.0837823966063934e-05,0.0,0.00012081017396666188,2.8998816448421168e-05,0.0,3.52838163481643e-05
906,9.06040189997293,hold,0.11555495898679079,2.7726754090290647e-05,3.620599862188101,10.088599985465407,11293.6,0.0,0.15,3.0,0.0004,15.0,0.01,-0.03406079369777659,0.0,0.20725493414980856,-0.03417632102871501,0.0,0.2072524074221454,0.0,0.0,0.0,0.5522434397915063,0.0,-0.36436235821772145,-0.5729444679289117,0.0,0.3585823956812661,0.35503645110143145,0.0,-0.12414225239406584,0.47281056666289734,-2.252099356677598,-2.015640273227719,-0.1387371174109654,0.10047585477210387,0.02688274696313947,-0.07801000000000001,0.05918,0.01076,0.00010649747666647823,0.0,-7.341292578143935e-05,9.029854271941487e-06,0.0,7.5939653444594e-05
907,9.070524299982935,hold,0.11555495898679079,1.2613625617555771e-05,4.415800096467137,10.12240001000464,11293.6,0.0,0.15,3.0,0.0004,15.0,0.01,-0.03406079369777659,0.0,0.20725493414980856,-0.03417632102871501,0.0,0.2072524074221454,0.0,0.0,0.0,0.544743627726787,0.0,-0.35919792996863886,-0.5676108702636657,0.0,0.355517495552722,0.3502316556679567,0.0,-0.12235717871066125,0.47281056666289734,-2.252099356677598,-2.015640273227719,-0.1393648277331209,0.10048536644618135,0.027429334775256865,-0.07801000000000001,0.0538,0.01614,7.564378785997934e-05,0.0,-4.3467968468319174e-05,3.988354307844037e-05,0.0,4.599469613147382e-05
908,9.080122200073674,hold,0.11555495898679079,5.319577754090923e-06,4.32029995135963,9.597900090739131,11293.6,0.0,0.15,3.0,0.0004,15.0,0.01,-0.03406079369777659,0.0,0.20725493414980856,-0.03417632102871501,0.0,0.2072524074221454,0.0,0.0,0.0,0.5394105341402492,0.0,-0.3561335141874834,-0.5638883179332372,0.0,0.3540678965014342,0.34676766443788837,0.0,-0.1213666821424496,0.47281056666289734,-2.252099356677598,-2.015640273227719,-0.13983102647109202,0.10045495573307513,0.02779373474049008,-0.07532,0.0538,0.01345,5.279512562701222e-05,0.0,-2.0558949137117356e-05,6.273220531140749e-05,0.0,2.3085676800272005e-05
909,9.090500500053167,hold,0.07964610943638345,4.1232320604715594e-05,3.502100007608533,10.378299979493022,11293.6,0.0,0.15,3.0,0.0004,15.0,0.01,-0.03424685779110939,0.0,0.20721542002024596,-0.03417632102871501,0.0,0.2072524074221454,0.0,0.0,0.0,0.5811230648952449,0.0,-0.3450354069101624,-0.5745710114860034,0.0,0.3509732203839972,0.3767220284392835,0.0,-0.11302628273231502,0.47281056666289734,-2.2536333374654833,-2.014106292439834,-0.13464441816155653,0.10326710082119245,0.020179413539460567,-0.07532,0.056490000000000005,0.01345,-0.00015150737937060738,0.0,-4.389026664836654e-05,8.09706169762276e-05,0.0,6.90286474892005e-06
910,9.100103999953717,hold,0.11555495898679079,1.6155912304567574e-05,3.840200137346983,9.60349990054965,11293.6,0.0,0.15,3.0,0.0004,15.0,0.01,-0.03406079369777659,0.0,0.20725493414980856,-0.03417632102871501,0.0,0.2072524074221454,0.0,0.0,0.0,0.5463561528621541,0.0,-0.3515931268482612,-0.5677886649087591,0.0,0.3525440519535312,0.3519429704394176,0.0,-0.11874364807757835,0.47281056666289734,-2.252099356677598,-2.015640273227719,-0.13894553044272343,0.10101619328725961,0.02765980854654177,-0.07263,0.05918,0.01076,9.619067989041212e-05,0.0,2.227833021299138e-05,1.9336651048007598e-05,0.0,-1.975160254983673e-05
911,9.110535399988294,hold,0.1561048229910114,5.791248635266971e-05,4.516400163993239,10.431400034576654,11293.6,0.0,0.15,3.0,0.0004,15.0,0.01,-0.034178160036232655,0.0,0.20740850141246023,-0.03417632102871501,0.0,0.2072524074221454,0.0,0.0,0.0,0.5682475084482305,0.0,-0.3906605196676164,-0.5711937172927782,0.0,0.3652775933823756,0.3643087666219486,0.0,-0.13515903364677384,0.47281056666289734,-2.252099356677598,-2.014106292439834,-0.13777691982639523,0.09962643659479212,0.019038882837677108,-0.07532,0.05111,0.01883,-4.829218031708747e-05,0.0,0.0001805935443586431,4.6453172799444706e-05,0.0,-2.4499554043816912e-05
912,9.120224700076506,hold,0.11555495898679079,1.678656197178196e-05,4.443699959665537,9.689300088211894,11293.6,0.0,0.15,3.0,0.0004,15.0,0.01,-0.03406079369777659,0.0,0.20725493414980856,-0.03417632102871501,0.0,0.2072524074221454,0.0,0.0,0.0,0.5429838953501019,0.0,-0.3658822407625901,-0.5644682456582769,0.0,0.3630131470463226,0.3484897783658536,0.0,-0.12555996996075905,0.47281056666289734,-2.252099356677598,-2.015640273227719,-0.13976972180623365,0.10000480987121237,0.027242296846184226,-0.07532,0.05111,0.01076,9.53840505993739e-05,0.0,-3.211552670739375e-05,2.0143280339045814e-05,0.0,3.46422543705484e-05
913,9.130197799997404,hold,0.07964610943638345,2.883792490375277e-05,3.7908998783677816,9.973099920898676,11293.6,0.0,0.15,3.0,0.0004,15.0,0.01,-0.03424685779110939,0.0,0.20721542002024596,-0.03417632102871501,0.0,0.2072524074221454,0.0,0.0,0.0,0.5817022912546966,0.0,-0.3539804820596397,-0.5728472882943176,0.0,0.35897515011533443,0.3764321436559869,0.0,-0.11707715585347421,0.47281056666289734,-2.2536333374654833,-2.014106292439834,-0.13487457876723133,0.10274412620642355,0.019796318867497463,-0.07801000000000001,0.05918,0.01076,-0.00011883583341135909,0.0,-5.7268920979405635e-05,4.8299071016979304e-05,0.0,2.0281519079959142e-05
914,9.140217799926177,hold,0.1561048229910114,4.460517514054856e-05,4.033299861475825,10.01999992877245,11293.6,0.0,0.15,3.0,0.0004,15.0,0.01,-0.034178160036232655,0.0,0.20740850141246023,-0.03417632102871501,0.0,0.2072524074221454,0.0,0.0,0.0,0.573291382562622,0.0,-0.3970941805066349,-0.5727601466227439,0.0,0.37054268795839856,0.36731491530604005,0.0,-0.1377158787574934,0.47281056666289734,-2.252099356677598,-2.014106292439834,-0.13745035528226585,0.09943961314336233,0.018552993891355528,-0.07263,0.0538,0.01076,1.2358873938397533e-06,0.0,0.00016405668998332077,-3.074894911482519e-06,0.0,-7.962699668494585e-06
915,9.15017049992457,hold,0.11555495898679079,3.174680956576948e-05,3.871600143611431,9.952699998393655,11293.6,0.0,0.15,3.0,0.0004,15.0,0.01,-0.03406079369777659,0.0,0.20725493414980856,-0.03417632102871501,0.0,0.2072524074221454,0.0,0.0,0.0,0.544549515284558,0.0,-0.3711470524550353,-0.5635374962837417,0.0,0.3673515832246406,0.34916697928626594,0.0,-0.1278529015511732,0.47281056666289734,-2.252099356677598,-2.015640273227719,-0.13977527627780748,0.09974683677510299,0.02696102012109438,-0.07532,0.056490000000000005,0.01076,0.0001308003058228552,0.0,-4.5257866203942114e-05,-1.527297488443548e-05,0.0,4.778459386709676e-05
916,9.160334799904376,hold,0.11555495898679079,1.5601239984612137e-05,3.7969001568853855,10.164299979805946,11293.6,0.0,0.15,3.0,0.0004,15.0,0.01,-0.03406079369777659,0.0,0.20725493414980856,-0.03417632102871501,0.0,0.2072524074221454,0.0,0.0,0.0,0.5353362475938297,0.0,-0.367967590640183,-0.5569716924461268,0.0,0.3654296207068488,0.3430181503376512,0.0,-0.12711160388500112,0.47281056666289734,-2.252099356677598,-2.015640273227719,-0.14064965133528304,0.09956501276413465,0.027506112955660217,-0.07532,0.056490000000000005,0.01614,9.311956090334004e-05,0.0,-2.725824745237281e-05,2.2407770035079677e-05,0.0,2.978497511552746e-05
917,9.17052030004561,hold,0.11555495898679079,7.199858277396975e-06,4.528600024059415,10.185500141233206,11293.6,0.0,0.15,3.0,0.0004,15.0,0.01,-0.03406079369777659,0.0,0.20725493414980856,-0.03417632102871501,0.0,0.2072524074221454,0.0,0.0,0.0,0.528771062619392,0.0,-0.3660459116502806,-0.552420996602151,0.0,0.36448582932745766,0.3386098549553808,0.0,-0.12674112289604295,0.47281056666289734,-2.252099356677598,-2.015640273227719,-0.14128393408076384,0.0994144192488351,0.02788080148519339,-0.07532,0.056490000000000005,0.01614,6.454027705914553e-05,0.0,-1.3385328134503989e-05,5.098705387927419e-05,0.0,1.5912055797658638e-05
918,9.18016740004532,hold,0.11555495898679079,3.220233570094101e-06,4.7664998564869165,9.647099999710917,11293.6,0.0,0.15,3.0,0.0004,15.0,0.01,-0.03406079369777659,0.0,0.20725493414980856,-0.03417632102871501,0.0,0.2072524074221454,0.0,0.0,0.0,0.5242208471494456,0.0,-0.3651023534748957,-0.5493210536918623,0.0,0.3642598765376245,0.3355243216419651,0.0,-0.126662458736271,0.47281056666289734,-2.252099356677598,-2.015640273227719,-0.1417362135186449,0.09928630227309845,0.028124985938861258,-0.08070000000000001,0.05918,0.01345,4.396496297646901e-05,0.0,-3.2045770928474794e-06,7.156236796195071e-05,0.0,5.731304756002128e-06
919,9.190235000103712,hold,0.11555495898679079,1.5271121679799353e-06,4.331500036641955,10.06760005839169,11293.6,0.0,0.15,3.0,0.0004,15.0,0.01,-0.03406079369777659,0.0,0.20725493414980856,-0.03417632102871501,0.0,0.2072524074221454,0.0,0.0,0.0,0.5211212500350414,0.0,-0.36487657179187194,-0.547197722313435,0.0,0.36452969195846935,0.3333900132510007,0.0,-0.1268001206002056,0.47281056666289734,-2.252099356677598,-2.015640273227719,-0.14205790892910644,0.09917353465281549,0.0282746744767454,-0.08070000000000001,0.0538,0.01345,3.011416278973982e-05,0.0,3.826659177675467e-06,8.541316814867989e-05,0.0,-1.2999315145208183e-06
920,9.20066750003025,hold,0.1561048229910114,6.0056009614435755e-05,4.877799889072776,10.432499926537275,11293.6,0.0,0.15,3.0,0.0004,15.0,0.01,-0.034178160036232655,0.0,0.20740850141246023,-0.03417632102871501,0.0,0.2072524074221454,0.0,0.0,0.0,0.5476576534684985,0.0,-0.402645854317647,-0.5540458260063046,0.0,0.376074019771513,0.34910320038110165,0.0,-0.14222242134178315,0.47281056666289734,-2.252099356677598,-2.014106292439834,-0.14035212658953922,0.09805518082544312,0.019493575340320583,-0.07801000000000001,0.056490000000000005,0.01345,-9.712328066325473e-05,0.0,0.00016372751356295937,9.528427314561197e-05,0.0,-7.63352324813319e-06
921,9.210043600061908,hold,0.07964610943638345,3.9197384424846554e-05,4.790199920535088,9.376100031659007,11293.6,0.0,0.15,3.0,0.0004,15.0,0.01,-0.03424685779110939,0.0,0.20721542002024596,-0.03417632102871501,0.0,0.2072524074221454,0.0,0.0,0.0,0.5712715238479342,0.0,-0.3670294902789237,-0.5629993845243151,0.0,0.36995634512021763,0.36818168353951136,0.0,-0.12385881842935788,0.47281056666289734,-2.2536333374654833,-2.014106292439834,-0.13640692953346997,0.10152159715581302,0.0197496867356651,-0.07801000000000001,0.0538,0.00807,-0.00012698390910538526,0.0,-8.676396544387969e-05,5.644714671100548e-05,0.0,4.97765635444332e-05
922,9.22004700009711,hold,0.1961059526721933,7.683482908446974e-05,3.9991000667214394,10.003400035202503,11293.6,0.0,0.15,3.0,0.0004,15.0,0.01,-0.034129256021602314,0.0,0.20706203297591128,-0.03417632102871501,0.0,0.2072524074221454,0.0,0.0,0.0,0.5515018355791211,0.0,-0.3234713147625159,-0.5596154740882273,0.0,0.35515588440394447,0.3576860879358574,0.0,-0.10518933175041957,0.47281056666289734,-2.2536333374654833,-2.015640273227719,-0.13719399406222862,0.10327976082026794,0.028450400877312258,-0.06994,0.06187,0.01076,4.7992334486067855e-05,0.0,-0.00020990764225559323,-9.273273733696237e-07,0.0,1.9533196021467088e-05
923,9.230061300098896,hold,0.11555495898679079,2.8779011011767612e-05,4.6814000234007835,10.014300001785159,11293.6,0.0,0.15,3.0,0.0004,15.0,0.01,-0.03406079369777659,0.0,0.20725493414980856,-0.03417632102871501,0.0,0.2072524074221454,0.0,0.0,0.0,0.5314088772435005,0.0,-0.3557881148032673,-0.5516115212245136,0.0,0.3598753940808868,0.3412394352286275,0.0,-0.1218309721152682,0.47281056666289734,-2.252099356677598,-2.015640273227719,-0.1406692351784861,0.10014932547268551,0.02817067629467223,-0.07532,0.06456,0.01345,0.00011351611997454765,0.0,6.693448047871808e-05,2.0112109638720682e-06,0.0,-6.440775281556344e-05
924,9.240392500068992,hold,0.1561048229910114,7.406370464796738e-05,5.304699996486306,10.33119997009635,11293.6,0.0,0.15,3.0,0.0004,15.0,0.01,-0.034178160036232655,0.0,0.20740850141246023,-0.03417632102871501,0.0,0.2072524074221454,0.0,0.0,0.0,0.5520700589622511,0.0,-0.3979925932561106,-0.554101858726566,0.0,0.37457196963676964,0.35252167663786005,0.0,-0.13975482394665592,0.47281056666289734,-2.252099356677598,-2.014106292439834,-0.13973255578187269,0.09851911419358693,0.019479463634582667,-0.07532,0.05111,0.01076,-3.531922981976904e-05,0.0,0.0002084342902092681,3.3480222302126276e-05,0.0,-5.234029989444191e-05
925,9.250396499875933,hold,0.11555495898679079,1.862204983210806e-05,4.112700000405312,10.003999806940556,11293.6,0.0,0.15,3.0,0.0004,15.0,0.01,-0.03406079369777659,0.0,0.20725493414980856,-0.03417632102871501,0.0,0.2072524074221454,0.0,0.0,0.0,0.5258918187602154,0.0,-0.3751770848179113,-0.5467281818887009,0.0,0.3733492516042473,0.3359003407468097,0.0,-0.13115332216103107,0.47281056666289734,-2.252099356677598,-2.015640273227719,-0.14188750757434646,0.09873853917317524,0.027646869473908077,-0.07801000000000001,0.05111,0.01076,0.0001045772256325202,0.0,-1.7341207430655516e-05,1.095010530589952e-05,0.0,1.9867935093810165e-05
926,9.260113399941474,hold,0.11555495898679079,9.705624177067496e-06,4.240100039169192,9.716900065541267,11293.6,0.0,0.15,3.0,0.0004,15.0,0.01,-0.03406079369777659,0.0,0.20725493414980856,-0.03417632102871501,0.0,0.2072524074221454,0.0,0.0,0.0,0.518527373939847,0.0,-0.3739657280738709,-0.5414009372643647,0.0,0.37249056816800097,0.3308818840198566,0.0,-0.13117084015425856,0.47281056666289734,-2.252099356677598,-2.015640273227719,-0.14262981621020376,0.09851187664685793,0.02802946895896065,-0.08339,0.056490000000000005,0.01076,7.555368581085402e-05,0.0,-1.2178284108968184e-05,3.99736451275657e-05,0.0,1.4705011772122833e-05
927,9.270083300070837,hold,0.1961059526721933,6.875746054943383e-05,4.206599900498986,9.96990012936294,11293.6,0.0,0.15,3.0,0.0004,15.0,0.01,-0.034129256021602314,0.0,0.20706203297591128,-0.03417632102871501,0.0,0.2072524074221454,0.0,0.0,0.0,0.5299183100662415,0.0,-0.32600287738278116,-0.5424849353468164,0.0,0.3581693486038178,0.3424956408350384,0.0,-0.1080449977490931,0.47281056666289734,-2.2536333374654833,-2.015640273227719,-0.13956725706630285,0.10224406545443429,0.0293307546070605,-0.08070000000000001,0.056490000000000005,0.01345,-1.5373810725151255e-05,0.0,-0.00020311080111425897,6.243881783784949e-05,0.0,1.273635488013283e-05
928,9.280044799903408,hold,0.11555495898679079,1.4483328278014144e-05,4.341799998655915,9.961499832570553,11293.6,0.0,0.15,3.0,0.0004,15.0,0.01,-0.03406079369777659,0.0,0.20725493414980856,-0.03417632102871501,0.0,0.2072524074221454,0.0,0.0,0.0,0.5142793806536633,0.0,-0.35880169803234047,-0.537949648438604,0.0,0.3629527738926919,0.3291128446120259,0.0,-0.12454625656813845,0.47281056666289734,-2.252099356677598,-2.015640273227719,-0.14258606693344755,0.09926558072968569,0.02882775577135472,-0.07532,0.056490000000000005,0.01076,6.432173971508786e-05,0.0,6.784096411197247e-05,5.1205591223331856e-05,0.0,-6.531423644881782e-05
929,9.290211600018665,hold,0.1561048229910114,7.842347447909855e-05,4.091799957677722,10.166800115257502,11293.6,0.0,0.15,3.0,0.0004,15.0,0.01,-0.034178160036232655,0.0,0.20740850141246023,-0.03417632102871501,0.0,0.2072524074221454,0.0,0.0,0.0,0.5384090130872164,0.0,-0.401069988180899,-0.5430070784917417,0.0,0.3774335482053769,0.3428069553860889,0.0,-0.14221083127006937,0.47281056666289734,-2.252099356677598,-2.014106292439834,-0.14128285954304376,0.0977740606062688,0.019975984494258615,-0.07801000000000001,0.0538,0.01345,-7.17270386832938e-05,0.0,0.00020537368750075296,6.988803116565104e-05,0.0,-4.9279697185926775e-05
930,9.300061600049958,hold,0.07964610943638345,2.6293347702715914e-05,4.150500055402517,9.850000031292439,11293.6,0.0,0.15,3.0,0.0004,15.0,0.01,-0.03424685779110939,0.0,0.20721542002024596,-0.03417632102871501,0.0,0.2072524074221454,0.0,0.0,0.0,0.5602323494821552,0.0,-0.3683897185350348,-0.5507052811919894,0.0,0.37300435885584043,0.3604131012850381,0.0,-0.12533560516918207,0.47281056666289734,-2.2536333374654833,-2.014106292439834,-0.13762276567054893,0.10098850613135306,0.02019690992541094,-0.08070000000000001,0.048420000000000005,0.01345,-0.00010917981604707294,0.0,-6.281701031391169e-05,3.864305365269316e-05,0.0,2.5829608414465198e-05
931,9.310070300009102,hold,0.11555495898679079,2.75341825580553e-05,4.05970006249845,10.008699959143996,11293.6,0.0,0.15,3.0,0.0004,15.0,0.01,-0.03406079369777659,0.0,0.20725493414980856,-0.03417632102871501,0.0,0.2072524074221454,0.0,0.0,0.0,0.5224897255904506,0.0,-0.37362396580682755,-0.541621258892037,0.0,0.37271611151736905,0.333659323203397,0.0,-0.13070572504487424,0.47281056666289734,-2.252099356677598,-2.015640273227719,-0.14219801229545317,0.09869457622630967,0.027863286713416882,-0.07532,0.06187,0.01345,0.00012883421264607467,0.0,-4.0880699840950255e-06,-1.330688170765495e-05,0.0,6.614797647249674e-06
932,9.320511899888515,hold,0.1961059526721933,6.706361131740993e-05,3.581899916753173,10.441599879413843,11293.6,0.0,0.15,3.0,0.0004,15.0,0.01,-0.034129256021602314,0.0,0.20706203297591128,-0.03417632102871501,0.0,0.2072524074221454,0.0,0.0,0.0,0.5301377591215478,0.0,-0.32622855174873744,-0.5398456881706161,0.0,0.35864350754491736,0.34263035947587306,0.0,-0.10813135728349378,0.47281056666289734,-2.2536333374654833,-2.015640273227719,-0.13955136141085345,0.10223920217989955,0.029311785896114752,-0.07801000000000001,0.0538,0.01345,2.5182044730657482e-05,0.0,-0.0001995848086678916,2.188296238204075e-05,0.0,9.210362433765456e-06
933,9.330212299944833,hold,0.1561048229910114,8.385895560216738e-05,3.963999915868044,9.700400056317449,11293.6,0.0,0.15,3.0,0.0004,15.0,0.01,-0.034178160036232655,0.0,0.20740850141246023,-0.03417632102871501,0.0,0.2072524074221454,0.0,0.0,0.0,0.5402989538468496,0.0,-0.3967752651164068,-0.5416192344298256,0.0,0.3744052143202937,0.3444477273976613,0.0,-0.14010078124439557,0.47281056666289734,-2.252099356677598,-2.014106292439834,-0.14094273718587458,0.09811321769164007,0.0200619349706476,-0.07532,0.05111,0.01614,-2.5153332780552326e-05,0.0,0.00022354052151265494,2.331432526290956e-05,0.0,-6.744653119782876e-05
934,9.340154299978167,hold,0.1961059526721933,7.233854855614289e-05,3.899400122463703,9.942000033333898,11293.6,0.0,0.15,3.0,0.0004,15.0,0.01,-0.034129256021602314,0.0,0.20706203297591128,-0.03417632102871501,0.0,0.2072524074221454,0.0,0.0,0.0,0.5301267395608591,0.0,-0.32790632438364026,-0.5386877970574857,0.0,0.35996837531029996,0.3424910453927757,0.0,-0.10890228873834111,0.47281056666289734,-2.2536333374654833,-2.015640273227719,-0.13960748137463747,0.10213602540719893,0.02924543476053936,-0.08070000000000001,0.056490000000000005,0.00807,4.1575131953240056e-05,0.0,-0.00020475057474929968,5.489875159458175e-06,0.0,1.4376128515173546e-05
935,9.35036680009216,hold,0.1561048229910114,7.908423519789254e-05,3.67900007404387,10.212500113993883,11293.6,0.0,0.15,3.0,0.0004,15.0,0.01,-0.034178160036232655,0.0,0.20740850141246023,-0.03417632102871501,0.0,0.2072524074221454,0.0,0.0,0.0,0.5391408017751433,0.0,-0.3981000650275976,-0.5396971587341852,0.0,0.3753382775415859,0.3435425242847461,0.0,-0.1407957916763496,0.47281056666289734,-2.252099356677598,-2.014106292439834,-0.1411087187247333,0.09798513499403512,0.02006150494076598,-0.07532,0.0538,0.01345,-1.4315279355202202e-05,0.0,0.00021798375070317396,1.2476271837559436e-05,0.0,-6.188976038834778e-05
936,9.360529700061306,hold,0.07964610943638345,1.3365717838416026e-05,4.5177999418228865,10.162899969145656,11293.6,0.0,0.15,3.0,0.0004,15.0,0.01,-0.03424685779110939,0.0,0.20721542002024596,-0.03417632102871501,0.0,0.2072524074221454,0.0,0.0,0.0,0.5569214733237026,0.0,-0.3662946358543691,-0.5447071420726848,0.0,0.3714656530486606,0.35827677599866997,0.0,-0.12463245561742677,0.47281056666289734,-2.2536333374654833,-2.014106292439834,-0.13790581540021712,0.10098156847392349,0.02043087745001787,-0.07532,0.048420000000000005,0.00807,-7.105412530624592e-05,0.0,-5.492352516820215e-05,5.173629118661354e-07,0.0,1.7936123268755655e-05
937,9.370412499876693,hold,0.11555495898679079,3.805964900311961e-05,3.5523001570254564,9.882799815386534,11293.6,0.0,0.15,3.0,0.0004,15.0,0.01,-0.03406079369777659,0.0,0.20725493414980856,-0.03417632102871501,0.0,0.2072524074221454,0.0,0.0,0.0,0.5164909457994608,0.0,-0.3720853926567231,-0.5340216913580529,0.0,0.3714751417014853,0.32961443731874257,0.0,-0.13046688113635682,0.47281056666289734,-2.252099356677598,-2.015640273227719,-0.14278466280295354,0.09854368778644293,0.02819697203703949,-0.07801000000000001,0.056490000000000005,0.01076,0.00015154648283891427,0.0,1.3457288802073988e-07,-3.601915190049455e-05,0.0,2.392154775133909e-06
938,9.380523599917069,hold,0.07964610943638345,1.44357663257614e-05,4.52909991145134,10.111100040376186,11293.6,0.0,0.15,3.0,0.0004,15.0,0.01,-0.03424685779110939,0.0,0.20721542002024596,-0.03417632102871501,0.0,0.2072524074221454,0.0,0.0,0.0,0.5512548016116695,0.0,-0.3624429945738326,-0.5398688047445888,0.0,0.36845544568660626,0.35464095118611044,0.0,-0.12330727248966666,0.47281056666289734,-2.2536333374654833,-2.014106292439834,-0.1383815972338993,0.10098593845038852,0.02084192368030418,-0.08070000000000001,0.05111,0.01345,-8.292672832943589e-05,0.0,-4.282686079595817e-05,1.2389965935056109e-05,0.0,5.8394588965116745e-06
939,9.390154399909079,hold,0.1561048229910114,4.6247583096067835e-05,3.876799950376153,9.630799992009997,11293.6,0.0,0.15,3.0,0.0004,15.0,0.01,-0.034178160036232655,0.0,0.20740850141246023,-0.03417632102871501,0.0,0.2072524074221454,0.0,0.0,0.0,0.5403122956320314,0.0,-0.4065747185729157,-0.5383709556551227,0.0,0.3801387327837117,0.3437052759565538,0.0,-0.1445835515325105,0.47281056666289734,-2.252099356677598,-2.014106292439834,-0.14125955814970798,0.09751580613713179,0.01966964920979901,-0.07801000000000001,0.0538,0.00807,2.1243255656143418e-05,0.0,0.00016569830462454123,-2.3082263173786183e-05,0.0,-9.604314309715053e-06
940,9.400577099993825,hold,0.3168735707104928,0.00021107244664428425,4.629499977454543,10.422700084745884,11293.6,0.0,0.15,3.0,0.0004,15.0,0.01,-0.03435555898313758,0.0,0.20699109799730728,-0.03417632102871501,0.0,0.2072524074221454,0.0,0.0,0.0,0.5821382608274844,0.0,-0.31631738845436896,-0.5496155902100639,0.0,0.3576270572872349,0.3792726744263382,0.0,-0.09936782265956014,0.47127658587501176,-2.2536333374654833,-2.015640273227719,-0.132805803469285,0.10525063585712487,0.02726354414852597,-0.07801000000000001,0.05111,0.01076,-0.00015947711174006074,0.0,-0.0003192720022217212,-1.976084268250677e-05,0.0,5.796257738359693e-05
941,9.410103499889374,hold,0.11555495898679079,7.42043724286e-05,4.146599909290671,9.52639989554882,11293.6,0.0,0.15,3.0,0.0004,15.0,0.01,-0.03406079369777659,0.0,0.20725493414980856,-0.03417632102871501,0.0,0.2072524074221454,0.0,0.0,0.0,0.5213901655606199,0.0,-0.3582644652899984,-0.535294247445883,0.0,0.361811822360288,0.3340912794723524,0.0,-0.12374646638604395,0.47281056666289734,-2.252099356677598,-2.015640273227719,-0.1418136396479438,0.09958879870651417,0.028526489044742732,-0.07532,0.056490000000000005,0.01614,0.00020311254839912594,0.0,5.9350461226678424e-05,-8.758521746070623e-05,0.0,-5.6823733563523776e-05
942,9.420516799902543,hold,0.1561048229910114,6.548750716179737e-05,4.513800144195557,10.413300013169646,11293.6,0.0,0.15,3.0,0.0004,15.0,0.01,-0.034178160036232655,0.0,0.20740850141246023,-0.03417632102871501,0.0,0.2072524074221454,0.0,0.0,0.0,0.535751307608964,0.0,-0.3999288850962323,-0.533974696180002,0.0,0.3757660799880554,0.34105045126543054,0.0,-0.14189258384387926,0.47281056666289734,-2.252099356677598,-2.014106292439834,-0.14152796535466128,0.09773527451824275,0.020142119920695076,-0.08070000000000001,0.06187,0.01614,1.8714545470326203e-05,0.0,0.0001979063607696491,-2.0553552987968968e-05,0.0,-4.181237045482292e-05
943,9.430204899981618,hold,0.1561048229910114,2.671438677162524e-05,3.972200211137533,9.688100079074502,11293.6,0.0,0.15,3.0,0.0004,15.0,0.01,-0.034178160036232655,0.0,0.20740850141246023,-0.03417632102871501,0.0,0.2072524074221454,0.0,0.0,0.0,0.5344232504286303,0.0,-0.413870367041943,-0.5330924904915959,0.0,0.384674776494179,0.3390595442098715,0.0,-0.14837345969497112,0.47281056666289734,-2.252099356677598,-2.014106292439834,-0.14212171235597446,0.09683039978196327,0.01964511066950226,-0.07801000000000001,0.0538,0.00807,1.2511888622101934e-05,0.0,0.00012634765329399362,-1.43508961397447e-05,0.0,2.9746337020832556e-05
944,9.440522100077942,hold,0.1961059526721933,0.0001322517147052284,4.4653997756540775,10.317200096324086,11293.6,0.0,0.15,3.0,0.0004,15.0,0.01,-0.034129256021602314,0.0,0.20706203297591128,-0.03417632102871501,0.0,0.2072524074221454,0.0,0.0,0.0,0.5215993689721996,0.0,-0.33817429577236213,-0.529073899719511,0.0,0.3651656485710196,0.3357622256338504,0.0,-0.11428426726766357,0.47281056666289734,-2.2536333374654833,-2.015640273227719,-0.14084866636333737,0.10115938516012077,0.029223969309459585,-0.08070000000000001,0.0538,0.00538,5.699369298895894e-05,0.0,-0.0002766883493235154,-9.928685876260711e-06,0.0,8.631390308938927e-05
945,9.45010989997536,hold,0.11555495898679079,1.820704588525363e-05,3.971000202000141,9.587799897417426,11293.6,0.0,0.15,3.0,0.0004,15.0,0.01,-0.03406079369777659,0.0,0.20725493414980856,-0.03417632102871501,0.0,0.2072524074221454,0.0,0.0,0.0,0.5008671435798959,0.0,-0.36579678022095524,-0.5217343966004463,0.0,0.3660333072717773,0.3192570906964062,0.0,-0.1287984182301,0.47281056666289734,-2.252099356677598,-2.015640273227719,-0.1442381611452892,0.09829019080158527,0.02915715002406284,-0.07801000000000001,0.05111,0.01614,0.00010409255661592518,0.0,1.2305575863483646e-05,1.1434774322494537e-05,0.0,-9.778848200328998e-06
946,9.460537299979478,hold,0.1561048229910114,5.07149601238737e-05,4.471100168302655,10.427400004118681,11293.6,0.0,0.15,3.0,0.0004,15.0,0.01,-0.034178160036232655,0.0,0.20740850141246023,-0.03417632102871501,0.0,0.2072524074221454,0.0,0.0,0.0,0.5221930931850731,0.0,-0.40414958811433543,-0.5257045251565763,0.0,0.3777116187772742,0.33131937687464863,0.0,-0.14486382993997074,0.47281056666289734,-2.252099356677598,-2.014106292439834,-0.14310448066262327,0.09692465185852366,0.02058827978972616,-0.07801000000000001,0.05918,0.01345,-5.6306377257065694e-05,0.0,0.00016562773826019755,5.446736973942293e-05,0.0,-9.533747945371374e-06
947,9.470113100018352,hold,0.1961059526721933,9.926893319820373e-05,3.947800025343895,9.57580003887415,11293.6,0.0,0.15,3.0,0.0004,15.0,0.01,-0.034129256021602314,0.0,0.20706203297591128,-0.03417632102871501,0.0,0.2072524074221454,0.0,0.0,0.0,0.5142125457670226,0.0,-0.3312117794134581,-0.5251352375719699,0.0,0.3604639316499918,0.3311777524571535,0.0,-0.1116682672488126,0.47281056666289734,-2.2536333374654833,-2.015640273227719,-0.14140448641080658,0.1012842768183076,0.02983721419291139,-0.08070000000000001,0.056490000000000005,0.00807,8.073925328467985e-06,0.0,-0.0002446154487116292,3.8991081784230247e-05,0.0,5.424100247750308e-05
948,9.480289000086486,hold,0.1561048229910114,6.529150355274062e-05,3.630999941378832,10.17590006813407,11293.6,0.0,0.15,3.0,0.0004,15.0,0.01,-0.034178160036232655,0.0,0.20740850141246023,-0.03417632102871501,0.0,0.2072524074221454,0.0,0.0,0.0,0.5255888056539327,0.0,-0.39859495140658174,-0.5284536055524125,0.0,0.37406036296870904,0.33410156898086707,0.0,-0.14206179291390986,0.47281056666289734,-2.252099356677598,-2.014106292439834,-0.1425635778833279,0.09740211272512786,0.02065630239577118,-0.08070000000000001,0.0538,0.01614,-4.706277812996014e-05,0.0,0.00019283148652690695,4.522377061231738e-05,0.0,-3.673749621208077e-05
949,9.490314699942246,hold,0.1561048229910114,2.831090698935337e-05,3.7062999326735735,10.02569985575974,11293.6,0.0,0.15,3.0,0.0004,15.0,0.01,-0.034178160036232655,0.0,0.20740850141246023,-0.03417632102871501,0.0,0.2072524074221454,0.0,0.0,0.0,0.5289032737700636,0.0,-0.41216454091713256,-0.5306751607765016,0.0,0.3830044902796535,0.33536038528283185,0.0,-0.14801638277473983,0.47281056666289734,-2.252099356677598,-2.014106292439834,-0.14265236025416073,0.09670931247870021,0.01996362079134089,-0.08070000000000001,0.056490000000000005,0.00807,-3.1507223198559646e-05,0.0,0.00012685015094225806,2.966821568091688e-05,0.0,2.924383937256812e-05
950,9.500520600005984,hold,0.11555495898679079,2.6376743743232223e-05,4.506699973717332,10.205900063738227,11293.6,0.0,0.15,3.0,0.0004,15.0,0.01,-0.03406079369777659,0.0,0.20725493414980856,-0.03417632102871501,0.0,0.2072524074221454,0.0,0.0,0.0,0.5024650715017139,0.0,-0.38360825317653047,-0.5236431640497322,0.0,0.37755643987015813,0.3189803042815946,0.0,-0.13684352070934888,0.47281056666289734,-2.252099356677598,-2.015640273227719,-0.144649621509429,0.09726639874274146,0.028373423188006376,-0.07801000000000001,0.048420000000000005,0.00807,9.973134496024503e-05,0.0,-7.72670147416025e-05,1.5795985978174683e-05,0.0,7.979374240475715e-05
951,9.510240500094369,hold,0.11555495898679079,1.1830713260719313e-05,4.5600999146699905,9.719900088384748,11293.6,0.0,0.15,3.0,0.0004,15.0,0.01,-0.03406079369777659,0.0,0.20725493414980856,-0.03417632102871501,0.0,0.2072524074221454,0.0,0.0,0.0,0.4954424377434578,0.0,-0.37817190914694043,-0.5190386980221915,0.0,0.373776091687334,0.3145279486969949,0.0,-0.13489659402956108,0.47281056666289734,-2.252099356677598,-2.015640273227719,-0.14521780202744772,0.09731202176802985,0.028909212082892183,-0.08070000000000001,0.05111,0.02152,6.53028730804546e-05,0.0,-5.361481572592853e-05,5.022445785796511e-05,0.0,5.614154338908318e-05
952,9.520518400007859,hold,0.11555495898679079,4.69406925523432e-06,4.420500015839934,10.277899913489819,11293.6,0.0,0.15,3.0,0.0004,15.0,0.01,-0.03406079369777659,0.0,0.20725493414980856,-0.03417632102871501,0.0,0.2072524074221454,0.0,0.0,0.0,0.4908385358500908,0.0,-0.3743919395772804,-0.5161620780031966,0.0,0.37136626492343144,0.3116258814902588,0.0,-0.13352115186946487,0.47281056666289734,-2.252099356677598,-2.015640273227719,-0.14558324281886245,0.09735513869287007,0.029269089982802067,-0.07801000000000001,0.048420000000000005,0.01614,4.079768443887314e-05,0.0,-3.417738568766533e-05,7.472964649954657e-05,0.0,3.670411335081998e-05
953,9.530153200030327,hold,0.1561048229910114,4.5625488449020405e-05,4.00050007738173,9.63480002246797,11293.6,0.0,0.15,3.0,0.0004,15.0,0.01,-0.034178160036232655,0.0,0.20740850141246023,-0.03417632102871501,0.0,0.2072524074221454,0.0,0.0,0.0,0.5166218297426931,0.0,-0.4094817885238783,-0.522806815075742,0.0,0.38099559172148967,0.3270447512052294,0.0,-0.1477309748679881,0.47281056666289734,-2.252099356677598,-2.014106292439834,-0.14386913361681497,0.09637201695840769,0.020627808296905935,-0.07801000000000001,0.056490000000000005,0.01076,-9.423903208450624e-05,0.0,0.00013656799767500506,9.240002456686347e-05,0.0,1.9525992639821116e-05
954,9.540515299886465,hold,0.11555495898679079,1.2715436220874805e-05,4.481799900531769,10.36209985613823,11293.6,0.0,0.15,3.0,0.0004,15.0,0.01,-0.03406079369777659,0.0,0.20725493414980856,-0.03417632102871501,0.0,0.2072524074221454,0.0,0.0,0.0,0.49459776553700313,0.0,-0.3815994990889078,-0.5186561159727906,0.0,0.37642197109671294,0.3136747945268524,0.0,-0.13653443639523927,0.47281056666289734,-2.252099356677598,-2.015640273227719,-0.14541930008500006,0.0970679569233886,0.028810684491132388,-0.07801000000000001,0.0538,0.00538,5.886732035678947e-05,0.0,-6.48654079303673e-05,5.666001058163025e-05,0.0,6.739213559352195e-05
955,9.55010259989649,hold,0.11555495898679079,5.578945298563152e-06,3.9653999265283346,9.587300010025501,11293.6,0.0,0.15,3.0,0.0004,15.0,0.01,-0.03406079369777659,0.0,0.20725493414980856,-0.03417632102871501,0.0,0.2072524074221454,0.0,0.0,0.0,0.49045607633576255,0.0,-0.37703764898009057,-0.51571217516744,0.0,0.3735811880303243,0.31115446428118343,0.0,-0.13476440410638765,0.47281056666289734,-2.252099356677598,-2.015640273227719,-0.14571016222235336,0.09717775476014806,0.029180805394277747,-0.07801000000000001,0.048420000000000005,0.01614,4.175246198327828e-05,0.0,-4.0289426596674726e-05,7.377486895514143e-05,0.0,4.2816154259829375e-05
956,9.560522200074047,hold,0.1561048229910114,4.284788485081227e-05,4.552599973976612,10.419600177556276,11293.6,0.0,0.15,3.0,0.0004,15.0,0.01,-0.034178160036232655,0.0,0.20740850141246023,-0.03417632102871501,0.0,0.2072524074221454,0.0,0.0,0.0,0.5161719106802313,0.0,-0.41169660894279275,-0.5219488175281388,0.0,0.38304944798752727,0.32656267966065505,0.0,-0.1487788910568135,0.47281056666289734,-2.252099356677598,-2.014106292439834,-0.14398882693802512,0.09621851667947105,0.020559686360991716,-0.08070000000000001,0.05111,0.01345,-8.8451225851793e-05,0.0,0.000134283666027659,8.661221833415023e-05,0.0,2.181032428716717e-05
957,9.570156499976292,hold,0.11555495898679079,1.442626161538867e-05,3.9705999661237,9.634299902245402,11293.6,0.0,0.15,3.0,0.0004,15.0,0.01,-0.03406079369777659,0.0,0.20725493414980856,-0.03417632102871501,0.0,0.2072524074221454,0.0,0.0,0.0,0.4937396705699365,0.0,-0.38365331702494176,-0.5171922751900232,0.0,0.3785047708997817,0.31291923253257936,0.0,-0.13754322541851338,0.47281056666289734,-2.252099356677598,-2.015640273227719,-0.14557740372079886,0.09690734025409557,0.028767620322361076,-0.08070000000000001,0.05111,0.01076,6.745969646640632e-05,0.0,-6.445491600493232e-05,4.806763447201339e-05,0.0,6.698164366808697e-05
958,9.58050570008345,hold,0.11555495898679079,6.822556733079524e-06,4.4686000328511,10.34920010715723,11293.6,0.0,0.15,3.0,0.0004,15.0,0.01,-0.03406079369777659,0.0,0.20725493414980856,-0.03417632102871501,0.0,0.2072524074221454,0.0,0.0,0.0,0.48899209101844954,0.0,-0.37912045574150505,-0.5135531874642849,0.0,0.3758168886993087,0.3099760100321638,0.0,-0.1358336413381406,0.47281056666289734,-2.252099356677598,-2.015640273227719,-0.1459335345678621,0.0969906240018754,0.029164081642339433,-0.08070000000000001,0.048420000000000005,0.01614,5.161138826111715e-05,0.0,-3.812090894857897e-05,6.391594267730256e-05,0.0,4.064763661173362e-05
959,9.590161100029945,hold,0.11555495898679079,3.235739658152838e-06,3.978000022470951,9.65539994649589,11293.6,0.0,0.15,3.0,0.0004,15.0,0.01,-0.03406079369777659,0.0,0.20725493414980856,-0.03417632102871501,0.0,0.2072524074221454,0.0,0.0,0.0,0.4853532551198623,0.0,-0.3764329971666949,-0.5107069554262788,0.0,0.37454953627780707,0.3076589126084427,0.0,-0.1348841890007697,0.47281056666289734,-2.252099356677598,-2.015640273227719,-0.14623216461685823,0.09700635034837651,0.029436537078659543,-0.07801000000000001,0.05111,0.01614,4.0366706676455186e-05,0.0,-1.797423497849806e-05,7.516062426196453e-05,0.0,2.0500962641652708e-05
960,9.600521000102162,hold,0.1561048229910114,5.056414065149051e-05,4.44629997946322,10.359900072216988,11293.6,0.0,0.15,3.0,0.0004,15.0,0.01,-0.034178160036232655,0.0,0.20740850141246023,-0.03417632102871501,0.0,0.2072524074221454,0.0,0.0,0.0,0.5111667141361358,0.0,-0.4126653323401703,-0.5167602024766373,0.0,0.3852757015805514,0.3230155360052268,0.0,-0.1496060805643703,0.47281056666289734,-2.252099356677598,-2.014106292439834,-0.14455167772983596,0.0959552295846934,0.02074795059378421,-0.08070000000000001,0.05111,0.01345,-8.58502205228209e-05,0.0,0.0001521239177823212,8.401121300517813e-05,0.0,3.97007253250499e-06
961,9.610113499918953,hold,0.1561048229910114,2.1691044671522618e-05,3.903200151398778,9.592499816790223,11293.6,0.0,0.15,3.0,0.0004,15.0,0.01,-0.034178160036232655,0.0,0.20740850141246023,-0.03417632102871501,0.0,0.2072524074221454,0.0,0.0,0.0,0.5172105137592189,0.0,-0.42337921944294316,-0.5200230423477801,0.0,0.3926531679471199,0.3263871457256761,0.0,-0.15404466317870047,0.47281056666289734,-2.252099356677598,-2.014106292439834,-0.1442579535671029,0.09554801953567424,0.02004563626267148,-0.07801000000000001,0.056490000000000005,0.00807,-4.627525031407086e-05,0.0,0.00010463097065104541,4.44362427964281e-05,0.0,5.146301966378077e-05
962,9.62017869995907,hold,0.11555495898679079,2.9379637798523276e-05,3.91109986230731,10.065200040116906,11293.6,0.0,0.15,3.0,0.0004,15.0,0.01,-0.03406079369777659,0.0,0.20725493414980856,-0.03417632102871501,0.0,0.2072524074221454,0.0,0.0,0.0,0.49181320089968134,0.0,-0.39325655759516764,-0.512837880388035,0.0,0.38661062204263535,0.310834439275162,0.0,-0.14209779677334755,0.47281056666289734,-2.252099356677598,-2.015640273227719,-0.1460952293828467,0.09624150333376146,0.02847159780045761,-0.07801000000000001,0.05111,0.01076,0.00010190361199610229,0.0,-8.569845144326866e-05,1.3623718942317424e-05,0.0,8.822517910642331e-05
963,9.630058899987489,hold,0.11555495898679079,1.4763531602685145e-05,3.997999941930175,9.880200028419495,11293.6,0.0,0.15,3.0,0.0004,15.0,0.01,-0.03406079369777659,0.0,0.20725493414980856,-0.03417632102871501,0.0,0.2072524074221454,0.0,0.0,0.0,0.4846371172033032,0.0,-0.387225949836738,-0.5072990395168031,0.0,0.38292119978281935,0.3063217991591833,0.0,-0.13989024541554335,0.47281056666289734,-2.252099356677598,-2.015640273227719,-0.14666031265830007,0.096317195166856,0.029038079663396464,-0.08070000000000001,0.05918,0.01614,7.855465112858839e-05,0.0,-5.232525815846955e-05,3.697267980983132e-05,0.0,5.48519858216242e-05
964,9.640041700098664,hold,0.1961059526721933,8.164695882887334e-05,3.995800158008933,9.982800111174583,11293.6,0.0,0.15,3.0,0.0004,15.0,0.01,-0.034129256021602314,0.0,0.20706203297591128,-0.03417632102871501,0.0,0.2072524074221454,0.0,0.0,0.0,0.49581636174088567,0.0,-0.33643283453598233,-0.5079208090783444,0.0,0.36728296845383074,0.31799016095158644,0.0,-0.11550824027768282,0.47281056666289734,-2.2536333374654833,-2.015640273227719,-0.14352760932248107,0.10021396443609687,0.030465500830114553,-0.08339,0.048420000000000005,0.01883,-8.818251349832802e-06,0.0,-0.00022178933009202453,5.5883258462531034e-05,0.0,3.141488385789839e-05
965,9.650140200043097,hold,0.1561048229910114,8.380759563393575e-05,3.9041999261826277,10.09849994443357,11293.6,0.0,0.15,3.0,0.0004,15.0,0.01,-0.034178160036232655,0.0,0.20740850141246023,-0.03417632102871501,0.0,0.2072524074221454,0.0,0.0,0.0,0.5083746461413329,0.0,-0.4054143532045664,-0.5111654985614777,0.0,0.3828037537773848,0.3216344889620696,0.0,-0.14650253265484497,0.47281056666289734,-2.252099356677598,-2.014106292439834,-0.14461263019628323,0.09628378283395417,0.021164388911191406,-0.08070000000000001,0.05918,0.01614,-4.60178323035033e-05,0.0,0.00022012365126177034,4.4178824785860536e-05,0.0,-6.402966094694415e-05
966,9.660520300036296,hold,0.11555495898679079,1.6623430134551783e-05,4.487799946218729,10.38009999319911,11293.6,0.0,0.15,3.0,0.0004,15.0,0.01,-0.03406079369777659,0.0,0.20725493414980856,-0.03417632102871501,0.0,0.2072524074221454,0.0,0.0,0.0,0.4829556467954853,0.0,-0.3834090418019313,-0.5041036258373813,0.0,0.38278813224356045,0.3054514896479117,0.0,-0.1382704290010687,0.47281056666289734,-2.252099356677598,-2.015640273227719,-0.14671429515311085,0.09648190857589041,0.029266799894092733,-0.07801000000000001,0.05111,0.01076,0.00010015506151064022,0.0,-2.2155251760995197e-07,1.53722694277795e-05,0.0,2.7482801807646007e-06
967,9.670317400014028,hold,0.1561048229910114,4.7016414931011545e-05,3.8789999671280384,9.797099977731705,11293.6,0.0,0.15,3.0,0.0004,15.0,0.01,-0.034178160036232655,0.0,0.20740850141246023,-0.03417632102871501,0.0,0.2072524074221454,0.0,0.0,0.0,0.5045623941614814,0.0,-0.42090424565881057,-0.5071497966850517,0.0,0.3942672475387319,0.3178011568769001,0.0,-0.15388245291779218,0.47281056666289734,-2.252099356677598,-2.014106292439834,-0.14552040373941613,0.09518308776548406,0.02071814752834205,-0.08070000000000001,0.05111,0.01345,-4.3202340305471625e-05,0.0,0.000162802636551728,4.136333278782886e-05,0.0,-6.708646236901818e-06
968,9.680522999959067,hold,0.11555495898679079,2.0300733825164255e-05,4.733099834993482,10.205599945038557,11293.6,0.0,0.15,3.0,0.0004,15.0,0.01,-0.03406079369777659,0.0,0.20725493414980856,-0.03417632102871501,0.0,0.2072524074221454,0.0,0.0,0.0,0.4789398891469821,0.0,-0.394871595841961,-0.5000375892321158,0.0,0.39105497316970655,0.3017715218687673,0.0,-0.14384039239496538,0.47281056666289734,-2.252099356677598,-2.015640273227719,-0.14751458548480428,0.09561707157236057,0.028991356575292525,-0.08070000000000001,0.056490000000000005,0.00807,0.00010086893417020163,0.0,-4.5558104710808566e-05,1.4658396768218088e-05,0.0,4.8084832373963215e-05
969,9.690410299925134,hold,0.11555495898679079,1.0488696954328468e-05,3.9859998505562544,9.887299966067076,11293.6,0.0,0.15,3.0,0.0004,15.0,0.01,-0.03406079369777659,0.0,0.20725493414980856,-0.03417632102871501,0.0,0.2072524074221454,0.0,0.0,0.0,0.4718368435491802,0.0,-0.39167097555053443,-0.494758656290323,0.0,0.38915788122173994,0.2970893503754807,0.0,-0.1429251666192405,0.47281056666289734,-2.252099356677598,-2.015640273227719,-0.14816424339978512,0.09552271251069787,0.029441523234271717,-0.08339,0.048420000000000005,0.01345,7.486850502016958e-05,0.0,-2.690552041409764e-05,4.0658825918250135e-05,0.0,2.943224807725229e-05
970,9.700504600070417,hold,0.11555495898679079,5.330186978082852e-06,4.783999873325229,10.094300145283341,11293.6,0.0,0.15,3.0,0.0004,15.0,0.01,-0.03406079369777659,0.0,0.20725493414980856,-0.03417632102871501,0.0,0.2072524074221454,0.0,0.0,0.0,0.4665583331017172,0.0,-0.38977417810969794,-0.49086016263896154,0.0,0.38826776427181536,0.2935723858173913,0.0,-0.14246596518404242,0.47281056666289734,-2.252099356677598,-2.015640273227719,-0.14866274108386854,0.09542313922964235,0.029756823384511646,-0.08070000000000001,0.0538,0.01614,5.5290414696748655e-05,0.0,-1.2624090146394662e-05,6.023691624167106e-05,0.0,1.515081780954931e-05
971,9.710411099949852,hold,0.1561048229910114,4.885169653918486e-05,3.5842000506818295,9.906499879434705,11293.6,0.0,0.15,3.0,0.0004,15.0,0.01,-0.034178160036232655,0.0,0.20740850141246023,-0.03417632102871501,0.0,0.2072524074221454,0.0,0.0,0.0,0.49131967058846004,0.0,-0.42638365017172786,-0.49632320710679345,0.0,0.39907101539173506,0.30819243039740035,0.0,-0.15740542373099364,0.47281056666289734,-2.252099356677598,-2.014106292439834,-0.14710430038345826,0.09430852979322542,0.021099690149751472,-0.08339,0.048420000000000005,0.01883,-7.747966808352212e-05,0.0,0.00015321718794767723,7.564066056587935e-05,0.0,2.87680236714895e-06
972,9.72003629989922,hold,0.11555495898679079,1.4152947408089445e-05,3.9869998581707478,9.625199949368834,11293.6,0.0,0.15,3.0,0.0004,15.0,0.01,-0.03406079369777659,0.0,0.20725493414980856,-0.03417632102871501,0.0,0.2072524074221454,0.0,0.0,0.0,0.46811387572128976,0.0,-0.3996752026040102,-0.4909663649369529,0.0,0.395361152295651,0.29388178730110687,0.0,-0.1468861387748522,0.47281056666289734,-2.252099356677598,-2.015640273227719,-0.14882062219193393,0.09488128349496902,0.029290881641800902,-0.08070000000000001,0.0538,0.00538,7.59734532162391e-05,0.0,-5.261516046820255e-05,3.9553877722180614e-05,0.0,5.51418881313572e-05
973,9.730050900019705,hold,0.11555495898679079,7.233086940934186e-06,3.9803001563996077,10.014600120484829,11293.6,0.0,0.15,3.0,0.0004,15.0,0.01,-0.03406079369777659,0.0,0.20725493414980856,-0.03417632102871501,0.0,0.2072524074221454,0.0,0.0,0.0,0.46276603766241997,0.0,-0.39597703606858825,-0.48688324921701887,0.0,0.39311895987740714,0.29045688008941195,0.0,-0.14560611184877187,0.47281056666289734,-2.252099356677598,-2.015640273227719,-0.1492677100752586,0.09488901999792146,0.029681256223008115,-0.08070000000000001,0.056490000000000005,0.01883,5.790881853331341e-05,0.0,-3.179991035545638e-05,5.7618512405106304e-05,0.0,3.432663801861103e-05
974,9.740494000026956,hold,0.11555495898679079,3.731169796704711e-06,4.5825999695807695,10.443100007250905,11293.6,0.0,0.15,3.0,0.0004,15.0,0.01,-0.03406079369777659,0.0,0.20725493414980856,-0.03417632102871501,0.0,0.2072524074221454,0.0,0.0,0.0,0.4586832110309369,0.0,-0.39373517451393497,-0.4837271982261756,0.0,0.392008621400495,0.2877968667494139,0.0,-0.14489559085766565,0.47281056666289734,-2.252099356677598,-2.015640273227719,-0.14962801301033085,0.09485937085218538,0.029956069348920034,-0.08339,0.0538,0.01883,4.476071623891651e-05,0.0,-1.5747383562055496e-05,7.07666146995032e-05,0.0,1.8274111225210145e-05
975,9.750166600104421,hold,0.1961059526721933,6.763052563574763e-05,3.7968000397086143,9.672600077465177,11293.6,0.0,0.15,3.0,0.0004,15.0,0.01,-0.034129256021602314,0.0,0.20706203297591128,-0.03417632102871501,0.0,0.2072524074221454,0.0,0.0,0.0,0.4722450884829114,0.0,-0.3455208708541385,-0.4860906625138701,0.0,0.3779620697429516,0.300904529574551,0.0,-0.1215291915197169,0.47281056666289734,-2.2536333374654833,-2.015640273227719,-0.14632654182461519,0.09869571959529973,0.031174973538623307,-0.08339,0.048420000000000005,0.01883,-3.35198495300743e-05,0.0,-0.00019921532152134076,8.058485664277253e-05,0.0,8.840875287214619e-06
976,9.760604199953377,hold,0.11555495898679079,1.4838808543396604e-05,4.610100062564015,10.43759984895587,11293.6,0.0,0.15,3.0,0.0004,15.0,0.01,-0.03406079369777659,0.0,0.20725493414980856,-0.03417632102871501,0.0,0.2072524074221454,0.0,0.0,0.0,0.45788541267290983,0.0,-0.37859448482732955,-0.48215550514643507,0.0,0.38335010854419566,0.2884212910247568,0.0,-0.13801320860447602,0.47281056666289734,-2.252099356677598,-2.015640273227719,-0.14921874325347442,0.09575253710760837,0.03059683938687522,-0.08070000000000001,0.05918,0.01883,5.5810398117864036e-05,0.0,7.641589966907367e-05,5.971693282055568e-05,0.0,-7.388917200591903e-05
977,9.77050430001691,hold,0.11555495898679079,9.605842824910775e-06,4.424200160428882,9.90010006353259,11293.6,0.0,0.15,3.0,0.0004,15.0,0.01,-0.03406079369777659,0.0,0.20725493414980856,-0.03417632102871501,0.0,0.2072524074221454,0.0,0.0,0.0,0.4539555106495001,0.0,-0.3839681181686027,-0.4789448962655286,0.0,0.38765237760697835,0.2852747852594662,0.0,-0.14078372982693027,0.47281056666289734,-2.252099356677598,-2.015640273227719,-0.14981126741209033,0.09526349982119695,0.030560628060170646,-0.08339,0.0538,0.01883,4.553448391339292e-05,0.0,6.101696241961927e-05,6.99928470250268e-05,0.0,-5.8490234756464624e-05
978,9.780505399918184,hold,0.11555495898679079,6.05244522287925e-06,4.476800095289946,10.001099901273847,11293.6,0.0,0.15,3.0,0.0004,15.0,0.01,-0.03406079369777659,0.0,0.20725493414980856,-0.03417632102871501,0.0,0.2072524074221454,0.0,0.0,0.0,0.4507450659925895,0.0,-0.38827015220898975,-0.4762371471409093,0.0,0.3909425797811253,0.2827111539892233,0.0,-0.14300675822426678,0.47281056666289734,-2.252099356677598,-2.015640273227719,-0.15029245103400365,0.09486936229698431,0.03053455322795698,-0.08339,0.056490000000000005,0.01614,3.840267174545104e-05,0.0,4.6663316376364556e-05,7.712465919296867e-05,0.0,-4.413658871320991e-05
979,9.79016870004125,hold,0.1561048229910114,7.142894166418732e-05,3.885700134560466,9.66330012306571,11293.6,0.0,0.15,3.0,0.0004,15.0,0.01,-0.034178160036232655,0.0,0.20740850141246023,-0.03417632102871501,0.0,0.2072524074221454,0.0,0.0,0.0,0.47669693878923924,0.0,-0.4290594619696817,-0.4822270960250842,0.0,0.4042995007346061,0.29784125272823564,0.0,-0.15975145468186117,0.47281056666289734,-2.252099356677598,-2.014106292439834,-0.14874366295300295,0.0935487506108137,0.021655874238414502,-0.08339,0.048420000000000005,0.01076,-8.495249381840019e-05,0.0,0.00018943462902183718,8.311348630075742e-05,0.0,-3.3340638707011e-05
980,9.80051609990187,hold,0.11555495898679079,1.1322600465153119e-05,3.474599914625287,10.347399860620499,11293.6,0.0,0.15,3.0,0.0004,15.0,0.01,-0.03406079369777659,0.0,0.20725493414980856,-0.03417632102871501,0.0,0.2072524074221454,0.0,0.0,0.0,0.45401789009488835,0.0,-0.4049042964426772,-0.4769207793440303,0.0,0.40188893966385325,0.2836887787207904,0.0,-0.15038151876411823,0.47281056666289734,-2.252099356677598,-2.015640273227719,-0.15048768948003968,0.0939859500938595,0.029721822670387518,-0.08339,0.048420000000000005,0.01345,7.525687510233174e-05,0.0,-3.418779999993533e-05,4.027045583608797e-05,0.0,3.671452766308998e-05
981,9.810145299881697,hold,0.11555495898679079,7.47102034519946e-06,3.83559986948967,9.629199979826808,11293.6,0.0,0.15,3.0,0.0004,15.0,0.01,-0.03406079369777659,0.0,0.20725493414980856,-0.03417632102871501,0.0,0.2072524074221454,0.0,0.0,0.0,0.4487204639775975,0.0,-0.4025051329121225,-0.4725689248127665,0.0,0.40002495919874187,0.2801977776190663,0.0,-0.14969337282694148,0.47281056666289734,-2.252099356677598,-2.015640273227719,-0.15097180556986176,0.09391632046830282,0.030058040599519824,-0.08339,0.05111,0.01614,6.172020868867452e-05,0.0,-2.643591656655808e-05,5.380712224974519e-05,0.0,2.896264422971273e-05
982,9.820522800087929,hold,0.07964610943638345,3.696420607452422e-05,4.47429995983839,10.377500206232071,11293.6,0.0,0.15,3.0,0.0004,15.0,0.01,-0.03424685779110939,0.0,0.20721542002024596,-0.03417632102871501,0.0,0.2072524074221454,0.0,0.0,0.0,0.48980352149167744,0.0,-0.39099237044923774,-0.48223047987650575,0.0,0.3958360486036219,0.30977313645877985,0.0,-0.14113298202222613,0.47281056666289734,-2.2536333374654833,-2.014106292439834,-0.14583364838579135,0.09673658642154484,0.022494757030275356,-0.08339,0.05918,0.01345,-0.00013702507528851797,0.0,-5.940925512368166e-05,6.648831289413819e-05,0.0,2.242185322423517e-05
983,9.830201799981296,hold,0.11555495898679079,2.1298409844557575e-05,3.8083000108599663,9.67899989336729,11293.6,0.0,0.15,3.0,0.0004,15.0,0.01,-0.03406079369777659,0.0,0.20725493414980856,-0.03417632102871501,0.0,0.2072524074221454,0.0,0.0,0.0,0.4540153776248652,0.0,-0.3964556939237032,-0.47423767385603693,0.0,0.39593744610275367,0.284344528812894,0.0,-0.14650665567962978,0.47281056666289734,-2.252099356677598,-2.015640273227719,-0.15021231989919004,0.09450241888883873,0.03005928646671377,-0.08070000000000001,0.0538,0.01614,0.00011335802978877718,0.0,1.438070772347603e-06,2.169301149642535e-06,0.0,1.0886568908070457e-06
984,9.840501300059259,hold,0.11555495898679079,1.2920473867203753e-05,4.470899933949113,10.299500077962875,11293.6,0.0,0.15,3.0,0.0004,15.0,0.01,-0.03406079369777659,0.0,0.20725493414980856,-0.03417632102871501,0.0,0.2072524074221454,0.0,0.0,0.0,0.44603672662157784,0.0,-0.39655421434423205,-0.4680137763065225,0.0,0.39609403759281503,0.2787977242207137,0.0,-0.14717276471227356,0.47281056666289734,-2.252099356677598,-2.015640273227719,-0.15106256915714475,0.09417058556863793,0.030417458349820577,-0.08339,0.05111,0.01345,8.827047247404241e-05,0.0,2.220859952009978e-06,2.72568584643773e-05,0.0,3.058677111446709e-07
985,9.850075700087473,hold,0.1561048229910114,4.5631417285903115e-05,4.016099963337183,9.574400028213859,11293.6,0.0,0.15,3.0,0.0004,15.0,0.01,-0.034178160036232655,0.0,0.20740850141246023,-0.03417632102871501,0.0,0.2072524074221454,0.0,0.0,0.0,0.4684727297995752,0.0,-0.4342101728274456,-0.4715692839047698,0.0,0.4072409034113541,0.2917398143751364,0.0,-0.1627390634931017,0.47281056666289734,-2.252099356677598,-2.014106292439834,-0.1497840798340646,0.09289896884646376,0.021822966894791643,-0.08339,0.05111,0.01614,-5.042601249225617e-05,0.0,0.00015809050592164136,4.858700497461341e-05,0.0,-1.9965156068151772e-06
986,9.860501700080931,hold,0.11555495898679079,2.062378491257121e-05,4.478099988773465,10.42599999345839,11293.6,0.0,0.15,3.0,0.0004,15.0,0.01,-0.03406079369777659,0.0,0.20725493414980856,-0.03417632102871501,0.0,0.2072524074221454,0.0,0.0,0.0,0.4433594977503474,0.0,-0.407845172358033,-0.4647134427735276,0.0,0.40338489548593676,0.27606037725819255,0.0,-0.1525598552843593,0.47281056666289734,-2.252099356677598,-2.015640273227719,-0.15171515934483717,0.09337089946927744,0.030088118562529492,-0.08608,0.048420000000000005,0.01345,9.723301693951199e-05,0.0,-5.468786057810265e-05,1.8294313998907724e-05,0.0,5.72145882412573e-05
987,9.870518299983814,hold,0.1961059526721933,9.045830458178835e-05,4.426100058481097,10.016599902883172,11293.6,0.0,0.15,3.0,0.0004,15.0,0.01,-0.034129256021602314,0.0,0.20706203297591128,-0.03417632102871501,0.0,0.2072524074221454,0.0,0.0,0.0,0.4532304656002144,0.0,-0.35689650924029626,-0.46439168388620644,0.0,0.3869145771841007,0.28680440512443156,0.0,-0.12824253562355514,0.47281056666289734,-2.2536333374654833,-2.015640273227719,-0.14871686642272572,0.09722333794884479,0.031586141544257866,-0.08339,0.048420000000000005,0.01345,4.56334777052643e-06,0.0,-0.00023359040966449725,4.25016593421718e-05,0.0,4.321596343037111e-05
988,9.880497300066054,hold,0.1961059526721933,3.646636781461196e-05,3.442399902269244,9.979000082239509,11293.6,0.0,0.15,3.0,0.0004,15.0,0.01,-0.034129256021602314,0.0,0.20706203297591128,-0.03417632102871501,0.0,0.2072524074221454,0.0,0.0,0.0,0.452903501426707,0.0,-0.3404421793183422,-0.4635151833420023,0.0,0.3764919647361659,0.28786851947973835,0.0,-0.12071595934270771,0.47281056666289734,-2.2536333374654833,-2.015640273227719,-0.1482126481808726,0.09821746684255958,0.03225664099442103,-0.08339,0.0538,0.01614,1.2430975372769207e-05,0.0,-0.00014781877720092284,3.4634031739929025e-05,0.0,-4.25556690332033e-05
989,9.890138299902901,hold,0.1961059526721933,1.2623942833689735e-05,3.917600028216839,9.640999836847186,11293.6,0.0,0.15,3.0,0.0004,15.0,0.01,-0.034129256021602314,0.0,0.20706203297591128,-0.03417632102871501,0.0,0.2072524074221454,0.0,0.0,0.0,0.45202687714092266,0.0,-0.33002098467714347,-0.46225039966305465,0.0,0.37046932820832057,0.28807740459009756,0.0,-0.11600161447219463,0.47281056666289734,-2.2536333374654833,-2.015640273227719,-0.14796435544780118,0.0988197689644578,0.03271173419373447,-0.08339,0.0538,0.02152,1.7937803768456873e-05,0.0,-8.541608656360502e-05,2.912720334424136e-05,0.0,-0.00010495835967052112
990,9.900495300069451,hold,0.1561048229910114,0.00015839613387386953,3.535300027579069,10.357000166550279,11293.6,0.0,0.15,3.0,0.0004,15.0,0.01,-0.034178160036232655,0.0,0.20740850141246023,-0.03417632102871501,0.0,0.2072524074221454,0.0,0.0,0.0,0.4627037955158638,0.0,-0.4086029809268484,-0.46422474314105716,0.0,0.3921785513508579,0.2897013727831704,0.0,-0.1514648827970088,0.47281056666289734,-2.252099356677598,-2.014106292439834,-0.1495649617545643,0.09422617049247835,0.023108096353478567,-0.08070000000000001,0.056490000000000005,0.01614,-2.8001140803309575e-05,0.0,0.00030789121584845003,2.616213328566681e-05,0.0,-0.00015179722553362385
991,9.91011879988946,hold,0.1561048229910114,6.954813188253993e-05,3.932700026780367,9.623499820008874,11293.6,0.0,0.15,3.0,0.0004,15.0,0.01,-0.034178160036232655,0.0,0.20740850141246023,-0.03417632102871501,0.0,0.2072524074221454,0.0,0.0,0.0,0.4646740906638298,0.0,-0.4302846631010769,-0.4647650641548452,0.0,0.4066129702463202,0.28940526815458056,0.0,-0.16123431567040303,0.47281056666289734,-2.252099356677598,-2.014106292439834,-0.15005989258122257,0.09298354336233138,0.022152134986748735,-0.08339,0.0538,0.01614,-7.663106726177637e-06,0.0,0.00020471625145727338,5.824099208534871e-06,0.0,-4.8622261142447195e-05
992,9.920498799998313,hold,0.1561048229910114,2.638244974932848e-05,4.517700057476759,10.380000108852983,11293.6,0.0,0.15,3.0,0.0004,15.0,0.01,-0.034178160036232655,0.0,0.20740850141246023,-0.03417632102871501,0.0,0.2072524074221454,0.0,0.0,0.0,0.46521407591296,0.0,-0.444717390588266,-0.46432071082515347,0.0,0.4154983458358143,0.2886728110589478,0.0,-0.1677966675097445,0.47281056666289734,-2.252099356677598,-2.014106292439834,-0.15047126654609516,0.09212489595508433,0.021550775807178298,-0.08339,0.05111,0.01345,6.302044345245258e-06,0.0,0.00012601690422348884,-8.141051862888023e-06,0.0,3.0077086091337337e-05
993,9.930267499992624,hold,0.11555495898679079,4.209469112847351e-05,3.9888001047074795,9.768699994310737,11293.6,0.0,0.15,3.0,0.0004,15.0,0.01,-0.03406079369777659,0.0,0.20725493414980856,-0.03417632102871501,0.0,0.2072524074221454,0.0,0.0,0.0,0.4361099858335495,0.0,-0.4161020944020083,-0.45488098078061423,0.0,0.4094011686142105,0.27038486362977504,0.0,-0.15691117492593798,0.47281056666289734,-2.252099356677598,-2.015640273227719,-0.15275416972358938,0.09257001297089555,0.03008743680473555,-0.08339,0.04304,0.01076,0.0001338790403328375,0.0,-8.647326049750391e-05,-1.8351709394417775e-05,0.0,8.899998816065856e-05
994,9.940191899891943,hold,0.11555495898679079,2.2455552099270572e-05,4.232099978253245,9.924399899318814,11293.6,0.0,0.15,3.0,0.0004,15.0,0.01,-0.03406079369777659,0.0,0.20725493414980856,-0.03417632102871501,0.0,0.2072524074221454,0.0,0.0,0.0,0.4266796803758086,0.0,-0.41001648291861403,-0.44820595712847927,0.0,0.4046251121299077,0.26431152218865983,0.0,-0.15485382538396134,0.47281056666289734,-2.252099356677598,-2.015640273227719,-0.15355677273540674,0.09255701637680198,0.03075842130274458,-0.08608,0.05111,0.01614,9.46685717208388e-05,0.0,-6.773645598729595e-05,2.0858759217580916e-05,0.0,7.02631836504506e-05
995,9.950221699895337,hold,0.11555495898679079,1.123507817308378e-05,3.892499953508377,10.029800003394485,11293.6,0.0,0.15,3.0,0.0004,15.0,0.01,-0.03406079369777659,0.0,0.20725493414980856,-0.03417632102871501,0.0,0.2072524074221454,0.0,0.0,0.0,0.4200053012878337,0.0,-0.4052407224697782,-0.4436250709917265,0.0,0.40105850075195276,0.26004953211935816,0.0,-0.15318278156246712,0.47281056666289734,-2.252099356677598,-2.015640273227719,-0.15410953319267284,0.09257647049418025,0.031252028017674426,-0.08339,0.0538,0.01614,6.496845110705662e-05,0.0,-5.058349192909528e-05,5.055887983136309e-05,0.0,5.3110219592249926e-05
996,9.960472699953243,hold,0.1561048229910114,3.314188994386565e-05,4.5779999345541,10.251000057905912,11293.6,0.0,0.15,3.0,0.0004,15.0,0.01,-0.034178160036232655,0.0,0.20740850141246023,-0.03417632102871501,0.0,0.2072524074221454,0.0,0.0,0.0,0.44408441642123164,0.0,-0.4391737484450963,-0.44892587411465507,0.0,0.40950404135534507,0.27443733823368144,0.0,-0.166880983633391,0.47281056666289734,-2.252099356677598,-2.014106292439834,-0.15253452940187834,0.09160122593539005,0.022730575291292722,-0.08608,0.04573,0.02152,-7.517867902393233e-05,0.0,0.00011977894131922343,7.333967150628956e-05,0.0,3.631504899560275e-05
997,9.970113300019875,hold,0.11555495898679079,1.9691831246047735e-05,3.808399895206094,9.640600066632032,11293.6,0.0,0.15,3.0,0.0004,15.0,0.01,-0.03406079369777659,0.0,0.20725493414980856,-0.03417632102871501,0.0,0.2072524074221454,0.0,0.0,0.0,0.4207165041929844,0.0,-0.41010766641597235,-0.4437627743790426,0.0,0.40381036988095687,0.2601645216121297,0.0,-0.15535971924084252,0.47281056666289734,-2.252099356677598,-2.015640273227719,-0.15419281440505792,0.09230793389694983,0.03102541516237533,-0.08877,0.05111,0.01345,7.322569972712225e-05,0.0,-8.075053728919974e-05,4.2301631211297464e-05,0.0,8.327726495235439e-05
998,9.980514999944717,hold,0.1961059526721933,0.0001038517521320999,4.590899916365743,10.401699924841523,11293.6,0.0,0.15,3.0,0.0004,15.0,0.01,-0.034129256021602314,0.0,0.20706203297591128,-0.03417632102871501,0.0,0.2072524074221454,0.0,0.0,0.0,0.43228020086012475,0.0,-0.3573215456608558,-0.4449821883765127,0.0,0.38620161393685126,0.27221912273452264,0.0,-0.13008165100804114,0.47281056666289734,-2.2536333374654833,-2.015640273227719,-0.150953937368224,0.09634246107057434,0.032521642215626555,-0.08608,0.05111,0.01614,-1.7294347929384618e-05,0.0,-0.00024973630984455536,6.435935504208285e-05,0.0,5.9361863610429225e-05
999,9.990191499935463,hold,0.11555495898679079,9.054313592152e-06,3.8369998801499605,9.676499990746379,11293.6,0.0,0.15,3.0,0.0004,15.0,0.01,-0.03406079369777659,0.0,0.20725493414980856,-0.03417632102871501,0.0,0.2072524074221454,0.0,0.0,0.0,0.416776665948983,0.0,-0.3868331798157723,-0.4405539353956181,0.0,0.38894998005395687,0.25924059613629485,0.0,-0.14499119046766784,0.47281056666289734,-2.252099356677598,-2.015640273227719,-0.15385174628802617,0.09357011773490236,0.032133564281709485,-0.08339,0.05111,0.02152,6.280373025880671e-05,0.0,3.897872253817697e-05,5.2723600679613e-05,0.0,-3.6451994875022324e-05
