sample,t,mode,err_mm,nis,compute_ms,period_ms,q_pos,q_vel,r,observer_q_d,observer_r_y,observer_d_hat_max,dyn_armature_kg_m2,ee_0,ee_1,ee_2,p_d_0,p_d_1,p_d_2,ee_vel_0,ee_vel_1,ee_vel_2,u_0,u_1,u_2,d_hat_0,d_hat_1,d_hat_2,F_0,F_1,F_2,q_0,q_1,q_2,tau_0,tau_1,tau_2,cur_0,cur_1,cur_2,innovation_0,innovation_1,innovation_2,y_hat_0,y_hat_1,y_hat_2
0,6.00004568696022e-07,hold,0.0,0.0,15.854500001296401,0.000600004568696022,11293.6,0.0,0.15,3.0,0.0004,15.0,0.01,-0.038992101457215544,0.0,0.20666528938460088,-0.038992101457215544,0.0,0.20666528938460088,0.0,0.0,0.0,0.0,0.0,0.0,0.0,0.0,0.0,0.0,0.0,0.0,0.5326358173904374,-2.3671479157690207,-1.9021256949241818,-0.19257196933867626,0.12049273461575748,0.044923729609979646,-0.048420000000000005,0.04304,0.040350000000000004,0.0,0.0,0.0,0.0,0.0,0.0
1,0.016099400119856,hold,0.0,0.0,17.587000038474798,16.098800115287304,11293.6,0.0,0.15,3.0,0.0004,15.0,0.01,-0.038992101457215544,0.0,0.20666528938460088,-0.038992101457215544,0.0,0.20666528938460088,0.0,0.0,0.0,0.0,0.0,0.0,0.0,0.0,0.0,0.0,0.0,0.0,0.5326358173904374,-2.3671479157690207,-1.9021256949241818,-0.19257196933867626,0.12049273461575748,0.044923729609979646,-0.048420000000000005,0.04573,0.048420000000000005,0.0,0.0,0.0,0.0,0.0,0.0
2,0.033816900104284286,hold,0.2389162743891017,7.307726283943084e-05,13.956200098618865,17.717499984428287,11293.6,0.0,0.15,3.0,0.0004,15.0,0.01,-0.03921779010057021,0.0,0.20658689536423772,-0.038992101457215544,0.0,0.20666528938460088,0.0,0.0,0.0,0.05511055575098302,0.0,0.019142912844660187,-0.00027116759507251736,0.0,-9.419134987904214e-05,0.0006662845931034572,0.0,0.00016103107559508085,0.5311018366025517,-2.3671479157690207,-1.9021256949241818,-0.1915117348117451,0.12090278143709468,0.044831725851079876,-0.1076,0.06456,0.02152,-0.00022844417114221204,0.0,-7.935116600539802e-05,2.755527787549162e-06,0.0,9.571456422330127e-07
3,0.04787240014411509,hold,0.2389162743891017,9.953864480005609e-06,15.917100012302399,14.055500039830804,11293.6,0.0,0.15,3.0,0.0004,15.0,0.01,-0.03921779010057021,0.0,0.20658689536423772,-0.038992101457215544,0.0,0.20666528938460088,0.0,0.0,0.0,0.05535953562064006,0.0,0.01922939718291397,-0.0004800173284703152,0.0,-0.00016673629502765363,0.0009474773268710918,0.0,0.00022899117678429256,0.5311018366025517,-2.3671479157690207,-1.9021256949241818,-0.19146689427933675,0.12092581758874912,0.044818904382436596,-0.1076,0.05918,0.01883,-8.432962966116713e-05,0.0,-2.9292296708464916e-05,-0.00014135901369349575,0.0,-4.910172365470009e-05
4,0.06388370017521083,hold,0.0,7.266363595892795e-05,15.608000103384256,16.011300031095743,11293.6,0.0,0.15,3.0,0.0004,15.0,0.01,-0.038992101457215544,0.0,0.20666528938460088,-0.038992101457215544,0.0,0.20666528938460088,0.0,0.0,0.0,0.000457849691302312,0.0,0.00015903626115036236,0.00047692574467463923,0.0,0.00016566241873760109,1.0456064435161225e-05,0.0,2.5199838210655554e-06,0.5326358173904374,-2.3671479157690207,-1.9021256949241818,-0.19257030206965706,0.12049359224152315,0.044923254054547515,-0.1076,0.07263,0.02152,0.00022474855421967746,0.0,7.806747594473174e-05,-0.00022474855421967746,0.0,-7.806747594473174e-05
5,0.07957360008731484,hold,0.0,2.340918167294019e-05,15.850600088015199,15.68989991210401,11293.6,0.0,0.15,3.0,0.0004,15.0,0.01,-0.038992101457215544,0.0,0.20666528938460088,-0.038992101457215544,0.0,0.20666528938460088,0.0,0.0,0.0,-0.0004771192933072033,0.0,-0.00016572964877282692,0.001317558188464761,0.0,0.00045766008391413023,-1.3572231161757135e-05,0.0,-3.271001547042581e-06,0.5326358173904374,-2.3671479157690207,-1.9021256949241818,-0.1925741334952457,0.12049162139622693,0.044924346892734085,-0.1076,0.06456,0.02152,0.00012427303134567393,0.0,4.316682667366355e-05,-0.00012427303134567393,0.0,-4.316682667366355e-05
6,0.09553609997965395,hold,0.0,6.058405806435668e-06,16.058299923315644,15.96249989233911,11293.6,0.0,0.15,3.0,0.0004,15.0,0.01,-0.038992101457215544,0.0,0.20666528938460088,-0.038992101457215544,0.0,0.20666528938460088,0.0,0.0,0.0,-0.0013177586681297415,0.0,-0.00045772972147633314,0.0019475492242973602,0.0,0.0006764904572885722,-4.5004780973500365e-05,0.0,-1.0846463373202226e-05,0.5326358173904374,-2.3671479157690207,-1.9021256949241818,-0.1925791455642532,0.12048904324029013,0.04492577648604822,-0.10491,0.06456,0.024210000000000002,6.14399554696665e-05,0.0,2.13414598475474e-05,-6.14399554696665e-05,0.0,-2.13414598475474e-05
7,0.11166410008445382,hold,0.0,9.296322829578461e-07,15.646400162950158,16.128000104799867,11293.6,0.0,0.15,3.0,0.0004,15.0,0.01,-0.038992101457215544,0.0,0.20666528938460088,-0.038992101457215544,0.0,0.20666528938460088,0.0,0.0,0.0,-0.0019476993965923072,0.0,-0.000676542620347237,0.0022978183846185593,0.0,0.0007981581109137384,-7.774827505141811e-05,0.0,-1.8737871831247817e-05,0.5326358173904374,-2.3671479157690207,-1.9021256949241818,-0.19258436666953574,0.12048635755827723,0.04492726570281542,-0.10222,0.06725,0.024210000000000002,2.34544514878243e-05,0.0,8.14701493266508e-06,-2.34544514878243e-05,0.0,-8.14701493266508e-06
8,0.1273980000987649,hold,0.2389162743891017,9.16088185998485e-05,16.090900171548128,15.733900014311075,11293.6,0.0,0.15,3.0,0.0004,15.0,0.01,-0.03921779010057021,0.0,0.20658689536423772,-0.038992101457215544,0.0,0.20666528938460088,0.0,0.0,0.0,0.05281265392002213,0.0,0.018344725748263725,-0.002472819515153773,0.0,-0.0008589455833661988,0.0024054248221408894,0.0,0.0005813554003526346,0.5311018366025517,-2.3671479157690207,-1.9021256949241818,-0.1912344019918036,0.12104525701790951,0.04475242674681747,-0.1076,0.06725,0.0269,-0.00022794024506196762,0.0,-7.917612489207922e-05,2.251601707304739e-06,0.0,7.821045289142179e-07
9,0.14355280017480254,hold,0.2389162743891017,4.0618076549621225e-05,15.736199915409088,16.154800076037645,11293.6,0.0,0.15,3.0,0.0004,15.0,0.01,-0.03921779010057021,0.0,0.20658689536423772,-0.038992101457215544,0.0,0.20666528938460088,0.0,0.0,0.0,0.057562261971120916,0.0,0.01999452462489479,-0.00668968782158904,0.0,-0.0023236947837235217,0.002954205523299374,0.0,0.0007139875330600064,0.5311018366025517,-2.3671479157690207,-1.9021256949241818,-0.19114689041749774,0.12109021477797512,0.044727404142365125,-0.1076,0.06456,0.02152,-0.00014933046549056014,0.0,-5.187064523273903e-05,-7.635817786410274e-05,0.0,-2.652337513042598e-05
10,0.15945750009268522,hold,0.2389162743891017,1.824826056224047e-05,15.902299899607897,15.904699917882681,11293.6,0.0,0.15,3.0,0.0004,15.0,0.01,-0.03921779010057021,0.0,0.20658689536423772,-0.038992101457215544,0.0,0.20666528938460088,0.0,0.0,0.0,0.06177903158419449,0.0,0.02145923954364481,-0.010319669730179351,0.0,-0.0035845862110903733,0.003521901723782581,0.0,0.0008511912605981778,0.5311018366025517,-2.3671479157690207,-1.9021256949241818,-0.19105636247413735,0.12113672215244657,0.044701519053031984,-0.10491,0.06725,0.01883,-9.895965715517015e-05,0.0,-3.4374106126213056e-05,-0.00012672898619949273,0.0,-4.401991423695195e-05
11,0.1754209001082927,hold,0.2389162743891017,8.531491169040675e-06,15.884899999946356,15.963400015607476,11293.6,0.0,0.15,3.0,0.0004,15.0,0.01,-0.03921779010057021,0.0,0.20658689536423772,-0.038992101457215544,0.0,0.20666528938460088,0.0,0.0,0.0,0.06540887348222378,0.0,0.022720082337679717,-0.013401464431480032,0.0,-0.0046550622127968545,0.004102127836063913,0.0,0.0009914232814435301,0.5311018366025517,-2.3671479157690207,-1.9021256949241818,-0.19096383644246034,0.12118425601485223,0.04467506264071667,-0.1076,0.06725,0.024210000000000002,-6.72092320538252e-05,0.0,-2.3345445423855427e-05,-0.00015847941130083768,0.0,-5.504857493930958e-05
12,0.19156020018272102,hold,0.2389162743891017,4.404148352098234e-06,15.987500082701445,16.13930007442832,11293.6,0.0,0.15,3.0,0.0004,15.0,0.01,-0.03921779010057021,0.0,0.20658689536423772,-0.038992101457215544,0.0,0.20666528938460088,0.0,0.0,0.0,0.0684905374682232,0.0,0.023790512934806426,-0.016056649828665902,0.0,-0.005577353449967637,0.004690585343872675,0.0,0.0011336447081510958,0.5311018366025517,-2.3671479157690207,-1.9021256949241818,-0.1908699977873988,0.12123246421785397,0.04464823090369708,-0.10491,0.06994,0.024210000000000002,-4.816507079622432e-05,0.0,-1.6730365713878015e-05,-0.00017752357255843856,0.0,-6.166365464928699e-05
13,0.20783920004032552,hold,0.2389162743891017,2.7398478531733528e-06,15.603600069880486,16.278999857604504,11293.6,0.0,0.15,3.0,0.0004,15.0,0.01,-0.03921779010057021,0.0,0.20658689536423772,-0.038992101457215544,0.0,0.20666528938460088,0.0,0.0,0.0,0.07114562116738565,0.0,0.02471276884668656,-0.018479944910956475,0.0,-0.006419096486760633,0.005286482798666524,0.0,0.0012776642593804969,0.5311018366025517,-2.3671479157690207,-1.9021256949241818,-0.19077497271766913,0.12128128192361472,0.044621059929437254,-0.10491,0.06994,0.01883,-3.8023669266058004e-05,0.0,-1.320770180731392e-05,-0.00018766497408860487,0.0,-6.518631855585109e-05
14,0.22362440009601414,hold,0.2389162743891017,2.1950380374538394e-06,15.856600133702159,15.78520005568862,11293.6,0.0,0.15,3.0,0.0004,15.0,0.01,-0.03921779010057021,0.0,0.20658689536423772,-0.038992101457215544,0.0,0.20666528938460088,0.0,0.0,0.0,0.07356886100814111,0.0,0.025554492695070416,-0.0209019869997357,0.0,-0.007260404290316444,0.005881720820694846,0.0,0.0014215244355191131,0.5311018366025517,-2.3671479157690207,-1.9021256949241818,-0.1906800528046976,0.12133004560666659,0.04459391902315398,-0.10491,0.06994,0.0269,-3.414837076961232e-05,0.0,-1.186159849999647e-05,-0.00019154027258505056,0.0,-6.653242186316854e-05
15,0.23957570013590157,hold,0.2389162743891017,2.225821645717143e-06,16.00979990325868,15.951300039887428,11293.6,0.0,0.15,3.0,0.0004,15.0,0.01,-0.03921779010057021,0.0,0.20658689536423772,-0.038992101457215544,0.0,0.20666528938460088,0.0,0.0,0.0,0.0759909028663384,0.0,0.026395800418532414,-0.023534459913123484,0.0,-0.008174806238549609,0.0065087195100699945,0.0,0.0015730606925357994,0.5311018366025517,-2.3671479157690207,-1.9021256949241818,-0.19058006816187195,0.1213814112187934,0.04456532993435539,-0.1076,0.06456,0.0269,-3.454671359231316e-05,0.0,-1.1999964768188629e-05,-0.00019114192976234972,0.0,-6.639405559497638e-05
16,0.2556761000305414,hold,0.2389162743891017,2.616255394108522e-06,15.821999870240688,16.10039989463985,11293.6,0.0,0.15,3.0,0.0004,15.0,0.01,-0.03921779010057021,0.0,0.20658689536423772,-0.038992101457215544,0.0,0.20666528938460088,0.0,0.0,0.0,0.0786234260239987,0.0,0.02731021981935173,-0.026522203490930107,0.0,-0.00921261313657069,0.007186762337772197,0.0,0.0017369335585371555,0.5311018366025517,-2.3671479157690207,-1.9021256949241818,-0.19047194374136342,0.12143695851974202,0.044534413399857135,-0.10491,0.06725,0.02152,-3.763322613825479e-05,0.0,-1.3072079535600612e-05,-0.00018805541721640808,0.0,-6.53219408275644e-05
17,0.27160510001704097,hold,0.2389162743891017,3.258072422139534e-06,15.765100019052625,15.928999986499548,11293.6,0.0,0.15,3.0,0.0004,15.0,0.01,-0.03921779010057021,0.0,0.20658689536423772,-0.038992101457215544,0.0,0.20666528938460088,0.0,0.0,0.0,0.08161125436641087,0.0,0.02834805616076056,-0.029924453102597958,0.0,-0.010394400670817702,0.007924633013174047,0.0,0.001915265925426484,0.5311018366025517,-2.3671479157690207,-1.9021256949241818,-0.19035427884479866,0.12149740709731434,0.04450076891125069,-0.10491,0.07263,0.02152,-4.2165423201055946e-05,0.0,-1.4646359674600631e-05,-0.00018352322015360693,0.0,-6.374766068856438e-05
18,0.2874533999711275,hold,0.0,5.9835394426570485e-05,16.043300041928887,15.848299954086542,11293.6,0.0,0.15,3.0,0.0004,15.0,0.01,-0.038992101457215544,0.0,0.20666528938460088,-0.038992101457215544,0.0,0.20666528938460088,0.0,0.0,0.0,0.029903047092305676,0.0,0.010386965191646952,-0.015335208536637758,0.0,-0.00532675739649586,0.0030728273314902313,0.0,0.0007405726321123144,0.5326358173904374,-2.3671479157690207,-1.9021256949241818,-0.19208199246038118,0.12074477360320528,0.04478397341982299,-0.1076,0.06994,0.024210000000000002,0.00018120118058783316,0.0,6.294108923553261e-05,-0.00018120118058783316,0.0,-6.294108923553261e-05
19,0.3035788000561297,hold,0.2389162743891017,3.630120690026386e-05,15.945899998769164,16.125400085002184,11293.6,0.0,0.15,3.0,0.0004,15.0,0.01,-0.03921779010057021,0.0,0.20658689536423772,-0.038992101457215544,0.0,0.20666528938460088,0.0,0.0,0.0,0.07044231484378619,0.0,0.0244684720604842,-0.026553713549508126,0.0,-0.009223558304821484,0.007645330158658269,0.0,0.0018477625799416732,0.5311018366025517,-2.3671479157690207,-1.9021256949241818,-0.19039881800671746,0.12147452577023332,0.04451350420758346,-0.10491,0.06187,0.024210000000000002,-0.00014133785725749896,0.0,-4.9094374866344185e-05,-8.435078609716392e-05,0.0,-2.9299645496820822e-05
20,0.3196171000599861,hold,0.2389162743891017,2.6121419469191704e-05,15.663200058043003,16.03830000385642,11293.6,0.0,0.15,3.0,0.0004,15.0,0.01,-0.03921779010057021,0.0,0.20658689536423772,-0.038992101457215544,0.0,0.20666528938460088,0.0,0.0,0.0,0.08164469972508646,0.0,0.02835967356467653,-0.035875462959676745,0.0,-0.012461512161155746,0.00932930278870545,0.0,0.002254753716606138,0.5311018366025517,-2.3671479157690207,-1.9021256949241818,-0.19013028251406558,0.1216124818559683,0.044436720565335666,-0.1076,0.06456,0.024210000000000002,-0.0001199190895186911,0.0,-4.165446433601522e-05,-0.00010576955383597178,0.0,-3.673955602714979e-05
21,0.33537930017337203,hold,0.0,2.887844447181155e-05,15.894500073045492,15.762200113385916,11293.6,0.0,0.15,3.0,0.0004,15.0,0.01,-0.038992101457215544,0.0,0.20666528938460088,-0.038992101457215544,0.0,0.20666528938460088,0.0,0.0,0.0,0.03585546792984926,0.0,0.012454566792739784,-0.026304626724557984,0.0,-0.009137036815139549,0.004298796743678525,0.0,0.0010360397366805361,0.5326358173904374,-2.3671479157690207,-1.9021256949241818,-0.19188650582847272,0.1208453298844266,0.04472821473382713,-0.1076,0.06725,0.024210000000000002,0.0001260001536984819,0.0,4.376675081199494e-05,-0.0001260001536984819,0.0,-4.376675081199494e-05
22,0.35133760003373027,hold,0.2389162743891017,5.775725510800891e-05,15.837699873372912,15.958299860358238,11293.6,0.0,0.15,3.0,0.0004,15.0,0.01,-0.03921779010057021,0.0,0.20658689536423772,-0.038992101457215544,0.0,0.20666528938460088,0.0,0.0,0.0,0.08141292951160514,0.0,0.02827916708209432,-0.03952660403800428,0.0,-0.013729753326456194,0.01022608029504346,0.0,0.002471491500895052,0.5311018366025517,-2.3671479157690207,-1.9021256949241818,-0.18998727746447824,0.12168594855747052,0.04439583044515563,-0.1076,0.05918,0.024210000000000002,-0.00017796127002961447,0.0,-6.181569094122543e-05,-4.7727373325048405e-05,0.0,-1.6578329421939572e-05
23,0.3672494001220912,hold,0.2389162743891017,3.708881830211797e-05,15.920399921014905,15.911800088360906,11293.6,0.0,0.15,3.0,0.0004,15.0,0.01,-0.03921779010057021,0.0,0.20658689536423772,-0.038992101457215544,0.0,0.20666528938460088,0.0,0.0,0.0,0.09461806709131765,0.0,0.03286603423205338,-0.04990481321514881,0.0,-0.01733467349201243,0.012422996206849219,0.0,0.003002453399056618,0.5311018366025517,-2.3671479157690207,-1.9021256949241818,-0.18963694522857072,0.12186592649444752,0.04429565826752597,-0.10491,0.06187,0.024210000000000002,-0.0001423817040614962,0.0,-4.945696000307162e-05,-8.330693929316669e-05,0.0,-2.8937060360093386e-05
24,0.38325040019117296,hold,0.2389162743891017,2.4166782382520592e-05,16.386100091040134,16.001000069081783,11293.6,0.0,0.15,3.0,0.0004,15.0,0.01,-0.03921779010057021,0.0,0.20658689536423772,-0.038992101457215544,0.0,0.20666528938460088,0.0,0.0,0.0,0.10499562559251366,0.0,0.03647072838223375,-0.0581432425870078,0.0,-0.020196330996520028,0.01438616404707488,0.0,0.0034769218651706517,0.5311018366025517,-2.3671479157690207,-1.9021256949241818,-0.18932388773955527,0.12202675508871674,0.04420614423717499,-0.1076,0.06725,0.02152,-0.00011474332772571744,0.0,-3.985663893655265e-05,-0.00011094531562894544,0.0,-3.8537381426612355e-05
25,0.3997271000407636,hold,0.2389162743891017,1.636526167742104e-05,15.560599975287914,16.47669984959066,11293.6,0.0,0.15,3.0,0.0004,15.0,0.01,-0.03921779010057021,0.0,0.20658689536423772,-0.038992101457215544,0.0,0.20666528938460088,0.0,0.0,0.0,0.11323354486207407,0.0,0.03933220870028912,-0.0648394672452238,0.0,-0.02252229638144007,0.01618191374959035,0.0,0.003910927857638049,0.5311018366025517,-2.3671479157690207,-1.9021256949241818,-0.1890375276631264,0.12217386828729163,0.0441242639261389,-0.1076,0.06187,0.0269,-9.427847334320507e-05,0.0,-3.2748074733476005e-05,-0.0001314101700114578,0.0,-4.5645945629689e-05
26,0.4154650999698788,hold,0.2389162743891017,1.1794306638063065e-05,16.025299904868007,15.737999929115176,11293.6,0.0,0.15,3.0,0.0004,15.0,0.01,-0.03921779010057021,0.0,0.20658689536423772,-0.038992101457215544,0.0,0.20666528938460088,0.0,0.0,0.0,0.1199294019256327,0.0,0.041658046399462155,-0.07047762647159565,0.0,-0.024480737721832964,0.017813587918339084,0.0,0.004305279234112887,0.5311018366025517,-2.3671479157690207,-1.9021256949241818,-0.18877733196936383,0.12230753992630701,0.044049864922614326,-0.1076,0.06187,0.0269,-7.993060125251962e-05,0.0,-2.7764273332899013e-05,-0.00014575804210214326,0.0,-5.0629747030265994e-05
27,0.4315714000258595,hold,0.3897547816189921,0.0002199234092975459,15.970999840646982,16.106300055980682,11293.6,0.0,0.15,3.0,0.0004,15.0,0.01,-0.03925087703897627,0.0,0.2069567409038614,-0.038992101457215544,0.0,0.20666528938460088,0.0,0.0,0.0,0.13364675655821903,0.0,-0.04669560194586454,-0.0777911904108604,0.0,0.00010724659025099573,0.01994044084257867,0.0,-0.0031166517089562962,0.5311018366025517,-2.3656139349811354,-1.900591714136296,-0.18913295965730323,0.12110815944274816,0.043270265186163025,-0.10491,0.07263,0.01883,-0.00010406054155819917,0.0,0.0003498484438760768,-0.00015471504020252651,0.0,-5.839692461555518e-05
28,0.44763050018809736,hold,0.2389162743891017,4.808330600547618e-05,15.841000014916062,16.059100162237883,11293.6,0.0,0.15,3.0,0.0004,15.0,0.01,-0.03921779010057021,0.0,0.20658689536423772,-0.038992101457215544,0.0,0.20666528938460088,0.0,0.0,0.0,0.13287801095221374,0.0,0.019058543589039283,-0.08148522510373368,0.0,-0.011279318093722757,0.02106198181831474,0.0,0.0027064259659243133,0.5311018366025517,-2.3671479157690207,-1.9021256949241818,-0.1883814255267504,0.12224767385947038,0.043653258484587905,-0.10222,0.06187,0.02152,-5.262432612173983e-05,0.0,-0.00016221025062156217,-0.00017306431723292304,0.0,8.381623025839716e-05
29,0.463567600119859,hold,0.2389162743891017,2.9145594683130586e-05,15.6528998631984,15.937099931761622,11293.6,0.0,0.15,3.0,0.0004,15.0,0.01,-0.03921779010057021,0.0,0.20658689536423772,-0.038992101457215544,0.0,0.20666528938460088,0.0,0.0,0.0,0.1365744483693065,0.0,0.030417182196975787,-0.08525431195418857,0.0,-0.01980149132540203,0.022502613952871585,0.0,0.003887626697795793,0.5311018366025517,-2.3671479157690207,-1.9021256949241818,-0.1881090289275636,0.12247960351555946,0.04367440040295795,-0.10222,0.06456,0.024210000000000002,-5.367308197406703e-05,0.0,-0.00012135865280098703,-0.00017201556138059584,0.0,4.296463243782202e-05
30,0.4792959000915289,hold,0.2389162743891017,1.8050596808773928e-05,15.979700023308396,15.728299971669912,11293.6,0.0,0.15,3.0,0.0004,15.0,0.01,-0.03921779010057021,0.0,0.20658689536423772,-0.038992101457215544,0.0,0.20666528938460088,0.0,0.0,0.0,0.14034354906940574,0.0,0.03893871833060378,-0.08920659024202426,0.0,-0.02598672665109497,0.023969791442663858,0.0,0.004869006666395821,0.5311018366025517,-2.3671479157690207,-1.9021256949241818,-0.187842962232398,0.12268550673478694,0.04367283487911124,-0.10222,0.06187,0.01883,-5.621130321827934e-05,0.0,-8.796954896597943e-05,-0.00016947734013638354,0.0,9.575528602814422e-06
31,0.49534750008024275,hold,0.0,4.7774409499853894e-05,16.209400026127696,16.05159998871386,11293.6,0.0,0.15,3.0,0.0004,15.0,0.01,-0.038992101457215544,0.0,0.20666528938460088,-0.038992101457215544,0.0,0.20666528938460088,0.0,0.0,0.0,0.08918531532933992,0.0,0.025980483616496575,-0.0773129524329401,0.0,-0.024747339121809944,0.01575192689585495,0.0,0.003309655584630835,0.5326358173904374,-2.3671479157690207,-1.9021256949241818,-0.190085066165154,0.12171822562543204,0.04415653083124663,-0.10491,0.06456,0.01883,0.0001688938831918867,0.0,1.7599743321649426e-05,-0.0001688938831918867,0.0,-1.7599743321649426e-05
32,0.5118709001690149,hold,0.2389162743891017,4.4604038623876445e-05,15.338099794462323,16.523400088772178,11293.6,0.0,0.15,3.0,0.0004,15.0,0.01,-0.03921779010057021,0.0,0.20658689536423772,-0.038992101457215544,0.0,0.20666528938460088,0.0,0.0,0.0,0.1324207022002659,0.0,0.04388996636755621,-0.08773013774278116,0.0,-0.029783781331267006,0.024214973098335733,0.0,0.005640429036839673,0.5311018366025517,-2.3671479157690207,-1.9021256949241818,-0.1877673886748211,0.12280297548258187,0.0437358880207557,-0.10491,0.07532,0.024210000000000002,-0.0001477102827430228,0.0,-7.141413737499768e-05,-7.797836061164008e-05,0.0,-6.979882988167327e-06
33,0.5272825001738966,hold,0.2389162743891017,3.077921061884759e-05,16.53739996254444,15.41160000488162,11293.6,0.0,0.15,3.0,0.0004,15.0,0.01,-0.03921779010057021,0.0,0.20658689536423772,-0.038992101457215544,0.0,0.20666528938460088,0.0,0.0,0.0,0.14282093178973498,0.0,0.04892016756687634,-0.09670956420272063,0.0,-0.033243855087222156,0.026917101373237877,0.0,0.006434023241542081,0.5311018366025517,-2.3671479157690207,-1.9021256949241818,-0.1873292948745744,0.12304355823998883,0.04362732796415599,-0.10491,0.07263,0.01883,-0.00012717682318703034,0.0,-4.900548940830216e-05,-9.851182016763253e-05,0.0,-2.9388530954862844e-05
34,0.5439576001372188,hold,0.1997711647641151,5.5373621428231884e-05,15.956599963828921,16.675099963322282,11293.6,0.0,0.15,3.0,0.0004,15.0,0.01,-0.039142656604178455,0.0,0.20679659690911562,-0.038992101457215544,0.0,0.20666528938460088,0.0,0.0,0.0,0.13345331281615955,0.0,0.0011731840070719885,-0.09912925960108354,0.0,-0.020555152639073045,0.025523924442366407,0.0,0.0013182035921706743,0.5311018366025517,-2.3656139349811354,-1.9021256949241818,-0.18814239165905328,0.12190631686207815,0.04327607455076576,-0.10491,0.07532,0.024210000000000002,-3.424508725083378e-05,0.0,0.00017957868694163778,-0.00011631005971207695,0.0,-4.82711624269034e-05
35,0.560051100095734,hold,0.2389162743891017,4.254047051181744e-05,15.434300061315298,16.093499958515167,11293.6,0.0,0.15,3.0,0.0004,15.0,0.01,-0.03921779010057021,0.0,0.20658689536423772,-0.038992101457215544,0.0,0.20666528938460088,0.0,0.0,0.0,0.15422558098583455,0.0,0.03970799364104224,-0.10797454277711513,0.0,-0.02762950960770355,0.03074995001265411,0.0,0.00590587346843397,0.5311018366025517,-2.3671479157690207,-1.9021256949241818,-0.18679258373198906,0.12315866695284948,0.04330095352139834,-0.10491,0.06725,0.024210000000000002,-0.00012514255838280827,0.0,-0.00010008759610620611,-0.00010054608497185461,0.0,2.1693575743041103e-05
36,0.5756010999903083,hold,0.0,2.4513042663348095e-05,15.919300029054284,15.549999894574285,11293.6,0.0,0.15,3.0,0.0004,15.0,0.01,-0.038992101457215544,0.0,0.20666528938460088,-0.038992101457215544,0.0,0.20666528938460088,0.0,0.0,0.0,0.10795442488975064,0.0,0.02762345259097302,-0.0993981632254475,0.0,-0.02701970146479963,0.022119730466860783,0.0,0.004213768062896134,0.5326358173904374,-2.3671479157690207,-1.9021256949241818,-0.18910184391460033,0.12215434653060951,0.043801118703568086,-0.10222,0.07263,0.02152,0.00012133937780899005,0.0,8.627619637989292e-06,-0.00012133937780899005,0.0,-8.627619637989292e-06
37,0.5916055999696255,hold,0.2389162743891017,6.238702840178213e-05,15.919199911877513,16.00449997931719,11293.6,0.0,0.15,3.0,0.0004,15.0,0.01,-0.03921779010057021,0.0,0.20658689536423772,-0.038992101457215544,0.0,0.20666528938460088,0.0,0.0,0.0,0.1545067036092697,0.0,0.0461624788036086,-0.11196536358288584,0.0,-0.0325081881181099,0.03260485228601703,0.0,0.007007336491334591,0.5311018366025517,-2.3671479157690207,-1.9021256949241818,-0.18646333741348053,0.12339994041211619,0.043284458292882765,-0.10222,0.07263,0.02152,-0.0001778474604582442,0.0,-7.767150879172961e-05,-4.784118289641868e-05,0.0,-7.225115714353978e-07
38,0.6076162999961525,hold,0.2389162743891017,3.882145919736058e-05,15.86210005916655,16.010700026527047,11293.6,0.0,0.15,3.0,0.0004,15.0,0.01,-0.03921779010057021,0.0,0.20658689536423772,-0.038992101457215544,0.0,0.20666528938460088,0.0,0.0,0.0,0.16705667000145938,0.0,0.051644682100786016,-0.12210992288374964,0.0,-0.03625218420570261,0.03622489199116368,0.0,0.007992725474007435,0.5311018366025517,-2.3671479157690207,-1.9021256949241818,-0.18588040756605395,0.1237116120334269,0.043130912135500354,-0.10491,0.07263,0.024210000000000002,-0.00014362044508724184,0.0,-5.300519899954359e-05,-8.206819826742104e-05,0.0,-2.538882136362142e-05
39,0.6236149000469595,hold,0.2389162743891017,2.451228995671091e-05,15.8158999402076,15.998600050807,11293.6,0.0,0.15,3.0,0.0004,15.0,0.01,-0.03921779010057021,0.0,0.20658689536423772,-0.038992101457215544,0.0,0.20666528938460088,0.0,0.0,0.0,0.1772006796679524,0.0,0.05538827203830227,-0.13033705958368025,0.0,-0.038717113790024786,0.03944260083145586,0.0,0.00877729340498697,0.5311018366025517,-2.3671479157690207,-1.9021256949241818,-0.18536694092692282,0.12397615929836042,0.04298491389987574,-0.10491,0.06456,0.024210000000000002,-0.0001165276506541775,0.0,-3.4912809154060135e-05,-0.00010916099270048538,0.0,-4.348121120910487e-05
40,0.6395770001690835,hold,0.2389162743891017,1.6112735617984974e-05,16.34670002385974,15.962100122123957,11293.6,0.0,0.15,3.0,0.0004,15.0,0.01,-0.03921779010057021,0.0,0.20658689536423772,-0.038992101457215544,0.0,0.20666528938460088,0.0,0.0,0.0,0.1854273592314208,0.0,0.05785289672729267,-0.13711466746925327,0.0,-0.040299879750866754,0.04232905772919312,0.0,0.009406176989273034,0.5311018366025517,-2.3671479157690207,-1.9021256949241818,-0.18491017091579762,0.12420322822774597,0.04284613682204648,-0.10491,0.06456,0.0269,-9.603880941257446e-05,0.0,-2.2427818343043673e-05,-0.00012964983394208842,0.0,-5.5966202020121334e-05
41,0.6559840000700206,hold,0.2389162743891017,1.1311355642526581e-05,15.249799937009811,16.40699990093708,11293.6,0.0,0.15,3.0,0.0004,15.0,0.01,-0.03921779010057021,0.0,0.20658689536423772,-0.038992101457215544,0.0,0.20666528938460088,0.0,0.0,0.0,0.192204621584556,0.0,0.059435452434897576,-0.14285307226348046,0.0,-0.04132426206730784,0.04499587224513264,0.0,0.009930090457050492,0.5311018366025517,-2.3671479157690207,-1.9021256949241818,-0.18449108375809642,0.12440520843994539,0.042711966396811095,-0.1076,0.07263,0.024210000000000002,-8.134378560286569e-05,0.0,-1.4520958090613806e-05,-0.0001443448577517972,0.0,-6.38730622725512e-05
42,0.6713074001017958,hold,0.2389162743891017,8.643100613730169e-06,17.874900018796325,15.323400031775236,11293.6,0.0,0.15,3.0,0.0004,15.0,0.01,-0.03921779010057021,0.0,0.20658689536423772,-0.038992101457215544,0.0,0.20666528938460088,0.0,0.0,0.0,0.19794277868011811,0.0,0.06045970168864861,-0.14789587074067295,0.0,-0.04204315190684545,0.04741322826267473,0.0,0.010364421942344213,0.5311018366025517,-2.3671479157690207,-1.9021256949241818,-0.18411327686762352,0.12458274688475536,0.042586117254039504,-0.10491,0.06994,0.02152,-7.150398545867595e-05,0.0,-1.019344494236163e-05,-0.00015418465789598693,0.0,-6.820057542080338e-05
43,0.6892482000403106,hold,0.2389162743891017,7.242635214398452e-06,13.935900060459971,17.94079993851483,11293.6,0.0,0.15,3.0,0.0004,15.0,0.01,-0.03921779010057021,0.0,0.20658689536423772,-0.038992101457215544,0.0,0.20666528938460088,0.0,0.0,0.0,0.20298541137683582,0.0,0.0611785187517858,-0.15251865739740703,0.0,-0.04264505305588205,0.04991102376683863,0.0,0.010798944005225034,0.5311018366025517,-2.3671479157690207,-1.9021256949241818,-0.18372362862183525,0.1247642428343261,0.042454593762129504,-0.10491,0.07263,0.024210000000000002,-6.556140671931708e-05,0.0,-8.536298334107405e-06,-0.0001601272366353458,0.0,-6.98577220290576e-05
44,0.7032401000615209,hold,0.343969788260137,8.812425002631329e-05,16.225399915128946,13.991900021210313,11293.6,0.0,0.15,3.0,0.0004,15.0,0.01,-0.039326256065756335,0.0,0.20674687316256363,-0.038992101457215544,0.0,0.20666528938460088,0.0,0.0,0.0,0.23409423182717648,0.0,0.022715664464766177,-0.1646734802013449,0.0,-0.031846292124858636,0.058127187210813086,0.0,0.005870035447608555,0.5311018366025517,-2.3671479157690207,-1.900591714136296,-0.18270173737117143,0.12458100743314184,0.04142897799725701,-0.10222,0.06994,0.01614,-0.0001724021473247591,0.0,0.0001531679731564658,-0.00016175246121603127,0.0,-7.158419519371983e-05
45,0.7195441999938339,hold,0.2389162743891017,8.89798061075869e-06,15.719200018793344,16.304099932312965,11293.6,0.0,0.15,3.0,0.0004,15.0,0.01,-0.03921779010057021,0.0,0.20658689536423772,-0.038992101457215544,0.0,0.20666528938460088,0.0,0.0,0.0,0.2197540247490883,0.0,0.05099468256223542,-0.16617003835499874,0.0,-0.036790843194538216,0.05622579853793065,0.0,0.010005673830134006,0.5311018366025517,-2.3671479157690207,-1.9021256949241818,-0.1828354375510976,0.12496440159272117,0.04192489192907355,-0.09953000000000001,0.06994,0.02152,-2.1227948838835727e-05,0.0,-7.013604976318657e-05,-0.00020446069451582715,0.0,-8.25797059997844e-06
46,0.7353633001912385,hold,0.2389162743891017,6.921513713928958e-06,16.053800005465746,15.819100197404623,11293.6,0.0,0.15,3.0,0.0004,15.0,0.01,-0.03921779010057021,0.0,0.20658689536423772,-0.038992101457215544,0.0,0.20666528938460088,0.0,0.0,0.0,0.22125874720366467,0.0,0.05592719765380647,-0.16853462936025912,0.0,-0.04068548483913789,0.05791176879022392,0.0,0.01097171652481234,0.5311018366025517,-2.3671479157690207,-1.9021256949241818,-0.18253797484904222,0.12517890096807435,0.04190623964847816,-0.10222,0.06456,0.02152,-3.354053111735705e-05,0.0,-5.5243527942485044e-05,-0.00019214811223730582,0.0,-2.3150492420679963e-05
47,0.7515005001332611,hold,0.1997711647641151,4.881783495858724e-05,17.05179992131889,16.137199942022562,11293.6,0.0,0.15,3.0,0.0004,15.0,0.01,-0.039142656604178455,0.0,0.20679659690911562,-0.038992101457215544,0.0,0.20666528938460088,0.0,0.0,0.0,0.20527680115481045,0.0,0.008614917559404373,-0.16633831728948414,0.0,-0.028785892748885072,0.05432422798244863,0.0,0.0038275068591453313,0.5311018366025517,-2.3656139349811354,-1.9021256949241818,-0.18377187252180094,0.12366289646149876,0.04150377283550831,-0.09953000000000001,0.06994,0.024210000000000002,3.115262352907587e-05,0.0,0.00016878453543553678,-0.0001817077704919866,0.0,-3.747701092080241e-05
48,0.7686262000352144,hold,0.1997711647641151,1.637040968624323e-05,17.249600030481815,17.12569990195334,11293.6,0.0,0.15,3.0,0.0004,15.0,0.01,-0.039142656604178455,0.0,0.20679659690911562,-0.038992101457215544,0.0,0.20666528938460088,0.0,0.0,0.0,0.20308680786921487,0.0,-0.003267769219511969,-0.16682630714751498,0.0,-0.021795399922925413,0.054820847094247144,0.0,0.0020557722235261845,0.5311018366025517,-2.3656139349811354,-1.9021256949241818,-0.18378933343276185,0.12344513576845167,0.041283828183733794,-0.09953000000000001,0.07263,0.02152,-6.921372435075195e-06,0.0,9.914920065845281e-05,-0.00014363377452783553,0.0,3.215832385628157e-05
49,0.7859420001041144,hold,0.2389162743891017,6.454585627612833e-05,14.039299916476011,17.31580006889999,11293.6,0.0,0.15,3.0,0.0004,15.0,0.01,-0.03921779010057021,0.0,0.20658689536423772,-0.038992101457215544,0.0,0.20666528938460088,0.0,0.0,0.0,0.2219221589483504,0.0,0.040949573463295155,-0.1746814425691811,0.0,-0.033281347792257325,0.06188139175189754,0.0,0.009373902311934718,0.5311018366025517,-2.3671479157690207,-1.9021256949241818,-0.18203593184477493,0.12515442673955027,0.041458686583152604,-0.10222,0.06994,0.01883,-0.00011140774265151849,0.0,-0.00016290279615114155,-0.00011428090070314439,0.0,8.450877578797654e-05
50,0.8000492001883686,hold,0.2389162743891017,4.06193809062002e-05,15.980900032445788,14.107200084254146,11293.6,0.0,0.15,3.0,0.0004,15.0,0.01,-0.03921779010057021,0.0,0.20658689536423772,-0.038992101457215544,0.0,0.20666528938460088,0.0,0.0,0.0,0.22977164460131802,0.0,0.052419255310231394,-0.18196958531004911,0.0,-0.0415726600882616,0.06535433340364738,0.0,0.011487851010741335,0.5311018366025517,-2.3671479157690207,-1.9021256949241818,-0.18141683585869,0.1256132301742038,0.04143318880526211,-0.09953000000000001,0.07263,0.01883,-0.0001033621939448121,0.0,-0.00011758938594752734,-0.00012232644940985077,0.0,3.919536558436234e-05
51,0.8161271000280976,hold,0.1997711647641151,2.9084685852035238e-05,15.400199918076396,16.07789983972907,11293.6,0.0,0.15,3.0,0.0004,15.0,0.01,-0.039142656604178455,0.0,0.20679659690911562,-0.038992101457215544,0.0,0.20666528938460088,0.0,0.0,0.0,0.2187129308345531,0.0,0.009503140661545761,-0.1834051583455995,0.0,-0.032342185677243285,0.06286177838560669,0.0,0.004481806091041785,0.5311018366025517,-2.3656139349811354,-1.9021256949241818,-0.18248085780038115,0.12417137667997351,0.040969047669996525,-0.10222,0.06456,0.024210000000000002,-2.035907121090722e-05,0.0,0.0001309051376632532,-0.0001301960757520035,0.0,4.0238685148117443e-07
52,0.8317650000099093,hold,0.343969788260137,8.805726138093059e-05,15.847299946472049,15.637899981811643,11293.6,0.0,0.15,3.0,0.0004,15.0,0.01,-0.039326256065756335,0.0,0.20674687316256363,-0.038992101457215544,0.0,0.20666528938460088,0.0,0.0,0.0,0.2649873791274637,0.0,0.012431123367628145,-0.1995234574883403,0.0,-0.030242850442007328,0.07764420998875245,0.0,0.005647199500526147,0.5311018366025517,-2.3671479157690207,-1.900591714136296,-0.17983935412834162,0.12550752057295678,0.04002726235419567,-0.10222,0.06187,0.01883,-0.00022858347960119727,0.0,2.977195972540029e-05,-0.0001055711289395931,0.0,5.181181823734567e-05
53,0.8476972000207752,hold,0.2389162743891017,4.4190408495955183e-05,15.818800078704953,15.932200010865927,11293.6,0.0,0.15,3.0,0.0004,15.0,0.01,-0.03921779010057021,0.0,0.20658689536423772,-0.038992101457215544,0.0,0.20666528938460088,0.0,0.0,0.0,0.2546049376640988,0.0,0.0493932883746099,-0.20415011959246712,0.0,-0.04078726079664978,0.07660736853248792,0.0,0.01200972988683668,0.5311018366025517,-2.3671479157690207,-1.9021256949241818,-0.17973493237534957,0.12623457996407916,0.040690998128076285,-0.10222,0.06456,0.0269,-6.56131747135055e-05,0.0,-0.0001495359339582946,-0.00016007546864115738,0.0,7.11419135951296e-05
54,0.8636038000695407,hold,0.2389162743891017,2.4024202830776337e-05,15.635799849405885,15.90660004876554,11293.6,0.0,0.15,3.0,0.0004,15.0,0.01,-0.03921779010057021,0.0,0.20658689536423772,-0.038992101457215544,0.0,0.20666528938460088,0.0,0.0,0.0,0.2592395746461712,0.0,0.05992494977796112,-0.20887695540323786,0.0,-0.04783990999964075,0.07960472291449108,0.0,0.014126399797917301,0.5311018366025517,-2.3671479157690207,-1.9021256949241818,-0.179185649669771,0.1266705113813254,0.04069945024372688,-0.10222,0.06725,0.01614,-6.703399639011344e-05,0.0,-0.00010001770320364623,-0.00015865464696454944,0.0,2.1623682840481227e-05
55,0.8793733001220971,hold,0.2389162743891017,1.427143854271107e-05,15.89930010959506,15.769500052556396,11293.6,0.0,0.15,3.0,0.0004,15.0,0.01,-0.03921779010057021,0.0,0.20658689536423772,-0.038992101457215544,0.0,0.20666528938460088,0.0,0.0,0.0,0.26396642090934275,0.0,0.06697678634702903,-0.21373262240013843,0.0,-0.05222650081771748,0.08262397154738667,0.0,0.01569775629276771,0.5311018366025517,-2.3671479157690207,-1.9021256949241818,-0.17866107635488923,0.12703294579061336,0.04064951171690109,-0.10222,0.06456,0.01883,-6.886162882086829e-05,0.0,-6.220932961346859e-05,-0.00015682701453379459,0.0,-1.618469074969642e-05
56,0.8953535000327975,hold,0.2389162743891017,1.0318053581961759e-05,16.019700095057487,15.980199910700321,11293.6,0.0,0.15,3.0,0.0004,15.0,0.01,-0.03921779010057021,0.0,0.20658689536423772,-0.038992101457215544,0.0,0.20666528938460088,0.0,0.0,0.0,0.2688221186544923,0.0,0.07136274160579621,-0.21872723437103098,0.0,-0.05467826756479502,0.08572018271380134,0.0,0.01684345045199943,0.5311018366025517,-2.3671479157690207,-1.9021256949241818,-0.17814698434404816,0.12734093592163315,0.040549756167637466,-0.09953000000000001,0.07532,0.01883,-7.083293694329498e-05,0.0,-3.477063691984403e-05,-0.0001548557064113679,0.0,-4.362338344332098e-05
57,0.9114544000476599,hold,0.1997711647641151,6.378637162286071e-05,15.828300034627318,16.100900014862418,11293.6,0.0,0.15,3.0,0.0004,15.0,0.01,-0.039142656604178455,0.0,0.20679659690911562,-0.038992101457215544,0.0,0.20666528938460088,0.0,0.0,0.0,0.2554700331513932,0.0,0.022607355914169396,-0.2184954467297693,0.0,-0.04084642378924972,0.08217488535799224,0.0,0.007949523616451832,0.5311018366025517,-2.3656139349811354,-1.9021256949241818,-0.1794587545806013,0.12559326738082724,0.03996681970859668,-0.09953000000000001,0.06725,0.02152,3.2872230989091224e-06,0.0,0.00019616385115262924,-0.00015384237006181985,0.0,-6.485632663789486e-05
58,0.9273837001528591,hold,0.2389162743891017,2.8895220421061022e-05,16.008200123906136,15.929300105199218,11293.6,0.0,0.15,3.0,0.0004,15.0,0.01,-0.03921779010057021,0.0,0.20658689536423772,-0.038992101457215544,0.0,0.20666528938460088,0.0,0.0,0.0,0.27359113620647046,0.0,0.05999899214523122,-0.22573454809413238,0.0,-0.04670180785843334,0.09016586046888586,0.0,0.015406142652764611,0.5311018366025517,-2.3671479157690207,-1.9021256949241818,-0.17756669913438874,0.12736167658249778,0.04008523415419824,-0.09684000000000001,0.06994,0.0269,-0.00010266645236914495,0.0,-8.304228375655351e-05,-0.00012302219098551793,0.0,4.6482633933885075e-06
59,0.9434626000002027,hold,0.2389162743891017,2.0276157969991174e-05,15.783300157636404,16.078899847343564,11293.6,0.0,0.15,3.0,0.0004,15.0,0.01,-0.03921779010057021,0.0,0.20658689536423772,-0.038992101457215544,0.0,0.20666528938460088,0.0,0.0,0.0,0.28082460323866143,0.0,0.06583837297408086,-0.2325173135265277,0.0,-0.05055205759391348,0.094221510532353,0.0,0.01689250194453121,0.5311018366025517,-2.3671479157690207,-1.9021256949241818,-0.1768940381196313,0.12776314199863653,0.03995307033485175,-0.09684000000000001,0.06456,0.02152,-9.619551617624772e-05,0.0,-5.460556824551348e-05,-0.00012949312717841515,0.0,-2.3788452117651528e-05
60,0.9593195000197738,hold,0.1997711647641151,5.307730748007098e-05,15.900800004601479,15.856900019571185,11293.6,0.0,0.15,3.0,0.0004,15.0,0.01,-0.039142656604178455,0.0,0.20679659690911562,-0.038992101457215544,0.0,0.20666528938460088,0.0,0.0,0.0,0.269260538565854,0.0,0.018481479453614908,-0.23355595258408082,0.0,-0.03797607001625139,0.0910750398476119,0.0,0.007790266814424603,0.5311018366025517,-2.3656139349811354,-1.9021256949241818,-0.178155936928101,0.12600835985030115,0.039321594944250075,-0.09684000000000001,0.07263,0.02152,-1.4730441372057707e-05,0.0,0.00017835825290924388,-0.00013582470559085302,0.0,-4.705072839450951e-05
61,0.9753244000021368,hold,0.2389162743891017,3.775832881234976e-05,16.587299993261695,16.004899982362986,11293.6,0.0,0.15,3.0,0.0004,15.0,0.01,-0.03921779010057021,0.0,0.20658689536423772,-0.038992101457215544,0.0,0.20666528938460088,0.0,0.0,0.0,0.2886519448678441,0.0,0.05712893781547001,-0.24163440025918553,0.0,-0.04490528865103437,0.09994630096593053,0.0,0.01588685189133167,0.5311018366025517,-2.3671479157690207,-1.9021256949241818,-0.17610350364143343,0.12790542434544733,0.039442995351075955,-0.09684000000000001,0.07532,0.01883,-0.00011457267416387377,0.0,-9.827372049456809e-05,-0.0001111159691907891,0.0,1.987970013140308e-05
62,0.9919883001130074,hold,0.2389162743891017,2.5116938932736978e-05,15.331599861383438,16.6639001108706,11293.6,0.0,0.15,3.0,0.0004,15.0,0.01,-0.03921779010057021,0.0,0.20658689536423772,-0.038992101457215544,0.0,0.20666528938460088,0.0,0.0,0.0,0.2967246554361825,0.0,0.06404210979141535,-0.24891307243388855,0.0,-0.04963514366426245,0.10458510641639548,0.0,0.01766783476297122,0.5311018366025517,-2.3671479157690207,-1.9021256949241818,-0.17532997814261295,0.12837567855423437,0.039300260772526636,-0.09684000000000001,0.07263,0.01883,-0.00010323011073203753,0.0,-6.708139136406986e-05,-0.00012245853262262535,0.0,-1.1312628999095149e-05
63,1.0074118999764323,hold,0.2389162743891017,1.7838205531020006e-05,15.893100062385201,15.423599863424897,11293.6,0.0,0.15,3.0,0.0004,15.0,0.01,-0.03921779010057021,0.0,0.20658689536423772,-0.038992101457215544,0.0,0.20666528938460088,0.0,0.0,0.0,0.304003146242491,0.0,0.06877146648218829,-0.25554809247828786,0.0,-0.05271586083941907,0.10886975309787422,0.0,0.019020884574407333,0.5311018366025517,-2.3671479157690207,-1.9021256949241818,-0.17463046254324244,0.1287701071162206,0.039137991038198205,-0.09684000000000001,0.06725,0.02152,-9.410156652652158e-05,0.0,-4.36924546222141e-05,-0.0001315870768281413,0.0,-3.4701565740950904e-05
64,1.023594600148499,hold,0.2389162743891017,1.3779574529364399e-05,16.52999990619719,16.18270017206669,11293.6,0.0,0.15,3.0,0.0004,15.0,0.01,-0.03921779010057021,0.0,0.20658689536423772,-0.038992101457215544,0.0,0.20666528938460088,0.0,0.0,0.0,0.3106380128286379,0.0,0.07185179051485469,-0.26168733336979805,0.0,-0.054625886475925194,0.11305989699475164,0.0,0.020072502345125955,0.5311018366025517,-2.3671479157690207,-1.9021256949241818,-0.17396028574805153,0.12911869856811564,0.03895099125584265,-0.09953000000000001,0.07801000000000001,0.01883,-8.707012629258909e-05,0.0,-2.708904510045401e-05,-0.0001386185170620738,0.0,-5.1304975262711e-05
65,1.0402822999749333,hold,0.1997711647641151,6.38062624165488e-05,16.55529998242855,16.687699826434255,11293.6,0.0,0.15,3.0,0.0004,15.0,0.01,-0.039142656604178455,0.0,0.20679659690911562,-0.038992101457215544,0.0,0.20666528938460088,0.0,0.0,0.0,0.2984304049235256,0.0,0.02255484586150029,-0.2621007175980882,0.0,-0.0407966776218008,0.1094958875456504,0.0,0.009794939858616892,0.5311018366025517,-2.3656139349811354,-1.9021256949241818,-0.1753400844445365,0.12718650540367005,0.03822972698127903,-0.09684000000000001,0.07263,0.01614,-5.862839487433513e-06,0.0,0.0001961333456897755,-0.0001446923074754772,0.0,-6.482582117504112e-05
66,1.0569506001193076,hold,0.2389162743891017,3.1677769371270084e-05,14.781499980017543,16.66830014437437,11293.6,0.0,0.15,3.0,0.0004,15.0,0.01,-0.03921779010057021,0.0,0.20658689536423772,-0.038992101457215544,0.0,0.20666528938460088,0.0,0.0,0.0,0.3171965607820544,0.0,0.0599492467670014,-0.2696090487343768,0.0,-0.04701423602842973,0.11897171115854524,0.0,0.018319170569127456,0.5311018366025517,-2.3671479157690207,-1.9021256949241818,-0.1731805371355496,0.12916788235340196,0.03834974244146183,-0.09684000000000001,0.07532,0.024210000000000002,-0.00010648710215437506,0.0,-8.818068425319356e-05,-0.00011920154120028782,0.0,9.786663890028554e-06
67,1.0718282000161707,hold,0.2389162743891017,2.1874051309279526e-05,15.608999878168106,14.877599896863103,11293.6,0.0,0.15,3.0,0.0004,15.0,0.01,-0.03921779010057021,0.0,0.20658689536423772,-0.038992101457215544,0.0,0.20666528938460088,0.0,0.0,0.0,0.32469916797133724,0.0,0.06615088761843892,-0.2763935198098985,0.0,-0.051440643723441704,0.12358577296107837,0.0,0.02004487735913573,0.5311018366025517,-2.3671479157690207,-1.9021256949241818,-0.1724134822218297,0.12962936868217495,0.03820299773032401,-0.09684000000000001,0.06725,0.02152,-9.622082799257031e-05,0.0,-6.277757082396958e-05,-0.00012946781536209257,0.0,-1.5616449539195427e-05
68,1.0875244000926614,hold,0.2389162743891017,1.605683566907681e-05,15.841200016438961,15.69620007649064,11293.6,0.0,0.15,3.0,0.0004,15.0,0.01,-0.03921779010057021,0.0,0.20658689536423772,-0.038992101457215544,0.0,0.20666528938460088,0.0,0.0,0.0,0.33148347578825016,0.0,0.07057689429857832,-0.28261872864918225,0.0,-0.054509414931650485,0.12807102199441944,0.0,0.021427357016737838,0.5311018366025517,-2.3671479157690207,-1.9021256949241818,-0.1716829533136361,0.13003762588369935,0.038029595219729304,-0.09684000000000001,0.07532,0.02152,-8.828900356161964e-05,0.0,-4.352283740612854e-05,-0.00013739963979304324,0.0,-3.487118295703647e-05
69,1.1034479001536965,hold,0.1997711647641151,5.531739525783504e-05,16.067800112068653,15.923500061035156,11293.6,0.0,0.15,3.0,0.0004,15.0,0.01,-0.039142656604178455,0.0,0.20679659690911562,-0.038992101457215544,0.0,0.20666528938460088,0.0,0.0,0.0,0.3193618206850072,0.0,0.022438650589286447,-0.2830700434333487,0.0,-0.04163506134822534,0.12425989780132869,0.0,0.010742673423814825,0.5311018366025517,-2.3656139349811354,-1.9021256949241818,-0.17311692636459122,0.12804070949347202,0.03728585231819907,-0.09684000000000001,0.06725,0.01614,-6.4007663435924455e-06,0.0,0.00018259036043877117,-0.00014415438061931828,0.0,-5.128283592403679e-05
70,1.119595600059256,hold,0.2389162743891017,3.500980286846793e-05,15.691699925810099,16.14769990555942,11293.6,0.0,0.15,3.0,0.0004,15.0,0.01,-0.03921779010057021,0.0,0.20658689536423772,-0.038992101457215544,0.0,0.20666528938460088,0.0,0.0,0.0,0.3381658956484558,0.0,0.06078785813857395,-0.2905818805587957,0.0,-0.048606581468892955,0.1342957586449924,0.0,0.01998608356742085,0.5311018366025517,-2.3671479157690207,-1.9021256949241818,-0.17084119496618919,0.13014477500318553,0.03743872241825613,-0.09415,0.07263,0.02152,-0.00010653650177080527,0.0,-9.88734650761634e-05,-0.00011915214158385761,0.0,2.0479444712998392e-05
71,1.1353813000023365,hold,0.2389162743891017,2.3571685332037724e-05,16.033299965783954,15.785699943080544,11293.6,0.0,0.15,3.0,0.0004,15.0,0.01,-0.03921779010057021,0.0,0.20658689536423772,-0.038992101457215544,0.0,0.20666528938460088,0.0,0.0,0.0,0.3456720006216599,0.0,0.06774341279762565,-0.297346773389579,0.0,-0.053601734284085004,0.13931868631414931,0.0,0.021994520073401136,0.5311018366025517,-2.3671479157690207,-1.9021256949241818,-0.16999952045027855,0.13066490541315154,0.037292504934761585,-0.09415,0.07532,0.01614,-9.594297073519244e-05,0.0,-7.084366483752427e-05,-0.00012974567261947044,0.0,-7.550355525640741e-06
72,1.1515784000512213,hold,0.2389162743891017,1.68053077792262e-05,16.100300010293722,16.19710004888475,11293.6,0.0,0.15,3.0,0.0004,15.0,0.01,-0.03921779010057021,0.0,0.20658689536423772,-0.038992101457215544,0.0,0.20666528938460088,0.0,0.0,0.0,0.3524367246922615,0.0,0.07273812043377026,-0.3035384502626556,0.0,-0.05707725473770086,0.14414220024567362,0.0,0.02359234779973812,0.5311018366025517,-2.3671479157690207,-1.9021256949241818,-0.16920820755621666,0.13111914222375676,0.0371176038791787,-0.09684000000000001,0.07263,0.01614,-8.781335751519991e-05,0.0,-4.9291512848781725e-05,-0.00013787528583946297,0.0,-2.9102507514383282e-05
73,1.1677561001852155,hold,0.2389162743891017,1.297166816096214e-05,17.274900106713176,16.17770013399422,11293.6,0.0,0.15,3.0,0.0004,15.0,0.01,-0.03921779010057021,0.0,0.20658689536423772,-0.038992101457215544,0.0,0.20666528938460088,0.0,0.0,0.0,0.35862826490928335,0.0,0.07621327860058219,-0.3093116009362177,0.0,-0.059440696345247804,0.14877791940832852,0.0,0.02485874986642432,0.5311018366025517,-2.3671479157690207,-1.9021256949241818,-0.16846149170154204,0.13151888094094766,0.03692145041576822,-0.09415,0.07801000000000001,0.02152,-8.187763777188075e-05,0.0,-3.351948126417439e-05,-0.00014381100558278213,0.0,-4.487453909899062e-05
74,1.1851069000549614,hold,0.2389162743891017,1.0883560249856141e-05,14.151199953630567,17.35079986974597,11293.6,0.0,0.15,3.0,0.0004,15.0,0.01,-0.03921779010057021,0.0,0.20658689536423772,-0.038992101457215544,0.0,0.20666528938460088,0.0,0.0,0.0,0.36440131582215657,0.0,0.07857645512992655,-0.31479762743033823,0.0,-0.06103890594921288,0.15344158050167706,0.0,0.02590433846779552,0.5311018366025517,-2.3671479157690207,-1.9021256949241818,-0.16772197553274712,0.13188979090066896,0.036700302472762444,-0.09415,0.07263,0.02152,-7.780552747082563e-05,0.0,-2.2666595099150367e-05,-0.00014788311588383724,0.0,-5.572742526401464e-05
75,1.199336500139907,hold,0.2389162743891017,9.798743791326891e-06,16.193500021472573,14.22960008494556,11293.6,0.0,0.15,3.0,0.0004,15.0,0.01,-0.03921779010057021,0.0,0.20658689536423772,-0.038992101457215544,0.0,0.20666528938460088,0.0,0.0,0.0,0.36988727388428805,0.0,0.08017448235065938,-0.3201034333166132,0.0,-0.062154570487159416,0.1576300415400617,0.0,0.02670989221473114,0.5311018366025517,-2.3671479157690207,-1.9021256949241818,-0.16706464911950666,0.13220465289230882,0.03648777332042409,-0.09146,0.06725,0.01614,-7.52495743585304e-05,0.0,-1.5822908603677795e-05,-0.00015043906899613247,0.0,-6.257111175948721e-05
76,1.2156353001482785,hold,0.0,4.708610148255369e-05,15.826799906790257,16.298800008371472,11293.6,0.0,0.15,3.0,0.0004,15.0,0.01,-0.038992101457215544,0.0,0.20666528938460088,-0.038992101457215544,0.0,0.20666528938460088,0.0,0.0,0.0,0.32008248107375814,0.0,0.062147119054422904,-0.30920484301074186,0.0,-0.05741334732928484,0.138114329900622,0.0,0.021570049622803244,0.5326358173904374,-2.3671479157690207,-1.9021256949241818,-0.1711464318505173,0.13021987957340206,0.03741957337302469,-0.09415,0.07263,0.01883,0.00015456926515503006,0.0,6.72424009785817e-05,-0.00015456926515503006,0.0,-6.72424009785817e-05
77,1.231542699970305,hold,0.2389162743891017,4.396922786287303e-05,15.855399891734123,15.907399822026491,11293.6,0.0,0.15,3.0,0.0004,15.0,0.01,-0.03921779010057021,0.0,0.20658689536423772,-0.038992101457215544,0.0,0.20666528938460088,0.0,0.0,0.0,0.3643128299621988,0.0,0.07655513995166152,-0.3203368868865592,0.0,-0.06023918672019564,0.1593738731345664,0.0,0.026418199460030108,0.5311018366025517,-2.3671479157690207,-1.9021256949241818,-0.1668230942025015,0.13224999534044196,0.036333924979336664,-0.09415,0.07801000000000001,0.01883,-0.0001578802568638412,0.0,-4.0077478481928825e-05,-6.780838649082167e-05,0.0,-3.831654188123618e-05
78,1.2476040001492947,hold,0.2389162743891017,3.141927019640655e-05,15.936199808493257,16.061300178989768,11293.6,0.0,0.15,3.0,0.0004,15.0,0.01,-0.03921779010057021,0.0,0.20658689536423772,-0.038992101457215544,0.0,0.20666528938460088,0.0,0.0,0.0,0.3754278513238525,0.0,0.07937504617246892,-0.3297801606570817,0.0,-0.062493608307929355,0.1663883128885517,0.0,0.027700435741907916,0.5311018366025517,-2.3671479157690207,-1.9021256949241818,-0.16572568872758117,0.13276815818745377,0.0359710352415357,-0.09415,0.06725,0.02152,-0.00013392929017551645,0.0,-3.197334847413098e-05,-9.175935317914642e-05,0.0,-4.6420671889034026e-05
79,1.2636520999949425,hold,0.2389162743891017,2.2807277498800912e-05,15.712799970060587,16.048099845647812,11293.6,0.0,0.15,3.0,0.0004,15.0,0.01,-0.03921779010057021,0.0,0.20658689536423772,-0.038992101457215544,0.0,0.20666528938460088,0.0,0.0,0.0,0.3848707504218413,0.0,0.0816293412667035,-0.3378412054463911,0.0,-0.06434870696925478,0.1727729325042827,0.0,0.028827794208509894,0.5311018366025517,-2.3671479157690207,-1.9021256949241818,-0.1647288540408721,0.13323436059491947,0.03563658601197325,-0.09146,0.07532,0.024210000000000002,-0.0001143258306624715,0.0,-2.630995124827202e-05,-0.00011136281269219137,0.0,-5.2084069114892986e-05
80,1.2794510000385344,hold,0.2389162743891017,1.7078279834978203e-05,15.938699943944812,15.798900043591857,11293.6,0.0,0.15,3.0,0.0004,15.0,0.01,-0.03921779010057021,0.0,0.20658689536423772,-0.038992101457215544,0.0,0.20666528938460088,0.0,0.0,0.0,0.3929314656441686,0.0,0.08348434473943334,-0.3448185385435656,0.0,-0.06594609753892945,0.1785999396692212,0.0,0.029836837732730482,0.5311018366025517,-2.3671479157690207,-1.9021256949241818,-0.16382009666825442,0.13365713135125334,0.035329276928889014,-0.09415,0.06994,0.02152,-9.895608616265994e-05,0.0,-2.265500537908382e-05,-0.00012673255719200294,0.0,-5.5739014984081185e-05
81,1.2954921000637114,hold,0.2389162743891017,1.3376266160181958e-05,15.775799984112382,16.041100025177002,11293.6,0.0,0.15,3.0,0.0004,15.0,0.01,-0.03921779010057021,0.0,0.20658689536423772,-0.038992101457215544,0.0,0.20666528938460088,0.0,0.0,0.0,0.3999085403956543,0.0,0.08508167389503739,-0.3509847725507332,0.0,-0.067397424588342,0.18405268971076916,0.0,0.03077722407472586,0.5311018366025517,-2.3671479157690207,-1.9021256949241818,-0.1629699040831346,0.13405222215439958,0.03504130456979024,-0.08877,0.07263,0.01883,-8.745266742367285e-05,0.0,-2.058345849796204e-05,-0.00013823597593099003,0.0,-5.781056186520297e-05
82,1.311352200107649,hold,0.2389162743891017,1.1066080970922186e-05,15.886700013652444,15.860100043937564,11293.6,0.0,0.15,3.0,0.0004,15.0,0.01,-0.03921779010057021,0.0,0.20658689536423772,-0.038992101457215544,0.0,0.20666528938460088,0.0,0.0,0.0,0.40607458105968486,0.0,0.08653296614551054,-0.35657654912317915,0.0,-0.0687867671285543,0.18918160199189932,0.0,0.031671047533397244,0.5311018366025517,-2.3671479157690207,-1.9021256949241818,-0.16216972863678297,0.13442511844059893,0.03477140280943212,-0.09146,0.07801000000000001,0.01345,-7.930541875389682e-05,0.0,-1.9704362382265837e-05,-0.00014638322460076606,0.0,-5.868965798089917e-05
83,1.3273240001872182,hold,0.2389162743891017,9.702825134273182e-06,16.315499786287546,15.97180007956922,11293.6,0.0,0.15,3.0,0.0004,15.0,0.01,-0.03921779010057021,0.0,0.20658689536423772,-0.038992101457215544,0.0,0.20666528938460088,0.0,0.0,0.0,0.41166622071055764,0.0,0.08792229392905453,-0.361790346852215,0.0,-0.07017413354441047,0.1941269138634432,0.0,0.032550865247866684,0.5311018366025517,-2.3671479157690207,-1.9021256949241818,-0.16139727574793303,0.13478712616760136,0.0345130380105471,-0.08877,0.06725,0.01614,-7.394472856165572e-05,0.0,-1.9676335440617983e-05,-0.00015174391479300716,0.0,-5.8717684922547024e-05
84,1.3437217001337558,hold,0.2389162743891017,8.984269554091168e-06,15.418000053614378,16.397699946537614,11293.6,0.0,0.15,3.0,0.0004,15.0,0.01,-0.03921779010057021,0.0,0.20658689536423772,-0.038992101457215544,0.0,0.20666528938460088,0.0,0.0,0.0,0.41687992836061494,0.0,0.08930965989139558,-0.36678247205074566,0.0,-0.07159943820654294,0.199020275078363,0.0,0.03344415088366284,0.5311018366025517,-2.3671479157690207,-1.9021256949241818,-0.16063177432271092,0.13514843645526553,0.03425975456537925,-0.09146,0.06994,0.01614,-7.080085387254714e-05,0.0,-2.02143942898713e-05,-0.00015488778948211573,0.0,-5.8179626073293706e-05
85,1.3592072001192719,hold,0.2389162743891017,8.705724437969301e-06,16.157599864527583,15.485499985516071,11293.6,0.0,0.15,3.0,0.0004,15.0,0.01,-0.03921779010057021,0.0,0.20658689536423772,-0.038992101457215544,0.0,0.20666528938460088,0.0,0.0,0.0,0.4218720007428437,0.0,0.09073497361249769,-0.37167182291793766,0.0,-0.07308652315186913,0.20373264623537093,0.0,0.034331691923427055,0.5311018366025517,-2.3671479157690207,-1.9021256949241818,-0.15989318838871397,0.13550011540692303,0.03401868439929437,-0.09146,0.07263,0.02152,-6.934325413539326e-05,0.0,-2.109059302260577e-05,-0.00015634538921926962,0.0,-5.730342734055924e-05
86,1.37545880000107,hold,0.2389162743891017,8.725307606035279e-06,15.873900149017572,16.25159988179803,11293.6,0.0,0.15,3.0,0.0004,15.0,0.01,-0.03921779010057021,0.0,0.20658689536423772,-0.038992101457215544,0.0,0.20666528938460088,0.0,0.0,0.0,0.42676132713645787,0.0,0.09222207329768065,-0.3765443014964909,0.0,-0.07464693230659226,0.20856804547247895,0.0,0.03526498975802061,0.5311018366025517,-2.3671479157690207,-1.9021256949241818,-0.15913416307445868,0.13586406416399477,0.03377367468627314,-0.09146,0.06994,0.01883,-6.910396124295789e-05,0.0,-2.21305136621373e-05,-0.000156584682111705,0.0,-5.626350670102771e-05
87,1.3914146001916379,hold,0.1997711647641151,5.929784287429132e-05,15.833700075745583,15.95580019056797,11293.6,0.0,0.15,3.0,0.0004,15.0,0.01,-0.039142656604178455,0.0,0.20679659690911562,-0.038992101457215544,0.0,0.20666528938460088,0.0,0.0,0.0,0.4132870711055185,0.0,0.042575808686350164,-0.37609571528523483,0.0,-0.06131680425022939,0.20307924225617777,0.0,0.021307196954480533,0.5311018366025517,-2.3656139349811354,-1.9021256949241818,-0.16096680735509208,0.13335331623470437,0.032821275166513356,-0.08877,0.08070000000000001,0.01614,6.362076962956913e-06,0.0,0.00018905463095531197,-0.00015691722392586764,0.0,-5.77471064405776e-05
88,1.4074004001449794,hold,0.2389162743891017,3.370894924929726e-05,15.943899983540177,15.985799953341484,11293.6,0.0,0.15,3.0,0.0004,15.0,0.01,-0.03921779010057021,0.0,0.20658689536423772,-0.038992101457215544,0.0,0.20666528938460088,0.0,0.0,0.0,0.4311913530337722,0.0,0.08046949266257854,-0.38306986353478384,0.0,-0.06856167236055571,0.21532755490137667,0.0,0.032870479826228254,0.5311018366025517,-2.3671479157690207,-1.9021256949241818,-0.15826256932538652,0.13586700289924822,0.033045585307464195,-0.08877,0.06994,0.01883,-9.891090390051738e-05,0.0,-0.00010275039012523835,-0.0001267777394541455,0.0,2.4356369762073345e-05
89,1.4235245999880135,hold,0.2389162743891017,2.505811116813276e-05,15.774799976497889,16.124199843034148,11293.6,0.0,0.15,3.0,0.0004,15.0,0.01,-0.03921779010057021,0.0,0.20658689536423772,-0.038992101457215544,0.0,0.20666528938460088,0.0,0.0,0.0,0.4381598554814209,0.0,0.08769856909034754,-0.38957425762234915,0.0,-0.07429466447494966,0.22145549815046306,0.0,0.03547720390760281,0.5311018366025517,-2.3671479157690207,-1.9021256949241818,-0.15722771853103512,0.13652295132035308,0.03288350764648288,-0.09146,0.07532,0.01614,-9.224861238990589e-05,0.0,-8.13081987769092e-05,-0.00013344003096475699,0.0,2.9141784137441933e-06
90,1.4395012001041323,hold,0.2389162743891017,1.9198859162360083e-05,15.6166001688689,15.976600116118789,11293.6,0.0,0.15,3.0,0.0004,15.0,0.01,-0.03921779010057021,0.0,0.20658689536423772,-0.038992101457215544,0.0,0.20666528938460088,0.0,0.0,0.0,0.4446641468855131,0.0,0.09343122671525285,-0.3957071437178951,0.0,-0.07876504375295197,0.22737197622190744,0.0,0.0376872823249218,0.5311018366025517,-2.3671479157690207,-1.9021256949241818,-0.15624428680750502,0.1371143264732875,0.03269505496642761,-0.08877,0.08070000000000001,0.02152,-8.697969824162437e-05,0.0,-6.340118413558097e-05,-0.0001387089451130385,0.0,-1.499283622758404e-05
91,1.4551882001105696,hold,0.2389162743891017,1.5406465514814662e-05,15.84470015950501,15.687000006437302,11293.6,0.0,0.15,3.0,0.0004,15.0,0.01,-0.03921779010057021,0.0,0.20658689536423772,-0.038992101457215544,0.0,0.20666528938460088,0.0,0.0,0.0,0.45079694440422763,0.0,0.0979013049368745,-0.4015592661053283,0.0,-0.0822251107523542,0.23309731279106752,0.0,0.0395520584163653,0.5311018366025517,-2.3671479157690207,-1.9021256949241818,-0.1553066551161677,0.13764914244383286,0.03248414035466444,-0.08877,0.07532,0.02152,-8.29977656917834e-05,0.0,-4.907242382882175e-05,-0.00014269087766287947,0.0,-2.9321596534343257e-05
92,1.4711447001900524,hold,0.2389162743891017,1.3050183849190944e-05,16.11840003170073,15.956500079482794,11293.6,0.0,0.15,3.0,0.0004,15.0,0.01,-0.03921779010057021,0.0,0.20658689536423772,-0.038992101457215544,0.0,0.20666528938460088,0.0,0.0,0.0,0.45664899986445134,0.0,0.10136113108058192,-0.40721013847997234,0.0,-0.08491178067184771,0.2387663138412571,0.0,0.04115075565521709,0.5311018366025517,-2.3671479157690207,-1.9021256949241818,-0.15439093761223502,0.138144820967573,0.032249478921858706,-0.08877,0.07532,0.01614,-8.014353669931793e-05,0.0,-3.8103714792434393e-05,-0.00014554510665534495,0.0,-4.029030557073061e-05
93,1.4873395999893546,hold,0.2389162743891017,1.1646149760403402e-05,17.689800122752786,16.19489979930222,11293.6,0.0,0.15,3.0,0.0004,15.0,0.01,-0.03921779010057021,0.0,0.20658689536423772,-0.038992101457215544,0.0,0.20666528938460088,0.0,0.0,0.0,0.46229982427027855,0.0,0.10404761663722324,-0.41272634677688985,0.0,-0.08703543242066715,0.24441753256911897,0.0,0.042545858958684894,0.5311018366025517,-2.3671479157690207,-1.9021256949241818,-0.1534882632863326,0.13861179060858161,0.03199485465272779,-0.08877,0.07801000000000001,0.02152,-7.823366313001908e-05,0.0,-3.011870592621692e-05,-0.0001474549802246438,0.0,-4.8275314436948085e-05
94,1.5051144000608474,hold,0.1997711647641151,5.8324383409844095e-05,14.229800086468458,17.77480007149279,11293.6,0.0,0.15,3.0,0.0004,15.0,0.01,-0.039142656604178455,0.0,0.20679659690911562,-0.038992101457215544,0.0,0.20666528938460088,0.0,0.0,0.0,0.44946926986204966,0.0,0.05496444292947042,-0.4127990174363905,0.0,-0.07380789017979132,0.23911953172108802,0.0,0.027680063883088895,0.5311018366025517,-2.3656139349811354,-1.9021256949241818,-0.15533227001962652,0.13599328518195494,0.030940759680987733,-0.08339,0.07532,0.01345,-1.0306521489629602e-06,0.0,0.0001875997125900951,-0.00014952449481394776,0.0,-5.629218807536073e-05
95,1.5196112000849098,hold,0.2389162743891017,3.464348226983816e-05,15.461599919945002,14.496800024062395,11293.6,0.0,0.15,3.0,0.0004,15.0,0.01,-0.03921779010057021,0.0,0.20658689536423772,-0.038992101457215544,0.0,0.20666528938460088,0.0,0.0,0.0,0.4678947794534384,0.0,0.09296060291976788,-0.42017729200949805,0.0,-0.08084291061645833,0.2524291076333928,0.0,0.04023183222792596,0.5311018366025517,-2.3671479157690207,-1.9021256949241818,-0.15242838491845476,0.1386869289153963,0.031186522232411064,-0.08608,0.08339,0.01614,-0.00010464243256721274,0.0,-9.977422829126832e-05,-0.00012104621078745014,0.0,2.1380207928103312e-05
96,1.5353739000856876,hold,0.1997711647641151,3.1642361783711116e-05,16.13050000742078,15.76270000077784,11293.6,0.0,0.15,3.0,0.0004,15.0,0.01,-0.039142656604178455,0.0,0.20679659690911562,-0.038992101457215544,0.0,0.20666528938460088,0.0,0.0,0.0,0.4569206496826498,0.0,0.04877306595614534,-0.4216180028433062,0.0,-0.07120696550995853,0.24779195955553476,0.0,0.02651804154454339,0.5311018366025517,-2.3656139349811354,-1.9021256949241818,-0.15411427982197073,0.13626015533958685,0.030206986891419128,-0.08608,0.06725,0.01345,-2.043289191215825e-05,0.0,0.00013666186177844583,-0.00013012225505075248,0.0,-5.354337263711455e-06
97,1.5516010001301765,hold,0.2389162743891017,5.320835835711774e-05,16.295599984005094,16.227100044488907,11293.6,0.0,0.15,3.0,0.0004,15.0,0.01,-0.03921779010057021,0.0,0.20658689536423772,-0.038992101457215544,0.0,0.20666528938460088,0.0,0.0,0.0,0.47671409096436446,0.0,0.0903605343854079,-0.4299424993070905,0.0,-0.0807110611308462,0.26248825905288253,0.0,0.04049851492655077,0.5311018366025517,-2.3671479157690207,-1.9021256949241818,-0.1509351566676078,0.1392150322017487,0.030502244751507045,-0.08339,0.08070000000000001,0.01883,-0.00011806223209999456,0.0,-0.00013479190578978158,-0.00010762641125466832,0.0,5.639788542661657e-05
98,1.5680162999778986,hold,0.2389162743891017,3.407699455867904e-05,15.803100075572729,16.415299847722054,11293.6,0.0,0.15,3.0,0.0004,15.0,0.01,-0.03921779010057021,0.0,0.20658689536423772,-0.038992101457215544,0.0,0.20666528938460088,0.0,0.0,0.0,0.4850328131134862,0.0,0.09984849619705677,-0.4373468655657757,0.0,-0.08759628760639071,0.2701017446322799,0.0,0.04412935852870471,0.5311018366025517,-2.3671479157690207,-1.9021256949241818,-0.14962934892530272,0.14008362569439645,0.03034175650147234,-0.08608,0.08070000000000001,0.01614,-0.00010501247882585984,0.0,-9.764977503999929e-05,-0.00012067616452880304,0.0,1.925575467683428e-05
99,1.5839120000600815,hold,0.1997711647641151,3.4960887367348855e-05,15.375399962067604,15.895700082182884,11293.6,0.0,0.15,3.0,0.0004,15.0,0.01,-0.039142656604178455,0.0,0.20679659690911562,-0.038992101457215544,0.0,0.20666528938460088,0.0,0.0,0.0,0.47409023870188494,0.0,0.055526433039009386,-0.43865682015821283,0.0,-0.07743918759607879,0.2653588199482707,0.0,0.029947097574699537,0.5311018366025517,-2.3656139349811354,-1.9021256949241818,-0.1513513700323442,0.13759104907559924,0.029324060176824464,-0.08608,0.06994,0.01076,-1.85784406258492e-05,0.0,0.00014405314547683175,-0.00013197670633706152,0.0,-1.2745620962097376e-05
100,1.5993534000590444,hold,0.2389162743891017,4.751694789744768e-05,16.285699792206287,15.44139999896288,11293.6,0.0,0.15,3.0,0.0004,15.0,0.01,-0.03921779010057021,0.0,0.20658689536423772,-0.038992101457215544,0.0,0.20666528938460088,0.0,0.0,0.0,0.49375287703938653,0.0,0.09659263204804709,-0.44675560664351105,0.0,-0.08621190100972768,0.28031763150005984,0.0,0.044200146448254735,0.5311018366025517,-2.3671479157690207,-1.9021256949241818,-0.1481231002416469,0.14059260237368468,0.02962596480425406,-0.08339,0.08070000000000001,0.01883,-0.00011486109873593845,0.0,-0.00012441907234082497,-0.00011082754461872443,0.0,4.602505197765996e-05
101,1.6157706000376493,hold,0.2653779417250462,0.00010187298913958124,16.805500024929643,16.417199978604913,11293.6,0.0,0.15,3.0,0.0004,15.0,0.01,-0.03910907886022662,0.0,0.20642708413877492,-0.038992101457215544,0.0,0.20666528938460088,0.0,0.0,0.0,0.47529983936779757,0.0,0.14437321402754755,-0.446128134484011,0.0,-0.10368259777321026,0.2742607784281031,0.0,0.06011474769771067,0.5311018366025517,-2.3671479157690207,-1.9036596757120676,-0.14830523051156247,0.1423430639271343,0.03160327889035673,-0.08339,0.08339,0.01076,8.899128497946859e-06,0.0,-0.00024777828480991094,-0.00012587653150902004,0.0,9.573038983948907e-06
102,1.6326594999991357,hold,0.2389162743891017,2.8579390201902123e-05,14.62789997458458,16.88889996148646,11293.6,0.0,0.15,3.0,0.0004,15.0,0.01,-0.03921779010057021,0.0,0.20658689536423772,-0.038992101457215544,0.0,0.20666528938460088,0.0,0.0,0.0,0.5012270392789926,0.0,0.12280620505971479,-0.45538470981511886,0.0,-0.10345025389106063,0.29116297231718485,0.0,0.053909322234225905,0.5311018366025517,-2.3671479157690207,-1.9021256949241818,-0.1460306102042306,0.14245031281829712,0.029870272729920554,-0.08339,0.08070000000000001,0.01345,-0.00013128144732415357,0.0,3.2952188076521336e-06,-9.440719603050931e-05,0.0,-8.168923917081714e-05
103,1.64736820012331,hold,0.2389162743891017,2.0868939510784475e-05,15.856900019571185,14.708700124174356,11293.6,0.0,0.15,3.0,0.0004,15.0,0.01,-0.03921779010057021,0.0,0.20658689536423772,-0.038992101457215544,0.0,0.20666528938460088,0.0,0.0,0.0,0.5104752415712067,0.0,0.12258541355358778,-0.46327814488600577,0.0,-0.10290207385283881,0.2991382134309238,0.0,0.05457694814514503,0.5311018366025517,-2.3671479157690207,-1.9021256949241818,-0.14482336242520355,0.1429313915502548,0.029375305078562057,-0.08070000000000001,0.08339,0.02152,-0.00011194870053571787,0.0,7.77456739523889e-06,-0.000113739942818945,0.0,-8.61685877584039e-05
104,1.6632925001904368,hold,0.2389162743891017,1.568155766483815e-05,15.7453001011163,15.924300067126751,11293.6,0.0,0.15,3.0,0.0004,15.0,0.01,-0.03921779010057021,0.0,0.20658689536423772,-0.038992101457215544,0.0,0.20666528938460088,0.0,0.0,0.0,0.5183683651366435,0.0,0.12203713850977307,-0.4701120795361996,0.0,-0.102317257409674,0.30663190448775823,0.0,0.05514126038868827,0.5311018366025517,-2.3671479157690207,-1.9021256949241818,-0.14369223584674198,0.14337480744718567,0.02890365686753293,-0.08339,0.08070000000000001,0.01345,-9.692232803168704e-05,0.0,8.294163471571619e-06,-0.00012876631532297584,0.0,-8.668818383473663e-05
105,1.679143400164321,hold,0.2389162743891017,1.2258627548398212e-05,15.901299891993403,15.850899973884225,11293.6,0.0,0.15,3.0,0.0004,15.0,0.01,-0.03921779010057021,0.0,0.20658689536423772,-0.038992101457215544,0.0,0.20666528938460088,0.0,0.0,0.0,0.5252020471990442,0.0,0.12145231343780692,-0.47616085258739166,0.0,-0.10188340569773716,0.31357329490169245,0.0,0.05566176580730273,0.5311018366025517,-2.3671479157690207,-1.9021256949241818,-0.1426445891439203,0.14378523967142817,0.028466539144379858,-0.08070000000000001,0.08339,0.01345,-8.578676789965605e-05,0.0,6.153105067722731e-06,-0.00013990187545500683,0.0,-8.454712543088774e-05
106,1.6951073000673205,hold,0.1997711647641151,7.636637388583795e-05,16.21129992417991,15.963899902999401,11293.6,0.0,0.15,3.0,0.0004,15.0,0.01,-0.039142656604178455,0.0,0.20679659690911562,-0.038992101457215544,0.0,0.20666528938460088,0.0,0.0,0.0,0.5129039024816391,0.0,0.06981180652683176,-0.4762981632678523,0.0,-0.08674800784894242,0.3075085011448867,0.0,0.03798371149371854,0.5311018366025517,-2.3656139349811354,-1.9021256949241818,-0.1447318516444683,0.14075827160812152,0.027185646826116773,-0.08339,0.07532,0.00807,-1.947409726542977e-06,0.0,0.00021465789031825997,-0.00014860773723636775,0.0,-8.335036580352559e-05
107,1.711382000008598,hold,0.2389162743891017,2.7727092583390696e-05,15.625499887391925,16.274699941277504,11293.6,0.0,0.15,3.0,0.0004,15.0,0.01,-0.03921779010057021,0.0,0.20658689536423772,-0.038992101457215544,0.0,0.20666528938460088,0.0,0.0,0.0,0.5313939405614041,0.0,0.10590026581244427,-0.48342644419546665,0.0,-0.09243737415657498,0.3228752637765915,0.0,0.05156910905350013,0.5311018366025517,-2.3671479157690207,-1.9021256949241818,-0.14148600825580293,0.14368023253231704,0.027381465704819252,-0.08070000000000001,0.08339,0.01614,-0.00010109689622156962,0.0,-8.0689479133887e-05,-0.00012459174713309325,0.0,2.295458770721991e-06
108,1.7270684000104666,hold,0.2389162743891017,2.0092168693552962e-05,16.017100075259805,15.686400001868606,11293.6,0.0,0.15,3.0,0.0004,15.0,0.01,-0.03921779010057021,0.0,0.20658689536423772,-0.038992101457215544,0.0,0.20666528938460088,0.0,0.0,0.0,0.5385164727707047,0.0,0.11157390001793038,-0.4897881361741178,0.0,-0.09688769789623265,0.3303249693029024,0.0,0.05421307656614421,0.5311018366025517,-2.3671479157690207,-1.9021256949241818,-0.14025483602542996,0.14440587423864792,0.027129704161460863,-0.08070000000000001,0.06994,0.01614,-9.022474287838879e-05,0.0,-6.311674889065259e-05,-0.00013546390047627409,0.0,-1.527727147251242e-05
109,1.743168800137937,hold,0.2389162743891017,1.5209602018978108e-05,15.904300147667527,16.100400127470493,11293.6,0.0,0.15,3.0,0.0004,15.0,0.01,-0.03921779010057021,0.0,0.20658689536423772,-0.038992101457215544,0.0,0.20666528938460088,0.0,0.0,0.0,0.5448779913192487,0.0,0.11602395433780661,-0.4955913963553263,0.0,-0.1003447164688557,0.3374342566987904,0.0,0.05645998030639718,0.5311018366025517,-2.3671479157690207,-1.9021256949241818,-0.13909407156993678,0.14506058298458796,0.026860652441101522,-0.07801000000000001,0.07801000000000001,0.01614,-8.230477985635387e-05,0.0,-4.90291911261193e-05,-0.000143383863498309,0.0,-2.9364829237045707e-05
110,1.7591348001733422,hold,0.2389162743891017,1.2218102048830856e-05,16.135399928316474,15.966000035405159,11293.6,0.0,0.15,3.0,0.0004,15.0,0.01,-0.03921779010057021,0.0,0.20658689536423772,-0.038992101457215544,0.0,0.20666528938460088,0.0,0.0,0.0,0.5506811183801557,0.0,0.11948073607510472,-0.5010127166318689,0.0,-0.10303982178348732,0.3442169529345427,0.0,0.05836765154903082,0.5311018366025517,-2.3671479157690207,-1.9021256949241818,-0.13799871913309947,0.14565294250372482,0.02657935979544377,-0.07532,0.08608,0.01883,-7.688791438950068e-05,0.0,-3.8223350794954164e-05,-0.0001488007289651622,0.0,-4.017066956821084e-05
111,1.7753471999894828,hold,0.2389162743891017,1.0478773397623415e-05,15.966800041496754,16.212399816140532,11293.6,0.0,0.15,3.0,0.0004,15.0,0.01,-0.03921779010057021,0.0,0.20658689536423772,-0.038992101457215544,0.0,0.20666528938460088,0.0,0.0,0.0,0.5561023476272409,0.0,0.12217565976385482,-0.5061954278280679,0.0,-0.10517893956415839,0.35085431507122256,0.0,0.06002628827966834,0.5311018366025517,-2.3671479157690207,-1.9021256949241818,-0.13693749843504752,0.14620414548122798,0.026282397048437205,-0.07801000000000001,0.07532,0.01614,-7.350383938151898e-05,0.0,-3.0338053543077998e-05,-0.0001521848039731439,0.0,-4.805596682008701e-05
112,1.7913862999994308,hold,0.2389162743891017,9.549744416473965e-06,15.626200009137392,16.039100009948015,11293.6,0.0,0.15,3.0,0.0004,15.0,0.01,-0.03921779010057021,0.0,0.20658689536423772,-0.038992101457215544,0.0,0.20666528938460088,0.0,0.0,0.0,0.561285001964419,0.0,0.12431464501841295,-0.5112509949879396,0.0,-0.1069369139546866,0.3573534023412456,0.0,0.06149251263180736,0.5311018366025517,-2.3671479157690207,-1.9021256949241818,-0.1359064710946532,0.14672227954042025,0.025975166496856474,-0.07801000000000001,0.07532,0.01345,-7.170061817052579e-05,0.0,-2.493248463383614e-05,-0.0001539880251841371,0.0,-5.346153572932887e-05
113,1.8070873999968171,hold,0.2653779417250462,5.819992778450997e-05,15.982700046151876,15.701099997386336,11293.6,0.0,0.15,3.0,0.0004,15.0,0.01,-0.03910907886022662,0.0,0.20642708413877492,-0.038992101457215544,0.0,0.20666528938460088,0.0,0.0,0.0,0.5397945116082933,0.0,0.16509658099613747,-0.5085033225314661,0.0,-0.11986169942575982,0.34839181909866446,0.0,0.0767671133969647,0.5311018366025517,-2.3671479157690207,-1.9036596757120676,-0.13656228579001878,0.14822960165072005,0.028077735161196837,-0.07801000000000001,0.08339,0.01345,3.896888468792677e-05,0.0,-0.00018330586436961018,-0.00015594628769899995,0.0,-5.489938145635185e-05
114,1.823156800121069,hold,0.2389162743891017,2.3440333608469685e-05,17.995799891650677,16.069400124251842,11293.6,0.0,0.15,3.0,0.0004,15.0,0.01,-0.03921779010057021,0.0,0.20658689536423772,-0.038992101457215544,0.0,0.20666528938460088,0.0,0.0,0.0,0.5636017219807539,0.0,0.13898422333998459,-0.5163977538470322,0.0,-0.11703345703265834,0.36562410106193677,0.0,0.06801835958956665,0.5311018366025517,-2.3671479157690207,-1.9021256949241818,-0.13435572023761344,0.14801886170002193,0.026069915762412778,-0.07532,0.07801000000000001,0.01345,-0.0001119628298179916,0.0,4.011156840626002e-05,-0.00011372581353667128,0.0,-0.00011850558876942502
115,1.8412596001289785,hold,0.2389162743891017,1.786716775908163e-05,14.449199894443154,18.102800007909536,11293.6,0.0,0.15,3.0,0.0004,15.0,0.01,-0.03921779010057021,0.0,0.20658689536423772,-0.038992101457215544,0.0,0.20666528938460088,0.0,0.0,0.0,0.5714879609951444,0.0,0.13616799822466252,-0.5235254756622567,0.0,-0.1153610082294694,0.374274665873363,0.0,0.06789658798954135,0.5311018366025517,-2.3671479157690207,-1.9021256949241818,-0.13308957238853758,0.1484250030310891,0.025444859868574594,-0.07801000000000001,0.08339,0.01076,-0.0001010889667318285,0.0,2.3719517373017456e-05,-0.00012459967662283437,0.0,-0.00010211353773618246
116,1.8558964000549167,hold,0.2389162743891017,1.4297888906961429e-05,15.6678999774158,14.636799925938249,11293.6,0.0,0.15,3.0,0.0004,15.0,0.01,-0.03921779010057021,0.0,0.20658689536423772,-0.038992101457215544,0.0,0.20666528938460088,0.0,0.0,0.0,0.578615513488669,0.0,0.1344958052156572,-0.5300418602454527,0.0,-0.11470496045660775,0.38185027229577306,0.0,0.06803515427975382,0.5311018366025517,-2.3671479157690207,-1.9021256949241818,-0.13196820290014066,0.1488142052832329,0.02492303531421751,-0.07263,0.07532,0.01614,-9.241867197267177e-05,0.0,9.30440233298292e-06,-0.0001332699713819911,0.0,-8.769842269614793e-05
117,1.8716373001225293,hold,0.2653779417250462,4.585448359930824e-05,15.623100101947784,15.740900067612529,11293.6,0.0,0.15,3.0,0.0004,15.0,0.01,-0.03910907886022662,0.0,0.20642708413877492,-0.038992101457215544,0.0,0.20666528938460088,0.0,0.0,0.0,0.5585857250854519,0.0,0.17286405223652446,-0.5283333071221737,0.0,-0.12630859337943312,0.37346304942790104,0.0,0.083036953653183,0.5311018366025517,-2.3671479157690207,-1.9036596757120676,-0.1325581972619073,0.1503076074161842,0.026951821967335234,-0.07532,0.07801000000000001,0.01076,2.4231567156844295e-05,0.0,-0.00016456860872619068,-0.00014120897016791747,0.0,-7.363663709977135e-05
118,1.887389900162816,hold,0.2653779417250462,2.194473862337498e-05,17.650000052526593,15.75260004028678,11293.6,0.0,0.15,3.0,0.0004,15.0,0.01,-0.03910907886022662,0.0,0.20642708413877492,-0.038992101457215544,0.0,0.20666528938460088,0.0,0.0,0.0,0.5568859270180234,0.0,0.18445485498711028,-0.5291569155945597,0.0,-0.13438051291252207,0.3758544243515138,0.0,0.08807678487319243,0.5311018366025517,-2.3671479157690207,-1.9036596757120676,-0.13194925838604557,0.15111270982386937,0.02730693646649917,-0.07263,0.07801000000000001,0.01076,-1.1680833178270473e-05,0.0,-0.00011448005776494515,-0.0001052965698328027,0.0,-0.00012372518806101689
119,1.905114300083369,hold,0.2653779417250462,1.272918630412053e-05,14.415600104257464,17.72439992055297,11293.6,0.0,0.15,3.0,0.0004,15.0,0.01,-0.03910907886022662,0.0,0.20642708413877492,-0.038992101457215544,0.0,0.20666528938460088,0.0,0.0,0.0,0.5577101256461303,0.0,0.19252595244260004,-0.5318035621482391,0.0,-0.13996467094488688,0.380201603710954,0.0,0.09202098745040284,0.5311018366025517,-2.3671479157690207,-1.9036596757120676,-0.13110895543798723,0.15186338975291377,0.02740920556807936,-0.07532,0.08070000000000001,0.01883,-3.7536084087567124e-05,0.0,-7.919736209948869e-05,-7.944131892350605e-05,0.0,-0.00015900788372647334
120,1.9196330001577735,hold,0.2653779417250462,1.0419202821769965e-05,15.496100066229701,14.518700074404478,11293.6,0.0,0.15,3.0,0.0004,15.0,0.01,-0.03910907886022662,0.0,0.20642708413877492,-0.038992101457215544,0.0,0.20666528938460088,0.0017014059367702747,0.0,-0.0024970355592180042,0.5227590614410834,0.0,0.2532897092253331,-0.5355449178794713,0.0,-0.14411917040420147,0.36150028519466004,0.0,0.11500655050911998,0.5311018366025517,-2.3671479157690207,-1.9036596757120676,-0.132632406514422,0.15405448934273383,0.031166315890273508,-0.07532,0.09146,0.01614,-5.306180499653257e-05,0.0,-5.892121893892789e-05,-6.391559801454061e-05,0.0,-0.00017928402688703414
121,1.935192900011316,hold,0.38989652683096904,0.00013792817347701235,16.18060003966093,15.559899853542447,11293.6,0.0,0.15,3.0,0.0004,15.0,0.01,-0.03881652313895581,0.0,0.2063171636087785,-0.038992101457215544,0.0,0.20666528938460088,0.001705234338066384,0.0,-0.002494422697982583,0.454984303028554,0.0,0.2842172519666788,-0.5188100932708577,0.0,-0.15568334636970654,0.3197974191193614,0.0,0.12667520218572947,0.5311018366025517,-2.3656139349811354,-1.9067276372878388,-0.13874581378287865,0.15298186981555803,0.0352418793174495,-0.07263,0.08070000000000001,0.00807,0.00023734177229001684,0.0,-0.00016400901012812946,-6.176345403028315e-05,0.0,-0.00018411676569425378
122,1.951472100103274,hold,0.5664363750631916,0.00019432196988412024,15.70840016938746,16.279200091958046,11293.6,0.0,0.15,3.0,0.0004,15.0,0.01,-0.038890921577875964,0.0,0.20610796291025074,-0.038992101457215544,0.0,0.20666528938460088,0.0017090587267834184,0.0,-0.0024918039674725026,0.4563561642184115,0.0,0.3467989081760709,-0.515025673149235,0.0,-0.17952960548986485,0.326057824327979,0.0,0.15276572001954608,0.5311018366025517,-2.3671479157690207,-1.9067276372878388,-0.13620652956957918,0.15716103146642058,0.037362469719816535,-0.07532,0.08339,0.01883,5.3672566026351804e-05,0.0,-0.0003381997442079417,4.7507313313228366e-05,0.0,-0.00021912673014219767
123,1.9672589001711458,hold,0.7469470041277617,0.0002908750420065233,15.860199928283691,15.786800067871809,11293.6,0.0,0.15,3.0,0.0004,15.0,0.01,-0.038781476049214,0.0,0.20594865365811243,-0.038992101457215544,0.0,0.20666528938460088,0.0017128790941021569,0.0,-0.002489179374010978,0.42575772145091445,0.0,0.40947097593661447,-0.5065891361784726,0.0,-0.20783949722434814,0.3103051164769121,0.0,0.17850799138808135,0.5311018366025517,-2.3671479157690207,-1.9082616180757246,-0.13733111472894435,0.15976172401004052,0.04103068796796251,-0.07801000000000001,0.08070000000000001,0.02152,0.00011965124722991399,0.0,-0.00040150524637227515,9.09741607716273e-05,0.0,-0.00031513048011617083
124,1.9831960999872535,hold,0.7469470041277617,0.00013437075938629997,15.936499927192926,15.93719981610775,11293.6,0.0,0.15,3.0,0.0004,15.0,0.01,-0.038781476049214,0.0,0.20594865365811243,-0.038992101457215544,0.0,0.20666528938460088,0.0017128790941021569,0.0,-0.002489179374010978,0.4173308881669694,0.0,0.43776626537627,-0.5027381677137691,0.0,-0.22754437783984577,0.3079811841557067,0.0,0.1909817778090149,0.5311018366025517,-2.3671479157690207,-1.9082616180757246,-0.1369910200039939,0.161379748170066,0.04248400398996485,-0.07532,0.09146,0.01883,5.4616388387917835e-05,0.0,-0.0002794646133038247,0.00015600901961362345,0.0,-0.00043717111318462127
125,1.9992045001126826,hold,0.7469470041277617,6.82725504238326e-05,15.87700005620718,16.008400125429034,11293.6,0.0,0.15,3.0,0.0004,15.0,0.01,-0.038781476049214,0.0,0.20594865365811243,-0.038992101457215544,0.0,0.20666528938460088,0.0017128790941021569,0.0,-0.002489179374010978,0.41348099893542906,0.0,0.45746911475486474,-0.5015630844537158,0.0,-0.24180750619995708,0.3084932080331199,0.0,0.20033990686818534,0.5311018366025517,-2.3671479157690207,-1.9082616180757246,-0.13644081518979778,0.16268000964982257,0.04341879367486706,-0.07801000000000001,0.08339,0.024210000000000002,1.666562692153895e-05,0.0,-0.0002022869221818877,0.00019395978108000233,0.0,-0.0005143488043065583
126,2.0151553000323474,hold,0.9325164895401798,0.00019119444449638225,16.03509997949004,15.95079991966486,11293.6,0.0,0.15,3.0,0.0004,15.0,0.01,-0.038671786272083744,0.0,0.20578951248068167,-0.038992101457215544,0.0,0.20666528938460088,0.0017166954303713768,0.0,-0.0024865489222572197,0.3854372441896639,0.0,0.5105332523130734,-0.49378458747997167,0.0,-0.2644587383596298,0.29150066708649724,0.0,0.22160442012131054,0.5311018366025517,-2.3671479157690207,-1.90979559886361,-0.1380234654049531,0.16457856162729445,0.04671607794774349,-0.07532,0.08877,0.024210000000000002,0.00011031859016481029,0.0,-0.0003212512656089794,0.00020999659496699006,0.0,-0.0005545256383102326
127,2.0312630000989884,hold,0.9325164895401798,0.0001074068897626282,15.915799885988235,16.107700066640973,11293.6,0.0,0.15,3.0,0.0004,15.0,0.01,-0.038671786272083744,0.0,0.20578951248068167,-0.038992101457215544,0.0,0.20666528938460088,0.0017166954303713768,0.0,-0.0024865489222572197,0.377668000534222,0.0,0.5331708086141076,-0.48908065718679133,0.0,-0.2817819513727923,0.28689332861160216,0.0,0.23047295640770196,0.5311018366025517,-2.3671479157690207,-1.90979559886361,-0.1382010867939829,0.16559484835673127,0.04795804706760839,-0.07532,0.09146,0.02152,6.671352575334736e-05,0.0,-0.00024568659513510326,0.000253601659378453,0.0,-0.0006300903087841088
128,2.047466600080952,hold,0.9325164895401798,7.332940862746455e-05,15.923799946904182,16.203599981963634,11293.6,0.0,0.15,3.0,0.0004,15.0,0.01,-0.038671786272083744,0.0,0.20578951248068167,-0.038992101457215544,0.0,0.20666528938460088,0.0017166954303713768,0.0,-0.0024865489222572197,0.3729647892479902,0.0,0.5504927716740214,-0.48592044830218833,0.0,-0.29627337316968066,0.2842435868004839,0.0,0.23730687666177722,0.5311018366025517,-2.3671479157690207,-1.90979559886361,-0.13824242928516228,0.1663982067200827,0.048856334664860196,-0.07532,0.09146,0.024210000000000002,4.4819685596918896e-05,0.0,-0.00020552469552039421,0.00027549549953488145,0.0,-0.0006702522083988178
129,2.0634686001576483,hold,0.7747159716809789,2.204978631553468e-05,16.074799932539463,16.002000076696277,11293.6,0.0,0.15,3.0,0.0004,15.0,0.01,-0.038597876587636124,0.0,0.20599837740466448,-0.038992101457215544,0.0,0.20666528938460088,0.0017128790939357566,0.0,-0.002489179374010978,0.3518413926410927,0.0,0.5140392492317754,-0.4779080882449988,0.0,-0.2948764317743496,0.2674280145592371,0.0,0.22141107874688115,0.5311018366025517,-2.3656139349811354,-1.90979559886361,-0.14177232791301342,0.16311990752326871,0.04855098606363323,-0.07801000000000001,0.09684000000000001,0.0269,0.00011363535505646232,0.0,1.9812131546569555e-05,0.0002805895145229586,0.0,-0.0006867241114829716
130,2.07963649998419,hold,0.9325164895401798,0.00012248150138810006,16.034800093621016,16.167899826541543,11293.6,0.0,0.15,3.0,0.0004,15.0,0.01,-0.038671786272083744,0.0,0.20578951248068167,-0.038992101457215544,0.0,0.20666528938460088,0.0,0.0,0.0,0.399734717604147,0.0,0.5086549125603043,-0.47690626205373443,0.0,-0.3140190765354922,0.3015117852097652,0.0,0.22139447662804362,0.5311018366025517,-2.3671479157690207,-1.90979559886361,-0.13657226301848155,0.16509950750393318,0.04593341438920432,-0.07532,0.09684000000000001,0.024210000000000002,1.4208407277893685e-05,0.0,-0.0002714906991991132,0.00030610677785390667,0.0,-0.0006042862047200988
131,2.095822700066492,hold,0.9325164895401798,0.00011203171925245463,15.487799886614084,16.186200082302094,11293.6,0.0,0.15,3.0,0.0004,15.0,0.01,-0.038671786272083744,0.0,0.20578951248068167,-0.038992101457215544,0.0,0.20666528938460088,0.0,0.0,0.0,0.39872027237315466,0.0,0.5277920061608434,-0.47485807535566404,0.0,-0.33223720182348426,0.3015335126016341,0.0,0.22910558751987292,0.5311018366025517,-2.3671479157690207,-1.90979559886361,-0.13617834876581902,0.16615077216044805,0.04673141679417056,-0.08070000000000001,0.09415,0.024210000000000002,2.9048422811455278e-05,0.0,-0.0002583786950165392,0.00029126676232034507,0.0,-0.0006173982089026728
132,2.1114006000570953,hold,0.9325164895401798,0.0001095929705772901,15.824700007215142,15.577899990603328,11293.6,0.0,0.15,3.0,0.0004,15.0,0.01,-0.038671786272083744,0.0,0.20578951248068167,-0.038992101457215544,0.0,0.20666528938460088,0.0,0.0,0.0,0.3966718569009924,0.0,0.5460099201480398,-0.47170624189878274,0.0,-0.3500934292411712,0.30079061183461614,0.0,0.236404617300616,0.5311018366025517,-2.3671479157690207,-1.90979559886361,-0.1359171724797421,0.16710915197922246,0.04754142770328879,-0.07801000000000001,0.09684000000000001,0.024210000000000002,4.4700901032709384e-05,0.0,-0.00025324607582704445,0.00027561428409909097,0.0,-0.0006225308280921676
133,2.1273054000921547,hold,0.7747159716809789,3.30056355369676e-05,16.040900023654103,15.904800035059452,11293.6,0.0,0.15,3.0,0.0004,15.0,0.01,-0.038597876587636124,0.0,0.20599837740466448,-0.038992101457215544,0.0,0.20666528938460088,0.0,0.0,0.0,0.3754718703185769,0.0,0.5128636633089396,-0.46221394132765165,0.0,-0.35307891688609844,0.28403799972175175,0.0,0.2218294975155562,0.5311018366025517,-2.3656139349811354,-1.90979559886361,-0.139414440581719,0.16398728764266096,0.04737856993918634,-0.07263,0.08877,0.024210000000000002,0.0001346246222105683,0.0,-4.2341700339220854e-05,0.00025960024736885264,0.0,-0.0006245702795971812
134,2.14348530001007,hold,0.9325164895401798,0.0001907701965309295,15.728000085800886,16.179899917915463,11293.6,0.0,0.15,3.0,0.0004,15.0,0.01,-0.038671786272083744,0.0,0.20578951248068167,-0.038992101457215544,0.0,0.20666528938460088,0.0,0.0,0.0,0.38403323342476214,0.0,0.5668685922090182,-0.4589810585599374,0.0,-0.37678248325492436,0.29268055764989126,0.0,0.24436516378602785,0.5311018366025517,-2.3671479157690207,-1.90979559886361,-0.1367002132424482,0.16780343555057683,0.04894741697838471,-0.07532,0.09684000000000001,0.024210000000000002,4.585038347588115e-05,0.0,-0.00033617600322856703,0.0002744648016559192,0.0,-0.000539600900690645
135,2.1592975000385195,hold,0.9325164895401798,0.00017712047957750606,15.742700081318617,15.812200028449297,11293.6,0.0,0.15,3.0,0.0004,15.0,0.01,-0.038671786272083744,0.0,0.20578951248068167,-0.038992101457215544,0.0,0.20666528938460088,0.0,0.0,0.0,0.38079454825059045,0.0,0.5905564836717864,-0.4543577479851655,0.0,-0.3993653625678076,0.2913089125109134,0.0,0.25383358854234234,0.5311018366025517,-2.3671479157690207,-1.90979559886361,-0.1364210885454608,0.16902704935664234,0.05002737980198345,-0.07801000000000001,0.08608,0.024210000000000002,6.557013600936109e-05,0.0,-0.0003202818508686888,0.00025474504912243926,0.0,-0.0005554950530505232
136,2.175100800115615,hold,0.9325164895401798,0.00016939365663091506,16.14960003644228,15.803300077095628,11293.6,0.0,0.15,3.0,0.0004,15.0,0.01,-0.038671786272083744,0.0,0.20578951248068167,-0.038992101457215544,0.0,0.20666528938460088,0.0,0.0,0.0,0.3761709153198691,0.0,0.6131391217257981,-0.4485802976639908,0.0,-0.42115531524508754,0.2889179401680203,0.0,0.26280105559201317,0.5311018366025517,-2.3671479157690207,-1.90979559886361,-0.13631646515004153,0.17013342850356908,0.051128368529825316,-0.07532,0.08877,0.024210000000000002,8.193873139600801e-05,0.0,-0.00030903616306515583,0.00023837645373579234,0.0,-0.0005667407408540562
137,2.1913253001403064,hold,0.9325164895401798,0.0001657323709719928,16.22959994710982,16.224500024691224,11293.6,0.0,0.15,3.0,0.0004,15.0,0.01,-0.038671786272083744,0.0,0.20578951248068167,-0.038992101457215544,0.0,0.20666528938460088,0.0,0.0,0.0,0.3703931898277738,0.0,0.6349288853766194,-0.4418849268791071,0.0,-0.44242428614093593,0.28568248727294626,0.0,0.2714029657142592,0.5311018366025517,-2.3671479157690207,-1.90979559886361,-0.13635390382540208,0.17114942012803158,0.052251906137672485,-0.07532,0.09415,0.024210000000000002,9.495714507977106e-05,0.0,-0.0003016473351430043,0.00022535804005202929,0.0,-0.0005741295687762077
138,2.207743000006303,hold,0.9325164895401798,0.00016471979584256597,15.93129988759756,16.417699865996838,11293.6,0.0,0.15,3.0,0.0004,15.0,0.01,-0.038671786272083744,0.0,0.20578951248068167,-0.038992101457215544,0.0,0.20666528938460088,0.0,0.0,0.0,0.36369760021519776,0.0,0.6561977321137676,-0.43449151957939514,0.0,-0.4633884678809495,0.28177963295436337,0.0,0.27975855666339455,0.5311018366025517,-2.3671479157690207,-1.90979559886361,-0.13650145776213485,0.17209977736358165,0.053397679858059266,-0.07263,0.09146,0.03228,0.0001048570530518281,0.0,-0.00029732466071312154,0.00021545813207997225,0.0,-0.0005784522432060905
139,2.2237512001302093,hold,0.9325164895401798,0.00016533287387564564,17.587099922820926,16.008200123906136,11293.6,0.0,0.15,3.0,0.0004,15.0,0.01,-0.038671786272083744,0.0,0.20578951248068167,-0.038992101457215544,0.0,0.20666528938460088,0.0,0.0,0.0,0.3563040265189198,0.0,0.6771618412342582,-0.42659396819284057,0.0,-0.4842121876188863,0.27737277779772823,0.0,0.28796384724637814,0.5311018366025517,-2.3671479157690207,-1.90979559886361,-0.13673035772378883,0.17300543339742333,0.054563948567430104,-0.06994,0.08877,0.0269,0.00011200708024721096,0.0,-0.00029533255734218904,0.0002083081048845894,0.0,-0.000580444346577023
140,2.241438199998811,hold,0.9325164895401798,0.00016686306144057561,13.9979999512434,17.68699986860156,11293.6,0.0,0.15,3.0,0.0004,15.0,0.01,-0.038671786272083744,0.0,0.20578951248068167,-0.038992101457215544,0.0,0.20666528938460088,0.0,0.0,0.0,0.34840635496585876,0.0,0.6979855275246221,-0.41835556515230615,0.0,-0.5050140601226827,0.27260499205972216,0.0,0.2960928507460673,0.5311018366025517,-2.3671479157690207,-1.90979559886361,-0.13701592364701243,0.17388334693432866,0.05574814478072508,-0.07532,0.09684000000000001,0.02959,0.00011684121132035121,0.0,-0.0002950227087842764,0.00020347397381144914,0.0,-0.0005807541951349356
141,2.2555368000175804,hold,0.9325164895401798,0.0001688355316137575,16.988599905744195,14.098600018769503,11293.6,0.0,0.15,3.0,0.0004,15.0,0.01,-0.038671786272083744,0.0,0.20578951248068167,-0.038992101457215544,0.0,0.20666528938460088,0.0,0.0,0.0,0.3401678706903039,0.0,0.7187873948535396,-0.40990805822891513,0.0,-0.5258742188378374,0.2675960033657804,0.0,0.30419988954202676,0.5311018366025517,-2.3671479157690207,-1.90979559886361,-0.13733788802384242,0.17474667261500243,0.05694733029142798,-0.07801000000000001,0.09953000000000001,0.0269,0.00011980682866687129,0.0,-0.0002958493534027267,0.00020050835646492907,0.0,-0.0005799275505164853
142,2.2726239000912756,hold,0.9325164895401798,0.00017094116916896231,14.79690009728074,17.087100073695183,11293.6,0.0,0.15,3.0,0.0004,15.0,0.01,-0.038671786272083744,0.0,0.20578951248068167,-0.038992101457215544,0.0,0.20666528938460088,0.0,0.0,0.0,0.33172031394061485,0.0,0.7396475674919509,-0.40135319965911004,0.0,-0.5468417628608855,0.26244180964477876,0.0,0.3123224873129546,0.5311018366025517,-2.3671479157690207,-1.90979559886361,-0.13768030597223668,0.17560513631257646,0.058158523769821724,-0.07532,0.09146,0.02959,0.00012132934417655663,0.0,-0.00029737234631658756,0.00019898584095524372,0.0,-0.0005784045576026245
143,2.2874967001844198,hold,0.9325164895401798,0.00017298523346234674,15.677799936383963,14.872800093144178,11293.6,0.0,0.15,3.0,0.0004,15.0,0.01,-0.038671786272083744,0.0,0.20578951248068167,-0.038992101457215544,0.0,0.20666528938460088,0.0,0.0,0.0,0.3231654298006042,0.0,0.7606151371378028,-0.39276584151916677,0.0,-0.5679418334902522,0.2572160589555274,0.0,0.32048444464809284,0.5311018366025517,-2.3671479157690207,-1.90979559886361,-0.1380311975352052,0.17646552035579505,0.059378920893723534,-0.07532,0.09953000000000001,0.03228,0.00012179026956752557,0.0,-0.0002992519058790976,0.00019852491556427478,0.0,-0.0005765249980401144
144,2.303311700001359,hold,0.9325164895401798,0.0001748511539598384,15.886599896475673,15.814999816939235,11293.6,0.0,0.15,3.0,0.0004,15.0,0.01,-0.038671786272083744,0.0,0.20578951248068167,-0.038992101457215544,0.0,0.20666528938460088,0.0,0.0,0.0,0.314578063932574,0.0,0.7817152393783486,-0.38419784261230644,0.0,-0.5891819572331191,0.2519725053901398,0.0,0.3286988241414428,0.5311018366025517,-2.3671479157690207,-1.90979559886361,-0.13838203714784722,0.17733218815889143,0.060606028061351735,-0.07532,0.09953000000000001,0.02959,0.00012151570710288576,0.0,-0.00030123821018472195,0.0001987994780289146,0.0,-0.0005745386937344901
145,2.3192686999682337,hold,0.9325164895401798,0.0001764759202123889,15.925100073218346,15.956999966874719,11293.6,0.0,0.15,3.0,0.0004,15.0,0.01,-0.038671786272083744,0.0,0.20578951248068167,-0.038992101457215544,0.0,0.20666528938460088,0.0,0.0,0.0,0.30601006965765204,0.0,0.8029553965220744,-0.3756822438684511,0.0,-0.6105574651492224,0.24674800892317708,0.0,0.3369706696319357,0.5311018366025517,-2.3671479157690207,-1.90979559886361,-0.13872717700212567,0.17820759879466935,0.06183772959904149,-0.07532,0.10222,0.03228,0.00012077254140819844,0.0,-0.0003031582972109467,0.0001995426437236019,0.0,-0.0005726186067082653
146,2.335286100162193,hold,0.9325164895401798,0.0001778334445783712,15.895100077614188,16.017400193959475,11293.6,0.0,0.15,3.0,0.0004,15.0,0.01,-0.038671786272083744,0.0,0.20578951248068167,-0.038992101457215544,0.0,0.20666528938460088,0.0,0.0,0.0,0.29749448341948787,0.0,0.8243309367220065,-0.36723733379843804,0.0,-0.6320559262021656,0.24156568895947161,0.0,0.34529936169613157,0.5311018366025517,-2.3671479157690207,-1.90979559886361,-0.1390632663588709,0.17909277941614582,0.06307230624962926,-0.07532,0.09684000000000001,0.03497,0.00011976999877492673,0.0,-0.00030490208097264397,0.00020054518635687362,0.0,-0.0005708748229465681
147,2.351255000103265,hold,0.9325164895401798,0.00017892302956187502,15.870200004428625,15.968899941071868,11293.6,0.0,0.15,3.0,0.0004,15.0,0.01,-0.038671786272083744,0.0,0.20578951248068167,-0.038992101457215544,0.0,0.20666528938460088,0.0,0.0,0.0,0.28904959021208687,0.0,0.8458294270920583,-0.3588703607137826,0.0,-0.653660621295745,0.23643796229591646,0.0,0.35368056958666466,0.5311018366025517,-2.3671479157690207,-1.90979559886361,-0.13938870821762378,0.1799877371587937,0.06430842009104092,-0.08070000000000001,0.09415,0.02959,0.00011866465691062254,0.0,-0.0003064087460302601,0.0002016505282211778,0.0,-0.0005693681578889519
148,2.3671965000685304,hold,0.9325164895401798,0.00017976100449331389,17.631599912419915,15.941499965265393,11293.6,0.0,0.15,3.0,0.0004,15.0,0.01,-0.038671786272083744,0.0,0.20578951248068167,-0.038992101457215544,0.0,0.20666528938460088,0.0,0.0,0.0,0.2806826357152927,0.0,0.8674341475144406,-0.3505807548007528,0.0,-0.6753531418336342,0.2313692949659439,0.0,0.36210780105821555,0.5311018366025517,-2.3671479157690207,-1.90979559886361,-0.1397031782181981,0.18089180252108472,0.0655450782422619,-0.07532,0.09684000000000001,0.03497,0.00011756739643373174,0.0,-0.00030765433103595416,0.0002027477886980686,0.0,-0.0005681225728832579
149,2.3849226001184434,hold,0.7747159716809789,7.635140135454636e-05,14.4380999263376,17.72610004991293,11293.6,0.0,0.15,3.0,0.0004,15.0,0.01,-0.038597876587636124,0.0,0.20599837740466448,-0.038992101457215544,0.0,0.20666528938460088,0.0,0.0,0.0,0.25434515835926974,0.0,0.8381242908794043,-0.337087848720902,0.0,-0.6822084820574293,0.2109792266812672,0.0,0.3489184909800524,0.5311018366025517,-2.3656139349811354,-1.90979559886361,-0.1436869990776853,0.17775914832790582,0.06578861905150477,-0.07801000000000001,0.09953000000000001,0.03497,0.0001913632390702213,0.0,-9.722591281598344e-05,0.00020286163050919963,0.0,-0.0005696860671204186
150,2.3994887999724597,hold,0.9325164895401798,0.0002617834898662846,15.675799921154976,14.566199854016304,11293.6,0.0,0.15,3.0,0.0004,15.0,0.01,-0.038671786272083744,0.0,0.20578951248068167,-0.038992101457215544,0.0,0.20666528938460088,0.0,0.0,0.0,0.2589061871252086,0.0,0.8959990802383127,-0.33088404311855074,0.0,-0.7095372812562064,0.21711152632876318,0.0,0.37283725127185857,0.5311018366025517,-2.3671479157690207,-1.90979559886361,-0.141245259833089,0.18166763406206146,0.06767826387831084,-0.07532,0.10491,0.03497,8.7985518286591e-05,0.0,-0.00038759089432835464,0.00023232966684520935,0.0,-0.0004881860095908574
151,2.415225600125268,hold,0.9325164895401798,0.00023680432258436598,15.942699974402785,15.736800152808428,11293.6,0.0,0.15,3.0,0.0004,15.0,0.01,-0.038671786272083744,0.0,0.20578951248068167,-0.038992101457215544,0.0,0.20666528938460088,0.0,0.0,0.0,0.25269682463420945,0.0,0.9233121461140916,-0.32417723661933323,0.0,-0.7353332443964946,0.21378441845856483,0.0,0.3836593751597888,0.5311018366025517,-2.3671479157690207,-1.90979559886361,-0.1411836044726446,0.18298160271832414,0.06903857457792427,-0.07801000000000001,0.09684000000000001,0.03766,9.511933218182876e-05,0.0,-0.00036585143572840013,0.00022519585294997159,0.0,-0.0005099254681908119
152,2.431240700185299,hold,0.9584951296259974,0.0003276640762158624,16.220200108364224,16.015100060030818,11293.6,0.0,0.15,3.0,0.0004,15.0,0.01,-0.038896131867886485,0.0,0.20571161084785972,-0.038992101457215544,0.0,0.20666528938460088,0.0,0.0,0.0,0.30077250643899256,0.0,0.9681304471638136,-0.3330598287854773,0.0,-0.7654013634772996,0.24982684964461255,0.0,0.40391550726542796,0.529567855814666,-2.3671479157690207,-1.90979559886361,-0.13385939410674108,0.18780540115595712,0.06841242417593159,-0.07801000000000001,0.09953000000000001,0.03497,-0.0001259774283014945,0.0,-0.00042644131857144977,0.00022194701763055357,0.0,-0.0005272372181697151
153,2.447546600131318,hold,0.9325164895401798,0.00021264633108355135,15.618399949744344,16.305899946019053,11293.6,0.0,0.15,3.0,0.0004,15.0,0.01,-0.038671786272083744,0.0,0.20578951248068167,-0.038992101457215544,0.0,0.20666528938460088,0.0,0.0,0.0,0.25485410185662677,0.0,0.9791692282604726,-0.3196685406142371,0.0,-0.7868166009115521,0.2174575293751671,0.0,0.40636361674704596,0.5311018366025517,-2.3671479157690207,-1.90979559886361,-0.13949580238998158,0.18625041537574072,0.07112981193015033,-0.07801000000000001,0.09415,0.03228,0.0001899220423388386,0.0,-0.000303721761392558,0.00013039314279296175,0.0,-0.000572055142526654
154,2.4632331000175327,hold,0.7747159716809789,0.00011229105205193843,16.336999833583832,15.686499886214733,11293.6,0.0,0.15,3.0,0.0004,15.0,0.01,-0.038597876587636124,0.0,0.20599837740466448,-0.038992101457215544,0.0,0.20666528938460088,0.0,0.0,0.0,0.22343175577929592,0.0,0.949587693339618,-0.30242805839270587,0.0,-0.7931125463468991,0.19341029794264306,0.0,0.3928715523321892,0.5311018366025517,-2.3656139349811354,-1.90979559886361,-0.1440368870557342,0.18289378316008553,0.07160578800837691,-0.07263,0.09953000000000001,0.03766,0.0002445132650831721,0.0,-8.929229214131866e-05,0.0001497116044962488,0.0,-0.0005776196877950834
155,2.4796480000950396,hold,0.7637597741733589,0.00010065776418944958,15.481499955058098,16.4149000775069,11293.6,0.0,0.15,3.0,0.0004,15.0,0.01,-0.038822542665052195,0.0,0.20592058890209436,-0.038992101457215544,0.0,0.20666528938460088,0.0,0.0,0.0,0.26105847055889464,0.0,0.9748956653259561,-0.3043922391641359,0.0,-0.8103785617084551,0.22130488263344464,0.0,0.40477480506067715,0.529567855814666,-2.3656139349811354,-1.90979559886361,-0.13832009167475362,0.18619963846075932,0.07070715394851311,-0.07801000000000001,0.09684000000000001,0.03497,-2.785700814308587e-05,0.0,-0.00024487538902814095,0.00019741580030643489,0.0,-0.0004998250934783808
156,2.495195799972862,hold,0.9325164895401798,0.00032143417935365465,16.05760003440082,15.5477998778224,11293.6,0.0,0.15,3.0,0.0004,15.0,0.01,-0.038671786272083744,0.0,0.20578951248068167,-0.038992101457215544,0.0,0.20666528938460088,0.0,0.0,0.0,0.22619210774417167,0.0,1.0241639479536517,-0.29205893825315066,0.0,-0.8388775481237658,0.19897653277858976,0.0,0.4234816060666175,0.5311018366025517,-2.3671479157690207,-1.90979559886361,-0.14133197927593452,0.18769329750855238,0.07422774386694439,-0.07801000000000001,0.09953000000000001,0.040350000000000004,0.00017491713028954553,0.0,-0.0004041870830773951,0.00014539805484225482,0.0,-0.00047158982084181695
157,2.5114215000066906,hold,0.9325164895401798,0.0002690706599201303,15.649799956008792,16.225700033828616,11293.6,0.0,0.15,3.0,0.0004,15.0,0.01,-0.038671786272083744,0.0,0.20578951248068167,-0.038992101457215544,0.0,0.20666528938460088,0.0,0.0,0.0,0.21387028655906007,0.0,1.0526527014117326,-0.28117709563981536,0.0,-0.8651224996592328,0.19138382485359287,0.0,0.4345444055764147,0.5311018366025517,-2.3671479157690207,-1.90979559886361,-0.14188214100427946,0.18883496711954514,0.07591836798096188,-0.07532,0.09684000000000001,0.040350000000000004,0.00015433181237731061,0.0,-0.0003722192169237635,0.00016598337275448974,0.0,-0.0005035576869954486
158,2.527160700177774,hold,0.9325164895401798,0.00023073500369217404,16.006299993023276,15.739200171083212,11293.6,0.0,0.15,3.0,0.0004,15.0,0.01,-0.038671786272083744,0.0,0.20578951248068167,-0.038992101457215544,0.0,0.20666528938460088,0.0,0.0,0.0,0.20298877129951545,0.0,1.0788971317683473,-0.2714565199906907,0.0,-0.8895707188198628,0.1847204575449375,0.0,0.44475377533319194,0.5311018366025517,-2.3671479157690207,-1.90979559886361,-0.14233959475697994,0.18990508335425943,0.0774539728331744,-0.08070000000000001,0.1076,0.040350000000000004,0.00013786213517200818,0.0,-0.0003467370468889019,0.00018245304995979217,0.0,-0.0005290398570303101
159,2.5432355999946594,hold,0.7747159716809789,8.859235980146799e-05,15.949200140312314,16.07489981688559,11293.6,0.0,0.15,3.0,0.0004,15.0,0.01,-0.038597876587636124,0.0,0.20599837740466448,-0.038992101457215544,0.0,0.20666528938460088,0.0,0.0,0.0,0.17522058262459783,0.0,1.0523425244632072,-0.25734981494815173,0.0,-0.8977424966097457,0.16332052212990406,0.0,0.43264452364899403,0.5311018366025517,-2.3656139349811354,-1.90979559886361,-0.1464325624937476,0.18685483449551127,0.07788339582797914,-0.08339,0.10222,0.04304,0.0002000684473435766,0.0,-0.00011589629821623707,0.00019415642223584434,0.0,-0.000551015681720165
160,2.5594783001579344,hold,0.9325164895401798,0.00026687999488311803,16.0691998898983,16.242700163275003,11293.6,0.0,0.15,3.0,0.0004,15.0,0.01,-0.038671786272083744,0.0,0.20578951248068167,-0.038992101457215544,0.0,0.20666528938460088,0.0,0.0,0.0,0.17916800722061435,0.0,1.111533408297641,-0.25111622075293044,0.0,-0.9253429003759716,0.16917774137515332,0.0,0.45705329975189946,0.5311018366025517,-2.3671479157690207,-1.90979559886361,-0.14399009225541742,0.19083297557857637,0.07984194245411583,-0.07801000000000001,0.1076,0.040350000000000004,8.84079952226318e-05,0.0,-0.0003914429280907942,0.00023190718990916855,0.0,-0.00048433397582841784
161,2.5756451999768615,hold,0.9584951296259974,0.0003497340338130064,15.856700018048286,16.16689981892705,11293.6,0.0,0.15,3.0,0.0004,15.0,0.01,-0.038896131867886485,0.0,0.20571161084785972,-0.038992101457215544,0.0,0.20666528938460088,0.0,0.0,0.0,0.22771159441375224,0.0,1.158140507198399,-0.2607804126889806,0.0,-0.956259004523523,0.20571524940366367,0.0,0.47804083725449537,0.529567855814666,-2.3671479157690207,-1.90979559886361,-0.13653632966668622,0.1957948633559006,0.07925505379373658,-0.08070000000000001,0.09953000000000001,0.04573,-0.0001370624727493332,0.0,-0.00043846787297678526,0.00023303206207839227,0.0,-0.0005152106637643796
162,2.591578399995342,hold,0.9325164895401798,0.0002068424535065215,15.688299899920821,15.93320001848042,11293.6,0.0,0.15,3.0,0.0004,15.0,0.01,-0.038671786272083744,0.0,0.20578951248068167,-0.038992101457215544,0.0,0.20666528938460088,0.0,0.0,0.0,0.18257487225198119,0.0,1.1700270712772098,-0.24832124762484145,0.0,-0.9778297385496084,0.17383370326543304,0.0,0.4808734456866384,0.5311018366025517,-2.3671479157690207,-1.90979559886361,-0.14210196451636636,0.19430102230255158,0.08197852833068131,-0.07801000000000001,0.10491,0.048420000000000005,0.0001767021995613395,0.0,-0.000305927092942426,0.00014361298557046085,0.0,-0.000569849810976786
163,2.607334100175649,hold,0.9325164895401798,0.00018576017178002376,16.057099914178252,15.75570018030703,11293.6,0.0,0.15,3.0,0.0004,15.0,0.01,-0.038671786272083744,0.0,0.20578951248068167,-0.038992101457215544,0.0,0.20666528938460088,0.0,0.0,0.0,0.1701325750114514,0.0,1.1916032659657847,-0.23732334183709727,0.0,-0.9987181703630306,0.165889750237141,0.0,0.4891321389466313,0.5311018366025517,-2.3671479157690207,-1.90979559886361,-0.14284559879223313,0.19504389785486898,0.08340354161622231,-0.07532,0.11298000000000001,0.05111,0.00015597787919643908,0.0,-0.0002962503368257449,0.00016433730593536127,0.0,-0.0005795265670934672
164,2.6234720000065863,hold,0.9584951296259974,0.00023919319622493917,15.728000085800886,16.137899830937386,11293.6,0.0,0.15,3.0,0.0004,15.0,0.01,-0.038896131867886485,0.0,0.20571161084785972,-0.038992101457215544,0.0,0.20666528938460088,0.0,0.0,0.0,0.21391758888661236,0.0,1.231514203031699,-0.2435128100775366,0.0,-1.0247809804873327,0.19884869663684726,0.0,0.5072269154288458,0.529567855814666,-2.3671479157690207,-1.90979559886361,-0.1360548409247646,0.19944333963220195,0.08277076389945873,-0.08070000000000001,0.1076,0.048420000000000005,-8.778217854650905e-05,0.0,-0.00036963599502901057,0.00018375176787556813,0.0,-0.0005840425417121543
165,2.639283200027421,hold,0.7637597741733589,3.212564238021195e-05,16.18820009753108,15.811200020834804,11293.6,0.0,0.15,3.0,0.0004,15.0,0.01,-0.038822542665052195,0.0,0.20592058890209436,-0.038992101457215544,0.0,0.20666528938460088,0.0,0.0,0.0,0.20211940847472581,0.0,1.2065405446800872,-0.23943290026434333,0.0,-1.0337102169080377,0.18864565033556657,0.0,0.49631945037437064,0.529567855814666,-2.3656139349811354,-1.90979559886361,-0.13844954406042587,0.1970974607151401,0.08253728101056688,-0.07801000000000001,0.10491,0.040350000000000004,5.786335073753739e-05,0.0,-0.00012663896078262955,0.00011169544142581163,0.0,-0.0006180615217238922
166,2.6555717000737786,hold,0.9584951296259974,0.0002593050135624784,15.712199965491891,16.288500046357512,11293.6,0.0,0.15,3.0,0.0004,15.0,0.01,-0.038896131867886485,0.0,0.20571161084785972,-0.038992101457215544,0.0,0.20666528938460088,0.0,0.0,0.0,0.2160139641549462,0.0,1.2665163287730927,-0.2389759840280232,0.0,-1.0615976023760307,0.20169137162790024,0.0,0.5214880449714202,0.529567855814666,-2.3671479157690207,-1.90979559886361,-0.13491337250565125,0.20152276721261525,0.08404397100273356,-0.07532,0.11836,0.04573,6.480217860299617e-06,0.0,-0.00039551304817309106,8.948937146875946e-05,0.0,-0.0005581654885680738
167,2.671381999971345,hold,0.9584951296259974,0.00021949450516712564,15.658200019970536,15.810299897566438,11293.6,0.0,0.15,3.0,0.0004,15.0,0.01,-0.038896131867886485,0.0,0.20571161084785972,-0.038992101457215544,0.0,0.20666528938460088,0.0,0.0,0.0,0.2155506487960426,0.0,1.2943876086069135,-0.23559829713324562,0.0,-1.0870352663163816,0.20245112703987794,0.0,0.5327606787452444,0.529567855814666,-2.3671479157690207,-1.90979559886361,-0.13422855398815403,0.2030952490123465,0.0851570717169868,-0.07801000000000001,0.10491,0.04573,4.790406906595982e-05,0.0,-0.00036076985470717823,4.806552026309926e-05,0.0,-0.0005929086820339866
168,2.6872201000805944,hold,0.9325164895401798,0.00026032899132160097,15.829799929633737,15.838100109249353,11293.6,0.0,0.15,3.0,0.0004,15.0,0.01,-0.038671786272083744,0.0,0.20578951248068167,-0.038992101457215544,0.0,0.20666528938460088,0.0,0.0,0.0,0.15738967580356217,0.0,1.3008020369935192,-0.2143406515069917,0.0,-1.1051763654118998,0.16110909261768736,0.0,0.5328648637181221,0.5311018366025517,-2.3671479157690207,-1.90979559886361,-0.14132894358163178,0.20077026591551903,0.08828037541959122,-0.07263,0.11298000000000001,0.05111,0.0003014867144240818,0.0,-0.0002572862704792987,1.8828470707718547e-05,0.0,-0.0006184906334399133
169,2.703126500127837,hold,0.9584951296259974,0.00020198212778465384,16.033999854698777,15.906400047242641,11293.6,0.0,0.15,3.0,0.0004,15.0,0.01,-0.038896131867886485,0.0,0.20571161084785972,-0.038992101457215544,0.0,0.20666528938460088,0.0,0.0,0.0,0.19093248100482554,0.0,1.3379717530557316,-0.21397546197257616,0.0,-1.1297896345965879,0.18679074810099558,0.0,0.549457027861273,0.529567855814666,-2.3671479157690207,-1.90979559886361,-0.13566850363334637,0.2046208142596876,0.08801002103519505,-0.07263,0.11029,0.05111,5.179303240290258e-06,0.0,-0.00034907787006113375,9.079028608876882e-05,0.0,-0.0006046006666800311
170,2.7192773001734167,hold,0.9325164895401798,0.00021946434768756504,15.886500012129545,16.150800045579672,11293.6,0.0,0.15,3.0,0.0004,15.0,0.01,-0.038671786272083744,0.0,0.20578951248068167,-0.038992101457215544,0.0,0.20666528938460088,0.0,0.0,0.0,0.13576753124644644,0.0,1.3435561991934193,-0.19548938870474758,0.0,-1.147584525385777,0.1475067304496937,0.0,0.5493466476376201,0.5311018366025517,-2.3671479157690207,-1.90979559886361,-0.1424836650795081,0.20236105060752013,0.09096309704859482,-0.07801000000000001,0.11298000000000001,0.05111,0.0002621788691988198,0.0,-0.000252376168645041,5.813631593298054e-05,0.0,-0.0006234007352741711
171,2.7352346000261605,hold,0.9325164895401798,0.00018586659622078306,15.876899939030409,15.957299852743745,11293.6,0.0,0.15,3.0,0.0004,15.0,0.01,-0.038671786272083744,0.0,0.20578951248068167,-0.038992101457215544,0.0,0.20666528938460088,0.0,0.0,0.0,0.1172992800306746,0.0,1.3613571531192001,-0.18153333364610555,0.0,-1.1666325781960383,0.1351674717944249,0.0,0.5558443093656487,0.5311018366025517,-2.3671479157690207,-1.90979559886361,-0.1439595210861802,0.20265276735024645,0.0925201537550498,-0.07263,0.12105,0.04573,0.00019793185284616293,0.0,-0.0002701491481657582,0.00012238333228563742,0.0,-0.0006056277557534538
172,2.7511887000873685,hold,0.9584951296259974,0.00022897709264294437,15.883099986240268,15.95410006120801,11293.6,0.0,0.15,3.0,0.0004,15.0,0.01,-0.038896131867886485,0.0,0.20571161084785972,-0.038992101457215544,0.0,0.20666528938460088,0.0,0.0,0.0,0.1581268761693098,0.0,1.399428172559392,-0.18700285293818694,0.0,-1.1922648944519365,0.16605373422512623,0.0,0.5730743034652821,0.529567855814666,-2.3671479157690207,-1.90979559886361,-0.13749846786332845,0.20684647977394202,0.0919440577409474,-0.07801000000000001,0.1076,0.048420000000000005,-7.757149732575232e-05,0.0,-0.000363530512594754,0.0001735410866548114,0.0,-0.0005901480241464109
173,2.7671448001638055,hold,0.7747159716809789,0.00012927595252851482,16.072499798610806,15.956100076436996,11293.6,0.0,0.15,3.0,0.0004,15.0,0.01,-0.038597876587636124,0.0,0.20599837740466448,-0.038992101457215544,0.0,0.20666528938460088,0.0,0.0,0.0,0.09074842333106414,0.0,1.3550293039962236,-0.16770181141216922,0.0,-1.1961761159486666,0.11524110292054511,0.0,0.5519823260387867,0.5311018366025517,-2.3656139349811354,-1.90979559886361,-0.1474378799943314,0.20077774349162336,0.09370467992932832,-0.08070000000000001,0.10491,0.048420000000000005,0.00027373716247556444,0.0,-5.547092745669267e-05,0.00012048770710385649,0.0,-0.0006114410524797094
174,2.783311099978164,hold,0.9584951296259974,0.0003394407232633181,15.780899906530976,16.166299814358354,11293.6,0.0,0.15,3.0,0.0004,15.0,0.01,-0.038896131867886485,0.0,0.20571161084785972,-0.038992101457215544,0.0,0.20666528938460088,0.0,0.0,0.0,0.14430139285332805,0.0,1.4289886996007346,-0.17494973752540555,0.0,-1.2272532737473942,0.15745708985958556,0.0,0.58451037867448,0.529567855814666,-2.3671479157690207,-1.90979559886361,-0.1381733450922452,0.2079933595731753,0.0937453638486269,-0.07801000000000001,0.11029,0.04573,-0.00010279376506161067,0.0,-0.00044075201756142094,0.00019876335439066974,0.0,-0.0005129265191797439
175,2.7991635999642313,hold,0.7637597741733589,6.175850715076904e-05,16.049900092184544,15.852499986067414,11293.6,0.0,0.15,3.0,0.0004,15.0,0.01,-0.038822542665052195,0.0,0.20592058890209436,-0.038992101457215544,0.0,0.20666528938460088,0.0,0.0,0.0,0.13355657959519185,0.0,1.4090140077905375,-0.172849566579095,0.0,-1.2407018723155938,0.14808738224184212,0.0,0.5756827606763885,0.529567855814666,-2.3656139349811354,-1.90979559886361,-0.14035466433721824,0.20595647427193675,0.09366979873064002,-0.08070000000000001,0.1076,0.048420000000000005,2.978568979201005e-05,0.0,-0.00019073484746247554,0.00013977310237133896,0.0,-0.0005539656350440462
176,2.81527530006133,hold,0.7747159716809789,0.0001665952473472227,16.019899863749743,16.111700097098947,11293.6,0.0,0.15,3.0,0.0004,15.0,0.01,-0.038597876587636124,0.0,0.20599837740466448,-0.038992101457215544,0.0,0.20666528938460088,0.0,0.0,0.0,0.07660061389529137,0.0,1.4034839861900994,-0.15356000016627944,0.0,-1.2520022426478992,0.10710372230588966,0.0,0.5710624842362026,0.5311018366025517,-2.3656139349811354,-1.90979559886361,-0.14766457756054507,0.20298204664711034,0.09626640531336433,-0.07532,0.11029,0.0538,0.00027357441659872596,0.0,-0.00016026758480978931,0.00012065045298069498,0.0,-0.0005066443951266127
177,2.8313953999895602,hold,0.7637597741733589,0.00015209937307242202,16.485700150951743,16.120099928230047,11293.6,0.0,0.15,3.0,0.0004,15.0,0.01,-0.038822542665052195,0.0,0.20592058890209436,-0.038992101457215544,0.0,0.20666528938460088,0.0,0.0,0.0,0.11218994313824654,0.0,1.4337865385294823,-0.15540319500181496,0.0,-1.2732837076354304,0.13397987012978183,0.0,0.5848956858971635,0.529567855814666,-2.3656139349811354,-1.90979559886361,-0.14195207028369658,0.20653298555626748,0.09563498103697823,-0.07801000000000001,0.11298000000000001,0.0538,-2.6141124223217358e-05,0.0,-0.00030182453268944633,0.00019569991638656637,0.0,-0.00044287594981707543
178,2.8479607000481337,hold,0.7637597741733589,0.00016473545492537266,15.178199857473373,16.565300058573484,11293.6,0.0,0.15,3.0,0.0004,15.0,0.01,-0.038822542665052195,0.0,0.20592058890209436,-0.038992101457215544,0.0,0.20666528938460088,0.0,0.0,0.0,0.11401600236204529,0.0,1.455062705471379,-0.1549948660300017,0.0,-1.2955107099575363,0.1360816496005502,0.0,0.5935812151446724,0.529567855814666,-2.3656139349811354,-1.90979559886361,-0.14120290581525213,0.2078169648336513,0.09638511698894348,-0.08339,0.10491,0.05111,5.7911286264036355e-06,0.0,-0.0003152346228460953,0.00016376766353694538,0.0,-0.00042946585966042647
179,2.8632630000356585,hold,0.9584951296259974,0.0004723653064472337,16.047799959778786,15.302299987524748,11293.6,0.0,0.15,3.0,0.0004,15.0,0.01,-0.038896131867886485,0.0,0.20571161084785972,-0.038992101457215544,0.0,0.20666528938460088,0.0,0.0,0.0,0.13157679644764742,0.0,1.5283199659007676,-0.15808247478820078,0.0,-1.3330282070955117,0.15235648463110263,0.0,0.6242535919093395,0.529567855814666,-2.3671479157690207,-1.90979559886361,-0.13689633697805587,0.2131649817649428,0.09822787454047602,-0.08070000000000001,0.11567000000000001,0.048420000000000005,-4.379003377433295e-05,0.0,-0.0005320921772998973,0.00013975962310339203,0.0,-0.0004215863594412676
180,2.8794186001177877,hold,0.7747159716809789,0.00019747266386154676,16.261100070551038,16.15560008212924,11293.6,0.0,0.15,3.0,0.0004,15.0,0.01,-0.038597876587636124,0.0,0.20599837740466448,-0.038992101457215544,0.0,0.20666528938460088,0.0,0.0,0.0,0.06182749582820451,0.0,1.4957954331644077,-0.1366340988963876,0.0,-1.3445340822551042,0.10018544341212603,0.0,0.6078732303624509,0.5311018366025517,-2.3656139349811354,-1.90979559886361,-0.14681554860249302,0.20765873459036666,0.10058146661473563,-0.07532,0.11567000000000001,0.056490000000000005,0.00030419174780904265,0.0,-0.00016318215852441462,9.003312177037828e-05,0.0,-0.0005037298214119874
181,2.8957710000686347,hold,0.7637597741733589,0.00013858053906903376,16.855099936947227,16.35239995084703,11293.6,0.0,0.15,3.0,0.0004,15.0,0.01,-0.038822542665052195,0.0,0.20592058890209436,-0.038992101457215544,0.0,0.20666528938460088,0.0,0.0,0.0,0.09526353631544958,0.0,1.5263184525555527,-0.13678618449581914,0.0,-1.3649232579907131,0.12559686138036838,0.0,0.6217172122471348,0.529567855814666,-2.3656139349811354,-1.90979559886361,-0.14130815176833628,0.2111448872940394,0.10005307775638232,-0.07801000000000001,0.12374,0.05111,-2.1569551252281327e-06,0.0,-0.00028916963385409555,0.00017171574728857715,0.0,-0.0004555308486524262
182,2.912698799977079,hold,0.9584951296259974,0.00042632906555904726,14.513200148940086,16.927799908444285,11293.6,0.0,0.15,3.0,0.0004,15.0,0.01,-0.038896131867886485,0.0,0.20571161084785972,-0.038992101457215544,0.0,0.20666528938460088,0.0,0.0,0.0,0.11336822069213688,0.0,1.597732065893826,-0.14036547409658615,0.0,-1.4005066232423442,0.14222259713358654,0.0,0.6516627362884637,0.529567855814666,-2.3671479157690207,-1.90979559886361,-0.1369830095670387,0.21641491511146388,0.10179394681794762,-0.08070000000000001,0.11029,0.0538,-5.0763300916767146e-05,0.0,-0.0005046613376891056,0.00014673289024582623,0.0,-0.00044901719905205925
183,2.9273343000095338,hold,0.9584951296259974,0.0003021825850869902,17.071599839255214,14.635500032454729,11293.6,0.0,0.15,3.0,0.0004,15.0,0.01,-0.038896131867886485,0.0,0.20571161084785972,-0.038992101457215544,0.0,0.20666528938460088,0.0,0.0,0.0,0.11694110137267064,0.0,1.6332984636753909,-0.14061587149763577,0.0,-1.4306145135105532,0.1461284167186912,0.0,0.6662100093559176,0.529567855814666,-2.3671479157690207,-1.90979559886361,-0.13567153346568855,0.2185842260852106,0.10302051695076508,-0.07801000000000001,0.11298000000000001,0.05111,-3.5512629700416506e-06,0.0,-0.0004270053737273973,9.952085229910073e-05,0.0,-0.0005266731630137676
184,2.944482000079006,hold,0.9584951296259974,0.00022761137032610066,14.842000091448426,17.147700069472194,11293.6,0.0,0.15,3.0,0.0004,15.0,0.01,-0.038896131867886485,0.0,0.20571161084785972,-0.038992101457215544,0.0,0.20666528938460088,0.0,0.0,0.0,0.11719071431689675,0.0,1.6634050745110374,-0.13847718961813743,0.0,-1.456657941679606,0.14747802520608902,0.0,0.678415969730743,0.529567855814666,-2.3671479157690207,-1.90979559886361,-0.13485296886612302,0.22031212683458365,0.10418797171694325,-0.07801000000000001,0.12374,0.05918,3.033187138334549e-05,0.0,-0.0003693611103070648,6.563771794571359e-05,0.0,-0.0005843174264341
185,2.9593952000141144,hold,0.7637597741733589,4.980415493458102e-05,16.480700112879276,14.913199935108423,11293.6,0.0,0.15,3.0,0.0004,15.0,0.01,-0.038822542665052195,0.0,0.20592058890209436,-0.038992101457215544,0.0,0.20666528938460088,0.0,0.0,0.0,0.09708183098679789,0.0,1.6384175105970278,-0.12948507740103607,0.0,-1.464937699084192,0.13117224532988028,0.0,0.6671803035550671,0.529567855814666,-2.3656139349811354,-1.90979559886361,-0.1381812508702447,0.21760481310704644,0.10436798223629877,-0.07263,0.12374,0.05918,0.00012753069722445433,0.0,-0.00011742771989077679,4.202809493889469e-05,0.0,-0.000627272762615745
186,2.975960000185296,hold,0.9584951296259974,0.00024312670250066872,15.34970011562109,16.56480017118156,11293.6,0.0,0.15,3.0,0.0004,15.0,0.01,-0.038896131867886485,0.0,0.20571161084785972,-0.038992101457215544,0.0,0.20666528938460088,0.0,0.0,0.0,0.1060649708471073,0.0,1.6977436558686994,-0.12671905395894434,0.0,-1.4918027176365736,0.14097134032110306,0.0,0.6918928808500374,0.529567855814666,-2.3671479157690207,-1.90979559886361,-0.13511839909920376,0.22183715247656122,0.10605072136139551,-0.07801000000000001,0.11836,0.06187,3.9229147678814646e-05,0.0,-0.0003810133219219919,5.6740441650244434e-05,0.0,-0.000572665214819173
187,2.991401500068605,hold,0.9584951296259974,0.00020065539427338257,15.822999877855182,15.441499883309007,11293.6,0.0,0.15,3.0,0.0004,15.0,0.01,-0.038896131867886485,0.0,0.20571161084785972,-0.038992101457215544,0.0,0.20666528938460088,0.0,0.0,0.0,0.10329316884087741,0.0,1.7245924799522825,-0.12291702494718199,0.0,-1.5160413388476464,0.14006342418639003,0.0,0.7026613285092977,0.529567855814666,-2.3671479157690207,-1.90979559886361,-0.13470307464788656,0.22326110075745267,0.10723124626154192,-0.07532,0.11567000000000001,0.05918,5.3922304240766765e-05,0.0,-0.0003437644224377795,4.2047285088292314e-05,0.0,-0.0006099141143033854
188,3.007309200009331,hold,0.9584951296259974,0.00017469185640926212,15.830100048333406,15.907699940726161,11293.6,0.0,0.15,3.0,0.0004,15.0,0.01,-0.038896131867886485,0.0,0.20571161084785972,-0.038992101457215544,0.0,0.20666528938460088,0.0,0.0,0.0,0.0994909020574303,0.0,1.7488305010389862,-0.11852527149824073,0.0,-1.5385088280458523,0.1383271097299075,0.0,0.7123319673460364,0.529567855814666,-2.3671479157690207,-1.90979559886361,-0.13446474587220145,0.22449579748266393,0.10835749464979541,-0.07263,0.12374,0.05918,6.22860753801763e-05,0.0,-0.00031864532972362416,3.368351394888278e-05,0.0,-0.0006350332070175407
189,3.0232137001585215,hold,0.9584951296259974,0.00015963748148079947,16.63649990223348,15.904500149190426,11293.6,0.0,0.15,3.0,0.0004,15.0,0.01,-0.038896131867886485,0.0,0.20571161084785972,-0.038992101457215544,0.0,0.20666528938460088,0.0,0.0,0.0,0.09509900809642399,0.0,1.7712975680928653,-0.11388029006940815,0.0,-1.559894257477318,0.13610598924087844,0.0,0.7212622057818782,0.529567855814666,-2.3671479157690207,-1.90979559886361,-0.13433498488391274,0.22560639358556783,0.10944183549651758,-0.07532,0.12105,0.0538,6.587748305532323e-05,0.0,-0.00030329900917521434,3.0092106273735847e-05,0.0,-0.0006503795275659505
190,3.0399283000733703,hold,0.7637597741733589,4.4416418360112154e-05,15.36160008981824,16.714599914848804,11293.6,0.0,0.15,3.0,0.0004,15.0,0.01,-0.038822542665052195,0.0,0.20592058890209436,-0.038992101457215544,0.0,0.20666528938460088,0.0,0.0,0.0,0.07248433438919837,0.0,1.741652716477973,-0.10397051713362926,0.0,-1.5658141945919875,0.11779364280494133,0.0,0.7080421754132283,0.529567855814666,-2.3656139349811354,-1.90979559886361,-0.13806344950552255,0.22252681841915442,0.10956263399981445,-0.07263,0.12374,0.056490000000000005,0.0001405454270724503,0.0,-8.395955138581275e-05,2.9013365090898717e-05,0.0,-0.000660740931120709
191,3.0553550999611616,hold,0.9584951296259974,0.0002308591370216096,15.970100183039904,15.426799887791276,11293.6,0.0,0.15,3.0,0.0004,15.0,0.01,-0.038896131867886485,0.0,0.20571161084785972,-0.038992101457215544,0.0,0.20666528938460088,0.0,0.0,0.0,0.0805501922135834,0.0,1.7986195893066856,-0.10140318518134651,0.0,-1.5920055331929757,0.12691203153974967,0.0,0.7317632626917945,0.529567855814666,-2.3671479157690207,-1.90979559886361,-0.13514478507245303,0.2265972667994043,0.11118914756511356,-0.07263,0.12912,0.06456,3.6411204172758955e-05,0.0,-0.0003714588510887731,5.9558385156300125e-05,0.0,-0.0005822196856523918
192,3.0716219001915306,hold,0.9584951296259974,0.00020660190711652124,16.06189995072782,16.266800230368972,11293.6,0.0,0.15,3.0,0.0004,15.0,0.01,-0.038896131867886485,0.0,0.20571161084785972,-0.038992101457215544,0.0,0.20666528938460088,0.0,0.0,0.0,0.07797734777535041,0.0,1.8247951353537823,-0.0985261487185216,0.0,-1.6167346331066632,0.12611816381751415,0.0,0.7422667201063617,0.529567855814666,-2.3671479157690207,-1.90979559886361,-0.13472627239746532,0.22799056434339218,0.11233404258904064,-0.07801000000000001,0.11836,0.05918,4.080359065653579e-05,0.0,-0.0003507206402215442,5.516599867252329e-05,0.0,-0.0006029578965196207
193,3.0877825999632478,hold,0.7637597741733589,4.86719594009959e-05,16.31440012715757,16.16069977171719,11293.6,0.0,0.15,3.0,0.0004,15.0,0.01,-0.038822542665052195,0.0,0.20592058890209436,-0.038992101457215544,0.0,0.20666528938460088,0.0,0.0,0.0,0.05713061463711604,0.0,1.7984938893969935,-0.09022496609350031,0.0,-1.6255156492909686,0.10915168614709461,0.0,0.7304713217367153,0.529567855814666,-2.3656139349811354,-1.90979559886361,-0.13818890364309167,0.2251660905500561,0.11250693555369964,-0.07263,0.12912,0.05918,0.00011773158323615226,0.0,-0.00012453682619684473,5.1827208927196755e-05,0.0,-0.000620163656309677
194,3.104196600150317,hold,0.7637597741733589,7.5608838838762e-05,15.189599944278598,16.414000187069178,11293.6,0.0,0.15,3.0,0.0004,15.0,0.01,-0.038822542665052195,0.0,0.20592058890209436,-0.038992101457215544,0.0,0.20666528938460088,0.0,0.0,0.0,0.048835392738387294,0.0,1.8072917029376845,-0.08379758201444365,0.0,-1.6391360476117438,0.10364329291013628,0.0,0.7337161539565781,0.529567855814666,-2.3656139349811354,-1.90979559886361,-0.13883053520088406,0.22534319469086606,0.1132377139296872,-0.07532,0.12912,0.056490000000000005,9.115642166615239e-05,0.0,-0.00019317139870872035,7.840237049719663e-05,0.0,-0.0005515290837978014
195,3.119504200061783,hold,0.7637597741733589,0.00010672451686017887,15.940699959173799,15.30759991146624,11293.6,0.0,0.15,3.0,0.0004,15.0,0.01,-0.038822542665052195,0.0,0.20592058890209436,-0.038992101457215544,0.0,0.20666528938460088,0.0,0.0,0.0,0.04240844624273652,0.0,1.820913229023684,-0.07876370534975391,0.0,-1.656306767931673,0.09963619736527095,0.0,0.7389858688022033,0.529567855814666,-2.3656139349811354,-1.90979559886361,-0.13914943618287878,0.2258682572784866,0.11407097831000032,-0.07532,0.12105,0.056490000000000005,7.139299257952717e-05,0.0,-0.00024352386640394473,9.816579958382185e-05,0.0,-0.000501176616102577
196,3.1355283001903445,hold,0.7637597741733589,0.00013381793524975256,15.767900040373206,16.02410012856126,11293.6,0.0,0.15,3.0,0.0004,15.0,0.01,-0.038822542665052195,0.0,0.20592058890209436,-0.038992101457215544,0.0,0.20666528938460088,0.0,0.0,0.0,0.037374901759069365,0.0,1.8380847956450843,-0.07470886626603432,0.0,-1.675928492773144,0.09674698044750209,0.0,0.7457465144227144,0.529567855814666,-2.3656139349811354,-1.90979559886361,-0.13922888382508175,0.22665012266449786,0.11497881123671531,-0.08070000000000001,0.12105,0.06725,5.750778493358496e-05,0.0,-0.0002782852559402145,0.00011205100722976406,0.0,-0.00046641522656630725
197,3.1514377000276,hold,0.9584951296259974,0.0004352795275535484,16.04409981518984,15.909399837255478,11293.6,0.0,0.15,3.0,0.0004,15.0,0.01,-0.038896131867886485,0.0,0.20571161084785972,-0.038992101457215544,0.0,0.20666528938460088,0.0,0.0,0.0,0.051289928015320896,0.0,1.908737127865474,-0.07654288970951803,0.0,-1.7120183104599846,0.11057186710468764,0.0,0.7752314277075887,0.529567855814666,-2.3671479157690207,-1.90979559886361,-0.13532154537815888,0.23173846797802028,0.11686386930436946,-0.07532,0.12912,0.06725,-2.6011050888427226e-05,0.0,-0.000511844103052117,0.0001219806402174863,0.0,-0.0004418344336890479
198,3.1675663001369685,hold,0.7637597741733589,9.916551354550529e-05,15.636499971151352,16.128600109368563,11293.6,0.0,0.15,3.0,0.0004,15.0,0.01,-0.038822542665052195,0.0,0.20592058890209436,-0.038992101457215544,0.0,0.20666528938460088,0.0,0.0,0.0,0.035148469491488706,0.0,1.8937802488212916,-0.0715480671350025,0.0,-1.7285273470183555,0.09731155661091413,0.0,0.7682145684512849,0.529567855814666,-2.3656139349811354,-1.90979559886361,-0.1380043346167022,0.22973731800533811,0.11726808663453471,-0.07532,0.12105,0.06456,7.083910766026299e-05,0.0,-0.00023413953162071714,9.871968450308602e-05,0.0,-0.0005105609508858046
199,3.1832880000583827,hold,0.7637597741733589,0.00011905156352751027,15.840999782085419,15.721699921414256,11293.6,0.0,0.15,3.0,0.0004,15.0,0.01,-0.038822542665052195,0.0,0.20592058890209436,-0.038992101457215544,0.0,0.20666528938460088,0.0,0.0,0.0,0.03015928184783863,0.0,1.9103052425343687,-0.06726789456394365,0.0,-1.7469348132574793,0.09442882895579283,0.0,0.7747150897080805,0.529567855814666,-2.3656139349811354,-1.90979559886361,-0.1380960522788151,0.23048406755973355,0.118148482970827,-0.07532,0.12643000000000001,0.06456,6.070357876428704e-05,0.0,-0.0002610640244398333,0.00010885521339906197,0.0,-0.0004836364580666885
200,3.1992989000864327,hold,0.7637597741733589,0.00013389820375707157,15.806000214070082,16.010900028049946,11293.6,0.0,0.15,3.0,0.0004,15.0,0.01,-0.038822542665052195,0.0,0.20592058890209436,-0.038992101457215544,0.0,0.20666528938460088,0.0,0.0,0.0,0.0258792704976013,0.0,1.9287131353777003,-0.06346478594036253,0.0,-1.7666129985414036,0.0921179640141753,0.0,0.7820052387443406,0.529567855814666,-2.3656139349811354,-1.90979559886361,-0.1380639065741481,0.23136585456139946,0.1190698176001716,-0.07801000000000001,0.12374,0.06725,5.393761584327508e-05,0.0,-0.00027908600657786705,0.00011562117632007393,0.0,-0.0004656144759286547
201,3.215185899985954,hold,0.9584951296259974,0.0004177807376439194,16.093800077214837,15.88699989952147,11293.6,0.0,0.15,3.0,0.0004,15.0,0.01,-0.038896131867886485,0.0,0.20571161084785972,-0.038992101457215544,0.0,0.20666528938460088,0.0,0.0,0.0,0.04004590757177061,0.0,1.99942164674922,-0.0652004343138583,0.0,-1.8019730004878876,0.1061782190790873,0.0,0.8115295462858407,0.529567855814666,-2.3671479157690207,-1.90979559886361,-0.13411651390441265,0.23647447037708025,0.12093881937788957,-0.07801000000000001,0.12912,0.06725,-2.4615845739496116e-05,0.0,-0.0005014934859817383,0.0001205854350685552,0.0,-0.0004521850507594265
202,3.2313590000849217,hold,0.9584951296259974,0.0003044813988329765,15.961800003424287,16.173100098967552,11293.6,0.0,0.15,3.0,0.0004,15.0,0.01,-0.038896131867886485,0.0,0.20571161084785972,-0.038992101457215544,0.0,0.20666528938460088,0.0,0.0,0.0,0.04177562252304103,0.0,2.0347647877868993,-0.06513402566031636,0.0,-1.8321961668737854,0.10877563907594258,0.0,0.8259145286977837,0.529567855814666,-2.3671479157690207,-1.90979559886361,-0.13300460098110128,0.23855903538273449,0.12224245090779559,-0.07532,0.12374,0.06456,9.418412141070699e-07,0.0,-0.0004286402781088414,9.502774811495201e-05,0.0,-0.0005250382586323235
203,3.247407400049269,hold,0.9584951296259974,0.00023255785585539287,16.009300015866756,16.04839996434748,11293.6,0.0,0.15,3.0,0.0004,15.0,0.01,-0.038896131867886485,0.0,0.20571161084785972,-0.038992101457215544,0.0,0.20666528938460088,0.0,0.0,0.0,0.04170879338171864,0.0,2.0649867554643406,-0.06371248677594618,0.0,-1.8585713975792484,0.10990660717505774,0.0,0.8381548849596848,0.529567855814666,-2.3671479157690207,-1.90979559886361,-0.13221625352730043,0.24028115731226607,0.12342915475636786,-0.07263,0.1345,0.06725,2.016098561477252e-05,0.0,-0.00037406690220418803,7.580860371428656e-05,0.0,-0.0005796116345369768
204,3.2635207001585513,hold,0.7637597741733589,4.486882041327249e-05,15.799700049683452,16.113300109282136,11293.6,0.0,0.15,3.0,0.0004,15.0,0.01,-0.038822542665052195,0.0,0.20592058890209436,-0.038992101457215544,0.0,0.20666528938460088,0.0,0.0,0.0,0.022317299468032306,0.0,2.0403310456859476,-0.05607344307595868,0.0,-1.8673036064973572,0.09388359895309172,0.0,0.8270673965848426,0.529567855814666,-2.3656139349811354,-1.90979559886361,-0.1355152078280092,0.23758801297021576,0.12361587502355319,-0.07532,0.13181,0.06456,0.00010834079309360767,0.0,-0.00012384461678737726,6.121799906974135e-05,0.0,-0.0006208558657191445
205,3.279402800137177,hold,0.7637597741733589,6.506434573121289e-05,15.971099957823753,15.882099978625774,11293.6,0.0,0.15,3.0,0.0004,15.0,0.01,-0.038822542665052195,0.0,0.20592058890209436,-0.038992101457215544,0.0,0.20666528938460088,0.0,0.0,0.0,0.014684027387422834,0.0,2.0490796480041453,-0.04973663850019676,0.0,-1.8797550299084471,0.0888397775716455,0.0,0.8303176579454229,0.529567855814666,-2.3656139349811354,-1.90979559886361,-0.1360885405783939,0.23778819184194508,0.12431395942038274,-0.07532,0.13719,0.06994,8.987177719880985e-05,0.0,-0.00017659240351040504,7.968701496453917e-05,0.0,-0.0005681080789961167
206,3.2955485000275075,hold,0.9584951296259974,0.00030511649500969504,15.767500037327409,16.145699890330434,11293.6,0.0,0.15,3.0,0.0004,15.0,0.01,-0.038896131867886485,0.0,0.20571161084785972,-0.038992101457215544,0.0,0.20666528938460088,0.0,0.0,0.0,0.02631715615046734,0.0,2.11256195543263,-0.04966030357696576,0.0,-1.9100096767913406,0.10090783496941384,0.0,0.8568276786025394,0.529567855814666,-2.3671479157690207,-1.90979559886361,-0.1325816055399217,0.24239493037525217,0.1260088845063251,-0.07263,0.13181,0.06456,1.0826206065032951e-06,0.0,-0.0004290867504875114,9.488696872255578e-05,0.0,-0.0005245917862536535
207,3.3114138999953866,hold,0.7637597741733589,6.189185259696344e-05,15.668800100684166,15.865399967879057,11293.6,0.0,0.15,3.0,0.0004,15.0,0.01,-0.038822542665052195,0.0,0.20592058890209436,-0.038992101457215544,0.0,0.20666528938460088,0.0,0.0,0.0,0.008265427903478265,0.0,2.0917702240275453,-0.04313319054501773,0.0,-1.9219709623936103,0.08595208751894698,0.0,0.8473589257670263,0.529567855814666,-2.3656139349811354,-1.90979559886361,-0.13564527729586606,0.23997030706453387,0.12628767102505822,-0.07263,0.12912,0.06456,9.257082826925437e-05,0.0,-0.00016964102045537068,7.698796389409464e-05,0.0,-0.0005750594620511511
208,3.3271419999655336,hold,0.7637597741733589,8.519083468543168e-05,16.038399888202548,15.728099970147014,11293.6,0.0,0.15,3.0,0.0004,15.0,0.01,-0.038822542665052195,0.0,0.20592058890209436,-0.038992101457215544,0.0,0.20666528938460088,0.0,0.0,0.0,0.0017440399625660704,0.0,2.1037477737828407,-0.037677006514382695,0.0,-1.936997690576423,0.08181546739539591,0.0,0.8519593104611888,0.529567855814666,-2.3656139349811354,-1.90979559886361,-0.13601716040311673,0.24039798259400896,0.1270608053648234,-0.07263,0.13181,0.06456,7.738236988284848e-05,0.0,-0.0002131166822531282,9.217642228050053e-05,0.0,-0.0005315838002533936
209,3.343319100094959,hold,0.7637597741733589,0.00010705570179983083,16.183000057935715,16.177100129425526,11293.6,0.0,0.15,3.0,0.0004,15.0,0.01,-0.038822542665052195,0.0,0.20592058890209436,-0.038992101457215544,0.0,0.20666528938460088,0.0,0.0,0.0,-0.0037118978914370054,0.0,2.118775206833119,-0.033015153044534354,0.0,-1.954301858502826,0.07854646853258912,0.0,0.8578355294702464,0.529567855814666,-2.3656139349811354,-1.90979559886361,-0.13619716475054539,0.24104113404240574,0.12790412007008473,-0.07532,0.12912,0.06994,6.611677090031346e-05,0.0,-0.0002454164880578626,0.00010344202126303555,0.0,-0.0004992839944486592
210,3.3595815000589937,hold,0.9584951296259974,0.00038163522642666096,15.69589995779097,16.262399964034557,11293.6,0.0,0.15,3.0,0.0004,15.0,0.01,-0.038896131867886485,0.0,0.20571161084785972,-0.038992101457215544,0.0,0.20666528938460088,0.0,0.0,0.0,0.009596069983857985,0.0,2.1871099408735786,-0.03416158407598476,0.0,-1.9881188863907127,0.09202304502278033,0.0,0.8863753616659036,0.529567855814666,-2.3671479157690207,-1.90979559886361,-0.13237680221703613,0.24599607290125172,0.12970684805025964,-0.07532,0.13719,0.06994,-1.6259266480523325e-05,0.0,-0.0004796102451211654,0.0001122288558095824,0.0,-0.0004740682916199995
211,3.375405300175771,hold,0.9584951296259974,0.00028695926441773433,16.1701999604702,15.82380011677742,11293.6,0.0,0.15,3.0,0.0004,15.0,0.01,-0.038896131867886485,0.0,0.20571161084785972,-0.038992101457215544,0.0,0.20666528938460088,0.0,0.0,0.0,0.010736631853499356,0.0,2.220910305980595,-0.0337252538358707,0.0,-2.017456360875998,0.09414488797689566,0.0,0.9001123974259667,0.529567855814666,-2.3671479157690207,-1.90979559886361,-0.13136740215745493,0.2479695776654491,0.13097748618130023,-0.07532,0.12912,0.07263,6.188256818685176e-06,0.0,-0.0004160789462566483,8.97813325103739e-05,0.0,-0.0005375995904845166
212,3.3916641999967396,hold,0.9584951296259974,0.00022597158011416398,15.724900178611279,16.25889982096851,11293.6,0.0,0.15,3.0,0.0004,15.0,0.01,-0.038896131867886485,0.0,0.20571161084785972,-0.038992101457215544,0.0,0.20666528938460088,0.0,0.0,0.0,0.010299933406464408,0.0,2.250246738448873,-0.0321046690486409,0.0,-2.043442673528814,0.09498052572360306,0.0,0.9119796041423969,0.529567855814666,-2.3671479157690207,-1.90979559886361,-0.13064122729867983,0.24962671384222035,0.13214672804803618,-0.07532,0.13181,0.06994,2.298395558650876e-05,0.0,-0.00036855106908069077,7.298563374255032e-05,0.0,-0.0005851274676604741
213,3.407494500046596,hold,0.7637597741733589,4.504690210640507e-05,15.79580013640225,15.830300049856305,11293.6,0.0,0.15,3.0,0.0004,15.0,0.01,-0.038822542665052195,0.0,0.20592058890209436,-0.038992101457215544,0.0,0.20666528938460088,0.0,0.0,0.0,-0.009290565675475825,0.0,2.225202229036662,-0.02439357502855387,0.0,-2.0521420835853976,0.07869215244841711,0.0,0.9007184350088621,0.529567855814666,-2.3656139349811354,-1.90979559886361,-0.13399641533025206,0.24688860500221904,0.13234017898159128,-0.06994,0.13988,0.07263,0.00010936264728489134,0.0,-0.0001233794466941391,6.019614487845768e-05,0.0,-0.0006213210358123827
214,3.4233729999978095,hold,0.7637597741733589,6.671234016196594e-05,16.056800028309226,15.878499951213598,11293.6,0.0,0.15,3.0,0.0004,15.0,0.01,-0.038822542665052195,0.0,0.20592058890209436,-0.038992101457215544,0.0,0.20666528938460088,0.0,0.0,0.0,-0.01699585780437477,0.0,2.2339181173757843,-0.018073871028285175,0.0,-2.064799032737341,0.07359632746894519,0.0,0.903952690345795,0.529567855814666,-2.3656139349811354,-1.90979559886361,-0.1345781759449042,0.2470841037361074,0.1330403264675958,-0.07263,0.14257,0.07263,8.962924816192312e-05,0.0,-0.00017950727383183815,7.99295440014259e-05,0.0,-0.0005651932086746836
215,3.43949760007672,hold,0.7637597741733589,9.124929716238558e-05,16.522600082680583,16.12460007891059,11293.6,0.0,0.15,3.0,0.0004,15.0,0.01,-0.038822542665052195,0.0,0.20592058890209436,-0.038992101457215544,0.0,0.20666528938460088,0.0,0.0,0.0,-0.023315239207389316,0.0,2.2465759841338775,-0.012820471879925473,0.0,-2.080488191060055,0.06962811585742254,0.0,0.9088363009856549,0.529567855814666,-2.3656139349811354,-1.90979559886361,-0.1349110063159435,0.24755845002511895,0.1338307725164373,-0.07532,0.13719,0.07532,7.450637180822834e-05,0.0,-0.00022251160255265165,9.505242035512068e-05,0.0,-0.0005221888799538701
216,3.4561014000792056,hold,0.7637597741733589,0.00011346859691684948,15.294899931177497,16.603800002485514,11293.6,0.0,0.15,3.0,0.0004,15.0,0.01,-0.038822542665052195,0.0,0.20592058890209436,-0.038992101457215544,0.0,0.20666528938460088,0.0,0.0,0.0,-0.02856838415722,0.0,2.262265865310671,-0.008344353953585244,0.0,-2.09838707815004,0.06652739514829958,0.0,0.9149885402328483,0.529567855814666,-2.3656139349811354,-1.90979559886361,-0.13505234322668622,0.2482472845794806,0.13469066110963673,-0.07532,0.13719,0.07532,6.348257519733896e-05,0.0,-0.000253851096940985,0.00010607621696601005,0.0,-0.0004908493855655368
217,3.4714983999729156,hold,0.7637597741733589,0.0001307811438289454,15.906800050288439,15.396999893710017,11293.6,0.0,0.15,3.0,0.0004,15.0,0.01,-0.038822542665052195,0.0,0.20592058890209436,-0.038992101457215544,0.0,0.20666528938460088,0.0,0.0,0.0,-0.033044316809865436,0.0,2.280165279114017,-0.004400329076305511,0.0,-2.1177981085001845,0.0640589922366242,0.0,0.922065280561896,0.529567855814666,-2.3656139349811354,-1.90979559886361,-0.1350541102974932,0.24909243225356267,0.13560114513273988,-0.07263,0.13988,0.06994,5.59361616410316e-05,0.0,-0.00027529707977743285,0.00011362263052231741,0.0,-0.0004694034027290889
218,3.487487600184977,hold,0.7637597741733589,0.00014247561851737507,15.69259981624782,15.989200212061405,11293.6,0.0,0.15,3.0,0.0004,15.0,0.01,-0.038822542665052195,0.0,0.20592058890209436,-0.038992101457215544,0.0,0.20666528938460088,0.0,0.0,0.0,-0.036988214870778746,0.0,2.2995766698605182,-0.0007891747441157466,0.0,-2.1381545919868095,0.06202341678590146,0.0,0.9297746616670453,0.529567855814666,-2.3656139349811354,-1.90979559886361,-0.13496035010375054,0.2500445519986956,0.13654624261694304,-0.07263,0.13988,0.07532,5.1215222703006186e-05,0.0,-0.0002887059757939961,0.00011834356946034283,0.0,-0.00045599450671252566
219,3.5032736000139266,hold,0.7637597741733589,0.00014899091151097615,15.826100017875433,15.78599982894957,11293.6,0.0,0.15,3.0,0.0004,15.0,0.01,-0.038822542665052195,0.0,0.20592058890209436,-0.038992101457215544,0.0,0.20666528938460088,0.0,0.0,0.0,-0.04059928988183091,0.0,2.319933378642912,0.0026441236100197356,0.0,-2.1590156848858983,0.06025858364206782,0.0,0.9378795894248766,0.529567855814666,-2.3656139349811354,-1.90979559886361,-0.13480684497536746,0.2510635600199138,0.13751297255313288,-0.07263,0.13719,0.07532,4.8692778994656704e-05,0.0,-0.00029586260247345115,0.00012086601316869231,0.0,-0.0004488378800330706
220,3.519172400003299,hold,0.7637597741733589,0.00015132868832754492,15.830500051379204,15.898799989372492,11293.6,0.0,0.15,3.0,0.0004,15.0,0.01,-0.038822542665052195,0.0,0.20592058890209436,-0.038992101457215544,0.0,0.20666528938460088,0.0,0.0,0.0,-0.044032545868261316,0.0,2.340794591746494,0.006014586358892873,0.0,-2.18005436464108,0.05863838005894456,0.0,0.946195622936932,0.529567855814666,-2.3656139349811354,-1.90979559886361,-0.13462143417033534,0.25211827311650836,0.13849123836818544,-0.07532,0.13719,0.06994,4.780161256388338e-05,0.0,-0.00029838122935761516,0.00012175717959946564,0.0,-0.0004463192531489066
221,3.5350997000932693,hold,0.7637597741733589,0.00015064812563196146,15.977100003510714,15.927300089970231,11293.6,0.0,0.15,3.0,0.0004,15.0,0.01,-0.038822542665052195,0.0,0.20592058890209436,-0.038992101457215544,0.0,0.20666528938460088,0.0,0.0,0.0,-0.04740299366664703,0.0,2.361833313754372,0.009402790873520826,0.0,-2.2010416095070204,0.05706923527872601,0.0,0.9545859429192198,0.529567855814666,-2.3656139349811354,-1.90979559886361,-0.13442477187801175,0.2531855584734647,0.1394735517726462,-0.07263,0.1345,0.07532,4.805323528634024e-05,0.0,-0.0002976517536651142,0.00012150555687700878,0.0,-0.00044704872884140755
222,3.5511747000273317,hold,0.9584951296259974,0.0004259590312491635,16.25869981944561,16.07499993406236,11293.6,0.0,0.15,3.0,0.0004,15.0,0.01,-0.038896131867886485,0.0,0.20571161084785972,-0.038992101457215544,0.0,0.20666528938460088,0.0,0.0,0.0,-0.03282157044570121,0.0,2.433850569496965,0.007608844954877107,0.0,-2.2367439742996846,0.07173078796572181,0.0,0.9846768395201413,0.529567855814666,-2.3671479157690207,-1.90979559886361,-0.13034060083120844,0.2584201904948086,0.14134469950203582,-0.07263,0.14257,0.07801000000000001,-2.544265109953738e-05,0.0,-0.0005063490495493396,0.00012141224042859646,0.0,-0.0004473294871918253
223,3.5675175001379102,hold,0.7637597741733589,8.494858280013405e-05,15.869100112468004,16.342800110578537,11293.6,0.0,0.15,3.0,0.0004,15.0,0.01,-0.038822542665052195,0.0,0.20592058890209436,-0.038992101457215544,0.0,0.20666528938460088,0.0,0.0,0.0,-0.049003274939076184,0.0,2.4185058197466858,0.01310944363841189,0.0,-2.251730273460021,0.05811246913091843,0.0,0.9774736305619939,0.529567855814666,-2.3656139349811354,-1.90979559886361,-0.13310881048170403,0.2563529186162471,0.14177207331000677,-0.07263,0.14526,0.07801000000000001,7.801228102213732e-05,0.0,-0.00021254329734644167,9.15465111412117e-05,0.0,-0.0005321571851600801
224,3.5838552999775857,hold,0.8246688180871423,0.00019869613668383398,15.574200078845024,16.337799839675426,11293.6,0.0,0.15,3.0,0.0004,15.0,0.01,-0.03904708915211608,0.0,0.20584245585773486,-0.038992101457215544,0.0,0.20666528938460088,0.0,0.0,0.0,0.00033330472201585117,0.0,2.4525869910354543,0.0021432701180593185,0.0,-2.2735438345717016,0.09531122261105995,0.0,0.9934544842848704,0.5280338750267805,-2.3656139349811354,-1.90979559886361,-0.12567959726925051,0.2607257081851102,0.14057959584082602,-0.07263,0.13719,0.08070000000000001,-0.00015552783608229143,0.0,-0.00030937098985822154,0.00010054014118175908,0.0,-0.0005134625370077965
225,3.599586100084707,hold,0.7637597741733589,0.00011439108678095204,16.06540009379387,15.730800107121468,11293.6,0.0,0.15,3.0,0.0004,15.0,0.01,-0.038822542665052195,0.0,0.20592058890209436,-0.038992101457215544,0.0,0.20666528938460088,0.0,0.0,0.0,-0.04355039356101901,0.0,2.455315266638279,0.012781766461285581,0.0,-2.288709442238327,0.0633649858500144,0.0,0.9925881423052809,0.529567855814666,-2.3656139349811354,-1.90979559886361,-0.13157157597281383,0.25866397616358366,0.14296327514434382,-0.07532,0.14257,0.07801000000000001,0.00015088055212335858,0.0,-0.0002150863415470995,1.8678240039990434e-05,0.0,-0.0005296141409594223
226,3.6158994000870734,hold,0.7637597741733589,0.00011593664365102465,15.447600046172738,16.313300002366304,11293.6,0.0,0.15,3.0,0.0004,15.0,0.01,-0.038822542665052195,0.0,0.20592058890209436,-0.038992101457215544,0.0,0.20666528938460088,0.0,0.0,0.0,-0.05417187854147593,0.0,2.4704870009017856,0.021467105909690018,0.0,-2.3052132239146297,0.05646150250984821,0.0,0.998324922448203,0.529567855814666,-2.3656139349811354,-1.90979559886361,-0.13229083031549868,0.2591134008700664,0.14405231040329872,-0.07263,0.14795,0.07532,0.00012317989019081975,0.0,-0.0002340650042173874,4.637890197252927e-05,0.0,-0.0005106354782891344
227,3.6314379000104964,hold,0.7637597741733589,0.00011921046097623554,16.029699938371778,15.538499923422933,11293.6,0.0,0.15,3.0,0.0004,15.0,0.01,-0.038822542665052195,0.0,0.20592058890209436,-0.038992101457215544,0.0,0.20666528938460088,0.0,0.0,0.0,-0.06285678013906966,0.0,2.486991091916286,0.028550624274852325,0.0,-2.322747622977589,0.050973711101790734,0.0,1.0046754107581735,0.529567855814666,-2.3656139349811354,-1.90979559886361,-0.13277160800228593,0.25971447246129564,0.14510363651214003,-0.06994,0.14526,0.07801000000000001,0.00010046205097322266,0.0,-0.0002486817428343749,6.909674119012635e-05,0.0,-0.0004960187396721469
228,3.647635000059381,hold,0.7637597741733589,0.00012281933139169344,15.635200077667832,16.19710004888475,11293.6,0.0,0.15,3.0,0.0004,15.0,0.01,-0.038822542665052195,0.0,0.20592058890209436,-0.038992101457215544,0.0,0.20666528938460088,0.0,0.0,0.0,-0.0699399165842853,0.0,2.504525736673281,0.03437567543266345,0.0,-2.3410376960551895,0.04665411396043882,0.0,1.0115045693990234,0.529567855814666,-2.3656139349811354,-1.90979559886361,-0.1330570107532838,0.2604369003759176,0.14612096893641957,-0.07532,0.14526,0.07801000000000001,8.261383060933754e-05,0.0,-0.000259399095068734,8.694496155401148e-05,0.0,-0.0004853013874377878
229,3.663428100058809,hold,0.7637597741733589,0.00012589732217918725,16.492699971422553,15.793099999427795,11293.6,0.0,0.15,3.0,0.0004,15.0,0.01,-0.038822542665052195,0.0,0.20592058890209436,-0.038992101457215544,0.0,0.20666528938460088,0.0,0.0,0.0,-0.07576466773552883,0.0,2.522815989876066,0.03925664440424855,0.0,-2.3598490784721196,0.04325020910381058,0.0,1.0186879083445612,0.529567855814666,-2.3656139349811354,-1.90979559886361,-0.13319033695705848,0.2612515900253952,0.14710947507399352,-0.07532,0.14795,0.08070000000000001,6.922437810477321e-05,0.0,-0.0002667925685829868,0.0001003344140585758,0.0,-0.00047790791392353496
230,3.679985900176689,hold,0.7637597741733589,0.00012804003080717113,15.13159996829927,16.557800117880106,11293.6,0.0,0.15,3.0,0.0004,15.0,0.01,-0.038822542665052195,0.0,0.20592058890209436,-0.038992101457215544,0.0,0.20666528938460088,0.0,0.0,0.0,-0.0806454116636874,0.0,2.5416274965409276,0.04346703342942066,0.0,-2.3789904660048515,0.040531486132177004,0.0,1.0261184851739371,0.529567855814666,-2.3656139349811354,-1.90979559886361,-0.13321077316783106,0.2621328940226886,0.14807456752406822,-0.07532,0.14526,0.08070000000000001,5.971387311483952e-05,0.0,-0.0002714728685491955,0.0001098449190485095,0.0,-0.0004732276139573263
231,3.6951866999734193,hold,0.7637597741733589,0.0001291752771625221,16.518500167876482,15.20079979673028,11293.6,0.0,0.15,3.0,0.0004,15.0,0.01,-0.038822542665052195,0.0,0.20592058890209436,-0.038992101457215544,0.0,0.20666528938460088,0.0,0.0,0.0,-0.08485564085573571,0.0,2.5607689627138295,0.04723438379466405,0.0,-2.398312290523076,0.038297895040351665,0.0,1.03370836078726,0.529567855814666,-2.3656139349811354,-1.90979559886361,-0.13315208011382557,0.26305921760107165,0.14902144877910473,-0.07532,0.14526,0.07801000000000001,5.343047408311449e-05,0.0,-0.0002740319174144005,0.00011612831808023453,0.0,-0.00047066856509212125
232,3.711773900082335,hold,0.5886119253989027,2.773735669400583e-05,16.30230015143752,16.587200108915567,11293.6,0.0,0.15,3.0,0.0004,15.0,0.01,-0.03893223244218244,0.0,0.20607973007952515,-0.038992101457215544,0.0,0.20666528938460088,0.0,0.0,0.0,-0.061837911044776886,0.0,2.5412303957673608,0.04291148974466559,0.0,-2.4063450146633976,0.051214087797677936,0.0,1.0247705995046843,0.529567855814666,-2.3656139349811354,-1.9082616180757246,-0.1315382739052707,0.262663119274913,0.14735102282569645,-0.07263,0.14526,0.07801000000000001,-6.130947645151411e-05,0.0,-0.00011392416881527123,0.00012117849148461793,0.0,-0.00047163513626045673
233,3.7281430000439286,hold,0.5886119253989027,5.061160043190829e-05,16.45909994840622,16.369099961593747,11293.6,0.0,0.15,3.0,0.0004,15.0,0.01,-0.03893223244218244,0.0,0.20607973007952515,-0.038992101457215544,0.0,0.20666528938460088,0.0,0.0,0.0,-0.057523900642951036,0.0,2.549276115402972,0.04136103600084785,0.0,-2.418569207662692,0.054552482633617554,0.0,1.0281832748840016,0.529567855814666,-2.3656139349811354,-1.9082616180757246,-0.13087511771574625,0.26328931717697823,0.147466802602484,-0.07532,0.14257,0.08339,-2.1989321550869233e-05,0.0,-0.00017336970653474405,8.185833658397306e-05,0.0,-0.0004121895985409839
234,3.7447083999868482,hold,0.4291234534871616,2.281405423795563e-05,14.647899894043803,16.565399942919612,11293.6,0.0,0.15,3.0,0.0004,15.0,0.01,-0.039041677970844416,0.0,0.20623903933166346,-0.038992101457215544,0.0,0.20666528938460088,-0.0017090587267834184,0.0,0.0024918039678053032,0.008518496514721483,0.0,2.467535228922943,0.03391401910930125,0.0,-2.4221725536259444,0.09551667135698089,0.0,0.995703539546598,0.529567855814666,-2.3656139349811354,-1.9067276372878388,-0.126439234673532,0.26105201223477,0.14132456370463714,-0.06994,0.14795,0.07801000000000001,-0.00010561737147975363,0.0,-5.110448045349454e-05,5.6040857850882464e-05,0.0,-0.0003751455724839268
235,3.7594643000047654,hold,0.31044837481609266,4.5197062165861754e-05,15.744199976325035,14.755900017917156,11293.6,0.0,0.15,3.0,0.0004,15.0,0.01,-0.03915087899350214,0.0,0.2063985162836392,-0.038992101457215544,0.0,0.20666528938460088,-0.003410468676132768,0.0,0.004988845396630768,0.0802130114204203,0.0,2.3770396515035985,0.022510907847075278,0.0,-2.419814537502403,0.14027041759515899,0.0,0.95990574614482,0.529567855814666,-2.3656139349811354,-1.905193656499953,-0.12160888670144702,0.2585531035331812,0.13457338476221953,-0.06994,0.14526,0.08339,-0.0001617247087991175,0.0,3.3442580902160585e-05,2.9471725125201898e-06,0.0,-0.00030021568186384197
236,3.77529240003787,hold,0.3801135366606361,0.0002720864251629725,16.1077999509871,15.82810003310442,11293.6,0.0,0.15,3.0,0.0004,15.0,0.01,-0.03936854649353866,0.0,0.20671797178565043,-0.038992101457215544,0.0,0.20666528938460088,-0.005092720595642135,0.0,0.0074989276335682515,0.1819261382207834,0.0,2.241230256421054,0.0005007795794581063,0.0,-2.4015987880220235,0.2023933797570674,0.0,0.9050710115358296,0.529567855814666,-2.3656139349811354,-1.9021256949241818,-0.11514593617417451,0.2544286097452215,0.12482674290584272,-0.06725,0.14257,0.07532,-0.0003121588049836106,0.0,0.0002583450001080697,-6.428623133950364e-05,0.0,-0.00020566259905851667
237,3.791488700080663,hold,0.588426969958987,0.00043940286956000037,15.848000068217516,16.196300042793155,11293.6,0.0,0.15,3.0,0.0004,15.0,0.01,-0.03940163343194465,0.0,0.20708781732527415,-0.038992101457215544,0.0,0.20666528938460088,-0.005069690242789529,0.0,0.0075145165881388785,0.21148101072956887,0.0,2.1323959386416647,-0.01547604259802339,0.0,-2.368995877695043,0.21579663969802146,0.0,0.8601686398658481,0.529567855814666,-2.3640799541932496,-1.900591714136296,-0.11566638853284902,0.2487569045856291,0.11959188374905652,-0.06725,0.14257,0.07532,-0.0002265913972748601,0.0,0.0004623910139420497,-0.00018294057745424754,0.0,-3.9863073268782325e-05
238,3.8074700001161546,hold,0.7794311740269838,0.0003558201766533582,15.676199924200773,15.981300035491586,11293.6,0.0,0.15,3.0,0.0004,15.0,0.01,-0.039509608081700995,0.0,0.20724812713960544,-0.038992101457215544,0.0,0.20666528938460088,-0.006744209544026851,0.0,0.010029712734470377,0.2908234233890649,0.0,2.0050987494078094,-0.03335008814689707,0.0,-2.3416466724839795,0.2653570952748986,0.0,0.8099626284316913,0.529567855814666,-2.3640799541932496,-1.8990577333484107,-0.11069503088365357,0.2446439234469434,0.11099341255737462,-0.06456,0.14257,0.06994,-0.00025349878160265153,0.0,0.00038788030274670336,-0.00026400784288279884,0.0,0.00019495745225785822
239,3.8232077001594007,hold,0.7794311740269838,0.00010829366855929736,15.917100012302399,15.73770004324615,11293.6,0.0,0.15,3.0,0.0004,15.0,0.01,-0.039509608081700995,0.0,0.20724812713960544,-0.038992101457215544,0.0,0.20666528938460088,-0.006744209544026851,0.0,0.010029712734470377,0.30868044365667857,0.0,1.9777768239653974,-0.04557730285064591,0.0,-2.3284037035469805,0.27704991927669614,0.0,0.7995931647690657,0.529567855814666,-2.3640799541932496,-1.8990577333484107,-0.10931374789755505,0.24392014717498173,0.10905718334264697,-0.06187,0.14257,0.06994,-0.0001734125618802439,0.0,0.00018781850371543625,-0.0003440940626052065,0.0,0.00039501925128912534
240,3.839201500173658,hold,0.7794311740269838,3.931100211915916e-05,15.951199922710657,15.993800014257431,11293.6,0.0,0.15,3.0,0.0004,15.0,0.01,-0.039509608081700995,0.0,0.20724812713960544,-0.038992101457215544,0.0,0.20666528938460088,-0.005058157158020138,0.0,0.007522284550852783,0.28364747942751295,0.0,2.019947030498935,-0.055028132646543645,0.0,-2.323054421115995,0.2607765796795367,0.0,0.8156753078518351,0.529567855814666,-2.3640799541932496,-1.8990577333484107,-0.11084750037127634,0.2452727324180488,0.11191962927965227,-0.05918,0.13988,0.06187,-0.00013403646263758571,0.0,7.586623716468693e-05,-0.00038347016184786466,0.0,0.0005069715178398747
241,3.8552284000907093,hold,0.7794311740269838,2.5111847153719686e-05,15.914199873805046,16.026899917051196,11293.6,0.0,0.15,3.0,0.0004,15.0,0.01,-0.039509608081700995,0.0,0.20724812713960544,-0.038992101457215544,0.0,0.20666528938460088,-0.0033721047720134253,0.0,0.005014856367235188,0.25584567570914063,0.0,2.0699992389764503,-0.06353410089280317,0.0,-2.3213269820708233,0.242801681252448,0.0,0.8348217633399372,0.529567855814666,-2.3640799541932496,-1.8990577333484107,-0.11247304371737264,0.2469622469439936,0.11522215613325244,-0.05918,0.13988,0.06187,-0.00012063595680573318,0.0,2.4499416880554258e-05,-0.0003968706676797172,0.0,0.0005583383381240073
242,3.8712485001888126,hold,0.7794311740269838,2.473694483640503e-05,15.975600108504295,16.020100098103285,11293.6,0.0,0.15,3.0,0.0004,15.0,0.01,-0.039509608081700995,0.0,0.20724812713960544,-0.038992101457215544,0.0,0.20666528938460088,-0.0016860523860067127,0.0,0.002507428183617594,0.22709943546310354,0.0,2.123672289709811,-0.07211177640264999,0.0,-2.320530541641796,0.22427490160574623,0.0,0.8553859215538825,0.529567855814666,-2.3640799541932496,-1.8990577333484107,-0.11410533144132054,0.24882009778361244,0.11871176291334748,-0.05918,0.13988,0.06456,-0.00012165294559552515,0.0,1.129552220427649e-05,-0.0003958536788899252,0.0,0.0005715422328002851
243,3.8873752001672983,hold,0.7794311740269838,2.7918039058768423e-05,16.197500051930547,16.126699978485703,11293.6,0.0,0.15,3.0,0.0004,15.0,0.01,-0.039509608081700995,0.0,0.20724812713960544,-0.038992101457215544,0.0,0.20666528938460088,0.0,0.0,0.0,0.19842514467812905,0.0,2.178275697813922,-0.08116741160581906,0.0,-2.319207821624774,0.20582705225377815,0.0,0.8763239726861123,0.529567855814666,-2.3640799541932496,-1.8990577333484107,-0.11570492855737281,0.2507345704408416,0.12223495783831197,-0.06187,0.1345,0.06725,-0.0001284316124385223,0.0,1.8759486306535325e-05,-0.0003890750120469281,0.0,0.0005640782686980263
244,3.903685700148344,hold,0.7794311740269838,3.3192385502394265e-05,15.608400106430054,16.310499981045723,11293.6,0.0,0.15,3.0,0.0004,15.0,0.01,-0.039509608081700995,0.0,0.20724812713960544,-0.038992101457215544,0.0,0.20666528938460088,0.0,0.0,0.0,0.20748776852543047,0.0,2.1769426283222253,-0.09080603473905347,0.0,-2.316624393552878,0.21214455455316078,0.0,0.8760685326107476,0.529567855814666,-2.3640799541932496,-1.8990577333484107,-0.11478468704254274,0.2510117195293731,0.12176407587419717,-0.06187,0.1345,0.06994,-0.00013669984301657007,0.0,3.6639487506791e-05,-0.0003808067814688803,0.0,0.0005461982674977706
245,3.9193739001639187,hold,0.7794311740269838,4.103206811072877e-05,16.026000026613474,15.688200015574694,11293.6,0.0,0.15,3.0,0.0004,15.0,0.01,-0.039509608081700995,0.0,0.20724812713960544,-0.038992101457215544,0.0,0.20666528938460088,0.0,0.0,0.0,0.21712651926194856,0.0,2.174358916424111,-0.10105708775511088,0.0,-2.312380325175228,0.21882801746590358,0.0,0.8753310593329849,0.529567855814666,-2.3640799541932496,-1.8990577333484107,-0.11383520487380808,0.2512409667666958,0.12121706256412111,-0.06456,0.13181,0.06456,-0.00014538563430473595,0.0,6.01915307774486e-05,-0.0003721209901807144,0.0,0.000522646224227113
246,3.935489600058645,hold,0.7794311740269838,5.139627250150211e-05,16.273799818009138,16.115699894726276,11293.6,0.0,0.15,3.0,0.0004,15.0,0.01,-0.039509608081700995,0.0,0.20724812713960544,-0.038992101457215544,0.0,0.20666528938460088,0.0,0.0,0.0,0.22737771834956916,0.0,2.1701144518896527,-0.11189785373253058,0.0,-2.3063250291025885,0.22589038234766454,0.0,0.8739488179991882,0.529567855814666,-2.3640799541932496,-1.8990577333484107,-0.11286295239863688,0.25140067592177195,0.1205759925122158,-0.05918,0.14257,0.06187,-0.00015374924268829232,0.0,8.587928079629493e-05,-0.00036375738179715805,0.0,0.0004969584742082667
247,3.951841800007969,hold,0.7794311740269838,6.362441205818147e-05,15.425499994307756,16.35219994932413,11293.6,0.0,0.15,3.0,0.0004,15.0,0.01,-0.039509608081700995,0.0,0.20724812713960544,-0.038992101457215544,0.0,0.20666528938460088,0.0,0.0,0.0,0.2382186249497595,0.0,2.1640587238471207,-0.12327260749710656,0.0,-2.298483587081518,0.23331109165093536,0.0,0.8718609816761081,0.529567855814666,-2.3640799541932496,-1.8990577333484107,-0.11187410012766374,0.25148150519653517,0.11983595103893953,-0.06456,0.14257,0.06456,-0.0001613225283814879,0.0,0.00011121130876129209,-0.00035618409610396247,0.0,0.0004716264462432695
248,3.96739360014908,hold,0.7794311740269838,7.669495489298143e-05,15.778600005432963,15.551800141111016,11293.6,0.0,0.15,3.0,0.0004,15.0,0.01,-0.039509608081700995,0.0,0.20724812713960544,-0.038992101457215544,0.0,0.20666528938460088,0.0,0.0,0.0,0.24959350603853,0.0,2.156216855889249,-0.13510758631782233,0.0,-2.2889957980349513,0.2410518118058325,0.0,0.8690758832789585,0.529567855814666,-2.3640799541932496,-1.8990577333484107,-0.11087388254884922,0.25148270136410444,0.11900050460196286,-0.06187,0.14526,0.06187,-0.0001678496736030577,0.0,0.00013456063748026154,-0.0003496569508823927,0.0,0.00044827711752430004
249,3.983251600060612,hold,0.7794311740269838,8.953850017660057e-05,16.209699911996722,15.857999911531806,11293.6,0.0,0.15,3.0,0.0004,15.0,0.01,-0.039509608081700995,0.0,0.20724812713960544,-0.038992101457215544,0.0,0.20666528938460088,0.0,0.0,0.0,0.26142859458782564,0.0,2.1467286742777723,-0.14732215749084812,0.0,-2.2780678635737237,0.2490650644230652,0.0,0.8656471297784327,0.529567855814666,-2.3640799541932496,-1.8990577333484107,-0.10986655323124112,0.2514092566378,0.11807859645867329,-0.06456,0.14526,0.06456,-0.00017323324491337806,0.0,0.00015498551034684064,-0.0003442733795720723,0.0,0.00042785224465772094
250,3.9995661000721157,hold,0.7794311740269838,0.00010126701304569089,15.950399916619062,16.314500011503696,11293.6,0.0,0.15,3.0,0.0004,15.0,0.01,-0.039509608081700995,0.0,0.20724812713960544,-0.038992101457215544,0.0,0.20666528938460088,0.0,0.0,0.0,0.2736432562588415,0.0,2.1358003964444103,-0.1598366948147223,0.0,-2.2659357823546404,0.2573005833564722,0.0,0.8616546424711027,0.529567855814666,-2.3640799541932496,-1.8990577333484107,-0.10885542218913134,0.2512696274800153,0.11708211728755999,-0.05918,0.13988,0.06725,-0.00017748751703963955,0.0,0.00017206333053883358,-0.0003400191074458108,0.0,0.000410774424465728
251,4.015665800077841,hold,0.7794311740269838,0.00011128630011213023,15.504899900406599,16.099700005725026,11293.6,0.0,0.15,3.0,0.0004,15.0,0.01,-0.039509608081700995,0.0,0.20724812713960544,-0.038992101457215544,0.0,0.20666528938460088,0.0,0.0,0.0,0.28615786509244256,0.0,2.1236680281407976,-0.17257773030650758,0.0,-2.2528390302788983,0.26570972088283024,0.0,0.8571902744006932,0.529567855814666,-2.3640799541932496,-1.8990577333484107,-0.10784294571823436,0.2510739835612964,0.1160240915585666,-0.05918,0.14526,0.06725,-0.00018069982896106221,0.0,0.0001857447820122547,-0.00033680679552438816,0.0,0.0003970929729923069
252,4.031264000106603,hold,0.7794311740269838,0.00011931071938245762,15.840300126001239,15.598200028762221,11293.6,0.0,0.15,3.0,0.0004,15.0,0.01,-0.039509608081700995,0.0,0.20724812713960544,-0.038992101457215544,0.0,0.20666528938460088,0.0,0.0,0.0,0.29889895457578886,0.0,2.1105710460897216,-0.18548094447819663,0.0,-2.239002873941718,0.2742482568452205,0.0,0.8523474536803397,0.529567855814666,-2.3640799541932496,-1.8990577333484107,-0.1068308448184273,0.2508329288947013,0.11491739713552714,-0.05918,0.13719,0.05918,-0.00018299992927383766,0.0,0.000196231388352932,-0.0003345066952116127,0.0,0.0003866063666516296
253,4.047173600178212,hold,0.7794311740269838,0.0001253162581520085,16.057099914178252,15.90960007160902,11293.6,0.0,0.15,3.0,0.0004,15.0,0.01,-0.039509608081700995,0.0,0.20724812713960544,-0.038992101457215544,0.0,0.20666528938460088,0.0,0.0,0.0,0.3118022074034012,0.0,2.096734713492547,-0.19849251763722042,0.0,-2.2246276265218157,0.2828779554405379,0.0,0.847214209684414,0.529567855814666,-2.3640799541932496,-1.8990577333484107,-0.10582023439943694,0.25055662415437535,0.1137739266415752,-0.06187,0.14257,0.06456,-0.00018453673140349247,0.0,0.0002038770515727724,-0.0003329698930819579,0.0,0.0003789607034317892
254,4.063300200039521,hold,0.7794311740269838,0.00012946633942635525,16.028400044888258,16.126599861308932,11293.6,0.0,0.15,3.0,0.0004,15.0,0.01,-0.039509608081700995,0.0,0.20724812713960544,-0.038992101457215544,0.0,0.20666528938460088,0.0,0.0,0.0,0.32481380638701035,0.0,2.0823593375742138,-0.2115693015636734,0.0,-2.2098832465613043,0.2915671844945506,0.0,0.8418689225779312,0.529567855814666,-2.3640799541932496,-1.8990577333484107,-0.10481175072418367,0.2502542354545373,0.11260409949092451,-0.056490000000000005,0.13181,0.05918,-0.00018546158358905256,0.0,0.0002091122765272179,-0.0003320450408963978,0.0,0.0003737254784773437
255,4.079400000162423,hold,0.7794311740269838,0.0001320352085923127,16.037499997764826,16.099800122901797,11293.6,0.0,0.15,3.0,0.0004,15.0,0.01,-0.039509608081700995,0.0,0.20724812713960544,-0.038992101457215544,0.0,0.20666528938460088,0.0,0.0,0.0,0.3378906058515959,0.0,2.0676148696364307,-0.2246781974049446,0.0,-2.194907850887078,0.30029087057725024,0.0,0.8363781711928971,0.529567855814666,-2.3640799541932496,-1.8990577333484107,-0.1038056688954504,0.2499336375433513,0.11141664001919302,-0.05918,0.13181,0.06187,-0.00018591701105560388,0.0,0.0002123886585750166,-0.0003315896134298465,0.0,0.000370449096429545
256,4.09572340012528,hold,0.7794311740269838,0.00013334313417643669,15.966899925842881,16.323399962857366,11293.6,0.0,0.15,3.0,0.0004,15.0,0.01,-0.039509608081700995,0.0,0.20724812713960544,-0.038992101457215544,0.0,0.20666528938460088,0.0,0.0,0.0,0.35099950934084334,0.0,2.052639418912463,-0.2377950502915488,0.0,-2.1798089246709362,0.30903001695814136,0.0,0.8307961202592546,0.529567855814666,-2.3640799541932496,-1.8990577333484107,-0.1028020056405795,0.2496013061101272,0.11021854730421639,-0.05918,0.1345,0.06725,-0.00018602986190918095,0.0,0.00021414063138836903,-0.0003314767625762694,0.0,0.00036869712361619256
257,4.11177540011704,hold,0.7794311740269838,0.0001337090762430297,15.774300089105964,16.051999991759658,11293.6,0.0,0.15,3.0,0.0004,15.0,0.01,-0.039509608081700995,0.0,0.20724812713960544,-0.038992101457215544,0.0,0.20666528938460088,0.0,0.0,0.0,0.3641163641178349,0.0,2.0375404632695693,-0.2509032998265689,0.0,-2.164666235911778,0.3177709650205264,0.0,0.8251649702927853,0.529567855814666,-2.3640799541932496,-1.8990577333484107,-0.10180060526257943,0.24926234287759547,0.10901519413494977,-0.0538,0.13988,0.056490000000000005,-0.00018590784481247531,0.0,0.00021476129397447145,-0.00033159877967297506,0.0,0.00036807646103009014
258,4.127671000082046,hold,0.7794311740269838,0.00013342084640089063,15.89470007456839,15.895599965006113,11293.6,0.0,0.15,3.0,0.0004,15.0,0.01,-0.039509608081700995,0.0,0.20724812713960544,-0.038992101457215544,0.0,0.20666528938460088,0.0,0.0,0.0,0.3772246115963168,0.0,2.022397764097949,-0.2639925618120378,0.0,-2.149535678754871,0.3265045365539475,0.0,0.8195160808689257,0.529567855814666,-2.3640799541932496,-1.8990577333484107,-0.1008012085054161,0.24892058698392033,0.10781050476467244,-0.05111,0.14257,0.05918,-0.0001856385537522233,0.0,0.00021458923743689935,-0.0003318680707332271,0.0,0.00036824851756766223
259,4.143631899962202,hold,0.9074335068399032,0.0003207613933397163,15.887800138443708,15.960899880155921,11293.6,0.0,0.15,3.0,0.0004,15.0,0.01,-0.039433661171534864,0.0,0.20745804444641128,-0.038992101457215544,0.0,0.20666528938460088,0.0,0.0,0.0,0.37176851220596074,0.0,1.9560078320287277,-0.2716369104688992,0.0,-2.1194716119369654,0.3191593433990136,0.0,0.7923233604560014,0.529567855814666,-2.3625459734053638,-1.8990577333484107,-0.10363222794232785,0.24446688364301605,0.10569911239440997,-0.0538,0.13181,0.06187,-0.00010841603068323521,0.0,0.0004263838473232496,-0.00033314368363608485,0.0,0.0003663712144871466
260,4.159606400178745,hold,0.7794311740269838,0.00010533427333798181,15.681700082495809,15.974500216543674,11293.6,0.0,0.15,3.0,0.0004,15.0,0.01,-0.039509608081700995,0.0,0.20724812713960544,-0.038992101457215544,0.0,0.20666528938460088,0.0,0.0,0.0,0.3979644058665079,0.0,1.9772202748415209,-0.2866800511740608,0.0,-2.1100002478462625,0.3396738552474259,0.0,0.802101191584098,0.529567855814666,-2.3640799541932496,-1.8990577333484107,-0.099752500454177,0.24718741545974232,0.1050636956631284,-0.0538,0.13181,0.06187,-0.0002133494529712673,0.0,0.00013432769042370383,-0.00030415717151418306,0.0,0.00044851006458085775
261,4.17536130012013,hold,0.9074335068399032,0.000251687805461212,16.21040003374219,15.754899941384792,11293.6,0.0,0.15,3.0,0.0004,15.0,0.01,-0.039433661171534864,0.0,0.20745804444641128,-0.038992101457215544,0.0,0.20666528938460088,0.0,0.0,0.0,0.3944564579177138,0.0,1.9164737241796508,-0.29570566102917556,0.0,-2.0840464083783363,0.3338834419420521,0.0,0.7772126420569657,0.529567855814666,-2.3625459734053638,-1.8990577333484107,-0.10223087868571369,0.24313016529512316,0.10308464772704103,-0.056490000000000005,0.12912,0.06456,-0.00012800577772034618,0.0,0.0003680905178987154,-0.0003135539365989739,0.0,0.00042466454391168083
262,4.191654599970207,hold,0.9074335068399032,0.00019324196232577687,15.493200160562992,16.293299850076437,11293.6,0.0,0.15,3.0,0.0004,15.0,0.01,-0.039433661171534864,0.0,0.20745804444641128,-0.038992101457215544,0.0,0.20666528938460088,0.0,0.0,0.0,0.4034881288157618,0.0,1.8905366732071114,-0.30623488494105033,0.0,-2.062393202361884,0.3394397577056195,0.0,0.7671239030678357,0.529567855814666,-2.3625459734053638,-1.8990577333484107,-0.10192767785379536,0.24202563170628422,0.10163892138467073,-0.056490000000000005,0.1345,0.056490000000000005,-0.00014933079506726217,0.0,0.00030709675254843473,-0.0002922289192520579,0.0,0.0004856583092619615
263,4.207246700068936,hold,0.9778481917665323,0.0003133567928500918,15.993799781426787,15.592100098729134,11293.6,0.0,0.15,3.0,0.0004,15.0,0.01,-0.03966056536593057,0.0,0.2073789721494807,-0.038992101457215544,0.0,0.20666528938460088,0.0,0.0,0.0,0.4694250809733994,0.0,1.8881930064349388,-0.33398888843800856,0.0,-2.0493630193838475,0.38642875043656133,0.0,0.7685520612685722,0.5280338750267805,-2.3625459734053638,-1.8990577333484107,-0.09380212045473889,0.24488555697492947,0.09828608843710734,-0.0538,0.13181,0.056490000000000005,-0.0003936213573942682,0.0,0.00018480066529761978,-0.00027484255132075974,0.0,0.0005288820995821996
264,4.223393199965358,hold,0.9074335068399032,0.0001314769682870792,16.99679996818304,16.14649989642203,11293.6,0.0,0.15,3.0,0.0004,15.0,0.01,-0.039433661171534864,0.0,0.20745804444641128,-0.038992101457215544,0.0,0.20666528938460088,0.0,0.0,0.0,0.4417534451778878,0.0,1.8558485446000936,-0.3402043177329669,0.0,-2.0305003752547597,0.36523021717241083,0.0,0.7544145663674586,0.529567855814666,-2.3625459734053638,-1.8990577333484107,-0.09876545962294406,0.2415664922026793,0.09849952140415943,-0.0538,0.1345,0.0538,-8.815037139192286e-05,0.0,0.00026751958819023407,-0.0003534093429273972,0.0,0.0005252354736201622
265,4.2404971001669765,hold,0.9074335068399032,0.00012159749266154065,14.789099805057049,17.10390020161867,11293.6,0.0,0.15,3.0,0.0004,15.0,0.01,-0.039433661171534864,0.0,0.20745804444641128,-0.038992101457215544,0.0,0.20666528938460088,0.0,0.0,0.0,0.4479861342125495,0.0,1.836992313970544,-0.348472481975604,0.0,-2.0132832344340135,0.36903595489422014,0.0,0.747070084257789,0.529567855814666,-2.3625459734053638,-1.8990577333484107,-0.09858012371624095,0.2407505373439675,0.09746382876742161,-0.0538,0.1345,0.0538,-0.00011726329978672284,0.0,0.00024418222549597466,-0.0003242964145325972,0.0,0.0005485728363144216
266,4.255377300083637,hold,0.9074335068399032,0.00012073626685708532,16.45309990271926,14.880199916660786,11293.6,0.0,0.15,3.0,0.0004,15.0,0.01,-0.039433661171534864,0.0,0.20745804444641128,-0.038992101457215544,0.0,0.20666528938460088,0.0,0.0,0.0,0.456254759696145,0.0,1.8197755554811494,-0.35829113340903695,0.0,-1.996979772083948,0.374318143265092,0.0,0.7404412855577847,0.529567855814666,-2.3625459734053638,-1.8990577333484107,-0.0981395248407547,0.24010574641096868,0.09639947499663913,-0.0538,0.12912,0.05918,-0.0001392530956996041,0.0,0.00023122397390929307,-0.00030230661861971596,0.0,0.0005615310879011032
267,4.271896200021729,hold,0.9074335068399032,0.00012448867322202586,15.429100021719933,16.518899938091636,11293.6,0.0,0.15,3.0,0.0004,15.0,0.01,-0.039433661171534864,0.0,0.20745804444641128,-0.038992101457215544,0.0,0.20666528938460088,0.0,0.0,0.0,0.4660737807636475,0.0,1.8034723108132944,-0.369220422273329,0.0,-1.981041871827423,0.3807146506757841,0.0,0.734223708547564,0.529567855814666,-2.3625459734053638,-1.8990577333484107,-0.0975129028621686,0.23957249993931157,0.09529999562719899,-0.056490000000000005,0.13181,0.04573,-0.00015500471917819685,0.0,0.00022603938684649172,-0.0002865549951411232,0.0,0.0005667156749639045
268,4.287468200083822,hold,0.9074335068399032,0.00013032664642410549,15.855700010433793,15.572000062093139,11293.6,0.0,0.15,3.0,0.0004,15.0,0.01,-0.039433661171534864,0.0,0.20745804444641128,-0.038992101457215544,0.0,0.20666528938460088,0.0,0.0,0.0,0.4770033343528662,0.0,1.7875344975707383,-0.3808921931215715,0.0,-1.965080991383712,0.38790069132643773,0.0,0.7281852990650326,0.529567855814666,-2.3625459734053638,-1.8990577333484107,-0.09676024784744677,0.23910293721025536,0.09416388517915879,-0.05111,0.1345,0.0538,-0.0001655349753408936,0.0,0.00022636530351917254,-0.00027602473897842645,0.0,0.0005663897582912237
269,4.303411400178447,hold,0.9074335068399032,0.00013686750557448597,15.725000062957406,15.943200094625354,11293.6,0.0,0.15,3.0,0.0004,15.0,0.01,-0.039433661171534864,0.0,0.20745804444641128,-0.038992101457215544,0.0,0.20666528938460088,0.0,0.0,0.0,0.4886752821528223,0.0,1.7715736115321694,-0.3930112029749784,0.0,-1.9488411601993527,0.3956065395862011,0.0,0.722159881775928,0.529567855814666,-2.3625459734053638,-1.8990577333484107,-0.09593001487930983,0.23866094196750515,0.09299267118690764,-0.0538,0.13719,0.056490000000000005,-0.00017187794579961578,0.0,0.0002303215244367111,-0.0002696817685197043,0.0,0.0005624335373736851
270,4.319200000027195,hold,0.9074335068399032,0.00014337703591677138,15.877299942076206,15.788599848747253,11293.6,0.0,0.15,3.0,0.0004,15.0,0.01,-0.039433661171534864,0.0,0.20745804444641128,-0.038992101457215544,0.0,0.20666528938460088,0.0,0.0,0.0,0.5007943985725626,0.0,1.7553337137504441,-0.40535090075591707,0.0,-1.9321719380691689,0.4036175548527329,0.0,0.7160364071274381,0.529567855814666,-2.3625459734053638,-1.8990577333484107,-0.09505967344661566,0.23822067256065516,0.09178978696141801,-0.0538,0.13719,0.0538,-0.00017500785394440306,0.0,0.0002364113646634319,-0.000266551860374917,0.0,0.0005563436971469643
271,4.335157599998638,hold,0.9074335068399032,0.00014946698461011478,15.897500095888972,15.957599971443415,11293.6,0.0,0.15,3.0,0.0004,15.0,0.01,-0.039433661171534864,0.0,0.20745804444641128,-0.038992101457215544,0.0,0.20666528938460088,0.0,0.0,0.0,0.5131341489142496,0.0,1.7386643891784352,-0.4177458925744538,0.0,-1.9150032126753387,0.4117704127142965,0.0,0.7097480251073477,0.529567855814666,-2.3625459734053638,-1.8990577333484107,-0.09417682705081568,0.23776488017152964,0.09055969234452074,-0.0538,0.12912,0.0538,-0.00017579206203667183,0.0,0.00024349557334996965,-0.00026576765228264823,0.0,0.0005492594884604266
272,4.35112200002186,hold,0.9074335068399032,0.00015492969860511573,15.816899947822094,15.96440002322197,11293.6,0.0,0.15,3.0,0.0004,15.0,0.01,-0.039433661171534864,0.0,0.20745804444641128,-0.038992101457215544,0.0,0.20666528938460088,0.0,0.0,0.0,0.5255291538699424,0.0,1.721495544646869,-0.43008272974219197,0.0,-1.8973229540654637,0.41994706789049874,0.0,0.7032617944935213,0.529567855814666,-2.3625459734053638,-1.8990577333484107,-0.09330063572841293,0.23728320144294912,0.08930722008925937,-0.0538,0.13181,0.0538,-0.00017496728327678402,0.0,0.0002507503969243018,-0.00026659243104253604,0.0,0.0005420046648860944
273,4.367051300127059,hold,0.9074335068399032,0.0001596571832538582,16.18329994380474,15.929300105199218,11293.6,0.0,0.15,3.0,0.0004,15.0,0.01,-0.039433661171534864,0.0,0.20745804444641128,-0.038992101457215544,0.0,0.20666528938460088,0.0,0.0,0.0,0.5378659771359471,0.0,1.7038151640475374,-0.44229022022232334,0.0,-1.8791584632677816,0.42806762995754605,0.0,0.6965695230102517,0.529567855814666,-2.3625459734053638,-1.8990577333484107,-0.09244334126901618,0.23677055188145377,0.08803711687524424,-0.05111,0.1345,0.04304,-0.00017313282293466453,0.0,0.00025761802346616135,-0.00026842689138465554,0.0,0.0005351370383442349
274,4.383311100071296,hold,0.9074335068399032,0.00016360519935686705,17.039499944075942,16.259799944236875,11293.6,0.0,0.15,3.0,0.0004,15.0,0.01,-0.039433661171534864,0.0,0.20745804444641128,-0.038992101457215544,0.0,0.20666528938460088,0.0,0.0,0.0,0.5500734367495954,0.0,1.6856505577825,-0.4543300923006607,0.0,-1.860561230183049,0.43608300967552993,0.0,0.6896799887996671,0.529567855814666,-2.3625459734053638,-1.8990577333484107,-0.0916117553285784,0.2362256968518338,0.08675374499450864,-0.05111,0.13719,0.0538,-0.000170755573726432,0.0,0.00026375539411430636,-0.00027080414059288806,0.0,0.0005289996676960899
275,4.400426400126889,hold,0.9074335068399032,0.0001667773029139345,15.091300010681152,17.115300055593252,11293.6,0.0,0.15,3.0,0.0004,15.0,0.01,-0.039433661171534864,0.0,0.20745804444641128,-0.038992101457215544,0.0,0.20666528938460088,0.0,0.0,0.0,0.5621132688444761,0.0,1.6670532215164793,-0.46618853556980316,0.0,-1.8415952281801404,0.4439679203634256,0.0,0.6826126139411701,0.529567855814666,-2.3625459734053638,-1.8990577333484107,-0.09080862032632367,0.2356500388372795,0.08546091111367879,-0.05111,0.1345,0.048420000000000005,-0.00016818245831432427,0.0,0.0002689854619909337,-0.0002733772560049958,0.0,0.0005237695998194625
276,4.415734700160101,hold,0.9074335068399032,0.00016921527483795866,15.550400130450726,15.308300033211708,11293.6,0.0,0.15,3.0,0.0004,15.0,0.01,-0.039433661171534864,0.0,0.20745804444641128,-0.038992101457215544,0.0,0.20666528938460088,0.0,0.0,0.0,0.5739716688440138,0.0,1.6480871315916927,-0.47786890679768956,0.0,-1.8223282940054295,0.45171459725274693,0.0,0.6753925367734125,0.529567855814666,-2.3625459734053638,-1.8990577333484107,-0.09003379216542007,0.23504663168749151,0.08416179108054983,-0.05111,0.12912,0.04573,-0.0001656569502880366,0.0,0.0002732534347164317,-0.00027590276403128346,0.0,0.0005195016270939646
277,4.431364299962297,hold,0.9074335068399032,0.00017099016799712014,15.82980016246438,15.629599802196026,11293.6,0.0,0.15,3.0,0.0004,15.0,0.01,-0.039433661171534864,0.0,0.20745804444641128,-0.038992101457215544,0.0,0.20666528938460088,0.0,0.0,0.0,0.5856519976078516,0.0,1.6288201256734183,-0.48938571097399225,0.0,-1.802826147314461,0.4593274258859229,0.0,0.6680469512621957,0.529567855814666,-2.3625459734053638,-1.8990577333484107,-0.0892852232843628,0.23441941330922386,0.08285892358155966,-0.05111,0.13181,0.04573,-0.00016333715938376508,0.0,0.0002765893379469569,-0.000278222554935555,0.0,0.0005161657238634393
278,4.4472711000125855,hold,0.9074335068399032,0.0001721926096142661,16.246299957856536,15.906800050288439,11293.6,0.0,0.15,3.0,0.0004,15.0,0.01,-0.039433661171534864,0.0,0.20745804444641128,-0.038992101457215544,0.0,0.20666528938460088,0.0,0.0,0.0,0.597168762782427,0.0,1.6093179229104995,-0.5007598427087931,0.0,-1.783148572359142,0.46681854352477237,0.0,0.6606025386994586,0.529567855814666,-2.3625459734053638,-1.8990577333484107,-0.08855974556109869,0.23377263607069895,0.08155424987616872,-0.05111,0.12912,0.04573,-0.0001613137064396584,0.0,0.0002790773505879599,-0.00028024600787966166,0.0,0.0005136777112224363
279,4.463638900080696,hold,0.9074335068399032,0.00017292296832468562,15.358000062406063,16.367800068110228,11293.6,0.0,0.15,3.0,0.0004,15.0,0.01,-0.039433661171534864,0.0,0.20745804444641128,-0.038992101457215544,0.0,0.20666528938460088,0.0,0.0,0.0,0.608542860500145,0.0,1.589640306138265,-0.5120149912419929,0.0,-1.7633472962267895,0.47420438887113353,0.0,0.6530838005930034,0.529567855814666,-2.3625459734053638,-1.8990577333484107,-0.0878536665551996,0.23311046754521403,0.080249181334482,-0.05111,0.12643000000000001,0.04304,-0.0001596262263135384,0.0,0.0002808317434351231,-0.00028193348800578167,0.0,0.0005119233183752732
280,4.4791270000860095,hold,0.9074335068399032,0.0001732824850733936,15.889199916273355,15.488100005313754,11293.6,0.0,0.15,3.0,0.0004,15.0,0.01,-0.039433661171534864,0.0,0.20745804444641128,-0.038992101457215544,0.0,0.20666528938460088,0.0,0.0,0.0,0.6197979806662803,0.0,1.5698390005220455,-0.5231750646930847,0.0,-1.7434651379992123,0.4815031183324344,0.0,0.6455121038975872,0.529567855814666,-2.3625459734053638,-1.8990577333484107,-0.08716320089941668,0.23243673170120888,0.07894468074752885,-0.04573,0.12643000000000001,0.05111,-0.00015827782326682837,0.0,0.00028197885434165515,-0.0002832818910524917,0.0,0.0005107762074687411
281,4.495088099967688,hold,0.9074335068399032,0.00017336623009390814,15.997299924492836,15.96109988167882,11293.6,0.0,0.15,3.0,0.0004,15.0,0.01,-0.039433661171534864,0.0,0.20745804444641128,-0.038992101457215544,0.0,0.20666528938460088,0.0,0.0,0.0,0.6309580314517911,0.0,1.5499568230190657,-0.5342624675647346,0.0,-1.723536059048005,0.4887327748735112,0.0,0.6379052642808233,0.529567855814666,-2.3625459734053638,-1.8990577333484107,-0.08648476266694477,0.2317547610384517,0.07764134715993933,-0.04573,0.12643000000000001,0.048420000000000005,-0.00015724717224288907,0.0,0.00028264430784738883,-0.000284312542076431,0.0,0.0005101107539630074
282,4.511295499978587,hold,0.9074335068399032,0.0001732582789887609,16.045200172811747,16.20740001089871,11293.6,0.0,0.15,3.0,0.0004,15.0,0.01,-0.039433661171534864,0.0,0.20745804444641128,-0.038992101457215544,0.0,0.20666528938460088,0.0,0.0,0.0,0.6420454170002131,0.0,1.5300277328886596,-0.5452970626312101,0.0,-1.703585807202848,0.49591008201574976,0.0,0.6302775147775157,0.529567855814666,-2.3625459734053638,-1.8990577333484107,-0.0858151454211735,0.23106733246444405,0.07633949718748191,-0.04573,0.13181,0.03497,-0.00015649822516013704,0.0,0.0002829445925705429,-0.000285061489159183,0.0,0.0005098104692398533
283,4.527429000008851,hold,0.9074335068399032,0.00017302906737056244,15.629699919372797,16.13350003026426,11293.6,0.0,0.15,3.0,0.0004,15.0,0.01,-0.039433661171534864,0.0,0.20745804444641128,-0.038992101457215544,0.0,0.20666528938460088,0.0,0.0,0.0,0.653079999479422,0.0,1.5100774760019708,-0.5562956580772537,0.0,-1.6836329101619179,0.5030497353974648,0.0,0.6226397320700883,0.529567855814666,-2.3625459734053638,-1.8990577333484107,-0.08515161539659714,0.23037666310214955,0.07503923839679866,-0.04573,0.12643000000000001,0.04573,-0.00015598766028031058,0.0,0.00028298210807892145,-0.0002855720540390095,0.0,0.0005097729537314748
284,4.5431220000609756,hold,0.9074335068399032,0.0001727345927564727,15.919199911877513,15.693000052124262,11293.6,0.0,0.15,3.0,0.0004,15.0,0.01,-0.039433661171534864,0.0,0.20745804444641128,-0.038992101457215544,0.0,0.20666528938460088,0.0,0.0,0.0,0.664078586345571,0.0,1.4901245783357369,-0.5672718781797224,0.0,-1.6636898319007372,0.5101640730093177,0.0,0.6149998179389581,0.529567855814666,-2.3625459734053638,-1.8990577333484107,-0.08449194067074822,0.22968444611385164,0.07374053236312943,-0.048420000000000005,0.13181,0.03497,-0.00015567032180656377,0.0,0.00028284285316338017,-0.0002858893925127563,0.0,0.0005099122086470161
285,4.559111600043252,hold,0.9074335068399032,0.00017241699610611838,15.86210005916655,15.989599982276559,11293.6,0.0,0.15,3.0,0.0004,15.0,0.01,-0.039433661171534864,0.0,0.20745804444641128,-0.038992101457215544,0.0,0.20666528938460088,0.0,0.0,0.0,0.6750548011161898,0.0,1.470181502419705,-0.5782362971482512,0.0,-1.6437641573826456,0.5172630191851073,0.0,0.6073631572662177,0.529567855814666,-2.3625459734053638,-1.8990577333484107,-0.08383437589440416,0.22899191058029914,0.07244324653731524,-0.048420000000000005,0.13181,0.040350000000000004,-0.00015550295213823047,0.0,0.0002825960244498475,-0.0002860567621810896,0.0,0.0005101590373605487
286,4.5750445001758635,hold,0.9778481917665323,0.0003135841105064783,15.93050011433661,15.932900132611394,11293.6,0.0,0.15,3.0,0.0004,15.0,0.01,-0.03966056536593057,0.0,0.2073789721494807,-0.038992101457215544,0.0,0.20666528938460088,0.0,0.0,0.0,0.7414265965263037,0.0,1.4695643721896892,-0.6053909525285737,0.0,-1.6295031257686508,0.5643896779080545,0.0,0.6095810155392892,0.5280338750267805,-2.3625459734053638,-1.8990577333484107,-0.07569797551317253,0.23191727201000106,0.06915197990258372,-0.048420000000000005,0.12643000000000001,0.03766,-0.0003851210983506415,0.0,0.00020225718507091938,-0.00028334281036438645,0.0,0.0005114255798089
287,4.591072499984875,hold,0.9074335068399032,0.00016912759788883947,15.948700020089746,16.027999809011817,11293.6,0.0,0.15,3.0,0.0004,15.0,0.01,-0.039433661171534864,0.0,0.20745804444641128,-0.038992101457215544,0.0,0.20666528938460088,0.0,0.0,0.0,0.7131553660355009,0.0,1.4359883565887654,-0.6103625912057683,0.0,-1.6075334739159257,0.5429527766231161,0.0,0.5948465817048504,0.529567855814666,-2.3625459734053638,-1.8990577333484107,-0.08067714292769292,0.22855414581823752,0.06933108640724772,-0.048420000000000005,0.12912,0.040350000000000004,-7.051030186710382e-05,0.0,0.0003115847479336404,-0.00037104941245221624,0.0,0.0004811703138767558
288,4.607316300040111,hold,0.9074335068399032,0.00016687867579314591,15.82209998741746,16.243800055235624,11293.6,0.0,0.15,3.0,0.0004,15.0,0.01,-0.039433661171534864,0.0,0.20745804444641128,-0.038992101457215544,0.0,0.20666528938460088,0.0,0.0,0.0,0.7181441108867861,0.0,1.414024671145728,-0.6170455514521247,0.0,-1.5861799245686847,0.5457934234277766,0.0,0.5862238148185427,0.529567855814666,-2.3625459734053638,-1.8990577333484107,-0.08070034685190908,0.2275154302640432,0.0682292980528803,-0.04304,0.13181,0.03497,-9.47811325263767e-05,0.0,0.00030284686964775036,-0.00034677858179294336,0.0,0.0004899081921626459
289,4.623210299992934,hold,0.9074335068399032,0.00016668560955589853,16.429100185632706,15.893999952822924,11293.6,0.0,0.15,3.0,0.0004,15.0,0.01,-0.039433661171534864,0.0,0.20745804444641128,-0.038992101457215544,0.0,0.20666528938460088,0.0,0.0,0.0,0.7248274510464117,0.0,1.392671258897679,-0.6251620000866025,0.0,-1.565342936057108,0.549840417907878,0.0,0.5778954729057217,0.529567855814666,-2.3625459734053638,-1.8990577333484107,-0.08052991857879706,0.2265768465525892,0.06707370367173801,-0.04304,0.12374,0.03497,-0.00011511159206541643,0.0,0.0002955207418214279,-0.00032644812225390363,0.0,0.0004972343199889683
290,4.639810099964961,hold,0.9074335068399032,0.00016764505318833252,15.832300065085292,16.59979997202754,11293.6,0.0,0.15,3.0,0.0004,15.0,0.01,-0.039433661171534864,0.0,0.20745804444641128,-0.038992101457215544,0.0,0.20666528938460088,0.0,0.0,0.0,0.7329442414804511,0.0,1.3718343935540662,-0.6344289145893132,0.0,-1.5449209024863677,0.5549078658267197,0.0,0.5698163113708399,0.529567855814666,-2.3625459734053638,-1.8990577333484107,-0.08019568975129339,0.22572298184011907,0.06587260771491008,-0.04304,0.12643000000000001,0.03766,-0.00013142808264809069,0.0,0.0002896356403409388,-0.0003101316316712294,0.0,0.0005031194214694574
291,4.655726300086826,hold,0.9074335068399032,0.00016905459943063986,15.671400120481849,15.916200121864676,11293.6,0.0,0.15,3.0,0.0004,15.0,0.01,-0.039433661171534864,0.0,0.20745804444641128,-0.038992101457215544,0.0,0.20666528938460088,0.0,0.0,0.0,0.7422114302523567,0.0,1.3514124589080574,-0.6445793499195945,0.0,-1.5248178564261883,0.5607942778545285,0.0,0.5619372791954074,0.529567855814666,-2.3625459734053638,-1.8990577333484107,-0.07972999521007669,0.2249371287934232,0.06463501018769771,-0.04573,0.12912,0.03497,-0.00014395862324100375,0.0,0.00028511159764156406,-0.0002976010910783163,0.0,0.0005076434641688322
292,4.671539700124413,hold,0.9074335068399032,0.0001704530278637556,15.804499853402376,15.813400037586689,11293.6,0.0,0.15,3.0,0.0004,15.0,0.01,-0.039433661171534864,0.0,0.20745804444641128,-0.038992101457215544,0.0,0.20666528938460088,0.0,0.0,0.0,0.7523620761979545,0.0,1.3313094888888328,-0.6553754269706089,0.0,-1.5049481859734648,0.5673096290487882,0.0,0.5542120638673981,0.529567855814666,-2.3625459734053638,-1.8990577333484107,-0.07916333269609253,0.22420352352703116,0.0633693935253721,-0.04304,0.12912,0.03766,-0.00015311544166300635,0.0,0.00028180174638354203,-0.0002884442726563137,0.0,0.0005109533154268542
293,4.68751520011574,hold,0.9778481917665323,0.0003168179871789585,16.017199959605932,15.975499991327524,11293.6,0.0,0.15,3.0,0.0004,15.0,0.01,-0.03966056536593057,0.0,0.2073789721494807,-0.038992101457215544,0.0,0.20666528938460088,0.0,0.0,0.0,0.8185656863982653,0.0,1.330748414199696,-0.6828091522618012,0.0,-1.4908824588971892,0.6142486857130445,0.0,0.5564701328194134,0.5280338750267805,-2.3625459734053638,-1.8990577333484107,-0.07106861491388101,0.2271105783688562,0.06009321595055818,-0.04573,0.12912,0.03228,-0.00038907900940071775,0.0,0.00019948727703762606,-0.0002793848993143102,0.0,0.0005141954878421934
294,4.703721500001848,hold,0.9074335068399032,0.0001670843195063643,15.533099882304668,16.206299886107445,11293.6,0.0,0.15,3.0,0.0004,15.0,0.01,-0.039433661171534864,0.0,0.20745804444641128,-0.038992101457215544,0.0,0.20666528938460088,0.0,0.0,0.0,0.7905736324510615,0.0,1.2973677363329632,-0.688337194622743,0.0,-1.4691869822678378,0.5930847231863896,0.0,0.541799211401895,0.529567855814666,-2.3625459734053638,-1.8990577333484107,-0.07598813861961976,0.223784182739999,0.060262103637976086,-0.04573,0.12105,0.03497,-7.840150117749374e-05,0.0,0.0003076962558247427,-0.0003631582131418263,0.0,0.0004850588059856535
295,4.719383700052276,hold,0.9074335068399032,0.00016582328445700903,15.670800115913153,15.66220005042851,11293.6,0.0,0.15,3.0,0.0004,15.0,0.01,-0.039433661171534864,0.0,0.20745804444641128,-0.038992101457215544,0.0,0.20666528938460088,0.0,0.0,0.0,0.7961188470719134,0.0,1.2756782449038104,-0.6957220267304107,0.0,-1.448140982455223,0.5963237167791948,0.0,0.5333025994583043,0.529567855814666,-2.3625459734053638,-1.8990577333484107,-0.07594591532146469,0.22278248987209576,0.0591455764149943,-0.03497,0.11836,0.03497,-0.0001047354353280071,0.0,0.000298485046125649,-0.00033682427899131296,0.0,0.0004942700156847472
296,4.735115900170058,hold,0.9074335068399032,0.00016667747521481943,15.76160010881722,15.732200117781758,11293.6,0.0,0.15,3.0,0.0004,15.0,0.01,-0.039433661171534864,0.0,0.20745804444641128,-0.038992101457215544,0.0,0.20666528938460088,0.0,0.0,0.0,0.8035040937438467,0.0,1.2546323901357308,-0.7045883733904463,0.0,-1.42761245784802,0.600872022764303,0.0,0.525118087831172,0.529567855814666,-2.3625459734053638,-1.8990577333484107,-0.07569391626022436,0.22188845551122818,0.057969870441226624,-0.040350000000000004,0.12912,0.02959,-0.00012574702629240006,0.0,0.0002911459502436983,-0.00031581268802692,0.0,0.0005016091115666979
297,4.750977599993348,hold,0.9074335068399032,0.00016844204532047167,16.213800059631467,15.86169982329011,11293.6,0.0,0.15,3.0,0.0004,15.0,0.01,-0.039433661171534864,0.0,0.20745804444641128,-0.038992101457215544,0.0,0.20666528938460088,0.0,0.0,0.0,0.8123707936274986,0.0,1.2341039889050003,-0.7145853082416493,0.0,-1.4074782225870965,0.6064744645038486,0.0,0.5171845545850011,0.529567855814666,-2.3625459734053638,-1.8990577333484107,-0.07527304059715059,0.2210810572642627,0.0567464883409805,-0.040350000000000004,0.12105,0.0269,-0.00014178160157484512,0.0,0.000285553938709018,-0.00029977811274447495,0.0,0.0005072011231013783
298,4.7672884000930935,hold,0.9074335068399032,0.0001703269039357586,15.906000044196844,16.310800099745393,11293.6,0.0,0.15,3.0,0.0004,15.0,0.01,-0.039433661171534864,0.0,0.20745804444641128,-0.038992101457215544,0.0,0.20666528938460088,0.0,0.0,0.0,0.8223679979875875,0.0,1.213969847634253,-0.72540224519815,0.0,-1.3876294295082625,0.6128813043053524,0.0,0.5094423000065097,0.529567855814666,-2.3625459734053638,-1.8990577333484107,-0.07472330960767648,0.22033973715904792,0.0554867000684203,-0.03766,0.12374,0.02959,-0.00015341128742498854,0.0,0.00028150565287580456,-0.0002881484268943315,0.0,0.0005112494089345917
299,4.78326559998095,hold,0.9074335068399032,0.00017190196582061236,15.863200183957815,15.977199887856841,11293.6,0.0,0.15,3.0,0.0004,15.0,0.01,-0.039433661171534864,0.0,0.20745804444641128,-0.038992101457215544,0.0,0.20666528938460088,0.0,0.0,0.0,0.8331851303991247,0.0,1.1941211225929884,-0.7367767568197063,0.0,-1.3679742423345693,0.6198715390312617,0.0,0.5018385631665956,0.529567855814666,-2.3625459734053638,-1.8990577333484107,-0.07408013617160514,0.21964631215085734,0.05420048617430332,-0.04304,0.12643000000000001,0.0269,-0.00016131909418634323,0.0,0.000278759835711467,-0.00028024062013297683,0.0,0.0005139952260989292
300,4.799209299962968,hold,0.9074335068399032,0.00017299956247660063,15.989200212061405,15.943699982017279,11293.6,0.0,0.15,3.0,0.0004,15.0,0.01,-0.039433661171534864,0.0,0.20745804444641128,-0.038992101457215544,0.0,0.20666528938460088,0.0,0.0,0.0,0.8445597749085736,0.0,1.1744659815615603,-0.7484964358941697,0.0,-1.3484384339350843,0.627258440051355,0.0,0.49432881791877503,0.529567855814666,-2.3625459734053638,-1.8990577333484107,-0.07337343843464103,0.21898542628652617,0.05289628483888779,-0.040350000000000004,0.12374,0.02959,-0.00016621443410933743,0.0,0.0002770667453739563,-0.00027534528020998263,0.0,0.0005156883164364399
301,4.8152789999730885,hold,0.9074335068399032,0.0001736157476534898,15.920400153845549,16.06970001012087,11293.6,0.0,0.15,3.0,0.0004,15.0,0.01,-0.039433661171534864,0.0,0.20745804444641128,-0.038992101457215544,0.0,0.20666528938460088,0.0,0.0,0.0,0.8562795362327329,0.0,1.154930201608545,-0.760396680034451,0.0,-1.3289645685673108,0.6348908753224567,0.0,0.4868770672871743,0.529567855814666,-2.3625459734053638,-1.8990577333484107,-0.07262742905460848,0.21834465657323754,0.05158092994367752,-0.03766,0.11836,0.0269,-0.00016877529947469084,0.0,0.00027618823787409067,-0.0002727844148446292,0.0,0.0005165668239363056
302,4.83127099997364,hold,0.9074335068399032,0.0001738306897129651,19.654100062325597,15.992000000551343,11293.6,0.0,0.15,3.0,0.0004,15.0,0.01,-0.039433661171534864,0.0,0.20745804444641128,-0.038992101457215544,0.0,0.20666528938460088,0.0,0.0,0.0,0.868179823383922,0.0,1.1354563509954239,-0.7723559265149796,0.0,-1.3095103018693122,0.642651731000936,0.0,0.47945545043232246,0.529567855814666,-2.3625459734053638,-1.8990577333484107,-0.071860868951768,0.21771438089764467,0.05025972065407867,-0.03766,0.11567000000000001,0.0269,-0.00016961210059637712,0.0,0.00027591027959680164,-0.00027194761372294294,0.0,0.0005168447822135946
303,4.851004400057718,hold,0.9074335068399032,0.00017375384366411387,12.170800007879734,19.733400084078312,11293.6,0.0,0.15,3.0,0.0004,15.0,0.01,-0.039433661171534864,0.0,0.20745804444641128,-0.038992101457215544,0.0,0.20666528938460088,0.0,0.0,0.0,0.880139083898893,0.0,1.116002088958632,-0.7842895255399127,0.0,-1.2900462132622272,0.6504545192687818,0.0,0.4720434210494724,0.529567855814666,-2.3625459734053638,-1.8990577333484107,-0.07108761146621914,0.21708749732368987,0.04893657337827324,-0.03766,0.11836,0.02959,-0.0001692483553699883,0.0,0.0002760495788941876,-0.00027231135894933175,0.0,0.0005167054829162087
304,4.863248500041664,hold,0.9074335068399032,0.00017349158451760214,15.899500111117959,12.244099983945489,11293.6,0.0,0.15,3.0,0.0004,15.0,0.01,-0.039433661171534864,0.0,0.20745804444641128,-0.038992101457215544,0.0,0.20666528938460088,0.0,0.0,0.0,0.8920726767826197,0.0,1.0965379980005945,-0.7961431334608864,0.0,-1.2705534778767398,0.658239017769137,0.0,0.4646266983374614,0.529567855814666,-2.3625459734053638,-1.8990577333484107,-0.07031730149400371,0.21645906423018016,0.04761421785217934,-0.040350000000000004,0.11567000000000001,0.024210000000000002,-0.00016811388095358835,0.0,0.00027645586203820275,-0.0002734458333657317,0.0,0.0005162991997721935
305,4.87922770017758,hold,0.9074335068399032,0.0001731317237617145,16.15420007146895,15.979200135916471,11293.6,0.0,0.15,3.0,0.0004,15.0,0.01,-0.039433661171534864,0.0,0.20745804444641128,-0.038992101457215544,0.0,0.20666528938460088,0.0,0.0,0.0,0.90392626561198,0.0,1.077045255778127,-0.8078862433854427,0.0,-1.2510215926480956,0.6659665678244642,0.0,0.4571961395515597,0.529567855814666,-2.3625459734053638,-1.8990577333484107,-0.0695561291422863,0.21582591279114272,0.04629440895248388,-0.040350000000000004,0.12374,0.024210000000000002,-0.00016654674231198938,0.0,0.0002770111049748413,-0.0002750129720073307,0.0,0.000515743956835555
306,4.895516599994153,hold,1.0670310223583896,0.0004105908062236042,15.795100014656782,16.288899816572666,11293.6,0.0,0.15,3.0,0.0004,15.0,0.01,-0.03935739234173451,0.0,0.20766784500518387,-0.038992101457215544,0.0,0.20666528938460088,0.0,0.0,0.0,0.8970453832817216,0.0,1.0062824919074902,-0.8140629257668095,0.0,-1.21647277192393,0.6579185367940784,0.0,0.42800265104291046,0.529567855814666,-2.3610119926174784,-1.8990577333484107,-0.07249524469567567,0.21116239529334713,0.044033822017577266,-0.03766,0.12374,0.024210000000000002,-8.760084300678744e-05,0.0,0.0004899889023689026,-0.00027769004151217486,0.0,0.0005125667182140874
307,4.911393800051883,hold,0.9074335068399032,0.00012692515366107514,15.71680000051856,15.877200057730079,11293.6,0.0,0.15,3.0,0.0004,15.0,0.01,-0.039433661171534864,0.0,0.20745804444641128,-0.038992101457215544,0.0,0.20666528938460088,0.0,0.0,0.0,0.9218522224713744,0.0,1.022981640879642,-0.8275734720329059,0.0,-1.2023929778709301,0.6769173831637568,0.0,0.4361400905595997,0.529567855814666,-2.3625459734053638,-1.8990577333484107,-0.06901885760900398,0.2134886226660533,0.04332234954638454,-0.04304,0.12105,0.024210000000000002,-0.0001916134211405495,0.0,0.00019968678203780585,-0.00024994629317877056,0.0,0.0005930682797725904
308,4.927190700080246,hold,0.9074335068399032,0.00013694513395014397,16.503300052136183,15.79690002836287,11293.6,0.0,0.15,3.0,0.0004,15.0,0.01,-0.039433661171534864,0.0,0.20745804444641128,-0.038992101457215544,0.0,0.20666528938460088,0.0,0.0,0.0,0.9353569896709065,0.0,1.0088860201015322,-0.8403960800501031,0.0,-1.1866953307387087,0.6859640294093958,0.0,0.4309144595379387,0.529567855814666,-2.3625459734053638,-1.8990577333484107,-0.06794910685696412,0.21322256683490298,0.042140792998749364,-0.04573,0.11298000000000001,0.024210000000000002,-0.00018185673189876906,0.0,0.00022263199515552552,-0.000259702982420551,0.0,0.0005701230666548707
309,4.943762900074944,hold,0.9074335068399032,0.00014688095812112584,16.330600017681718,16.572199994698167,11293.6,0.0,0.15,3.0,0.0004,15.0,0.01,-0.039433661171534864,0.0,0.20745804444641128,-0.038992101457215544,0.0,0.20666528938460088,0.0,0.0,0.0,0.9481794431121922,0.0,0.993188013222719,-0.8526383742320255,0.0,-1.1696433775506823,0.6944843687093853,0.0,0.42502844751992785,0.529567855814666,-2.3625459734053638,-1.8990577333484107,-0.06699119326380361,0.21284005385954757,0.040927035377153774,-0.04304,0.11567000000000001,0.024210000000000002,-0.00017362642668962636,0.0,0.00024183945068790267,-0.0002679332876296937,0.0,0.0005509156111224936
310,4.960158700123429,hold,0.9074335068399032,0.0001558682175349463,15.256899874657393,16.3958000484854,11293.6,0.0,0.15,3.0,0.0004,15.0,0.01,-0.039433661171534864,0.0,0.20745804444641128,-0.038992101457215544,0.0,0.20666528938460088,0.0,0.0,0.0,0.9604215989256932,0.0,0.976135737116327,-0.8644117147419924,0.0,-1.1515052104480996,0.7025573471787427,0.0,0.4185842005772329,0.529567855814666,-2.3625459734053638,-1.8990577333484107,-0.06612818237028595,0.21235897490083644,0.039686230147159524,-0.03228,0.12374,0.02152,-0.00016697548781047044,0.0,0.00025724468746806653,-0.0002745842265088496,0.0,0.0005355103743423297
311,4.9755208001006395,hold,0.9074335068399032,0.0001633761110421749,15.487900003790855,15.362099977210164,11293.6,0.0,0.15,3.0,0.0004,15.0,0.01,-0.039433661171534864,0.0,0.20745804444641128,-0.038992101457215544,0.0,0.20666528938460088,0.0,0.0,0.0,0.9721948276366771,0.0,0.9579973110623626,-0.8758222586377027,0.0,-1.132533446662658,0.7102690676938966,0.0,0.41169213328532406,0.529567855814666,-2.3625459734053638,-1.8990577333484107,-0.06534165553732843,0.2117987073873503,0.03842389418583772,-0.040350000000000004,0.11298000000000001,0.024210000000000002,-0.00016183012217781947,0.0,0.0002690671785138091,-0.0002797295921415006,0.0,0.0005236878832965871
312,4.991076100151986,hold,0.9074335068399032,0.00016918745505812213,15.786099946126342,15.555300051346421,11293.6,0.0,0.15,3.0,0.0004,15.0,0.01,-0.039433661171534864,0.0,0.20745804444641128,-0.038992101457215544,0.0,0.20666528938460088,0.0,0.0,0.0,0.9836052850472501,0.0,0.939025348562854,-0.8869653933606396,0.0,-1.1129530249685053,0.7177015132297975,0.0,0.4044563114372749,0.529567855814666,-2.3625459734053638,-1.8990577333484107,-0.06461413023953708,0.21117755578359954,0.03714516886178919,-0.040350000000000004,0.12105,0.024210000000000002,-0.0001580375896310009,0.0,0.0002776994737515704,-0.00028352212468831916,0.0,0.0005150555880588259
313,5.006947200046852,hold,0.9074335068399032,0.00017332817826238656,17.27379998192191,15.871099894866347,11293.6,0.0,0.15,3.0,0.0004,15.0,0.01,-0.039433661171534864,0.0,0.20745804444641128,-0.038992101457215544,0.0,0.20666528938460088,0.0,0.0,0.0,0.9947483560290111,0.0,0.9194447817878509,-0.8979227895049745,0.0,-1.092955024955422,0.7249282871580857,0.0,0.3969694230923567,0.529567855814666,-2.3625459734053638,-1.8990577333484107,-0.06392994897974241,0.21051185225167474,0.035854592476712854,-0.03228,0.11298000000000001,0.01614,-0.00015540335088278363,0.0,0.0002836217813110502,-0.00028615636343653643,0.0,0.000509133280499346
314,5.024298000149429,hold,0.9074335068399032,0.0001759825972978885,14.84839990735054,17.350800102576613,11293.6,0.0,0.15,3.0,0.0004,15.0,0.01,-0.039433661171534864,0.0,0.20745804444641128,-0.038992101457215544,0.0,0.20666528938460088,0.0,0.0,0.0,1.0057057079041902,0.0,0.8994466822508697,-0.9087613930848837,0.0,-1.0726949049081163,0.7320123625105458,0.0,0.3893102224967226,0.529567855814666,-2.3625459734053638,-1.8990577333484107,-0.06327574377209483,0.20981549529271792,0.03455599061151714,-0.03497,0.11567000000000001,0.02152,-0.00015371857446979862,0.0,0.0002873393006117259,-0.00028784113984952145,0.0,0.0005054157611986703
315,5.039219700032845,hold,0.9074335068399032,0.00017741654986028308,15.648799948394299,14.921699883416295,11293.6,0.0,0.15,3.0,0.0004,15.0,0.01,-0.039433661171534864,0.0,0.20745804444641128,-0.038992101457215544,0.0,0.20666528938460088,0.0,0.0,0.0,1.0165442831753024,0.0,0.8791864997414248,-0.91953377294177,0.0,-1.052293790188577,0.7390053230962025,0.0,0.3815427966068616,0.529567855814666,-2.3625459734053638,-1.8990577333484107,-0.0626405861502792,0.2090998117506378,0.03325245258923285,-0.03766,0.12105,0.02152,-0.00015277935603412977,0.0,0.00028933895858092393,-0.0002887803582851903,0.0,0.0005034161032294723
316,5.054979500127956,hold,0.9074335068399032,0.00017791848915094737,15.986699843779206,15.759800095111132,11293.6,0.0,0.15,3.0,0.0004,15.0,0.01,-0.039433661171534864,0.0,0.20745804444641128,-0.038992101457215544,0.0,0.20666528938460088,0.0,0.0,0.0,1.027316647255286,0.0,0.8587853514345197,-0.9302793424836695,0.0,-1.0318416948760414,0.7459476458583397,0.0,0.3737170903438541,0.529567855814666,-2.3625459734053638,-1.8990577333484107,-0.06201591837477302,0.20837364267950892,0.031946366645287376,-0.02959,0.11567000000000001,0.01614,-0.0001523991185459267,0.0,0.0002900619912136116,-0.00028916059577339335,0.0,0.0005026930705967846
317,5.071034500142559,hold,0.9074335068399032,0.00017776049579050637,16.415300080552697,16.055000014603138,11293.6,0.0,0.15,3.0,0.0004,15.0,0.01,-0.039433661171534864,0.0,0.20745804444641128,-0.038992101457215544,0.0,0.20666528938460088,0.0,0.0,0.0,1.0380622104153236,0.0,0.8383332439912081,-0.9410260767469966,0.0,-1.0114018027519387,0.7528696539729987,0.0,0.3658702300081126,0.529567855814666,-2.3625459734053638,-1.8990577333484107,-0.061395344346191205,0.20764357168335387,0.030639491588103265,-0.03228,0.11298000000000001,0.01614,-0.0001524156372160829,0.0,0.0002898889194044911,-0.0002891440771032372,0.0,0.0005028661424059051
318,5.087519000051543,hold,1.0670310223583896,0.0004262254586993569,15.401599928736687,16.484499908983707,11293.6,0.0,0.15,3.0,0.0004,15.0,0.01,-0.03935739234173451,0.0,0.20766784500518387,-0.038992101457215544,0.0,0.20666528938460088,0.0,0.0,0.0,1.0301849790694502,0.0,0.7666624854930935,-0.9463491121650628,0.0,-0.9760416320787635,0.74419092751829,0.0,0.3362259973847202,0.529567855814666,-2.3610119926174784,-1.8990577333484107,-0.06442586008537804,0.20291219729206322,0.02837996282327443,-0.03228,0.11836,0.01883,-7.549398871217332e-05,0.0,0.0005014958789492725,-0.000289796895806789,0.0,0.0005010597416337174
319,5.103093800134957,hold,1.0670310223583896,0.0003130057799053465,16.687699826434255,15.57480008341372,11293.6,0.0,0.15,3.0,0.0004,15.0,0.01,-0.03935739234173451,0.0,0.20766784500518387,-0.038992101457215544,0.0,0.20666528938460088,0.0,0.0,0.0,1.0355142394464474,0.0,0.7313194382767487,-0.953716163241888,0.0,-0.9462969872137211,0.7468910684073484,0.0,0.32227082302088694,0.529567855814666,-2.3610119926174784,-1.8990577333484107,-0.06474248739320376,0.20113863177782068,0.026728835004221338,-0.03228,0.11836,0.01614,-0.00010448325572815653,0.0,0.0004218536431427487,-0.00026080762879080577,0.0,0.0005807019774402412
320,5.1201259000226855,hold,0.9074335068399032,0.00010635710770098779,15.840299893170595,17.03209988772869,11293.6,0.0,0.15,3.0,0.0004,15.0,0.01,-0.039433661171534864,0.0,0.20745804444641128,-0.038992101457215544,0.0,0.20666528938460088,0.0,0.0,0.0,1.061505734228059,0.0,0.7528069753654872,-0.9680021262168782,0.0,-0.9355739939291866,0.7667477354655756,0.0,0.3324134751143165,0.529567855814666,-2.3625459734053638,-1.8990577333484107,-0.06106277394296333,0.20375501581399,0.026164140433918612,-0.02959,0.1076,0.01345,-0.0002026107742804097,0.0,0.00015207893061088267,-0.00023894894003891035,0.0,0.0006406761311995136
321,5.136048600077629,hold,0.9074335068399032,0.00011972931569012406,15.435900073498487,15.922700054943562,11293.6,0.0,0.15,3.0,0.0004,15.0,0.01,-0.039433661171534864,0.0,0.20745804444641128,-0.038992101457215544,0.0,0.20666528938460088,0.0,0.0,0.0,1.0757858286588617,0.0,0.7420678362654096,-0.9812716164553059,0.0,-0.9220422321856943,0.7764383711113366,0.0,0.3285515690980779,0.529567855814666,-2.3625459734053638,-1.8990577333484107,-0.05982759840875915,0.20370747814811707,0.02508014700648857,-0.03497,0.1076,0.01076,-0.00018819464226674097,0.0,0.0001919143098037385,-0.0002533650720525791,0.0,0.0006008407520066577
322,5.151587900007144,hold,1.0670310223583896,0.0003325005876816966,15.58909984305501,15.539299929514527,11293.6,0.0,0.15,3.0,0.0004,15.0,0.01,-0.03935739234173451,0.0,0.20766784500518387,-0.038992101457215544,0.0,0.20666528938460088,0.0,0.0,0.0,1.0704311200935752,0.0,0.6773045615160416,-0.9882688710279742,0.0,-0.8912438524963281,0.7697748300419954,0.0,0.3017260750825048,0.529567855814666,-2.3610119926174784,-1.8990577333484107,-0.06240697442594498,0.19946970786567733,0.022974689097468907,-0.03228,0.11298000000000001,0.01614,-9.923861410584704e-05,0.0,0.00043679824498836777,-0.00026605227041311526,0.0,0.0005657573755946222
323,5.167274700012058,hold,0.7149971732417802,1.260749710179303e-05,15.827700030058622,15.686800004914403,11293.6,0.0,0.15,3.0,0.0004,15.0,0.01,-0.03932593256089478,0.0,0.20729756918971887,-0.038992101457215544,0.0,0.20666528938460088,0.0,0.0,0.0,1.0697522827836472,0.0,0.7369398163304665,-0.9943869192376839,0.0,-0.8906177715039254,0.7731909688844146,0.0,0.32793052491154884,0.529567855814666,-2.3625459734053638,-1.900591714136296,-0.06055504860332506,0.20322304775108208,0.0250240150277379,-0.03497,0.11298000000000001,0.01614,-8.676926343881915e-05,0.0,8.879398249528672e-06,-0.00024706184024041937,0.0,0.000623400406868457
324,5.183201299980283,hold,0.7149971732417802,4.100328173720178e-05,16.032200073823333,15.926599968224764,11293.6,0.0,0.15,3.0,0.0004,15.0,0.01,-0.03932593256089478,0.0,0.20729756918971887,-0.038992101457215544,0.0,0.20666528938460088,0.0,0.0,0.0,1.0758732129587723,0.0,0.7362844035486789,-1.0022930053226105,0.0,-0.882839362410201,0.7774644187915241,0.0,0.3278575003343908,0.529567855814666,-2.3625459734053638,-1.900591714136296,-0.059927191149490966,0.20342440524116984,0.024715920346760997,-0.03766,0.11298000000000001,0.00807,-0.00011212812366928742,0.0,0.00011031734380862498,-0.0002217029800099511,0.0,0.0005219624613093607
325,5.1993156999815255,hold,0.7149971732417802,8.468192480916353e-05,15.715999994426966,16.114400001242757,11293.6,0.0,0.15,3.0,0.0004,15.0,0.01,-0.03932593256089478,0.0,0.20729756918971887,-0.038992101457215544,0.0,0.20666528938460088,0.0,0.0,0.0,1.0837797213572453,0.0,0.7285043352966327,-1.011413678383206,0.0,-0.8697680542373661,0.7827701716834305,0.0,0.3249889862470912,0.529567855814666,-2.3625459734053638,-1.900591714136296,-0.05929024292989757,0.20329467356743364,0.02404295054206771,-0.03228,0.11567000000000001,0.01076,-0.000129354012326703,0.0,0.0001853839236733526,-0.0002044770913525355,0.0,0.00044689588144463305
326,5.215092600090429,hold,0.5232273024047482,1.0151202264173975e-05,16.178000019863248,15.776900108903646,11293.6,0.0,0.15,3.0,0.0004,15.0,0.01,-0.03921795791113841,0.0,0.20713725937538752,-0.038992101457215544,0.0,0.20666528938460088,0.001689896747430109,0.0,-0.0025048388627129593,1.029190711552222,0.0,0.8099301987861734,-1.0134472188919685,0.0,-0.8646379158579709,0.7481901936125712,0.0,0.35750875415907296,0.529567855814666,-2.3625459734053638,-1.9021256949241818,-0.06294387763564524,0.20572426144799547,0.02970065923536322,-0.02959,0.11298000000000001,0.01614,-2.8840703124616258e-05,0.0,7.275822505172245e-05,-0.00019701575079825176,0.0,0.0003992117657349135
327,5.231360800098628,hold,0.6977711119009301,0.000228668468738664,15.675599919632077,16.26820000819862,11293.6,0.0,0.15,3.0,0.0004,15.0,0.01,-0.039142181413066385,0.0,0.20734672942705162,-0.038992101457215544,0.0,0.20666528938460088,0.0016860523860067127,0.0,-0.0025074281832847935,1.0128213169129787,0.0,0.7536829780645371,-1.0129733662434175,0.0,-0.8384504976980328,0.7339133255731479,0.0,0.3336615049197791,0.529567855814666,-2.3610119926174784,-1.9021256949241818,-0.06640270039571805,0.20157519667914187,0.02843360528243858,-0.03497,0.1076,0.00538,6.720418650518756e-06,0.0,0.000371403249404932,-0.00015680037450135909,0.0,0.00031003679304581074
328,5.247113300021738,hold,0.522828434059472,6.223178744236838e-05,15.893900068476796,15.752499923110008,11293.6,0.0,0.15,3.0,0.0004,15.0,0.01,-0.039034206763310014,0.0,0.20718641961272027,-0.038992101457215544,0.0,0.20666528938460088,0.0016898967475965094,0.0,-0.0025048388623801587,0.9859031810300031,0.0,0.7665997969839089,-1.00850218512471,0.0,-0.8255391111833776,0.716576707396196,0.0,0.33955208652396374,0.529567855814666,-2.3610119926174784,-1.9036596757120676,-0.06896577717885796,0.20123148893156825,0.030072099322380717,-0.03497,0.12105,-0.00269,6.34125588870129e-05,0.0,0.00018311583358767043,-0.00010551786498148273,0.0,0.0003380143945317226
329,5.263081400189549,hold,0.36699083221350326,2.11937921052979e-05,15.98840020596981,15.968100167810917,11293.6,0.0,0.15,3.0,0.0004,15.0,0.01,-0.03892598632851223,0.0,0.20702627561797454,-0.038992101457215544,0.0,0.20666528938460088,0.0016937371323833157,0.0,-0.0025022436475736066,0.9549306522216294,0.0,0.7927237194193519,-1.0013879790209699,0.0,-0.8219377992239105,0.6968403055154442,0.0,0.35059181548046886,0.529567855814666,-2.3610119926174784,-1.905193656499953,-0.07152243209999393,0.20153490001615104,0.03240668876838119,-0.03497,0.1076,0.02152,0.00010089728004983783,0.0,5.1075633179948504e-05,-3.478215134652046e-05,0.0,0.0003099106001937128
330,5.279183800099418,hold,0.15212483373382257,1.89231336255167e-05,15.710600186139345,16.102399909868836,11293.6,0.0,0.15,3.0,0.0004,15.0,0.01,-0.039001271511154484,0.0,0.2068171375823159,-0.038992101457215544,0.0,0.20666528938460088,0.0016975735320471118,0.0,-0.0024996425441899494,0.9661254782741137,0.0,0.8401204809909347,-1.0056380701541838,0.0,-0.8281592239993077,0.7073027668406697,0.0,0.3707931373075367,0.529567855814666,-2.3625459734053638,-1.905193656499953,-0.06871832213520508,0.20505818458476127,0.033543083311085554,-0.03766,0.11029,-0.00807,-6.027694855224652e-05,0.0,-8.82354023370565e-05,5.110689461330708e-05,0.0,0.0002400836000520775
331,5.295018100179732,hold,0.0998591888699025,3.001987192300051e-05,16.19929983280599,15.834300080314279,11293.6,0.0,0.15,3.0,0.0004,15.0,0.01,-0.03889256027081091,0.0,0.20665732635685308,-0.038992101457215544,0.0,0.20666528938460088,0.0034028118735405493,0.0,-0.00499407111910161,0.9061419974054195,0.0,0.9404702974713157,-1.003679630728358,0.0,-0.837444918953611,0.669850521164248,0.0,0.4107571948654913,0.529567855814666,-2.3625459734053638,-1.9067276372878388,-0.07240086218036432,0.20837642385132443,0.04019255052715259,-0.03497,0.11298000000000001,0.01883,2.7775581467101476e-05,0.0,-0.0001316944365400307,7.176560493753491e-05,0.0,0.00012373140879222693
332,5.311380499973893,hold,0.0998591888699025,3.6343566211413093e-07,15.843099914491177,16.36239979416132,11293.6,0.0,0.15,3.0,0.0004,15.0,0.01,-0.03889256027081091,0.0,0.20665732635685308,-0.038992101457215544,0.0,0.20666528938460088,0.0034028118735405493,0.0,-0.00499407111910161,0.9041997669768714,0.0,0.9497308090230813,-1.004704439106405,0.0,-0.8376451058028961,0.6688087002013933,0.0,0.4144222286477665,0.529567855814666,-2.3625459734053638,-1.9067276372878388,-0.0722736204565742,0.2088844660873575,0.04063324503009305,-0.03228,0.11836,0.01883,-1.4534352309934556e-05,0.0,-2.839151452753128e-06,0.00011407553871457094,0.0,-5.123876295050647e-06
333,5.327305000042543,hold,0.26623851957220024,0.00013603426975307,15.586100053042173,15.92450006864965,11293.6,0.0,0.15,3.0,0.0004,15.0,0.01,-0.038817520363326086,0.0,0.20686629781964866,-0.038992101457215544,0.0,0.20666528938460088,0.0033951470640942237,0.0,-0.004999285089045501,0.8870707628317684,0.0,0.8990156734992079,-1.001579654450754,0.0,-0.8176866857723671,0.6539689431481359,0.0,0.3926552814224867,0.529567855814666,-2.3610119926174784,-1.9067276372878388,-0.07571577575816518,0.20498540894496686,0.039631315219996015,-0.03766,0.11298000000000001,0.01076,4.431728121159054e-05,0.0,0.0002830604379192628,0.0001302638126778682,0.0,-8.205200287148467e-05
334,5.34295430011116,hold,0.28627217243872644,3.6366703142306096e-05,16.13640016876161,15.649300068616867,11293.6,0.0,0.15,3.0,0.0004,15.0,0.01,-0.03870880912298251,0.0,0.20670648659418583,-0.038992101457215544,0.0,0.20666528938460088,0.00340281187387335,0.0,-0.004994071117770406,0.8572369476843543,0.0,0.9179818584137963,-0.9926219572626774,0.0,-0.812314556723876,0.6349103466059328,0.0,0.4008370406962769,0.529567855814666,-2.3610119926174784,-1.9082616180757246,-0.07849752487289272,0.2048221648367451,0.041657760043679944,-0.03766,0.11836,0.02152,0.0001270426058238398,0.0,7.619025948440308e-05,0.00015624972840919477,0.0,-3.499304989944976e-05
335,5.359155799960718,hold,0.26751335197086124,2.706570115691672e-05,15.924999956041574,16.201499849557877,11293.6,0.0,0.15,3.0,0.0004,15.0,0.01,-0.03878360401111794,0.0,0.2064976820803046,-0.038992101457215544,0.0,0.20666528938460088,0.003410468676132768,0.0,-0.004988845396630768,0.8663834416740603,0.0,0.963469617080561,-0.9924004777120093,0.0,-0.821322777984446,0.6440030807029672,0.0,0.42024864090357766,0.529567855814666,-2.3625459734053638,-1.9082616180757246,-0.07592600544433686,0.20818007239733277,0.042805956336787715,-0.04573,0.11298000000000001,0.02152,3.1411353457022455e-06,0.0,-0.00012775916385115757,0.000205356310751903,0.0,-3.984814044511134e-05
336,5.375183600001037,hold,0.28627217243872644,5.027768879458497e-05,16.067099990323186,16.027800040319562,11293.6,0.0,0.15,3.0,0.0004,15.0,0.01,-0.03870880912298251,0.0,0.20670648659418583,-0.038992101457215544,0.0,0.20666528938460088,0.001701405936936675,0.0,-0.002497035558885203,0.8856599905769796,0.0,0.8664083670701116,-0.9866164613130317,0.0,-0.8104886550074758,0.6530688432401158,0.0,0.38101898471128753,0.529567855814666,-2.3610119926174784,-1.9082616180757246,-0.0767395862815374,0.20313881663645322,0.03824682973365842,-0.04573,0.12105,0.024210000000000002,8.20318548423407e-05,0.0,0.00015365502828587616,0.00020126047939069387,0.0,-0.00011245781870092284
337,5.391349000157788,hold,0.4559785386950152,0.0001253857950769217,16.229899832978845,16.165400156751275,11293.6,0.0,0.15,3.0,0.0004,15.0,0.01,-0.03867440298846024,0.0,0.20633820512832893,-0.038992101457215544,0.0,0.20666528938460088,0.0017090587267834184,0.0,-0.0024918039678053032,0.871304356169509,0.0,0.945414763207693,-0.9796089923236894,0.0,-0.8285732551853667,0.6480994104142218,0.0,0.41474264070961686,0.529567855814666,-2.3625459734053638,-1.90979559886361,-0.07585946620030717,0.20743843805655363,0.04169623117158552,-0.040350000000000004,0.11298000000000001,0.02152,9.93834801449624e-05,0.0,-0.0002564849741672118,0.0002183149886103412,0.0,-7.059928210474155e-05
338,5.407659400021657,hold,0.409742195910002,4.571518610064328e-05,15.468699857592583,16.310399863868952,11293.6,0.0,0.15,3.0,0.0004,15.0,0.01,-0.03859985286328957,0.0,0.20654684231763742,-0.038992101457215544,0.0,0.20666528938460088,0.001705234338066384,0.0,-0.0024944226986481845,0.8461802546495429,0.0,0.9125810157310119,-0.9685663161283345,0.0,-0.8246739141196899,0.6281906689796991,0.0,0.39982069650063223,0.529567855814666,-2.3610119926174784,-1.90979559886361,-0.07964820233771079,0.2042586905782232,0.04176571169408165,-0.04573,0.1076,0.02152,0.00015661283582951642,0.0,5.530243315646853e-05,0.00023563575809645924,0.0,-0.00017374950011992484
339,5.423219999996945,hold,0.409742195910002,2.768782532855949e-05,16.14810014143586,15.560599975287914,11293.6,0.0,0.15,3.0,0.0004,15.0,0.01,-0.03859985286328957,0.0,0.20654684231763742,-0.038992101457215544,0.0,0.20666528938460088,0.001705234338066384,0.0,-0.0024944226986481845,0.8351439448245717,0.0,0.9086970347856267,-0.95992602692196,0.0,-0.821774107502709,0.620288459060892,0.0,0.39784924543339345,0.529567855814666,-2.3610119926174784,-1.90979559886361,-0.08095695982223443,0.2035759107396703,0.04212989791937409,-0.03766,0.11836,0.024210000000000002,0.0001225409648040481,0.0,4.112652853423523e-05,0.00026970762912192757,0.0,-0.00015957359549769153
340,5.439492200035602,hold,0.4559785386950152,5.9786164891779755e-05,15.482600079849362,16.272200038656592,11293.6,0.0,0.15,3.0,0.0004,15.0,0.01,-0.03867440298846024,0.0,0.20633820512832893,-0.038992101457215544,0.0,0.20666528938460088,0.0,0.0,0.0,0.8823912433842708,0.0,0.9016217768394594,-0.9579868349219818,0.0,-0.8350254481542264,0.6542829488532435,0.0,0.39743261091206933,0.529567855814666,-2.3625459734053638,-1.90979559886361,-0.07578413860145922,0.20548140147571872,0.03940524756647665,-0.04573,0.11567000000000001,0.02152,2.750260470937919e-05,0.0,-0.00018793723561776656,0.0002901958640459244,0.0,-0.0001391470206541868
341,5.4550473999697715,hold,0.4559785386950152,2.9721156531313575e-05,15.779899898916483,15.55519993416965,11293.6,0.0,0.15,3.0,0.0004,15.0,0.01,-0.03867440298846024,0.0,0.20633820512832893,-0.038992101457215544,0.0,0.20666528938460088,0.0,0.0,0.0,0.8804393358489383,0.0,0.9148665898238402,-0.954820151733807,0.0,-0.8439212666764127,0.6533988667017967,0.0,0.4027196694754696,0.529567855814666,-2.3625459734053638,-1.90979559886361,-0.07564603710156005,0.20615781945396938,0.04001762276550828,-0.04304,0.11836,0.02152,4.491150745526153e-05,0.0,-0.0001261650111927017,0.0002727869613000421,0.0,-0.00020091924507925166
342,5.470893600024283,hold,0.4559785386950152,1.8021558734064816e-05,15.99730015732348,15.846200054511428,11293.6,0.0,0.15,3.0,0.0004,15.0,0.01,-0.03867440298846024,0.0,0.20633820512832893,-0.038992101457215544,0.0,0.20666528938460088,0.0,0.0,0.0,0.877272380765838,0.0,0.9237613790289338,-0.9505113898326092,0.0,-0.8498793911364236,0.6514989524503818,0.0,0.406201686398653,0.529567855814666,-2.3625459734053638,-1.90979559886361,-0.07574856797141838,0.2065394033676803,0.04051483539903818,-0.04304,0.11298000000000001,0.02152,6.110904714788472e-05,0.0,-8.450114369015421e-05,0.0002565894216074189,0.0,-0.00024258311258179915
343,5.486973799997941,hold,0.4559785386950152,1.519451773661402e-05,16.023200005292892,16.080199973657727,11293.6,0.0,0.15,3.0,0.0004,15.0,0.01,-0.03867440298846024,0.0,0.20633820512832893,-0.038992101457215544,0.0,0.20666528938460088,0.0,0.0,0.0,0.8729633465090214,0.0,0.9297188033433537,-0.9451959250394408,0.0,-0.854042249198192,0.6486867667720942,0.0,0.4084529575289247,0.529567855814666,-2.3625459734053638,-1.90979559886361,-0.0760474224484777,0.20670930691362419,0.04094917897470236,-0.040350000000000004,0.11029,0.02152,7.538661826924064e-05,0.0,-5.903976487905732e-05,0.00024231185048606297,0.0,-0.00026804449139289604
344,5.503066100180149,hold,0.4559785386950152,1.6178865383094272e-05,15.949999913573265,16.09230018220842,11293.6,0.0,0.15,3.0,0.0004,15.0,0.01,-0.03867440298846024,0.0,0.20633820512832893,-0.038992101457215544,0.0,0.20666528938460088,0.0,0.0,0.0,0.8676476416863242,0.0,0.9338812336235474,-0.9390329170611521,0.0,-0.8572909302857771,0.6450998213029384,0.0,0.4099407208175968,0.529567855814666,-2.3625459734053638,-1.90979559886361,-0.07649873156668868,0.20673776526921064,0.041359403200286006,-0.04304,0.11836,0.02152,8.740690568521307e-05,0.0,-4.60744432628057e-05,0.00023029156307009053,0.0,-0.00028100981300914767
345,5.519242500187829,hold,0.409742195910002,9.662136181015407e-05,15.90929995290935,16.17640000768006,11293.6,0.0,0.15,3.0,0.0004,15.0,0.01,-0.03859985286328957,0.0,0.20654684231763742,-0.038992101457215544,0.0,0.20666528938460088,0.0,0.0,0.0,0.8432801535324379,0.0,0.8861829090281998,-0.9268656528914732,0.0,-0.8453820357923445,0.6251932445319389,0.0,0.3890381310988102,0.529567855814666,-2.3610119926174784,-1.90979559886361,-0.08073108096055327,0.20265512484279352,0.040827798003793936,-0.04573,0.1076,0.024210000000000002,0.00017256231299273846,0.0,0.00016889798317146665,0.0002196862809332372,0.0,-0.00028734505013492295
346,5.535232100170106,hold,0.4559785386950152,3.4798297943961035e-05,15.950100030750036,15.989599982276559,11293.6,0.0,0.15,3.0,0.0004,15.0,0.01,-0.03867440298846024,0.0,0.20633820512832893,-0.038992101457215544,0.0,0.20666528938460088,0.0,0.0,0.0,0.8493230846019009,0.0,0.9252377548392803,-0.9214594050095226,0.0,-0.8540519479989812,0.6318849407055857,0.0,0.4057660760148262,0.529567855814666,-2.3625459734053638,-1.90979559886361,-0.078650728547823,0.20552896211257748,0.041867417877513365,-0.040350000000000004,0.12105,0.01883,7.667415008924726e-05,0.0,-0.000122961093221722,0.00024102431866605635,0.0,-0.00020412316305023137
347,5.551254600053653,hold,0.409742195910002,6.332593228042157e-05,16.88399980776012,16.022499883547425,11293.6,0.0,0.15,3.0,0.0004,15.0,0.01,-0.03859985286328957,0.0,0.20654684231763742,-0.038992101457215544,0.0,0.20666528938460088,0.0,0.0,0.0,0.8257068126254534,0.0,0.8829451935221599,-0.9097837861989292,0.0,-0.8467268048446815,0.6127173289746153,0.0,0.38709086174370866,0.529567855814666,-2.3610119926174784,-1.90979559886361,-0.08266415649102936,0.20178272884746595,0.04151238860754219,-0.04573,0.11567000000000001,0.024210000000000002,0.0001655895490950524,0.0,0.00010388889631071646,0.00022665904483092327,0.0,-0.00022233596327417277
348,5.568224600050598,hold,0.409742195910002,3.846217016910421e-05,15.11969999410212,16.969999996945262,11293.6,0.0,0.15,3.0,0.0004,15.0,0.01,-0.03859985286328957,0.0,0.20654684231763742,-0.038992101457215544,0.0,0.20666528938460088,0.0,0.0,0.0,0.8140370569780099,0.0,0.8756368288310592,-0.8993388787776129,0.0,-0.8442187339789673,0.6042453854296927,0.0,0.3837113527810067,0.529567855814666,-2.3610119926174784,-1.90979559886361,-0.08408093169373917,0.2009105941262568,0.041763285957674194,-0.03766,0.12105,0.024210000000000002,0.00014813497582381486,0.0,3.557073337948088e-05,0.0002441136181021608,0.0,-0.0001540178003429372
349,5.583418400026858,hold,0.4559785386950152,9.088427589464505e-05,15.761200105771422,15.19379997625947,11293.6,0.0,0.15,3.0,0.0004,15.0,0.01,-0.03867440298846024,0.0,0.20633820512832893,-0.038992101457215544,0.0,0.20666528938460088,0.0,0.0,0.0,0.8217967117892013,0.0,0.9240766683757602,-0.8950756402256188,0.0,-0.8601710888124308,0.6124710708987767,0.0,0.40427890998076255,0.529567855814666,-2.3625459734053638,-1.90979559886361,-0.08157678759605488,0.2043851651305462,0.04309647145318994,-0.04304,0.11029,0.024210000000000002,6.0463411915164325e-05,0.0,-0.0002262443889895419,0.0002572350568401393,0.0,-0.00010083986728241147
350,5.599256800021976,hold,0.4559785386950152,6.656082842471065e-05,15.920300036668777,15.83839999511838,11293.6,0.0,0.15,3.0,0.0004,15.0,0.01,-0.03867440298846024,0.0,0.20633820512832893,-0.038992101457215544,0.0,0.20666528938460088,0.0,0.0,0.0,0.8175275983649801,0.0,0.940012858333435,-0.8894008360779139,0.0,-0.8731124598046913,0.6100557882434687,0.0,0.41056932784079225,0.529567855814666,-2.3625459734053638,-1.90979559886361,-0.08161268019652733,0.20512383242415982,0.043922229072967944,-0.05111,0.1076,0.02152,8.048295129065044e-05,0.0,-0.00018354108866040547,0.00023721551746465317,0.0,-0.0001435431676115479
351,5.615301900077611,hold,0.28627217243872644,8.802591902397336e-05,17.80320005491376,16.045100055634975,11293.6,0.0,0.15,3.0,0.0004,15.0,0.01,-0.03870880912298251,0.0,0.20670648659418583,-0.038992101457215544,0.0,0.20666528938460088,0.0,0.0,0.0,0.8202540469361322,0.0,0.8630234639534173,-0.8850904703363415,0.0,-0.8574440679202062,0.6069774080697685,0.0,0.37734524795417407,0.529567855814666,-2.3610119926174784,-1.9082616180757246,-0.08380730763682974,0.20039537485917858,0.04110494024987072,-0.048420000000000005,0.12105,0.02152,6.113179362571638e-05,0.0,0.00022221708239073733,0.0002221605406073182,0.0,-0.000181019872805784
352,5.6336376999970526,hold,0.4559785386950152,0.00013962494674629475,13.864299980923533,18.335799919441342,11293.6,0.0,0.15,3.0,0.0004,15.0,0.01,-0.03867440298846024,0.0,0.20633820512832893,-0.038992101457215544,0.0,0.20666528938460088,0.0,0.0,0.0,0.8075390349933895,0.0,0.9373146270738668,-0.8766127179515996,0.0,-0.8760720725031423,0.6029268758393036,0.0,0.4091083805284557,0.529567855814666,-2.3625459734053638,-1.90979559886361,-0.08273350953141825,0.20457935895775944,0.044278486042070554,-0.04573,0.12105,0.02152,0.00012023578514358573,0.0,-0.0002641918111124244,0.00019746268361171788,0.0,-6.289244515952897e-05
353,5.647587500046939,hold,0.41542227336815724,0.00015420667254815025,15.712199965491891,13.949800049886107,11293.6,0.0,0.15,3.0,0.0004,15.0,0.01,-0.0388995902648341,0.0,0.20626029883595248,-0.038992101457215544,0.0,0.20666528938460088,0.0,0.0,0.0,0.8540518126240891,0.0,0.9749382752739747,-0.8839079746031776,0.0,-0.8963056892839371,0.6373992608729884,0.0,0.4265539184018619,0.5280338750267805,-2.3625459734053638,-1.90979559886361,-0.0757859375008773,0.2088783499232692,0.04342418801078754,-0.048420000000000005,0.11298000000000001,0.01883,-0.00010346503076748701,0.0,-0.00028696341784077153,0.00019597622314893457,0.0,-0.00011802713080762692
354,5.663389200111851,hold,0.4559785386950152,0.00010399318441149377,15.898700105026364,15.801700064912438,11293.6,0.0,0.15,3.0,0.0004,15.0,0.01,-0.03867440298846024,0.0,0.20633820512832893,-0.038992101457215544,0.0,0.20666528938460088,0.0,0.0,0.0,0.8063405004707197,0.0,0.976140825776376,-0.8690470597037716,0.0,-0.9058520373598818,0.6035184342267096,0.0,0.4247741854614832,0.529567855814666,-2.3625459734053638,-1.90979559886361,-0.08185279084740184,0.20673934083895196,0.04586413243143676,-0.04304,0.11029,0.01883,0.00021076503414961298,0.0,-0.00013539115134230623,0.00010693343460569063,0.0,-0.00019169310492964713
355,5.679389200173318,hold,0.4559785386950152,7.860081957921535e-05,15.721599804237485,16.00000006146729,11293.6,0.0,0.15,3.0,0.0004,15.0,0.01,-0.03867440298846024,0.0,0.20633820512832893,-0.038992101457215544,0.0,0.20666528938460088,0.0,0.0,0.0,0.7914965287326775,0.0,0.9856923150543256,-0.8558551266993812,0.0,-0.9137117677843508,0.593425399691269,0.0,0.42809034428819476,0.529567855814666,-2.3625459734053638,-1.90979559886361,-0.08316678955431064,0.20670103645512564,0.046928016081028985,-0.03766,0.12105,0.024210000000000002,0.00018709468622829382,0.0,-0.00011147068417612546,0.0001306037825270098,0.0,-0.0002156135720958279
356,5.695204199990258,hold,0.4559785386950152,6.105139696932556e-05,16.14090008661151,15.814999816939235,11293.6,0.0,0.15,3.0,0.0004,15.0,0.01,-0.03867440298846024,0.0,0.20633820512832893,-0.038992101457215544,0.0,0.20666528938460088,0.0,0.0,0.0,0.7783049657910244,0.0,0.9935516338266822,-0.8441324594654463,0.0,-0.9204744051271636,0.5844326624243666,0.0,0.43078287851814634,0.529567855814666,-2.3625459734053638,-1.90979559886361,-0.08435082438930686,0.20663124816624837,0.047848684347171835,-0.04304,0.11029,0.024210000000000002,0.00016625681370287612,0.0,-9.591115352907176e-05,0.0001514416550524275,0.0,-0.0002311731027428816
357,5.711432000156492,hold,0.4559785386950152,4.919355263495708e-05,15.755499945953488,16.227800166234374,11293.6,0.0,0.15,3.0,0.0004,15.0,0.01,-0.03867440298846024,0.0,0.20633820512832893,-0.038992101457215544,0.0,0.20666528938460088,0.0,0.0,0.0,0.7665826489113474,0.0,1.0003140097310876,-0.8336453501754761,0.0,-0.926606386588738,0.5764333257893616,0.0,0.43308586332749693,0.529567855814666,-2.3625459734053638,-1.90979559886361,-0.08540873024284659,0.20655663739574953,0.04865807783728193,-0.04573,0.11836,0.024210000000000002,0.00014873350413436887,0.0,-8.696687188520082e-05,0.00016896496462093474,0.0,-0.00024011738438675255
358,5.727283200016245,hold,0.28627217243872644,0.0001556352074096823,15.989899868145585,15.851199859753251,11293.6,0.0,0.15,3.0,0.0004,15.0,0.01,-0.03870880912298251,0.0,0.20670648659418583,-0.038992101457215544,0.0,0.20666528938460088,0.0,0.0,0.0,0.7644974142083513,0.0,0.9165157675650848,-0.8266092505667274,0.0,-0.9061760433580232,0.5696745729079129,0.0,0.3969737428508041,0.529567855814666,-2.3610119926174784,-1.9082616180757246,-0.08830318934033213,0.20124372745339883,0.04579536770545776,-0.048420000000000005,0.11836,0.024210000000000002,9.978953411389821e-05,0.0,0.00028975349215424413,0.00018350280011913636,0.0,-0.0002485562825692908
359,5.743399100145325,hold,0.409742195910002,7.467688326369804e-05,15.557700069621205,16.11590012907982,11293.6,0.0,0.15,3.0,0.0004,15.0,0.01,-0.03859985286328957,0.0,0.20654684231763742,-0.038992101457215544,0.0,0.20666528938460088,0.0,0.0,0.0,0.7308528877235287,0.0,0.9350986795904489,-0.8116562060242256,0.0,-0.9068371853254198,0.5479039911292443,0.0,0.40474349644710295,0.529567855814666,-2.3610119926174784,-1.90979559886361,-0.09130153244285162,0.2010263783667134,0.04795733238653117,-0.04573,0.11029,0.024210000000000002,0.0002120716634860108,0.0,-9.376650783571197e-06,0.00018017693043996487,0.0,-0.00010907041617988511
360,5.759032899979502,hold,0.409742195910002,5.349573946710767e-05,15.9748001024127,15.633799834176898,11293.6,0.0,0.15,3.0,0.0004,15.0,0.01,-0.03859985286328957,0.0,0.20654684231763742,-0.038992101457215544,0.0,0.20666528938460088,0.0,0.0,0.0,0.7159087000725786,0.0,0.9357490675841006,-0.7994936914358325,0.0,-0.9103812588698668,0.5374181148794347,0.0,0.4044642672964729,0.529567855814666,-2.3610119926174784,-1.90979559886361,-0.09285757638820763,0.20047771255125735,0.048673919972097024,-0.04573,0.1076,0.024210000000000002,0.00017249495202144668,0.0,-5.026384894068407e-05,0.00021975364190452898,0.0,-6.818321802277223e-05
361,5.77507960004732,hold,0.409742195910002,4.410718336460324e-05,17.5953998696059,16.046700067818165,11293.6,0.0,0.15,3.0,0.0004,15.0,0.01,-0.03859985286328957,0.0,0.20654684231763742,-0.038992101457215544,0.0,0.20666528938460088,0.0,0.0,0.0,0.7037468371951359,0.0,0.9392938480767912,-0.7893445952849674,0.0,-0.9157958130910658,0.5289939358592128,0.0,0.4054567071581859,0.529567855814666,-2.3610119926174784,-1.90979559886361,-0.09404610800126584,0.2002023711226228,0.04937617957368098,-0.048420000000000005,0.1076,0.0269,0.00014393963031914686,0.0,-7.679195480633338e-05,0.0002483089636068288,0.0,-4.1655112157122924e-05
362,5.7927484000101686,hold,0.4559785386950152,0.0001563140182187526,14.189000008627772,17.668799962848425,11293.6,0.0,0.15,3.0,0.0004,15.0,0.01,-0.03867440298846024,0.0,0.20633820512832893,-0.038992101457215544,0.0,0.20666528938460088,0.0,0.0,0.0,0.7118024990821434,0.0,0.9956556359674479,-0.7858756063401756,0.0,-0.9371712235048373,0.5377110735338161,0.0,0.4291763178922615,0.529567855814666,-2.3625459734053638,-1.90979559886361,-0.0912927501440222,0.2041469255326224,0.051011490818121716,-0.05111,0.11567000000000001,0.024210000000000002,4.919896105743017e-05,0.0,-0.0003031569143835573,0.00026849950769787344,0.0,-2.3927341888396042e-05
363,5.807041200110689,hold,0.409742195910002,3.353322267263096e-05,15.876400051638484,14.292800100520253,11293.6,0.0,0.15,3.0,0.0004,15.0,0.01,-0.03859985286328957,0.0,0.20654684231763742,-0.038992101457215544,0.0,0.20666528938460088,0.0,0.0,0.0,0.6901234759243209,0.0,0.9660674975907688,-0.7759500201527377,0.0,-0.9386142782001398,0.5203848879108042,0.0,0.41579156728432676,0.529567855814666,-2.3610119926174784,-1.90979559886361,-0.09478909891594829,0.20118834284994522,0.05106335904660517,-0.0538,0.1076,0.0269,0.0001407696986296519,0.0,-2.0466133760536085e-05,0.00025147889529632375,0.0,-9.798093320292022e-05
364,5.822989200009033,hold,0.409742195910002,2.973095458218223e-05,15.856300015002489,15.947999898344278,11293.6,0.0,0.15,3.0,0.0004,15.0,0.01,-0.03859985286328957,0.0,0.20654684231763742,-0.038992101457215544,0.0,0.20666528938460088,0.0,0.0,0.0,0.6802037082087066,0.0,0.9675263919848748,-0.767010355103279,0.0,-0.9416598081294022,0.5134617664475555,0.0,0.41602168311459153,0.529567855814666,-2.3610119926174784,-1.90979559886361,-0.09579547823892672,0.2008824525948722,0.05157958612187685,-0.048420000000000005,0.11298000000000001,0.0269,0.00012678686488613064,0.0,-4.319325047546806e-05,0.000265461729039845,0.0,-7.525381648798824e-05
365,5.838903700001538,hold,0.409742195910002,2.8819211524847737e-05,16.046600183472037,15.914499992504716,11293.6,0.0,0.15,3.0,0.0004,15.0,0.01,-0.03859985286328957,0.0,0.20654684231763742,-0.038992101457215544,0.0,0.20666528938460088,0.0,0.0,0.0,0.6712642688912733,0.0,0.9705722780111532,-0.7586656288942968,0.0,-0.9457614150183751,0.5072856480999857,0.0,0.41692926862117285,0.529567855814666,-2.3610119926174784,-1.90979559886361,-0.09665773324662393,0.20070506154142811,0.052113163742571744,-0.05111,0.10491,0.0269,0.00011834914043385011,0.0,-5.817106967332239e-05,0.00027389945349212555,0.0,-6.027599729013391e-05
366,5.855024400167167,hold,0.4559785386950152,0.00013070836111839283,18.040899885818362,16.120700165629387,11293.6,0.0,0.15,3.0,0.0004,15.0,0.01,-0.03867440298846024,0.0,0.20633820512832893,-0.038992101457215544,0.0,0.20666528938460088,0.0,0.0,0.0,0.6811239625623948,0.0,1.0256209245541608,-0.7559363045435482,0.0,-0.9653745706019009,0.5172293659307148,0.0,0.4401672003578322,0.529567855814666,-2.3625459734053638,-1.90979559886361,-0.09374329091957996,0.20464895189756355,0.053613218175688156,-0.05111,0.1076,0.0269,3.8708662547680276e-05,0.0,-0.00027816372237679196,0.00027898980620762333,0.0,-4.892053389516141e-05
367,5.87314060004428,hold,0.4559785386950152,7.619291292510412e-05,13.917000032961369,18.116199877113104,11293.6,0.0,0.15,3.0,0.0004,15.0,0.01,-0.03867440298846024,0.0,0.20633820512832893,-0.038992101457215544,0.0,0.20666528938460088,0.0,0.0,0.0,0.6783886283097792,0.0,1.0452172122466825,-0.751314270998065,0.0,-0.9797695539183116,0.5160287150295655,0.0,0.44799527776652004,0.529567855814666,-2.3625459734053638,-1.90979559886361,-0.09352290919374749,0.20565571732629068,0.05451218717347752,-0.0538,0.1076,0.0269,6.555202453204e-05,0.0,-0.0002041569560692173,0.0002521464442232636,0.0,-0.00012292730020273607
368,5.8871367000974715,hold,0.409742195910002,4.9920268977662886e-05,15.872500138357282,13.996100053191185,11293.6,0.0,0.15,3.0,0.0004,15.0,0.01,-0.03859985286328957,0.0,0.20654684231763742,-0.038992101457215544,0.0,0.20666528938460088,0.0,0.0,0.0,0.6555618746501918,0.0,1.0086641894930695,-0.7398889002049327,0.0,-0.9753852969490604,0.49762523966285277,0.0,0.43176661859317245,0.529567855814666,-2.3610119926174784,-1.90979559886361,-0.09732749807771285,0.20225204545216652,0.054343440855558055,-0.0538,0.11298000000000001,0.0269,0.00016204040475884774,0.0,6.217975650219386e-05,0.00023020818916712793,0.0,-0.00018062682346565016
369,5.903080099960789,hold,0.409742195910002,3.8082543604855695e-05,16.374200116842985,15.943399863317609,11293.6,0.0,0.15,3.0,0.0004,15.0,0.01,-0.03859985286328957,0.0,0.20654684231763742,-0.038992101457215544,0.0,0.20666528938460088,0.0,0.0,0.0,0.6441422304912843,0.0,1.004296021395897,-0.7293230303563695,0.0,-0.973769739720798,0.4894358802999355,0.0,0.42958541638833236,0.529567855814666,-2.3610119926174784,-1.90979559886361,-0.09864208602317139,0.20155661091565982,0.05469888888060921,-0.0538,0.11567000000000001,0.02959,0.00014985052633211711,0.0,2.2912652194716622e-05,0.00024239806759385855,0.0,-0.00014135971915817293
370,5.919555200031027,hold,0.4559785386950152,8.64361245579166e-05,16.09480008482933,16.475100070238113,11293.6,0.0,0.15,3.0,0.0004,15.0,0.01,-0.03867440298846024,0.0,0.20633820512832893,-0.038992101457215544,0.0,0.20666528938460088,0.0,0.0,0.0,0.6517808344122142,0.0,1.0536278863510509,-0.724701104545173,0.0,-0.9891952437796464,0.4976150379391479,0.0,0.45041504822258566,0.529567855814666,-2.3625459734053638,-1.90979559886361,-0.0961041200645912,0.2050919536243449,0.05607592198377824,-0.0538,0.11836,0.02959,6.55504965897314e-05,0.0,-0.00021877232402886046,0.0002521479721655722,0.0,-0.0001083119322430929
371,5.935749000171199,hold,0.4559785386950152,5.683452971823306e-05,15.697899973019958,16.193800140172243,11293.6,0.0,0.15,3.0,0.0004,15.0,0.01,-0.03867440298846024,0.0,0.20633820512832893,-0.038992101457215544,0.0,0.20666528938460088,0.0,0.0,0.0,0.6471529770777308,0.0,1.0690368872425267,-0.7185347662200398,0.0,-1.0007052333893156,0.4949278141239017,0.0,0.4564788925264795,0.529567855814666,-2.3625459734053638,-1.90979559886361,-0.09619142549658173,0.2057866084092841,0.056897517383194755,-0.0538,0.1076,0.0269,8.74541383536701e-05,0.0,-0.00016324051174269161,0.00023024433040163352,0.0,-0.00016384374452926175
372,5.95154090016149,hold,0.409742195910002,6.603314930787467e-05,15.938400058075786,15.791899990290403,11293.6,0.0,0.15,3.0,0.0004,15.0,0.01,-0.03859985286328957,0.0,0.20654684231763742,-0.038992101457215544,0.0,0.20666528938460088,0.0,0.0,0.0,0.6227820017030216,0.0,1.029599181361352,-0.7059024635277273,0.0,-0.994498432553666,0.4753325308837343,0.0,0.43904474797709525,0.529567855814666,-2.3610119926174784,-1.90979559886361,-0.10023729823455689,0.20215594304813533,0.05668568830374314,-0.0538,0.11567000000000001,0.02959,0.00017915772523802664,0.0,8.802799820472969e-05,0.00021309086868794903,0.0,-0.000206475065168186
373,5.9676173001062125,hold,0.409742195910002,4.609003230779196e-05,15.762299997732043,16.076399944722652,11293.6,0.0,0.15,3.0,0.0004,15.0,0.01,-0.03859985286328957,0.0,0.20654684231763742,-0.038992101457215544,0.0,0.20666528938460088,0.0,0.0,0.0,0.6101555060953701,0.0,1.0234087226904018,-0.6944365282631115,0.0,-0.9918902865778785,0.4662283278986053,0.0,0.43608268392668914,0.529567855814666,-2.3610119926174784,-1.90979559886361,-0.101725922540343,0.20130977635743552,0.057024966043953934,-0.05111,0.11567000000000001,0.02959,0.00016261571067206602,0.0,3.699004935934339e-05,0.00022963288325390964,0.0,-0.0001554371163227997
374,5.983475300017744,hold,0.4559785386950152,8.472639283728129e-05,15.988099854439497,15.857999911531806,11293.6,0.0,0.15,3.0,0.0004,15.0,0.01,-0.03867440298846024,0.0,0.20633820512832893,-0.038992101457215544,0.0,0.20666528938460088,0.0,0.0,0.0,0.616894117770058,0.0,1.0717481967496565,-0.6891800200170959,0.0,-1.0069418080814148,0.47373415089743515,0.0,0.4564576086194423,0.529567855814666,-2.3625459734053638,-1.90979559886361,-0.0993045435144575,0.20475593037728546,0.0584057299401415,-0.0538,0.11029,0.02959,7.455046660845188e-05,0.0,-0.00021346831370545416,0.00024314800214685173,0.0,-0.0001136159425664992
375,5.999545400030911,hold,0.409742195910002,5.088905292545265e-05,15.513999853283167,16.070100013166666,11293.6,0.0,0.15,3.0,0.0004,15.0,0.01,-0.03859985286328957,0.0,0.20654684231763742,-0.038992101457215544,0.0,0.20666528938460088,0.0,0.0,0.0,0.5934274631904535,0.0,1.035836574604554,-0.6772781795759333,0.0,-1.0036231708777625,0.45491533793423344,0.0,0.4405023908946577,0.529567855814666,-2.3610119926174784,-1.90979559886361,-0.1031658254695752,0.20135975570252274,0.05828913930313047,-0.0538,0.11567000000000001,0.0269,0.00016879793902360265,0.0,4.706659639009929e-05,0.000223450654902373,0.0,-0.0001655136633535556
376,6.015139300143346,hold,0.26751335197086124,4.948281302310306e-06,15.854900004342198,15.593900112435222,11293.6,0.0,0.15,3.0,0.0004,15.0,0.01,-0.03878360401111794,0.0,0.2064976820803046,-0.038992101457215544,0.0,0.20666528938460088,0.0,0.0,0.0,0.6264013008082826,0.0,1.0445385108278393,-0.6794878048012764,0.0,-1.0067794978998656,0.47812599223388175,0.0,0.44436254836514755,0.529567855814666,-2.3625459734053638,-1.9082616180757246,-0.09909169207245103,0.20352761897836263,0.057020924390795195,-0.0538,0.1076,0.0269,-3.133802590417253e-05,0.0,-4.4764631054276604e-05,0.00023983547200177776,0.0,-0.0001228426732419923
377,6.031063900096342,hold,0.409742195910002,7.527817309462824e-05,15.940600074827671,15.924599952995777,11293.6,0.0,0.15,3.0,0.0004,15.0,0.01,-0.03859985286328957,0.0,0.20654684231763742,-0.038992101457215544,0.0,0.20666528938460088,0.0,0.0,0.0,0.5837262637477049,0.0,1.0356871485400945,-0.6644698774379822,0.0,-1.007323903074994,0.44808756165672475,0.0,0.4400899155907316,0.529567855814666,-2.3610119926174784,-1.90979559886361,-0.10419069960088422,0.2009711340413947,0.05873174589724263,-0.05918,0.1076,0.02959,0.00021299186456599786,0.0,-7.721030374229502e-06,0.0001792567293599778,0.0,-0.0001107260365892268
378,6.047079700045288,hold,0.409742195910002,5.938035302636208e-05,15.955799957737327,16.01579994894564,11293.6,0.0,0.15,3.0,0.0004,15.0,0.01,-0.03859985286328957,0.0,0.20654684231763742,-0.038992101457215544,0.0,0.20666528938460088,0.0,0.0,0.0,0.5687223648812816,0.0,1.0362357829275066,-0.651348894269106,0.0,-1.009769482712044,0.4375560011565177,0.0,0.4397673630367046,0.529567855814666,-2.3610119926174784,-1.90979559886361,-0.10575565342884086,0.20041435243291128,0.059447075622426925,-0.056490000000000005,0.12105,0.03228,0.00018608843966768442,0.0,-3.468445107232345e-05,0.00020616015425829124,0.0,-8.376261589113285e-05
379,6.063111800001934,hold,0.409742195910002,4.978024019365667e-05,16.045600175857544,16.03209995664656,11293.6,0.0,0.15,3.0,0.0004,15.0,0.01,-0.03859985286328957,0.0,0.20654684231763742,-0.038992101457215544,0.0,0.20666528938460088,0.0,0.0,0.0,0.555601811185387,0.0,1.0386818096365669,-0.6397150893162158,0.0,-1.0135105123696486,0.42841775275783783,0.0,0.4402805975307819,0.529567855814666,-2.3610119926174784,-1.90979559886361,-0.10707343441027457,0.20003907438155463,0.06015026575407256,-0.05918,0.11567000000000001,0.03228,0.00016499652375264278,0.0,-5.3057180454702956e-05,0.00022725207017333288,0.0,-6.538988650875335e-05
380,6.079230400035158,hold,0.4559785386950152,0.0001349347319500563,16.136900056153536,16.11860003322363,11293.6,0.0,0.15,3.0,0.0004,15.0,0.01,-0.03867440298846024,0.0,0.20633820512832893,-0.038992101457215544,0.0,0.20666528938460088,0.0,0.0,0.0,0.5621726388977395,0.0,1.0933699359888858,-0.6345149453669949,0.0,-1.0329466307773336,0.436024485570178,0.0,0.46318385719464594,0.529567855814666,-2.3625459734053638,-1.90979559886361,-0.10450091445684102,0.20384229742769397,0.06179212424262858,-0.056490000000000005,0.11029,0.03228,7.375107955730621e-05,0.0,-0.00027565289133681765,0.0002439473891979974,0.0,-5.1431364935135716e-05
381,6.095468600047752,hold,0.4559785386950152,8.222662786750542e-05,15.710399951785803,16.23820001259446,11293.6,0.0,0.15,3.0,0.0004,15.0,0.01,-0.03867440298846024,0.0,0.20633820512832893,-0.038992101457215544,0.0,0.20666528938460088,0.0,0.0,0.0,0.5569666801559119,0.0,1.1127892302580713,-0.6281348844157825,0.0,-1.0472984496816165,0.4330786564618241,0.0,0.47084900545693054,0.529567855814666,-2.3625459734053638,-1.90979559886361,-0.10454504790383223,0.204742264681324,0.06279853844579011,-0.056490000000000005,0.1076,0.03497,9.048526105971197e-05,0.0,-0.00020354477647881205,0.00022721320769559164,0.0,-0.00012353947979314132
382,6.111262100050226,hold,0.26751335197086124,3.198140937389842e-07,16.320599941536784,15.793500002473593,11293.6,0.0,0.15,3.0,0.0004,15.0,0.01,-0.03878360401111794,0.0,0.2064976820803046,-0.038992101457215544,0.0,0.20666528938460088,0.0,0.0,0.0,0.5772519735515194,0.0,1.0881974362321463,-0.6286595823111448,0.0,-1.0464713255072513,0.4451262339271041,0.0,0.46022784375369624,0.529567855814666,-2.3625459734053638,-1.9082616180757246,-0.10313688317466416,0.20408220674881938,0.061017745945193325,-0.056490000000000005,0.11836,0.040350000000000004,-7.441531734946532e-06,0.0,1.173069464673534e-05,0.00021593897783255176,0.0,-0.00017933799894300425
383,6.1276814001612365,hold,0.409742195910002,8.910943808203432e-05,15.80450008623302,16.41930011101067,11293.6,0.0,0.15,3.0,0.0004,15.0,0.01,-0.03859985286328957,0.0,0.20654684231763742,-0.038992101457215544,0.0,0.20666528938460088,0.0,0.0,0.0,0.5328976488905992,0.0,1.0753780521881375,-0.6125522272731049,0.0,-1.0436639374107044,0.4137827155304836,0.0,0.4542993571396907,0.529567855814666,-2.3610119926174784,-1.90979559886361,-0.10851612324855334,0.20123247059616994,0.06264913236467048,-0.056490000000000005,0.11029,0.03766,0.000228442680523534,0.0,3.981580219287816e-05,0.00016380591340244168,0.0,-0.00015826286915633447
384,6.143771999981254,hold,0.409742195910002,6.295606701419877e-05,15.487700002267957,16.090599820017815,11293.6,0.0,0.15,3.0,0.0004,15.0,0.01,-0.03859985286328957,0.0,0.20654684231763742,-0.038992101457215544,0.0,0.20666528938460088,0.0,0.0,0.0,0.5168044550835159,0.0,1.0725750181108595,-0.5988116858284311,0.0,-1.0434075746797924,0.4023634848846969,0.0,0.45258161625092747,0.529567855814666,-2.3610119926174784,-1.90979559886361,-0.11028220249284909,0.20044274845961746,0.06328245890913423,-0.05918,0.11567000000000001,0.02959,0.00019487532944129776,0.0,3.6358663044041228e-06,0.0001973732644846779,0.0,-0.00012208293326786043
385,6.159325300017372,hold,0.409742195910002,4.8111090748931984e-05,17.292599892243743,15.553300036117435,11293.6,0.0,0.15,3.0,0.0004,15.0,0.01,-0.03859985286328957,0.0,0.20654684231763742,-0.038992101457215544,0.0,0.20666528938460088,0.0,0.0,0.0,0.503064455136819,0.0,1.072319257461169,-0.5869125124606807,0.0,-1.0450637586704814,0.3926915695661398,0.0,0.45197957173902437,0.529567855814666,-2.3610119926174784,-1.90979559886361,-0.11173489046327116,0.19988983116428632,0.06390758874906363,-0.056490000000000005,0.11567000000000001,0.0269,0.00016876011323544698,0.0,-2.3488841549691562e-05,0.00022348848069052868,0.0,-9.495822541376474e-05
386,6.176718200091273,hold,0.41542227336815724,0.00022283215370556893,14.65749996714294,17.39290007390082,11293.6,0.0,0.15,3.0,0.0004,15.0,0.01,-0.0388995902648341,0.0,0.20626029883595248,-0.038992101457215544,0.0,0.20666528938460088,0.0,0.0,0.0,0.5643581265986861,0.0,1.1439465006093692,-0.5977717612594697,0.0,-1.0685280544545595,0.4398920110685373,0.0,0.4841185925274242,0.5280338750267805,-2.3625459734053638,-1.90979559886361,-0.10184214217935406,0.20717731161131447,0.06350668560082154,-0.05918,0.11567000000000001,0.03766,-0.00015401137543741782,0.0,-0.00033278254641142766,0.0002465225678188654,0.0,-7.220800223697079e-05
387,6.191501500084996,hold,0.4559785386950152,9.143543574139228e-05,15.777399996295571,14.783299993723631,11293.6,0.0,0.15,3.0,0.0004,15.0,0.01,-0.03867440298846024,0.0,0.20633820512832893,-0.038992101457215544,0.0,0.20666528938460088,0.0,0.0,0.0,0.52020512754856,0.0,1.1483639349375854,-0.5856030680391016,0.0,-1.0797632319134491,0.4085235082002901,0.0,0.48388478035360993,0.529567855814666,-2.3625459734053638,-1.90979559886361,-0.10749010169133004,0.20532495297086945,0.06590305171337849,-0.05918,0.11029,0.03228,0.00017258258051458043,0.0,-0.00015934298640620762,0.00014511588824072318,0.0,-0.00016774126986574575
388,6.20736310002394,hold,0.409742195910002,0.00010567405332849448,15.855700010433793,15.861599938943982,11293.6,0.0,0.15,3.0,0.0004,15.0,0.01,-0.03859985286328957,0.0,0.20654684231763742,-0.038992101457215544,0.0,0.20666528938460088,0.0,0.0,0.0,0.48984890073125037,0.0,1.1086571239840035,-0.569019162411596,0.0,-1.0732827817652362,0.3847163768382707,0.0,0.4661976998057021,0.529567855814666,-2.3610119926174784,-1.90979559886361,-0.11218818218297721,0.2014346934085009,0.0659536232820236,-0.056490000000000005,0.11567000000000001,0.040350000000000004,0.00023520136274078892,0.0,9.190903157971428e-05,0.00015704723118518675,0.0,-0.0002103560985431706
389,6.2233002001885325,hold,0.409742195910002,6.607860935889333e-05,15.813899924978614,15.937100164592266,11293.6,0.0,0.15,3.0,0.0004,15.0,0.01,-0.03859985286328957,0.0,0.20654684231763742,-0.038992101457215544,0.0,0.20666528938460088,0.0,0.0,0.0,0.47327126320633406,0.0,1.1021930066324974,-0.55523352114441,0.0,-1.0704206282177933,0.37282360873592857,0.0,0.4629815693836351,0.529567855814666,-2.3610119926174784,-1.90979559886361,-0.11409971190485214,0.2004181678517562,0.06646476367719188,-0.05918,0.11029,0.03228,0.000195514958003622,0.0,4.059251360038227e-05,0.00019673363592235366,0.0,-0.00015903958056383857
390,6.239189400104806,hold,0.4559785386950152,8.6665664683304e-05,18.07069987989962,15.889199916273355,11293.6,0.0,0.15,3.0,0.0004,15.0,0.01,-0.03867440298846024,0.0,0.20633820512832893,-0.038992101457215544,0.0,0.20666528938460088,0.0,0.0,0.0,0.4776905579507494,0.0,1.1502784778218953,-0.5488990190647618,0.0,-1.0852486785769215,0.37867576500822203,0.0,0.48308813925702726,0.529567855814666,-2.3625459734053638,-1.90979559886361,-0.11191326004120042,0.20376911163664965,0.06794745488694975,-0.06187,0.11567000000000001,0.03228,8.983912203085401e-05,0.0,-0.00021029893256698312,0.0002278593467244496,0.0,-0.00011678532370497025
391,6.2573345000855625,hold,0.409742195910002,5.275983201399831e-05,14.038499910384417,18.14509998075664,11293.6,0.0,0.15,3.0,0.0004,15.0,0.01,-0.03859985286328957,0.0,0.20654684231763742,-0.038992101457215544,0.0,0.20666528938460088,0.0,0.0,0.0,0.4531462055346654,0.0,1.114143391817679,-0.536816624305671,0.0,-1.081742222684216,0.3591043469667784,0.0,0.4670848832144551,0.529567855814666,-2.3610119926174784,-1.90979559886361,-0.11590945895090338,0.2003079325709503,0.06786713231680876,-0.06187,0.1076,0.03497,0.00017135865195693148,0.0,4.973033631998949e-05,0.00022088994196904418,0.0,-0.0001681774032834458
392,6.271443800069392,hold,0.4559785386950152,7.786121821259825e-05,17.32719992287457,14.10929998382926,11293.6,0.0,0.15,3.0,0.0004,15.0,0.01,-0.03867440298846024,0.0,0.20633820512832893,-0.038992101457215544,0.0,0.20666528938460088,0.0,0.0,0.0,0.4592740763425928,0.0,1.161599944564322,-0.5316593303616834,0.0,-1.0961292298022063,0.366134088571633,0.0,0.4869884395248875,0.529567855814666,-2.3625459734053638,-1.90979559886361,-0.11355721191112772,0.20369153187123953,0.06924654474918049,-0.05918,0.11567000000000001,0.040350000000000004,7.314335904497925e-05,0.0,-0.00020404383357683893,0.00024455510971032435,0.0,-0.00012304042269511444
393,6.288896700134501,hold,0.4559785386950152,5.318796678531979e-05,14.351099962368608,17.452900065109134,11293.6,0.0,0.15,3.0,0.0004,15.0,0.01,-0.03867440298846024,0.0,0.20633820512832893,-0.038992101457215544,0.0,0.20666528938460088,0.0,0.0,0.0,0.4541110755024753,0.0,1.1759706258322484,-0.5256449280581993,0.0,-1.1072373738995702,0.36303189593815555,0.0,0.4926123737594173,0.529567855814666,-2.3625459734053638,-1.90979559886361,-0.11372774279970754,0.20430621414025443,0.07005200377324018,-0.06456,0.11029,0.03766,8.529930461643562e-05,0.0,-0.00015754133482813638,0.000232399164138868,0.0,-0.00016954292144381698
394,6.303336500190198,hold,0.4559785386950152,4.0442037153928964e-05,15.883499989286065,14.43980005569756,11293.6,0.0,0.15,3.0,0.0004,15.0,0.01,-0.03867440298846024,0.0,0.20633820512832893,-0.038992101457215544,0.0,0.20666528938460088,0.0,0.0,0.0,0.44809647808471387,0.0,1.1870780141697177,-0.5189303439456658,0.0,-1.1159689528895067,0.35920980519583257,0.0,0.49688441921584414,0.529567855814666,-2.3625459734053638,-1.90979559886361,-0.1140724883912014,0.20470206394031204,0.07076829598289391,-0.06725,0.11567000000000001,0.03497,9.522963823950864e-05,0.0,-0.00012383568282647108,0.00022246883051579497,0.0,-0.0002032485734454823
395,6.319286700105295,hold,0.26751335197086124,6.157198964740233e-06,15.91249997727573,15.950199915096164,11293.6,0.0,0.15,3.0,0.0004,15.0,0.01,-0.03878360401111794,0.0,0.2064976820803046,-0.038992101457215544,0.0,0.20666528938460088,0.0,0.0,0.0,0.4680473534372239,0.0,1.1568665999421743,-0.5194615923131836,0.0,-1.1117040528829145,0.3707856665794138,0.0,0.484034974906123,0.529567855814666,-2.3625459734053638,-1.9082616180757246,-0.11285576233927411,0.20370672199929163,0.06878032896082961,-0.06456,0.11836,0.03497,-7.534433854155468e-06,0.0,6.048697550714246e-05,0.0002160318799517607,0.0,-0.00022809427980341137
396,6.335287000052631,hold,0.4559785386950152,7.269596307149322e-05,15.812499914318323,16.000299947336316,11293.6,0.0,0.15,3.0,0.0004,15.0,0.01,-0.03867440298846024,0.0,0.20633820512832893,-0.038992101457215544,0.0,0.20666528938460088,0.0,0.0,0.0,0.4419039386636176,0.0,1.1915567483370426,-0.5089070882815774,0.0,-1.1220331541923843,0.35501750099501955,0.0,0.49846776005060184,0.529567855814666,-2.3625459734053638,-1.90979559886361,-0.11460784396395085,0.20471416863769237,0.07123159403679391,-0.06456,0.11029,0.040350000000000004,0.00014968933055007518,0.0,-0.00014649255479635417,0.00016800913820522843,0.0,-0.0001805917014755992
397,6.351185100153089,hold,0.409742195910002,9.162005993380818e-05,17.766700126230717,15.898100100457668,11293.6,0.0,0.15,3.0,0.0004,15.0,0.01,-0.03859985286328957,0.0,0.20654684231763742,-0.038992101457215544,0.0,0.20666528938460088,0.0,0.0,0.0,0.4131532914289224,0.0,1.1509268012446532,-0.49356416526199287,0.0,-1.1157518411913845,0.3323141841413923,0.0,0.48051152643922046,0.529567855814666,-2.3610119926174784,-1.90979559886361,-0.11916948162819833,0.2008288205776087,0.0711687381938604,-0.06187,0.11029,0.03228,0.00021760111783608138,0.0,8.908476753426798e-05,0.00017464747608989428,0.0,-0.0002075318344977243
398,6.369038600008935,hold,0.4559785386950152,7.49053417656669e-05,13.927299994975328,17.853499855846167,11293.6,0.0,0.15,3.0,0.0004,15.0,0.01,-0.03867440298846024,0.0,0.20633820512832893,-0.038992101457215544,0.0,0.20666528938460088,0.0,0.0,0.0,0.4160208400114648,0.0,1.1956089018499467,-0.48600720143831816,0.0,-1.1286982045056388,0.33695272044332275,0.0,0.4991507426794092,0.529567855814666,-2.3625459734053638,-1.90979559886361,-0.11722583417951608,0.20393103887433886,0.07258999730847124,-0.06456,0.11836,0.03766,0.0001071766946480432,0.0,-0.00018361189230356228,0.00021052177410726042,0.0,-0.00014347236396839108
399,6.383054499980062,hold,0.4559785386950152,5.746677936706688e-05,16.27969997934997,14.01589997112751,11293.6,0.0,0.15,3.0,0.0004,15.0,0.01,-0.03867440298846024,0.0,0.20633820512832893,-0.038992101457215544,0.0,0.20666528938460088,0.0,0.0,0.0,0.40845837458160256,0.0,1.2085392573780402,-0.47832925295623463,0.0,-1.1393494694637398,0.3321087344187517,0.0,0.5041032002856465,0.529567855814666,-2.3625459734053638,-1.90979559886361,-0.11768615356062849,0.20436990047535625,0.07344981806225519,-0.06456,0.1076,0.03497,0.00010889256044996221,0.0,-0.00015106164309712085,0.0002088059083053414,0.0,-0.0001760226131748325
400,6.399422600166872,hold,0.4559785386950152,4.690305783540683e-05,15.567699912935495,16.368100186809897,11293.6,0.0,0.15,3.0,0.0004,15.0,0.01,-0.03867440298846024,0.0,0.20633820512832893,-0.038992101457215544,0.0,0.20666528938460088,0.0,0.0,0.0,0.40078040649256574,0.0,1.2191900010721515,-0.47055379958797694,0.0,-1.1483077895308211,0.32709921323013413,0.0,0.5081289980155079,0.529567855814666,-2.3625459734053638,-1.90979559886361,-0.11821773776411791,0.20467466467641,0.07422514858139947,-0.06725,0.11836,0.03766,0.00011027542421059597,0.0,-0.00012705143980987446,0.00020742304454470764,0.0,-0.0002000328164620789
401,6.415109000168741,hold,0.4559785386950152,4.0727081528749834e-05,15.83809987641871,15.686400001868606,11293.6,0.0,0.15,3.0,0.0004,15.0,0.01,-0.03867440298846024,0.0,0.20633820512832893,-0.038992101457215544,0.0,0.20666528938460088,0.0,0.0,0.0,0.39300492986730434,0.0,1.2281479175655206,-0.4627031294872925,0.0,-1.1560890634340113,0.3219585070088604,0.0,0.5114662294321968,0.529567855814666,-2.3625459734053638,-1.90979559886361,-0.11880347762917598,0.20487938932606853,0.07493828068103979,-0.06456,0.11029,0.040350000000000004,0.00011134218606784793,0.0,-0.00011035797398980623,0.00020635628268745568,0.0,-0.00021672628228214713
402,6.431022500153631,hold,0.4559785386950152,3.72958805197085e-05,15.778299886733294,15.913499984890223,11293.6,0.0,0.15,3.0,0.0004,15.0,0.01,-0.03867440298846024,0.0,0.20633820512832893,-0.038992101457215544,0.0,0.20666528938460088,0.0,0.0,0.0,0.38515424183620234,0.0,1.235928910929715,-0.45479720388654366,0.0,-1.1631164371934288,0.31672137430666125,0.0,0.5143244669945153,0.529567855814666,-2.3625459734053638,-1.90979559886361,-0.11942764931322244,0.20501427185279048,0.07560851349283726,-0.06456,0.11298000000000001,0.04573,0.00011212584760126267,0.0,-9.966577969199817e-05,0.00020557262115404094,0.0,-0.0002274184765799552
403,6.4468648000620306,hold,0.409742195910002,8.152950708845682e-05,16.403600107878447,15.842299908399582,11293.6,0.0,0.15,3.0,0.0004,15.0,0.01,-0.03859985286328957,0.0,0.20654684231763742,-0.038992101457215544,0.0,0.20666528938460088,0.0,0.0,0.0,0.35904402495644283,0.0,1.1920093170922719,-0.4415324022266892,0.0,-1.1548318998985587,0.295752723430512,0.0,0.4951647897671077,0.529567855814666,-2.3610119926174784,-1.90979559886361,-0.12380427600815874,0.20104060002970442,0.07529275375014087,-0.06456,0.11567000000000001,0.04304,0.00018812814646686563,0.0,0.00011749551071965479,0.00020412044745911004,0.0,-0.0002359425776831111
404,6.463377500185743,hold,0.409742195910002,4.5619156258115095e-05,17.661199904978275,16.51270012371242,11293.6,0.0,0.15,3.0,0.0004,15.0,0.01,-0.03859985286328957,0.0,0.20654684231763742,-0.038992101457215544,0.0,0.20666528938460088,0.0,0.0,0.0,0.3457852942887722,0.0,1.1837416952658828,-0.4302114472327317,0.0,-1.1518834347386606,0.28612852613524925,0.0,0.4913396263824879,0.529567855814666,-2.3610119926174784,-1.90979559886361,-0.12541303653456476,0.20005174962451902,0.07557923003443386,-0.06456,0.11029,0.03766,0.00016055952692408385,0.0,4.1816628674707664e-05,0.0002316890670018918,0.0,-0.00016026369563816397
405,6.481131999986246,hold,0.4559785386950152,9.119772291739461e-05,13.952200068160892,17.754499800503254,11293.6,0.0,0.15,3.0,0.0004,15.0,0.01,-0.03867440298846024,0.0,0.20633820512832893,-0.038992101457215544,0.0,0.20666528938460088,0.0,0.0,0.0,0.35266907154301513,0.0,1.2317412642675485,-0.4256052935619443,0.0,-1.1677697973529684,0.2937060219225182,0.0,0.5114294005488853,0.529567855814666,-2.3625459734053638,-1.90979559886361,-0.12295388811177677,0.2035042803007382,0.07694794415167416,-0.06725,0.11567000000000001,0.03766,6.532680809313266e-05,0.0,-0.0002253084538591603,0.00025237166066217095,0.0,-0.00010177580241279308
406,6.495163400191814,hold,0.409742195910002,4.108561062126672e-05,15.983100049197674,14.03140020556748,11293.6,0.0,0.15,3.0,0.0004,15.0,0.01,-0.03859985286328957,0.0,0.20654684231763742,-0.038992101457215544,0.0,0.20666528938460088,0.0,0.0,0.0,0.3298528919754237,0.0,1.1966647633088827,-0.41464395955555683,0.0,-1.166007415821003,0.27539303958920613,0.0,0.4959885071551394,0.529567855814666,-2.3610119926174784,-1.90979559886361,-0.12675642324891562,0.20016101681936083,0.07682617609907008,-0.06725,0.11567000000000001,0.04304,0.00015545919964011964,0.0,2.4994988954831518e-05,0.00023678939428585603,0.0,-0.00014344205591828782
407,6.511272800154984,hold,0.409742195910002,3.3080715475813796e-05,15.933899907395244,16.10939996317029,11293.6,0.0,0.15,3.0,0.0004,15.0,0.01,-0.03859985286328957,0.0,0.20654684231763742,-0.038992101457215544,0.0,0.20666528938460088,0.0,0.0,0.0,0.3188974006455525,0.0,1.1949187658766172,-0.4048071987939395,0.0,-1.1675823076097134,0.26762524815574756,0.0,0.49488474586011133,0.529567855814666,-2.3610119926174784,-1.90979559886361,-0.1279545026100511,0.19963261696151902,0.0772637197584963,-0.07263,0.11567000000000001,0.040350000000000004,0.00013950993137890348,0.0,-2.2335914301127032e-05,0.0002527386625470722,0.0,-9.611115266232927e-05
408,6.52731869998388,hold,0.409742195910002,3.255506540077273e-05,15.899500111117959,16.045899828895926,11293.6,0.0,0.15,3.0,0.0004,15.0,0.01,-0.03859985286328957,0.0,0.20654684231763742,-0.038992101457215544,0.0,0.20666528938460088,0.0,0.0,0.0,0.3090608986915026,0.0,1.1964944272993676,-0.3957191498258682,0.0,-1.171464647388282,0.26076492044805283,0.0,0.4951651123665634,0.529567855814666,-2.3610119926174784,-1.90979559886361,-0.12894910563273831,0.19933661771320316,0.0777807086240708,-0.07263,0.11567000000000001,0.03766,0.00012889132089609562,0.0,-5.5061312277828386e-05,0.00026335727302988004,0.0,-6.338575468562792e-05
409,6.543302600039169,hold,0.4559785386950152,0.00014020539306521288,15.778100118041039,15.983900055289268,11293.6,0.0,0.15,3.0,0.0004,15.0,0.01,-0.03867440298846024,0.0,0.20633820512832893,-0.038992101457215544,0.0,0.20666528938460088,0.0,0.0,0.0,0.31817730627841373,0.0,1.251324105004982,-0.3923996947105435,0.0,-1.191703160103721,0.27015712579668766,0.0,0.5180783364127561,0.529567855814666,-2.3625459734053638,-1.90979559886361,-0.12607483489665866,0.20326685278250156,0.07931709924747424,-0.06994,0.11029,0.03766,4.7078196428369974e-05,0.0,-0.00028703285446963795,0.00027062027232693363,0.0,-4.005140180231542e-05
410,6.559157400159165,hold,0.25751206659771725,2.3652745899346452e-05,15.991500113159418,15.85480011999607,11293.6,0.0,0.15,3.0,0.0004,15.0,0.01,-0.03882536027268979,0.0,0.2064690501382041,-0.038992101457215544,0.0,0.20666528938460088,0.0,0.0,0.0,0.3517139002007999,0.0,1.239595113441424,-0.3981036357743898,0.0,-1.197901812702327,0.2928531239198973,0.0,0.5144459851694311,0.5280338750267805,-2.3610119926174784,-1.90979559886361,-0.12220626068161666,0.20385386718030915,0.07733970117879968,-0.07263,0.11567000000000001,0.04304,-8.089618581672903e-05,0.0,-8.791243577332172e-05,0.00024763737034248285,0.0,-0.00010832681062345709
411,6.575232299976051,hold,0.409742195910002,8.258843248592137e-05,16.053600003942847,16.07489981688559,11293.6,0.0,0.15,3.0,0.0004,15.0,0.01,-0.03859985286328957,0.0,0.20654684231763742,-0.038992101457215544,0.0,0.20666528938460088,0.0,0.0,0.0,0.30233882100588977,0.0,1.2268073921442588,-0.3823702711677253,0.0,-1.1983777702755642,0.25713762423326686,0.0,0.5071819640046148,0.529567855814666,-2.3610119926174784,-1.90979559886361,-0.1288744371628275,0.20079392329260165,0.07928860083282241,-0.06994,0.1076,0.040350000000000004,0.00022313855849780186,0.0,-6.750271760260957e-06,0.0001691100354281738,0.0,-0.00011169679520319535
412,6.591372900176793,hold,0.4559785386950152,0.00012198134718139477,15.89459995739162,16.140600200742483,11293.6,0.0,0.15,3.0,0.0004,15.0,0.01,-0.03867440298846024,0.0,0.20633820512832893,-0.038992101457215544,0.0,0.20666528938460088,0.0,0.0,0.0,0.3048268713321055,0.0,1.278236425234636,-0.3740575010734286,0.0,-1.2156068705104446,0.26175677521122226,0.0,0.5284743447925212,0.529567855814666,-2.3625459734053638,-1.90979559886361,-0.12678151578119304,0.2042738309489422,0.08099600350599534,-0.06994,0.12105,0.040350000000000004,0.00011789592260382084,0.0,-0.00024435183997432053,0.00019980254615148277,0.0,-8.273241629763283e-05
413,6.607365200063214,hold,0.26751335197086124,1.100660302751834e-06,15.970399836078286,15.99229988642037,11293.6,0.0,0.15,3.0,0.0004,15.0,0.01,-0.03878360401111794,0.0,0.2064976820803046,-0.038992101457215544,0.0,0.20666528938460088,0.0,0.0,0.0,0.3231741202504214,0.0,1.2565065172726446,-0.3732273823001841,0.0,-1.2172233121984006,0.2724708963388193,0.0,0.5190677561835354,0.529567855814666,-2.3625459734053638,-1.9082616180757246,-0.1255287147884691,0.20369323784716103,0.07941533832423259,-0.07263,0.11029,0.048420000000000005,1.1773165567222608e-05,0.0,-2.2925196050786636e-05,0.00019672428053038262,0.0,-0.00014468210824548227
414,6.623444400029257,hold,0.4559785386950152,0.0001113520008936509,15.716399997472763,16.079199966043234,11293.6,0.0,0.15,3.0,0.0004,15.0,0.01,-0.03867440298846024,0.0,0.20633820512832893,-0.038992101457215544,0.0,0.20666528938460088,0.0,0.0,0.0,0.2956694040857248,0.0,1.2970774094426358,-0.36156237261329294,0.0,-1.231293975000333,0.256008802499163,0.0,0.5357594479577389,0.529567855814666,-2.3625459734053638,-1.90979559886361,-0.12725636952390623,0.20498620461138806,0.08216263030699042,-0.07263,0.11298000000000001,0.048420000000000005,0.0001654390851206247,0.0,-0.00019955727800281993,0.00015225938363467892,0.0,-0.00012752697826913344
415,6.639342600014061,hold,0.26751335197086124,3.362359711815973e-06,15.8158999402076,15.898199984803796,11293.6,0.0,0.15,3.0,0.0004,15.0,0.01,-0.03878360401111794,0.0,0.2064976820803046,-0.038992101457215544,0.0,0.20666528938460088,0.0,0.0,0.0,0.31067821552295194,0.0,1.2721928749042573,-0.3584661841736128,0.0,-1.2305863760451057,0.26424577923106374,0.0,0.5249536445418259,0.529567855814666,-2.3625459734053638,-1.9082616180757246,-0.12643888131460604,0.2040944541758724,0.08061244671968745,-0.06994,0.11836,0.048420000000000005,4.391171516962978e-05,0.0,1.003552735294287e-05,0.00016458573092797545,0.0,-0.00017764283164921178
416,6.655585900181904,hold,0.28627217243872644,0.00010115226354612573,16.24470017850399,16.2433001678437,11293.6,0.0,0.15,3.0,0.0004,15.0,0.01,-0.03870880912298251,0.0,0.20670648659418583,-0.038992101457215544,0.0,0.20666528938460088,0.0,0.0,0.0,0.28930924586995727,0.0,1.220509845939354,-0.3478669443041924,0.0,-1.2167620169341427,0.2464014441323749,0.0,0.5029364820817928,0.529567855814666,-2.3610119926174784,-1.9082616180757246,-0.13051784652080536,0.19986722381538097,0.07976465712451189,-0.06994,0.11298000000000001,0.04304,0.00015032379689675947,0.0,0.00019606407410590235,0.0001329685373362751,0.0,-0.00015486686452094903
417,6.671965199988335,hold,0.409742195910002,0.00011268269311136906,15.388100175186992,16.379299806430936,11293.6,0.0,0.15,3.0,0.0004,15.0,0.01,-0.03859985286328957,0.0,0.20654684231763742,-0.038992101457215544,0.0,0.20666528938460088,0.0,0.0,0.0,0.2521097454644767,0.0,1.2456862077275481,-0.33003495229954855,0.0,-1.2212417647485208,0.22249917559337481,0.0,0.5129952297074357,0.529567855814666,-2.3610119926174784,-1.90979559886361,-0.13367376126891256,0.19989735904335487,0.08235636089805345,-0.06994,0.11836,0.04573,0.00025290235690432646,0.0,-6.353405611095921e-05,0.0001393462370216492,0.0,-5.491301085249709e-05
418,6.687483499990776,hold,0.409742195910002,7.821154438568227e-05,15.82980016246438,15.51830000244081,11293.6,0.0,0.15,3.0,0.0004,15.0,0.01,-0.03859985286328957,0.0,0.20654684231763742,-0.038992101457215544,0.0,0.20666528938460088,0.0,0.0,0.0,0.2342867599869392,0.0,1.2501545568360382,-0.3156455577009819,0.0,-1.2264934269847836,0.21012733501571906,0.0,0.5141557978922239,0.529567855814666,-2.3610119926174784,-1.90979559886361,-0.13543427678010952,0.19945261384987117,0.0833568200598904,-0.06994,0.11029,0.040350000000000004,0.0002040776940375578,0.0,-7.448173803972193e-05,0.00018817089988841786,0.0,-4.3965328923734377e-05
419,6.7034028000198305,hold,0.409742195910002,5.680821766378864e-05,15.55280014872551,15.919300029054284,11293.6,0.0,0.15,3.0,0.0004,15.0,0.01,-0.03859985286328957,0.0,0.20654684231763742,-0.038992101457215544,0.0,0.20666528938460088,0.0,0.0,0.0,0.21989817260644337,0.0,1.2554064227784192,-0.3038553871796099,0.0,-1.2320984722181725,0.20019916193901427,0.0,0.5157579048436421,0.529567855814666,-2.3610119926174784,-1.90979559886361,-0.13681311690501435,0.19918692100776997,0.08422944202057267,-0.07801000000000001,0.11298000000000001,0.04573,0.0001672141795702001,0.0,-7.949359497863631e-05,0.00022503441435577556,0.0,-3.895347198481999e-05
420,6.719031900167465,hold,0.409742195910002,4.352907668020533e-05,16.142699867486954,15.629100147634745,11293.6,0.0,0.15,3.0,0.0004,15.0,0.01,-0.03859985286328957,0.0,0.20654684231763742,-0.038992101457215544,0.0,0.20666528938460088,0.0,0.0,0.0,0.2081086216930019,0.0,1.2610115521343639,-0.2939261461227799,0.0,-1.2377550968367925,0.19211157654676192,0.0,0.5175972110373573,0.529567855814666,-2.3610119926174784,-1.90979559886361,-0.1379093021761661,0.19904312380045042,0.08499585586447364,-0.07532,0.11567000000000001,0.04573,0.00014082153384151143,0.0,-8.022511998656507e-05,0.00025142706008446424,0.0,-3.822194697689123e-05
421,6.735261700116098,hold,0.26751335197086124,3.361577153013504e-05,15.981500037014484,16.229799948632717,11293.6,0.0,0.15,3.0,0.0004,15.0,0.01,-0.03878360401111794,0.0,0.2064976820803046,-0.038992101457215544,0.0,0.20666528938460088,0.0,0.0,0.0,0.24304972870761515,0.0,1.2786725501936755,-0.29835447661416886,0.0,-1.2467682651836858,0.21691226733727534,0.0,0.5251395267112302,0.529567855814666,-2.3625459734053638,-1.9082616180757246,-0.13338735808197824,0.2018167856048278,0.08399758472778156,-0.07801000000000001,0.11567000000000001,0.04573,-6.280482955195953e-05,0.0,-0.00012782932593908614,0.00027130227564956476,0.0,-3.9777978357182766e-05
422,6.751320900162682,hold,0.409742195910002,5.9669155186961976e-05,15.732800122350454,16.05920004658401,11293.6,0.0,0.15,3.0,0.0004,15.0,0.01,-0.03859985286328957,0.0,0.20654684231763742,-0.038992101457215544,0.0,0.20666528938460088,0.0,0.0,0.0,0.2025934647422817,0.0,1.2756773116229898,-0.28556538993108255,0.0,-1.2506984976670628,0.18876524079997617,0.0,0.5233289840890027,0.529567855814666,-2.3610119926174784,-1.90979559886361,-0.1381113434081526,0.19965951213098312,0.08583001200065857,-0.07532,0.11567000000000001,0.04573,0.00018138131533279906,0.0,-5.574055091372342e-05,0.0002108672785931766,0.0,-6.270651604973289e-05
423,6.767114800168201,hold,0.4559785386950152,0.00012934660453892529,15.88600012473762,15.79390000551939,11293.6,0.0,0.15,3.0,0.0004,15.0,0.01,-0.03867440298846024,0.0,0.20633820512832893,-0.038992101457215544,0.0,0.20666528938460088,0.0,0.0,0.0,0.20802268699955212,0.0,1.330557972149815,-0.27984692764303953,0.0,-1.269548935398771,0.1955671675067578,0.0,0.5460671896637757,0.529567855814666,-2.3625459734053638,-1.90979559886361,-0.1356091720651207,0.20345744275891625,0.08754122679910473,-0.07532,0.11298000000000001,0.040350000000000004,8.11021331850055e-05,0.0,-0.00026734647087020444,0.0002365963355702981,0.0,-5.973778540174893e-05
424,6.783077900065109,hold,0.4559785386950152,7.272646473088218e-05,16.175900120288134,15.963099896907806,11293.6,0.0,0.15,3.0,0.0004,15.0,0.01,-0.03867440298846024,0.0,0.20633820512832893,-0.038992101457215544,0.0,0.20666528938460088,0.0,0.0,0.0,0.20229853898705827,0.0,1.349391394974804,-0.27340651933741955,0.0,-1.2828418107479778,0.19223502291506425,0.0,0.5534761269204559,0.529567855814666,-2.3625459734053638,-1.90979559886361,-0.1357230147240504,0.20430381884182489,0.08854855040587156,-0.07532,0.11298000000000001,0.04304,9.134113785455467e-05,0.0,-0.00018852630177123875,0.00022635733090074894,0.0,-0.00013855795450071461
425,6.799327700166032,hold,0.409742195910002,6.136296306746097e-05,15.716199995949864,16.249800100922585,11293.6,0.0,0.15,3.0,0.0004,15.0,0.01,-0.03859985286328957,0.0,0.20654684231763742,-0.038992101457215544,0.0,0.20666528938460088,0.0,0.0,0.0,0.17765368970570666,0.0,1.311736183401555,-0.2610642396891853,0.0,-1.2772064738204139,0.17253488340773993,0.0,0.5370088185378041,0.529567855814666,-2.3610119926174784,-1.90979559886361,-0.1398057686023803,0.20072912610327331,0.08840706492040581,-0.07532,0.11298000000000001,0.04573,0.00017504447129618848,0.0,7.992320715261377e-05,0.0002172041226297872,0.0,-0.00019837027411607008
426,6.815119600156322,hold,0.4559785386950152,5.817928424063323e-05,15.915399882942438,15.791899990290403,11293.6,0.0,0.15,3.0,0.0004,15.0,0.01,-0.03867440298846024,0.0,0.20633820512832893,-0.038992101457215544,0.0,0.20666528938460088,0.0,0.0,0.0,0.1835216296937181,0.0,1.3570636878153126,-0.2555629138544366,0.0,-1.2892178545396245,0.17930483353173565,0.0,0.5558865541477757,0.529567855814666,-2.3625459734053638,-1.90979559886361,-0.13749951356459644,0.204004704643005,0.08972051869289221,-0.07532,0.1076,0.048420000000000005,7.802259384954226e-05,0.0,-0.00017035149481743137,0.00023967587490576135,0.0,-0.000156732761454522
427,6.831114400178194,hold,0.25751206659771725,6.526932051489604e-06,15.967200044542551,15.994800021871924,11293.6,0.0,0.15,3.0,0.0004,15.0,0.01,-0.03882536027268979,0.0,0.2064690501382041,-0.038992101457215544,0.0,0.20666528938460088,0.0,0.0,0.0,0.2148765993366219,0.0,1.337107846292237,-0.25994628775223516,0.0,-1.2886121900891512,0.2002210384978043,0.0,0.548869963189342,0.5280338750267805,-2.3610119926174784,-1.90979559886361,-0.13407069920371575,0.20404499081003502,0.08751831221311071,-0.07532,0.11567000000000001,0.048420000000000005,-6.216723233486566e-05,0.0,8.589840494430112e-06,0.00022890841686061948,0.0,-0.00020482908689120892
428,6.847209700150415,hold,0.4559785386950152,7.402125339324617e-05,15.926999971270561,16.095299972221255,11293.6,0.0,0.15,3.0,0.0004,15.0,0.01,-0.03867440298846024,0.0,0.20633820512832893,-0.038992101457215544,0.0,0.20666528938460088,0.0,0.0,0.0,0.18238543642921465,0.0,1.3684629352569997,-0.24887502252385574,0.0,-1.298586699922853,0.1789265776127895,0.0,0.5604569966660313,0.529567855814666,-2.3625459734053638,-1.90979559886361,-0.13732345153885545,0.20460815870492632,0.09022238253292504,-0.07532,0.11029,0.0538,0.00015701829999928784,0.0,-0.00014146355860027588,0.00016068016875601577,0.0,-0.00018562069767167748
429,6.863212900003418,hold,0.409742195910002,0.00010049633128742442,15.847600065171719,16.003199853003025,11293.6,0.0,0.15,3.0,0.0004,15.0,0.01,-0.03859985286328957,0.0,0.20654684231763742,-0.038992101457215544,0.0,0.20666528938460088,0.0,0.0,0.0,0.1531211076275307,0.0,1.3274802656724485,-0.23309913922595812,0.0,-1.2913333903311295,0.15585370215163227,0.0,0.5424866412283924,0.529567855814666,-2.3610119926174784,-1.90979559886361,-0.1419815066101507,0.20066153126262182,0.09016302328414912,-0.07263,0.11836,0.056490000000000005,0.0002237415801469002,0.0,0.00010287011628459244,0.00016850701377907546,0.0,-0.00022131718324804874
430,6.879150400171056,hold,0.41542227336815724,0.00012075952739659909,16.0996001213789,15.937500167638063,11293.6,0.0,0.15,3.0,0.0004,15.0,0.01,-0.0388995902648341,0.0,0.20626029883595248,-0.038992101457215544,0.0,0.20666528938460088,0.0,0.0,0.0,0.21054383847954378,0.0,1.3902140343223162,-0.24126629917727035,0.0,-1.3085257165413746,0.20015979571471387,0.0,0.5705539607466241,0.5280338750267805,-2.3625459734053638,-1.90979559886361,-0.13262578892051513,0.2073673269224851,0.08960192893539473,-0.07532,0.11836,0.0538,-0.00011583080568696919,0.0,-0.0002438302921012239,0.00020834199806841675,0.0,-0.00016116025654717454
431,6.895362599985674,hold,0.26751335197086124,1.8374196920681042e-05,15.77220018953085,16.212199814617634,11293.6,0.0,0.15,3.0,0.0004,15.0,0.01,-0.03878360401111794,0.0,0.2064976820803046,-0.038992101457215544,0.0,0.20666528938460088,0.0,0.0,0.0,0.19036465022285887,0.0,1.349417675378318,-0.23517012736983434,0.0,-1.3042878774627562,0.18239928883774556,0.0,0.5518167176649695,0.529567855814666,-2.3625459734053638,-1.9082616180757246,-0.1371059220219772,0.20376986131521116,0.0892266338669775,-0.07532,0.11298000000000001,0.0538,8.64590012037226e-05,0.0,6.010318369841972e-05,0.00012203844489388264,0.0,-0.00022771048799468863
432,6.911232199985534,hold,0.409742195910002,0.0001462267591671439,15.868900110945106,15.869599999859929,11293.6,0.0,0.15,3.0,0.0004,15.0,0.01,-0.03859985286328957,0.0,0.20654684231763742,-0.038992101457215544,0.0,0.20666528938460088,0.0,0.0,0.0,0.139406643765607,0.0,1.3331938010625533,-0.2147444042212691,0.0,-1.2996542923108898,0.14641635845478737,0.0,0.5442999436477057,0.529567855814666,-2.3610119926174784,-1.90979559886361,-0.14327748536503734,0.20044846037851133,0.09102271122952385,-0.07263,0.11029,0.056490000000000005,0.0002896879678053998,0.0,6.57158552739782e-05,0.00010256062612057587,0.0,-0.0001841629222374345
433,6.927177600096911,hold,0.4559785386950152,0.00010489244649578305,15.77790011651814,15.94540011137724,11293.6,0.0,0.15,3.0,0.0004,15.0,0.01,-0.03867440298846024,0.0,0.20633820512832893,-0.038992101457215544,0.0,0.20666528938460088,0.0,0.0,0.0,0.13719988097831406,0.0,1.3795117259101128,-0.20383022530763573,0.0,-1.313638499050228,0.14753679565372843,0.0,0.5632575944865156,0.529567855814666,-2.3625459734053638,-1.90979559886361,-0.14179075215903658,0.20346693205355293,0.09275046587761934,-0.07532,0.11298000000000001,0.048420000000000005,0.00015479042219257121,0.0,-0.0001983311142633399,0.0001629080465627324,0.0,-0.00012875314200861348
434,6.943033700110391,hold,0.409742195910002,7.931211134935107e-05,16.038599889725447,15.85610001347959,11293.6,0.0,0.15,3.0,0.0004,15.0,0.01,-0.03859985286328957,0.0,0.20654684231763742,-0.038992101457215544,0.0,0.20666528938460088,0.0,0.0,0.0,0.10807632023662439,0.0,1.3425330113249907,-0.18884976147883525,0.0,-1.3099612667320226,0.12472225618958588,0.0,0.5469404912730612,0.529567855814666,-2.3610119926174784,-1.90979559886361,-0.14633392327871764,0.19975092626476684,0.09284000367079742,-0.07801000000000001,0.11298000000000001,0.04304,0.0002124605377142956,0.0,5.215237422250411e-05,0.00017978805621168007,0.0,-0.00017059944118596042
435,6.959177999990061,hold,0.28627217243872644,5.1053196978672537e-05,17.609599977731705,16.144299879670143,11293.6,0.0,0.15,3.0,0.0004,15.0,0.01,-0.03870880912298251,0.0,0.20670648659418583,-0.038992101457215544,0.0,0.20666528938460088,0.0,0.0,0.0,0.11970810291816696,0.0,1.299888874713557,-0.18456452194930545,0.0,-1.2983510852902633,0.12999361135776286,0.0,0.5289997746903345,0.529567855814666,-2.3610119926174784,-1.9082616180757246,-0.14633219606543924,0.19772592251538568,0.09073750555813058,-0.07801000000000001,0.1076,0.05111,6.077544093982575e-05,0.0,0.00016466148313341224,0.00022251689329320882,0.0,-0.00012346427354845892
436,6.976873700041324,hold,0.25751206659771725,5.202439057818853e-05,14.769400004297495,17.695700051262975,11293.6,0.0,0.15,3.0,0.0004,15.0,0.01,-0.03882536027268979,0.0,0.2064690501382041,-0.038992101457215544,0.0,0.20666528938460088,0.0,0.0,0.0,0.1438751061942994,0.0,1.3462717482561526,-0.1878127194146197,0.0,-1.3104143512228743,0.1506340371925911,0.0,0.5499685163521199,0.5280338750267805,-2.3610119926174784,-1.90979559886361,-0.1413026193244744,0.20178973468387432,0.09116641357645983,-0.08339,0.1076,0.0538,-4.6067584286416075e-05,0.0,-0.0001710873572356062,0.0002128087688121699,0.0,-2.5151889161172618e-05
437,6.991742799989879,hold,0.41542227336815724,0.00022308823705719934,15.53790015168488,14.869099948555231,11293.6,0.0,0.15,3.0,0.0004,15.0,0.01,-0.0388995902648341,0.0,0.20626029883595248,-0.038992101457215544,0.0,0.20666528938460088,0.0,0.0,0.0,0.16523972976386186,0.0,1.409291886449331,-0.192623585735672,0.0,-1.3358332472731076,0.16899725349631256,0.0,0.5765803451713545,0.5280338750267805,-2.3625459734053638,-1.90979559886361,-0.13689247243123542,0.20668293313986857,0.09245330798376006,-0.08070000000000001,0.10491,0.048420000000000005,-6.823014675135178e-05,0.0,-0.00036050367896844806,0.00016074133913279934,0.0,-4.448686967995039e-05
438,7.007363600190729,hold,0.28627217243872644,0.00012008125112256943,16.022800002247095,15.620800200849771,11293.6,0.0,0.15,3.0,0.0004,15.0,0.01,-0.03870880912298251,0.0,0.20670648659418583,-0.038992101457215544,0.0,0.20666528938460088,0.0,0.0,0.0,0.12345711838630295,0.0,1.3257395300994845,-0.17912934348028853,0.0,-1.3224859936484576,0.13354058283750175,0.0,0.5395681686313744,0.529567855814666,-2.3610119926174784,-1.9082616180757246,-0.14527414818523135,0.19933740618218854,0.09158630112925754,-0.08070000000000001,0.11029,0.0538,0.00019138218938947985,0.0,0.00018929752206005448,9.191014484355472e-05,0.0,-0.00014810031247510115
439,7.023466699989513,hold,0.4559785386950152,0.0001945071649756151,15.608200104907155,16.10309979878366,11293.6,0.0,0.15,3.0,0.0004,15.0,0.01,-0.03867440298846024,0.0,0.20633820512832893,-0.038992101457215544,0.0,0.20666528938460088,0.0,0.0,0.0,0.10157574715758654,0.0,1.4023571154360066,-0.16494030981429608,0.0,-1.3420357460395285,0.12331160715505333,0.0,0.5711847917483536,0.529567855814666,-2.3625459734053638,-1.90979559886361,-0.14494622936890578,0.20337061220478495,0.09530064061724236,-0.07801000000000001,0.11836,0.056490000000000005,0.00020123607364728595,0.0,-0.00027726450613651144,0.00011646239510801766,0.0,-4.981975013544193e-05
440,7.03919790009968,hold,0.4559785386950152,0.00011744217372544301,16.053299885243177,15.731200110167265,11293.6,0.0,0.15,3.0,0.0004,15.0,0.01,-0.03867440298846024,0.0,0.20633820512832893,-0.038992101457215544,0.0,0.20666528938460088,0.0,0.0,0.0,0.08738991576711773,0.0,1.4218783528818855,-0.15314835778394112,0.0,-1.3566397314027825,0.11405019799070974,0.0,0.5785592976565651,0.529567855814666,-2.3625459734053638,-1.90979559886361,-0.1459324593835328,0.20392476550172306,0.09672695171264081,-0.07532,0.11298000000000001,0.0538,0.00016723944583436852,0.0,-0.00020712112912575216,0.0001504590229209351,0.0,-0.0001199631271462012
441,7.055367000168189,hold,0.409742195910002,8.295220221266424e-05,17.47819990850985,16.16910006850958,11293.6,0.0,0.15,3.0,0.0004,15.0,0.01,-0.03859985286328957,0.0,0.20654684231763742,-0.038992101457215544,0.0,0.20666528938460088,0.0,0.0,0.0,0.05739425286805213,0.0,1.3855344169244077,-0.13789110546928468,0.0,-1.3526306344415076,0.0906406006337524,0.0,0.5624942600499305,0.529567855814666,-2.3610119926174784,-1.90979559886361,-0.15055850469787907,0.20020592517268365,0.09688135285680147,-0.07801000000000001,0.11567000000000001,0.05111,0.00021638609243744274,0.0,5.6859046947774965e-05,0.00017586250148853293,0.0,-0.00017530611391123127
442,7.072933700168505,hold,0.24626423045210608,0.00012049704945939545,14.08699993044138,17.566700000315905,11293.6,0.0,0.15,3.0,0.0004,15.0,0.01,-0.039009035793496044,0.0,0.20641960808809073,-0.038992101457215544,0.0,0.20666528938460088,0.0,0.0,0.0,0.14206126073282543,0.0,1.4126105753048745,-0.15517380251861157,0.0,-1.3605552499576934,0.1513296573856262,0.0,0.5758234043800821,0.5280338750267805,-2.3625459734053638,-1.9082616180757246,-0.1393805909420283,0.20589346580944412,0.09378410428433595,-0.07801000000000001,0.11029,0.056490000000000005,-0.00024511197718684246,0.0,-0.00011239091746351588,0.0002281776409063428,0.0,-0.00013329037904663148
443,7.087093600071967,hold,0.409742195910002,0.00014006511660007365,15.754600055515766,14.159899903461337,11293.6,0.0,0.15,3.0,0.0004,15.0,0.01,-0.03859985286328957,0.0,0.20654684231763742,-0.038992101457215544,0.0,0.20666528938460088,0.0,0.0,0.0,0.059393634270030825,0.0,1.389456341367145,-0.13480917596655537,0.0,-1.3582148792187916,0.09218898112434422,0.0,0.5641531268013242,0.529567855814666,-2.3610119926174784,-1.90979559886361,-0.15024688182254317,0.2005068977092293,0.09694380122398877,-0.08070000000000001,0.1076,0.048420000000000005,0.0002888214648789771,0.0,3.319232510557785e-05,0.00010342712904699858,0.0,-0.00015163939206903416
444,7.102940000128001,hold,0.409742195910002,8.259230664451707e-05,16.282099997624755,15.846400056034327,11293.6,0.0,0.15,3.0,0.0004,15.0,0.01,-0.03859985286328957,0.0,0.20654684231763742,-0.038992101457215544,0.0,0.20666528938460088,0.0,0.0,0.0,0.039060417326259166,0.0,1.387126080990053,-0.11906941110507455,0.0,-1.3584065091716828,0.07780511656578835,0.0,0.5624727485335578,0.529567855814666,-2.3610119926174784,-1.90979559886361,-0.15244701057920376,0.19957786802585664,0.09779182404971479,-0.08070000000000001,0.11567000000000001,0.05111,0.0002232293301585013,0.0,-2.7177932071224565e-06,0.00016901926376747438,0.0,-0.00011572927375633385
445,7.119339199969545,hold,0.4559785386950152,0.00011184937055250362,15.76900016516447,16.399199841544032,11293.6,0.0,0.15,3.0,0.0004,15.0,0.01,-0.03867440298846024,0.0,0.20633820512832893,-0.038992101457215544,0.0,0.20666528938460088,0.0,0.0,0.0,0.04152598239594684,0.0,1.438265086706839,-0.11212634931834158,0.0,-1.3753576744615124,0.08238031301523044,0.0,0.5834946953276624,0.529567855814666,-2.3625459734053638,-1.90979559886361,-0.15033271011998992,0.2030603896002698,0.09949682054650755,-0.08339,0.11298000000000001,0.0538,9.847002452333163e-05,0.0,-0.00024041002558526571,0.00021922844423197198,0.0,-8.667423068668765e-05
446,7.135222400072962,hold,0.409742195910002,4.7612109080138366e-05,16.344700008630753,15.883200103417039,11293.6,0.0,0.15,3.0,0.0004,15.0,0.01,-0.03859985286328957,0.0,0.20654684231763742,-0.038992101457215544,0.0,0.20666528938460088,0.0,0.0,0.0,0.016373391062018284,0.0,1.4042528937288175,-0.10036930292302175,0.0,-1.373211005577238,0.0624719960887003,0.0,0.5685768200469976,0.529567855814666,-2.3610119926174784,-1.90979559886361,-0.15439283240789767,0.1996610813064586,0.09951706494295559,-0.08608,0.1076,0.0538,0.000166744396410427,0.0,3.044514713694443e-05,0.00022550419751554866,0.0,-0.00014889221410040074
447,7.15166540001519,hold,0.409742195910002,3.0460851377348012e-05,15.746500110253692,16.442999942228198,11293.6,0.0,0.15,3.0,0.0004,15.0,0.01,-0.03859985286328957,0.0,0.20654684231763742,-0.038992101457215544,0.0,0.20666528938460088,0.0,0.0,0.0,0.004622554714028755,0.0,1.4021222635631945,-0.09081332352475792,0.0,-1.373467543823902,0.05413092194122778,0.0,0.567288623693035,0.529567855814666,-2.3610119926174784,-1.90979559886361,-0.1556845435687217,0.19907968242312152,0.09997618927757458,-0.08070000000000001,0.11029,0.056490000000000005,0.0001355277476414715,0.0,-3.6383555578366807e-06,0.00025672084628450417,0.0,-0.00011480871140561962
448,7.167757299961522,hold,0.409742195910002,2.3321918764429736e-05,15.599600039422512,16.091899946331978,11293.6,0.0,0.15,3.0,0.0004,15.0,0.01,-0.03859985286328957,0.0,0.20654684231763742,-0.038992101457215544,0.0,0.20666528938460088,0.0,0.0,0.0,-0.0049329093013328286,0.0,1.402379348848301,-0.08270027484606349,0.0,-1.3755032740197835,0.047420385339991857,0.0,0.5670458597733586,0.529567855814666,-2.3610119926174784,-1.90979559886361,-0.15668359060477338,0.19871984690292116,0.10042811209902114,-0.08339,0.11567000000000001,0.048420000000000005,0.00011506337216767568,0.0,-2.8871758378181585e-05,0.0002771852217583,0.0,-8.957530858527472e-05
449,7.183477699989453,hold,0.409742195910002,2.1211204121283353e-05,15.857300022616982,15.720400027930737,11293.6,0.0,0.15,3.0,0.0004,15.0,0.01,-0.03859985286328957,0.0,0.20654684231763742,-0.038992101457215544,0.0,0.20666528938460088,0.0,0.0,0.0,-0.0130456140949105,0.0,1.404415503178847,-0.07542810199635916,0.0,-1.3787818582276197,0.04178902572760382,0.0,0.5675750363545262,0.529567855814666,-2.3610119926174784,-1.90979559886361,-0.15748488799657687,0.1985175340743181,0.10088359177278239,-0.08608,0.11029,0.048420000000000005,0.00010313764457873923,0.0,-4.6498544484270795e-05,0.00028911094934723643,0.0,-7.194852247918551e-05
450,7.19944620016031,hold,0.4559785386950152,0.00012078170573860271,16.0689998883754,15.968500170856714,11293.6,0.0,0.15,3.0,0.0004,15.0,0.01,-0.03867440298846024,0.0,0.20633820512832893,-0.038992101457215544,0.0,0.20666528938460088,0.0,0.0,0.0,-0.0021133084898762094,0.0,1.45864117155142,-0.07386039327036362,0.0,-1.3977525568590947,0.05242340559841624,0.0,0.590126511029516,0.529567855814666,-2.3625459734053638,-1.90979559886361,-0.1543954653353693,0.20250987771535575,0.10232088109367317,-0.08608,0.11029,0.056490000000000005,2.2234040461688136e-05,0.0,-0.00026905207195989425,0.0002954644282936155,0.0,-5.803218431205912e-05
451,7.215621400158852,hold,0.41542227336815724,0.00017928513395933324,15.70049999281764,16.175199998542666,11293.6,0.0,0.15,3.0,0.0004,15.0,0.01,-0.0388995902648341,0.0,0.20626029883595248,-0.038992101457215544,0.0,0.20666528938460088,0.0,0.0,0.0,0.05130112180918111,0.0,1.4966188606625335,-0.086450584857304,0.0,-1.4172292731552811,0.09209658102480381,0.0,0.6076617356782531,0.5280338750267805,-2.3625459734053638,-1.90979559886361,-0.14659640806281132,0.20720055790347286,0.10117230408834652,-0.08877,0.11029,0.056490000000000005,-0.00017856048417838225,0.0,-0.0002762286711871391,0.0002710716765598298,0.0,-0.00012876187746125933
452,7.231417900184169,hold,0.06828130431460466,7.206454533078006e-05,15.904600033536553,15.796500025317073,11293.6,0.0,0.15,3.0,0.0004,15.0,0.01,-0.0389345612953475,0.0,0.2066285270901798,-0.038992101457215544,0.0,0.20666528938460088,0.0,0.0,0.0,0.0724120217654418,0.0,1.4261709644033798,-0.09401641847246857,0.0,-1.404621664432768,0.1018515122138254,0.0,0.5785011887628005,0.5280338750267805,-2.3610119926174784,-1.9082616180757246,-0.14688645784345566,0.20346467998390366,0.09774742255836313,-0.08608,0.10491,0.056490000000000005,-0.00010730249053065991,0.0,0.000178807502830908,0.00016484265239870147,0.0,-0.00021556979725200235
453,7.247406100155786,hold,0.25751206659771725,2.1179090783949296e-05,15.644399914890528,15.988199971616268,11293.6,0.0,0.15,3.0,0.0004,15.0,0.01,-0.03882536027268979,0.0,0.2064690501382041,-0.038992101457215544,0.0,0.20666528938460088,0.0,0.0,0.0,0.05330761200310116,0.0,1.4525344402170632,-0.08737147477209357,0.0,-1.4090241632198997,0.09085746663202617,0.0,0.5896328324602076,0.5280338750267805,-2.3610119926174784,-1.90979559886361,-0.1480719719643164,0.2042871150141896,0.09954800090150456,-0.08339,0.11567000000000001,0.05918,9.424196258520906e-05,0.0,-6.243847121757608e-05,7.249922194054476e-05,0.0,-0.00013380077517920273
454,7.2631668001413345,hold,0.25751206659771725,2.9033881167404954e-05,15.854500001296401,15.760699985548854,11293.6,0.0,0.15,3.0,0.0004,15.0,0.01,-0.03882536027268979,0.0,0.2064690501382041,-0.038992101457215544,0.0,0.20666528938460088,0.0,0.0,0.0,0.046670049126786774,0.0,1.4569252286592855,-0.0791774749214499,0.0,-1.4134918259141802,0.08635169839509592,0.0,0.5911653762413973,0.5280338750267805,-2.3610119926174784,-1.90979559886361,-0.14865628835243605,0.20427710752187647,0.10002836059382657,-0.08339,0.11298000000000001,0.056490000000000005,0.0001162114627553565,0.0,-6.336265880687049e-05,5.052972177039732e-05,0.0,-0.00013287658758990832
455,7.279097700025886,hold,0.26751335197086124,4.946358481908848e-05,16.064699972048402,15.930899884551764,11293.6,0.0,0.15,3.0,0.0004,15.0,0.01,-0.03878360401111794,0.0,0.2064976820803046,-0.038992101457215544,0.0,0.20666528938460088,0.0,0.0,0.0,0.02827927065636966,0.0,1.454401337670527,-0.06725457452366895,0.0,-1.4159888642722878,0.07217045936061828,0.0,0.5883889039042399,0.529567855814666,-2.3625459734053638,-1.9082616180757246,-0.15145203703129465,0.20338630763178042,0.10086895597629847,-0.08339,0.11298000000000001,0.0538,0.00016909662201222803,0.0,-3.541426475973337e-05,3.9400824085377204e-05,0.0,-0.00013219303953653554
456,7.295244900044054,hold,0.28627217243872644,0.00013351067146221869,15.775499865412712,16.147200018167496,11293.6,0.0,0.15,3.0,0.0004,15.0,0.01,-0.03870880912298251,0.0,0.20670648659418583,-0.038992101457215544,0.0,0.20666528938460088,0.0,0.0,0.0,-0.0019044489099681787,0.0,1.4059130818547727,-0.050929306150185996,0.0,-1.4044122660275349,0.04825555307744194,0.0,0.5675127858851073,0.529567855814666,-2.3610119926174784,-1.9082616180757246,-0.15641161951320068,0.1989728752042711,0.10054692565254002,-0.08339,0.11836,0.048420000000000005,0.00023153323799574905,0.0,0.00016418518919647442,5.175909623728552e-05,0.0,-0.0001229879796115211
457,7.311114700045437,hold,0.25751206659771725,5.2386294153787126e-05,15.751199796795845,15.869800001382828,11293.6,0.0,0.15,3.0,0.0004,15.0,0.01,-0.03882536027268979,0.0,0.2064690501382041,-0.038992101457215544,0.0,0.20666528938460088,0.0,0.0,0.0,0.010237043226361243,0.0,1.4523329428372187,-0.04591604673212873,0.0,-1.4159025276637476,0.060565575012728357,0.0,0.587968635203292,0.5280338750267805,-2.3610119926174784,-1.90979559886361,-0.15260852592763385,0.20259170590174114,0.10153391133347504,-0.08608,0.11029,0.05918,7.110058832851173e-05,0.0,-0.0001629607196149926,9.564059619724209e-05,0.0,-3.327852678178622e-05
458,7.326951300026849,hold,0.25751206659771725,4.135332166837396e-05,16.037699999287724,15.836599981412292,11293.6,0.0,0.15,3.0,0.0004,15.0,0.01,-0.03882536027268979,0.0,0.2064690501382041,-0.038992101457215544,0.0,0.20666528938460088,0.0,0.0,0.0,0.005214982723391173,0.0,1.4638052730590898,-0.040242076354239965,0.0,-1.4254872042444133,0.057455944272474774,0.0,0.5924256295979137,0.5280338750267805,-2.3610119926174784,-1.90979559886361,-0.15283901705799185,0.20304726815525767,0.10221864584984708,-0.08608,0.11298000000000001,0.056490000000000005,8.047112634414056e-05,0.0,-0.00013593474564057746,8.627005818161325e-05,0.0,-6.0304500756201354e-05
459,7.343068300047889,hold,0.41542227336815724,0.00017492437835921955,16.129399882629514,16.11700002104044,11293.6,0.0,0.15,3.0,0.0004,15.0,0.01,-0.0388995902648341,0.0,0.20626029883595248,-0.038992101457215544,0.0,0.20666528938460088,0.0,0.0,0.0,0.017666974672597664,0.0,1.5243641777122665,-0.03953225692918259,0.0,-1.448384131799469,0.06946945410358274,0.0,0.6176328612233306,0.5280338750267805,-2.3625459734053638,-1.90979559886361,-0.14940964576703164,0.20746527076131915,0.10382348291819668,-0.08339,0.11029,0.05918,1.0067019182530764e-05,0.0,-0.00032473584235755517,8.24441731989168e-05,0.0,-8.025470629084328e-05
460,7.359284400008619,hold,0.28627217243872644,0.00017184428327270322,15.785800060257316,16.21609996072948,11293.6,0.0,0.15,3.0,0.0004,15.0,0.01,-0.03870880912298251,0.0,0.20670648659418583,-0.038992101457215544,0.0,0.20666528938460088,0.0,0.0,0.0,-0.029635525957590305,0.0,1.4382898131586481,-0.023152796255202942,0.0,-1.4326600700516996,0.02990624685455559,0.0,0.5796053436846876,0.529567855814666,-2.3610119926174784,-1.9082616180757246,-0.15849955720874498,0.19972185052145824,0.10310793713273117,-0.08608,0.11029,0.0538,0.0002323018206935268,0.0,0.0002230066206335461,5.0990513539507764e-05,0.0,-0.00018180941104859277
461,7.375158900162205,hold,0.409742195910002,0.00014154159094952986,15.908199828118086,15.874500153586268,11293.6,0.0,0.15,3.0,0.0004,15.0,0.01,-0.03859985286328957,0.0,0.20654684231763742,-0.038992101457215544,0.0,0.20666528938460088,0.0,0.0,0.0,-0.07260576543799452,0.0,1.4615838371436274,-0.0027038338564366153,0.0,-1.4352026493842733,0.001977959504478923,0.0,0.5885367806946334,0.529567855814666,-2.3610119926174784,-1.90979559886361,-0.1622783183950441,0.1994288296629638,0.10589487280435979,-0.08339,0.11298000000000001,0.05918,0.00029001755864118577,0.0,-3.606014996286685e-05,0.00010223103528478989,0.0,-8.238691700058946e-05
462,7.391275100177154,hold,0.26751335197086124,1.6885806337904357e-05,16.100999899208546,16.116200014948845,11293.6,0.0,0.15,3.0,0.0004,15.0,0.01,-0.03878360401111794,0.0,0.2064976820803046,-0.038992101457215544,0.0,0.20666528938460088,0.0,0.0,0.0,-0.04817507709993296,0.0,1.4761193406939193,-0.0010891472391896262,0.0,-1.442134474983767,0.01917704717413045,0.0,0.5944116580200263,0.529567855814666,-2.3625459734053638,-1.9082616180757246,-0.15893608862896913,0.2016279902372731,0.10526369575110842,-0.08608,0.11567000000000001,0.0538,2.2900304747629544e-05,0.0,-9.83106672157081e-05,0.0001855971413499757,0.0,-6.929663708056081e-05
463,7.407575400080532,hold,0.06828130431460466,2.7060103601342262e-05,15.518700005486608,16.30029990337789,11293.6,0.0,0.15,3.0,0.0004,15.0,0.01,-0.0389345612953475,0.0,0.2066285270901798,-0.038992101457215544,0.0,0.20666528938460088,0.0,0.0,0.0,-0.012941377492436573,0.0,1.4510965489569196,-0.009529501772373165,0.0,-1.4389815832700865,0.04275895679189422,0.0,0.585516560108128,0.5280338750267805,-2.3610119926174784,-1.9082616180757246,-0.15522333362304033,0.20154476473699776,0.10267911116675504,-0.09415,0.11298000000000001,0.06187,-0.00011970538984059319,0.0,4.471590976747047e-05,0.00017724555170863475,0.0,-8.147820418856483e-05
464,7.423169899964705,hold,0.24626423045210608,9.843016777883213e-05,15.853299992159009,15.594499884173274,11293.6,0.0,0.15,3.0,0.0004,15.0,0.01,-0.039009035793496044,0.0,0.20641960808809073,-0.038992101457215544,0.0,0.20666528938460088,0.0,0.0,0.0,0.013672327587281104,0.0,1.498969760077258,-0.018625432279102076,0.0,-1.453560833989971,0.06418562072221055,0.0,0.6060358202928274,0.5280338750267805,-2.3625459734053638,-1.9082616180757246,-0.1506426524517283,0.205787616409676,0.10313397878885798,-0.08877,0.11567000000000001,0.06187,-0.00012900310087569773,0.0,-0.0002067703298654293,0.00011206876459519805,0.0,-3.8910966644718065e-05
465,7.4391048001125455,hold,0.25751206659771725,4.833494681184834e-05,16.130799893289804,15.93490014784038,11293.6,0.0,0.15,3.0,0.0004,15.0,0.01,-0.03882536027268979,0.0,0.2064690501382041,-0.038992101457215544,0.0,0.20666528938460088,0.0,0.0,0.0,-0.022090345258134123,0.0,1.5014594516522939,-0.009197718701135081,0.0,-1.4610523663517354,0.039640215846549344,0.0,0.6066565906120349,0.5280338750267805,-2.3610119926174784,-1.90979559886361,-0.15473408402177263,0.2041193853884008,0.10496704563270154,-0.08608,0.1076,0.056490000000000005,0.0001337086167078726,0.0,-0.00010624871246139098,3.3032567817881206e-05,0.0,-8.999053393538783e-05
466,7.455420300131664,hold,0.24626423045210608,3.8321656743507885e-05,15.534800011664629,16.31550001911819,11293.6,0.0,0.15,3.0,0.0004,15.0,0.01,-0.039009035793496044,0.0,0.20641960808809073,-0.038992101457215544,0.0,0.20666528938460088,0.0,0.0,0.0,0.013347076990824758,0.0,1.5210273704455548,-0.013914052213827017,0.0,-1.4706815495168633,0.06475991010348182,0.0,0.6149345813382727,0.5280338750267805,-2.3625459734053638,-1.9082616180757246,-0.15010436086014753,0.2070277271843145,0.10401770463019636,-0.08608,0.11836,0.056490000000000005,-6.688943450602867e-05,0.0,-0.0001365659605999216,4.9955098225528994e-05,0.0,-0.00010911533591022576
467,7.471058600116521,hold,0.2805749575093916,3.411611948647123e-05,16.542400000616908,15.63829998485744,11293.6,0.0,0.15,3.0,0.0004,15.0,0.01,-0.039050748085107764,0.0,0.2063909121263992,-0.038992101457215544,0.0,0.20666528938460088,0.0,0.0,0.0,0.02823431358943896,0.0,1.5376594053754271,-0.017736269843020548,0.0,-1.4800484599389019,0.07705625954450206,0.0,0.623339145570344,0.5264998942388948,-2.3610119926174784,-1.90979559886361,-0.14729672554355078,0.20858890504330363,0.10389140581221476,-0.08608,0.11567000000000001,0.0538,-5.420862945500281e-05,0.0,-0.00013284627550462958,-4.43799843721705e-06,0.0,-0.000141530982697045
468,7.487703900085762,hold,0.2805749575093916,1.6319986850437154e-05,15.348499873653054,16.645299969241023,11293.6,0.0,0.15,3.0,0.0004,15.0,0.01,-0.039050748085107764,0.0,0.2063909121263992,-0.038992101457215544,0.0,0.20666528938460088,0.0,0.0,0.0,0.03205222933663168,0.0,1.5470234308587139,-0.017862059648978613,0.0,-1.4870444686207167,0.08008872024766053,0.0,0.6272707955072616,0.5264998942388948,-2.3610119926174784,-1.90979559886361,-0.14665057095434053,0.20927051376817493,0.1040829064629866,-0.08070000000000001,0.11567000000000001,0.06187,-1.7840148421470987e-06,0.0,-9.922094424971332e-05,-5.686261305007276e-05,0.0,-0.00017515631395196126
469,7.503147199982777,hold,0.404629001859636,6.617347180156423e-05,16.007999889552593,15.443299897015095,11293.6,0.0,0.15,3.0,0.0004,15.0,0.01,-0.039234347546685644,0.0,0.20634118837984716,-0.038992101457215544,0.0,0.20666528938460088,0.0,0.0,0.0,0.07701000775136962,0.0,1.566160841633014,-0.02873338077672238,0.0,-1.4960074364518632,0.1118832682274804,0.0,0.6356961750658117,0.5264998942388948,-2.3625459734053638,-1.9082616180757246,-0.14103172466770514,0.21251781424636138,0.10266719236960983,-0.08070000000000001,0.11298000000000001,0.056490000000000005,-0.0001541825913310301,0.0,-0.0001271173567576894,-8.806349813906942e-05,0.0,-0.0001969836479960291
470,7.519258399959654,hold,0.501092987960881,0.00011193241745056695,16.345500014722347,16.111199976876378,11293.6,0.0,0.15,3.0,0.0004,15.0,0.01,-0.0391246577695554,0.0,0.2061820472024164,-0.038992101457215544,0.0,0.20666528938460088,0.0,0.0,0.0,0.061080818499570255,0.0,1.6139798115897175,-0.025620875172198007,0.0,-1.5140659402994554,0.10410169523413826,0.0,0.6557428013216337,0.5264998942388948,-2.3625459734053638,-1.90979559886361,-0.14129206615280596,0.21470678803572021,0.10515493382134386,-0.08339,0.12105,0.06187,4.414313347926276e-05,0.0,-0.0002561148627720659,-0.00017669944581911708,0.0,-0.00022712731941241864
471,7.535687700146809,hold,0.20370473513011828,6.462480632982581e-05,16.753399977460504,16.429300187155604,11293.6,0.0,0.15,3.0,0.0004,15.0,0.01,-0.0391601936137697,0.0,0.20655022137853749,-0.038992101457215544,0.0,0.20666528938460088,0.0,0.0,0.0,0.06665325658686391,0.0,1.5421209288139917,-0.023951930627649845,0.0,-1.5002424442475624,0.10264740019073808,0.0,0.6253187982201078,0.5264998942388948,-2.3610119926174784,-1.9082616180757246,-0.14329559687985985,0.2102583949682176,0.102414078843165,-0.07801000000000001,0.11567000000000001,0.0538,2.366981819804139e-05,0.0,0.00019605183376433474,-0.0001917619747521946,0.0,-0.00031111983982773047
472,7.5525187000166625,hold,0.20370473513011828,2.3160034765011066e-05,14.579299837350845,16.830999869853258,11293.6,0.0,0.15,3.0,0.0004,15.0,0.01,-0.0391601936137697,0.0,0.20655022137853749,-0.038992101457215544,0.0,0.20666528938460088,0.0,0.0,0.0,0.06498114003256773,0.0,1.528326143659482,-0.02113867719152404,0.0,-1.4923960623170698,0.10097321389099814,0.0,0.6196861745001855,0.5264998942388948,-2.3610119926174784,-1.9082616180757246,-0.1438299524659101,0.20940994918647365,0.10194811856320203,-0.07801000000000001,0.11567000000000001,0.0538,3.989898741431274e-05,0.0,0.00011128136906276675,-0.00020799114396846595,0.0,-0.00022634937512616248
473,7.567170400172472,hold,0.20370473513011828,6.476953374559464e-06,17.743099946528673,14.651700155809522,11293.6,0.0,0.15,3.0,0.0004,15.0,0.01,-0.0391601936137697,0.0,0.20655022137853749,-0.038992101457215544,0.0,0.20666528938460088,0.0,0.0,0.0,0.06216761847922382,0.0,1.5204811411248818,-0.018050188692387458,0.0,-1.4892508915880982,0.0987123535841872,0.0,0.6164155266324186,0.5264998942388948,-2.3610119926174784,-1.9082616180757246,-0.14432973945268218,0.20885485663839415,0.10176939783572951,-0.07532,0.11567000000000001,0.056490000000000005,4.380251070660728e-05,0.0,4.460640684541913e-05,-0.0002118946672607605,0.0,-0.00015967441290881486
474,7.584983300184831,hold,0.404629001859636,8.020225795648458e-05,15.16389986500144,17.812900012359023,11293.6,0.0,0.15,3.0,0.0004,15.0,0.01,-0.039234347546685644,0.0,0.20634118837984716,-0.038992101457215544,0.0,0.20666528938460088,0.0,0.0,0.0,0.07718659713857651,0.0,1.5683805311909136,-0.020573919839816837,0.0,-1.5045557128861384,0.11208926024711548,0.0,0.636599621298742,0.5264998942388948,-2.3625459734053638,-1.9082616180757246,-0.14095518907648458,0.21265089512530955,0.10274625555403955,-0.07801000000000001,0.12105,0.06187,-3.579283543933475e-05,0.0,-0.00021706073989187144,-0.00020645325403076476,0.0,-0.00010704026486184706
475,7.600238300161436,hold,0.20370473513011828,7.713126283672264e-06,14.660400105640292,15.254999976605177,11293.6,0.0,0.15,3.0,0.0004,15.0,0.01,-0.0391601936137697,0.0,0.20655022137853749,-0.038992101457215544,0.0,0.20666528938460088,0.0,0.0,0.0,0.06159682440230762,0.0,1.5326257060864192,-0.016539829989026717,0.0,-1.5019355033665067,0.0987508260620469,0.0,0.6213004028972586,0.5264998942388948,-2.3610119926174784,-1.9082616180757246,-0.1440741708508292,0.20952219313039994,0.10227423463258492,-0.08070000000000001,0.12105,0.05918,5.721350878594791e-05,0.0,3.716114065806315e-05,-0.00022530566534010113,0.0,-0.00015222914672145888
476,7.614990600151941,hold,0.20370473513011828,2.353722698092257e-06,16.930999932810664,14.75229999050498,11293.6,0.0,0.15,3.0,0.0004,15.0,0.01,-0.0391601936137697,0.0,0.20655022137853749,-0.038992101457215544,0.0,0.20666528938460088,0.0,0.0,0.0,0.05756849004478087,0.0,1.5300218538996915,-0.013954731197909782,0.0,-1.5025506719079997,0.09582606431928596,0.0,0.6201028373629065,0.5264998942388948,-2.3610119926174784,-1.9082616180757246,-0.14456552539718778,0.2092173561876864,0.10235823887849996,-0.07532,0.12105,0.056490000000000005,3.666318249434723e-05,0.0,-8.72463233476336e-06,-0.00020475533904850044,0.0,-0.00010634337372863237
477,7.632002500118688,hold,0.404629001859636,0.0001117197346685943,15.654999995604157,17.01189996674657,11293.6,0.0,0.15,3.0,0.0004,15.0,0.01,-0.039234347546685644,0.0,0.20634118837984716,-0.038992101457215544,0.0,0.20666528938460088,0.0,0.0,0.0,0.07309126018574962,0.0,1.581681207776666,-0.018090086017830687,0.0,-1.520384853821369,0.10970004497014352,0.0,0.641823211889249,0.5264998942388948,-2.3625459734053638,-1.9082616180757246,-0.14103839703148527,0.2132476516632645,0.10345911224781781,-0.08070000000000001,0.11298000000000001,0.05111,-5.8649699950588945e-05,0.0,-0.00025293341530082335,-0.00018359638951951057,0.0,-7.116758945289515e-05
478,7.647728100186214,hold,0.20370473513011828,1.468486951912348e-06,15.342799946665764,15.725600067526102,11293.6,0.0,0.15,3.0,0.0004,15.0,0.01,-0.0391601936137697,0.0,0.20655022137853749,-0.038992101457215544,0.0,0.20666528938460088,0.0,0.0,0.0,0.05911337523351549,0.0,1.5484554498373646,-0.016291103537165116,0.0,-1.5193035939589883,0.09757874147221574,0.0,0.6276046036969816,0.5264998942388948,-2.3610119926174784,-1.9082616180757246,-0.1439240020157761,0.21032424007536082,0.10301282451676419,-0.08070000000000001,0.11298000000000001,0.0538,2.551408217721447e-05,0.0,1.5334975898985252e-05,-0.00019360623873136768,0.0,-0.00013040298196238099
479,7.66314520011656,hold,0.404629001859636,9.76930906388155e-05,15.831300057470798,15.417099930346012,11293.6,0.0,0.15,3.0,0.0004,15.0,0.01,-0.039234347546685644,0.0,0.20634118837984716,-0.038992101457215544,0.0,0.20666528938460088,0.0,0.0,0.0,0.07542782932865294,0.0,1.598433751204992,-0.021492657541432248,0.0,-1.535613808790717,0.1119605189075774,0.0,0.6486787476498797,0.5264998942388948,-2.3625459734053638,-1.9082616180757246,-0.14035522745063111,0.21429113501530322,0.10400924929505409,-0.07532,0.11836,0.056490000000000005,-7.377107767330272e-05,0.0,-0.00023131974102982145,-0.0001684750117967968,0.0,-9.278126372389705e-05
480,7.679294100031257,hold,0.404629001859636,5.963314683903668e-05,16.20439998805523,16.148899914696813,11293.6,0.0,0.15,3.0,0.0004,15.0,0.01,-0.039234347546685644,0.0,0.20634118837984716,-0.038992101457215544,0.0,0.20666528938460088,0.0,0.0,0.0,0.08062373362874523,0.0,1.6147274814127854,-0.026164395661335608,0.0,-1.5481467375568176,0.11621455091994397,0.0,0.6554542929226299,0.5264998942388948,-2.3625459734053638,-1.9082616180757246,-0.13938341969338475,0.21541987714387123,0.10440868949243759,-0.07801000000000001,0.11298000000000001,0.0538,-6.625696002194592e-05,0.0,-0.00017774835380340216,-0.0001759891294481536,0.0,-0.00014635265095031634
481,7.695591000141576,hold,0.404629001859636,3.800781429978864e-05,15.887100016698241,16.296900110319257,11293.6,0.0,0.15,3.0,0.0004,15.0,0.01,-0.039234347546685644,0.0,0.20634118837984716,-0.038992101457215544,0.0,0.20666528938460088,0.0,0.0,0.0,0.08529535469705134,0.0,1.6272595356220423,-0.030579688958276986,0.0,-1.5578693209584322,0.11996127406532908,0.0,0.6606904856322914,0.5264998942388948,-2.3625459734053638,-1.9082616180757246,-0.13856497349721103,0.21631432652332894,0.10468458239609787,-0.07532,0.11836,0.0538,-6.261992944644383e-05,0.0,-0.00013789061013636932,-0.00017962616002365568,0.0,-0.00018621039461734918
482,7.711575699970126,hold,0.20370473513011828,1.743580736804096e-05,15.59540000744164,15.98469982855022,11293.6,0.0,0.15,3.0,0.0004,15.0,0.01,-0.0391601936137697,0.0,0.20655022137853749,-0.038992101457215544,0.0,0.20666528938460088,0.0,0.0,0.0,0.07160305436534839,0.0,1.585938009079481,-0.0296450465348046,0.0,-1.5506975801903642,0.10771124270320877,0.0,0.6431969073470396,0.5264998942388948,-2.3610119926174784,-1.9082616180757246,-0.14163631019305783,0.21293927133215246,0.1039108722451973,-0.07532,0.12105,0.0538,1.3255573000334485e-05,0.0,0.00010171326584707419,-0.0001813477295544877,0.0,-0.00021678127191046993
483,7.727254500146955,hold,0.404629001859636,6.14623731739438e-05,15.932400012388825,15.6788001768291,11293.6,0.0,0.15,3.0,0.0004,15.0,0.01,-0.039234347546685644,0.0,0.20634118837984716,-0.038992101457215544,0.0,0.20666528938460088,0.0,0.0,0.0,0.08878197860735597,0.0,1.6298262855967136,-0.036038721290860096,0.0,-1.562677064429496,0.1225074304879616,0.0,0.661856195082457,0.5264998942388948,-2.3625459734053638,-1.9082616180757246,-0.13813136849921598,0.21659603621453277,0.10462371717345487,-0.07801000000000001,0.12105,0.056490000000000005,-9.067833894637421e-05,0.0,-0.00016989912275564665,-0.0001515677505237253,0.0,-0.00015420188199807185
484,7.743271900108084,hold,0.404629001859636,4.314821109403452e-05,15.828000148758292,16.01739996112883,11293.6,0.0,0.15,3.0,0.0004,15.0,0.01,-0.039234347546685644,0.0,0.20634118837984716,-0.038992101457215544,0.0,0.20666528938460088,0.0,0.0,0.0,0.09517008176141079,0.0,1.6417897048174963,-0.042037649257150644,0.0,-1.5723444061808443,0.12744009386739372,0.0,0.6669258897407951,0.5264998942388948,-2.3625459734053638,-1.9082616180757246,-0.13714730784873813,0.21752499640960532,0.1047976195968533,-0.07801000000000001,0.11836,0.056490000000000005,-8.507983971611587e-05,0.0,-0.0001371071450278164,-0.00015716624975398364,0.0,-0.0001869938597259021
485,7.759244699962437,hold,0.20370473513011828,1.5904411645936314e-05,15.787200070917606,15.97279985435307,11293.6,0.0,0.15,3.0,0.0004,15.0,0.01,-0.0391601936137697,0.0,0.20655022137853749,-0.038992101457215544,0.0,0.20666528938460088,0.0,0.0,0.0,0.08306139228626833,0.0,1.6004130813088495,-0.042485756807470965,0.0,-1.5654514797659493,0.11628636929985035,0.0,0.6494585065997148,0.5264998942388948,-2.3610119926174784,-1.9082616180757246,-0.14005499129857613,0.21420772172780989,0.10395037392881022,-0.07801000000000001,0.11567000000000001,0.05918,-6.355288606742281e-06,0.0,9.775897924589768e-05,-0.00016173686794741094,0.0,-0.0002128269853092934
486,7.7750969000626355,hold,0.20370473513011828,3.710096551492076e-06,15.935999806970358,15.852200100198388,11293.6,0.0,0.15,3.0,0.0004,15.0,0.01,-0.0391601936137697,0.0,0.20655022137853749,-0.038992101457215544,0.0,0.20666528938460088,0.0,0.0,0.0,0.08351548602362033,0.0,1.593536811749676,-0.04474127887835563,0.0,-1.5629932466927383,0.11635656998401699,0.0,0.6466974208119182,0.5264998942388948,-2.3610119926174784,-1.9082616180757246,-0.14018592595590382,0.2138349765248067,0.10365847146390597,-0.07532,0.11836,0.0538,-3.198895825143403e-05,0.0,3.486390852313782e-05,-0.00013610319830271918,0.0,-0.00014993191458653355
487,7.7911322000436485,hold,0.20370473513011828,4.529994503439575e-06,15.904299914836884,16.03529998101294,11293.6,0.0,0.15,3.0,0.0004,15.0,0.01,-0.0391601936137697,0.0,0.20655022137853749,-0.038992101457215544,0.0,0.20666528938460088,0.0,0.0,0.0,0.08577142977741647,0.0,1.591079609987876,-0.04832864854103912,0.0,-1.5638422239678034,0.11785278351519707,0.0,0.6457865355697003,0.5264998942388948,-2.3610119926174784,-1.9082616180757246,-0.14001250849025743,0.2137833701086383,0.10345719129651108,-0.08070000000000001,0.11567000000000001,0.056490000000000005,-5.087789645393876e-05,0.0,-1.2040626407091603e-05,-0.00011721426010021446,0.0,-0.00010302737965630413
488,7.807108000153676,hold,0.20370473513011828,1.0158812734464135e-05,15.826900023967028,15.975800110027194,11293.6,0.0,0.15,3.0,0.0004,15.0,0.01,-0.0391601936137697,0.0,0.20655022137853749,-0.038992101457215544,0.0,0.20666528938460088,0.0,0.0,0.0,0.08935911691852264,0.0,1.591929375637106,-0.05284077959036261,0.0,-1.5670229646986904,0.12040443826014985,0.0,0.6462596275822718,0.5264998942388948,-2.3610119926174784,-1.9082616180757246,-0.13961308361616462,0.21397143583459077,0.10332449880580126,-0.07801000000000001,0.11836,0.05918,-6.399333157719719e-05,0.0,-4.511087865749452e-05,-0.00010409882497695603,0.0,-6.995712740590121e-05
489,7.823026800062507,hold,0.20370473513011828,1.6060471270119346e-05,15.957500087097287,15.918799908831716,11293.6,0.0,0.15,3.0,0.0004,15.0,0.01,-0.0391601936137697,0.0,0.20655022137853749,-0.038992101457215544,0.0,0.20666528938460088,0.0,0.0,0.0,0.09387146837641155,0.0,1.5951106721379296,-0.05794405278094779,0.0,-1.571728070069733,0.12369019530807399,0.0,0.6477079570882439,0.5264998942388948,-2.3610119926174784,-1.9082616180757246,-0.13905581549692578,0.2143279232063406,0.10324082367630333,-0.07532,0.11836,0.06187,-7.237720931512001e-05,0.0,-6.673019130504087e-05,-9.571494723903321e-05,0.0,-4.833781475835487e-05
490,7.839062200160697,hold,0.20370473513011828,2.0250204724417964e-05,16.09149994328618,16.03540009818971,11293.6,0.0,0.15,3.0,0.0004,15.0,0.01,-0.0391601936137697,0.0,0.20655022137853749,-0.038992101457215544,0.0,0.20666528938460088,0.0,0.0,0.0,0.09897488243873498,0.0,1.5998161407873093,-0.0633765547596038,0.0,-1.5773172145861283,0.12744642800856393,0.0,0.6497933350793036,0.5264998942388948,-2.3610119926174784,-1.9082616180757246,-0.1383967723049869,0.21479398883407855,0.10318981337206759,-0.07801000000000001,0.12374,0.06187,-7.704649900761112e-05,0.0,-7.926808294368752e-05,-9.10456575465421e-05,0.0,-3.579992311970821e-05
491,7.855368300108239,hold,0.20370473513011828,2.2275705903846735e-05,15.694700181484222,16.306099947541952,11293.6,0.0,0.15,3.0,0.0004,15.0,0.01,-0.0391601936137697,0.0,0.20655022137853749,-0.038992101457215544,0.0,0.20666528938460088,0.0,0.0,0.0,0.10440746285154774,0.0,1.6054054959322914,-0.06894196584931211,0.0,-1.5833049785355582,0.13146594057420605,0.0,0.652247653300837,0.5264998942388948,-2.3610119926174784,-1.9082616180757246,-0.13768013869697082,0.2153230703281661,0.10315837562215993,-0.07532,0.11567000000000001,0.0538,-7.893148344627816e-05,0.0,-8.492150596541354e-05,-8.916067310787505e-05,0.0,-3.0146500097982196e-05
492,7.871268300106749,hold,0.20370473513011828,2.2449843795247597e-05,15.70510002784431,15.899999998509884,11293.6,0.0,0.15,3.0,0.0004,15.0,0.01,-0.0391601936137697,0.0,0.20655022137853749,-0.038992101457215544,0.0,0.20666528938460088,0.0,0.0,0.0,0.10997290557822655,0.0,1.6113933547974864,-0.07450098506139223,0.0,-1.589342100100134,0.13559323212314006,0.0,0.6548677471198002,0.5264998942388948,-2.3610119926174784,-1.9082616180757246,-0.13693917505394115,0.21587995702618856,0.10313648215147395,-0.07801000000000001,0.12105,0.05918,-7.884083059511055e-05,0.0,-8.562152070287829e-05,-8.925132595904267e-05,0.0,-2.9446485360517445e-05
493,7.887097700033337,hold,0.20370473513011828,2.1353431315585766e-05,15.844600042328238,15.82939992658794,11293.6,0.0,0.15,3.0,0.0004,15.0,0.01,-0.0391601936137697,0.0,0.20655022137853749,-0.038992101457215544,0.0,0.20666528938460088,0.0,0.0,0.0,0.11553192322486357,0.0,1.6174304880292232,-0.0799617139280578,0.0,-1.5951936583705029,0.13971779243427712,0.0,0.657507511715052,0.5264998942388948,-2.3610119926174784,-1.9082616180757246,-0.1361976066793108,0.21643939118238179,0.10311682728461458,-0.07801000000000001,0.11567000000000001,0.0538,-7.744682705306072e-05,0.0,-8.298976792687587e-05,-9.064532950109249e-05,0.0,-3.207823813651986e-05
494,7.9030443001538515,hold,0.20370473513011828,1.95607743218803e-05,15.98199992440641,15.946600120514631,11293.6,0.0,0.15,3.0,0.0004,15.0,0.01,-0.0391601936137697,0.0,0.20655022137853749,-0.038992101457215544,0.0,0.20666528938460088,0.0,0.0,0.0,0.12099262862496327,0.0,1.6232820019786929,-0.08527001329428936,0.0,-1.6007167264312918,0.1437665553043794,0.0,0.6600687412392344,0.5264998942388948,-2.3610119926174784,-1.9082616180757246,-0.13547120220460582,0.2169844543756305,0.10309441389186602,-0.07532,0.11567000000000001,0.05918,-7.528499454935217e-05,0.0,-7.833095312922782e-05,-9.280716200480105e-05,0.0,-3.673705293416791e-05
495,7.91910760011524,hold,0.2805749575093916,9.306209684560384e-05,15.948300017043948,16.06329996138811,11293.6,0.0,0.15,3.0,0.0004,15.0,0.01,-0.039050748085107764,0.0,0.2063909121263992,-0.038992101457215544,0.0,0.20666528938460088,0.0,0.0,0.0,0.09957555968393497,0.0,1.6677064680104128,-0.0825893498977145,0.0,-1.6172091590684463,0.1320490527285442,0.0,0.6786231898892731,0.5264998942388948,-2.3610119926174784,-1.90979559886361,-0.1363964921721125,0.21876965210836374,0.10570184807262228,-0.07263,0.11567000000000001,0.05918,3.801852820954525e-05,0.0,-0.00023390404638673945,-9.666515610176511e-05,0.0,-4.047321181493513e-05
496,7.9351388001814485,hold,0.20370473513011828,2.0557450818447067e-05,15.97009995020926,16.03120006620884,11293.6,0.0,0.15,3.0,0.0004,15.0,0.01,-0.0391601936137697,0.0,0.20655022137853749,-0.038992101457215544,0.0,0.20666528938460088,0.0,0.0,0.0,0.12362911189114242,0.0,1.6452843359333698,-0.09042684728908598,0.0,-1.6177051299300769,0.14641540896435518,0.0,0.6690515299414732,0.5264998942388948,-2.3610119926174784,-1.9082616180757246,-0.13462212647834115,0.21833651534478737,0.10383902142179999,-0.07263,0.12105,0.0538,-0.00011115536402176316,0.0,-7.034110369136154e-06,-5.6936792532390055e-05,0.0,-0.00010803389569425958
497,7.951288599986583,hold,0.20370473513011828,1.6156484503523336e-05,15.804699854925275,16.149799805134535,11293.6,0.0,0.15,3.0,0.0004,15.0,0.01,-0.0391601936137697,0.0,0.20655022137853749,-0.038992101457215544,0.0,0.20666528938460088,0.0,0.0,0.0,0.13145831492943305,0.0,1.6457922164357226,-0.09726850135480321,0.0,-1.618994014391782,0.15193500439430105,0.0,0.6695400360879712,0.5264998942388948,-2.3610119926174784,-1.9082616180757246,-0.13378547667939678,0.21867046389885894,0.10349641220994357,-0.07263,0.11836,0.06187,-9.703180877903905e-05,0.0,-1.8279613296018888e-05,-7.106034777511417e-05,0.0,-9.678839276737685e-05
498,7.967163700144738,hold,0.20370473513011828,1.3229589428319148e-05,15.73200011625886,15.875100158154964,11293.6,0.0,0.15,3.0,0.0004,15.0,0.01,-0.0391601936137697,0.0,0.20655022137853749,-0.038992101457215544,0.0,0.20666528938460088,0.0,0.0,0.0,0.13829974511463175,0.0,1.6470812701978985,-0.10326753096603514,0.0,-1.620917659891483,0.15678881079573315,0.0,0.6703083302897207,0.5264998942388948,-2.3610119926174784,-1.9082616180757246,-0.13303241729341256,0.21901027393631506,0.10323032453636023,-0.07263,0.12643000000000001,0.05918,-8.508128129623966e-05,0.0,-2.7282116355597995e-05,-8.301087525791356e-05,0.0,-8.778588970779774e-05
499,7.982976500177756,hold,0.404629001859636,0.0001376059371836138,16.34959992952645,15.812800033017993,11293.6,0.0,0.15,3.0,0.0004,15.0,0.01,-0.039234347546685644,0.0,0.20634118837984716,-0.038992101457215544,0.0,0.20666528938460088,0.0,0.0,0.0,0.1624061063550937,0.0,1.7000485070588442,-0.1138759951876195,0.0,-1.6382461998879803,0.17686314343187748,0.0,0.6929458318882163,0.5264998942388948,-2.3625459734053638,-1.9082616180757246,-0.12855685375857928,0.22345564065315654,0.10396831510240342,-0.07532,0.11836,0.06187,-0.0001504546213387275,0.0,-0.0002457621451200611,-9.179146813137202e-05,0.0,-7.83388596336574e-05
500,7.999422000022605,hold,0.404629001859636,7.130475255463718e-05,15.793700003996491,16.44549984484911,11293.6,0.0,0.15,3.0,0.0004,15.0,0.01,-0.039234347546685644,0.0,0.20634118837984716,-0.038992101457215544,0.0,0.20666528938460088,0.0,0.0,0.0,0.17300835997201983,0.0,1.7173601147973343,-0.12199677877467602,0.0,-1.6504103739904874,0.18495604184632936,0.0,0.700331984786246,0.5264998942388948,-2.3625459734053638,-1.9082616180757246,-0.12699005821351453,0.22485278468367229,0.10415693676765131,-0.07532,0.12374,0.05918,-0.0001151730725620401,0.0,-0.00017251848809249533,-0.0001270730169080594,0.0,-0.00015158251666122318
501,8.01529880007729,hold,0.20370473513011828,1.4263955347453762e-05,15.741400187835097,15.876800054684281,11293.6,0.0,0.15,3.0,0.0004,15.0,0.01,-0.0391601936137697,0.0,0.20655022137853749,-0.038992101457215544,0.0,0.20666528938460088,0.0,0.0,0.0,0.1630210271865743,0.0,1.6784796436979792,-0.12303306335721188,0.0,-1.6439514282323655,0.175295683827304,0.0,0.6838857513396461,0.5264998942388948,-2.3610119926174784,-1.9082616180757246,-0.12961635402741056,0.22175651468707244,0.103322187050835,-0.07263,0.12912,0.06187,-1.4697113663952177e-05,0.0,9.16040454101153e-05,-0.00015339504289020104,0.0,-0.00020667205147351103
502,8.031160100130364,hold,0.20370473513011828,4.9662963384171055e-06,15.793800121173263,15.861300053074956,11293.6,0.0,0.15,3.0,0.0004,15.0,0.01,-0.0391601936137697,0.0,0.20655022137853749,-0.038992101457215544,0.0,0.20666528938460088,0.0,0.0,0.0,0.16406293238338,0.0,1.6720368630983542,-0.12481956330037701,0.0,-1.6405298340179206,0.1757946011362038,0.0,0.6813210384487423,0.5264998942388948,-2.3610119926174784,-1.9082616180757246,-0.12967419933473665,0.2214312909337541,0.10302013568004004,-0.06994,0.12643000000000001,0.05918,-2.53370484979044e-05,0.0,4.852678494797182e-05,-0.00014275510805624882,0.0,-0.00016359479101136755
503,8.047035200055689,hold,0.20370473513011828,2.31703397522862e-06,16.041499795392156,15.87509992532432,11293.6,0.0,0.15,3.0,0.0004,15.0,0.01,-0.0391601936137697,0.0,0.20655022137853749,-0.038992101457215544,0.0,0.20666528938460088,0.0,0.0,0.0,0.16584960203880095,0.0,1.6686159671663308,-0.12726946293325753,0.0,-1.639555619609026,0.17692619921317027,0.0,0.6800039055333232,0.5264998942388948,-2.3610119926174784,-1.9082616180757246,-0.1295751823619658,0.22130667697395645,0.1028026283662673,-0.06994,0.11836,0.05918,-3.474571944475806e-05,0.0,1.3816802972737555e-05,-0.00013334643710939515,0.0,-0.0001288848090361333
504,8.06316540017724,hold,0.20370473513011828,3.2980882110158733e-06,15.690800035372376,16.130200121551752,11293.6,0.0,0.15,3.0,0.0004,15.0,0.01,-0.0391601936137697,0.0,0.20655022137853749,-0.038992101457215544,0.0,0.20666528938460088,0.0,0.0,0.0,0.16829965985946793,0.0,1.6676423362456827,-0.1302794660946267,0.0,-1.6404689353274908,0.17861250180386654,0.0,0.6796993021769424,0.5264998942388948,-2.3610119926174784,-1.9082616180757246,-0.12934279475937407,0.2213468740140664,0.10265079863671149,-0.06994,0.12374,0.06187,-4.268939183022831e-05,0.0,-1.2953106850732265e-05,-0.0001254027647239249,0.0,-0.00010211489921266347
505,8.078939100028947,hold,0.20370473513011828,5.7601531425739275e-06,16.011300031095743,15.773699851706624,11293.6,0.0,0.15,3.0,0.0004,15.0,0.01,-0.0391601936137697,0.0,0.20655022137853749,-0.038992101457215544,0.0,0.20666528938460088,0.0,0.0,0.0,0.17130979655880887,0.0,1.668556101920073,-0.13374247545339263,0.0,-1.6427685060719606,0.18076065525276824,0.0,0.6801773425971057,0.5264998942388948,-2.3610119926174784,-1.9082616180757246,-0.1290024516787029,0.22151606610389224,0.10254737694483776,-0.07263,0.12643000000000001,0.056490000000000005,-4.9114155534926346e-05,0.0,-3.261367888641938e-05,-0.00011897800101922687,0.0,-8.245432717697636e-05
506,8.095021600136533,hold,0.404629001859636,0.00013777144889921743,15.993299894034863,16.082500107586384,11293.6,0.0,0.15,3.0,0.0004,15.0,0.01,-0.039234347546685644,0.0,0.20634118837984716,-0.038992101457215544,0.0,0.20666528938460088,0.0,0.0,0.0,0.19288044645776672,0.0,1.7218994431086703,-0.14284864587298776,0.0,-1.6609451946314024,0.19909595547001407,0.0,0.7028988174274283,0.5264998942388948,-2.3625459734053638,-1.9082616180757246,-0.12478222649774126,0.22588471521474413,0.10341339869618438,-0.07532,0.12374,0.05111,-0.0001291483285147461,0.0,-0.0002577910183114482,-0.00011309776095535341,0.0,-6.630998644227028e-05
507,8.111144399968907,hold,0.20370473513011828,2.400553868855486e-06,15.848300186917186,16.122799832373857,11293.6,0.0,0.15,3.0,0.0004,15.0,0.01,-0.0391601936137697,0.0,0.20655022137853749,-0.038992101457215544,0.0,0.20666528938460088,0.0,0.0,0.0,0.18387312016623747,0.0,1.689015871928762,-0.14496357980099966,0.0,-1.6592933120427447,0.19032880493474663,0.0,0.6888963235231198,0.5264998942388948,-2.3610119926174784,-1.9082616180757246,-0.12714938839750548,0.223167395972457,0.10277145021149836,-0.07532,0.12374,0.05918,-2.9995065887862793e-05,0.0,2.3427836883953756e-05,-0.00013809709066629042,0.0,-0.0001384958429473495
508,8.1270722001791,hold,0.20370473513011828,2.734076883310262e-06,15.885400120168924,15.9278002101928,11293.6,0.0,0.15,3.0,0.0004,15.0,0.01,-0.0391601936137697,0.0,0.20655022137853749,-0.038992101457215544,0.0,0.20666528938460088,0.0,0.0,0.0,0.1859937060932172,0.0,1.6873798929314139,-0.14781616672973338,0.0,-1.6595482207792531,0.19175963100865953,0.0,0.6883122545380903,0.5264998942388948,-2.3610119926174784,-1.9082616180757246,-0.12696886618893335,0.22315714441684606,0.102608788944516,-0.06725,0.12912,0.05918,-4.04568349606344e-05,0.0,-3.6152450181521146e-06,-0.00012763532159351882,0.0,-0.00011145276104524362
509,8.143044300144538,hold,0.06828130431460466,5.854609264398571e-05,15.738700050860643,15.972099965438247,11293.6,0.0,0.15,3.0,0.0004,15.0,0.01,-0.0389345612953475,0.0,0.2066285270901798,-0.038992101457215544,0.0,0.20666528938460088,0.0,0.0,0.0,0.13374965784129195,0.0,1.6685138814566185,-0.13514686836182013,0.0,-1.6556588562043195,0.15361727639331546,0.0,0.6785554855565334,0.5280338750267805,-2.3610119926174784,-1.9082616180757246,-0.13417401549493246,0.2196063736446644,0.10447383658196807,-0.07263,0.12912,0.0538,0.00017968241667756357,0.0,5.5160941503603196e-05,-0.000122142254809522,0.0,-9.192323592469755e-05
510,8.158862200099975,hold,0.20370473513011828,3.9897754286239914e-05,17.500400077551603,15.817899955436587,11293.6,0.0,0.15,3.0,0.0004,15.0,0.01,-0.0391601936137697,0.0,0.20655022137853749,-0.038992101457215544,0.0,0.20666528938460088,0.0,0.0,0.0,0.17619570191864006,0.0,1.6837525965040734,-0.1449756942943536,0.0,-1.660463795709316,0.184743751715654,0.0,0.6864924717680256,0.5264998942388948,-2.3610119926174784,-1.9082616180757246,-0.1280936532309995,0.2225693464133297,0.1029197043588031,-0.07263,0.12643000000000001,0.05918,-0.00013939739560744218,0.0,-6.814608963933394e-05,-2.869476094671103e-05,0.0,-4.692191642406179e-05
511,8.176494600018486,hold,0.20370473513011828,3.181866862784657e-05,15.166800003498793,17.63239991851151,11293.6,0.0,0.15,3.0,0.0004,15.0,0.01,-0.0391601936137697,0.0,0.20655022137853749,-0.038992101457215544,0.0,0.20666528938460088,0.0,0.0,0.0,0.186007622318618,0.0,1.6885518802012738,-0.15342036250585914,0.0,-1.6653774078919295,0.19181182649014925,0.0,0.6887861571503955,0.5264998942388948,-2.3610119926174784,-1.9082616180757246,-0.1269369458824277,0.2232242333790661,0.10265431145325421,-0.07532,0.12643000000000001,0.05918,-0.0001197665686149147,0.0,-6.968734068370786e-05,-4.832558793923852e-05,0.0,-4.5380665379687874e-05
512,8.192044400144368,hold,0.20370473513011828,2.526821908487054e-05,15.40399994701147,15.54980012588203,11293.6,0.0,0.15,3.0,0.0004,15.0,0.01,-0.0391601936137697,0.0,0.20655022137853749,-0.038992101457215544,0.0,0.20666528938460088,0.0,0.0,0.0,0.19445198844195827,0.0,1.693465527926432,-0.1606544579527739,0.0,-1.6702222526076596,0.19792312411066687,0.0,0.6910765421421418,0.5264998942388948,-2.3610119926174784,-1.9082616180757246,-0.12592110167478443,0.22383231931912728,0.10245676293968309,-0.07532,0.12105,0.05111,-0.00010259761153544431,0.0,-6.871204558215093e-05,-6.549454501870891e-05,0.0,-4.63559604812448e-05
513,8.207544800126925,hold,0.20370473513011828,2.0153189516436217e-05,16.002099961042404,15.5003999825567,11293.6,0.0,0.15,3.0,0.0004,15.0,0.01,-0.0391601936137697,0.0,0.20655022137853749,-0.038992101457215544,0.0,0.20666528938460088,0.0,0.0,0.0,0.20168579521765215,0.0,1.6983103561782271,-0.16687652724221283,0.0,-1.6748854513281441,0.203181327676725,0.0,0.6932953157698102,0.5264998942388948,-2.3610119926174784,-1.9082616180757246,-0.12503436878795957,0.22438932111051785,0.10231257149013664,-0.06994,0.12912,0.05111,-8.824454316216263e-05,0.0,-6.613584992729249e-05,-7.984761339199058e-05,0.0,-4.8932156136103245e-05
514,8.22365040006116,hold,0.20370473513011828,1.6271180303893093e-05,15.491900034248829,16.105599934235215,11293.6,0.0,0.15,3.0,0.0004,15.0,0.01,-0.0391601936137697,0.0,0.20655022137853749,-0.038992101457215544,0.0,0.20666528938460088,0.0,0.0,0.0,0.20790762322680317,0.0,1.7029735115480769,-0.17228797155852996,0.0,-1.6793047059398494,0.20772188600110897,0.0,0.6954040804727312,0.5264998942388948,-2.3610119926174784,-1.9082616180757246,-0.12425879387068513,0.2248965696723938,0.10220809415512269,-0.06725,0.12912,0.056490000000000005,-7.674784855762151e-05,0.0,-6.267611082202812e-05,-9.13443079965317e-05,0.0,-5.239189524136762e-05
515,8.239236399997026,hold,0.20370473513011828,1.3391898287579758e-05,16.395300161093473,15.585999935865402,11293.6,0.0,0.15,3.0,0.0004,15.0,0.01,-0.0391601936137697,0.0,0.20655022137853749,-0.038992101457215544,0.0,0.20666528938460088,0.0,0.0,0.0,0.2133188742919973,0.0,1.7073927079677362,-0.17707819566632657,0.0,-1.683455542946987,0.21168406041148702,0.0,0.6973849663832764,0.5264998942388948,-2.3610119926174784,-1.9082616180757246,-0.12357481273978527,0.22535837713532647,0.10213154927128683,-0.06725,0.12643000000000001,0.056490000000000005,-6.793738841101973e-05,0.0,-5.886927618391887e-05,-0.00010015476814313348,0.0,-5.6198729879476864e-05
516,8.255726900184527,hold,0.20370473513011828,1.1301314090311901e-05,15.483400085940957,16.49050018750131,11293.6,0.0,0.15,3.0,0.0004,15.0,0.01,-0.0391601936137697,0.0,0.20655022137853749,-0.038992101457215544,0.0,0.20666528938460088,0.0,0.0,0.0,0.21810895031268918,0.0,1.7115434809577719,-0.18141559081856828,0.0,-1.6873402495722352,0.2152000493116641,0.0,0.6992349465401035,0.5264998942388948,-2.3610119926174784,-1.9082616180757246,-0.1229631404506425,0.22578073553133993,0.10207320083328045,-0.06725,0.12105,0.05111,-6.151513844003854e-05,0.0,-5.509488009815306e-05,-0.00010657701811411468,0.0,-5.9973125965242675e-05
517,8.271302800159901,hold,0.20370473513011828,9.819452847913152e-06,15.60239982791245,15.575899975374341,11293.6,0.0,0.15,3.0,0.0004,15.0,0.01,-0.0391601936137697,0.0,0.20655022137853749,-0.038992101457215544,0.0,0.20666528938460088,0.0,0.0,0.0,0.22244623752806342,0.0,1.715428124119316,-0.18544300663901264,0.0,-1.6909786943434215,0.21838825282922922,0.0,0.70096104172044,0.5264998942388948,-2.3610119926174784,-1.9082616180757246,-0.12240600705396099,0.22617033724579816,0.10202534024979931,-0.07263,0.12105,0.048420000000000005,-5.711885430180179e-05,0.0,-5.160226955348817e-05,-0.00011097330225235143,0.0,-6.346573650990756e-05
518,8.286985700018704,hold,0.20370473513011828,8.802711791620929e-06,15.933700138702989,15.682899858802557,11293.6,0.0,0.15,3.0,0.0004,15.0,0.01,-0.0391601936137697,0.0,0.20655022137853749,-0.038992101457215544,0.0,0.20666528938460088,0.0,0.0,0.0,0.2264735794696082,0.0,1.719066510170042,-0.18927651089654854,0.0,-1.6944010298737746,0.22134975966148646,0.0,0.7025764489504173,0.5264998942388948,-2.3610119926174784,-1.9082616180757246,-0.12188787227201107,0.22653387740362574,0.10198213443859902,-0.07263,0.12912,0.05918,-5.436870214393993e-05,0.0,-4.853729866625697e-05,-0.00011372345441021328,0.0,-6.653070739713877e-05
519,8.303007800132036,hold,0.20370473513011828,8.139005428590768e-06,15.834999969229102,16.02210011333227,11293.6,0.0,0.15,3.0,0.0004,15.0,0.01,-0.0391601936137697,0.0,0.20655022137853749,-0.038992101457215544,0.0,0.20666528938460088,0.0,0.0,0.0,0.23030703751913803,0.0,1.722488794173475,-0.1930064142695843,0.0,-1.6976421465198688,0.2241672120889791,0.0,0.7040975492735627,0.5264998942388948,-2.3610119926174784,-1.9082616180757246,-0.12139574548178499,0.22687759124911977,0.10193939579704206,-0.06725,0.12643000000000001,0.05111,-5.289938184250435e-05,0.0,-4.5967160516088176e-05,-0.00011519277471164887,0.0,-6.910084554730756e-05
520,8.318924100138247,hold,0.20370473513011828,7.740936886552229e-06,16.089600045233965,15.916300006210804,11293.6,0.0,0.15,3.0,0.0004,15.0,0.01,-0.0391601936137697,0.0,0.20655022137853749,-0.038992101457215544,0.0,0.20666528938460088,0.0,0.0,0.0,0.23403691621304315,0.0,1.7257298676144253,-0.1966997258496195,0.0,-1.7007376691304201,0.22690532568759367,0.0,0.7055417047027057,0.5264998942388948,-2.3610119926174784,-1.9082616180757246,-0.12091922199958399,0.22720697919964639,0.1018943162486634,-0.06456,0.12643000000000001,0.056490000000000005,-5.238041847089777e-05,0.0,-4.3902272043145105e-05,-0.00011571173808325545,0.0,-7.116573402025063e-05
521,8.33514660014771,hold,0.20370473513011828,7.539627451706516e-06,15.877699945122004,16.222500009462237,11293.6,0.0,0.15,3.0,0.0004,15.0,0.01,-0.0391601936137697,0.0,0.20655022137853749,-0.038992101457215544,0.0,0.20666528938460088,0.0,0.0,0.0,0.23773021908679368,0.0,1.7288253555155249,-0.20040338771535593,0.0,-1.703721252737328,0.22961247006082208,0.0,0.7069257302249083,0.5264998942388948,-2.3610119926174784,-1.9082616180757246,-0.12045032880651282,0.22752667526413636,0.10184519581678114,-0.06456,0.12912,0.05111,-5.252721147348459e-05,0.0,-4.2314696306033043e-05,-0.00011556494508066862,0.0,-7.275330975736269e-05
522,8.351126300171018,hold,0.404629001859636,0.00013307699456509425,16.07570005580783,15.979700023308396,11293.6,0.0,0.15,3.0,0.0004,15.0,0.01,-0.039234347546685644,0.0,0.20634118837984716,-0.038992101457215544,0.0,0.20666528938460088,0.0,0.0,0.0,0.259541415977597,0.0,1.7828523524486295,-0.20944018933031855,0.0,-1.721541668003732,0.24821398565104483,0.0,0.7299862004387601,0.5264998942388948,-2.3625459734053638,-1.9082616180757246,-0.1161818721801576,0.23194614437675592,0.1027166798508733,-0.06456,0.12105,0.0538,-0.0001281645049361672,0.0,-0.0002527381697296513,-0.0001140815845339323,0.0,-7.13628350240672e-05
523,8.367311700014398,hold,0.20370473513011828,3.516424038980488e-06,15.887800138443708,16.185399843379855,11293.6,0.0,0.15,3.0,0.0004,15.0,0.01,-0.0391601936137697,0.0,0.20655022137853749,-0.038992101457215544,0.0,0.20666528938460088,0.0,0.0,0.0,0.2504646469894968,0.0,1.7496122600328108,-0.21128503251406963,0.0,-1.7188685002678223,0.23931268654022295,0.0,0.7157830427711751,0.5264998942388948,-2.3610119926174784,-1.9082616180757246,-0.11857076800104285,0.22920324824178867,0.1020742307714951,-0.06456,0.12643000000000001,0.056490000000000005,-2.6164501933829206e-05,0.0,3.791222094739097e-05,-0.000141927654620324,0.0,-0.0001529802270107867
524,8.383280700072646,hold,0.20370473513011828,2.4612008609566475e-06,15.771600184962153,15.969000058248639,11293.6,0.0,0.15,3.0,0.0004,15.0,0.01,-0.0391601936137697,0.0,0.20655022137853749,-0.038992101457215544,0.0,0.20666528938460088,0.0,0.0,0.0,0.25231509433813004,0.0,1.7469548374129753,-0.21375310047529586,0.0,-1.7177317315483203,0.24051673025470705,0.0,0.714776606690116,0.5264998942388948,-2.3610119926174784,-1.9082616180757246,-0.11844520257103724,0.22912447054710988,0.1018838443672345,-0.06187,0.12912,0.05111,-3.500339189427729e-05,0.0,1.6122230670714713e-05,-0.00013308876465987593,0.0,-0.00013119023673411045
525,8.399157900130376,hold,0.20370473513011828,3.0089076465118956e-06,15.814700163900852,15.877200057730079,11293.6,0.0,0.15,3.0,0.0004,15.0,0.01,-0.0391601936137697,0.0,0.20655022137853749,-0.038992101457215544,0.0,0.20666528938460088,0.0,0.0,0.0,0.25478330171046426,0.0,1.7458184091180353,-0.21675338813069372,0.0,-1.7178898357051373,0.24220989363317355,0.0,0.7144069017284563,0.5264998942388948,-2.3610119926174784,-1.9082616180757246,-0.11821513669881542,0.2291561310890648,0.10172476109509324,-0.06725,0.12374,0.056490000000000005,-4.2551601595798994e-05,0.0,-2.2423133593249485e-06,-0.00012554055495835422,0.0,-0.00011282569270407079
526,8.415056500118226,hold,0.20370473513011828,4.417043692780611e-06,15.91249997727573,15.898599987849593,11293.6,0.0,0.15,3.0,0.0004,15.0,0.01,-0.0391601936137697,0.0,0.20655022137853749,-0.038992101457215544,0.0,0.20666528938460088,0.0,0.0,0.0,0.25778371626978147,0.0,1.7459768220265126,-0.2201888684473075,0.0,-1.7190934162269558,0.24432387765089678,0.0,0.7145794818416195,0.5264998942388948,-2.3610119926174784,-1.9082616180757246,-0.11789544564900958,0.22928205459673606,0.10159203475369122,-0.06187,0.13181,0.056490000000000005,-4.872372469344893e-05,0.0,-1.7069789545261346e-05,-0.00011936843186070429,0.0,-9.799821651813439e-05
527,8.43104590009898,hold,0.20370473513011828,6.102495190398623e-06,16.263400204479694,15.98939998075366,11293.6,0.0,0.15,3.0,0.0004,15.0,0.01,-0.0391601936137697,0.0,0.20655022137853749,-0.038992101457215544,0.0,0.20666528938460088,0.0,0.0,0.0,0.26121930033858587,0.0,1.7471806517904966,-0.2239652136158813,0.0,-1.7211050580288145,0.24678147117903038,0.0,0.7151900854100327,0.5264998942388948,-2.3610119926174784,-1.9082616180757246,-0.1175028173798531,0.22948429686134444,0.10148033436840492,-0.06456,0.13181,0.05111,-5.355804294707277e-05,0.0,-2.8530124553939116e-05,-0.00011453411360708045,0.0,-8.653788150945662e-05
528,8.447510000085458,hold,0.20370473513011828,7.68158613687644e-06,15.665099956095219,16.464099986478686,11293.6,0.0,0.15,3.0,0.0004,15.0,0.01,-0.0391601936137697,0.0,0.20655022137853749,-0.038992101457215544,0.0,0.20666528938460088,0.0,0.0,0.0,0.26499572676570465,0.0,1.749192486221465,-0.22799638993427623,0.0,-1.7237116603960045,0.24950780239912773,0.0,0.7161394009673531,0.5264998942388948,-2.3610119926174784,-1.9082616180757246,-0.1170533426026695,0.2297457013682747,0.10138467660873818,-0.06456,0.12374,0.056490000000000005,-5.717218759146409e-05,0.0,-3.6968157119131916e-05,-0.00011091996896268912,0.0,-7.809984894426382e-05
529,8.463270500069484,hold,0.20370473513011828,8.950650295701887e-06,15.815000049769878,15.760499984025955,11293.6,0.0,0.15,3.0,0.0004,15.0,0.01,-0.0391601936137697,0.0,0.20655022137853749,-0.038992101457215544,0.0,0.20666528938460088,0.0,0.0,0.0,0.26902696382854685,0.0,1.7517992304065673,-0.2322077945576291,0.0,-1.7267309354721623,0.252434708405617,0.0,0.7173382397182897,0.5264998942388948,-2.3610119926174784,-1.9082616180757246,-0.116561607603848,0.23005081564246238,0.10130065184365744,-0.06456,0.12643000000000001,0.0538,-5.972827684345923e-05,0.0,-4.2820890829467837e-05,-0.00010836387971069399,0.0,-7.22471152339279e-05
530,8.479163200128824,hold,0.20370473513011828,9.840859934230883e-06,15.631099930033088,15.892700059339404,11293.6,0.0,0.15,3.0,0.0004,15.0,0.01,-0.0391601936137697,0.0,0.20655022137853749,-0.038992101457215544,0.0,0.20666528938460088,0.0,0.0,0.0,0.27323841140909516,0.0,1.7548186038393845,-0.23653754650078163,0.0,-1.7300135910912395,0.2555031739973455,0.0,0.7187102734204609,0.5264998942388948,-2.3610119926174784,-1.9082616180757246,-0.11604019554944106,0.23038638238151735,0.10122453482281396,-0.06187,0.13181,0.0538,-6.140673857128215e-05,0.0,-4.655628730394652e-05,-0.00010668541798287107,0.0,-6.851171875944921e-05
531,8.49486570013687,hold,0.20370473513011828,1.0369305758876922e-05,16.77889982238412,15.702500008046627,11293.6,0.0,0.15,3.0,0.0004,15.0,0.01,-0.0391601936137697,0.0,0.20655022137853749,-0.038992101457215544,0.0,0.20666528938460088,0.0,0.0,0.0,0.27756819155638096,0.0,1.7581013222230282,-0.24093646511154856,0.0,-1.7334425023371716,0.25866431746033686,0.0,0.720192962385381,0.5264998942388948,-2.3610119926174784,-1.9082616180757246,-0.11549949404888164,0.23074151363503154,0.1011533108489523,-0.06187,0.13181,0.056490000000000005,-6.238769534012497e-05,0.0,-4.8630558800504364e-05,-0.00010570446121402825,0.0,-6.643744726289137e-05
532,8.511735200183466,hold,0.20370473513011828,1.0597828189651324e-05,15.262299915775657,16.86950004659593,11293.6,0.0,0.15,3.0,0.0004,15.0,0.01,-0.0391601936137697,0.0,0.20655022137853749,-0.038992101457215544,0.0,0.20666528938460088,0.0,0.0,0.0,0.2819671266468671,0.0,1.7615302683120915,-0.24536717998467186,0.0,-1.7369299441333939,0.26187934521277534,0.0,0.7217372197675405,0.5264998942388948,-2.3610119926174784,-1.9082616180757246,-0.11494771899948385,0.23110764287302918,0.10108464412714543,-0.06187,0.1345,0.056490000000000005,-6.283864606332962e-05,0.0,-4.946066875767874e-05,-0.0001052535104908236,0.0,-6.560733730571699e-05
533,8.527083200169727,hold,0.20370473513011828,1.0603610865068378e-05,16.04999997653067,15.34799998626113,11293.6,0.0,0.15,3.0,0.0004,15.0,0.01,-0.0391601936137697,0.0,0.20655022137853749,-0.038992101457215544,0.0,0.20666528938460088,0.0,0.0,0.0,0.2863978490914395,0.0,1.7650177240402172,-0.2498027265092775,0.0,-1.7404137293769564,0.26511882606149795,0.0,0.7233062613201393,0.5264998942388948,-2.3610119926174784,-1.9082616180757246,-0.11439108015390588,0.23147833312787855,0.10101680996708473,-0.06456,0.12912,0.0538,-6.290717099578264e-05,0.0,-4.940880967286372e-05,-0.00010518498555837058,0.0,-6.565919639053201e-05
534,8.543278600089252,hold,0.20370473513011828,1.0461135300607845e-05,15.59209986589849,16.19539991952479,11293.6,0.0,0.15,3.0,0.0004,15.0,0.01,-0.0391601936137697,0.0,0.20655022137853749,-0.038992101457215544,0.0,0.20666528938460088,0.0,0.0,0.0,0.29083339676027914,0.0,1.7685015083934184,-0.254224897306453,0.0,-1.7438528878993906,0.2683615644927035,0.0,0.724873994537268,0.5264998942388948,-2.3610119926174784,-1.9082616180757246,-0.1138340292147986,0.23184900296132532,0.1009486076997682,-0.06187,0.12374,0.0538,-6.271746964376754e-05,0.0,-4.8775890874374345e-05,-0.00010537468691038568,0.0,-6.629211518902139e-05
535,8.558941500028595,hold,0.20370473513011828,1.0233083600328352e-05,16.07250003144145,15.662899939343333,11293.6,0.0,0.15,3.0,0.0004,15.0,0.01,-0.0391601936137697,0.0,0.20655022137853749,-0.038992101457215544,0.0,0.20666528938460088,0.0,0.0,0.0,0.2952555643623612,0.0,1.771940656261551,-0.25862254553736047,0.0,-1.7472233390321297,0.27159328587025067,0.0,0.7264232135515031,0.5264998942388948,-2.3610119926174784,-1.9082616180757246,-0.1132795455260753,0.23221661685714423,0.10087926681550417,-0.06187,0.13181,0.05111,-6.236967816848565e-05,0.0,-4.7801447817975395e-05,-0.00010572247838566756,0.0,-6.726655824542034e-05
536,8.575084600131959,hold,0.20370473513011828,9.967314254551956e-06,15.769799938425422,16.143100103363395,11293.6,0.0,0.15,3.0,0.0004,15.0,0.01,-0.0391601936137697,0.0,0.20655022137853749,-0.038992101457215544,0.0,0.20666528938460088,0.0,0.0,0.0,0.29965320674203955,0.0,1.7753110910024819,-0.2629899733115711,0.0,-1.7505138583529527,0.27480528762079204,0.0,0.727943789751638,0.5264998942388948,-2.3610119926174784,-1.9082616180757246,-0.11272942698478364,0.2325793733829596,0.10080835508124256,-0.06456,0.12912,0.0538,-6.19410763205613e-05,0.0,-4.666781431141533e-05,-0.00010615108023359191,0.0,-6.84001917519804e-05
537,8.590928700054064,hold,0.20370473513011828,9.697392829682844e-06,16.05729991570115,15.84409992210567,11293.6,0.0,0.15,3.0,0.0004,15.0,0.01,-0.0391601936137697,0.0,0.20655022137853749,-0.038992101457215544,0.0,0.20666528938460088,0.0,0.0,0.0,0.3040206273078698,0.0,1.7786015912585549,-0.26732548764183095,0.0,-1.753722517571561,0.27799316088708137,0.0,0.7294309843384282,0.5264998942388948,-2.3610119926174784,-1.9082616180757246,-0.11218456435224455,0.23293641337768684,0.10073569430615797,-0.06725,0.13181,0.0538,-6.148846366853779e-05,0.0,-4.550683281360293e-05,-0.00010660369288561543,0.0,-6.95611732497928e-05
538,8.607145600020885,hold,0.20370473513011828,9.44482171738939e-06,15.79260011203587,16.216899966821074,11293.6,0.0,0.15,3.0,0.0004,15.0,0.01,-0.0391601936137697,0.0,0.20655022137853749,-0.038992101457215544,0.0,0.20666528938460088,0.0,0.0,0.0,0.3083561340271918,0.0,1.7818102309553006,-0.271630167042834,0.0,-1.7568536835535473,0.28115564704755336,0.0,0.7308839580767168,0.5264998942388948,-2.3610119926174784,-1.9082616180757246,-0.11164518564447097,0.23328756153692298,0.10066128698593929,-0.06456,0.1345,0.0538,-6.105114705904212e-05,0.0,-4.440778441896798e-05,-0.0001070410094951111,0.0,-7.066022164442775e-05
539,8.623030300019309,hold,0.06828130431460466,4.875226051192154e-05,15.717400005087256,15.884699998423457,11293.6,0.0,0.15,3.0,0.0004,15.0,0.01,-0.0389345612953475,0.0,0.2066285270901798,-0.038992101457215544,0.0,0.20666528938460088,0.0,0.0,0.0,0.2575640042211849,0.0,1.765820029582029,-0.25980341260146395,0.0,-1.754326894896121,0.24410662543858347,0.0,0.7222738654847871,0.5280338750267805,-2.3610119926174784,-1.9082616180757246,-0.11863367435111788,0.2299616198393548,0.10258676939150402,-0.06187,0.12643000000000001,0.05918,0.00016773303128289147,0.0,3.5836198597207825e-05,-0.0001101928694148499,0.0,-7.259849301830218e-05
540,8.638822700129822,hold,0.20370473513011828,4.331154871384829e-05,16.220899997279048,15.792400110512972,11293.6,0.0,0.15,3.0,0.0004,15.0,0.01,-0.0391601936137697,0.0,0.20655022137853749,-0.038992101457215544,0.0,0.20666528938460088,0.0,0.0,0.0,0.30085244690053137,0.0,1.7824209596835345,-0.2700126255578943,0.0,-1.7593970642179286,0.2759052617037124,0.0,0.730859071221997,0.5264998942388948,-2.3610119926174784,-1.9082616180757246,-0.11241852918792708,0.23302981438539805,0.1010328840485075,-0.06187,0.12912,0.05918,-0.00014479223735334957,0.0,-7.190771345429247e-05,-2.3299919200803643e-05,0.0,-4.316029260910326e-05
541,8.655153800034896,hold,0.06828130431460466,1.975405089893728e-05,15.88129997253418,16.331099905073643,11293.6,0.0,0.15,3.0,0.0004,15.0,0.01,-0.0389345612953475,0.0,0.2066285270901798,-0.038992101457215544,0.0,0.20666528938460088,0.0,0.0,0.0,0.25594784230281,0.0,1.7683638627585818,-0.2624016564229643,0.0,-1.7582415117422898,0.24306174759131408,0.0,0.7232433591382204,0.5280338750267805,-2.3610119926174784,-1.9082616180757246,-0.11873802495587785,0.23004278517151,0.10276191302179324,-0.06994,0.12912,0.05111,0.00010794262536953825,0.0,1.6388631429377012e-05,-5.040246350149669e-05,0.0,-5.315092585047137e-05
542,8.671121299965307,hold,0.20370473513011828,6.834431225636746e-05,16.035699984058738,15.967499930411577,11293.6,0.0,0.15,3.0,0.0004,15.0,0.01,-0.0391601936137697,0.0,0.20655022137853749,-0.038992101457215544,0.0,0.20666528938460088,0.0,0.0,0.0,0.3034516956018538,0.0,1.7863359033745623,-0.27541650319947325,0.0,-1.7642119974974941,0.27787332369000184,0.0,0.7325345016093201,0.5264998942388948,-2.3610119926174784,-1.9082616180757246,-0.11204340989415625,0.23335340378270628,0.10106671568736278,-0.06187,0.13181,0.0538,-0.00018458315950739621,0.0,-8.467645784955711e-05,1.6491002953243e-05,0.0,-3.0391548213838624e-05
543,8.687236099969596,hold,0.20370473513011828,4.267338107300476e-05,15.715900110080838,16.114800004288554,11293.6,0.0,0.15,3.0,0.0004,15.0,0.01,-0.0391601936137697,0.0,0.20655022137853749,-0.038992101457215544,0.0,0.20666528938460088,0.0,0.0,0.0,0.31644919044435055,0.0,1.7923003594750988,-0.2855863759766127,0.0,-1.7691712142618443,0.2872219228404194,0.0,0.7354141272693606,0.5264998942388948,-2.3610119926174784,-1.9082616180757246,-0.11052137411318991,0.23419859492469491,0.10069967899403566,-0.06725,0.12643000000000001,0.0538,-0.0001442342949730974,0.0,-7.033412799742141e-05,-2.3857861581055807e-05,0.0,-4.473387806597432e-05
544,8.703251900151372,hold,0.20370473513011828,2.638286860625985e-05,15.615399926900864,16.015800181776285,11293.6,0.0,0.15,3.0,0.0004,15.0,0.01,-0.0391601936137697,0.0,0.20655022137853749,-0.038992101457215544,0.0,0.20666528938460088,0.0,0.0,0.0,0.3266184128924862,0.0,1.7972593448407872,-0.2934583659343048,0.0,-1.7733161364474557,0.294546837023694,0.0,0.7377852523625162,0.5264998942388948,-2.3610119926174784,-1.9082616180757246,-0.10932293664210074,0.23487647427360103,0.10042402834858799,-0.06187,0.1345,0.0538,-0.00011164455509564292,0.0,-5.878538918440412e-05,-5.64476014585103e-05,0.0,-5.6282616878991615e-05
545,8.718949900008738,hold,0.20370473513011828,1.6507834010819963e-05,16.237700125202537,15.697999857366085,11293.6,0.0,0.15,3.0,0.0004,15.0,0.01,-0.0391601936137697,0.0,0.20655022137853749,-0.038992101457215544,0.0,0.20666528938460088,0.0,0.0,0.0,0.33448985499729184,0.0,1.8014040728864242,-0.2995535889441236,0.0,-1.7768334875094107,0.30022773863477903,0.0,0.7397443132760155,0.5264998942388948,-2.3610119926174784,-1.9082616180757246,-0.10838733286691682,0.23541857284079304,0.10022272589406792,-0.05918,0.12912,0.0538,-8.64455448745834e-05,0.0,-4.9884857137479834e-05,-8.164661167956981e-05,0.0,-6.51831489259159e-05
546,8.735276400111616,hold,0.20370473513011828,1.0751336765379474e-05,16.06619986705482,16.326500102877617,11293.6,0.0,0.15,3.0,0.0004,15.0,0.01,-0.0391601936137697,0.0,0.20655022137853749,-0.038992101457215544,0.0,0.20666528938460088,0.0,0.0,0.0,0.34058465445355196,0.0,1.8049212743459728,-0.30434000616264395,0.0,-1.7798903192853497,0.3046375649613969,0.0,0.7413855971570059,0.5264998942388948,-2.3610119926174784,-1.9082616180757246,-0.10765489852821414,0.235855802559365,0.10007899044563995,-0.05918,0.1345,0.05918,-6.788339717604238e-05,0.0,-4.335353899854132e-05,-0.00010020875937811084,0.0,-7.171446706485441e-05
547,8.751441000029445,hold,0.20370473513011828,7.5134845938670115e-06,15.79359988681972,16.164599917829037,11293.6,0.0,0.15,3.0,0.0004,15.0,0.01,-0.0391601936137697,0.0,0.20655022137853749,-0.038992101457215544,0.0,0.20666528938460088,0.0,0.0,0.0,0.34537075969798564,0.0,1.8079779963507852,-0.3082180731151436,0.0,-1.7826291238591612,0.30811116729346205,0.0,0.7427935153317969,0.5264998942388948,-2.3610119926174784,-1.9082616180757246,-0.1070720751698841,0.23621588487753142,0.09997772894217538,-0.06187,0.12643000000000001,0.05111,-5.5000712890882945e-05,0.0,-3.8843115880543016e-05,-0.00011309144366327027,0.0,-7.622489018285272e-05
548,8.767381899990141,hold,0.20370473513011828,5.770913413861563e-06,15.612200135365129,15.940899960696697,11293.6,0.0,0.15,3.0,0.0004,15.0,0.01,-0.0391601936137697,0.0,0.20655022137853749,-0.038992101457215544,0.0,0.20666528938460088,0.0,0.0,0.0,0.34924861015352526,0.0,1.8107167251263714,-0.3115158820170395,0.0,-1.785166286977323,0.31093507258002856,0.0,0.7440401149561376,0.5264998942388948,-2.3610119926174784,-1.9082616180757246,-0.1065930429941994,0.23652251576752606,0.09990600754974177,-0.05918,0.12912,0.0538,-4.6771198848246954e-05,0.0,-3.5983334462395345e-05,-0.00012132095770590626,0.0,-7.908467160100039e-05
549,8.783091300167143,hold,0.20370473513011828,4.913064617217721e-06,15.907499939203262,15.709400177001953,11293.6,0.0,0.15,3.0,0.0004,15.0,0.01,-0.0391601936137697,0.0,0.20655022137853749,-0.038992101457215544,0.0,0.20666528938460088,0.0,0.0,0.0,0.35254628077759287,0.0,1.8132538401932414,-0.31449093191898253,0.0,-1.787592863152225,0.3133440157845813,0.0,0.7451842788918724,0.5264998942388948,-2.3610119926174784,-1.9082616180757246,-0.10618027171420134,0.2367950887325373,0.09985321565337993,-0.056490000000000005,0.1345,0.05918,-4.2193666973012946e-05,0.0,-3.441493433155338e-05,-0.00012589848958114027,0.0,-8.065307173184235e-05
550,8.79908570018597,hold,0.20370473513011828,4.592902967336459e-06,17.605300061404705,15.994400018826127,11293.6,0.0,0.15,3.0,0.0004,15.0,0.01,-0.0391601936137697,0.0,0.20655022137853749,-0.038992101457215544,0.0,0.20666528938460088,0.0,0.0,0.0,0.3555212537869335,0.0,1.8156803900232772,-0.31733617020635235,0.0,-1.7899768363043589,0.3155222128659962,0.0,0.7462721031398136,0.5264998942388948,-2.3610119926174784,-1.9082616180757246,-0.10580431405202906,0.23704880789486615,0.09981101435301484,-0.056490000000000005,0.12643000000000001,0.0538,-4.035261280079422e-05,0.0,-3.381071664984151e-05,-0.000127739543753359,0.0,-8.125728941355422e-05
551,8.816814300138503,hold,0.20370473513011828,4.614865499382089e-06,14.932999853044748,17.72859995253384,11293.6,0.0,0.15,3.0,0.0004,15.0,0.01,-0.0391601936137697,0.0,0.20655022137853749,-0.038992101457215544,0.0,0.20666528938460088,0.0,0.0,0.0,0.3583664611749988,0.0,1.8180643530358964,-0.32018844885362535,0.0,-1.792366209238092,0.31760768840343834,0.0,0.7473380288143987,0.5264998942388948,-2.3610119926174784,-1.9082616180757246,-0.10544311144867749,0.23729505185954788,0.0997731456649172,-0.056490000000000005,0.12374,0.05918,-4.0452462756565473e-05,0.0,-3.38872990918322e-05,-0.00012763969379758774,0.0,-8.118070697156353e-05
552,8.831854100106284,hold,0.20370473513011828,4.862128703853265e-06,15.180400107055902,15.03979996778071,11293.6,0.0,0.15,3.0,0.0004,15.0,0.01,-0.0391601936137697,0.0,0.20655022137853749,-0.038992101457215544,0.0,0.20666528938460088,0.0,0.0,0.0,0.3612187415416314,0.0,1.8204537272715111,-0.323137998216955,0.0,-1.7947924294805353,0.3196983296372715,0.0,0.7484063962247548,0.5264998942388948,-2.3610119926174784,-1.9082616180757246,-0.10508102430885322,0.23754187871888402,0.09973516254573814,-0.06187,0.13719,0.05111,-4.1832005397796334e-05,0.0,-3.440988631685654e-05,-0.00012626015115635688,0.0,-8.06581197465392e-05
553,8.847123600076884,hold,0.20370473513011828,5.2555787803951305e-06,16.04910008609295,15.269499970600009,11293.6,0.0,0.15,3.0,0.0004,15.0,0.01,-0.0391601936137697,0.0,0.20655022137853749,-0.038992101457215544,0.0,0.20666528938460088,0.0,0.0,0.0,0.36416831412788564,0.0,1.8228799563102784,-0.32623792201431373,0.0,-1.7972738018410959,0.32185866742190317,0.0,0.7494931715900285,0.5264998942388948,-2.3610119926174784,-1.9082616180757246,-0.10470774652126698,0.23779458979065915,0.09969412504929903,-0.05918,0.13181,0.0538,-4.396469190720101e-05,0.0,-3.519208163505295e-05,-0.0001241274646469522,0.0,-7.987592442834278e-05
554,8.863234400050715,hold,0.20370473513011828,5.7342535323047e-06,15.905499923974276,16.11079997383058,11293.6,0.0,0.15,3.0,0.0004,15.0,0.01,-0.0391601936137697,0.0,0.20655022137853749,-0.038992101457215544,0.0,0.20666528938460088,0.0,0.0,0.0,0.36726827380089055,0.0,1.825361341828448,-0.32951305157537875,0.0,-1.7998186568379773,0.32412667141562274,0.0,0.7506076691154989,0.5264998942388948,-2.3610119926174784,-1.9082616180757246,-0.1043172181227161,0.23805629341406773,0.09964829498669042,-0.05918,0.13719,0.0538,-4.644954893119468e-05,0.0,-3.609242458853983e-05,-0.00012164260762295854,0.0,-7.89755814748559e-05
555,8.879348000045866,hold,0.20370473513011828,6.248146470676166e-06,15.587399946525693,16.113599995151162,11293.6,0.0,0.15,3.0,0.0004,15.0,0.01,-0.0391601936137697,0.0,0.20655022137853749,-0.038992101457215544,0.0,0.20666528938460088,0.0,0.0,0.0,0.37054344515080456,0.0,1.8279062119665521,-0.33296776477670265,0.0,-1.8024281387997134,0.3265200861107605,0.0,0.7517541512387909,0.5264998942388948,-2.3610119926174784,-1.9082616180757246,-0.10390661171454102,0.23832842990445047,0.09959685065051196,-0.05918,0.1345,0.0538,-4.8996495221385224e-05,0.0,-3.700899698982313e-05,-0.00011909566133276799,0.0,-7.80590090735726e-05
556,8.89510970003903,hold,0.20370473513011828,6.7567918499324205e-06,15.891499817371368,15.761699993163347,11293.6,0.0,0.15,3.0,0.0004,15.0,0.01,-0.0391601936137697,0.0,0.20655022137853749,-0.038992101457215544,0.0,0.20666528938460088,0.0,0.0,0.0,0.37399820117893345,0.0,1.8305157093402837,-0.33659257949711424,0.0,-1.805098549590675,0.32904202556449785,0.0,0.7529332377648865,0.5264998942388948,-2.3610119926174784,-1.9082616180757246,-0.10347543766460088,0.23861123456020694,0.09953963451181055,-0.056490000000000005,0.13719,0.05918,-5.140896125877888e-05,0.0,-3.787312055552075e-05,-0.00011668319529537434,0.0,-7.719488550787499e-05
557,8.911084600025788,hold,0.20370473513011828,7.229631530505923e-06,15.7922999933362,15.974899986758828,11293.6,0.0,0.15,3.0,0.0004,15.0,0.01,-0.0391601936137697,0.0,0.20655022137853749,-0.038992101457215544,0.0,0.20666528938460088,0.0,0.0,0.0,0.37762305646084454,0.0,1.8331861346599299,-0.34036948004677126,0.0,-1.8078232361468716,0.33168569092705247,0.0,0.7541430911439391,0.5264998942388948,-2.3610119926174784,-1.9082616180757246,-0.10302478975466728,0.23890412767697478,0.09947694017265657,-0.05918,0.13719,0.048420000000000005,-5.356591964334389e-05,0.0,-3.864288699255784e-05,-0.00011452623691080932,0.0,-7.64251190708379e-05
558,8.9269656999968,hold,0.20370473513011828,7.646188921903252e-06,16.243500169366598,15.881099971011281,11293.6,0.0,0.15,3.0,0.0004,15.0,0.01,-0.0391601936137697,0.0,0.20655022137853749,-0.038992101457215544,0.0,0.20666528938460088,0.0,0.0,0.0,0.38139999327325086,0.0,1.8359108341573538,-0.3442760364039351,0.0,-1.8105940454499476,0.33443818117213725,0.0,0.7553803716227321,0.5264998942388948,-2.3610119926174784,-1.9082616180757246,-0.10255673594593293,0.2392060292812755,0.09940934003211721,-0.056490000000000005,0.12643000000000001,0.0538,-5.5404764080705404e-05,0.0,-3.92970231871943e-05,-0.00011268739247344781,0.0,-7.577098287620144e-05
559,8.943312400020659,hold,0.20370473513011828,7.995396241902339e-06,15.84140001796186,16.34670002385974,11293.6,0.0,0.15,3.0,0.0004,15.0,0.01,-0.0391601936137697,0.0,0.20655022137853749,-0.038992101457215544,0.0,0.20666528938460088,0.0,0.0,0.0,0.38530658054295513,0.0,1.8386816544569775,-0.34828843917014907,0.0,-1.8134023924312492,0.3372834399447709,0.0,0.7566409739836408,0.5264998942388948,-2.3610119926174784,-1.9082616180757246,-0.10207384735268091,0.2395156022584557,0.09933755182433252,-0.05918,0.13719,0.0538,-5.6905931550478627e-05,0.0,-3.9829401582916796e-05,-0.00011118622500367459,0.0,-7.523860448047894e-05
560,8.959225400118157,hold,0.20370473513011828,8.27413292699689e-06,15.792099991813302,15.913000097498298,11293.6,0.0,0.15,3.0,0.0004,15.0,0.01,-0.0391601936137697,0.0,0.20655022137853749,-0.038992101457215544,0.0,0.20666528938460088,0.0,0.0,0.0,0.3893190085434439,0.0,1.841490010387404,-0.3523836064905242,0.0,-1.816239997653813,0.34020442654712846,0.0,0.7579205686974712,0.5264998942388948,-2.3610119926174784,-1.9082616180757246,-0.10157885131285066,0.2398314312487831,0.09926234012750726,-0.0538,0.13181,0.0538,-5.807974044463106e-05,0.0,-4.024435680341006e-05,-0.00011001241610952215,0.0,-7.482364925998567e-05
561,8.975094299996272,hold,0.20370473513011828,8.485314342325785e-06,15.787300188094378,15.868899878114462,11293.6,0.0,0.15,3.0,0.0004,15.0,0.01,-0.0391601936137697,0.0,0.20655022137853749,-0.038992101457215544,0.0,0.20666528938460088,0.0,0.0,0.0,0.39341419559395435,0.0,1.8443276225847216,-0.356540530508689,0.0,-1.8190993552274968,0.3431846229129543,0.0,0.759214976109188,0.5264998942388948,-2.3610119926174784,-1.9082616180757246,-0.1010743906437027,0.24015214662913786,0.09918444784623642,-0.056490000000000005,0.1345,0.056490000000000005,-5.8955605262289446e-05,0.0,-4.0552859682109666e-05,-0.00010913655129186377,0.0,-7.451514638128607e-05
562,8.990992499981076,hold,0.13256045949063472,4.870244273718764e-05,15.960399992763996,15.898199984803796,11293.6,0.0,0.15,3.0,0.0004,15.0,0.01,-0.039085719115621156,0.0,0.2067591403806266,-0.038992101457215544,0.0,0.20666528938460088,0.0,0.0,0.0,0.37938532346891335,0.0,1.7961713819842353,-0.3554257615946112,0.0,-1.8070633833731027,0.3302001394059009,0.0,0.7387301186538721,0.5264998942388948,-2.3594780118295926,-1.9082616180757246,-0.10436916528296075,0.23637157688026922,0.09819408036103075,-0.0538,0.1345,0.056490000000000005,1.5810218269531138e-05,0.0,0.00017070025877185887,-0.00010942787667514312,0.0,-7.684926274614608e-05
563,9.007023300044239,hold,0.20370473513011828,3.631348055181949e-05,16.037499997764826,16.030800063163042,11293.6,0.0,0.15,3.0,0.0004,15.0,0.01,-0.0391601936137697,0.0,0.20655022137853749,-0.038992101457215544,0.0,0.20666528938460088,0.0,0.0,0.0,0.39646244973638084,0.0,1.8351680559803825,-0.3616209028751715,0.0,-1.815463423025947,0.3449949801678795,0.0,0.755625491055454,0.5264998942388948,-2.3610119926174784,-1.9082616180757246,-0.10099181595889292,0.23975085008287622,0.09868245091721714,-0.05111,0.13719,0.048420000000000005,-8.78626364794786e-05,0.0,-0.00011913362375560038,-8.022952007467462e-05,0.0,4.065617692204646e-06
564,9.02313660015352,hold,0.13256045949063472,2.1777976054049286e-05,15.90329990722239,16.113300109282136,11293.6,0.0,0.15,3.0,0.0004,15.0,0.01,-0.039085719115621156,0.0,0.2067591403806266,-0.038992101457215544,0.0,0.20666528938460088,0.0,0.0,0.0,0.38446617247580006,0.0,1.7925367446865443,-0.3619572950396762,0.0,-1.8073874854039857,0.3336386993904621,0.0,0.7374430153145077,0.5264998942388948,-2.3594780118295926,-1.9082616180757246,-0.10392855849508224,0.23636362971313624,0.09781568926100448,-0.0538,0.13181,0.0538,-4.770884331107742e-06,0.0,0.00011453704433438542,-8.884677407450424e-05,0.0,-2.068604830867264e-05
565,9.039114200044423,hold,0.20370473513011828,5.7696051942620043e-05,15.911600086838007,15.977599890902638,11293.6,0.0,0.15,3.0,0.0004,15.0,0.01,-0.0391601936137697,0.0,0.20655022137853749,-0.038992101457215544,0.0,0.20666528938460088,0.0,0.0,0.0,0.40299432907978927,0.0,1.8354931019310756,-0.3691143797934207,0.0,-1.8184267015743294,0.34959638980819674,0.0,0.7559931916865796,0.5264998942388948,-2.3610119926174784,-1.9082616180757246,-0.10029636601713837,0.24002385931651304,0.09839272603402847,-0.05111,0.12912,0.056490000000000005,-0.00010150540681683927,0.0,-0.00015656376399951412,-6.658674973731394e-05,0.0,4.149575793611839e-05
566,9.0551204001531,hold,0.20370473513011828,3.651974236939223e-05,15.899799996986985,16.00620010867715,11293.6,0.0,0.15,3.0,0.0004,15.0,0.01,-0.0391601936137697,0.0,0.20655022137853749,-0.038992101457215544,0.0,0.20666528938460088,0.0,0.0,0.0,0.4101456895093881,0.0,1.8465162555711865,-0.37533735446938843,0.0,-1.8268429842032838,0.35502027151310717,0.0,0.7607045824912998,0.5264998942388948,-2.3610119926174784,-1.9082616180757246,-0.09925774734594539,0.2409284597365532,0.09849573041570685,-0.06187,0.12912,0.048420000000000005,-8.825738381322249e-05,0.0,-0.00011936398988297152,-7.983477274093073e-05,0.0,4.295983819575786e-06
567,9.071103400085121,hold,0.20370473513011828,2.316161001759439e-05,15.76570002362132,15.982999932020903,11293.6,0.0,0.15,3.0,0.0004,15.0,0.01,-0.0391601936137697,0.0,0.20655022137853749,-0.038992101457215544,0.0,0.20666528938460088,0.0,0.0,0.0,0.4163684507047414,0.0,1.8549319387370575,-0.38080129038683536,0.0,-1.8331382391101814,0.35969729907573594,0.0,0.7643291335362672,0.5264998942388948,-2.3610119926174784,-1.9082616180757246,-0.09838455667424587,0.24164881702991198,0.09853902984142322,-0.0538,0.13181,0.048420000000000005,-7.749231107420108e-05,0.0,-8.928249871653618e-05,-9.059984547995214e-05,0.0,-2.578550734685955e-05
568,9.08692770008929,hold,0.13320509242177092,5.4647546875733785e-05,15.926300082355738,15.824300004169345,11293.6,0.0,0.15,3.0,0.0004,15.0,0.01,-0.03904351755504046,0.0,0.20678817136672825,-0.038992101457215544,0.0,0.20666528938460088,0.0,0.0,0.0,0.3933412619184556,0.0,1.8031220536448276,-0.377347379330563,0.0,-1.820808878257219,0.33889156276287746,0.0,0.740420160368123,0.5280338750267805,-2.3610119926174784,-1.9067276372878388,-0.10357305179851392,0.23725817472463515,0.0979291685312676,-0.056490000000000005,0.12643000000000001,0.0538,4.898511879333005e-05,0.0,0.00017486125038784734,-0.00010040121661824346,0.0,-5.197926826047656e-05
569,9.1029752001632,hold,0.20370473513011828,5.034354065352868e-05,17.003400018438697,16.04750007390976,11293.6,0.0,0.15,3.0,0.0004,15.0,0.01,-0.0391601936137697,0.0,0.20655022137853749,-0.038992101457215544,0.0,0.20666528938460088,0.0,0.0,0.0,0.41838766956839474,0.0,1.8489163421960813,-0.3848626359567894,0.0,-1.830532639864876,0.36089838976022587,0.0,0.7619723438899566,0.5264998942388948,-2.3610119926174784,-1.9082616180757246,-0.09832850983779393,0.24138593595382438,0.09820854110035285,-0.056490000000000005,0.13719,0.056490000000000005,-0.00010658518201547753,0.0,-0.00013790732005217757,-6.150697453867569e-05,0.0,2.2839313988781836e-05
570,9.120056499959901,hold,0.20370473513011828,3.0125562239519523e-05,14.618200017139316,17.081299796700478,11293.6,0.0,0.15,3.0,0.0004,15.0,0.01,-0.0391601936137697,0.0,0.20655022137853749,-0.038992101457215544,0.0,0.20666528938460088,0.0,0.0,0.0,0.4258940257632221,0.0,1.8586218765268727,-0.3911934147816746,0.0,-1.8376247429513337,0.36652402235068615,0.0,0.7661643590288573,0.5264998942388948,-2.3610119926174784,-1.9082616180757246,-0.09728679501383618,0.2422295550838893,0.098243199771235,-0.056490000000000005,0.13181,0.0538,-8.978631694297051e-05,0.0,-0.0001005838038457241,-7.83058396111827e-05,0.0,-1.4484202217671636e-05
571,9.134736699983478,hold,0.13256045949063472,3.2369398793912194e-05,16.199300065636635,14.680200023576617,11293.6,0.0,0.15,3.0,0.0004,15.0,0.01,-0.039085719115621156,0.0,0.2067591403806266,-0.038992101457215544,0.0,0.20666528938460088,0.0,0.0,0.0,0.4140387257937428,0.0,1.8146977783492853,-0.39127649265945336,0.0,-1.8277707440449018,0.3551911497530478,0.0,0.7474416162738132,0.5264998942388948,-2.3594780118295926,-1.9082616180757246,-0.10024397746127511,0.23877362557000925,0.09732316067712388,-0.05918,0.13181,0.0538,-1.1782526086483896e-06,0.0,0.0001397544114936949,-9.243940579696359e-05,0.0,-4.590341546798212e-05
572,9.151014700066298,hold,0.20370473513011828,4.223490520657359e-05,16.07949985191226,16.278000082820654,11293.6,0.0,0.15,3.0,0.0004,15.0,0.01,-0.0391601936137697,0.0,0.20655022137853749,-0.038992101457215544,0.0,0.20666528938460088,0.0,0.0,0.0,0.4323134661646399,0.0,1.8558759363835848,-0.3979399049918717,0.0,-1.8368428800507108,0.37093527961444583,0.0,0.7652875316935249,0.5264998942388948,-2.3610119926174784,-1.9082616180757246,-0.0966829773128668,0.24232380874820714,0.09783770996873939,-0.0538,0.13181,0.056490000000000005,-9.450389409411466e-05,0.0,-0.00012866563519253413,-7.358826246003855e-05,0.0,1.3597629129138392e-05
573,9.167207699967548,hold,0.20370473513011828,2.4376964097419687e-05,16.26940001733601,16.192999901250005,11293.6,0.0,0.15,3.0,0.0004,15.0,0.01,-0.0391601936137697,0.0,0.20655022137853749,-0.038992101457215544,0.0,0.20666528938460088,0.0,0.0,0.0,0.4389710969102191,0.0,1.8649319648999834,-0.4035439233687765,0.0,-1.84330243656208,0.375941045351402,0.0,0.7691864754505039,0.5264998942388948,-2.3610119926174784,-1.9082616180757246,-0.0957474076355844,0.24309747273468602,0.09788609262275771,-0.0538,0.12912,0.04573,-7.947903157904571e-05,0.0,-9.161270742250944e-05,-8.86131249751075e-05,0.0,-2.3455298640886297e-05
574,9.183567699976265,hold,0.21705089434556754,0.0001777114206275754,15.8504000864923,16.36000000871718,11293.6,0.0,0.15,3.0,0.0004,15.0,0.01,-0.03885976640721206,0.0,0.20683733160406106,-0.038992101457215544,0.0,0.20666528938460088,0.0,0.0,0.0,0.37121402371738316,0.0,1.8012819289362196,-0.3869069668222272,0.0,-1.8272916296257962,0.3238593243176526,0.0,0.7401383615372406,0.5280338750267805,-2.3594780118295926,-1.9082616180757246,-0.10632922253761926,0.23591146079225145,0.09898563128684898,-0.0538,0.1345,0.0538,0.00023595375778776966,0.0,0.00022707338636490212,-0.00010361870778428489,0.0,-5.503116690471873e-05
575,9.199569400167093,hold,0.20370473513011828,8.70370918750177e-05,15.883399872109294,16.00170019082725,11293.6,0.0,0.15,3.0,0.0004,15.0,0.01,-0.0391601936137697,0.0,0.20655022137853749,-0.038992101457215544,0.0,0.20666528938460088,0.0,0.0,0.0,0.42796222685135915,0.0,1.8554030616129598,-0.3990709441270252,0.0,-1.837928778292305,0.36786075319361716,0.0,0.7649390417158974,0.5264998942388948,-2.3610119926174784,-1.9082616180757246,-0.09715291591841944,0.2421273870059032,0.0980206135051418,-0.0538,0.1345,0.048420000000000005,-0.00017251569700754815,0.0,-0.00015086143868846676,4.423540453394936e-06,0.0,3.579343262507102e-05
576,9.21577850007452,hold,0.20370473513011828,4.9089985972196266e-05,15.58350003324449,16.209099907428026,11293.6,0.0,0.15,3.0,0.0004,15.0,0.01,-0.0391601936137697,0.0,0.20655022137853749,-0.038992101457215544,0.0,0.20666528938460088,0.0,0.0,0.0,0.44010341927283153,0.0,1.8660182264995044,-0.4085939949103471,0.0,-1.8454508432810472,0.376775989764416,0.0,0.7696662289942404,0.5264998942388948,-2.3610119926174784,-1.9082616180757246,-0.09560008459062708,0.24320327932676658,0.09787643835681845,-0.05918,0.12912,0.05918,-0.0001350607373194482,0.0,-0.0001066817416666067,-3.303141923470502e-05,0.0,-8.386264396789033e-06
577,9.231444200035185,hold,0.20370473513011828,2.707259642664243e-05,15.895499847829342,15.665699960663915,11293.6,0.0,0.15,3.0,0.0004,15.0,0.01,-0.0391601936137697,0.0,0.20655022137853749,-0.038992101457215544,0.0,0.20666528938460088,0.0,0.0,0.0,0.44962587765003836,0.0,1.8735395844367244,-0.41599902589689597,0.0,-1.850587311461439,0.38373919194059053,0.0,0.7730489611155325,0.5264998942388948,-2.3610119926174784,-1.9082616180757246,-0.09440308293884239,0.24400144787387204,0.09773168035622085,-0.05111,0.13988,0.056490000000000005,-0.00010502190607533196,0.0,-7.284799750060981e-05,-6.307025047882126e-05,0.0,-4.222000856278592e-05
578,9.247472499962896,hold,0.20370473513011828,1.4985883136447333e-05,15.484000090509653,16.028299927711487,11293.6,0.0,0.15,3.0,0.0004,15.0,0.01,-0.0391601936137697,0.0,0.20655022137853749,-0.038992101457215544,0.0,0.20666528938460088,0.0,0.0,0.0,0.45703040365678793,0.0,1.8786754838910797,-0.42177871832532227,0.0,-1.8539862531852898,0.38912788651466085,0.0,0.7753914854333099,0.5264998942388948,-2.3610119926174784,-1.9082616180757246,-0.09349083021113576,0.24458163005669198,0.0975910478196166,-0.05111,0.13181,0.048420000000000005,-8.19705300984011e-05,0.0,-4.820551583459932e-05,-8.612162645575211e-05,0.0,-6.686249022879641e-05
579,9.263045800151303,hold,0.20370473513011828,8.66120582913607e-06,15.867099864408374,15.573300188407302,11293.6,0.0,0.15,3.0,0.0004,15.0,0.01,-0.0391601936137697,0.0,0.20655022137853749,-0.038992101457215544,0.0,0.20666528938460088,0.0,0.0,0.0,0.4628097086345741,0.0,1.882074011456632,-0.42637174220243745,0.0,-1.8561970786310584,0.3933117345513615,0.0,0.7769734150093865,0.5264998942388948,-2.3610119926174784,-1.9082616180757246,-0.09279466260772377,0.24499982626697303,0.09745724993116267,-0.05111,0.13719,0.05111,-6.514059469843701e-05,0.0,-3.1355048039127716e-05,-0.0001029515618557162,0.0,-8.371295802426802e-05
580,9.278988000005484,hold,0.20370473513011828,5.479365753363665e-06,16.046599950641394,15.942199854180217,11293.6,0.0,0.15,3.0,0.0004,15.0,0.01,-0.0391601936137697,0.0,0.20655022137853749,-0.038992101457215544,0.0,0.20666528938460088,0.0,0.0,0.0,0.4674024496551421,0.0,1.8842845537333477,-0.430150714060751,0.0,-1.8576659111450522,0.3966188435101368,0.0,0.7780325388127756,0.5264998942388948,-2.3610119926174784,-1.9082616180757246,-0.09225416652436533,0.24530432606986827,0.09733161144015479,-0.05111,0.13719,0.048420000000000005,-5.3595295993500304e-05,0.0,-2.0831727862484088e-05,-0.00011449686056065291,0.0,-9.423627820091165e-05
581,9.295139100169763,hold,0.20370473513011828,3.944362166225455e-06,15.92910010367632,16.15110016427934,11293.6,0.0,0.15,3.0,0.0004,15.0,0.01,-0.0391601936137697,0.0,0.20655022137853749,-0.038992101457215544,0.0,0.20666528938460088,0.0,0.0,0.0,0.4711812274956797,0.0,1.8857532094352984,-0.4334187695029278,0.0,-1.8587396430136,0.3993271679374821,0.0,0.7787625341560475,0.5264998942388948,-2.3610119926174784,-1.9082616180757246,-0.09181856011465545,0.24553497996982204,0.09721444781751351,-0.04573,0.13719,0.05111,-4.634922018837128e-05,0.0,-1.522821007144434e-05,-0.00012174293636578194,0.0,-9.983979599195139e-05
582,9.31115090008825,hold,0.13256045949063472,6.689533452895817e-05,15.71550010703504,16.011799918487668,11293.6,0.0,0.15,3.0,0.0004,15.0,0.01,-0.039085719115621156,0.0,0.2067591403806266,-0.038992101457215544,0.0,0.20666528938460088,0.0,0.0,0.0,0.4562633503244492,0.0,1.8358112438270275,-0.43109681735644473,0.0,-1.8447648606605072,0.38559041663908467,0.0,0.7574666585630959,0.5264998942388948,-2.3594780118295926,-1.9082616180757246,-0.09525527105663117,0.2416176570325182,0.09620430084151885,-0.05111,0.13181,0.056490000000000005,3.2931103284013626e-05,0.0,0.00019819745283655287,-0.0001265487616896256,0.0,-0.00010434645681084008
583,9.326935600023717,hold,0.3244935215243183,0.00014869276148121003,16.011600149795413,15.784699935466051,11293.6,0.0,0.15,3.0,0.0004,15.0,0.01,-0.039194675375314125,0.0,0.20691878465717503,-0.038992101457215544,0.0,0.20666528938460088,0.0,0.0,0.0,0.4805532647809169,0.0,1.7828701820792,-0.4384179925707516,0.0,-1.8249537860322835,0.39878934325211335,0.0,0.7351133468281129,0.5264998942388948,-2.3594780118295926,-1.9067276372878388,-0.0942537913073173,0.23943938549544336,0.09314446237889056,-0.05111,0.12912,0.056490000000000005,-0.00010383262097277483,0.0,0.0002809707106744157,-9.8741297125806e-05,0.0,-2.747543810026554e-05
584,9.343009600182995,hold,0.13256045949063472,1.2085419169558989e-06,15.92419994994998,16.074000159278512,11293.6,0.0,0.15,3.0,0.0004,15.0,0.01,-0.039085719115621156,0.0,0.2067591403806266,-0.038992101457215544,0.0,0.20666528938460088,0.0,0.0,0.0,0.4612601315531629,0.0,1.8020567120120734,-0.4365164967863881,0.0,-1.824854088826126,0.3879000295641826,0.0,0.7440148326830679,0.5264998942388948,-2.3594780118295926,-1.9082616180757246,-0.09560235564091579,0.23989847266911501,0.09464084450685362,-0.0538,0.13181,0.048420000000000005,2.696797785597527e-05,0.0,1.4139563548184797e-06,-0.00012058563626158725,0.0,9.24370396708943e-05
585,9.359006399987265,hold,0.20370473513011828,9.965235065454094e-05,15.813000034540892,15.996799804270267,11293.6,0.0,0.15,3.0,0.0004,15.0,0.01,-0.0391601936137697,0.0,0.20655022137853749,-0.038992101457215544,0.0,0.20666528938460088,0.0,0.0,0.0,0.47755300151191127,0.0,1.8529615609538634,-0.4417914324124545,0.0,-1.8413201784075803,0.4026175016084639,0.0,0.7657476666044072,0.5264998942388948,-2.3610119926174784,-1.9082616180757246,-0.09200055896365955,0.24392135000037918,0.0956276019191743,-0.0538,0.13719,0.0538,-7.481181306067091e-05,0.0,-0.00023353043580678424,-9.32803434934823e-05,0.0,0.0001184624297433885
586,9.374906700104475,hold,0.20370473513011828,5.363180739536867e-05,15.85439988411963,15.900300117209554,11293.6,0.0,0.15,3.0,0.0004,15.0,0.01,-0.0391601936137697,0.0,0.20655022137853749,-0.038992101457215544,0.0,0.20666528938460088,0.0,0.0,0.0,0.4828222933898697,0.0,1.8694110258621717,-0.4464978618579727,0.0,-1.853099182782334,0.4069153339896293,0.0,0.7725827818139408,0.5264998942388948,-2.3610119926174784,-1.9082616180757246,-0.09101887594308677,0.24506071613847932,0.09603152962797959,-0.0538,0.13181,0.0538,-6.674897000096809e-05,0.0,-0.00016705581561419412,-0.00010134318655318513,0.0,5.198780955079839e-05
587,9.390821899985895,hold,0.21705089434556754,0.00014953861312805864,17.991000087931752,15.91519988141954,11293.6,0.0,0.15,3.0,0.0004,15.0,0.01,-0.03885976640721206,0.0,0.20683733160406106,-0.038992101457215544,0.0,0.20666528938460088,0.0,0.0,0.0,0.41416774830261693,0.0,1.811079943077995,-0.4293506118411396,0.0,-1.8406658543364032,0.35436876830404346,0.0,0.7455996481535749,0.5280338750267805,-2.3594780118295926,-1.9082616180757246,-0.10155628271068645,0.23814542873067382,0.09738969269955636,-0.048420000000000005,0.13988,0.0538,0.00024319099865878675,0.0,0.00017633577153481494,-0.00011085594865530197,0.0,-4.293552074631556e-06
588,9.408903500065207,hold,0.20370473513011828,0.00010229196168533571,14.02729982510209,18.08160007931292,11293.6,0.0,0.15,3.0,0.0004,15.0,0.01,-0.0391601936137697,0.0,0.20655022137853749,-0.038992101457215544,0.0,0.20666528938460088,0.0,0.0,0.0,0.4704057502944606,0.0,1.8687781389340457,-0.4412962143584415,0.0,-1.8534790688259306,0.3981679054553764,0.0,0.7718777545086747,0.5264998942388948,-2.3610119926174784,-1.9082616180757246,-0.09234125657900531,0.24454089711921123,0.09658168083543589,-0.05111,0.13988,0.056490000000000005,-0.0001694185949882187,0.0,-0.00018172350812395343,1.3264384340654816e-06,0.0,6.66555020605577e-05
589,9.423046400072053,hold,0.20370473513011828,5.4930250375818817e-05,16.314300009980798,14.142900006845593,11293.6,0.0,0.15,3.0,0.0004,15.0,0.01,-0.0391601936137697,0.0,0.20655022137853749,-0.038992101457215544,0.0,0.20666528938460088,0.0,0.0,0.0,0.48232863751442684,0.0,1.8815690355478492,-0.45080945533246713,0.0,-1.862098175351411,0.4070084944642114,0.0,0.7774758806126065,0.5264998942388948,-2.3610119926174784,-1.9082616180757246,-0.09075484479278637,0.24573182217578957,0.09653332332440309,-0.0538,0.1345,0.05111,-0.00013492160962742325,0.0,-0.00012224054127748336,-3.317054692672996e-05,0.0,7.172535214087627e-06
590,9.439446600154042,hold,0.13256045949063472,3.1522207112920165e-05,15.422099968418479,16.40020008198917,11293.6,0.0,0.15,3.0,0.0004,15.0,0.01,-0.039085719115621156,0.0,0.2067591403806266,-0.038992101457215544,0.0,0.20666528938460088,0.0,0.0,0.0,0.4736555249302463,0.0,1.8391715744416888,-0.4530283403879537,0.0,-1.8526301676175052,0.3979222147715593,0.0,0.759441287891468,0.5264998942388948,-2.3594780118295926,-1.9082616180757246,-0.0933384257049163,0.24248651083807315,0.09553280408807482,-0.048420000000000005,0.13719,0.048420000000000005,-3.146935351284384e-05,0.0,0.00013428008886890344,-6.214830489276814e-05,0.0,-4.042909284319066e-05
591,9.4549537000712,hold,0.13256045949063472,1.5288512014811168e-05,15.84269991144538,15.507099917158484,11293.6,0.0,0.15,3.0,0.0004,15.0,0.01,-0.039085719115621156,0.0,0.2067591403806266,-0.038992101457215544,0.0,0.20666528938460088,0.0,0.0,0.0,0.4758800120479361,0.0,1.8297198483075419,-0.4556712068582832,0.0,-1.8463947211327343,0.3991484611477461,0.0,0.7557039114041192,0.5264998942388948,-2.3594780118295926,-1.9082616180757246,-0.09334877628304722,0.24203730392672412,0.09505685571342828,-0.05111,0.12912,0.0538,-3.748247302688877e-05,0.0,8.84342653327051e-05,-5.613518537872321e-05,0.0,5.416730693007691e-06
592,9.47087710001506,hold,0.13256045949063472,7.683516605481288e-06,16.1035000346601,15.923399943858385,11293.6,0.0,0.15,3.0,0.0004,15.0,0.01,-0.039085719115621156,0.0,0.2067591403806266,-0.038992101457215544,0.0,0.20666528938460088,0.0,0.0,0.0,0.4785229703490635,0.0,1.8234851465741002,-0.4585739899390677,0.0,-1.842570534918341,0.4007828243844023,0.0,0.7532803619473651,0.5264998942388948,-2.3594780118295926,-1.9082616180757246,-0.09323191012449429,0.2417868400648141,0.09468854772220955,-0.05111,0.13988,0.048420000000000005,-4.1168742253878515e-05,0.0,5.423654892898166e-05,-5.2448916151733466e-05,0.0,3.961444709673112e-05
593,9.487066200003028,hold,0.28082674679325803,8.754500564581424e-05,15.807999996468425,16.189099987968802,11293.6,0.0,0.15,3.0,0.0004,15.0,0.01,-0.03926939463642744,0.0,0.20670969833051323,-0.038992101457215544,0.0,0.20666528938460088,0.0,0.0,0.0,0.5262772526436444,0.0,1.831734711816508,-0.4747189832359583,0.0,-1.8439756001768974,0.4340424642884248,0.0,0.7570068204278545,0.5264998942388948,-2.3610119926174784,-1.9067276372878388,-0.0876187181844092,0.2444843017817578,0.09269184131936246,-0.048420000000000005,0.14257,0.0538,-0.0002289764854047062,0.0,-1.9927348296296332e-05,-4.831669380718704e-05,0.0,6.433629420864057e-05
594,9.50295490003191,hold,0.13256045949063472,2.8368415501930056e-06,16.048999968916178,15.88870002888143,11293.6,0.0,0.15,3.0,0.0004,15.0,0.01,-0.039085719115621156,0.0,0.2067591403806266,-0.038992101457215544,0.0,0.20666528938460088,0.0,0.0,0.0,0.49755586034639027,0.0,1.8210629733932862,-0.4729460373860351,0.0,-1.8416588810174352,0.41406129401891895,0.0,0.7529784275920184,0.5264998942388948,-2.3594780118295926,-1.9082616180757246,-0.09129195863401007,0.24239178397127192,0.0937129326072855,-0.048420000000000005,0.13181,0.048420000000000005,2.5144817471460832e-05,0.0,3.2856886407352234e-05,-0.00011876247587707281,0.0,6.099410961836055e-05
595,9.519140599993989,hold,0.20370473513011828,6.975498674585165e-05,16.084900125861168,16.185699962079525,11293.6,0.0,0.15,3.0,0.0004,15.0,0.01,-0.0391601936137697,0.0,0.20655022137853749,-0.038992101457215544,0.0,0.20666528938460088,0.0,0.0,0.0,0.5139825817928629,0.0,1.8697658499720957,-0.4778451593434384,0.0,-1.8552700368935555,0.42882304984341113,0.0,0.7738538754986828,0.5264998942388948,-2.3610119926174784,-1.9082616180757246,-0.08773231207781687,0.24629520587271322,0.09460229363560457,-0.04573,0.1345,0.04573,-6.948183295878439e-05,0.0,-0.0001930403176698677,-9.861032359536882e-05,0.0,7.797231160647195e-05
596,9.53534880001098,hold,0.13256045949063472,1.3422452904574695e-05,15.747800003737211,16.208200016990304,11293.6,0.0,0.15,3.0,0.0004,15.0,0.01,-0.039085719115621156,0.0,0.2067591403806266,-0.038992101457215544,0.0,0.20666528938460088,0.0,0.0,0.0,0.5006901196750513,0.0,1.8323445999479209,-0.47655209560736594,0.0,-1.849057521711427,0.41666285243157286,0.0,0.7576450296739446,0.5264998942388948,-2.3594780118295926,-1.9082616180757246,-0.09067045865536777,0.24315375028551595,0.09401334811599274,-0.048420000000000005,0.13181,0.0538,1.8338885885271593e-05,0.0,8.810904196542206e-05,-0.00011195654429088357,0.0,5.741954060290729e-06
597,9.551174900028855,hold,0.13256045949063472,6.327261649430911e-06,15.672700013965368,15.826100017875433,11293.6,0.0,0.15,3.0,0.0004,15.0,0.01,-0.039085719115621156,0.0,0.2067591403806266,-0.038992101457215544,0.0,0.20666528938460088,0.0,0.0,0.0,0.4994029301066216,0.0,1.8261479782624122,-0.4766557996213936,0.0,-1.8447019470735901,0.41553889811104183,0.0,0.7550972497012941,0.5264998942388948,-2.3594780118295926,-1.9082616180757246,-0.090966126374463,0.24275216766047186,0.09382825711554088,-0.04573,0.12912,0.056490000000000005,-1.47078293671272e-06,0.0,6.177296912732879e-05,-9.214687546889926e-05,0.0,3.207802689838399e-05
598,9.566915099974722,hold,0.13256045949063472,3.4386360649868878e-06,16.269100131466985,15.740199945867062,11293.6,0.0,0.15,3.0,0.0004,15.0,0.01,-0.039085719115621156,0.0,0.2067591403806266,-0.038992101457215544,0.0,0.20666528938460088,0.0,0.0,0.0,0.4995069578827212,0.0,1.8217928204035212,-0.4778393577028936,0.0,-1.8417161308597758,0.4154572407560538,0.0,0.7533424301304763,0.5264998942388948,-2.3594780118295926,-1.9082616180757246,-0.09106779738603044,0.24250926415001903,0.09365153187639379,-0.0538,0.1345,0.0538,-1.6785821139139536e-05,0.0,4.234636026979774e-05,-7.683183726647244e-05,0.0,5.150463575591504e-05
599,9.583248800132424,hold,0.13256045949063472,2.6836268375158175e-06,15.724000055342913,16.33370015770197,11293.6,0.0,0.15,3.0,0.0004,15.0,0.01,-0.039085719115621156,0.0,0.2067591403806266,-0.038992101457215544,0.0,0.20666528938460088,0.0,0.0,0.0,0.5006907733964209,0.0,1.8188073307267592,-0.47981822854573974,0.0,-1.8396826730412115,0.41618244171892865,0.0,0.7521790079101136,0.5264998942388948,-2.3594780118295926,-1.9082616180757246,-0.09102043917636687,0.24238614048738646,0.0934789479655534,-0.05111,0.1345,0.056490000000000005,-2.8065350188285796e-05,0.0,2.883953037027771e-05,-6.555230821732619e-05,0.0,6.501146565543507e-05
600,9.599070600001141,hold,0.13256045949063472,2.8102647119734196e-06,16.039000125601888,15.82179986871779,11293.6,0.0,0.15,3.0,0.0004,15.0,0.01,-0.039085719115621156,0.0,0.2067591403806266,-0.038992101457215544,0.0,0.20666528938460088,0.0,0.0,0.0,0.5026698338142876,0.0,1.816774099894777,-0.48234895174373277,0.0,-1.838259214495605,0.4174998736056187,0.0,0.751428335026728,0.5264998942388948,-2.3594780118295926,-1.9082616180757246,-0.09086478395325931,0.24234802999935712,0.09330718466068727,-0.048420000000000005,0.13181,0.048420000000000005,-3.5892000247544445e-05,0.0,2.018821122428423e-05,-5.7725658158067536e-05,0.0,7.366278480142856e-05
601,9.615217900136486,hold,0.13256045949063472,3.1614017832953415e-06,15.822799876332283,16.147300135344267,11293.6,0.0,0.15,3.0,0.0004,15.0,0.01,-0.039085719115621156,0.0,0.2067591403806266,-0.038992101457215544,0.0,0.20666528938460088,0.0,0.0,0.0,0.5052006885411853,0.0,1.8153507867151644,-0.48523208748351637,0.0,-1.837176748026901,0.41922642972388513,0.0,0.7509435339712335,0.5264998942388948,-2.3594780118295926,-1.9082616180757246,-0.09063529919397872,0.2423660253982447,0.0931339845425538,-0.05111,0.1345,0.0538,-4.08900936965701e-05,0.0,1.5352088601982276e-05,-5.272756470904188e-05,0.0,7.849890742373051e-05
602,9.631157800089568,hold,0.13256045949063472,3.4567763871239252e-06,15.68880002014339,15.939899953082204,11293.6,0.0,0.15,3.0,0.0004,15.0,0.01,-0.039085719115621156,0.0,0.2067591403806266,-0.038992101457215544,0.0,0.20666528938460088,0.0,0.0,0.0,0.5080839082622363,0.0,1.8142684014837536,-0.48831112953047084,0.0,-1.8362334404235932,0.4212125198183042,0.0,0.7506089086367368,0.5264998942388948,-2.3594780118295926,-1.9082616180757246,-0.09035992384976801,0.242417095672691,0.09295795030491269,-0.05111,0.13181,0.05111,-4.3668536329508856e-05,0.0,1.3378466976667126e-05,-4.9949122076103125e-05,0.0,8.047252904904566e-05
603,9.647020100150257,hold,0.13256045949063472,3.6229525621082978e-06,16.091099940240383,15.86230006068945,11293.6,0.0,0.15,3.0,0.0004,15.0,0.01,-0.039085719115621156,0.0,0.2067591403806266,-0.038992101457215544,0.0,0.20666528938460088,0.0,0.0,0.0,0.5111629969809424,0.0,1.8133251270061614,-0.49146882396860386,0.0,-1.8352859049246757,0.42334108663631603,0.0,0.7503374107394521,0.5264998942388948,-2.3594780118295926,-1.9082616180757246,-0.09006034259518976,0.24248369327550462,0.09277835114850672,-0.048420000000000005,0.13719,0.048420000000000005,-4.478402444211252e-05,0.0,1.3438429137043205e-05,-4.883363396349946e-05,0.0,8.041256688866958e-05
604,9.663216799963266,hold,0.13256045949063472,3.6792872178800615e-06,15.564000001177192,16.19669981300831,11293.6,0.0,0.15,3.0,0.0004,15.0,0.01,-0.039085719115621156,0.0,0.2067591403806266,-0.038992101457215544,0.0,0.20666528938460088,0.0,0.0,0.0,0.5143207101407515,0.0,1.8123775904566617,-0.49462202213772444,0.0,-1.834239385474357,0.4255247105474633,0.0,0.7500669848041517,0.5264998942388948,-2.3594780118295926,-1.9082616180757246,-0.0897525989184549,0.24255311559610448,0.09259494848143907,-0.05111,0.13719,0.0538,-4.472025607398878e-05,0.0,1.484226975106612e-05,-4.88974023316232e-05,0.0,7.900872627464666e-05
605,9.678873799974099,hold,0.13256045949063472,3.6719200999498366e-06,16.332699917256832,15.657000010833144,11293.6,0.0,0.15,3.0,0.0004,15.0,0.01,-0.039085719115621156,0.0,0.2067591403806266,-0.038992101457215544,0.0,0.20666528938460088,0.0,0.0,0.0,0.517473907213075,0.0,1.8113310473735404,-0.49771591686756156,0.0,-1.833037896522874,0.4277016464516578,0.0,0.7497564218362222,0.5264998942388948,-2.3594780118295926,-1.9082616180757246,-0.08944789054104924,0.24261674758862653,0.09240784643746941,-0.05111,0.13719,0.04573,-4.387918461302075e-05,0.0,1.7040125833694118e-05,-4.973847379259123e-05,0.0,7.681087019201867e-05
606,9.695282500004396,hold,0.13256045949063472,3.6421581924354304e-06,15.452800085768104,16.40870003029704,11293.6,0.0,0.15,3.0,0.0004,15.0,0.01,-0.039085719115621156,0.0,0.2067591403806266,-0.038992101457215544,0.0,0.20666528938460088,0.0,0.0,0.0,0.5205677877845559,0.0,1.8101295214497324,-0.5007182673843524,0.0,-1.8316550133204192,0.4298314262228712,0.0,0.7493811732455632,0.5264998942388948,-2.3594780118295926,-1.9082616180757246,-0.08915343084680327,0.24266927784949033,0.092217369153824,-0.048420000000000005,0.13988,0.04304,-4.258085814257893e-05,0.0,1.9612751123550783e-05,-5.103680026303305e-05,0.0,7.4238244902162e-05
607,9.710913700051606,hold,0.13256045949063472,3.6160029460568013e-06,15.814899932593107,15.631200047209859,11293.6,0.0,0.15,3.0,0.0004,15.0,0.01,-0.039085719115621156,0.0,0.2067591403806266,-0.038992101457215544,0.0,0.20666528938460088,0.0,0.0,0.0,0.5235701164611638,0.0,1.8087465949822443,-0.5036140149598244,0.0,-1.8300857285096477,0.4318904764128739,0.0,0.7489294270946278,0.5264998942388948,-2.3594780118295926,-1.9082616180757246,-0.088873294662763,0.2427079511546359,0.09202396425016338,-0.05111,0.13988,0.0538,-4.106896114837516e-05,0.0,2.225639329554133e-05,-5.2548697257236824e-05,0.0,7.159460273017146e-05
608,9.727006200002506,hold,0.13256045949063472,3.60456817566426e-06,16.44170004874468,16.092499950900674,11293.6,0.0,0.15,3.0,0.0004,15.0,0.01,-0.039085719115621156,0.0,0.2067591403806266,-0.038992101457215544,0.0,0.20666528938460088,0.0,0.0,0.0,0.5264658386104654,0.0,1.807177265718563,-0.5064005288793452,0.0,-1.8283395771120565,0.433868048274091,0.0,0.7483986288169135,0.5264998942388948,-2.3594780118295926,-1.9082616180757246,-0.08860919534212341,0.2427318967100729,0.09182813033174098,-0.05111,0.13719,0.048420000000000005,-3.9519754024676206e-05,0.0,2.4764804955475304e-05,-5.4097904380935775e-05,0.0,6.908619107023748e-05
609,9.74355010013096,hold,0.13256045949063472,3.608661080205225e-06,16.025899909436703,16.54390012845397,11293.6,0.0,0.15,3.0,0.0004,15.0,0.01,-0.039085719115621156,0.0,0.2067591403806266,-0.038992101457215544,0.0,0.20666528938460088,0.0,0.0,0.0,0.5292523264801378,0.0,1.8054310721461877,-0.5090835980719987,0.0,-1.8264350764037214,0.4357626354774166,0.0,0.7477925364964436,0.5264998942388948,-2.3594780118295926,-1.9082616180757246,-0.08836116272118902,0.24274155291496136,0.09163036541706703,-0.048420000000000005,0.13719,0.04573,-3.8052648430009916e-05,0.0,2.70105952121615e-05,-5.5565009975602064e-05,0.0,6.684040081355128e-05
610,9.759669200051576,hold,0.3244935215243183,9.597681937024876e-05,15.428999904543161,16.119099920615554,11293.6,0.0,0.15,3.0,0.0004,15.0,0.01,-0.039194675375314125,0.0,0.20691878465717503,-0.038992101457215544,0.0,0.20666528938460088,0.0,0.0,0.0,0.5585412291252048,0.0,1.7645432482479018,-0.5194504314637496,0.0,-1.8130015651896558,0.45288943062088854,0.0,0.7304189062134674,0.5264998942388948,-2.3594780118295926,-1.9067276372878388,-0.08651875254037251,0.2414405314987929,0.08881732185531176,-0.05111,0.1345,0.04573,-0.00014702769032901621,0.0,0.0001905208709522263,-5.5546227769564616e-05,0.0,6.297440162192385e-05
611,9.775195800000802,hold,0.13256045949063472,1.4650556405699962e-06,15.783100156113505,15.526599949225783,11293.6,0.0,0.15,3.0,0.0004,15.0,0.01,-0.039085719115621156,0.0,0.2067591403806266,-0.038992101457215544,0.0,0.20666528938460088,0.0,0.0,0.0,0.5422932961804712,0.0,1.7901060103849975,-0.5190857504714828,0.0,-1.8150660686882214,0.4443753647121139,0.0,0.742067861306774,0.5264998942388948,-2.3594780118295926,-1.9082616180757246,-0.08738530876630224,0.24238114583432757,0.0904224635759587,-0.048420000000000005,0.13988,0.04573,5.172090837549936e-06,0.0,-2.9279835953744136e-05,-9.878974924316192e-05,0.0,0.00012313083197945692
612,9.791047400096431,hold,0.13256045949063472,2.522902998294032e-07,15.911400085315108,15.851600095629692,11293.6,0.0,0.15,3.0,0.0004,15.0,0.01,-0.039085719115621156,0.0,0.2067591403806266,-0.038992101457215544,0.0,0.20666528938460088,0.0,0.0,0.0,0.5419368103728557,0.0,1.7921584523109535,-0.5194760809286746,0.0,-1.815843573050702,0.4441979542682626,0.0,0.7428839281573264,0.5264998942388948,-2.3594780118295926,-1.9082616180757246,-0.08736974471386734,0.24248362706872828,0.09051996406482606,-0.048420000000000005,0.13719,0.048420000000000005,-5.535864561270076e-06,0.0,-1.1026961302112157e-05,-8.80817938443419e-05,0.0,0.00010487795732782494
613,9.807035200065002,hold,0.13256045949063472,3.7839772483106156e-07,15.905600041151047,15.98779996857047,11293.6,0.0,0.15,3.0,0.0004,15.0,0.01,-0.039085719115621156,0.0,0.2067591403806266,-0.038992101457215544,0.0,0.20666528938460088,0.0,0.0,0.0,0.5423273073470013,0.0,1.792935669601177,-0.5205010949616379,0.0,-1.8155528164399064,0.44449976158188365,0.0,0.7432116222275734,0.5264998942388948,-2.3594780118295926,-1.9082616180757246,-0.08730856034107523,0.24254292904450392,0.09053258895766259,-0.048420000000000005,0.13988,0.04573,-1.4537269012285592e-05,0.0,4.123657757171308e-06,-7.908038939332639e-05,0.0,8.972733826854148e-05
614,9.823020300129429,hold,0.13256045949063472,1.2200722832090987e-06,15.855900011956692,15.98510006442666,11293.6,0.0,0.15,3.0,0.0004,15.0,0.01,-0.039085719115621156,0.0,0.2067591403806266,-0.038992101457215544,0.0,0.20666528938460088,0.0,0.0,0.0,0.5433524727154391,0.0,1.7926446582802438,-0.5220372622328358,0.0,-1.814412462563021,0.4452092746603271,0.0,0.7431305342365822,0.5264998942388948,-2.3594780118295926,-1.9082616180757246,-0.08720822049337432,0.2425664092112359,0.09047370216567827,-0.048420000000000005,0.13719,0.048420000000000005,-2.178670354854715e-05,0.0,1.61730771915e-05,-7.183095485706483e-05,0.0,7.767791883421278e-05
615,9.838996900012717,hold,0.13256045949063472,2.3056333623431433e-06,15.852599870413542,15.976599883288145,11293.6,0.0,0.15,3.0,0.0004,15.0,0.01,-0.039085719115621156,0.0,0.2067591403806266,-0.038992101457215544,0.0,0.20666528938460088,0.0,0.0,0.0,0.5448887618454068,0.0,1.7915041018635691,-0.5239674482835903,0.0,-1.812626046626991,0.4462475110222232,0.0,0.7427245751296466,0.5264998942388948,-2.3594780118295926,-1.9082616180757246,-0.08707606941209681,0.24256164977526246,0.09035764819208951,-0.048420000000000005,0.1345,0.04573,-2.7374877768707653e-05,0.0,2.5335857066095775e-05,-6.624278063690433e-05,0.0,6.851513895961701e-05
616,9.854947800049558,hold,0.13256045949063472,3.3339072383141736e-06,16.046799952164292,15.950900036841631,11293.6,0.0,0.15,3.0,0.0004,15.0,0.01,-0.039085719115621156,0.0,0.2067591403806266,-0.038992101457215544,0.0,0.20666528938460088,0.0,0.0,0.0,0.5468190418236405,0.0,1.789717531920552,-0.526186835934818,0.0,-1.8103730397098865,0.44753945213961577,0.0,0.7420717655934471,0.5264998942388948,-2.3594780118295926,-1.9082616180757246,-0.08691916851829953,0.24253562380772492,0.09019787698101306,-0.04573,0.1345,0.048420000000000005,-3.147648158061342e-05,0.0,3.195328706456939e-05,-6.214117682499856e-05,0.0,6.18977089611434e-05
617,9.871074400143698,hold,0.13256045949063472,4.149773108656233e-06,15.897700097411871,16.126600094139576,11293.6,0.0,0.15,3.0,0.0004,15.0,0.01,-0.039085719115621156,0.0,0.2067591403806266,-0.038992101457215544,0.0,0.20666528938460088,0.0,0.0,0.0,0.5490384984101158,0.0,1.7874644137880307,-0.5286060010391705,0.0,-1.8078045850141888,0.4490178745287014,0.0,0.7412408464938579,0.5264998942388948,-2.3594780118295926,-1.9082616180757246,-0.08674390540785713,0.24249442013173372,0.09000631892191126,-0.048420000000000005,0.13181,0.048420000000000005,-3.4309826769333835e-05,0.0,3.642712748944474e-05,-5.9307831636278146e-05,0.0,5.742386853626805e-05
618,9.88706920016557,hold,0.13256045949063472,4.703324215591786e-06,15.809300122782588,15.994800021871924,11293.6,0.0,0.15,3.0,0.0004,15.0,0.01,-0.039085719115621156,0.0,0.2067591403806266,-0.038992101457215544,0.0,0.20666528938460088,0.0,0.0,0.0,0.5514577111291984,0.0,1.784895883911808,-0.5311518898173274,0.0,-1.805042625026059,0.450625357598756,0.0,0.740289666943413,0.5264998942388948,-2.3594780118295926,-1.9082616180757246,-0.08655578052408754,0.24244312153730463,0.08979307440596171,-0.05111,0.1345,0.048420000000000005,-3.610708619903303e-05,0.0,3.9171517713309006e-05,-5.751057220657895e-05,0.0,5.467947831240378e-05
619,9.902972200186923,hold,0.13256045949063472,5.009179853864683e-06,15.761699993163347,15.903000021353364,11293.6,0.0,0.15,3.0,0.0004,15.0,0.01,-0.039085719115621156,0.0,0.2067591403806266,-0.038992101457215544,0.0,0.20666528938460088,0.0,0.0,0.0,0.554003630105709,0.0,1.7821338778142726,-0.5337673378080005,0.0,-1.8021813366152764,0.45231493859037375,0.0,0.7392648668933234,0.5264998942388948,-2.3594780118295926,-1.9082616180757246,-0.0863593269271251,0.24238579342966426,0.08956633423859786,-0.048420000000000005,0.13719,0.0538,-3.709361023881264e-05,0.0,4.058024379337434e-05,-5.652404816679934e-05,0.0,5.327075223233845e-05
620,9.918949100188911,hold,0.13256045949063472,5.113895339807861e-06,16.208400018513203,15.976900001987815,11293.6,0.0,0.15,3.0,0.0004,15.0,0.01,-0.039085719115621156,0.0,0.2067591403806266,-0.038992101457215544,0.0,0.20666528938460088,0.0,0.0,0.0,0.5566190946673447,0.0,1.779272565744359,-0.5364096552622488,0.0,-1.7992899970485015,0.45404982554487516,0.0,0.738202439716493,0.5264998942388948,-2.3594780118295926,-1.9082616180757246,-0.0861581238218408,0.24232554646346022,0.08933245856816775,-0.048420000000000005,0.14257,0.048420000000000005,-3.747468660230594e-05,0.0,4.1006444532819145e-05,-5.614297180330604e-05,0.0,5.284455149289364e-05
621,9.935234399978071,hold,0.13256045949063472,5.0736388427196766e-06,15.688200015574694,16.28529978916049,11293.6,0.0,0.15,3.0,0.0004,15.0,0.01,-0.039085719115621156,0.0,0.2067591403806266,-0.038992101457215544,0.0,0.20666528938460088,0.0,0.0,0.0,0.5592614185165752,0.0,1.776381219031728,-0.5390486912577103,0.0,-1.7964166008797113,0.45580250565906116,0.0,0.7371288393194931,0.5264998942388948,-2.3594780118295926,-1.9082616180757246,-0.08595487130314347,0.24226464390117794,0.08909615544816102,-0.04573,0.13719,0.04573,-3.742814728908205e-05,0.0,4.075196215978858e-05,-5.618951111652993e-05,0.0,5.3099033865924206e-05
622,9.950995200080797,hold,0.13256045949063472,4.9411167071569244e-06,15.882900217548013,15.760800102725625,11293.6,0.0,0.15,3.0,0.0004,15.0,0.01,-0.039085719115621156,0.0,0.2067591403806266,-0.038992101457215544,0.0,0.20666528938460088,0.0,0.0,0.0,0.5619004537205797,0.0,1.7735078271561087,-0.5416646857678028,0.0,-1.7935917251577305,0.4575535143433925,0.0,0.7360623718630627,0.5264998942388948,-2.3594780118295926,-1.9082616180757246,-0.08575150052637147,0.24220463121470048,0.08886071313045651,-0.04573,0.13181,0.05111,-3.7101361254473116e-05,0.0,4.0063820568375915e-05,-5.6516297151138865e-05,0.0,5.378717545733687e-05
623,9.966951600043103,hold,0.13256045949063472,4.759439402248703e-06,15.95079991966486,15.956399962306023,11293.6,0.0,0.15,3.0,0.0004,15.0,0.01,-0.039085719115621156,0.0,0.2067591403806266,-0.038992101457215544,0.0,0.20666528938460088,0.0,0.0,0.0,0.5645164427301105,0.0,1.7706829630138976,-0.544246129292979,0.0,-1.7908322926919737,0.4592900642548164,0.0,0.7350146801694605,0.5264998942388948,-2.3594780118295926,-1.9082616180757246,-0.08554929976272327,0.24214647149397767,0.08862825195657134,-0.04573,0.12912,0.0538,-3.661134165843312e-05,0.0,3.913567110878307e-05,-5.700631674717886e-05,0.0,5.471532491692971e-05
624,9.982974200043827,hold,0.13256045949063472,4.560487073969684e-06,15.878499951213598,16.022600000724196,11293.6,0.0,0.15,3.0,0.0004,15.0,0.01,-0.039085719115621156,0.0,0.2067591403806266,-0.038992101457215544,0.0,0.20666528938460088,0.0,0.0,0.0,0.5670978780124742,0.0,1.767923546159467,-0.5467877751047687,0.0,-1.788145008228185,0.46100467605193957,0.0,0.7339921872047682,0.5264998942388948,-2.3594780118295926,-1.9082616180757246,-0.08534904229174214,0.24209067536727227,0.08839997186952019,-0.04573,0.13988,0.04573,-3.604691029752767e-05,0.0,3.811243154368783e-05,-5.757074810808431e-05,0.0,5.573856448202495e-05
625,9.998931500129402,hold,0.21705089434556754,8.427449648559664e-05,15.862699830904603,15.957300085574389,11293.6,0.0,0.15,3.0,0.0004,15.0,0.01,-0.03885976640721206,0.0,0.20683733160406106,-0.038992101457215544,0.0,0.20666528938460088,0.0,0.0,0.0,0.5144644769497613,0.0,1.746142886722073,-0.5331625831932901,0.0,-1.7799488118644946,0.4225290062995307,0.0,0.7229033609869282,0.5280338750267805,-2.3594780118295926,-1.9082616180757246,-0.09266806298746597,0.2383873926782144,0.09019053764729607,-0.048420000000000005,0.13719,0.05111,0.00019323938384389802,0.0,0.00011624261481768942,-6.090433384041324e-05,0.0,5.579960464249396e-05
