sample,t,mode,err_mm,nis,compute_ms,period_ms,q_pos,q_pos_z,q_vel,q_vel_z,r,observer_q_d,observer_r_y,observer_d_hat_max,dyn_armature_kg_m2,ee_0,ee_1,ee_2,p_d_0,p_d_1,p_d_2,ee_vel_0,ee_vel_1,ee_vel_2,u_0,u_1,u_2,d_hat_0,d_hat_1,d_hat_2,F_0,F_1,F_2,q_0,q_1,q_2,tau_0,tau_1,tau_2,cur_0,cur_1,cur_2,innovation_0,innovation_1,innovation_2,y_hat_0,y_hat_1,y_hat_2
0,6.00004568696022e-07,step,0.0,0.0,3.612400032579899,0.000600004568696022,124371.0,124371.0,0.0,0.0,8.77,0.0002,1e-05,100.0,0.01,-0.034444893789455214,0.0,0.2179930778672177,-0.034444893789455214,0.0,0.2179930778672177,0.0,0.0,0.0,0.0,0.0,0.0,0.0,0.0,0.0,0.0,0.0,0.0,0.5433736829056368,-2.298118780314167,-1.888319867833211,-0.20572163713819347,0.0933239340251879,0.056415108953928136,-0.08608,0.01345,0.02959,0.0,0.0,0.0,0.0,0.0,0.0
1,0.010505100013688207,step,0.0,0.0,4.344000015407801,10.50450000911951,124371.0,124371.0,0.0,0.0,8.77,0.0002,1e-05,100.0,0.01,-0.034444893789455214,0.0,0.2179930778672177,-0.034444893789455214,0.0,0.2179930778672177,0.0,0.0,0.0,0.0,0.0,0.0,0.0,0.0,0.0,0.0,0.0,0.0,0.5433736829056368,-2.298118780314167,-1.888319867833211,-0.20572163713819347,0.0933239340251879,0.056415108953928136,-0.11567000000000001,0.04573,0.0269,0.0,0.0,0.0,0.0,0.0,0.0
2,0.02008139993995428,step,0.0,0.0,4.58399998024106,9.576299926266074,124371.0,124371.0,0.0,0.0,8.77,0.0002,1e-05,100.0,0.01,-0.034444893789455214,0.0,0.2179930778672177,-0.034444893789455214,0.0,0.2179930778672177,0.0,0.0,0.0,0.0,0.0,0.0,0.0,0.0,0.0,0.0,0.0,0.0,0.5433736829056368,-2.298118780314167,-1.888319867833211,-0.20572163713819347,0.0933239340251879,0.056415108953928136,-0.11298000000000001,0.048420000000000005,0.03228,0.0,0.0,0.0,0.0,0.0,0.0
3,0.030584899941459298,step,0.0,0.0,4.267500014975667,10.503500001505017,124371.0,124371.0,0.0,0.0,8.77,0.0002,1e-05,100.0,0.01,-0.034444893789455214,0.0,0.2179930778672177,-0.034444893789455214,0.0,0.2179930778672177,0.0,0.0,0.0,0.0,0.0,0.0,0.0,0.0,0.0,0.0,0.0,0.0,0.5433736829056368,-2.298118780314167,-1.888319867833211,-0.20572163713819347,0.0933239340251879,0.056415108953928136,-0.11567000000000001,0.05111,0.03228,0.0,0.0,0.0,0.0,0.0,0.0
4,0.04050890007056296,step,0.22490431984615583,0.0020479145747463842,4.272500053048134,9.92400012910366,124371.0,124371.0,0.0,0.0,8.77,0.0002,1e-05,100.0,0.01,-0.034350646368805776,0.0,0.21819728211983352,-0.034444893789455214,0.0,0.2179930778672177,0.0,0.0,0.0,-0.010390051227355873,0.0,-0.022511943890902213,0.000993488763846534,0.0,0.002152574883275784,-8.998491498258965e-05,0.0,-0.00011635175842984949,0.5433736829056368,-2.2965847995262814,-1.888319867833211,-0.20599873070634006,0.09279745164976477,0.056572901643900615,-0.11298000000000001,0.048420000000000005,0.02959,9.476692321080538e-05,0.0,0.00020532984981037563,-5.19502561367792e-07,0.0,-1.1255971945451043e-06
5,0.05006820010021329,step,0.22490431984615583,0.00011314188924580149,4.398999968543649,9.55930002965033,124371.0,124371.0,0.0,0.0,8.77,0.0002,1e-05,100.0,0.01,-0.034350646368805776,0.0,0.21819728211983352,-0.034444893789455214,0.0,0.2179930778672177,0.0,0.0,0.0,-0.011383721592375285,0.0,-0.024664912246291422,0.0013390850566987762,0.0,0.002901372380357365,-0.00012185625192197323,0.0,-0.00015756184455511857,0.5433736829056368,-2.2965847995262814,-1.888319867833211,-0.20600569871501848,0.09279000626530169,0.05657026972272305,-0.11298000000000001,0.0538,0.0269,2.0520756985670965e-05,0.0,4.446196844958461e-05,7.372666366376662e-05,0.0,0.00015974228416624592
6,0.060530600138008595,step,0.22490431984615583,2.8273385481137684e-05,3.8620999548584223,10.462400037795305,124371.0,124371.0,0.0,0.0,8.77,0.0002,1e-05,100.0,0.01,-0.034350646368805776,0.0,0.21819728211983352,-0.034444893789455214,0.0,0.2179930778672177,0.0,0.0,0.0,-0.011729317608148677,0.0,-0.025413709143030976,0.0011001583786955321,0.0,0.0023836940887347834,-0.00015179214459795182,0.0,-0.00019626937407482998,0.5433736829056368,-2.2965847995262814,-1.888319867833211,-0.20601224357883638,0.09278301301520232,0.05656779762969309,-0.11567000000000001,0.05111,0.03497,-9.71597629877518e-06,0.0,-2.1051437427708e-05,0.00010396339694821276,0.0,0.00022525569004353853
7,0.07011130009777844,step,0.0,0.004424490202114358,4.608299816027284,9.580699959769845,124371.0,124371.0,0.0,0.0,8.77,0.0002,1e-05,100.0,0.01,-0.034444893789455214,0.0,0.2179930778672177,-0.034444893789455214,0.0,0.2179930778672177,0.0,0.0,0.0,-0.0011003394412771933,0.0,-0.002384086393891874,-0.002813584703252889,0.0,-0.006096145205248309,-1.6538896911179675e-05,0.0,-2.1340393643398055e-05,0.5433736829056368,-2.298118780314167,-1.888319867833211,-0.20572524959118552,0.09332007771964627,0.05641375289868938,-0.11298000000000001,0.0538,0.03497,-0.00011712227537383937,0.0,-0.0002537668038294805,0.00011712227537383937,0.0,0.0002537668038294805
8,0.08048780006356537,step,0.0,0.001803684724553895,4.043600056320429,10.376499965786934,124371.0,124371.0,0.0,0.0,8.77,0.0002,1e-05,100.0,0.01,-0.034444893789455214,0.0,0.2179930778672177,-0.034444893789455214,0.0,0.2179930778672177,0.0,0.0,0.0,0.00281358644100433,0.0,0.006096148970404226,-0.00593601335907065,0.0,-0.012861457248950624,4.8549209056008106e-05,0.0,6.264379286568426e-05,0.5433736829056368,-2.298118780314167,-1.888319867833211,-0.2057110329403163,0.09333525404156687,0.0564190895948156,-0.11298000000000001,0.05111,0.0269,-7.292249803550737e-05,0.0,-0.00015799991243907864,7.292249803550737e-05,0.0,0.00015799991243907864
9,0.09025399992242455,step,0.22490431984615583,0.0009082382186704719,4.297199891880155,9.766199858859181,124371.0,124371.0,0.0,0.0,8.77,0.0002,1e-05,100.0,0.01,-0.034350646368805776,0.0,0.21819728211983352,-0.034444893789455214,0.0,0.2179930778672177,0.0,0.0,0.0,-0.004454036471236513,0.0,-0.009650483614990423,-0.003283216154215006,0.0,-0.0071136875293541235,-8.594523392345959e-05,0.0,-0.00011112839410465754,0.5433736829056368,-2.2965847995262814,-1.888319867833211,-0.20599784751362268,0.09279839534969964,0.05657323523900992,-0.1076,0.04573,0.03497,5.090455079356751e-05,0.0,0.00011029400781385809,4.334286985587007e-05,0.0,9.391024480197244e-05
10,0.1000407999381423,step,0.22490431984615583,0.00028938550143931316,4.276200197637081,9.786800015717745,124371.0,124371.0,0.0,0.0,8.77,0.0002,1e-05,100.0,0.01,-0.034350646368805776,0.0,0.21819728211983352,-0.034444893789455214,0.0,0.2179930778672177,0.0,0.0,0.0,-0.00710701741573432,0.0,-0.015398651440084577,-0.0015620632685486486,0.0,-0.0033844954068196196,-0.00015200788144868415,0.0,-0.00019654832485169866,0.5433736829056368,-2.2965847995262814,-1.888319867833211,-0.20601229074523705,0.0927829626174484,0.05656777981423755,-0.11298000000000001,0.0538,0.03228,2.8453143692266887e-05,0.0,6.164893322504802e-05,6.57942769571707e-05,0.0,0.0001425553193907825
11,0.11015289998613298,step,0.22490431984615583,6.91741249292366e-05,4.299500025808811,10.11210004799068,124371.0,124371.0,0.0,0.0,8.77,0.0002,1e-05,100.0,0.01,-0.034350646368805776,0.0,0.21819728211983352,-0.034444893789455214,0.0,0.2179930778672177,0.0,0.0,0.0,-0.008828169898345846,0.0,-0.01912784268932712,-0.0006324005537594512,0.0,-0.0013702113176617399,-0.00020790655807662815,0.0,-0.0002688260985298884,0.5433736829056368,-2.2965847995262814,-1.888319867833211,-0.2060245118348197,0.09276990426538541,0.05656316372577239,-0.11567000000000001,0.05111,0.03497,1.3841168601731689e-05,0.0,2.9989420083542456e-05,8.04062520477059e-05,0.0,0.00017421483253228807
12,0.12040979997254908,step,0.22490431984615583,8.14002990834153e-06,4.0021000895649195,10.256899986416101,124371.0,124371.0,0.0,0.0,8.77,0.0002,1e-05,100.0,0.01,-0.034350646368805776,0.0,0.21819728211983352,-0.034444893789455214,0.0,0.2179930778672177,0.0,0.0,0.0,-0.009757832259016136,0.0,-0.021142126011221753,-0.00029325508387948406,0.0,-0.0006353907068942177,-0.0002511983335115309,0.0,-0.0003248029719689058,0.5433736829056368,-2.2965847995262814,-1.888319867833211,-0.20603397668618467,0.0927597909804355,0.05655958870973844,-0.11298000000000001,0.04573,0.0269,4.738811736424518e-06,0.0,1.0267501245716783e-05,8.950860891301307e-05,0.0,0.00019393675137011375
13,0.13051129993982613,step,0.22490431984615583,4.3628211632668916e-08,3.907900070771575,10.10149996727705,124371.0,124371.0,0.0,0.0,8.77,0.0002,1e-05,100.0,0.01,-0.034350646368805776,0.0,0.21819728211983352,-0.034444893789455214,0.0,0.2179930778672177,0.0,0.0,0.0,-0.01009697746467462,0.0,-0.021876946049505214,-0.0003187361136468171,0.0,-0.0006906000123973805,-0.0002817351753923363,0.0,-0.0003642875372475806,0.5433736829056368,-2.2965847995262814,-1.888319867833211,-0.20604065293511775,0.09275265734407367,0.05655706699058386,-0.11567000000000001,0.05111,0.0269,-3.4680056343471704e-07,0.0,-7.514067692775291e-07,9.45942212128723e-05,0.0,0.00020495565938510806
14,0.14053270011208951,step,0.22490431984615583,2.3007091443283413e-06,4.022000124678016,10.021400172263384,124371.0,124371.0,0.0,0.0,8.77,0.0002,1e-05,100.0,0.01,-0.034350646368805776,0.0,0.21819728211983352,-0.034444893789455214,0.0,0.2179930778672177,0.0,0.0,0.0,-0.010071496271739103,0.0,-0.021821736390468298,-0.0005026812819759823,0.0,-0.0010891508200705905,-0.00030260281078561244,0.0,-0.00039126968278553327,0.5433736829056368,-2.2965847995262814,-1.888319867833211,-0.20604521521202487,0.09274778250720588,0.056555343750306186,-0.11298000000000001,0.04573,0.03228,-2.5183121873615386e-06,0.0,-5.456383363384559e-06,9.676573283679912e-05,0.0,0.0002096606359792151
15,0.15053760004229844,step,0.22490431984615583,2.585402009514382e-06,3.8155000656843185,10.004899930208921,124371.0,124371.0,0.0,0.0,8.77,0.0002,1e-05,100.0,0.01,-0.034350646368805776,0.0,0.21819728211983352,-0.034444893789455214,0.0,0.2179930778672177,0.0,0.0,0.0,-0.00988755103247751,0.0,-0.021423185429107122,-0.0006913293326080888,0.0,-0.0014978912813087965,-0.0003182257339619092,0.0,-0.00041147034179297304,0.5433736829056368,-2.2965847995262814,-1.888319867833211,-0.2060486308410737,0.09274413287463144,0.056554053616088056,-0.11567000000000001,0.056490000000000005,0.03497,-2.6680723468865337e-06,0.0,-5.780866105052141e-06,9.691549299632412e-05,0.0,0.00020998511872088267
16,0.16042990004643798,step,0.22490431984615583,8.448729328739689e-07,3.8350000977516174,9.892300004139543,124371.0,124371.0,0.0,0.0,8.77,0.0002,1e-05,100.0,0.01,-0.034350646368805776,0.0,0.21819728211983352,-0.034444893789455214,0.0,0.2179930778672177,0.0,0.0,0.0,-0.009698902979712059,0.0,-0.021014444963246566,-0.000793390119426468,0.0,-0.0017190246189642798,-0.0003326668291924304,0.0,-0.0004301428806740625,0.5433736829056368,-2.2965847995262814,-1.888319867833211,-0.206051788087884,0.09274075932597034,0.05655286107670896,-0.11567000000000001,0.05111,0.02959,-1.522873470140472e-06,0.0,-3.2995835499330763e-06,9.577029411957806e-05,0.0,0.0002075038361657636
17,0.17051229998469353,step,0.22490431984615583,4.664849833371834e-08,3.7776001263409853,10.082399938255548,124371.0,124371.0,0.0,0.0,8.77,0.0002,1e-05,100.0,0.01,-0.034350646368805776,0.0,0.21819728211983352,-0.034444893789455214,0.0,0.2179930778672177,0.0,0.0,0.0,-0.009596842231613258,0.0,-0.02079331170948417,-0.000771075059724335,0.0,-0.0016706749659217692,-0.0003498530291508809,0.0,-0.00045236487850869637,0.5433736829056368,-2.2965847995262814,-1.888319867833211,-0.2060555454950705,0.09273674450016013,0.05655144184777236,-0.11567000000000001,0.05111,0.02959,3.569061658468078e-07,0.0,7.733024028511333e-07,9.389051448359078e-05,0.0,0.0002034309502129794
18,0.1805209000594914,step,0.22490431984615583,2.443812677871789e-06,3.7734999787062407,10.008600074797869,124371.0,124371.0,0.0,0.0,8.77,0.0002,1e-05,100.0,0.01,-0.034350646368805776,0.0,0.21819728211983352,-0.034444893789455214,0.0,0.2179930778672177,0.0,0.0,0.0,-0.009619157346950931,0.0,-0.020841661483071136,-0.0006226352021989161,0.0,-0.001349052899710246,-0.0003712496816000985,0.0,-0.00048003105052719827,0.5433736829056368,-2.2965847995262814,-1.888319867833211,-0.2060602234306161,0.09273174608092186,0.056549674921495714,-0.11298000000000001,0.05111,0.02959,2.5740394946220294e-06,0.0,5.577126754036647e-06,9.167338115481556e-05,0.0,0.00019862712586179388
19,0.1905068000778556,step,0.22490431984615583,8.836136628559125e-06,3.827200038358569,9.985900018364191,124371.0,124371.0,0.0,0.0,8.77,0.0002,1e-05,100.0,0.01,-0.034350646368805776,0.0,0.21819728211983352,-0.034444893789455214,0.0,0.2179930778672177,0.0,0.0,0.0,-0.00976759726090119,0.0,-0.021163283671537365,-0.00036543103217654614,0.0,-0.0007917730829558465,-0.0003978320773353785,0.0,-0.0005144024614206392,0.5433736829056368,-2.2965847995262814,-1.888319867833211,-0.2060660351216829,0.09272553623297682,0.05654747975878825,-0.11298000000000001,0.04573,0.0269,4.873362917506911e-06,0.0,1.0559030957428615e-05,8.937405773193067e-05,0.0,0.0001936452216584019
20,0.2005131000187248,step,0.3739054822812619,0.002770397081882318,3.7756001111119986,10.006299940869212,124371.0,124371.0,0.0,0.0,8.77,0.0002,1e-05,100.0,0.01,-0.034443169895500836,0.0,0.218366979375465,-0.034444893789455214,0.0,0.2179930778672177,0.0,0.0,0.0,0.00017520373512536284,0.0,-0.04042837720818171,-0.004495359063826332,0.0,0.00814998682886154,3.148539586668269e-05,0.0,-0.0010429013395494963,0.5433736829056368,-2.2965847995262814,-1.8867858870453256,-0.2060848467219799,0.0928414575446036,0.05642842060398858,-0.11567000000000001,0.0538,0.0269,-8.592436605157192e-05,0.0,0.00018603594201164545,8.76482600059498e-05,0.0,0.0001878655662356697
21,0.21055179997347295,step,0.3739054822812619,0.0011896050894908041,4.830599995329976,10.038699954748154,124371.0,124371.0,0.0,0.0,8.77,0.0002,1e-05,100.0,0.01,-0.034443169895500836,0.0,0.218366979375465,-0.034444893789455214,0.0,0.2179930778672177,0.0,0.0,0.0,0.004305311571943937,0.0,-0.04937046705163087,-0.00658630953349884,0.0,0.013593716127978259,0.0002293315420235863,0.0,-0.001339862424486406,0.5433736829056368,-2.2965847995262814,-1.8867858870453256,-0.2060672073164793,0.0928141218624034,0.056383638939031165,-0.11836,0.05111,0.02959,-4.789972869096496e-05,0.0,0.0001247055634634845,4.9623622645342846e-05,0.0,0.00024919594478383067
22,0.22053749999031425,step,0.22490431984615583,0.0008872463322232038,3.769999835640192,9.985700016841292,124371.0,124371.0,0.0,0.0,8.77,0.0002,1e-05,100.0,0.01,-0.034350646368805776,0.0,0.21819728211983352,-0.034444893789455214,0.0,0.2179930778672177,0.0,0.0,0.0,-0.003803744071824633,0.0,-0.03610638119606151,-0.0037059430443931057,0.0,0.010078564190697694,-0.0001631856380385718,0.0,-0.001023417631682192,0.5433736829056368,-2.2965847995262814,-1.888319867833211,-0.20605239055165714,0.09267224046859826,0.05647702047285246,-0.11298000000000001,0.048420000000000005,0.03228,7.273470426121357e-05,0.0,-8.876423800872391e-05,2.1512716388224018e-05,0.0,0.00029296849062455444
23,0.2305308000650257,step,0.22490431984615583,0.0004345783984713087,3.829000052064657,9.993300074711442,124371.0,124371.0,0.0,0.0,8.77,0.0002,1e-05,100.0,0.01,-0.034350646368805776,0.0,0.21819728211983352,-0.034444893789455214,0.0,0.2179930778672177,0.0,0.0,0.0,-0.006684290627746646,0.0,-0.03259089906966477,-0.0016174684374861384,0.0,0.00810970671168517,-0.0003184684221206905,0.0,-0.0009636613116491544,0.5433736829056368,-2.2965847995262814,-1.888319867833211,-0.20607426376339338,0.09267063605011523,0.05649300747878324,-0.11567000000000001,0.05111,0.0269,5.813034169185375e-05,0.0,-5.4800933475107356e-05,3.611707895758384e-05,0.0,0.0002590051860909379
24,0.2400960000231862,step,0.22490431984615583,0.0002008209616278046,4.455099813640118,9.56519995816052,124371.0,124371.0,0.0,0.0,8.77,0.0002,1e-05,100.0,0.01,-0.034350646368805776,0.0,0.21819728211983352,-0.034444893789455214,0.0,0.2179930778672177,0.0,0.0,0.0,-0.008772764893712478,0.0,-0.030622042257986815,-9.424201707583708e-05,0.0,0.007223009728719046,-0.00044298804135525,0.0,-0.0009414403901138158,0.5433736829056368,-2.2965847995262814,-1.888319867833211,-0.20609299473446072,0.09266592989356874,0.05650298573335781,-0.11298000000000001,0.048420000000000005,0.03497,4.6689906135616254e-05,0.0,-2.7179018398506302e-05,4.755751451382133e-05,0.0,0.00023138327101433683
25,0.25050280010327697,step,0.22490431984615583,0.00010182806844395389,3.837799886241555,10.406800080090761,124371.0,124371.0,0.0,0.0,8.77,0.0002,1e-05,100.0,0.01,-0.034350646368805776,0.0,0.21819728211983352,-0.034444893789455214,0.0,0.2179930778672177,0.0,0.0,0.0,-0.010295991061202511,0.0,-0.029735345759239497,0.0010317938276861675,0.0,0.007075753957758334,-0.0005465265849598793,0.0,-0.0009526335319806389,0.5433736829056368,-2.2965847995262814,-1.888319867833211,-0.2061099448292859,0.0926580684308014,0.05650800181621801,-0.11298000000000001,0.048420000000000005,0.02959,3.795231251862371e-05,0.0,-4.9631608670974475e-06,5.6295108130813875e-05,0.0,0.00020916741348292798
26,0.2604382000863552,step,0.22490431984615583,8.092662400701116e-05,3.847499843686819,9.935399983078241,124371.0,124371.0,0.0,0.0,8.77,0.0002,1e-05,100.0,0.01,-0.034350646368805776,0.0,0.21819728211983352,-0.034444893789455214,0.0,0.2179930778672177,0.0,0.0,0.0,-0.011422026728238985,0.0,-0.029588090319152365,0.0018823848296506632,0.0,0.007421054151497299,-0.0006326734784420535,0.0,-0.0009847057819203768,0.5433736829056368,-2.2965847995262814,-1.888319867833211,-0.2061251026766597,0.09264849883010425,0.056509658635959414,-0.11298000000000001,0.048420000000000005,0.03228,3.146253073736804e-05,0.0,1.2772317052543649e-05,6.278488991206955e-05,0.0,0.00019143193556328688
27,0.2705399999395013,step,0.22490431984615583,0.00010205347173619846,3.8004000671207905,10.101799853146076,124371.0,124371.0,0.0,0.0,8.77,0.0002,1e-05,100.0,0.01,-0.034350646368805776,0.0,0.21819728211983352,-0.034444893789455214,0.0,0.2179930778672177,0.0,0.0,0.0,-0.01227261760695287,0.0,-0.029933390733296095,0.0025442142391915376,0.0,0.008084455670739961,-0.0007074777524512724,0.0,-0.0010343273967244053,0.5433736829056368,-2.2965847995262814,-1.888319867833211,-0.20613927390555573,0.09263729192290766,0.056508689758964406,-0.11567000000000001,0.04304,0.03497,2.6806466644379144e-05,0.0,2.6870142730202405e-05,6.744095400505844e-05,0.0,0.00017733410988562812
28,0.280502500012517,step,0.3739054822812619,0.003456992979030084,3.815100062638521,9.96250007301569,124371.0,124371.0,0.0,0.0,8.77,0.0002,1e-05,100.0,0.01,-0.034443169895500836,0.0,0.218366979375465,-0.034444893789455214,0.0,0.2179930778672177,0.0,0.0,0.0,-0.0027344417173190846,0.0,-0.04930460600933788,0.0009754755342495176,0.0,0.012801229999539004,-0.00012767578860589567,0.0,-0.001776830017940541,0.5433736829056368,-2.2965847995262814,-1.8867858870453256,-0.2061442181528901,0.09273390122460533,0.056356781958592915,-0.11298000000000001,0.0538,0.03497,-6.940883596513563e-05,0.0,0.0002086936560185627,7.113272991951351e-05,0.0,0.00016520785222875247
29,0.290486800018698,step,0.22490431984615583,0.00018501926569166425,3.821799997240305,9.984300006181002,124371.0,124371.0,0.0,0.0,8.77,0.0002,1e-05,100.0,0.01,-0.034350646368805776,0.0,0.21819728211983352,-0.034444893789455214,0.0,0.2179930778672177,0.0,0.0,0.0,-0.01136552938624448,0.0,-0.035313894718524905,0.0020197396020738712,0.0,0.012682322343219334,-0.0006976928409447808,0.0,-0.001312593555100402,0.5433736829056368,-2.2965847995262814,-1.888319867833211,-0.20615061888299546,0.09260086430126936,0.05647732831338611,-0.11298000000000001,0.048420000000000005,0.03228,5.0343250891116e-05,0.0,-5.7324561472727235e-06,4.390416975832159e-05,0.0,0.00020993670876310325
30,0.3004459999501705,step,0.22490431984615583,0.00014584232636806596,3.8687000051140785,9.95919993147254,124371.0,124371.0,0.0,0.0,8.77,0.0002,1e-05,100.0,0.01,-0.034350646368805776,0.0,0.21819728211983352,-0.034444893789455214,0.0,0.2179930778672177,0.0,0.0,0.0,-0.012409972453237876,0.0,-0.035194658740793666,0.002837339759128861,0.0,0.012933343253756889,-0.0007905844699027325,0.0,-0.0013521557200348797,0.5433736829056368,-2.2965847995262814,-1.888319867833211,-0.2061671942639591,0.09258988290913124,0.05647856429226908,-0.11298000000000001,0.05111,0.02959,4.283534389692135e-05,0.0,1.3151375932858692e-05,5.141207675251624e-05,0.0,0.00019105287668297184
31,0.31049780012108386,step,0.22490431984615583,0.00016095600628629787,3.7883000914007425,10.051800170913339,124371.0,124371.0,0.0,0.0,8.77,0.0002,1e-05,100.0,0.01,-0.034350646368805776,0.0,0.21819728211983352,-0.034444893789455214,0.0,0.2179930778672177,0.0,0.0,0.0,-0.013227572521661247,0.0,-0.03544567979340289,0.0034917420694172713,0.0,0.013437198065889326,-0.0008725512283035022,0.0,-0.0014067651410477272,0.5433736829056368,-2.2965847995262814,-1.888319867833211,-0.206182733347703,0.09257757146538861,0.05647747648779117,-0.11298000000000001,0.04573,0.02959,3.716058918317547e-05,0.0,2.8611668062980452e-05,5.7086831466262115e-05,0.0,0.00017559258455285008
32,0.3203821999486536,step,0.22490431984615583,0.00020570282184539072,3.9254999719560146,9.884399827569723,124371.0,124371.0,0.0,0.0,8.77,0.0002,1e-05,100.0,0.01,-0.034350646368805776,0.0,0.21819728211983352,-0.034444893789455214,0.0,0.2179930778672177,0.0,0.0,0.0,-0.013881974758927973,0.0,-0.035949534718667464,0.004029326762594166,0.0,0.014109399817797711,-0.0009459226416728075,0.0,-0.0014717887305635915,0.5433736829056368,-2.2965847995262814,-1.888319867833211,-0.20619739107699298,0.09256440314709091,0.05647471792793805,-0.11298000000000001,0.05111,0.02959,3.2998960557392766e-05,0.0,4.126225947161788e-05,6.124846009204482e-05,0.0,0.00016294199314421265
33,0.3305301999207586,step,0.22490431984615583,0.00026477691255307893,3.7990000564604998,10.147999972105026,124371.0,124371.0,0.0,0.0,8.77,0.0002,1e-05,100.0,0.01,-0.034350646368805776,0.0,0.21819728211983352,-0.034444893789455214,0.0,0.2179930778672177,0.0,0.0,0.0,-0.014419559399834652,0.0,-0.03662173654590617,0.004483808723612907,0.0,0.014889504211428234,-0.0010143017644616698,0.0,-0.0015465573910258194,0.5433736829056368,-2.2965847995262814,-1.888319867833211,-0.2062117082336735,0.09255024525461708,0.05647058022830046,-0.11298000000000001,0.05111,0.03228,3.0076341169833624e-05,0.0,5.162512025411341e-05,6.417107947960396e-05,0.0,0.00015257913236171712
34,0.34050599997863173,step,0.3739054822812619,0.004288481388007372,6.791700143367052,9.97580005787313,124371.0,124371.0,0.0,0.0,8.77,0.0002,1e-05,100.0,0.01,-0.034443169895500836,0.0,0.218366979375465,-0.034444893789455214,0.0,0.2179930778672177,0.0,0.0,0.0,-0.004674036108958053,0.0,-0.056109654602276314,0.0035721066046576965,0.0,0.018132698895932442,-0.0002930583731420797,0.0,-0.0024530582010720264,0.5433736829056368,-2.2965847995262814,-1.8867858870453256,-0.2062018981649316,0.09263364470782422,0.056291903844071414,-0.11567000000000001,0.04573,0.03497,-6.48725371729283e-05,0.0,0.00023077084428700195,6.659643112730619e-05,0.0,0.0001431306639603132
35,0.35059539997018874,step,0.22490431984615583,0.00023728630833319065,3.8920999504625797,10.089399991557002,124371.0,124371.0,0.0,0.0,8.77,0.0002,1e-05,100.0,0.01,-0.034350646368805776,0.0,0.21819728211983352,-0.034444893789455214,0.0,0.2179930778672177,0.0,0.0,0.0,-0.013962160750429727,0.0,-0.0406453629559785,0.004252747427520279,0.0,0.018414927893358822,-0.001036967381801449,0.0,-0.0018225606897762632,0.5433736829056368,-2.2965847995262814,-1.888319867833211,-0.20622809813683823,0.09251212169345992,0.056441429045625345,-0.11298000000000001,0.04304,0.01883,5.193720191408046e-05,0.0,2.1535858463050012e-05,4.2310218735357124e-05,0.0,0.00018266839415278052
36,0.36007239995524287,step,0.22490431984615583,0.00026432450616302114,5.294800037518144,9.476999985054135,124371.0,124371.0,0.0,0.0,8.77,0.0002,1e-05,100.0,0.01,-0.034350646368805776,0.0,0.21819728211983352,-0.034444893789455214,0.0,0.2179930778672177,0.0,0.0,0.0,-0.014642980116203064,0.0,-0.04092726447003378,0.0048206174027913135,0.0,0.018865851340598514,-0.0011185388708284632,0.0,-0.0018842559079259899,0.5433736829056368,-2.2965847995262814,-1.888319867833211,-0.2062439029236841,0.09249889164473467,0.05643953382529393,-0.11836,0.0538,0.02959,4.634744846365363e-05,0.0,3.680270509463004e-05,4.7899972185783953e-05,0.0,0.0001674015475212005
37,0.3704953999258578,step,0.22490431984615583,0.0003212523507437853,3.842300036922097,10.42299997061491,124371.0,124371.0,0.0,0.0,8.77,0.0002,1e-05,100.0,0.01,-0.034350646368805776,0.0,0.21819728211983352,-0.034444893789455214,0.0,0.2179930778672177,0.0,0.0,0.0,-0.015210850053578789,0.0,-0.04137818796971448,0.005304004503183407,0.0,0.019435944746396178,-0.0011966581086627639,0.0,-0.001959764323754556,0.5433736829056368,-2.2965847995262814,-1.888319867833211,-0.20625980009828926,0.09248403588579539,0.056435902634880894,-0.11567000000000001,0.05111,0.02959,4.208856991982651e-05,0.0,4.96380978128795e-05,5.215885072961108e-05,0.0,0.00015456615480295103
38,0.3804902001284063,step,0.22490431984615583,0.0003939319183754718,3.782500047236681,9.994800202548504,124371.0,124371.0,0.0,0.0,8.77,0.0002,1e-05,100.0,0.01,-0.034350646368805776,0.0,0.21819728211983352,-0.034444893789455214,0.0,0.2179930778672177,0.0,0.0,0.0,-0.015694237116171038,0.0,-0.0419482814288335,0.00572435129382483,0.0,0.020088222225849713,-0.001268740161452859,0.0,-0.002040087907443204,0.5433736829056368,-2.2965847995262814,-1.888319867833211,-0.2062749623741789,0.09246891089602603,0.05643137433660701,-0.11298000000000001,0.0538,0.03497,3.89455556834988e-05,0.0,6.043416879283428e-05,5.530186496593878e-05,0.0,0.00014377008382299625
39,0.3905019999947399,step,0.3739054822812619,0.004657726662088261,3.8272999227046967,10.011799866333604,124371.0,124371.0,0.0,0.0,8.77,0.0002,1e-05,100.0,0.01,-0.034443169895500836,0.0,0.218366979375465,-0.034444893789455214,0.0,0.2179930778672177,0.0,0.0,0.0,-0.005914578663894919,0.0,-0.06130837255951616,0.005151843728803902,0.0,0.02253034108078549,-0.0004363930871403236,0.0,-0.0030729665597017883,0.5433736829056368,-2.2965847995262814,-1.8867858870453256,-0.20625345982720145,0.09254224867666624,0.05623193077000725,-0.11567000000000001,0.0538,0.03228,-5.630086261171895e-05,0.0,0.00024015996736776978,5.802475656609684e-05,0.0,0.00013374154087954538
40,0.4005100999493152,step,0.22490431984615583,0.0003558474206049147,3.808399895206094,10.0080999545753,124371.0,124371.0,0.0,0.0,8.77,0.0002,1e-05,100.0,0.01,-0.034350646368805776,0.0,0.21819728211983352,-0.034444893789455214,0.0,0.2179930778672177,0.0,0.0,0.0,-0.015541898026251983,0.0,-0.04504300478257824,0.00570799269576124,0.0,0.022873450086881228,-0.0013188443731044317,0.0,-0.0023072354004244544,0.5433736829056368,-2.2965847995262814,-1.888319867833211,-0.2062952962353647,0.09243027718437637,0.056404859734221,-0.11567000000000001,0.04573,0.03228,5.790625586934915e-05,0.0,3.572452540324885e-05,3.6341164780088435e-05,0.0,0.00016847972721258168
41,0.4104963999707252,step,0.22490431984615583,0.0004099600302234546,3.845099825412035,9.986300021409988,124371.0,124371.0,0.0,0.0,8.77,0.0002,1e-05,100.0,0.01,-0.034350646368805776,0.0,0.21819728211983352,-0.034444893789455214,0.0,0.2179930778672177,0.0,0.0,0.0,-0.016098225328837937,0.0,-0.04538578669062769,0.006186560625212668,0.0,0.02333202506116413,-0.0014014845313900426,0.0,-0.00238228707778719,0.5433736829056368,-2.2965847995262814,-1.888319867833211,-0.20631188969763503,0.09241520397930816,0.05640155211675512,-0.11836,0.04573,0.03228,5.262718939248094e-05,0.0,5.0428602789790046e-05,4.162023125695664e-05,0.0,0.00015377564982604048
42,0.42054240009747446,step,0.22490431984615583,0.0004892826469152024,3.747300012037158,10.046000126749277,124371.0,124371.0,0.0,0.0,8.77,0.0002,1e-05,100.0,0.01,-0.034350646368805776,0.0,0.21819728211983352,-0.034444893789455214,0.0,0.2179930778672177,0.0,0.0,0.0,-0.01657679323604185,0.0,-0.045844361693713344,0.006605409930021248,0.0,0.02387532443626359,-0.0014794508107385817,0.0,-0.0024648984749225237,0.5433736829056368,-2.2965847995262814,-1.888319867833211,-0.20632809182591888,0.09239941241636983,0.056397126246049215,-0.11836,0.05111,0.0269,4.85292670413669e-05,0.0,6.294846417295401e-05,4.5718153608070686e-05,0.0,0.00014125578844287651
43,0.4304935000836849,step,0.22490431984615583,0.0005813937094959377,3.801599843427539,9.951099986210465,124371.0,124371.0,0.0,0.0,8.77,0.0002,1e-05,100.0,0.01,-0.034350646368805776,0.0,0.21819728211983352,-0.034444893789455214,0.0,0.2179930778672177,0.0,0.0,0.0,-0.016995642514131472,0.0,-0.04638766110672047,0.006978489380212041,0.0,0.02447968502800498,-0.0015534208666642087,0.0,-0.002552875042678651,0.5433736829056368,-2.2965847995262814,-1.888319867833211,-0.20634390844353287,0.09238315282733829,0.05639186572436882,-0.11567000000000001,0.05111,0.0269,4.5434924567791074e-05,0.0,7.360115354376439e-05,4.881249608164651e-05,0.0,0.00013060309907206614
44,0.44023880013264716,step,0.22490431984615583,0.0006781143568112752,4.029400181025267,9.745300048962235,124371.0,124371.0,0.0,0.0,8.77,0.0002,1e-05,100.0,0.01,-0.034350646368805776,0.0,0.21819728211983352,-0.034444893789455214,0.0,0.2179930778672177,0.0,0.0,0.0,-0.01736872194384331,0.0,-0.04699202172578346,0.007316677608871782,0.0,0.025126975442281572,-0.00162393750043907,0.0,-0.002644503187902147,0.5433736829056368,-2.2965847995262814,-1.888319867833211,-0.2063593462654134,0.09236661984075639,0.056385992824980725,-0.11567000000000001,0.056490000000000005,0.03228,4.3188648195654514e-05,0.0,8.266283570365736e-05,5.105877245378307e-05,0.0,0.00012154141691217317
45,0.45066520012915134,step,0.22490431984615583,0.00077426809117618,3.648600075393915,10.426399996504188,124371.0,124371.0,0.0,0.0,8.77,0.0002,1e-05,100.0,0.01,-0.034350646368805776,0.0,0.21819728211983352,-0.034444893789455214,0.0,0.2179930778672177,0.0,0.0,0.0,-0.01770691015689142,0.0,-0.047639312159269205,0.007628447586099425,0.0,0.025803379335510346,-0.0016950840513021157,0.0,-0.0027443063882829264,0.5433736829056368,-2.2965847995262814,-1.888319867833211,-0.20637526297251438,0.09234896020612636,0.05637925398261828,-0.11298000000000001,0.048420000000000005,0.03228,4.165488698354967e-05,0.0,9.03728061894325e-05,5.2592533665887916e-05,0.0,0.00011383144642639803
46,0.4604553999379277,step,0.22490431984615583,0.0008667637876171527,3.8117999210953712,9.790199808776379,124371.0,124371.0,0.0,0.0,8.77,0.0002,1e-05,100.0,0.01,-0.034350646368805776,0.0,0.21819728211983352,-0.034444893789455214,0.0,0.2179930778672177,0.0,0.0,0.0,-0.01801868012229863,0.0,-0.04831571606552544,0.007920389018096571,0.0,0.02649844003296252,-0.0017625986534296452,0.0,-0.002843661632704726,0.5433736829056368,-2.2965847995262814,-1.888319867833211,-0.20639058253617398,0.09233158369935213,0.05637234530223078,-0.11567000000000001,0.0538,0.03228,4.07159636148933e-05,0.0,9.693747774684402e-05,5.3531457034544284e-05,0.0,0.0001072667748689865
47,0.4700367001350969,step,0.3739054822812619,0.006084737195557744,4.182199947535992,9.581300197169185,124371.0,124371.0,0.0,0.0,8.77,0.0002,1e-05,100.0,0.01,-0.034443169895500836,0.0,0.218366979375465,-0.034444893789455214,0.0,0.2179930778672177,0.0,0.0,0.0,-0.008110616330712937,0.0,-0.06771859038578124,0.0075571519661079166,0.0,0.028378990011878578,-0.0007428528577405674,0.0,-0.004083411736996553,0.5433736829056368,-2.2965847995262814,-1.8867858870453256,-0.20634907444229214,0.09238877977758225,0.056138561543119594,-0.11567000000000001,0.04573,0.03228,-5.276345572451015e-05,0.0,0.00027316683418454027,5.4487349678888034e-05,0.0,0.00010073467406277489
48,0.4801155999302864,step,0.22490431984615583,0.0006763241410693953,4.180600168183446,10.0788997951895,124371.0,124371.0,0.0,0.0,8.77,0.0002,1e-05,100.0,0.01,-0.034350646368805776,0.0,0.21819728211983352,-0.034444893789455214,0.0,0.2179930778672177,0.0,0.0,0.0,-0.017947206357113984,0.0,-0.0508916534625546,0.007957740583703302,0.0,0.028843885900448556,-0.001827072103980794,0.0,-0.0031244637877775516,0.5433736829056368,-2.2965847995262814,-1.888319867833211,-0.20641382965893307,0.092290248606768,0.056345188692725034,-0.11567000000000001,0.05111,0.02959,6.047471896640094e-05,0.0,7.018284338348755e-05,3.377270168303665e-05,0.0,0.00013402140923234298
49,0.49046620004810393,step,0.22490431984615583,0.0007781230435835857,3.8219999987632036,10.350600117817521,124371.0,124371.0,0.0,0.0,8.77,0.0002,1e-05,100.0,0.01,-0.034350646368805776,0.0,0.21819728211983352,-0.034444893789455214,0.0,0.2179930778672177,0.0,0.0,0.0,-0.018347973147255815,0.0,-0.05135622255854878,0.008321348540118458,0.0,0.029363250067079065,-0.0019090064499973178,0.0,-0.003220653942296889,0.5433736829056368,-2.2965847995262814,-1.888319867833211,-0.20643129089279397,0.09227240587123162,0.05633950096926596,-0.11029,0.0538,0.03228,5.6927409938640825e-05,0.0,8.131300841904035e-05,3.732001071079676e-05,0.0,0.00012289124419679018
50,0.5003929000813514,step,0.1932815603231348,0.0016675572485492845,4.012999823316932,9.92670003324747,124371.0,124371.0,0.0,0.0,8.77,0.0002,1e-05,100.0,0.01,-0.034537677519519694,0.0,0.21816263299393543,-0.034444893789455214,0.0,0.2179930778672177,0.0,0.0,0.0,0.0019071607571728925,0.0,-0.048055787833840936,0.007495024406141677,0.0,0.029709253679153683,0.0002754361474299012,0.0,-0.003095807619366155,0.5433736829056368,-2.298118780314167,-1.8867858870453256,-0.2058842992103879,0.09308840347605506,0.05602159278323157,-0.11298000000000001,0.048420000000000005,0.0269,-0.0001338923632217246,0.0,5.606424815522236e-05,4.110863315724445e-05,0.0,0.00011349087856251296
51,0.5105240999255329,step,0.22490431984615583,0.0015677800011157019,5.464100046083331,10.131199844181538,124371.0,124371.0,0.0,0.0,8.77,0.0002,1e-05,100.0,0.01,-0.034350646368805776,0.0,0.21819728211983352,-0.034444893789455214,0.0,0.2179930778672177,0.0,0.0,0.0,-0.017884896933028326,0.0,-0.05222152366086382,0.008043533187081113,0.0,0.03034565813795369,-0.0019340233378232906,0.0,-0.0034098852849610874,0.5433736829056368,-2.2965847995262814,-1.888319867833211,-0.20644403199994363,0.09224568464133874,0.056320086972433514,-0.11298000000000001,0.04573,0.024210000000000002,9.179859430975954e-05,0.0,0.00010650884135390865,2.4488263396780407e-06,0.0,9.769541126192188e-05
52,0.5201280999463052,step,0.22490431984615583,0.0015454728211183922,4.385699983686209,9.604000020772219,124371.0,124371.0,0.0,0.0,8.77,0.0002,1e-05,100.0,0.01,-0.034350646368805776,0.0,0.21819728211983352,-0.034444893789455214,0.0,0.2179930778672177,0.0,0.0,0.0,-0.018433765804199535,0.0,-0.05285799484544363,0.008523745663408244,0.0,0.030996037192790326,-0.002032197604191115,0.0,-0.0035159207419632444,0.5433736829056368,-2.2965847995262814,-1.888319867833211,-0.20646452680115984,0.09222553232381293,0.056314291468171705,-0.11567000000000001,0.05111,0.03497,8.284937263861165e-05,0.0,0.00011220761501790294,1.1398048010825934e-05,0.0,9.199663759792759e-05
53,0.5305180000141263,step,0.22490431984615583,0.0015429219014918753,3.9126998744904995,10.389900067821145,124371.0,124371.0,0.0,0.0,8.77,0.0002,1e-05,100.0,0.01,-0.034350646368805776,0.0,0.21819728211983352,-0.034444893789455214,0.0,0.2179930778672177,0.0,0.0,0.0,-0.018913978274970357,0.0,-0.05350837391116491,0.008948418575874785,0.0,0.031655547932462114,-0.002127803565861853,0.0,-0.003629925015221393,0.5433736829056368,-2.2965847995262814,-1.888319867833211,-0.2064849833791852,0.09220447762764036,0.05630745965150325,-0.11567000000000001,0.0538,0.02959,7.538720888835826e-05,0.0,0.00011707521821201638,1.8860211761079326e-05,0.0,8.712903440381415e-05
54,0.5401069999206811,step,0.22490431984615583,0.0015532798139751551,4.387200111523271,9.588999906554818,124371.0,124371.0,0.0,0.0,8.77,0.0002,1e-05,100.0,0.01,-0.034350646368805776,0.0,0.21819728211983352,-0.034444893789455214,0.0,0.2179930778672177,0.0,0.0,0.0,-0.01933865116258955,0.0,-0.05416788465492343,0.009328144923194514,0.0,0.03232045594392441,-0.0022156717226797587,0.0,-0.0037408118992999346,0.5433736829056368,-2.2965847995262814,-1.888319867833211,-0.20650406749560737,0.09218431397168748,0.05630050518341851,-0.11298000000000001,0.04573,0.02959,6.923312921791293e-05,0.0,0.0001212285178537643,2.5014291431524653e-05,0.0,8.297573476206622e-05
55,0.5505065000616014,step,0.22490431984615583,0.0015716926040001277,3.954000072553754,10.399500140920281,124371.0,124371.0,0.0,0.0,8.77,0.0002,1e-05,100.0,0.01,-0.034350646368805776,0.0,0.21819728211983352,-0.034444893789455214,0.0,0.2179930778672177,0.0,0.0,0.0,-0.019718377489799214,0.0,-0.054832792668801,0.009671712548961566,0.0,0.03298791045939398,-0.002303254444336791,0.0,-0.003859435749433353,0.5433736829056368,-2.2965847995262814,-1.888319867833211,-0.20652346492762283,0.09216313829813685,0.056292677927863397,-0.11567000000000001,0.0538,0.03228,6.422412580382595e-05,0.0,0.0001247692726407063,3.0023294845611637e-05,0.0,7.943497997512424e-05
56,0.5604733999352902,step,0.22490431984615583,0.0015947913922749616,3.9938001427799463,9.966899873688817,124371.0,124371.0,0.0,0.0,8.77,0.0002,1e-05,100.0,0.01,-0.034350646368805776,0.0,0.21819728211983352,-0.034444893789455214,0.0,0.2179930778672177,0.0,0.0,0.0,-0.02006194509938812,0.0,-0.055500247185410384,0.009986403706590454,0.0,0.03365576340286475,-0.002386237059167161,0.0,-0.0039769877656562055,0.5433736829056368,-2.2965847995262814,-1.888319867833211,-0.20654208265499285,0.09214238835620206,0.05628469134464107,-0.11298000000000001,0.04573,0.03228,6.0212476541405734e-05,0.0,0.00012778585834707476,3.403494410803185e-05,0.0,7.641839426875577e-05
57,0.5705375000834465,step,0.3739054822812619,0.007352764555496517,3.9423999842256308,10.064100148156285,124371.0,124371.0,0.0,0.0,8.77,0.0002,1e-05,100.0,0.01,-0.034443169895500836,0.0,0.218366979375465,-0.034444893789455214,0.0,0.2179930778672177,0.0,0.0,0.0,-0.010176631029386249,0.0,-0.07487591374351503,0.009802453109053663,0.0,0.03519507297292398,-0.0011482631544140732,0.0,-0.005478346247277954,0.5433736829056368,-2.2965847995262814,-1.8867858870453256,-0.2064782659319812,0.09217800363910486,0.056008600145979734,-0.11567000000000001,0.048420000000000005,0.02959,-3.596861116135553e-05,0.0,0.00030098748318194607,3.769250511573342e-05,0.0,7.291402506536909e-05
58,0.5804789001122117,step,0.22490431984615583,0.001205047385450093,3.916699904948473,9.941400028765202,124371.0,124371.0,0.0,0.0,8.77,0.0002,1e-05,100.0,0.01,-0.034350646368805776,0.0,0.21819728211983352,-0.034444893789455214,0.0,0.2179930778672177,0.0,0.0,0.0,-0.02019250758023825,0.0,-0.057707736270997276,0.010169957760173636,0.0,0.035687839530397496,-0.002484676471577306,0.0,-0.004283789423236252,0.5433736829056368,-2.2965847995262814,-1.888319867833211,-0.20657192517732995,0.09209550309500446,0.05625671130404664,-0.11567000000000001,0.05111,0.02959,7.332331996187881e-05,0.0,9.831516376740802e-05,2.0924100687558773e-05,0.0,0.0001058890888484225
59,0.5904777001123875,step,0.3739054822812619,0.006209074030843471,3.822400001809001,9.998800000175834,124371.0,124371.0,0.0,0.0,8.77,0.0002,1e-05,100.0,0.01,-0.034443169895500836,0.0,0.218366979375465,-0.034444893789455214,0.0,0.2179930778672177,0.0,0.0,0.0,-0.010360185094255013,0.0,-0.07690798981535088,0.010047356390187993,0.0,0.03705111417050843,-0.0012086491136846995,0.0,-0.005823848560377033,0.5433736829056368,-2.2965847995262814,-1.8867858870453256,-0.20650390548955266,0.09212826801866313,0.05597399994726761,-0.11567000000000001,0.04573,0.03497,-2.4922968621479286e-05,0.0,0.0002771327194950751,2.6646862575857172e-05,0.0,9.676878875224007e-05
60,0.6005339999683201,step,0.3739054822812619,0.005040971606251067,3.8590000476688147,10.056299855932593,124371.0,124371.0,0.0,0.0,8.77,0.0002,1e-05,100.0,0.01,-0.034443169895500836,0.0,0.218366979375465,-0.034444893789455214,0.0,0.2179930778672177,0.0,0.0,0.0,-0.010237405674105377,0.0,-0.07827159100428539,0.009995688245732144,0.0,0.038261554214496445,-0.0012106578575209119,0.0,-0.006028590279007929,0.5433736829056368,-2.2965847995262814,-1.8867858870453256,-0.20651373346704086,0.09210087945103135,0.05595146183201302,-0.11567000000000001,0.04573,0.0269,-1.0686930354256581e-05,0.0,0.0002503648734503526,1.2410824308634468e-05,0.0,0.00012353663479696254
61,0.6105378000065684,step,0.3739054822812619,0.004214447042331299,5.282799946144223,10.0038000382483,124371.0,124371.0,0.0,0.0,8.77,0.0002,1e-05,100.0,0.01,-0.034443169895500836,0.0,0.218366979375465,-0.034444893789455214,0.0,0.2179930778672177,0.0,0.0,0.0,-0.010185737549046201,0.0,-0.07948203100252506,0.010000062362943879,0.0,0.03935122350212739,-0.001221737893859792,0.0,-0.006224174527430435,0.5433736829056368,-2.2965847995262814,-1.8867858870453256,-0.20652457727142326,0.09207415054214978,0.05593048356304745,-0.11298000000000001,0.04573,0.03228,9.193454959404532e-07,0.0,0.00022902508166917774,8.045484584374332e-07,0.0,0.00014487642657813742
62,0.6203610000666231,step,0.3739054822812619,0.003635470889117013,4.147600149735808,9.82320006005466,124371.0,124371.0,0.0,0.0,8.77,0.0002,1e-05,100.0,0.01,-0.034443169895500836,0.0,0.218366979375465,-0.034444893789455214,0.0,0.2179930778672177,0.0,0.0,0.0,-0.010190111691331633,0.0,-0.08057170023612206,0.010048070526881642,0.0,0.04034686188237281,-0.0012400072109113355,0.0,-0.006411268112118387,0.5433736829056368,-2.2965847995262814,-1.8867858870453256,-0.20653616888177798,0.09204810863803871,0.05591087798815432,-0.11836,0.048420000000000005,0.02959,1.0240613894109636e-05,0.0,0.00021237946619803586,-8.51671993973175e-06,0.0,0.0001615220420492793
63,0.6305042000021785,step,0.22490431984615583,0.001053072636840474,5.225100088864565,10.143199935555458,124371.0,124371.0,0.0,0.0,8.77,0.0002,1e-05,100.0,0.01,-0.034350646368805776,0.0,0.21819728211983352,-0.034444893789455214,0.0,0.2179930778672177,0.0,0.0,0.0,-0.020438125089503306,0.0,-0.06285952495984005,0.010559642311053646,0.0,0.04048160375356493,-0.0027242532227436814,0.0,-0.005070933288360579,0.5433736829056368,-2.2965847995262814,-1.888319867833211,-0.2066464299835284,0.09197601124476325,0.05618414024904546,-0.11567000000000001,0.04573,0.03497,0.00011062052336567203,0.0,2.913611886290102e-05,-1.6373102716234444e-05,0.0,0.0001750681337529295
64,0.6401599000673741,step,0.3739054822812619,0.004039411080901421,4.37980005517602,9.65570006519556,124371.0,124371.0,0.0,0.0,8.77,0.0002,1e-05,100.0,0.01,-0.034443169895500836,0.0,0.218366979375465,-0.034444893789455214,0.0,0.2179930778672177,0.0,0.0,0.0,-0.010749869709602936,0.0,-0.08170175387831373,0.010582835422100307,0.0,0.0415041736745921,-0.0013560607215657877,0.0,-0.006707892486712286,0.5433736829056368,-2.2965847995262814,-1.8867858870453256,-0.20656838212868472,0.09200144655874282,0.055885040109544835,-0.11567000000000001,0.05111,0.03228,5.078468528383325e-06,0.0,0.0002239065363659248,-3.3545745740054383e-06,0.0,0.00014999497188139036
65,0.6506205000914633,step,0.22490431984615583,0.001034246843238823,4.876699997112155,10.460600024089217,124371.0,124371.0,0.0,0.0,8.77,0.0002,1e-05,100.0,0.01,-0.034350646368805776,0.0,0.21819728211983352,-0.034444893789455214,0.0,0.2179930778672177,0.0,0.0,0.0,-0.020972889985952873,0.0,-0.06401683674148757,0.011059766560419723,0.0,0.041688930483227686,-0.0028855592846655596,0.0,-0.0053287908192320545,0.5433736829056368,-2.2965847995262814,-1.888319867833211,-0.20668398068037042,0.0919317702110067,0.05616536960313641,-0.11836,0.04573,0.02959,0.0001056405007742205,0.0,4.092373136819138e-05,-1.1393080124782911e-05,0.0,0.00016328052124763915
66,0.6600840000901371,step,0.22490431984615583,0.0010440170036600804,4.233699990436435,9.463499998673797,124371.0,124371.0,0.0,0.0,8.77,0.0002,1e-05,100.0,0.01,-0.034350646368805776,0.0,0.21819728211983352,-0.034444893789455214,0.0,0.2179930778672177,0.0,0.0,0.0,-0.021449999158185233,0.0,-0.06420126701589035,0.011477389679684914,0.0,0.0419787401025694,-0.00299633669344715,0.0,-0.005421151914164737,0.5433736829056368,-2.2965847995262814,-1.888319867833211,-0.20670584175051337,0.09191266196554809,0.056161847437773825,-0.11567000000000001,0.0538,0.03228,9.348583509485144e-05,0.0,6.487450773882275e-05,7.615855545861438e-07,0.0,0.00013932974487700778
67,0.6705000000074506,step,0.3739054822812619,0.005296569908415132,3.7938000168651342,10.415999917313457,124371.0,124371.0,0.0,0.0,8.77,0.0002,1e-05,100.0,0.01,-0.034443169895500836,0.0,0.218366979375465,-0.034444893789455214,0.0,0.2179930778672177,0.0,0.0,0.0,-0.011667617048534723,0.0,-0.0831988902740744,0.011434198819986995,0.0,0.04311154838810817,-0.0015523627358603623,0.0,-0.007153136319388425,0.5433736829056368,-2.2965847995262814,-1.8867858870453256,-0.20662024657170489,0.09193004118321745,0.05584758772584125,-0.11298000000000001,0.048420000000000005,0.02959,-9.762324716188541e-06,0.0,0.0002560458949408494,1.1486218670566427e-05,0.0,0.00011785561330646577
68,0.6805070000700653,step,0.22490431984615583,0.0010892473735822116,3.760700114071369,10.00700006261468,124371.0,124371.0,0.0,0.0,8.77,0.0002,1e-05,100.0,0.01,-0.034350646368805776,0.0,0.21819728211983352,-0.034444893789455214,0.0,0.2179930778672177,0.0,0.0,0.0,-0.021824253354136867,0.0,-0.06562421150432816,0.011840789818144916,0.0,0.043418484094202826,-0.0031423983228924244,0.0,-0.0057129343192432935,0.5433736829056368,-2.2965847995262814,-1.888319867833211,-0.20674254563720115,0.09186484460661054,0.0561384046329652,-0.11836,0.05111,0.03497,9.271712364579929e-05,0.0,6.999219348736228e-05,1.5302970036382976e-06,0.0,0.00013421205912846824
69,0.6904875999316573,step,0.3739054822812619,0.00552620058495477,3.805799875408411,9.980599861592054,124371.0,124371.0,0.0,0.0,8.77,0.0002,1e-05,100.0,0.01,-0.034443169895500836,0.0,0.218366979375465,-0.034444893789455214,0.0,0.2179930778672177,0.0,0.0,0.0,-0.012031017169732035,0.0,-0.0846386342959782,0.01179481836045209,0.0,0.04455553737507458,-0.0016507624233436805,0.0,-0.007493518078884531,0.5433736829056368,-2.2965847995262814,-1.8867858870453256,-0.2066516874407112,0.09187864155943092,0.055815843835970866,-0.11567000000000001,0.05111,0.03766,-1.0568122394222417e-05,0.0,0.00026139084649648783,1.2292016348600303e-05,0.0,0.00011251066175082733
70,0.7005026000551879,step,0.3739054822812619,0.004898484104916495,3.8036999758332968,10.015000123530626,124371.0,124371.0,0.0,0.0,8.77,0.0002,1e-05,100.0,0.01,-0.034443169895500836,0.0,0.218366979375465,-0.034444893789455214,0.0,0.2179930778672177,0.0,0.0,0.0,-0.01198486767864459,0.0,-0.08577601410765362,0.01178952445307313,0.0,0.04561884779538135,-0.0016652772184638119,0.0,-0.007704791904243799,0.5433736829056368,-2.2965847995262814,-1.8867858870453256,-0.20666380558853326,0.09184961137040548,0.0557933360549206,-0.11567000000000001,0.0538,0.03228,-1.2259833080909813e-06,0.0,0.00024624549190194363,2.9498772624688677e-06,0.0,0.00012765601634537153
71,0.7104653001297265,step,0.3739054822812619,0.004440556619203532,3.826999804005027,9.962700074538589,124371.0,124371.0,0.0,0.0,8.77,0.0002,1e-05,100.0,0.01,-0.034443169895500836,0.0,0.218366979375465,-0.034444893789455214,0.0,0.2179930778672177,0.0,0.0,0.0,-0.011979573777139606,0.0,-0.08683932451757305,0.011816785332373887,0.0,0.04662392446810708,-0.001685920114302356,0.0,-0.007911561554346346,0.5433736829056368,-2.2965847995262814,-1.8867858870453256,-0.20667668810102904,0.09182080280909091,0.05577169586063988,-0.11029,0.048420000000000005,0.03228,6.355672422465457e-06,0.0,0.00023432619398777602,-4.631778468087571e-06,0.0,0.00013957531425953915
72,0.7204361001495272,step,0.5861088777275317,0.015922194428952745,3.824900137260556,9.970800019800663,124371.0,124371.0,0.0,0.0,8.77,0.0002,1e-05,100.0,0.01,-0.03434834891937441,0.0,0.21857118054374852,-0.034444893789455214,0.0,0.2179930778672177,0.0,0.0,0.0,-0.0224601159660548,0.0,-0.1103560050312982,0.012276114314913041,0.0,0.04845930481787049,-0.0032981343645540726,0.0,-0.010177347386094097,0.5433736829056368,-2.2950508187383956,-1.8867858870453256,-0.20729552080368224,0.09091374209759197,0.05578170577280485,-0.11567000000000001,0.04573,0.03228,0.0001077446984293792,0.0,0.00043052476505030983,-1.119982834857616e-05,0.0,0.00014757791148051853
73,0.7303659000899643,step,0.5861088777275317,0.012679975467242567,3.936799941584468,9.929799940437078,124371.0,124371.0,0.0,0.0,8.77,0.0002,1e-05,100.0,0.01,-0.03434834891937441,0.0,0.21857118054374852,-0.034444893789455214,0.0,0.2179930778672177,0.0,0.0,0.0,-0.022919627401169193,0.0,-0.1121917782559358,0.012675732825895646,0.0,0.05008985261047429,-0.0034129621732673994,0.0,-0.010489059942023848,0.5433736829056368,-2.2950508187383956,-1.8867858870453256,-0.20732823396107028,0.0908651525366974,0.055754075973062533,-0.11567000000000001,0.0538,0.03497,9.425969269822271e-05,0.0,0.00038460414029041376,2.285177382580327e-06,0.0,0.0001934985362404146
74,0.7403802999760956,step,0.4498085073869152,0.005036650364074965,3.925400087609887,10.014399886131287,124371.0,124371.0,0.0,0.0,8.77,0.0002,1e-05,100.0,0.01,-0.03425608581376555,0.0,0.21840134155851734,-0.034444893789455214,0.0,0.2179930778672177,0.0,0.0,0.0,-0.03349054169656706,0.0,-0.09509888777438642,0.013417056188146712,0.0,0.05083712301372475,-0.005239653253468406,0.0,-0.008999315853098488,0.5433736829056368,-2.2950508187383956,-1.888319867833211,-0.20748562064271367,0.09079224886200896,0.056065163619548705,-0.11298000000000001,0.048420000000000005,0.03228,0.00017574141366050031,0.0,0.00017715124565224546,1.3066562029166804e-05,0.0,0.000231112445647403
75,0.7505469999741763,step,0.4498085073869152,0.004440882903143556,3.9890999905765057,10.16669999808073,124371.0,124371.0,0.0,0.0,8.77,0.0002,1e-05,100.0,0.01,-0.03425608581376555,0.0,0.21840134155851734,-0.034444893789455214,0.0,0.2179930778672177,0.0,0.0,0.0,-0.034232042554378214,0.0,-0.09584583132801097,0.014041637214670947,0.0,0.051597182754143406,-0.005432081503563216,0.0,-0.009193533670396268,0.5433736829056368,-2.2950508187383956,-1.888319867833211,-0.20752518150582705,0.09075454035793265,0.05605525937842464,-0.11298000000000001,0.0538,0.03228,0.00014874326954635026,0.0,0.0001810073730058063,4.006470614331686e-05,0.0,0.00022725631829384216
76,0.7603081001434475,step,0.5861088777275317,0.01038506106147915,4.410400055348873,9.76110016927123,124371.0,124371.0,0.0,0.0,8.77,0.0002,1e-05,100.0,0.01,-0.03434834891937441,0.0,0.21857118054374852,-0.034444893789455214,0.0,0.2179930778672177,0.0,0.0,0.0,-0.024685327742459275,0.0,-0.11532932926123692,0.014183509369076763,0.0,0.05308846191356705,-0.003839668019521629,0.0,-0.011221761814447086,0.5433736829056368,-2.2950508187383956,-1.8867858870453256,-0.2074300700857964,0.09074123133037178,0.0556985475373153,-0.11298000000000001,0.05111,0.03228,3.3926663321212424e-05,0.0,0.00035661773215190474,6.261820675959061e-05,0.0,0.00022148494437892362
77,0.7700505999382585,step,0.4498085073869152,0.0033432445346804254,4.206900019198656,9.74249979481101,124371.0,124371.0,0.0,0.0,8.77,0.0002,1e-05,100.0,0.01,-0.03425608581376555,0.0,0.21840134155851734,-0.034444893789455214,0.0,0.2179930778672177,0.0,0.0,0.0,-0.03499831813671823,0.0,-0.09809749699254314,0.014710975860809772,0.0,0.05375077918283481,-0.005697763613462202,0.0,-0.009654110044462408,0.5433736829056368,-2.2950508187383956,-1.888319867833211,-0.20758870320979167,0.09067688869513185,0.0560202889566207,-0.11298000000000001,0.05111,0.02959,0.00012660874610423818,0.0,0.00015897722471367722,6.219922958542893e-05,0.0,0.00024928646658597123
78,0.7800892000086606,step,0.4498085073869152,0.0033358960263897303,4.153999965637922,10.038600070402026,124371.0,124371.0,0.0,0.0,8.77,0.0002,1e-05,100.0,0.01,-0.03425608581376555,0.0,0.21840134155851734,-0.034444893789455214,0.0,0.2179930778672177,0.0,0.0,0.0,-0.03552596213135961,0.0,-0.0987594874591031,0.015165569040430949,0.0,0.054460495247290866,-0.005860860006007197,0.0,-0.009845320399014815,0.5433736829056368,-2.2950508187383956,-1.888319867833211,-0.20762346408793525,0.0906413912421375,0.05600895086627866,-0.11298000000000001,0.05111,0.02959,0.00010948658439792807,0.0,0.00017093170613423302,7.932139129173905e-05,0.0,0.00023733198516541544
79,0.7904634000733495,step,0.5861088777275317,0.010105627894334576,3.9637999143451452,10.374200064688921,124371.0,124371.0,0.0,0.0,8.77,0.0002,1e-05,100.0,0.01,-0.03434834891937441,0.0,0.21857118054374852,-0.034444893789455214,0.0,0.2179930778672177,0.0,0.0,0.0,-0.025809259492162603,0.0,-0.1181926417318551,0.015179048670381405,0.0,0.05592277115753823,-0.004179608546005936,0.0,-0.011955232383387847,0.5433736829056368,-2.2950508187383956,-1.8867858870453256,-0.20751813997649116,0.09062257997304862,0.0556377227230941,-0.11836,0.04573,0.03228,3.256441282174197e-06,0.0,0.0003532601160091165,9.328842879862884e-05,0.0,0.0002248425605217119
80,0.8004720001481473,step,0.4498085073869152,0.0029689225025594287,3.8569001480937004,10.008600074797869,124371.0,124371.0,0.0,0.0,8.77,0.0002,1e-05,100.0,0.01,-0.03425608581376555,0.0,0.21840134155851734,-0.034444893789455214,0.0,0.2179930778672177,0.0,0.0,0.0,-0.03599385738057527,0.0,-0.10093180622353547,0.015605481079508312,0.0,0.05658824089776676,-0.0060912364627615885,0.0,-0.010325491485977839,0.5433736829056368,-2.2950508187383956,-1.888319867833211,-0.20768228205097153,0.09056331387848013,0.055969685366865286,-0.11567000000000001,0.0538,0.02959,0.00010330317639576176,0.0,0.00016120992797339425,8.550479929390535e-05,0.0,0.0002470537633262542
81,0.8105165001470596,step,0.5861088777275317,0.0098284355072869,3.748999908566475,10.044499998912215,124371.0,124371.0,0.0,0.0,8.77,0.0002,1e-05,100.0,0.01,-0.03434834891937441,0.0,0.21857118054374852,-0.034444893789455214,0.0,0.2179930778672177,0.0,0.0,0.0,-0.026249171506353093,0.0,-0.12032038738514683,0.01560455893355167,0.0,0.05802262494775,-0.0043584011540623874,0.0,-0.012479266992619215,0.5433736829056368,-2.2950508187383956,-1.8867858870453256,-0.20757086886662823,0.09054177606928998,0.05559041710819192,-0.11298000000000001,0.04573,0.02959,-2.2394635681733397e-07,0.0,0.0003483451615839793,9.676881643762037e-05,0.0,0.00022975751494684908
82,0.8203575999941677,step,0.5861088777275317,0.008886993411394865,3.9957999251782894,9.841099847108126,124371.0,124371.0,0.0,0.0,8.77,0.0002,1e-05,100.0,0.01,-0.03434834891937441,0.0,0.21857118054374852,-0.034444893789455214,0.0,0.2179930778672177,0.0,0.0,0.0,-0.026248071838799212,0.0,-0.12175509821097574,0.01564262643256134,0.0,0.05938290755261366,-0.004407444942048079,0.0,-0.01278220294788462,0.5433736829056368,-2.2950508187383956,-1.8867858870453256,-0.20759271090122874,0.0904984274869524,0.05555980836776401,-0.11029,0.0538,0.024210000000000002,9.265589390148544e-06,0.0,0.0003310913613743519,8.727928069065449e-05,0.0,0.0002470113151564765
83,0.8300316999666393,step,0.5861088777275317,0.00823998526245293,4.232699982821941,9.674099972471595,124371.0,124371.0,0.0,0.0,8.77,0.0002,1e-05,100.0,0.01,-0.03434834891937441,0.0,0.21857118054374852,-0.034444893789455214,0.0,0.2179930778672177,0.0,0.0,0.0,-0.026286139342967342,0.0,-0.12311538080529916,0.015715913708041165,0.0,0.06068847517395042,-0.004462817793533592,0.0,-0.01307808979586496,0.5433736829056368,-2.2950508187383956,-1.8867858870453256,-0.20761523299294804,0.09045562506783081,0.05553036054559637,-0.11298000000000001,0.048420000000000005,0.02959,1.7874137838968035e-05,0.0,0.0003184167438219288,7.8670732241835e-05,0.0,0.00025968593270889954
84,0.8400822000112385,step,0.5861088777275317,0.00782185452396403,4.178399918600917,10.050500044599175,124371.0,124371.0,0.0,0.0,8.77,0.0002,1e-05,100.0,0.01,-0.03434834891937441,0.0,0.21857118054374852,-0.034444893789455214,0.0,0.2179930778672177,0.0,0.0,0.0,-0.02635942663420338,0.0,-0.12442094840215583,0.01582084389547418,0.0,0.061955771266739595,-0.004526923695143063,0.0,-0.013377350954640188,0.5433736829056368,-2.2950508187383956,-1.8867858870453256,-0.20763930065499428,0.09041183291231296,0.05550106348957147,-0.11567000000000001,0.05111,0.02959,2.563818984567671e-05,0.0,0.0003096456664423167,7.090668023512633e-05,0.0,0.00026845701008851167
85,0.8504782000090927,step,0.4498085073869152,0.002715574727998992,3.9377999491989613,10.395999997854233,124371.0,124371.0,0.0,0.0,8.77,0.0002,1e-05,100.0,0.01,-0.03425608581376555,0.0,0.21840134155851734,-0.034444893789455214,0.0,0.2179930778672177,0.0,0.0,0.0,-0.03663565263429295,0.0,-0.10696480626811235,0.01633311683407678,0.0,0.06250083374485299,-0.006577000466924778,0.0,-0.011629898354469967,0.5433736829056368,-2.2950508187383956,-1.888319867833211,-0.20781980735893374,0.09035986152010594,0.055854582605645124,-0.11836,0.05111,0.03497,0.00012537172666513707,0.0,0.0001333965136004718,6.343624902453005e-05,0.0,0.00027486717769917664
86,0.8604922001250088,step,0.5861088777275317,0.009058970136739907,3.8501000963151455,10.014000115916133,124371.0,124371.0,0.0,0.0,8.77,0.0002,1e-05,100.0,0.01,-0.03434834891937441,0.0,0.21857118054374852,-0.034444893789455214,0.0,0.2179930778672177,0.0,0.0,0.0,-0.02697680729932461,0.0,-0.12623298017835388,0.016420050334401824,0.0,0.063862195910951,-0.004748473194603974,0.0,-0.013901286499943624,0.5433736829056368,-2.2950508187383956,-1.8867858870453256,-0.2076988263428738,0.09032839486590132,0.05545633688025212,-0.11298000000000001,0.0538,0.03497,2.1307139483398252e-05,0.0,0.000333665772711509,7.523773059740478e-05,0.0,0.00024443690381931936
87,0.8705120000522584,step,0.5861088777275317,0.008758641071585634,3.800800070166588,10.01979992724955,124371.0,124371.0,0.0,0.0,8.77,0.0002,1e-05,100.0,0.01,-0.03434834891937441,0.0,0.21857118054374852,-0.034444893789455214,0.0,0.2179930778672177,0.0,0.0,0.0,-0.027063563278953515,0.0,-0.1275946691414997,0.016542222482362475,0.0,0.06519611982918955,-0.004816615038566986,0.0,-0.014215413071935924,0.5433736829056368,-2.2950508187383956,-1.8867858870453256,-0.20772422499439305,0.09028237466613849,0.05542563567666142,-0.11298000000000001,0.048420000000000005,0.03228,2.998371384704353e-05,0.0,0.00032737406786916007,6.65611562337595e-05,0.0,0.0002507286086616683
88,0.8804250999819487,step,0.3739054822812619,0.0014045708976337733,3.8894000463187695,9.913099929690361,124371.0,124371.0,0.0,0.0,8.77,0.0002,1e-05,100.0,0.01,-0.034443169895500836,0.0,0.218366979375465,-0.034444893789455214,0.0,0.2179930778672177,0.0,0.0,0.0,-0.016732454135345853,0.0,-0.10641698920302073,0.016307302977858307,0.0,0.06567762506578952,-0.002956550027046435,0.0,-0.012009216251044223,0.5433736829056368,-2.2965847995262814,-1.8867858870453256,-0.20706885731040678,0.09119672259401532,0.05539473308766517,-0.11567000000000001,0.0538,0.03228,-5.772305117468913e-05,0.0,0.00011831265978448142,5.9446945129067016e-05,0.0,0.00025558884846283374
89,0.890499500092119,step,0.5861088777275317,0.010860959465850854,3.8209001068025827,10.074400110170245,124371.0,124371.0,0.0,0.0,8.77,0.0002,1e-05,100.0,0.01,-0.03434834891937441,0.0,0.21857118054374852,-0.034444893789455214,0.0,0.2179930778672177,0.0,0.0,0.0,-0.02695063350685628,0.0,-0.12940970542189564,0.01656042684673315,0.0,0.06714410759864309,-0.004900116514391032,0.0,-0.014750050559659162,0.5433736829056368,-2.2950508187383956,-1.8867858870453256,-0.20776228723754253,0.09020605984878188,0.05537143233973436,-0.11298000000000001,0.04573,0.02959,6.226267610281256e-05,0.0,0.0003607211258241389,3.428219397799047e-05,0.0,0.00021738155070668945
90,0.9006839001085609,step,0.4498085073869152,0.004729285869756438,4.766599973663688,10.184400016441941,124371.0,124371.0,0.0,0.0,8.77,0.0002,1e-05,100.0,0.01,-0.03425608581376555,0.0,0.21840134155851734,-0.034444893789455214,0.0,0.2179930778672177,0.0,0.0,0.0,-0.03737523563922824,0.0,-0.11215314266193754,0.01720041172927478,0.0,0.06788765233897963,-0.007098170904625857,0.0,-0.01291648406309013,0.5433736829056368,-2.2950508187383956,-1.888319867833211,-0.2079621344595849,0.09015659279491871,0.05574358471010639,-0.11298000000000001,0.0538,0.03228,0.00015757291763422883,0.0,0.00018307075264202422,3.1235058055438286e-05,0.0,0.00022519293865762424
91,0.910476699937135,step,0.4498085073869152,0.005235854865262573,3.7877000868320465,9.792799828574061,124371.0,124371.0,0.0,0.0,8.77,0.0002,1e-05,100.0,0.01,-0.03425608581376555,0.0,0.21840134155851734,-0.034444893789455214,0.0,0.2179930778672177,0.0,0.0,0.0,-0.03801539805016017,0.0,-0.11289636065156688,0.017777600449802356,0.0,0.06874234229072565,-0.007301270962977288,0.0,-0.013142437838346049,0.5433736829056368,-2.2950508187383956,-1.888319867833211,-0.2080048590685412,0.09011400514175699,0.055730810972872094,-0.11298000000000001,0.04573,0.03497,0.00014223428397234125,0.0,0.00021061779099534894,4.657369171732586e-05,0.0,0.00019764590030429952
92,0.9201146000996232,step,0.5861088777275317,0.01340757205334202,4.178999923169613,9.637900162488222,124371.0,124371.0,0.0,0.0,8.77,0.0002,1e-05,100.0,0.01,-0.03434834891937441,0.0,0.21857118054374852,-0.034444893789455214,0.0,0.2179930778672177,0.0,0.0,0.0,-0.028421290956378346,0.0,-0.1324744888401359,0.017927370438294593,0.0,0.07038457504414505,-0.0053508530960685785,0.0,-0.015599135870311294,0.5433736829056368,-2.2950508187383956,-1.8867858870453256,-0.2078733401399223,0.09006516349749118,0.05530445613509219,-0.11029,0.05111,0.03766,3.693580201691951e-05,0.0,0.00040500226017673986,5.960906806388353e-05,0.0,0.0001731004163540885
93,0.9301473000086844,step,0.3415600384097703,0.002783152173834075,6.077699828892946,10.032699909061193,124371.0,124371.0,0.0,0.0,8.77,0.0002,1e-05,100.0,0.01,-0.03449978290077134,0.0,0.21833019868428097,-0.034444893789455214,0.0,0.2179930778672177,0.0,0.0,0.0,-0.011876454922258481,0.0,-0.10755065700758822,0.01749004158519762,0.0,0.07099484051102821,-0.0021546007060358908,0.0,-0.012855186112563524,0.5418397021177512,-2.2950508187383956,-1.888319867833211,-0.206119857024831,0.09076591367113986,0.05546495767305974,-0.11567000000000001,0.048420000000000005,0.02959,-0.00010792764492769066,0.0,0.00015060637814078156,5.303853361156527e-05,0.0,0.0001865144389224929
94,0.9401128999888897,step,0.4498085073869152,0.007812204306440527,5.202800035476685,9.965599980205297,124371.0,124371.0,0.0,0.0,8.77,0.0002,1e-05,100.0,0.01,-0.03425608581376555,0.0,0.21840134155851734,-0.034444893789455214,0.0,0.2179930778672177,0.0,0.0,0.0,-0.038304559003967224,0.0,-0.11600341201736168,0.018187195930242338,0.0,0.07204087046994466,-0.007590310161730207,0.0,-0.013945704600982134,0.5433736829056368,-2.2950508187383956,-1.888319867833211,-0.20808794376127437,0.08998934072926713,0.05565932126303867,-0.11567000000000001,0.0538,0.02959,0.00017215687826316017,0.0,0.0002583090151797694,1.6651097426506953e-05,0.0,0.00014995467611987905
95,0.9501587001141161,step,0.5861088777275317,0.016426663649332342,4.225200042128563,10.045800125226378,124371.0,124371.0,0.0,0.0,8.77,0.0002,1e-05,100.0,0.01,-0.03434834891937441,0.0,0.21857118054374852,-0.034444893789455214,0.0,0.2179930778672177,0.0,0.0,0.0,-0.028830886458044113,0.0,-0.13577301709548883,0.01843893360698194,0.0,0.07384516779483666,-0.005601079983122304,0.0,-0.01651046330843451,0.5433736829056368,-2.2950508187383956,-1.8867858870453256,-0.20795538254830853,0.0899283992312979,0.05521854288338044,-0.11836,0.048420000000000005,0.03228,6.219947500870653e-05,0.0,0.0004458067136449472,3.434539507209651e-05,0.0,0.00013229596288588116
96,0.9603150000330061,step,0.5861088777275317,0.015166720786455097,4.1467000264674425,10.15629991889,124371.0,124371.0,0.0,0.0,8.77,0.0002,1e-05,100.0,0.01,-0.03434834891937441,0.0,0.21857118054374852,-0.034444893789455214,0.0,0.2179930778672177,0.0,0.0,0.0,-0.029082446625265174,0.0,-0.1375776412235515,0.018703619927203437,0.0,0.07557464187598549,-0.005708484106039415,0.0,-0.01690913371495435,0.5433736829056368,-2.2950508187383956,-1.8867858870453256,-0.2079909451640313,0.0898686977428782,0.055180835415769736,-0.11298000000000001,0.056490000000000005,0.02959,6.543168139348183e-05,0.0,0.0004275339842320482,3.1113188687321205e-05,0.0,0.00015056869229878016
97,0.9704630000051111,step,0.4498085073869152,0.006838475910689009,3.959900001063943,10.147999972105026,124371.0,124371.0,0.0,0.0,8.77,0.0002,1e-05,100.0,0.01,-0.03425608581376555,0.0,0.21840134155851734,-0.034444893789455214,0.0,0.2179930778672177,0.0,0.0,0.0,-0.03951842873749767,0.0,-0.12058367708413015,0.019354156226252486,0.0,0.0765522679717149,-0.008081178314402011,0.0,-0.014965144402962148,0.5433736829056368,-2.2950508187383956,-1.888319867833211,-0.2082130986642048,0.08982346777931068,0.05557606370614612,-0.11298000000000001,0.05111,0.03497,0.00016088804971983462,0.0,0.00024178259710802428,2.7919925969832496e-05,0.0,0.00016648109419162418
98,0.9804760001134127,step,0.5861088777275317,0.015400324301291915,3.8944000843912363,10.01300010830164,124371.0,124371.0,0.0,0.0,8.77,0.0002,1e-05,100.0,0.01,-0.03434834891937441,0.0,0.21857118054374852,-0.034444893789455214,0.0,0.2179930778672177,0.0,0.0,0.0,-0.029997846753359977,0.0,-0.14028441459873967,0.019567838623231526,0.0,0.078300745184087,-0.0060167551540290945,0.0,-0.01760273861619583,0.5433736829056368,-2.2950508187383956,-1.8867858870453256,-0.20807212964551938,0.08975731219062191,0.05512252417009883,-0.11567000000000001,0.04573,0.02152,5.286844694629291e-05,0.0,0.0004326012626494673,4.367642313451012e-05,0.0,0.00014550141388136107
99,0.9904930000193417,step,0.5861088777275317,0.014386245416177772,3.981199814006686,10.01699990592897,124371.0,124371.0,0.0,0.0,8.77,0.0002,1e-05,100.0,0.01,-0.03434834891937441,0.0,0.21857118054374852,-0.034444893789455214,0.0,0.2179930778672177,0.0,0.0,0.0,-0.0302113516244898,0.0,-0.14203321858782944,0.019801397300653924,0.0,0.0799865116621183,-0.006119163924780431,0.0,-0.01800475286644847,0.5433736829056368,-2.2950508187383956,-1.8867858870453256,-0.2081070526263119,0.08969747502447523,0.05508414629810956,-0.11567000000000001,0.0538,0.03228,5.780711860548721e-05,0.0,0.0004172369179864388,3.8737751475315824e-05,0.0,0.00016086575854438957
100,1.0005055000074208,step,0.5861088777275317,0.013596624354465743,3.971799975261092,10.012499988079071,124371.0,124371.0,0.0,0.0,8.77,0.0002,1e-05,100.0,0.01,-0.03434834891937441,0.0,0.21857118054374852,-0.034444893789455214,0.0,0.2179930778672177,0.0,0.0,0.0,-0.03044491029852171,0.0,-0.14371898506041494,0.020051783951988703,0.0,0.08162140061984378,-0.0062269673552464155,0.0,-0.018403001829739005,0.5433736829056368,-2.2950508187383956,-1.8867858870453256,-0.20814265922716005,0.08963780489451142,0.055046509494116144,-0.11567000000000001,0.04573,0.02959,6.19923090544925e-05,0.0,0.0004047761372134181,3.4552561026310536e-05,0.0,0.00017332653931741024
101,1.0102075999602675,step,0.5861088777275317,0.012990191372811561,4.231699975207448,9.702099952846766,124371.0,124371.0,0.0,0.0,8.77,0.0002,1e-05,100.0,0.01,-0.03434834891937441,0.0,0.21857118054374852,-0.034444893789455214,0.0,0.2179930778672177,0.0,0.0,0.0,-0.03069529695738437,0.0,-0.14535387399537833,0.020316271897812148,0.0,0.08321577303054171,-0.006337630823718143,0.0,-0.0187931373420728,0.5433736829056368,-2.2950508187383956,-1.8867858870453256,-0.2081783447325745,0.08957903734840177,0.055009943145203945,-0.11567000000000001,0.04573,0.02959,6.55027207176028e-05,0.0,0.0003948600773190332,3.104214936320024e-05,0.0,0.00018324259921179516
102,1.0202196999453008,step,0.5861088777275317,0.012533639103050618,4.0756999514997005,10.012099985033274,124371.0,124371.0,0.0,0.0,8.77,0.0002,1e-05,100.0,0.01,-0.03434834891937441,0.0,0.21857118054374852,-0.034444893789455214,0.0,0.2179930778672177,0.0,0.0,0.0,-0.030959784909516827,0.0,-0.1469482463879487,0.02059243642132491,0.0,0.08477864013102002,-0.00645450262728285,0.0,-0.01918780814133082,0.5433736829056368,-2.2950508187383956,-1.8867858870453256,-0.20821522800824205,0.08951928189324407,0.054973247330601785,-0.11567000000000001,0.04573,0.03228,6.841245063405566e-05,0.0,0.00038715895510061884,2.8132419446747376e-05,0.0,0.00019094372143020952
103,1.0304871001280844,step,0.5861088777275317,0.01219998751321563,4.239599918946624,10.267400182783604,124371.0,124371.0,0.0,0.0,8.77,0.0002,1e-05,100.0,0.01,-0.03434834891937441,0.0,0.21857118054374852,-0.034444893789455214,0.0,0.2179930778672177,0.0,0.0,0.0,-0.031235949438253814,0.0,-0.14851111347432983,0.020878134303882166,0.0,0.08631778292227137,-0.006576802885945687,0.0,-0.019587209079453667,0.5433736829056368,-2.2950508187383956,-1.8867858870453256,-0.208253194028797,0.08945856088674847,0.054936353627168956,-0.11567000000000001,0.0538,0.0269,7.079073529424878e-05,0.0,0.0003813715696464445,2.5754134786554257e-05,0.0,0.00019673110688438384
104,1.0404409000184387,step,0.4498085073869152,0.005676379297118341,4.45199990645051,9.953799890354276,124371.0,124371.0,0.0,0.0,8.77,0.0002,1e-05,100.0,0.01,-0.03425608581376555,0.0,0.21840134155851734,-0.034444893789455214,0.0,0.2179930778672177,0.0,0.0,0.0,-0.04169294312357617,0.0,-0.13132681804525861,0.021545812710231538,0.0,0.08715079707303293,-0.009128569736578933,0.0,-0.017477626251214927,0.5433736829056368,-2.2950508187383956,-1.888319867833211,-0.20849574814225522,0.08942468890227022,0.055361088729885294,-0.11298000000000001,0.05111,0.02959,0.00016547348740492224,0.0,0.00020644932541376366,2.3334488284744876e-05,0.0,0.0002018143658858848
105,1.0505590001121163,step,0.5861088777275317,0.013665249457097276,3.799400059506297,10.11810009367764,124371.0,124371.0,0.0,0.0,8.77,0.0002,1e-05,100.0,0.01,-0.03434834891937441,0.0,0.21857118054374852,-0.034444893789455214,0.0,0.2179930778672177,0.0,0.0,0.0,-0.03218950324500879,0.0,-0.1508829436353537,0.02177482212997922,0.0,0.08879098122926866,-0.006916685578977739,0.0,-0.020286152812863188,0.5433736829056368,-2.2950508187383956,-1.8867858870453256,-0.2083396544580368,0.08934450763174939,0.0548793496668563,-0.11298000000000001,0.04573,0.03228,5.676710574882354e-05,0.0,0.0004065706447672019,3.97777643319795e-05,0.0,0.00017153203176362646
106,1.0604662001132965,step,0.5861088777275317,0.013222836744107725,3.837000112980604,9.907200001180172,124371.0,124371.0,0.0,0.0,8.77,0.0002,1e-05,100.0,0.01,-0.03434834891937441,0.0,0.21857118054374852,-0.034444893789455214,0.0,0.2179930778672177,0.0,0.0,0.0,-0.032418335138094743,0.0,-0.15252345458455702,0.022021186524552892,0.0,0.09040102253887697,-0.00702966490953215,0.0,-0.02070050700442833,0.5433736829056368,-2.2950508187383956,-1.8867858870453256,-0.20837683084616146,0.08928237389273223,0.054840239855828705,-0.11567000000000001,0.0538,0.0269,6.107947090241858e-05,0.0,0.0003991667362976237,3.546539917838445e-05,0.0,0.00017893594023320468
107,1.0704743000678718,step,0.4498085073869152,0.006031325889664256,3.8554000202566385,10.0080999545753,124371.0,124371.0,0.0,0.0,8.77,0.0002,1e-05,100.0,0.01,-0.03425608581376555,0.0,0.21840134155851734,-0.034444893789455214,0.0,0.2179930778672177,0.0,0.0,0.0,-0.04283599532664952,0.0,-0.13541005769358208,0.02265628217683805,0.0,0.0912989938971178,-0.009648110133196271,0.0,-0.018541702999235965,0.5433736829056368,-2.2950508187383956,-1.888319867833211,-0.2086275238336197,0.08925110979237663,0.055274618089294195,-0.11567000000000001,0.05111,0.0269,0.0001574790743188381,0.0,0.000222662047444002,3.1328901370829005e-05,0.0,0.00018560164385564645
108,1.0804537001531571,step,0.4498085073869152,0.006747016999533248,3.854400012642145,9.979400085285306,124371.0,124371.0,0.0,0.0,8.77,0.0002,1e-05,100.0,0.01,-0.03425608581376555,0.0,0.21840134155851734,-0.034444893789455214,0.0,0.2179930778672177,0.0,0.0,0.0,-0.043471268495536924,0.0,-0.1363077022787913,0.02323315307784564,0.0,0.09230898552976219,-0.00988585758599917,0.0,-0.018837545893742546,0.5433736829056368,-2.2950508187383956,-1.888319867833211,-0.208678986757132,0.08919708903531734,0.05525619645854722,-0.11836,0.048420000000000005,0.03766,0.00014306124073634583,0.0,0.0002504731229241397,4.5746734953321284e-05,0.0,0.00015779056837550876
109,1.0904761999845505,step,0.4498085073869152,0.007471897191064164,4.025300033390522,10.022499831393361,124371.0,124371.0,0.0,0.0,8.77,0.0002,1e-05,100.0,0.01,-0.03425608581376555,0.0,0.21840134155851734,-0.034444893789455214,0.0,0.2179930778672177,0.0,0.0,0.0,-0.04404813938277803,0.0,-0.13731769393894144,0.023762394229756744,0.0,0.09341249587056809,-0.01011242209512581,0.0,-0.019152377202634997,0.5433736829056368,-2.2950508187383956,-1.888319867833211,-0.20872955102561652,0.08914123372344795,0.05523499978760841,-0.11836,0.04573,0.03228,0.00013126548642650594,0.0,0.0002736990899885579,5.754248926316118e-05,0.0,0.00013456460131109054
110,1.100471599958837,step,0.5861088777275317,0.017498927092629974,3.8181000854820013,9.995399974286556,124371.0,124371.0,0.0,0.0,8.77,0.0002,1e-05,100.0,0.01,-0.03434834891937441,0.0,0.21857118054374852,-0.034444893789455214,0.0,0.2179930778672177,0.0,0.0,0.0,-0.03440608471488025,0.0,-0.15714464253129581,0.023879322689447157,0.0,0.09528155938647127,-0.007758408270389781,0.0,-0.022128811665466826,0.5433736829056368,-2.2950508187383956,-1.8867858870453256,-0.208558952475642,0.08904718722714514,0.05472580448669987,-0.11836,0.048420000000000005,0.03228,2.900449727670413e-05,0.0,0.00046362748470760737,6.75403728040989e-05,0.0,0.000114475191823221
111,1.1104929000139236,step,0.5861088777275317,0.016332848164809923,3.771499963477254,10.021300055086613,124371.0,124371.0,0.0,0.0,8.77,0.0002,1e-05,100.0,0.01,-0.03434834891937441,0.0,0.21857118054374852,-0.034444893789455214,0.0,0.2179930778672177,0.0,0.0,0.0,-0.03452283564741667,0.0,-0.15901403284416052,0.024036386482342915,0.0,0.09708378864792361,-0.007850990011499822,0.0,-0.022596980956815133,0.5433736829056368,-2.2950508187383956,-1.8867858870453256,-0.20859537843615414,0.08897915518958031,0.05467950879958904,-0.11836,0.05111,0.0269,3.8964086470793574e-05,0.0,0.0004470936011969957,5.758078361000946e-05,0.0,0.00013100907533383267
112,1.1204969000536948,step,0.4498085073869152,0.007181602661322161,3.7454001139849424,10.0040000397712,124371.0,124371.0,0.0,0.0,8.77,0.0002,1e-05,100.0,0.01,-0.03425608581376555,0.0,0.21840134155851734,-0.034444893789455214,0.0,0.2179930778672177,0.0,0.0,0.0,-0.0448511952444842,0.0,-0.1420928238886153,0.024601807767833977,0.0,0.09814164008572498,-0.010573073628358541,0.0,-0.02036628981039891,0.5433736829056368,-2.2950508187383956,-1.888319867833211,-0.2088589000179699,0.0889513657726677,0.05512839962388075,-0.11567000000000001,0.048420000000000005,0.02959,0.00014028121322386415,0.0,0.00026245330148210605,4.852676246580297e-05,0.0,0.0001458103898175424
113,1.130495199933648,step,0.5861088777275317,0.016815107596428295,3.7818001583218575,9.998299879953265,124371.0,124371.0,0.0,0.0,8.77,0.0002,1e-05,100.0,0.01,-0.03434834891937441,0.0,0.21857118054374852,-0.034444893789455214,0.0,0.2179930778672177,0.0,0.0,0.0,-0.03524549825685896,0.0,-0.16187378674863867,0.024752319320940647,0.0,0.09997071102767609,-0.008161362845409942,0.0,-0.023417350839265712,0.5433736829056368,-2.2950508187383956,-1.8867858870453256,-0.20868277259878656,0.08885077075720904,0.05460728280429375,-0.11567000000000001,0.04573,0.03228,3.734497957608677e-05,0.0,0.00045382972642616444,5.9199890504716265e-05,0.0,0.00012427295010466392
114,1.1404979000799358,step,0.5861088777275317,0.015777813054505055,3.8404001388698816,10.00270014628768,124371.0,124371.0,0.0,0.0,8.77,0.0002,1e-05,100.0,0.01,-0.03434834891937441,0.0,0.21857118054374852,-0.034444893789455214,0.0,0.2179930778672177,0.0,0.0,0.0,-0.03539583229393385,0.0,-0.1637031844674751,0.02494023166659649,0.0,0.10173836394819119,-0.008264635841596056,0.0,-0.023892422908341145,0.5433736829056368,-2.2950508187383956,-1.8867858870453256,-0.20872121916221556,0.08878115820278643,0.05456086466877755,-0.11836,0.04573,0.02959,4.6628261352973105e-05,0.0,0.00043862249748124267,4.991660872782993e-05,0.0,0.0001394801790495857
115,1.1510147999506444,step,0.5861088777275317,0.014954884178043675,4.237100016325712,10.516899870708585,124371.0,124371.0,0.0,0.0,8.77,0.0002,1e-05,100.0,0.01,-0.03434834891937441,0.0,0.21857118054374852,-0.034444893789455214,0.0,0.2179930778672177,0.0,0.0,0.0,-0.035583744644039475,0.0,-0.16547083738312143,0.025159886396613134,0.0,0.10345488534879524,-0.008381895990139995,0.0,-0.02437380866079849,0.5433736829056368,-2.2950508187383956,-1.8867858870453256,-0.20876218330728272,0.08870983945492955,0.05451458729100316,-0.11836,0.0538,0.024210000000000002,5.450832506402224e-05,0.0,0.0004259626299710755,4.203654501678079e-05,0.0,0.00015214004655975284
116,1.1604770000558347,step,0.5861088777275317,0.014307257683192314,3.7475000135600567,9.462200105190277,124371.0,124371.0,0.0,0.0,8.77,0.0002,1e-05,100.0,0.01,-0.03434834891937441,0.0,0.21857118054374852,-0.034444893789455214,0.0,0.2179930778672177,0.0,0.0,0.0,-0.03580339938825728,0.0,-0.16718735876085064,0.025406210799567987,0.0,0.10512939606046721,-0.008500447221875618,0.0,-0.02482964317088273,0.5433736829056368,-2.2950508187383956,-1.8867858870453256,-0.20880216856858114,0.08864184089879015,0.054471217612940694,-0.11298000000000001,0.0538,0.024210000000000002,6.113012135696593e-05,0.0,0.0004155619248037246,3.5414748723837104e-05,0.0,0.00016254075172710377
117,1.1704997001215816,step,0.5861088777275317,0.013803208568809369,3.763600019738078,10.022700065746903,124371.0,124371.0,0.0,0.0,8.77,0.0002,1e-05,100.0,0.01,-0.03434834891937441,0.0,0.21857118054374852,-0.034444893789455214,0.0,0.2179930778672177,0.0,0.0,0.0,-0.036049723803144224,0.0,-0.16886186945372622,0.025674684445004575,0.0,0.10676993267914632,-0.008630933322135615,0.0,-0.025295336032946463,0.5433736829056368,-2.2950508187383956,-1.8867858870453256,-0.2088445092418424,0.08857179152522178,0.054427472808492715,-0.11567000000000001,0.0538,0.0269,6.663040945648118e-05,0.0,0.00040715216740616275,2.991446062432186e-05,0.0,0.0001709505091246656
118,1.1804738999344409,step,0.5861088777275317,0.013416958587029784,3.765700152143836,9.974199812859297,124371.0,124371.0,0.0,0.0,8.77,0.0002,1e-05,100.0,0.01,-0.03434834891937441,0.0,0.21857118054374852,-0.034444893789455214,0.0,0.2179930778672177,0.0,0.0,0.0,-0.03631819745849072,0.0,-0.17050240605720426,0.025961303681366617,0.0,0.10838353009726939,-0.008767892829400777,0.0,-0.025759031993310404,0.5433736829056368,-2.2950508187383956,-1.8867858870453256,-0.2088877870945014,0.08850160707553788,0.05438433798969068,-0.11836,0.04573,0.0269,7.113721849915773e-05,0.0,0.0004004854438928999,2.540765158164531e-05,0.0,0.00017761723263792848
119,1.1904825000092387,step,0.4498085073869152,0.006365645559539265,3.7759998813271523,10.008600074797869,124371.0,124371.0,0.0,0.0,8.77,0.0002,1e-05,100.0,0.01,-0.03425608581376555,0.0,0.21840134155851734,-0.034444893789455214,0.0,0.2179930778672177,0.0,0.0,0.0,-0.046776112501471095,0.0,-0.15339256525356637,0.02663631559467494,0.0,0.10928826243013753,-0.011698109101728048,0.0,-0.023364632003199746,0.5433736829056368,-2.2950508187383956,-1.888319867833211,-0.20917636123770053,0.088483183583731,0.054864330267667225,-0.11567000000000001,0.04573,0.024210000000000002,0.00016754121414605782,0.0,0.00022455893079428876,2.1266761543609297e-05,0.0,0.0001837047605053597
120,1.2004508001264185,step,0.4498085073869152,0.007080457150974845,3.8102997932583094,9.968300117179751,124371.0,124371.0,0.0,0.0,8.77,0.0002,1e-05,100.0,0.01,-0.03425608581376555,0.0,0.21840134155851734,-0.034444893789455214,0.0,0.2179930778672177,0.0,0.0,0.0,-0.04745130193123152,0.0,-0.1542969708148353,0.027252629779518305,0.0,0.11030674477763974,-0.011970766906280279,0.0,-0.02369783095278154,0.5433736829056368,-2.2950508187383956,-1.888319867833211,-0.20923509940782856,0.08842203969295015,0.05484387706955215,-0.11836,0.04573,0.02959,0.0001529780845237843,0.0,0.0002528020325895491,3.582989116588281e-05,0.0,0.00015546165871009935
121,1.2104943001177162,step,0.4498085073869152,0.007803140813039839,3.7809000350534916,10.043499991297722,124371.0,124371.0,0.0,0.0,8.77,0.0002,1e-05,100.0,0.01,-0.03425608581376555,0.0,0.21840134155851734,-0.034444893789455214,0.0,0.2179930778672177,0.0,0.0,0.0,-0.04806761610209668,0.0,-0.15531545319061757,0.027820315242313924,0.0,0.11142003512603169,-0.012231066642066612,0.0,-0.024052795578599195,0.5433736829056368,-2.2950508187383956,-1.888319867833211,-0.20929288065923796,0.08835876448968119,0.054820270688011534,-0.11836,0.04573,0.03497,0.00014091265856431726,0.0,0.0002763444072944022,4.789531712534985e-05,0.0,0.00013191928400524628
122,1.2204698999412358,step,0.4498085073869152,0.008484414432057146,3.783399937674403,9.975599823519588,124371.0,124371.0,0.0,0.0,8.77,0.0002,1e-05,100.0,0.01,-0.03425608581376555,0.0,0.21840134155851734,-0.034444893789455214,0.0,0.2179930778672177,0.0,0.0,0.0,-0.0486353015431363,0.0,-0.15642874358142572,0.02834827940074772,0.0,0.11261132557903956,-0.012479985553912559,0.0,-0.024424074295386834,0.5433736829056368,-2.2950508187383956,-1.888319867833211,-0.2093496081084468,0.08829402257812684,0.0547941733195216,-0.11567000000000001,0.04573,0.0269,0.00013105704435912004,0.0,0.0002957151603010328,5.7750931330547074e-05,0.0,0.00011254853099861565
123,1.2306607000064105,step,0.5861088777275317,0.018929354321146504,3.6432999186217785,10.190800065174699,124371.0,124371.0,0.0,0.0,8.77,0.0002,1e-05,100.0,0.01,-0.03434834891937441,0.0,0.21857118054374852,-0.034444893789455214,0.0,0.2179930778672177,0.0,0.0,0.0,-0.03899196988529846,0.0,-0.1763434722790404,0.028470631148206808,0.0,0.11455374461034631,-0.009839398306973503,0.0,-0.02776862658082225,0.5433736829056368,-2.2950508187383956,-1.8867858870453256,-0.20915137412685356,0.08816784518638246,0.05422610339828254,-0.12105,0.048420000000000005,0.02959,3.0372354469250678e-05,0.0,0.00048218223745757265,6.617251561155236e-05,0.0,9.592043907325572e-05
124,1.2404777000192553,step,0.5861088777275317,0.017491883110614056,3.8052001036703587,9.817000012844801,124371.0,124371.0,0.0,0.0,8.77,0.0002,1e-05,100.0,0.01,-0.03434834891937441,0.0,0.21857118054374852,-0.034444893789455214,0.0,0.2179930778672177,0.0,0.0,0.0,-0.03911414410860106,0.0,-0.17828621810085607,0.028638150654591372,0.0,0.11641709145949494,-0.009943575408827888,0.0,-0.028299691227766557,0.5433736829056368,-2.2950508187383956,-1.8867858870453256,-0.20919255967097314,0.0880907256636381,0.05417353760738648,-0.11567000000000001,0.04573,0.02959,4.1585776863429376e-05,0.0,0.00046256539289211057,5.495909321737366e-05,0.0,0.0001155372836387178
125,1.2504823000635952,step,0.4498085073869152,0.007820026999507033,3.8842998910695314,10.004600044339895,124371.0,124371.0,0.0,0.0,8.77,0.0002,1e-05,100.0,0.01,-0.03425608581376555,0.0,0.21840134155851734,-0.034444893789455214,0.0,0.2179930778672177,0.0,0.0,0.0,-0.04945295942140945,0.0,-0.16142612672753148,0.0292177274470963,0.0,0.1175256053508747,-0.012993500496494339,0.0,-0.025826736103810085,0.5433736829056368,-2.2950508187383956,-1.888319867833211,-0.20949608796668442,0.08807579089202752,0.054669867991428506,-0.11567000000000001,0.05111,0.024210000000000002,0.00014388001974340354,0.0,0.0002751887284655215,4.492795594626358e-05,0.0,0.00013307496283412694
126,1.2605060001369566,step,0.5861088777275317,0.017611420478951013,3.810599911957979,10.023700073361397,124371.0,124371.0,0.0,0.0,8.77,0.0002,1e-05,100.0,0.01,-0.03434834891937441,0.0,0.21857118054374852,-0.034444893789455214,0.0,0.2179930778672177,0.0,0.0,0.0,-0.03986141794245325,0.0,-0.1812577520364558,0.02938563630526024,0.0,0.1193952393827595,-0.010298871060743692,0.0,-0.029235524645601932,0.5433736829056368,-2.2950508187383956,-1.8867858870453256,-0.2092924513035216,0.08794419494966316,0.05409122054009046,-0.11836,0.04304,0.02959,4.168427013619891e-05,0.0,0.0004641466262895125,5.486059994460413e-05,0.0,0.00011395605024131585
127,1.2704132001381367,step,0.4498085073869152,0.007867710880558336,3.8385000079870224,9.907200001180172,124371.0,124371.0,0.0,0.0,8.77,0.0002,1e-05,100.0,0.01,-0.03425608581376555,0.0,0.21840134155851734,-0.034444893789455214,0.0,0.2179930778672177,0.0,0.0,0.0,-0.0502004450845353,0.0,-0.16440427463099927,0.029966764239828227,0.0,0.12050718140398814,-0.013398197665811027,0.0,-0.02672303962918291,0.5433736829056368,-2.2950508187383956,-1.888319867833211,-0.2096018543825812,0.08793161315839347,0.054595047956376826,-0.11567000000000001,0.05111,0.0269,0.00014427083941681384,0.0,0.000276050761360735,4.453713627285328e-05,0.0,0.00013221292993891346
128,1.2804138001520187,step,0.5861088777275317,0.017635668454259158,3.8931001909077168,10.000600013881922,124371.0,124371.0,0.0,0.0,8.77,0.0002,1e-05,100.0,0.01,-0.03434834891937441,0.0,0.21857118054374852,-0.034444893789455214,0.0,0.2179930778672177,0.0,0.0,0.0,-0.04061045473588003,0.0,-0.18423932809110224,0.030137172903650287,0.0,0.12237781678722363,-0.010659806951780862,0.0,-0.030185383659209686,0.5433736829056368,-2.2950508187383956,-1.8867858870453256,-0.2093938901987719,0.0877954486155697,0.054007688702785425,-0.11567000000000001,0.04304,0.0269,4.2306383196687676e-05,0.0,0.0004644119352234414,5.423848688411536e-05,0.0,0.00011369074130738695
129,1.2904696001205593,step,0.4498085073869152,0.007876546305343745,3.8654999807476997,10.055799968540668,124371.0,124371.0,0.0,0.0,8.77,0.0002,1e-05,100.0,0.01,-0.03425608581376555,0.0,0.21840134155851734,-0.034444893789455214,0.0,0.2179930778672177,0.0,0.0,0.0,-0.0509519816840434,0.0,-0.16738685203591158,0.03072150430393354,0.0,0.12348882720255874,-0.013811568411996286,0.0,-0.02763795971364513,0.5433736829056368,-2.2950508187383956,-1.888319867833211,-0.20970986017063292,0.08778442425976743,0.05451869001507553,-0.11567000000000001,0.05111,0.024210000000000002,0.00014507085141488962,0.0,0.00027582845420483205,4.37371242747775e-05,0.0,0.0001324352370948164
130,1.3004839001223445,step,0.4498085073869152,0.00846318864233341,3.7842998281121254,10.014300001785159,124371.0,124371.0,0.0,0.0,8.77,0.0002,1e-05,100.0,0.01,-0.03425608581376555,0.0,0.21840134155851734,-0.034444893789455214,0.0,0.2179930778672177,0.0,0.0,0.0,-0.05153649059991793,0.0,-0.1684975356795487,0.031269332931014575,0.0,0.12466907578326672,-0.01408139150255971,0.0,-0.028036344566432402,0.5433736829056368,-2.2950508187383956,-1.888319867833211,-0.20977116314563649,0.08771478706005453,0.05449085184745998,-0.11298000000000001,0.04304,0.03228,0.00013601027611232245,0.0,0.00029302217410322325,5.2797699577344665e-05,0.0,0.0001152415171964252
131,1.3104753999505192,step,0.4498085073869152,0.008985214105758178,3.9135999977588654,9.99149982817471,124371.0,124371.0,0.0,0.0,8.77,0.0002,1e-05,100.0,0.01,-0.03425608581376555,0.0,0.21840134155851734,-0.034444893789455214,0.0,0.2179930778672177,0.0,0.0,0.0,-0.05208431922294992,0.0,-0.16967778426862395,0.03178757461839038,0.0,0.12590556909500306,-0.014342669951664734,0.0,-0.028448945141855034,0.5433736829056368,-2.2950508187383956,-1.888319867833211,-0.20983176592933503,0.08764378706780322,0.05446092574917859,-0.11567000000000001,0.05111,0.03228,0.0001286663046755786,0.0,0.00030699001846567906,6.0141671014088524e-05,0.0,0.0001012736728339694
132,1.3204765999689698,step,0.5861088777275317,0.019457266965922204,3.7757998798042536,10.001200018450618,124371.0,124371.0,0.0,0.0,8.77,0.0002,1e-05,100.0,0.01,-0.03434834891937441,0.0,0.21857118054374852,-0.034444893789455214,0.0,0.2179930778672177,0.0,0.0,0.0,-0.04243126509858949,0.0,-0.18963771581523137,0.031908628416111265,0.0,0.12787475087892172,-0.011498046392704898,0.0,-0.03203938413761027,0.5433736829056368,-2.2950508187383956,-1.8867858870453256,-0.20961315979723932,0.0874968346372355,0.05385267807133735,-0.11567000000000001,0.04573,0.0269,3.0054939806673788e-05,0.0,0.0004889036205252678,6.648993027412925e-05,0.0,8.919905600556052e-05
133,1.3304880000650883,step,0.5861088777275317,0.01772172514888477,3.755000187084079,10.01140009611845,124371.0,124371.0,0.0,0.0,8.77,0.0002,1e-05,100.0,0.01,-0.03434834891937441,0.0,0.21857118054374852,-0.034444893789455214,0.0,0.2179930778672177,0.0,0.0,0.0,-0.042552141375923315,0.0,-0.19160722438140798,0.03208163405753539,0.0,0.12974962106384688,-0.011612282903733106,0.0,-0.03261889729938125,0.5433736829056368,-2.2950508187383956,-1.8867858870453256,-0.20965819101212035,0.08741264518487477,0.053795350114101505,-0.11836,0.04304,0.02959,4.2953859928242756e-05,0.0,0.00046549297840227263,5.359101015256028e-05,0.0,0.00011260969812855573
134,1.3404733000788838,step,0.4498085073869152,0.00787537062892155,3.8374001160264015,9.985300013795495,124371.0,124371.0,0.0,0.0,8.77,0.0002,1e-05,100.0,0.01,-0.03425608581376555,0.0,0.21840134155851734,-0.034444893789455214,0.0,0.2179930778672177,0.0,0.0,0.0,-0.052896442826806646,0.0,-0.17475865633704218,0.03267206711397744,0.0,0.13085721057318703,-0.014890534047673905,0.0,-0.029974374840867703,0.5433736829056368,-2.2950508187383956,-1.888319867833211,-0.20998938267621362,0.08740710893923252,0.05432510238324018,-0.11836,0.05111,0.0269,0.0001465941558859238,0.0,0.00027499501834846917,4.221381980374332e-05,0.0,0.0001332686729511793
135,1.3505065001081675,step,0.5861088777275317,0.01743374041070385,3.676400054246187,10.033200029283762,124371.0,124371.0,0.0,0.0,8.77,0.0002,1e-05,100.0,0.01,-0.03434834891937441,0.0,0.21857118054374852,-0.034444893789455214,0.0,0.2179930778672177,0.0,0.0,0.0,-0.04331575761419025,0.0,-0.19458935725835746,0.03285511994919257,0.0,0.1327156574271964,-0.01200044929838691,0.0,-0.033624564895062076,0.5433736829056368,-2.2950508187383956,-1.8867858870453256,-0.20976654813136092,0.08725478634817689,0.05370727219820665,-0.11836,0.05111,0.03228,4.544918802114649e-05,0.0,0.0004614236124554769,5.109568205965655e-05,0.0,0.00011667906407535148
136,1.360449500149116,step,0.4498085073869152,0.0077660923073492125,3.7895001005381346,9.943000040948391,124371.0,124371.0,0.0,0.0,8.77,0.0002,1e-05,100.0,0.01,-0.03425608581376555,0.0,0.21840134155851734,-0.034444893789455214,0.0,0.2179930778672177,0.0,0.0,0.0,-0.05366992873524191,0.0,-0.17772469267043217,0.033454547958114346,0.0,0.13380842487596087,-0.01533184591131061,0.0,-0.03093785233904558,0.5433736829056368,-2.2950508187383956,-1.888319867833211,-0.2101040744212078,0.08725173768579216,0.05424505343705459,-0.11567000000000001,0.04573,0.02152,0.00014882984475739664,0.0,0.0002713193366591182,3.997813093227048e-05,0.0,0.00013694435464053028
137,1.3703801999799907,step,0.5861088777275317,0.017202636690787584,4.280799999833107,9.9306998308748,124371.0,124371.0,0.0,0.0,8.77,0.0002,1e-05,100.0,0.01,-0.03434834891937441,0.0,0.21857118054374852,-0.034444893789455214,0.0,0.2179930778672177,0.0,0.0,0.0,-0.04409823846235244,0.0,-0.19754057155449797,0.03364561727490402,0.0,0.13565355198441448,-0.012399432475403564,0.0,-0.03463630479099291,0.5433736829056368,-2.2950508187383956,-1.8867858870453256,-0.20987690733003217,0.08709544973499675,0.053619171360170005,-0.11567000000000001,0.04573,0.02959,4.7440249117893347e-05,0.0,0.0004581232149145723,4.910462096290969e-05,0.0,0.00011997946161625605
138,1.3804957999382168,step,0.5861088777275317,0.015910589799009098,3.8437999319285154,10.115599958226085,124371.0,124371.0,0.0,0.0,8.77,0.0002,1e-05,100.0,0.01,-0.03434834891937441,0.0,0.21857118054374852,-0.034444893789455214,0.0,0.2179930778672177,0.0,0.0,0.0,-0.04428913026604037,0.0,-0.1993860254313996,0.033878491884429374,0.0,0.13742224781684767,-0.012540759462184126,0.0,-0.035218895814034874,0.5433736829056368,-2.2950508187383956,-1.8867858870453256,-0.20992639051266057,0.08700917338122423,0.05356312957514442,-0.11567000000000001,0.0538,0.02959,5.7820371683555094e-05,0.0,0.0004391489936789598,3.872449839724794e-05,0.0,0.00013895368285186857
139,1.3905086000449955,step,0.22490431984615583,0.0005160207487435494,3.962600138038397,10.01280010677874,124371.0,124371.0,0.0,0.0,8.77,0.0002,1e-05,100.0,0.01,-0.034350646368805776,0.0,0.21819728211983352,-0.034444893789455214,0.0,0.2179930778672177,0.0,0.0,0.0,-0.04426872880164783,0.0,-0.15993530377073953,0.03413669348295581,0.0,0.13761342253776926,-0.012926379599934918,0.0,-0.02848250805839646,0.5433736829056368,-2.2965847995262814,-1.888319867833211,-0.2093506213344041,0.08823269732619891,0.054211525310177575,-0.11836,0.05111,0.02959,6.410916762677216e-05,0.0,4.746698819646752e-05,3.013825302266543e-05,0.0,0.000156737264419363
140,1.4004967000801116,step,0.5861088777275317,0.019221659108394268,4.2801001109182835,9.988100035116076,124371.0,124371.0,0.0,0.0,8.77,0.0002,1e-05,100.0,0.01,-0.03434834891937441,0.0,0.21857118054374852,-0.034444893789455214,0.0,0.2179930778672177,0.0,0.0,0.0,-0.04478020207582246,0.0,-0.20134517658195036,0.03443423117719727,0.0,0.13955151384850034,-0.012864618248061255,0.0,-0.03607998150900849,0.5433736829056368,-2.2950508187383956,-1.8867858870453256,-0.21001781701227745,0.08687453586090443,0.053487203720371995,-0.11567000000000001,0.04304,0.02959,7.387635240662405e-05,0.0,0.00048121337040270967,2.266851767417899e-05,0.0,9.688930612811869e-05
141,1.4104613000527024,step,0.5861088777275317,0.017529176828289496,3.9421000983566046,9.964599972590804,124371.0,124371.0,0.0,0.0,8.77,0.0002,1e-05,100.0,0.01,-0.03434834891937441,0.0,0.21857118054374852,-0.034444893789455214,0.0,0.2179930778672177,0.0,0.0,0.0,-0.045077744203378955,0.0,-0.20328398730991,0.03475415679969614,0.0,0.14139645541879448,-0.013039589513742776,0.0,-0.036687177745149194,0.5433736829056368,-2.2950508187383956,-1.8867858870453256,-0.21007379244107036,0.08678290215520015,0.05343045728349012,-0.11567000000000001,0.04304,0.02959,7.943547634232609e-05,0.0,0.0004580871369894561,1.710939373847695e-05,0.0,0.00012001553954137225
142,1.4204625999554992,step,0.4498085073869152,0.008349930779713341,3.855499904602766,10.001299902796745,124371.0,124371.0,0.0,0.0,8.77,0.0002,1e-05,100.0,0.01,-0.03425608581376555,0.0,0.21840134155851734,-0.034444893789455214,0.0,0.2179930778672177,0.0,0.0,0.0,-0.055568965634700304,0.0,-0.18640549067859785,0.03546527262994516,0.0,0.14247554829186554,-0.01656501596135963,0.0,-0.03388329025316154,0.5433736829056368,-2.2950508187383956,-1.888319867833211,-0.21043627122538777,0.08678391377409261,0.05399335214938182,-0.11567000000000001,0.048420000000000005,0.0269,0.00017656623896079962,0.0,0.00026793296110541826,1.2241736728867494e-05,0.0,0.0001403307301942302
143,1.4300319999456406,step,0.5861088777275317,0.01716406911308547,4.334100056439638,9.569399990141392,124371.0,124371.0,0.0,0.0,8.77,0.0002,1e-05,100.0,0.01,-0.03434834891937441,0.0,0.21857118054374852,-0.034444893789455214,0.0,0.2179930778672177,0.0,0.0,0.0,-0.0461089631841534,0.0,-0.20620769496428723,0.03574592481674692,0.0,0.1443070261083289,-0.013530672048798466,0.0,-0.037729486227075615,0.5433736829056368,-2.2950508187383956,-1.8867858870453256,-0.21020021879684084,0.08661379534759253,0.0533445021529187,-0.11567000000000001,0.04573,0.024210000000000002,6.968469714378152e-05,0.0,0.00045474784436992096,2.686017293702151e-05,0.0,0.0001233548321609074
144,1.440154599957168,step,0.5861088777275317,0.015863764884537012,4.210500046610832,10.122600011527538,124371.0,124371.0,0.0,0.0,8.77,0.0002,1e-05,100.0,0.01,-0.03434834891937441,0.0,0.21857118054374852,-0.034444893789455214,0.0,0.2179930778672177,0.0,0.0,0.0,-0.046389437847964766,0.0,-0.20803949954920853,0.03604907509073699,0.0,0.14606232470602468,-0.013706739635620956,0.0,-0.03833467328372936,0.5433736829056368,-2.2950508187383956,-1.8867858870453256,-0.21025627549658005,0.08652236112591881,0.05328804410705346,-0.12105,0.04573,0.02152,7.527113458388634e-05,0.0,0.00043583439738666704,2.127373549691669e-05,0.0,0.00014226827914416132
145,1.4504335999954492,step,0.4498085073869152,0.007458438420661554,4.037200007587671,10.279000038281083,124371.0,124371.0,0.0,0.0,8.77,0.0002,1e-05,100.0,0.01,-0.03425608581376555,0.0,0.21840134155851734,-0.034444893789455214,0.0,0.2179930778672177,0.0,0.0,0.0,-0.05686388391823724,0.0,-0.19107135992572305,0.03674375731131991,0.0,0.14706691328677424,-0.01730736868000887,0.0,-0.03546462153888195,0.5433736829056368,-2.2950508187383956,-1.888319867833211,-0.21062737826391226,0.08652779304346228,0.053863056326479794,-0.11567000000000001,0.05111,0.03228,0.00017248766805098267,0.0,0.00024943655747909865,1.6320307638684444e-05,0.0,0.0001588271338205498
146,1.4600714999251068,step,0.3415600384097703,0.0037630935613585537,4.245700081810355,9.637899929657578,124371.0,124371.0,0.0,0.0,8.77,0.0002,1e-05,100.0,0.01,-0.03449978290077134,0.0,0.21833019868428097,-0.034444893789455214,0.0,0.2179930778672177,0.0,0.0,0.0,-0.03069301936947528,0.0,-0.1842326685330979,0.036395262008278126,0.0,0.14786140224866573,-0.009107634187622149,0.0,-0.03452588611773761,0.5418397021177512,-2.2950508187383956,-1.888319867833211,-0.20823189156000774,0.08745421895493381,0.05348859934155073,-0.11836,0.048420000000000005,0.0269,-8.653066430456099e-05,0.0,0.0001972699690786624,3.164155298843559e-05,0.0,0.00013985084798461206
147,1.4704722000751644,step,0.4498085073869152,0.010235055811104043,3.921800060197711,10.400700150057673,124371.0,124371.0,0.0,0.0,8.77,0.0002,1e-05,100.0,0.01,-0.03425608581376555,0.0,0.21840134155851734,-0.034444893789455214,0.0,0.2179930778672177,0.0,0.0,0.0,-0.05720977947907239,0.0,-0.19286997381480878,0.03717202963115012,0.0,0.14906296341068326,-0.017650573370579212,0.0,-0.03629382358955952,0.5433736829056368,-2.2950508187383956,-1.888319867833211,-0.2107202695908701,0.08639633529050107,0.053791958762719985,-0.11836,0.04573,0.02959,0.00019287029722398475,0.0,0.0002983459294998255,-4.0623215343176336e-06,0.0,0.00010991776179982294
148,1.4804792001377791,step,0.4498085073869152,0.010229349867150413,3.944199997931719,10.00700006261468,124371.0,124371.0,0.0,0.0,8.77,0.0002,1e-05,100.0,0.01,-0.03425608581376555,0.0,0.21840134155851734,-0.034444893789455214,0.0,0.2179930778672177,0.0,0.0,0.0,-0.05798701599307137,0.0,-0.1940716718961035,0.03787638614115664,0.0,0.15030789230991448,-0.018018043358051947,0.0,-0.03676672805139275,0.5433736829056368,-2.2950508187383956,-1.888319867833211,-0.21080053577422087,0.08631075926811656,0.05376175476706039,-0.11567000000000001,0.05111,0.02959,0.0001748911319343016,0.0,0.000309114803755073,1.391684375536551e-05,0.0,9.914888754457545e-05
149,1.4904583999887109,step,0.4498085073869152,0.010250315385381806,3.935599932447076,9.979199850931764,124371.0,124371.0,0.0,0.0,8.77,0.0002,1e-05,100.0,0.01,-0.03425608581376555,0.0,0.21840134155851734,-0.034444893789455214,0.0,0.2179930778672177,0.0,0.0,0.0,-0.058691372503124,0.0,-0.19531660082421046,0.038519643436655274,0.0,0.15158709927094235,-0.018364508527872914,0.0,-0.03725059792333122,0.5433736829056368,-2.2950508187383956,-1.888319867833211,-0.21087797148081822,0.08622502204072836,0.05372907206805435,-0.12105,0.048420000000000005,0.02959,0.0001597205886281448,0.0,0.00031762669498246817,2.9087387061522307e-05,0.0,9.063699631718029e-05
150,1.50047089997679,step,0.4498085073869152,0.010276318526183693,3.8044999819248915,10.012499988079071,124371.0,124371.0,0.0,0.0,8.77,0.0002,1e-05,100.0,0.01,-0.03425608581376555,0.0,0.21840134155851734,-0.034444893789455214,0.0,0.2179930778672177,0.0,0.0,0.0,-0.0593346297712891,0.0,-0.19659580780057567,0.03911190831319308,0.0,0.1528926893352754,-0.01869414999636548,0.0,-0.03774534975652926,0.5433736829056368,-2.2950508187383956,-1.888319867833211,-0.21095323723563816,0.08613887653840567,0.05369417173436469,-0.11567000000000001,0.04304,0.024210000000000002,0.00014705947102369203,0.0,0.00032417823821829844,4.174850466597509e-05,0.0,8.408545308135002e-05
151,1.5104334000498056,step,0.5861088777275317,0.020414967656044187,3.8328999653458595,9.96250007301569,124371.0,124371.0,0.0,0.0,8.77,0.0002,1e-05,100.0,0.01,-0.03434834891937441,0.0,0.21857118054374852,-0.034444893789455214,0.0,0.2179930778672177,0.0,0.0,0.0,-0.04975559882651259,0.0,-0.21662483608642094,0.039288529461955386,0.0,0.15490563283875908,-0.015449484529619114,0.0,-0.04185772326542992,0.5433736829056368,-2.2950508187383956,-1.8867858870453256,-0.21069678353397492,0.08594564187562738,0.05300248875849429,-0.11567000000000001,0.05111,0.024210000000000002,4.385513861331072e-05,0.0,0.0004998150956703692,5.268973146749231e-05,0.0,7.828758086045914e-05
152,1.5204396001063287,step,0.3415600384097703,0.005048822130104082,3.846999956294894,10.006200056523085,124371.0,124371.0,0.0,0.0,8.77,0.0002,1e-05,100.0,0.01,-0.03449978290077134,0.0,0.21833019868428097,-0.034444893789455214,0.0,0.2179930778672177,0.0,0.0,0.0,-0.033237613957929485,0.0,-0.19207171496806483,0.03888800520383079,0.0,0.15582724926063338,-0.010300802713331546,0.0,-0.03747814813692332,0.5418397021177512,-2.2950508187383956,-1.888319867833211,-0.2085586822970086,0.08698792182259149,0.053234209114112606,-0.11298000000000001,0.04573,0.03228,-9.945057496523691e-05,0.0,0.00022883828181086564,4.456146364911152e-05,0.0,0.00010828253525240882
153,1.5305234999395907,step,0.4498085073869152,0.011077248627684253,4.8917001113295555,10.083899833261967,124371.0,124371.0,0.0,0.0,8.77,0.0002,1e-05,100.0,0.01,-0.03425608581376555,0.0,0.21840134155851734,-0.034444893789455214,0.0,0.2179930778672177,0.0,0.0,0.0,-0.0597025226390641,0.0,-0.20083582090626917,0.03961986890321659,0.0,0.15712335461618102,-0.01917375775991721,0.0,-0.03933564449804791,0.5433736829056368,-2.2950508187383956,-1.888319867833211,-0.21110300836269075,0.08589778728629023,0.053547058492973226,-0.11567000000000001,0.04304,0.024210000000000002,0.00018172275267966108,0.0,0.0003218247238804647,7.085223010006042e-06,0.0,8.643896741918376e-05
154,1.540452100103721,step,0.4498085073869152,0.01081861620405838,4.827599972486496,9.92860016413033,124371.0,124371.0,0.0,0.0,8.77,0.0002,1e-05,100.0,0.01,-0.03425608581376555,0.0,0.21840134155851734,-0.034444893789455214,0.0,0.2179930778672177,0.0,0.0,0.0,-0.060434855245046486,0.0,-0.2021320631439066,0.04028579810115887,0.0,0.15843496358633025,-0.0195399297597498,0.0,-0.03984483783738012,0.5433736829056368,-2.2950508187383956,-1.888319867833211,-0.21118474687549516,0.08580746575920621,0.05351276016808873,-0.11836,0.05111,0.0269,0.00016535134259951212,0.0,0.00032567471864859725,2.3456633090154994e-05,0.0,8.25889726510512e-05
155,1.550392400007695,step,0.4498085073869152,0.010606346681675226,3.910199971869588,9.940299903973937,124371.0,124371.0,0.0,0.0,8.77,0.0002,1e-05,100.0,0.01,-0.03425608581376555,0.0,0.21840134155851734,-0.034444893789455214,0.0,0.2179930778672177,0.0,0.0,0.0,-0.06110078444593319,0.0,-0.2034436721304616,0.04089646722130716,0.0,0.1597572354332193,-0.01988672195780631,0.0,-0.04036096939506865,0.5433736829056368,-2.2950508187383956,-1.888319867833211,-0.2112637268466218,0.08571741822001311,0.05347652671231509,-0.11567000000000001,0.040350000000000004,0.02959,0.00015163035209279685,0.0,0.0003283227186229611,3.717762359687027e-05,0.0,7.994097267668737e-05
156,1.5604224000126123,step,0.4498085073869152,0.010424551938681567,3.9858000818639994,10.030000004917383,124371.0,124371.0,0.0,0.0,8.77,0.0002,1e-05,100.0,0.01,-0.03425608581376555,0.0,0.21840134155851734,-0.034444893789455214,0.0,0.2179930778672177,0.0,0.0,0.0,-0.06171145354136077,0.0,-0.2047659439821229,0.04146137692367365,0.0,0.16108608163469185,-0.020218548576270146,0.0,-0.040885158902727904,0.5433736829056368,-2.2950508187383956,-1.888319867833211,-0.2113407014962992,0.085627223207993,0.05343850007656939,-0.11567000000000001,0.04304,0.03228,0.0001402683490434608,0.0,0.00032995549913975784,4.853962664620631e-05,0.0,7.830819215989062e-05
157,1.5704248000402004,step,0.5861088777275317,0.020515530596208136,3.910199971869588,10.00240002758801,124371.0,124371.0,0.0,0.0,8.77,0.0002,1e-05,100.0,0.01,-0.03434834891937441,0.0,0.21857118054374852,-0.034444893789455214,0.0,0.2179930778672177,0.0,0.0,0.0,-0.052105067424753994,0.0,-0.22481822839624502,0.04161530726548934,0.0,0.16310585675639727,-0.01683159793661541,0.0,-0.04516399825378075,0.5433736829056368,-2.2950508187383956,-1.8867858870453256,-0.21106987833196897,0.08542009786731722,0.052719284274390564,-0.11567000000000001,0.05111,0.02959,3.8221287244439245e-05,0.0,0.0005015151930755037,5.832358283636379e-05,0.0,7.658748345532463e-05
158,1.5804419999476522,step,0.527821034684529,0.015985760615796166,3.9331000298261642,10.017199907451868,124371.0,124371.0,0.0,0.0,8.77,0.0002,1e-05,100.0,0.01,-0.0345923064274664,0.0,0.21849989593991245,-0.034444893789455214,0.0,0.2179930778672177,0.0,0.0,0.0,-0.025364386536600513,0.0,-0.21897975250321777,0.040821544590266864,0.0,0.1647080894008888,-0.007753338055856182,0.0,-0.04439938395926684,0.5418397021177512,-2.2950508187383956,-1.8867858870453256,-0.20854379722047262,0.08637810798755831,0.052275008963695226,-0.11567000000000001,0.04304,0.03228,-0.00019709342377118296,0.0,0.00039783870851861934,4.9680785759997865e-05,0.0,0.00010897936417613975
159,1.5904932001139969,step,0.527821034684529,0.013641359495558319,4.336100071668625,10.051200166344643,124371.0,124371.0,0.0,0.0,8.77,0.0002,1e-05,100.0,0.01,-0.0345923064274664,0.0,0.21849989593991245,-0.034444893789455214,0.0,0.2179930778672177,0.0,0.0,0.0,-0.024570154504403138,0.0,-0.2205818479644623,0.040247322566830834,0.0,0.16625682588371918,-0.0075181590084944135,0.0,-0.04501330456848648,0.5418397021177512,-2.2950508187383956,-1.8867858870453256,-0.20853500775356215,0.0863108679923139,0.05219290026300531,-0.11836,0.048420000000000005,0.02959,-0.0001425809994398473,0.0,0.0003845557756032462,-4.8316385713377975e-06,0.0,0.0001222622970915129
160,1.6004608001094311,step,0.4498085073869152,0.010787103779683817,4.193499917164445,9.967599995434284,124371.0,124371.0,0.0,0.0,8.77,0.0002,1e-05,100.0,0.01,-0.03425608581376555,0.0,0.21840134155851734,-0.034444893789455214,0.0,0.2179930778672177,0.0,0.0,0.0,-0.06106166204862171,0.0,-0.21126572398246904,0.04121490312745429,0.0,0.1673619231499045,-0.02047989438461829,0.0,-0.043277093279674154,0.5433736829056368,-2.2950508187383956,-1.888319867833211,-0.21149287121761207,0.08529300969095399,0.05318952189495284,-0.11567000000000001,0.048420000000000005,0.024210000000000002,0.00024025324404833471,0.0,0.00027439906711115934,-5.14452683586676e-05,0.0,0.00013386462418848912
161,1.6105097001418471,step,0.4498085073869152,0.010213689479913614,3.886100137606263,10.048900032415986,124371.0,124371.0,0.0,0.0,8.77,0.0002,1e-05,100.0,0.01,-0.03425608581376555,0.0,0.21840134155851734,-0.034444893789455214,0.0,0.2179930778672177,0.0,0.0,0.0,-0.06202988956242592,0.0,-0.21237063161476527,0.04207235142553334,0.0,0.1685054034643178,-0.020945462248427613,0.0,-0.04377362922202427,0.5433736829056368,-2.2950508187383956,-1.888319867833211,-0.21158981838490687,0.08519823404027553,0.05316261110745701,-0.11836,0.05111,0.024210000000000002,0.00021290720360607102,0.0,0.0002839298843624105,-2.4099227916403904e-05,0.0,0.00012433380693723797
162,1.6205152999609709,step,0.5861088777275317,0.018113971874315175,5.537200020626187,10.005599819123745,124371.0,124371.0,0.0,0.0,8.77,0.0002,1e-05,100.0,0.01,-0.03434834891937441,0.0,0.21857118054374852,-0.034444893789455214,0.0,0.2179930778672177,0.0,0.0,0.0,-0.05271604205749679,0.0,-0.2322375501429383,0.04246214907814465,0.0,0.1703684374007256,-0.017547903961549937,0.0,-0.048148185044161955,0.5433736829056368,-2.2950508187383956,-1.8867858870453256,-0.21132213410751163,0.08497863843326463,0.05243176630802061,-0.12105,0.048420000000000005,0.024210000000000002,9.678808407253205e-05,0.0,0.0004625976684544728,-2.4321399172901764e-07,0.0,0.00011550500807635557
163,1.6304580001160502,step,0.4498085073869152,0.00858905622967084,3.849599976092577,9.942700155079365,124371.0,124371.0,0.0,0.0,8.77,0.0002,1e-05,100.0,0.01,-0.03425608581376555,0.0,0.21840134155851734,-0.034444893789455214,0.0,0.2179930778672177,0.0,0.0,0.0,-0.06327695795669895,0.0,-0.21537747264601917,0.04321622896673582,0.0,0.17144044177349446,-0.02163701770004584,0.0,-0.04494157105761273,0.5433736829056368,-2.2950508187383956,-1.888319867833211,-0.21175373189168065,0.08500022185219333,0.05307500620232453,-0.11567000000000001,0.040350000000000004,0.02959,0.00018724070519270816,0.0,0.0002661824798190993,1.567270496958959e-06,0.0,0.00014208121148054917
164,1.6404440000187606,step,0.4498085073869152,0.008506780593332248,3.913799999281764,9.985999902710319,124371.0,124371.0,0.0,0.0,8.77,0.0002,1e-05,100.0,0.01,-0.03425608581376555,0.0,0.21840134155851734,-0.034444893789455214,0.0,0.2179930778672177,0.0,0.0,0.0,-0.06403121533867094,0.0,-0.21644915023304037,0.04389101658418306,0.0,0.17255670092725825,-0.02203595004791687,0.0,-0.04543977973956248,0.5433736829056368,-2.2950508187383956,-1.888319867833211,-0.21184016796048394,0.08490933823360593,0.053043896759457226,-0.11836,0.05111,0.03228,0.0001675522363044398,0.0,0.000277171235322863,2.1255739385227305e-05,0.0,0.00013109245597678543
165,1.6504774000495672,step,0.5861088777275317,0.01722203421819451,5.245800130069256,10.03340003080666,124371.0,124371.0,0.0,0.0,8.77,0.0002,1e-05,100.0,0.01,-0.03434834891937441,0.0,0.21857118054374852,-0.034444893789455214,0.0,0.2179930778672177,0.0,0.0,0.0,-0.054534707134425583,0.0,-0.23628884759370078,0.04412595441470513,0.0,0.17439769026056426,-0.018509358025689426,0.0,-0.0498892292838764,0.5433736829056368,-2.2950508187383956,-1.8867858870453256,-0.2115557682663933,0.08468742673144863,0.0522966675775539,-0.11836,0.04573,0.03228,5.833594970371826e-05,0.0,0.00045712459723565475,3.820892037708478e-05,0.0,0.00012097807929517361
166,1.6600365000776947,step,0.4498085073869152,0.007507445466379713,4.266000119969249,9.559100028127432,124371.0,124371.0,0.0,0.0,8.77,0.0002,1e-05,100.0,0.01,-0.03425608581376555,0.0,0.21840134155851734,-0.034444893789455214,0.0,0.2179930778672177,0.0,0.0,0.0,-0.06494076322397371,0.0,-0.21940672549599402,0.04475008437170911,0.0,0.1754521868269472,-0.02261643637413687,0.0,-0.046610631332032464,0.5433736829056368,-2.2950508187383956,-1.888319867833211,-0.21198656702819033,0.08471779717447986,0.05294928001097072,-0.11836,0.048420000000000005,0.02959,0.00015497388597044564,0.0,0.0002618355821587515,3.3834089719221474e-05,0.0,0.00014642810914089694
167,1.6700598001480103,step,0.4498085073869152,0.007687228756341808,4.265299998223782,10.0233000703156,124371.0,124371.0,0.0,0.0,8.77,0.0002,1e-05,100.0,0.01,-0.03425608581376555,0.0,0.21840134155851734,-0.034444893789455214,0.0,0.2179930778672177,0.0,0.0,0.0,-0.06556507068550269,0.0,-0.22046089527865825,0.04531710866283236,0.0,0.1765548837267896,-0.02297670110794223,0.0,-0.047115894367317605,0.5433736829056368,-2.2950508187383956,-1.888319867833211,-0.2120671850680169,0.08462836304392554,0.052915060858186445,-0.11567000000000001,0.05111,0.0269,0.00014079437975021635,0.0,0.00027380401244935876,4.801359593945077e-05,0.0,0.0001344596788502897
168,1.6804307999555022,step,0.3739054822812619,0.005320445110858045,4.301000153645873,10.370999807491899,124371.0,124371.0,0.0,0.0,8.77,0.0002,1e-05,100.0,0.01,-0.034443169895500836,0.0,0.218366979375465,-0.034444893789455214,0.0,0.2179930778672177,0.0,0.0,0.0,-0.045507517869810284,0.0,-0.2177754265201103,0.04507994280877787,0.0,0.17755880027547577,-0.015700660134205336,0.0,-0.046851805227537076,0.5433736829056368,-2.2965847995262814,-1.8867858870453256,-0.21071167586724898,0.08577042079676081,0.05230623801520405,-0.11836,0.05111,0.024210000000000002,-5.8889241587435845e-05,0.0,0.0002492765428012309,6.061313554181373e-05,0.0,0.0001246249654460843
169,1.6904947001021355,step,0.5861088777275317,0.018184545063527974,3.9097999688237906,10.063900146633387,124371.0,124371.0,0.0,0.0,8.77,0.0002,1e-05,100.0,0.01,-0.03434834891937441,0.0,0.21857118054374852,-0.034444893789455214,0.0,0.2179930778672177,0.0,0.0,0.0,-0.055723273349053914,0.0,-0.24129088084269856,0.04533173743026759,0.0,0.17944917863533585,-0.01937210096266115,0.0,-0.052180376875723376,0.5433736829056368,-2.2950508187383956,-1.8867858870453256,-0.21179919671183683,0.08432912398458456,0.052094708531514725,-0.11567000000000001,0.04573,0.024210000000000002,6.252164268349654e-05,0.0,0.0004693887409211796,3.402322739730649e-05,0.0,0.00010871393560964876
170,1.7004525000229478,step,0.5861088777275317,0.016263438276413213,4.100800026208162,9.95779992081225,124371.0,124371.0,0.0,0.0,8.77,0.0002,1e-05,100.0,0.01,-0.03434834891937441,0.0,0.21857118054374852,-0.034444893789455214,0.0,0.2179930778672177,0.0,0.0,0.0,-0.055975250423669375,0.0,-0.24318165209799478,0.04559862503475877,0.0,0.1812328479947306,-0.019570078695996664,0.0,-0.05290002208776006,0.5433736829056368,-2.2950508187383956,-1.8867858870453256,-0.21186404363096725,0.08422110211517701,0.05202688860337209,-0.11567000000000001,0.048420000000000005,0.0269,6.626931078309892e-05,0.0,0.0004428925777102792,3.0275559297704115e-05,0.0,0.00013521009882054916
171,1.7104742000810802,step,0.5861088777275317,0.014764557484812554,4.729400156065822,10.02170005813241,124371.0,124371.0,0.0,0.0,8.77,0.0002,1e-05,100.0,0.01,-0.03434834891937441,0.0,0.21857118054374852,-0.034444893789455214,0.0,0.2179930778672177,0.0,0.0,0.0,-0.05624213804753587,0.0,-0.24496532143683528,0.04587796190305913,0.0,0.1829284001149643,-0.019775939507614915,0.0,-0.05360285233994472,0.5433736829056368,-2.2950508187383956,-1.8867858870453256,-0.2119293651750405,0.08411482974303494,0.051961404633638124,-0.12105,0.04304,0.02152,6.936053242887787e-05,0.0,0.0004210128026991015,2.7184337651925167e-05,0.0,0.00015708987383172688
172,1.7202322001103312,step,0.5861088777275317,0.013603427718201595,4.10089991055429,9.75800002925098,124371.0,124371.0,0.0,0.0,8.77,0.0002,1e-05,100.0,0.01,-0.03434834891937441,0.0,0.21857118054374852,-0.034444893789455214,0.0,0.2179930778672177,0.0,0.0,0.0,-0.05652147492140735,0.0,-0.24666087351764562,0.04616741390876432,0.0,0.18455225825400934,-0.019984965704309826,0.0,-0.05428237365137599,0.5433736829056368,-2.2950508187383956,-1.8867858870453256,-0.21199410990973636,0.08401146312841175,0.05189869257044853,-0.11567000000000001,0.04573,0.024210000000000002,7.187218028717113e-05,0.0,0.0004032109732523498,2.4672689793631906e-05,0.0,0.00017489170327847857
173,1.730433200020343,step,0.5861088777275317,0.012713371008602556,3.9072998333722353,10.200999910011888,124371.0,124371.0,0.0,0.0,8.77,0.0002,1e-05,100.0,0.01,-0.03434834891937441,0.0,0.21857118054374852,-0.034444893789455214,0.0,0.2179930778672177,0.0,0.0,0.0,-0.056810926931638056,0.0,-0.2482847316246143,0.04646493364904015,0.0,0.18611883621826428,-0.02020447872727526,0.0,-0.054964195411084625,0.5433736829056368,-2.2950508187383956,-1.8867858870453256,-0.21206062941824655,0.08390714109100883,0.0518363555526271,-0.11836,0.0538,0.0269,7.387544866228668e-05,0.0,0.0003889881386239803,2.2669421418516358e-05,0.0,0.00018911453790684807
174,1.740066200029105,step,0.5861088777275317,0.012041756774290932,4.167299950495362,9.633000008761883,124371.0,124371.0,0.0,0.0,8.77,0.0002,1e-05,100.0,0.01,-0.03434834891937441,0.0,0.21857118054374852,-0.034444893789455214,0.0,0.2179930778672177,0.0,0.0,0.0,-0.05710844667552359,0.0,-0.24985130956324098,0.04676873751862551,0.0,0.18764069804346112,-0.020421905768756445,0.0,-0.05561923493902034,0.5433736829056368,-2.2950508187383956,-1.8867858870453256,-0.21212557579499708,0.08380651214785657,0.05177685975295455,-0.12105,0.048420000000000005,0.024210000000000002,7.543583936269782e-05,0.0,0.0003778849964434461,2.1109030718105215e-05,0.0,0.00020021768008738228
175,1.7500639001373202,step,0.4498085073869152,0.005528755751248237,7.095500128343701,9.997700108215213,124371.0,124371.0,0.0,0.0,8.77,0.0002,1e-05,100.0,0.01,-0.03425608581376555,0.0,0.21840134155851734,-0.034444893789455214,0.0,0.2179930778672177,0.0,0.0,0.0,-0.06758354634641994,0.0,-0.2326497331587213,0.04745090374302044,0.0,0.18844095055056165,-0.02479197219934848,0.0,-0.052110641729813216,0.5433736829056368,-2.2950508187383956,-1.888319867833211,-0.21258667154225505,0.08385208212972825,0.05247161969651278,-0.11836,0.04573,0.024210000000000002,0.00016938490759610788,0.0,0.00019870625680567698,1.942306809355924e-05,0.0,0.00020955743449397148
176,1.7601149000693113,step,0.4498085073869152,0.005988218817197331,5.858100019395351,10.0509999319911,124371.0,124371.0,0.0,0.0,8.77,0.0002,1e-05,100.0,0.01,-0.03425608581376555,0.0,0.21840134155851734,-0.034444893789455214,0.0,0.2179930778672177,0.0,0.0,0.0,-0.06826589008277925,0.0,-0.23344965888852015,0.0480662961806402,0.0,0.18934590332575998,-0.02519379405008155,0.0,-0.052587892671647436,0.5433736829056368,-2.2950508187383956,-1.888319867833211,-0.2126725973339147,0.08376380703055147,0.05244300371929325,-0.11836,0.048420000000000005,0.03228,0.00015280470264727476,0.0,0.0002247038333114006,3.600327304239235e-05,0.0,0.00018355985798824785
177,1.7701211001258343,step,0.4498085073869152,0.006511032167631576,4.642500076442957,10.006200056523085,124371.0,124371.0,0.0,0.0,8.77,0.0002,1e-05,100.0,0.01,-0.03425608581376555,0.0,0.21840134155851734,-0.034444893789455214,0.0,0.2179930778672177,0.0,0.0,0.0,-0.06888128250280806,0.0,-0.23435461168795033,0.04862651976775802,0.0,0.1903400660521916,-0.025571414111978743,0.0,-0.053090114179562296,0.5433736829056368,-2.2950508187383956,-1.888319867833211,-0.21275583246950722,0.08367370573793009,0.052410166507892,-0.11567000000000001,0.040350000000000004,0.02959,0.0001391060488299845,0.0,0.00024685509847849834,4.970192685968262e-05,0.0,0.00016140859282115012
178,1.7804392001125962,step,0.3739054822812619,0.004620782066910963,4.126599989831448,10.318099986761808,124371.0,124371.0,0.0,0.0,8.77,0.0002,1e-05,100.0,0.01,-0.034443169895500836,0.0,0.218366979375465,-0.034444893789455214,0.0,0.2179930778672177,0.0,0.0,0.0,-0.04881692897169414,0.0,-0.23156060879694787,0.04838422928425628,0.0,0.1912703638671524,-0.01785551885823415,0.0,-0.05278010221113423,0.5433736829056368,-2.2965847995262814,-1.8867858870453256,-0.2113293406676919,0.08484799441261155,0.05177993311243476,-0.11567000000000001,0.04573,0.02959,-6.0161829716822885e-05,0.0,0.00023099718123763467,6.188572367120077e-05,0.0,0.0001429043270096805
179,1.7902566001284868,step,0.4498085073869152,0.008642524368441538,4.081199876964092,9.817400015890598,124371.0,124371.0,0.0,0.0,8.77,0.0002,1e-05,100.0,0.01,-0.03425608581376555,0.0,0.21840134155851734,-0.034444893789455214,0.0,0.2179930778672177,0.0,0.0,0.0,-0.06919885562073858,0.0,-0.236279006191724,0.04900595481983301,0.0,0.19242879647713074,-0.02597726872674594,0.0,-0.0541361847076485,0.5433736829056368,-2.2950508187383956,-1.888319867833211,-0.21286871044036562,0.08350954070561915,0.05231884122554136,-0.11298000000000001,0.04573,0.02152,0.00015437729748524437,0.0,0.00028764412174471943,3.443067820442275e-05,0.0,0.00012061956955492902
180,1.8004701000172645,step,0.4498085073869152,0.008878188780709543,3.9339999202638865,10.213499888777733,124371.0,124371.0,0.0,0.0,8.77,0.0002,1e-05,100.0,0.01,-0.03425608581376555,0.0,0.21840134155851734,-0.034444893789455214,0.0,0.2179930778672177,0.0,0.0,0.0,-0.06982094111992604,0.0,-0.23743750494815152,0.04957380217422761,0.0,0.1936342800933835,-0.026365238279056073,0.0,-0.05471054708340255,0.5433736829056368,-2.2950508187383956,-1.888319867833211,-0.21295692707804129,0.0834092071706827,0.052278643426370563,-0.11567000000000001,0.04573,0.0269,0.00014099911289081862,0.0,0.00029932713286524957,4.7808862798848494e-05,0.0,0.00010893655843439889
181,1.8104807001072913,step,0.4498085073869152,0.009101756640666874,3.819699864834547,10.010600090026855,124371.0,124371.0,0.0,0.0,8.77,0.0002,1e-05,100.0,0.01,-0.03425608581376555,0.0,0.21840134155851734,-0.034444893789455214,0.0,0.2179930778672177,0.0,0.0,0.0,-0.07038878847512119,0.0,-0.23864298859003089,0.05009766479832191,0.0,0.19487763146477768,-0.02673115299737619,0.0,-0.055292960483478315,0.5433736829056368,-2.2950508187383956,-1.888319867833211,-0.2130420115818799,0.08330916481638664,0.05223622622010021,-0.11567000000000001,0.04304,0.02959,0.00013007751395190603,0.0,0.00030872989963593854,5.873046173776109e-05,0.0,9.953379166370991e-05
182,1.8204089000355452,step,0.5861088777275317,0.019292820579485566,4.020399879664183,9.928199928253889,124371.0,124371.0,0.0,0.0,8.77,0.0002,1e-05,100.0,0.01,-0.03434834891937441,0.0,0.21857118054374852,-0.034444893789455214,0.0,0.2179930778672177,0.0,0.0,0.0,-0.060741355281038675,0.0,-0.2586097781880776,0.05021261744978557,0.0,0.19683858950700306,-0.022764520237679144,0.0,-0.060217761426747674,0.5433736829056368,-2.2950508187383956,-1.8867858870453256,-0.212711352354175,0.08304953675521587,0.051408209340586555,-0.11567000000000001,0.04304,0.0269,2.8543277761866785e-05,0.0,0.00048691499818339306,6.800159231893625e-05,0.0,9.11876783474353e-05
183,1.8304690001532435,step,0.4498085073869152,0.008217961451425128,4.468300146982074,10.060100117698312,124371.0,124371.0,0.0,0.0,8.77,0.0002,1e-05,100.0,0.01,-0.03425608581376555,0.0,0.21840134155851734,-0.034444893789455214,0.0,0.2179930778672177,0.0,0.0,0.0,-0.07102742620537009,0.0,-0.2418476247961061,0.0507436833892405,0.0,0.1980054501426518,-0.027266115622507792,0.0,-0.056655699452135444,0.5433736829056368,-2.2950508187383956,-1.888319867833211,-0.2131900528313466,0.08309491771344356,0.05211763103615457,-0.11567000000000001,0.048420000000000005,0.024210000000000002,0.00013186615174105577,0.0,0.00028973694264604994,5.694182394861135e-05,0.0,0.00011852674865359852
184,1.8400274999439716,step,0.5861088777275317,0.01803033138963533,4.348200047388673,9.558499790728092,124371.0,124371.0,0.0,0.0,8.77,0.0002,1e-05,100.0,0.01,-0.03434834891937441,0.0,0.21857118054374852,-0.034444893789455214,0.0,0.2179930778672177,0.0,0.0,0.0,-0.06138737386289513,0.0,-0.26173759685434167,0.05086727834336364,0.0,0.19990038958853687,-0.023252407600211696,0.0,-0.06160340694696534,0.5433736829056368,-2.2950508187383956,-1.8867858870453256,-0.21285318355491945,0.08283493956624613,0.05128403294956625,-0.12105,0.04573,0.0269,3.068920617075899e-05,0.0,0.0004705223425054261,6.585566391004405e-05,0.0,0.00010758033402540225
185,1.8502927999943495,step,0.5861088777275317,0.01630558704243336,4.022100009024143,10.265300050377846,124371.0,124371.0,0.0,0.0,8.77,0.0002,1e-05,100.0,0.01,-0.03434834891937441,0.0,0.21857118054374852,-0.034444893789455214,0.0,0.2179930778672177,0.0,0.0,0.0,-0.06151079130431338,0.0,-0.26363286305781153,0.05103440114034543,0.0,0.20169849732293305,-0.023421224972307964,0.0,-0.0623975059705862,0.5433736829056368,-2.2950508187383956,-1.8867858870453256,-0.2129168427121984,0.08271881553730759,0.0512062148176949,-0.11836,0.048420000000000005,0.02959,4.1497376097652925e-05,0.0,0.0004464786029548427,5.504749398315011e-05,0.0,0.0001316240735759857
186,1.860463700024411,step,0.4498085073869152,0.006973776780445157,4.014200065284967,10.170900030061603,124371.0,124371.0,0.0,0.0,8.77,0.0002,1e-05,100.0,0.01,-0.03425608581376555,0.0,0.21840134155851734,-0.034444893789455214,0.0,0.2179930778672177,0.0,0.0,0.0,-0.07184920990698644,0.0,-0.24670753256178607,0.051612177018705796,0.0,0.20272851283621054,-0.02802272340464051,0.0,-0.05874440467985709,0.5433736829056368,-2.2950508187383956,-1.888319867833211,-0.21340689415117395,0.08277044683036451,0.051932041899395806,-0.11836,0.04573,0.02959,0.00014346447476927795,0.0,0.000255757708397095,4.534350092038917e-05,0.0,0.00015250598290255345
187,1.8704639000352472,step,0.5861088777275317,0.01600105841699438,3.858800046145916,10.000200010836124,124371.0,124371.0,0.0,0.0,8.77,0.0002,1e-05,100.0,0.01,-0.03434834891937441,0.0,0.21857118054374852,-0.034444893789455214,0.0,0.2179930778672177,0.0,0.0,0.0,-0.06225586751325743,0.0,-0.26646065948667735,0.05177734049773984,0.0,0.20450978652809182,-0.023965482009934595,0.0,-0.06375382705862183,0.5433736829056368,-2.2950508187383956,-1.8867858870453256,-0.21306628156469284,0.08250463040972975,0.051088672149421206,-0.11836,0.04573,0.0269,4.101087269602712e-05,0.0,0.00044229867911335435,5.5533997384775916e-05,0.0,0.000135803997417474
188,1.8804520999547094,step,0.4498085073869152,0.0068411628677758195,3.772699972614646,9.988199919462204,124371.0,124371.0,0.0,0.0,8.77,0.0002,1e-05,100.0,0.01,-0.03425608581376555,0.0,0.21840134155851734,-0.034444893789455214,0.0,0.2179930778672177,0.0,0.0,0.0,-0.07259214927578682,0.0,-0.2495188217368035,0.05235484747460153,0.0,0.20552699817095765,-0.028615287801121436,0.0,-0.06005254131877141,0.5433736829056368,-2.2950508187383956,-1.888319867833211,-0.21356156270933493,0.0825599040037214,0.051822959063583515,-0.11567000000000001,0.048420000000000005,0.02959,0.0001433977193730295,0.0,0.000252578471864227,4.5410256316637607e-05,0.0,0.00015568521943542146
189,1.8905003999825567,step,0.4498085073869152,0.007334513534123193,4.0444000624120235,10.04830002784729,124371.0,124371.0,0.0,0.0,8.77,0.0002,1e-05,100.0,0.01,-0.03425608581376555,0.0,0.21840134155851734,-0.034444893789455214,0.0,0.2179930778672177,0.0,0.0,0.0,-0.07316983376753305,0.0,-0.2505357066059858,0.05289473729538219,0.0,0.20661116739798516,-0.029002297704616646,0.0,-0.0606179771449858,0.5433736829056368,-2.2950508187383956,-1.888319867833211,-0.2136492139502851,0.08246081676471842,0.05178369137968635,-0.12105,0.04573,0.0269,0.00013405720691861127,0.0,0.00026920436875853195,5.475076877105585e-05,0.0,0.0001390593225411165
190,1.9004869000054896,step,0.5861088777275317,0.016796557243180306,3.7942000199109316,9.986500022932887,124371.0,124371.0,0.0,0.0,8.77,0.0002,1e-05,100.0,0.01,-0.03434834891937441,0.0,0.21857118054374852,-0.034444893789455214,0.0,0.2179930778672177,0.0,0.0,0.0,-0.06353842778526678,0.0,-0.2703433140500676,0.05303063632027392,0.0,0.2084389653746605,-0.02486134309282439,0.0,-0.06571879841252128,0.5433736829056368,-2.2950508187383956,-1.8867858870453256,-0.21329986042262725,0.08218768173539766,0.05092483077796601,-0.12105,0.040350000000000004,0.02959,3.3744374682128715e-05,0.0,0.0004538509368798637,6.280049539867432e-05,0.0,0.0001242517396509647
191,1.9103729000780731,step,0.4498085073869152,0.007128438610834478,3.815599950030446,9.886000072583556,124371.0,124371.0,0.0,0.0,8.77,0.0002,1e-05,100.0,0.01,-0.03425608581376555,0.0,0.21840134155851734,-0.034444893789455214,0.0,0.2179930778672177,0.0,0.0,0.0,-0.07384544508522817,0.0,-0.25344800060418643,0.05358631757105979,0.0,0.2094958036053785,-0.02957454173978322,0.0,-0.06196816856318503,0.5433736829056368,-2.2950508187383956,-1.888319867833211,-0.21380259886525102,0.08224593624475175,0.05166873035425906,-0.12105,0.048420000000000005,0.02959,0.00013797830409404592,0.0,0.00026241797175988147,5.0829671595621195e-05,0.0,0.00014584571953976699
192,1.9204651000909507,step,0.4498085073869152,0.007620240845104406,3.756199963390827,10.092200012877584,124371.0,124371.0,0.0,0.0,8.77,0.0002,1e-05,100.0,0.01,-0.03425608581376555,0.0,0.21840134155851734,-0.034444893789455214,0.0,0.2179930778672177,0.0,0.0,0.0,-0.0744013038542258,0.0,-0.25450451205813424,0.05411074763976851,0.0,0.21061340023079272,-0.02995918473660841,0.0,-0.06255387513561192,0.5433736829056368,-2.2950508187383956,-1.888319867833211,-0.21389081164693194,0.08214429957375903,0.0516270767120081,-0.12105,0.04304,0.024210000000000002,0.00013021849067974134,0.0,0.00027750457960686704,5.858948500992578e-05,0.0,0.00013075911169278142
193,1.9303115999791771,step,0.4498085073869152,0.008067509717452652,3.8894000463187695,9.84649988822639,124371.0,124371.0,0.0,0.0,8.77,0.0002,1e-05,100.0,0.01,-0.03425608581376555,0.0,0.21840134155851734,-0.034444893789455214,0.0,0.2179930778672177,0.0,0.0,0.0,-0.07492573392123517,0.0,-0.2556221086881227,0.05461020581468444,0.0,0.21178132333661304,-0.03032872779713522,0.0,-0.06314962013728426,0.5433736829056368,-2.2950508187383956,-1.888319867833211,-0.21397708936692203,0.08204226036422785,0.051583402614420834,-0.12105,0.04304,0.024210000000000002,0.00012401785372770282,0.0,0.0002900008933224685,6.47901219619643e-05,0.0,0.00011826279797717994
194,1.9404367001261562,step,0.5861088777275317,0.018045501643179314,3.8139999378472567,10.125100146979094,124371.0,124371.0,0.0,0.0,8.77,0.0002,1e-05,100.0,0.01,-0.03434834891937441,0.0,0.21857118054374852,-0.034444893789455214,0.0,0.2179930778672177,0.0,0.0,0.0,-0.06525389628647987,0.0,-0.27551347002616655,0.054716545681891125,0.0,0.21367810851072216,-0.026082193809448477,0.0,-0.06838048127979753,0.5433736829056368,-2.2950508187383956,-1.8867858870453256,-0.2136174271935642,0.08175789896488594,0.05070333819968447,-0.12105,0.048420000000000005,0.02959,2.6404698331002643e-05,0.0,0.00047098084318391144,7.014017174980039e-05,0.0,0.00010712183334691692
195,1.950486799934879,step,0.5861088777275317,0.01634093668677703,3.748000133782625,10.050099808722734,124371.0,124371.0,0.0,0.0,8.77,0.0002,1e-05,100.0,0.01,-0.03434834891937441,0.0,0.21857118054374852,-0.034444893789455214,0.0,0.2179930778672177,0.0,0.0,0.0,-0.06536005863511982,0.0,-0.2774105819808197,0.054878316256488674,0.0,0.21547866929105397,-0.026251105306729583,0.0,-0.06921002365484485,0.5433736829056368,-2.2950508187383956,-1.8867858870453256,-0.21368274406426535,0.0816370526248803,0.0506215998767436,-0.12105,0.040350000000000004,0.03228,4.016840939627413e-05,0.0,0.00044708787582149924,5.6376460684528906e-05,0.0,0.00013101480070932913
196,1.960428399965167,step,0.5861088777275317,0.015021270768433593,3.8162998389452696,9.9416000302881,124371.0,124371.0,0.0,0.0,8.77,0.0002,1e-05,100.0,0.01,-0.03434834891937441,0.0,0.21857118054374852,-0.034444893789455214,0.0,0.2179930778672177,0.0,0.0,0.0,-0.06552182922223321,0.0,-0.27921114274071296,0.05508685417351479,0.0,0.21719935733475776,-0.026443388410983593,0.0,-0.07001589766991628,0.5433736829056368,-2.2950508187383956,-1.8867858870453256,-0.21375068169467287,0.0815179087872047,0.05054388688222271,-0.11836,0.040350000000000004,0.02959,5.178096587866684e-05,0.0,0.00042725510137178757,4.47639042021362e-05,0.0,0.0001508475751590408
197,1.9704299001023173,step,0.4498085073869152,0.006609942277083903,3.741099964827299,10.001500137150288,124371.0,124371.0,0.0,0.0,8.77,0.0002,1e-05,100.0,0.01,-0.03425608581376555,0.0,0.21840134155851734,-0.034444893789455214,0.0,0.2179930778672177,0.0,0.0,0.0,-0.07590166295868228,0.0,-0.2622083925389758,0.05570803948127316,0.0,0.21816688912652804,-0.031344206817970094,0.0,-0.06612829669407155,0.5433736829056368,-2.2950508187383956,-1.888319867833211,-0.21427623226402207,0.08158345795075649,0.05131491098081828,-0.11836,0.04304,0.0269,0.0001542432968638063,0.0,0.00024024279312356871,3.4564678825860814e-05,0.0,0.00016802089817607974
198,1.9801974000874907,step,0.527821034684529,0.013443346482125078,4.478799877688289,9.767499985173345,124371.0,124371.0,0.0,0.0,8.77,0.0002,1e-05,100.0,0.01,-0.0345923064274664,0.0,0.21849989593991245,-0.034444893789455214,0.0,0.2179930778672177,0.0,0.0,0.0,-0.03945729629183318,0.0,-0.2740404579707288,0.05492965915720307,0.0,0.2196100780562823,-0.01550575035966698,0.0,-0.06957175728360199,0.5418397021177512,-2.2950508187383956,-1.8867858870453256,-0.21094926890158242,0.08254759409954521,0.04995607717016446,-0.11836,0.04573,0.024210000000000002,-0.00019327557813686019,0.0,0.00035835075236800596,4.586294012567509e-05,0.0,0.00014846732032675313
199,1.9904054999351501,step,0.4498085073869152,0.008600156818247892,3.86519986204803,10.208099847659469,124371.0,124371.0,0.0,0.0,8.77,0.0002,1e-05,100.0,0.01,-0.03425608581376555,0.0,0.21840134155851734,-0.034444893789455214,0.0,0.2179930778672177,0.0,0.0,0.0,-0.07574399859241392,0.0,-0.2646189760946829,0.055737224343039966,0.0,0.22064345618982906,-0.03157960160291284,0.0,-0.06741759436257977,0.5433736829056368,-2.2950508187383956,-1.888319867833211,-0.21437327467471481,0.0813974740718057,0.051186400365879875,-0.11298000000000001,0.04304,0.02959,0.00020052232283928034,0.0,0.00025659276470094134,-1.1714347149613218e-05,0.0,0.00015167092659870712
200,2.000432300148532,step,0.5861088777275317,0.016641091943009917,3.779199905693531,10.026800213381648,124371.0,124371.0,0.0,0.0,8.77,0.0002,1e-05,100.0,0.01,-0.03434834891937441,0.0,0.21857118054374852,-0.034444893789455214,0.0,0.2179930778672177,0.0,0.0,0.0,-0.0663809149079209,0.0,-0.2843756028323056,0.05609929046402615,0.0,0.2224315074882679,-0.027327372653145356,0.0,-0.07276830922648832,0.5433736829056368,-2.2950508187383956,-1.8867858870453256,-0.21401886784277896,0.08109690999861019,0.0502921122134383,-0.11836,0.04573,0.0269,8.990276192034971e-05,0.0,0.0004439817504799211,6.642108160453326e-06,0.0,0.00013412092605090729
201,2.010441000107676,step,0.4498085073869152,0.008043233088575423,4.069100134074688,10.008699959143996,124371.0,124371.0,0.0,0.0,8.77,0.0002,1e-05,100.0,0.01,-0.03425608581376555,0.0,0.21840134155851734,-0.034444893789455214,0.0,0.2179930778672177,0.0,0.0,0.0,-0.07691409933016584,0.0,-0.26744054270000883,0.05684402211838061,0.0,0.22345816312144945,-0.03239742055393386,0.0,-0.068820259923148,0.5433736829056368,-2.2950508187383956,-1.888319867833211,-0.21456810902169418,0.08116045235715133,0.051080423188120956,-0.11836,0.04304,0.02152,0.00018492045955233893,0.0,0.00025492354243286685,3.887516137328188e-06,0.0,0.0001533401488667816
202,2.020390599966049,step,0.19977116476413365,0.002368710624670343,4.020499996840954,9.949599858373404,124371.0,124371.0,0.0,0.0,8.77,0.0002,1e-05,100.0,0.01,-0.03459403032142075,0.0,0.21812599443166514,-0.034444893789455214,0.0,0.2179930778672177,0.0,0.0,0.0,-0.040403232971577184,0.0,-0.23811197448674434,0.05615600591421147,0.0,0.22343877403569767,-0.016719819735939365,0.0,-0.06175672526295675,0.5418397021177512,-2.2965847995262814,-1.888319867833211,-0.21045197067637356,0.08386539747632607,0.05078050206740213,-0.12105,0.048420000000000005,0.02959,-0.00017083774188893694,0.0,-4.814403508309487e-06,2.1701209923401715e-05,0.0,0.00013773096795575342
203,2.0304771999362856,step,0.5861088777275317,0.022316408120138416,5.688600009307265,10.08659997023642,124371.0,124371.0,0.0,0.0,8.77,0.0002,1e-05,100.0,0.01,-0.03434834891937441,0.0,0.21857118054374852,-0.034444893789455214,0.0,0.2179930778672177,0.0,0.0,0.0,-0.06679904627778738,0.0,-0.28717039093808305,0.056665872135512774,0.0,0.22548897377950353,-0.027906161624237844,0.0,-0.07458861108166834,0.5433736829056368,-2.2950508187383956,-1.8867858870453256,-0.21419530447317228,0.08081884440233153,0.050125251250660925,-0.11836,0.04304,0.02959,0.00012660224324325463,0.0,0.000509074490167455,-3.0057373162451596e-05,0.0,6.902818636337336e-05
204,2.0404994999989867,step,0.4498085073869152,0.011430835501482044,5.057099973782897,10.022300062701106,124371.0,124371.0,0.0,0.0,8.77,0.0002,1e-05,100.0,0.01,-0.03425608581376555,0.0,0.21840134155851734,-0.034444893789455214,0.0,0.2179930778672177,0.0,0.0,0.0,-0.07748068102279085,0.0,-0.27049800907187244,0.05752785644489451,0.0,0.2267312099010145,-0.03311776249787232,0.0,-0.07064954398767302,0.5433736829056368,-2.2950508187383956,-1.888319867833211,-0.2147671878435979,0.08087271824750536,0.05092136028851954,-0.12105,0.048420000000000005,0.0269,0.00021403486580617374,0.0,0.0003084532266693931,-2.5226890116506617e-05,0.0,9.981046463025537e-05
205,2.0504656000994146,step,0.5861088777275317,0.019957477865005093,4.0871999226510525,9.966100100427866,124371.0,124371.0,0.0,0.0,8.77,0.0002,1e-05,100.0,0.01,-0.03434834891937441,0.0,0.21857118054374852,-0.034444893789455214,0.0,0.2179930778672177,0.0,0.0,0.0,-0.0681715470666024,0.0,-0.29046335664642503,0.05792541754004326,0.0,0.22868912752692205,-0.02877660316938214,0.0,-0.07618271286764271,0.5433736829056368,-2.2950508187383956,-1.8867858870453256,-0.21440765062310002,0.08055282159277931,0.050000962114790735,-0.11836,0.04573,0.02152,9.871634026642786e-05,0.0,0.000486160403850412,-2.1714701856248266e-06,0.0,9.194227268041635e-05
206,2.0604360001161695,step,0.5861088777275317,0.017877103967513283,3.917599795386195,9.970400016754866,124371.0,124371.0,0.0,0.0,8.77,0.0002,1e-05,100.0,0.01,-0.03434834891937441,0.0,0.21857118054374852,-0.034444893789455214,0.0,0.2179930778672177,0.0,0.0,0.0,-0.06856893062356977,0.0,-0.2924216010243751,0.05831613509158222,0.0,0.23053919810420667,-0.029083382503506696,0.0,-0.07706965786486117,0.5433736829056368,-2.2950508187383956,-1.8867858870453256,-0.21449755881012625,0.08041580043564994,0.049921146169041974,-0.11567000000000001,0.04304,0.024210000000000002,9.701705609501195e-05,0.0,0.00045938146435752316,-4.721860142089103e-07,0.0,0.0001187212121733052
207,2.070444399956614,step,0.4498085073869152,0.008614663729480297,3.836400108411908,10.008399840444326,124371.0,124371.0,0.0,0.0,8.77,0.0002,1e-05,100.0,0.01,-0.03425608581376555,0.0,0.21840134155851734,-0.034444893789455214,0.0,0.2179930778672177,0.0,0.0,0.0,-0.0791309439582637,0.0,-0.275548233366311,0.05907324069162637,0.0,0.23161144998569266,-0.03432365614181193,0.0,-0.07302354711767878,0.5433736829056368,-2.2950508187383956,-1.888319867833211,-0.2150686180538542,0.08048256723468306,0.05073125774408068,-0.12105,0.03766,0.024210000000000002,0.00018799298035958832,0.0,0.00026624532546710994,8.149953300787965e-07,0.0,0.00014201836583253852
208,2.0804355000145733,step,0.5861088777275317,0.016938436649032856,3.9560000877827406,9.991100057959557,124371.0,124371.0,0.0,0.0,8.77,0.0002,1e-05,100.0,0.01,-0.03434834891937441,0.0,0.21857118054374852,-0.034444893789455214,0.0,0.2179930778672177,0.0,0.0,0.0,-0.06971693126641376,0.0,-0.29534359665505516,0.05937909760756764,0.0,0.2334264263783665,-0.029870156586080474,0.0,-0.07859230804011709,0.5433736829056368,-2.2950508187383956,-1.8867858870453256,-0.21469328421382738,0.08016446609951196,0.04979974611984774,-0.12105,0.04573,0.02152,7.594575123859404e-05,0.0,0.0004506674148522349,2.0599118842208993e-05,0.0,0.00012743526167859347
209,2.0904211001470685,step,0.4498085073869152,0.0077884438838928495,4.019300220534205,9.985600132495165,124371.0,124371.0,0.0,0.0,8.77,0.0002,1e-05,100.0,0.01,-0.03425608581376555,0.0,0.21840134155851734,-0.034444893789455214,0.0,0.2179930778672177,0.0,0.0,0.0,-0.08019390644856511,0.0,-0.2784354616021569,0.06006381594582041,0.0,0.23446990601531323,-0.03512514657733557,0.0,-0.07449926877867977,0.5433736829056368,-2.2950508187383956,-1.888319867833211,-0.21526423706706485,0.08023683882911244,0.05061621184257041,-0.11836,0.048420000000000005,0.02152,0.00017001887542464572,0.0,0.00025910104124698795,1.8789100265021396e-05,0.0,0.0001491626500526605
210,2.100435300031677,step,0.5861088777275317,0.016351574071292733,3.787500085309148,10.014199884608388,124371.0,124371.0,0.0,0.0,8.77,0.0002,1e-05,100.0,0.01,-0.03434834891937441,0.0,0.21857118054374852,-0.034444893789455214,0.0,0.2179930778672177,0.0,0.0,0.0,-0.07070750648822262,0.0,-0.2982020526718003,0.060308506817517295,0.0,0.23626167651714503,-0.030594577637278752,0.0,-0.08011372582017583,0.5433736829056368,-2.2950508187383956,-1.8867858870453256,-0.21487903392773483,0.07991715639445421,0.04967473757379038,-0.12105,0.040350000000000004,0.02959,6.075792735267041e-05,0.0,0.000444905284892725,3.5786942728132625e-05,0.0,0.00013319739163810334
211,2.1103217001073062,step,0.5861088777275317,0.015008154364928413,3.899300005286932,9.886400075629354,124371.0,124371.0,0.0,0.0,8.77,0.0002,1e-05,100.0,0.01,-0.03434834891937441,0.0,0.21857118054374852,-0.034444893789455214,0.0,0.2179930778672177,0.0,0.0,0.0,-0.07095201983264861,0.0,-0.2999941499402613,0.060568473380089125,0.0,0.23797458297740837,-0.030839861547762255,0.0,-0.08097572088652115,0.5433736829056368,-2.2950508187383956,-1.8867858870453256,-0.21495800357702363,0.07978726288584599,0.0495939916872754,-0.12105,0.03766,0.024210000000000002,6.455095561581007e-05,0.0,0.00042532296383287235,3.1993914464992964e-05,0.0,0.000152779712697956
212,2.1204349000472575,step,0.4498085073869152,0.006703051261290165,4.06969990581274,10.1131999399513,124371.0,124371.0,0.0,0.0,8.77,0.0002,1e-05,100.0,0.01,-0.03425608581376555,0.0,0.21840134155851734,-0.034444893789455214,0.0,0.2179930778672177,0.0,0.0,0.0,-0.08138328218827177,0.0,-0.28298361817814155,0.06121476317155698,0.0,0.2389352701647153,-0.03615539093364407,0.0,-0.07680402854922573,0.5433736829056368,-2.2950508187383956,-1.888319867833211,-0.2155345534430971,0.07986674133883316,0.05042319302501538,-0.12105,0.04304,0.02152,0.00016047688368904292,0.0,0.00023854327896602362,2.8331092000624198e-05,0.0,0.00016972041233362484
213,2.1304860999807715,step,0.4498085073869152,0.007108414002616407,3.802600083872676,10.051199933513999,124371.0,124371.0,0.0,0.0,8.77,0.0002,1e-05,100.0,0.01,-0.03425608581376555,0.0,0.21840134155851734,-0.034444893789455214,0.0,0.2179930778672177,0.0,0.0,0.0,-0.08202974949526393,0.0,-0.283943978574454,0.06180128383807405,0.0,0.23997338211334196,-0.03662307301293271,0.0,-0.0774277514737012,0.5433736829056368,-2.2950508187383956,-1.888319867833211,-0.2156377197340251,0.07975492197610137,0.050382333585700004,-0.12105,0.048420000000000005,0.03228,0.00014563592121364098,0.0,0.0002577682230004239,4.3172054476026134e-05,0.0,0.00015049546829922454
214,2.140425000106916,step,0.4498085073869152,0.007529290187180122,3.950399812310934,9.93890012614429,124371.0,124371.0,0.0,0.0,8.77,0.0002,1e-05,100.0,0.01,-0.03425608581376555,0.0,0.21840134155851734,-0.034444893789455214,0.0,0.2179930778672177,0.0,0.0,0.0,-0.08261627014732364,0.0,-0.2849820905351091,0.06233875718501409,0.0,0.24107655052473104,-0.037062993638548494,0.0,-0.07807162780773316,0.5433736829056368,-2.2950508187383956,-1.888319867833211,-0.21573740691056242,0.07964213679421757,0.05033757163233666,-0.11836,0.04573,0.03497,0.00013345723476795835,0.0,0.00027392205865749077,5.535074092170877e-05,0.0,0.0001343416326421577
215,2.1504991999827325,step,0.4498085073869152,0.007934942571289964,3.734100144356489,10.074199875816703,124371.0,124371.0,0.0,0.0,8.77,0.0002,1e-05,100.0,0.01,-0.03425608581376555,0.0,0.21840134155851734,-0.034444893789455214,0.0,0.2179930778672177,0.0,0.0,0.0,-0.08315374347232027,0.0,-0.28608525897560283,0.06283662742416606,0.0,0.2422337513886845,-0.03748424481581917,0.0,-0.078741400413454,0.5433736829056368,-2.2950508187383956,-1.888319867833211,-0.21583532534687658,0.07952706072027148,0.05028881921438434,-0.12105,0.040350000000000004,0.02959,0.00012362359172341002,0.0,0.000287338579206971,6.51843839662571e-05,0.0,0.00012092511209267745
216,2.1604291000403464,step,0.4498085073869152,0.00830588064236518,3.7896998692303896,9.92990005761385,124371.0,124371.0,0.0,0.0,8.77,0.0002,1e-05,100.0,0.01,-0.03425608581376555,0.0,0.21840134155851734,-0.034444893789455214,0.0,0.2179930778672177,0.0,0.0,0.0,-0.08365161369375305,0.0,-0.28724245986373137,0.06330315841862492,0.0,0.24343521926372463,-0.03788618205510024,0.0,-0.07942397912563583,0.5433736829056368,-2.2950508187383956,-1.888319867833211,-0.2159307671328926,0.0794114742628797,0.05023748622372459,-0.11836,0.04573,0.02959,0.00011584190581787377,0.0,0.00029833029332817644,7.296606987179335e-05,0.0,0.00010993339797147201
217,2.1704502999782562,step,0.5861088777275317,0.01854989818452612,3.819799982011318,10.021199937909842,124371.0,124371.0,0.0,0.0,8.77,0.0002,1e-05,100.0,0.01,-0.03434834891937441,0.0,0.21857118054374852,-0.034444893789455214,0.0,0.2179930778672177,0.0,0.0,0.0,-0.0739468488756902,0.0,-0.3071673659682858,0.06337191051801003,0.0,0.2453601226322049,-0.03309460911246085,0.0,-0.08526552155971233,0.5433736829056368,-2.2950508187383956,-1.8867858870453256,-0.2155154941122512,0.07907681030060643,0.04925425955744066,-0.12105,0.048420000000000005,0.0269,1.707147936012653e-05,0.0,0.00047796283195925807,7.94733907206765e-05,0.0,0.0001001398445715703
218,2.180024600122124,step,0.4498085073869152,0.007676575753042767,4.243599949404597,9.574300143867731,124371.0,124371.0,0.0,0.0,8.77,0.0002,1e-05,100.0,0.01,-0.03425608581376555,0.0,0.21840134155851734,-0.034444893789455214,0.0,0.2179930778672177,0.0,0.0,0.0,-0.08418671925292341,0.0,-0.2903691579051756,0.06386650793236444,0.0,0.24649620740912984,-0.03846643769853615,0.0,-0.08101906801404932,0.5433736829056368,-2.2950508187383956,-1.888319867833211,-0.21609675310155374,0.07916353289553887,0.05009590453883879,-0.12105,0.040350000000000004,0.0269,0.00012281093445014123,0.0,0.00028209535476615233,6.599704123952589e-05,0.0,0.00012616833653349613
219,2.190275799948722,step,0.5861088777275317,0.017509864158531403,3.9566000923514366,10.251199826598167,124371.0,124371.0,0.0,0.0,8.77,0.0002,1e-05,100.0,0.01,-0.03434834891937441,0.0,0.21857118054374852,-0.034444893789455214,0.0,0.2179930778672177,0.0,0.0,0.0,-0.07451019838970217,0.0,-0.31022835410705063,0.06396208428915115,0.0,0.24836512103487873,-0.03364639921810011,0.0,-0.08690299860619674,0.5433736829056368,-2.2950508187383956,-1.8867858870453256,-0.21567916237322357,0.07882474504482007,0.04910602740019918,-0.12105,0.04573,0.0269,2.3732072536258083e-05,0.0,0.0004640603096982646,7.281279754454495e-05,0.0,0.00011404236683256375
220,2.2004613999743015,step,0.5861088777275317,0.015883919742139818,5.187900038436055,10.185600025579333,124371.0,124371.0,0.0,0.0,8.77,0.0002,1e-05,100.0,0.01,-0.03434834891937441,0.0,0.21857118054374852,-0.034444893789455214,0.0,0.2179930778672177,0.0,0.0,0.0,-0.07460559723756463,0.0,-0.31209759449250973,0.06410846878680308,0.0,0.25014145311235764,-0.03383602693947371,0.0,-0.08783561828295441,0.5433736829056368,-2.2950508187383956,-1.8867858870453256,-0.21575255206089028,0.07868889944159389,0.04901411607439623,-0.12105,0.04304,0.024210000000000002,3.634798019153868e-05,0.0,0.0004410718634927995,6.019688988926435e-05,0.0,0.00013703081303802884
221,2.2104593999683857,step,0.4498085073869152,0.006707216913212719,3.7962000351399183,9.997999994084239,124371.0,124371.0,0.0,0.0,8.77,0.0002,1e-05,100.0,0.01,-0.03425608581376555,0.0,0.21840134155851734,-0.034444893789455214,0.0,0.2179930778672177,0.0,0.0,0.0,-0.0849232775441644,0.0,-0.2951504883414694,0.06467172700522639,0.0,0.25115347268170696,-0.03933072982853764,0.0,-0.08350692331911518,0.5433736829056368,-2.2950508187383956,-1.888319867833211,-0.21634916872894486,0.07877933445923992,0.049872626750746156,-0.12105,0.04304,0.0269,0.00013985974560607757,0.0,0.00025128936407492063,4.8948230083589543e-05,0.0,0.00015697432722472783
222,2.2204581000842154,step,0.5861088777275317,0.015726223351349024,3.8014999590814114,9.998700115829706,124371.0,124371.0,0.0,0.0,8.77,0.0002,1e-05,100.0,0.01,-0.03434834891937441,0.0,0.21857118054374852,-0.034444893789455214,0.0,0.2179930778672177,0.0,0.0,0.0,-0.07531541749328163,0.0,-0.3148856193241214,0.06482763969228922,0.0,0.2529200897889152,-0.03446962184636734,0.0,-0.08942530613506411,0.5433736829056368,-2.2950508187383956,-1.8867858870453256,-0.21592701815791773,0.07843812853707202,0.04887609053502881,-0.11836,0.03766,0.0269,3.871387592961364e-05,0.0,0.00043865959077489514,5.78309941511894e-05,0.0,0.00013944308575593322
223,2.230461600003764,step,0.4498085073869152,0.006694772733383843,3.7873999681323767,10.00349991954863,124371.0,124371.0,0.0,0.0,8.77,0.0002,1e-05,100.0,0.01,-0.03425608581376555,0.0,0.21840134155851734,-0.034444893789455214,0.0,0.2179930778672177,0.0,0.0,0.0,-0.08564244846619688,0.0,-0.29792912499107005,0.0654003080478657,0.0,0.2539255775011404,-0.04002095797768774,0.0,-0.08505634705024931,0.5433736829056368,-2.2950508187383956,-1.888319867833211,-0.2165305171848654,0.0785306752350968,0.049742722669370645,-0.12105,0.040350000000000004,0.0269,0.0001421963287047767,0.0,0.0002496674730564737,4.661164698489042e-05,0.0,0.00015859621824317478
224,2.24043449992314,step,0.5861088777275317,0.015672989146160873,3.84490005671978,9.972899919375777,124371.0,124371.0,0.0,0.0,8.77,0.0002,1e-05,100.0,0.01,-0.03434834891937441,0.0,0.21857118054374852,-0.034444893789455214,0.0,0.2179930778672177,0.0,0.0,0.0,-0.07604399854013236,0.0,-0.31765772414063004,0.06556539138821017,0.0,0.2556883439068305,-0.03511809627854327,0.0,-0.09102370500210273,0.5433736829056368,-2.2950508187383956,-1.8867858870453256,-0.2161042548997569,0.07818527717179787,0.04873799381262109,-0.11836,0.03497,0.0269,4.09909937044959e-05,0.0,0.00043770344413532434,5.555387637630714e-05,0.0,0.00014039923239550403
225,2.2504656000528485,step,0.5861088777275317,0.014524211741361946,3.743099980056286,10.031100129708648,124371.0,124371.0,0.0,0.0,8.77,0.0002,1e-05,100.0,0.01,-0.03434834891937441,0.0,0.21857118054374852,-0.034444893789455214,0.0,0.2179930778672177,0.0,0.0,0.0,-0.07620890436772139,0.0,-0.3194208173169677,0.06577327603841655,0.0,0.257379978142857,-0.03534427422475959,0.0,-0.09194052377272764,0.5433736829056368,-2.2950508187383956,-1.8867858870453256,-0.21618272632892804,0.0780492711766567,0.04865002790967937,-0.12105,0.04304,0.0269,5.161876649845235e-05,0.0,0.0004200409820713176,4.492610358235069e-05,0.0,0.00015806169445951076
226,2.2604318999219686,step,0.5861088777275317,0.013643053632965887,4.161400021985173,9.966299869120121,124371.0,124371.0,0.0,0.0,8.77,0.0002,1e-05,100.0,0.01,-0.03434834891937441,0.0,0.21857118054374852,-0.034444893789455214,0.0,0.2179930778672177,0.0,0.0,0.0,-0.07641678902479401,0.0,-0.321112451543781,0.06601698164829231,0.0,0.25901375241127966,-0.035591844979585244,0.0,-0.09283813717821567,0.5433736829056368,-2.2950508187383956,-1.8867858870453256,-0.2162637106004557,0.07791449630732493,0.048565474147251125,-0.11836,0.04304,0.024210000000000002,6.051328451438789e-05,0.0,0.00040567407204022726,3.603158556641515e-05,0.0,0.0001724286044906011
227,2.2704443000257015,step,0.4498085073869152,0.006140823921599782,3.8846000097692013,10.012400103732944,124371.0,124371.0,0.0,0.0,8.77,0.0002,1e-05,100.0,0.01,-0.03425608581376555,0.0,0.21840134155851734,-0.034444893789455214,0.0,0.2179930778672177,0.0,0.0,0.0,-0.08683179044919491,0.0,-0.3040227875766079,0.06666392027696447,0.0,0.25991354973214165,-0.04129157944123687,0.0,-0.08835552431305053,0.5433736829056368,-2.2950508187383956,-1.888319867833211,-0.2168850276665556,0.07801349902965195,0.04945412820370335,-0.12105,0.04573,0.0269,0.00016063799827336896,0.0,0.00022342403756547906,2.816997741629816e-05,0.0,0.0001848396537341694
228,2.2805401000659913,step,0.5861088777275317,0.014382151039175796,3.7275999784469604,10.09580004028976,124371.0,124371.0,0.0,0.0,8.77,0.0002,1e-05,100.0,0.01,-0.03434834891937441,0.0,0.21857118054374852,-0.034444893789455214,0.0,0.2179930778672177,0.0,0.0,0.0,-0.07730761080245943,0.0,-0.3236456963243445,0.0668911729992378,0.0,0.261594259837442,-0.03633568206076954,0.0,-0.09440086071411673,0.5433736829056368,-2.2950508187383956,-1.8867858870453256,-0.21645446329875756,0.07766048784469944,0.04843705656525726,-0.11836,0.04304,0.024210000000000002,5.642795285757153e-05,0.0,0.00041732846867753115,4.01169172232315e-05,0.0,0.0001607742078532972
229,2.290444999933243,step,0.5861088777275317,0.013620622194136133,3.793500130996108,9.904899867251515,124371.0,124371.0,0.0,0.0,8.77,0.0002,1e-05,100.0,0.01,-0.03434834891937441,0.0,0.21857118054374852,-0.034444893789455214,0.0,0.2179930778672177,0.0,0.0,0.0,-0.07753468600656364,0.0,-0.3253267332108647,0.06715046397955346,0.0,0.26322425758873985,-0.036595461617473936,0.0,-0.09530456722426048,0.5433736829056368,-2.2950508187383956,-1.8867858870453256,-0.21653767204415353,0.07752414624248312,0.04835256118275921,-0.11836,0.04304,0.024210000000000002,6.438320773013893e-05,0.0,0.00040473634560566274,3.216166235066411e-05,0.0,0.00017336633092516563
230,2.300408500013873,step,0.5861088777275317,0.013042592514445681,3.8562000263482332,9.963500080630183,124371.0,124371.0,0.0,0.0,8.77,0.0002,1e-05,100.0,0.01,-0.03434834891937441,0.0,0.21857118054374852,-0.034444893789455214,0.0,0.2179930778672177,0.0,0.0,0.0,-0.07779397698893083,0.0,-0.3269567309620857,0.06743606222189931,0.0,0.2648138965993459,-0.03687367188675772,0.0,-0.09619965874200653,0.5433736829056368,-2.2950508187383956,-1.8867858870453256,-0.2166234132940843,0.07738780989469198,0.04827012700240712,-0.12105,0.03766,0.02152,7.091542850917908e-05,0.0,0.0003947150748761392,2.562944157162396e-05,0.0,0.00018338760165468915
231,2.3104640000965446,step,0.5861088777275317,0.012612190861667384,4.705300088971853,10.055500082671642,124371.0,124371.0,0.0,0.0,8.77,0.0002,1e-05,100.0,0.01,-0.03434834891937441,0.0,0.21857118054374852,-0.034444893789455214,0.0,0.2179930778672177,0.0,0.0,0.0,-0.07807957524304625,0.0,-0.3285463699546355,0.06774291824279795,0.0,0.26637218976410354,-0.037168005955187,0.0,-0.09709059339467267,0.5433736829056368,-2.2950508187383956,-1.8867858870453256,-0.2167115267119469,0.07725102838802358,0.04818912166843481,-0.11836,0.040350000000000004,0.03228,7.61938380579579e-05,0.0,0.00038693174960248504,2.0351032022845132e-05,0.0,0.00019117092692834333
232,2.3204349000006914,step,0.5861088777275317,0.012300950936210975,3.799600061029196,9.97089990414679,124371.0,124371.0,0.0,0.0,8.77,0.0002,1e-05,100.0,0.01,-0.03434834891937441,0.0,0.21857118054374852,-0.034444893789455214,0.0,0.2179930778672177,0.0,0.0,0.0,-0.07838643127345576,0.0,-0.33010466310536857,0.0680666123749629,0.0,0.2679069250262251,-0.037473171871960656,0.0,-0.09797253922253721,0.5433736829056368,-2.2950508187383956,-1.8867858870453256,-0.21680094654752502,0.07711477237145546,0.04810976254637004,-0.11836,0.03766,0.0269,8.037482278798022e-05,0.0,0.00038108220836274566,1.6170047292822818e-05,0.0,0.0001970204681680827
233,2.3302054000087082,step,0.5861088777275317,0.012086191332944548,4.242099821567535,9.770500008016825,124371.0,124371.0,0.0,0.0,8.77,0.0002,1e-05,100.0,0.01,-0.03434834891937441,0.0,0.21857118054374852,-0.034444893789455214,0.0,0.2179930778672177,0.0,0.0,0.0,-0.0787101254131548,0.0,-0.33163939835694783,0.0684033032224584,0.0,0.26942477797212794,-0.03778510430798746,0.0,-0.09884277787269947,0.5433736829056368,-2.2950508187383956,-1.8867858870453256,-0.21689090013295217,0.0769796552869225,0.04803210656282376,-0.11836,0.04573,0.02152,8.36019702778002e-05,0.0,0.00037689024757687567,1.2942899803002831e-05,0.0,0.0002012124289539527
234,2.3404191001318395,step,0.3415600384097703,0.001764730030660507,3.848399966955185,10.213700123131275,124371.0,124371.0,0.0,0.0,8.77,0.0002,1e-05,100.0,0.01,-0.03449978290077134,0.0,0.21833019868428097,-0.034444893789455214,0.0,0.2179930778672177,0.0,0.0,0.0,-0.06235238777776415,0.0,-0.30659085990253426,0.06813644412737682,0.0,0.26995556251682296,-0.03008260843709341,0.0,-0.09202864501780827,0.5418397021177512,-2.2950508187383956,-1.888319867833211,-0.2142372166932746,0.07851129671693863,0.04839689960878343,-0.11836,0.040350000000000004,0.0269,-6.626240752370144e-05,0.0,0.0001317963766500527,1.1373296207576046e-05,0.0,0.00020532444041322176
235,2.3504627000074834,step,0.5861088777275317,0.015268605945841654,3.745000110939145,10.04359987564385,124371.0,124371.0,0.0,0.0,8.77,0.0002,1e-05,100.0,0.01,-0.03434834891937441,0.0,0.21857118054374852,-0.034444893789455214,0.0,0.2179930778672177,0.0,0.0,0.0,-0.07877966582391345,0.0,-0.3336875721972997,0.0686048737318697,0.0,0.2716390989498432,-0.03813436797911188,0.0,-0.10032086266991025,0.5433736829056368,-2.2950508187383956,-1.8867858870453256,-0.21701496470731518,0.0767613400987165,0.047889365321724636,-0.12105,0.04304,0.0269,0.00011631334263981154,0.0,0.00041803026132920427,-1.9768472559008503e-05,0.0,0.0001600724152016241
236,2.3604226999450475,step,0.4498085073869152,0.008016541919353703,3.8292999379336834,9.959999937564135,124371.0,124371.0,0.0,0.0,8.77,0.0002,1e-05,100.0,0.01,-0.03425608581376555,0.0,0.21840134155851734,-0.034444893789455214,0.0,0.2179930778672177,0.0,0.0,0.0,-0.08941968261315639,0.0,-0.31664813410534803,0.0694304727326144,0.0,0.2725991482644314,-0.04418364643244738,0.0,-0.09567846678169885,0.5433736829056368,-2.2950508187383956,-1.888319867833211,-0.21768331164643348,0.07686112985550275,0.048817878447919155,-0.12105,0.03766,0.0269,0.00020500023605264504,0.0,0.00023838490106604005,-1.619226036297792e-05,0.0,0.0001698787902336084
237,2.3704252999741584,step,0.4498085073869152,0.008360235701301734,3.952000057324767,10.002600029110909,124371.0,124371.0,0.0,0.0,8.77,0.0002,1e-05,100.0,0.01,-0.03425608581376555,0.0,0.21840134155851734,-0.034444893789455214,0.0,0.2179930778672177,0.0,0.0,0.0,-0.09024545913654407,0.0,-0.3176078566738767,0.07016992087189014,0.0,0.2736599326918634,-0.04479377526567428,0.0,-0.09637142587622753,0.5433736829056368,-2.2950508187383956,-1.888319867833211,-0.21781231551188485,0.076731308047107,0.04877793625220969,-0.12105,0.040350000000000004,0.024210000000000002,0.00018360855938335735,0.0,0.00026339791824733604,5.199416306309767e-06,0.0,0.00014486577305231242
238,2.3805046000052243,step,0.4498085073869152,0.008770482795449688,3.954599844291806,10.07930003106594,124371.0,124371.0,0.0,0.0,8.77,0.0002,1e-05,100.0,0.01,-0.03425608581376555,0.0,0.21840134155851734,-0.034444893789455214,0.0,0.2179930778672177,0.0,0.0,0.0,-0.09098490724956108,0.0,-0.31866864112376964,0.07083659100975466,0.0,0.27480433100437307,-0.045363185410332484,0.0,-0.09710150709274683,0.5433736829056368,-2.2950508187383956,-1.888319867833211,-0.21793656624715585,0.0765990639974573,0.04873143315849636,-0.11836,0.040350000000000004,0.02152,0.00016553742870624522,0.0,0.00028415965154136885,2.3270546983421894e-05,0.0,0.0001241040397582796
239,2.390291600022465,step,0.5861088777275317,0.018331325222650793,3.9909000042825937,9.787000017240644,124371.0,124371.0,0.0,0.0,8.77,0.0002,1e-05,100.0,0.01,-0.03434834891937441,0.0,0.21857118054374852,-0.034444893789455214,0.0,0.2179930778672177,0.0,0.0,0.0,-0.08148028155636543,0.0,-0.3385364776833929,0.07106881972192819,0.0,0.27670494535009676,-0.04015919552759645,0.0,-0.10349168641719109,0.5433736829056368,-2.2950508187383956,-1.8867858870453256,-0.21748401886116628,0.0762140265953914,0.04765976617001078,-0.12374,0.040350000000000004,0.024210000000000002,5.7663515602356844e-05,0.0,0.00047193176051722654,3.888135447844619e-05,0.0,0.00010617091601360183
240,2.4003320999909192,step,0.5861088777275317,0.016998865068160614,4.1380999609827995,10.040499968454242,124371.0,124371.0,0.0,0.0,8.77,0.0002,1e-05,100.0,0.01,-0.03434834891937441,0.0,0.21857118054374852,-0.034444893789455214,0.0,0.2179930778672177,0.0,0.0,0.0,-0.08171233273148447,0.0,-0.34043741882190254,0.07132104453548099,0.0,0.2785314599750121,-0.040435711736569166,0.0,-0.10451166243143474,0.5433736829056368,-2.2950508187383956,-1.8867858870453256,-0.21757527882513872,0.07606117662820373,0.04756339754656553,-0.12105,0.040350000000000004,0.024210000000000002,6.262864457795306e-05,0.0,0.0004535324405594664,3.391622550284997e-05,0.0,0.00012457023597136198
241,2.4103824000339955,step,0.4498085073869152,0.007857433357745601,3.9641999173909426,10.050300043076277,124371.0,124371.0,0.0,0.0,8.77,0.0002,1e-05,100.0,0.01,-0.03425608581376555,0.0,0.21840134155851734,-0.034444893789455214,0.0,0.2179930778672177,0.0,0.0,0.0,-0.09213585334019897,0.0,-0.32354049522656986,0.07196353889289928,0.0,0.2796078835346561,-0.04650786350095824,0.0,-0.09982499842293129,0.5433736829056368,-2.2950508187383956,-1.888319867833211,-0.21824443518003822,0.0761662182855686,0.04849896509760498,-0.12105,0.04573,0.024210000000000002,0.00015953446529343057,0.0,0.0002672811909307598,2.927351039623655e-05,0.0,0.00014098250036888868
242,2.4204516001045704,step,0.4498085073869152,0.008373226952799972,3.911999985575676,10.06920007057488,124371.0,124371.0,0.0,0.0,8.77,0.0002,1e-05,100.0,0.01,-0.03425608581376555,0.0,0.21840134155851734,-0.034444893789455214,0.0,0.2179930778672177,0.0,0.0,0.0,-0.09277852521490776,0.0,-0.3246165919961729,0.07254952242600238,0.0,0.28076168971281207,-0.04703596867062486,0.0,-0.10057311959843472,0.5433736829056368,-2.2950508187383956,-1.888319867833211,-0.2183629569572606,0.07603412571793845,0.04844797764770271,-0.12374,0.040350000000000004,0.024210000000000002,0.0001455025535486455,0.0,0.00028649567050608035,4.330542214102162e-05,0.0,0.00012176802079356811
243,2.4304337999783456,step,0.5861088777275317,0.018279519621494694,3.8568000309169292,9.982199873775244,124371.0,124371.0,0.0,0.0,8.77,0.0002,1e-05,100.0,0.01,-0.03434834891937441,0.0,0.21857118054374852,-0.034444893789455214,0.0,0.2179930778672177,0.0,0.0,0.0,-0.08319321293651159,0.0,-0.34449383639604575,0.07271548914787768,0.0,0.28266651489793526,-0.04170085896619479,0.0,-0.10707935945985507,0.5433736829056368,-2.2950508187383956,-1.8867858870453256,-0.21789553580624216,0.07564115799792812,0.04735497571219426,-0.12374,0.03766,0.024210000000000002,4.1210342061821075e-05,0.0,0.0004729773328045614,5.533452801898196e-05,0.0,0.00010512534372626698
244,2.440425199922174,step,0.5861088777275317,0.016876889566762813,3.983100177720189,9.991399943828583,124371.0,124371.0,0.0,0.0,8.77,0.0002,1e-05,100.0,0.01,-0.03434834891937441,0.0,0.21857118054374852,-0.034444893789455214,0.0,0.2179930778672177,0.0,0.0,0.0,-0.08335900212778671,0.0,-0.3463989883716267,0.07291416198739437,0.0,0.28449296145565045,-0.041946441740873516,0.0,-0.1081164162463133,0.5433736829056368,-2.2950508187383956,-1.8867858870453256,-0.2179826668178933,0.07548795034173458,0.04725485725444155,-0.12105,0.04573,0.024210000000000002,4.9331429721837635e-05,0.0,0.000453515539526231,4.72134403589654e-05,0.0,0.00012458713700459734
245,2.450383600080386,step,0.3415600384097703,0.0038275139244409746,4.056599922478199,9.958400158211589,124371.0,124371.0,0.0,0.0,8.77,0.0002,1e-05,100.0,0.01,-0.03449978290077134,0.0,0.21833019868428097,-0.034444893789455214,0.0,0.2179930778672177,0.0,0.0,0.0,-0.06686324648095154,0.0,-0.32165904352412256,0.07252737681049884,0.0,0.28527775443108183,-0.03382135079478521,0.0,-0.10107859357175838,0.5418397021177512,-2.2950508187383956,-1.888319867833211,-0.21525186252792172,0.07707690081699009,0.04762198721480224,-0.12374,0.04304,0.024210000000000002,-9.60406355544596e-05,0.0,0.00019486790249840355,4.115152423833421e-05,0.0,0.0001422529145648709
246,2.46044240007177,step,0.5861088777275317,0.018515279149445146,3.855300135910511,10.058799991384149,124371.0,124371.0,0.0,0.0,8.77,0.0002,1e-05,100.0,0.01,-0.03434834891937441,0.0,0.21857118054374852,-0.034444893789455214,0.0,0.2179930778672177,0.0,0.0,0.0,-0.08317059845337935,0.0,-0.34900976422520513,0.0728923841699944,0.0,0.28716715260727416,-0.042168830585946525,0.0,-0.10983104858215255,0.5433736829056368,-2.2950508187383956,-1.8867858870453256,-0.21809751285174606,0.07524601307980769,0.04707829481977846,-0.12105,0.04304,0.024210000000000002,9.063309787249633e-05,0.0,0.0004691467318894937,5.911772208306703e-06,0.0,0.00010895594464133465
247,2.470386300003156,step,0.4498085073869152,0.00903062845059267,3.9683999493718147,9.943899931386113,124371.0,124371.0,0.0,0.0,8.77,0.0002,1e-05,100.0,0.01,-0.03425608581376555,0.0,0.21840134155851734,-0.034444893789455214,0.0,0.2179930778672177,0.0,0.0,0.0,-0.09370719300500893,0.0,-0.33217618785488556,0.07362952477520066,0.0,0.2882908738463024,-0.04845681626195432,0.0,-0.10504700346701912,0.5433736829056368,-2.2950508187383956,-1.888319867833211,-0.21879567590173307,0.07535146262832298,0.04803842474721666,-0.12374,0.04304,0.024210000000000002,0.00018303558788168895,0.0,0.0002790254344259516,5.772387807978166e-06,0.0,0.00012923825687369685
248,2.480399100109935,step,0.5861088777275317,0.018010597942015445,3.9835998322814703,10.01280010677874,124371.0,124371.0,0.0,0.0,8.77,0.0002,1e-05,100.0,0.01,-0.03434834891937441,0.0,0.21857118054374852,-0.034444893789455214,0.0,0.2179930778672177,0.0,0.0,0.0,-0.08427321534105399,0.0,-0.3520230205386872,0.07392038086136632,0.0,0.2901663797338315,-0.0430869466975052,0.0,-0.11167485353009145,0.5433736829056368,-2.2950508187383956,-1.8867858870453256,-0.21832901598050597,0.07494381020687023,0.04692921097886998,-0.12105,0.040350000000000004,0.024210000000000002,7.22209770439544e-05,0.0,0.00046569720934734984,2.432389303684863e-05,0.0,0.00011240546718347853
249,2.49034329992719,step,0.5861088777275317,0.016618602701171662,3.8938000798225403,9.94419981725514,124371.0,124371.0,0.0,0.0,8.77,0.0002,1e-05,100.0,0.01,-0.03434834891937441,0.0,0.21857118054374852,-0.034444893789455214,0.0,0.2179930778672177,0.0,0.0,0.0,-0.08456389389715228,0.0,-0.35389885319440806,0.07422073317008339,0.0,0.2919645757849004,-0.0434037524694284,0.0,-0.11272127291977554,0.5433736829056368,-2.2950508187383956,-1.8867858870453256,-0.21842791045961124,0.0747849468338212,0.04683233322566106,-0.12374,0.040350000000000004,0.0269,7.457893517478622e-05,0.0,0.00044650080199834307,2.1965934906016817e-05,0.0,0.0001316018745324853
250,2.5003363001160324,step,0.5861088777275317,0.015502105765378735,3.943399991840124,9.993000188842416,124371.0,124371.0,0.0,0.0,8.77,0.0002,1e-05,100.0,0.01,-0.03434834891937441,0.0,0.21857118054374852,-0.034444893789455214,0.0,0.2179930778672177,0.0,0.0,0.0,-0.08486424619783504,0.0,-0.35569704923349843,0.07452848478663802,0.0,0.29369827417322053,-0.04372846998239772,0.0,-0.11374964631269202,0.5433736829056368,-2.2950508187383956,-1.8867858870453256,-0.21852722706655053,0.07462799499870977,0.046737929506850226,-0.12374,0.03766,0.024210000000000002,7.64162192103269e-05,0.0,0.00043048571952160374,2.0128650870476135e-05,0.0,0.00014761695700922462
251,2.5102462000213563,step,0.4498085073869152,0.007287931691123451,3.913499880582094,9.909899905323982,124371.0,124371.0,0.0,0.0,8.77,0.0002,1e-05,100.0,0.01,-0.03425608581376555,0.0,0.21840134155851734,-0.034444893789455214,0.0,0.2179930778672177,0.0,0.0,0.0,-0.09534329361619921,0.0,-0.33870730938325466,0.07521544221220175,0.0,0.29469108625829815,-0.0500931846012603,0.0,-0.10884212672602034,0.5433736829056368,-2.2950508187383956,-1.888319867833211,-0.21923124457320126,0.07474575276080653,0.047716972456314455,-0.12105,0.04304,0.024210000000000002,0.00017057486102743698,0.0,0.00024652005660977467,1.8233114662230136e-05,0.0,0.0001617436346898738
252,2.5202862001024187,step,0.5861088777275317,0.015911635073284365,4.076199838891625,10.040000081062317,124371.0,124371.0,0.0,0.0,8.77,0.0002,1e-05,100.0,0.01,-0.03434834891937441,0.0,0.21857118054374852,-0.034444893789455214,0.0,0.2179930778672177,0.0,0.0,0.0,-0.08585913275560432,0.0,-0.3584232328921147,0.07546261729202487,0.0,0.29645778699687547,-0.044605473575883445,0.0,-0.11553330184582482,0.5433736829056368,-2.2950508187383956,-1.8867858870453256,-0.21874940255246234,0.07433634178285313,0.04659303878084424,-0.12105,0.04304,0.024210000000000002,6.13747713100595e-05,0.0,0.0004386803632513746,3.517009877074354e-05,0.0,0.00013942231327945375
253,2.5304870000109076,step,0.5861088777275317,0.014947861676958022,4.226600052788854,10.200799908488989,124371.0,124371.0,0.0,0.0,8.77,0.0002,1e-05,100.0,0.01,-0.03434834891937441,0.0,0.21857118054374852,-0.034444893789455214,0.0,0.2179930778672177,0.0,0.0,0.0,-0.08610613030826729,0.0,-0.36019026040877167,0.07572522887550753,0.0,0.29816676549175686,-0.04490903443638105,0.0,-0.11657419876868404,0.5433736829056368,-2.2950508187383956,-1.8867858870453256,-0.21884593419065185,0.07417903335882983,0.046495977211577826,-0.12105,0.04573,0.024210000000000002,6.520773005250802e-05,0.0,0.0004243476501756213,3.133714002829502e-05,0.0,0.00015375502635520707
254,2.5404091000091285,step,0.3739054822812619,0.0035435173939590645,5.017200019210577,9.922099998220801,124371.0,124371.0,0.0,0.0,8.77,0.0002,1e-05,100.0,0.01,-0.034443169895500836,0.0,0.218366979375465,-0.034444893789455214,0.0,0.2179930778672177,0.0,0.0,0.0,-0.07591546059132344,0.0,-0.33938763503338404,0.07561665546946734,0.0,0.29900158001919847,-0.03977383767532667,0.0,-0.1103443279680612,0.5433736829056368,-2.2965847995262814,-1.8867858870453256,-0.21748490288764005,0.07582979187688903,0.046729369670370335,-0.12105,0.03766,0.024210000000000002,-2.6959303388426822e-05,0.0,0.00020728849668798704,2.868319734280471e-05,0.0,0.00016661301155932812
255,2.550513399997726,step,0.5861088777275317,0.016465818137816536,3.740999847650528,10.104299988597631,124371.0,124371.0,0.0,0.0,8.77,0.0002,1e-05,100.0,0.01,-0.03434834891937441,0.0,0.21857118054374852,-0.034444893789455214,0.0,0.2179930778672177,0.0,0.0,0.0,-0.08625998605499212,0.0,-0.36273366053337075,0.07597465232362527,0.0,0.3007806252361367,-0.04533018748395466,0.0,-0.11833006799873298,0.5433736829056368,-2.2950508187383956,-1.8867858870453256,-0.21899430914280568,0.07391930202540234,0.04632678524601401,-0.12105,0.04573,0.024210000000000002,8.889235546648992e-05,0.0,0.00044174555719773555,7.652514614313118e-06,0.0,0.00013635711933309281
256,2.5605230000801384,step,0.4498085073869152,0.007978869738377792,4.000599961727858,10.009600082412362,124371.0,124371.0,0.0,0.0,8.77,0.0002,1e-05,100.0,0.01,-0.03425608581376555,0.0,0.21840134155851734,-0.034444893789455214,0.0,0.2179930778672177,0.0,0.0,0.0,-0.0967894611630422,0.0,-0.34578966043927223,0.07670158357896824,0.0,0.3018137490909613,-0.05185746579695063,0.0,-0.11334750594211446,0.5433736829056368,-2.2950508187383956,-1.888319867833211,-0.219719992429639,0.07403769583643342,0.04732461929795872,-0.12105,0.03766,0.0269,0.00018050055692582888,0.0,0.00025652966466715,8.307418763838236e-06,0.0,0.00015173402663249845
257,2.570389300119132,step,0.527821034684529,0.01397398410731289,4.142699996009469,9.866300038993359,124371.0,124371.0,0.0,0.0,8.77,0.0002,1e-05,100.0,0.01,-0.0345923064274664,0.0,0.21849989593991245,-0.034444893789455214,0.0,0.2179930778672177,0.0,0.0,0.0,-0.06045084043684377,0.0,-0.3576873179645027,0.0759918846178011,0.0,0.30332739508944295,-0.031312988021400895,0.0,-0.11780375697994619,0.5418397021177512,-2.2950508187383956,-1.8867858870453256,-0.21570985815452687,0.07514924968729338,0.04557024944860161,-0.12105,0.040350000000000004,0.024210000000000002,-0.00017622169469971204,0.0,0.00037584564388992595,2.8809056688526948e-05,0.0,0.00013097242880483315
258,2.5804314999841154,step,0.5861088777275317,0.017212235355628536,4.475199850276113,10.042199864983559,124371.0,124371.0,0.0,0.0,8.77,0.0002,1e-05,100.0,0.01,-0.03434834891937441,0.0,0.21857118054374852,-0.034444893789455214,0.0,0.2179930778672177,0.0,0.0,0.0,-0.08663492828524606,0.0,-0.36705973136907305,0.07646340356827896,0.0,0.30512186352146425,-0.04603910135302927,0.0,-0.12115117172169687,0.5433736829056368,-2.2950508187383956,-1.8867858870453256,-0.21923783040848147,0.0735000019138037,0.04605688701636679,-0.12105,0.03766,0.0269,0.00011708044267577281,0.0,0.000445575216384898,-2.0535572594969776e-05,0.0,0.00013252746014593038
259,2.5904270000755787,step,0.5861088777275317,0.01600874100250573,4.466000013053417,9.995500091463327,124371.0,124371.0,0.0,0.0,8.77,0.0002,1e-05,100.0,0.01,-0.03434834891937441,0.0,0.21857118054374852,-0.034444893789455214,0.0,0.2179930778672177,0.0,0.0,0.0,-0.0871069166401329,0.0,-0.3688543369589013,0.07690743483062963,0.0,0.3068552372379864,-0.046470890866311364,0.0,-0.12221468744059567,0.5433736829056368,-2.2950508187383956,-1.8867858870453256,-0.2193558078736989,0.07333174420953634,0.045965021675472895,-0.12105,0.03228,0.024210000000000002,0.00011025511637938271,0.0,0.0004304051021821538,-1.3710246298579678e-05,0.0,0.00014769757434867454
260,2.600075999973342,step,0.5861088777275317,0.015041540504966233,4.859700100496411,9.648999897763133,124371.0,124371.0,0.0,0.0,8.77,0.0002,1e-05,100.0,0.01,-0.03434834891937441,0.0,0.21857118054374852,-0.034444893789455214,0.0,0.2179930778672177,0.0,0.0,0.0,-0.08755094792266292,0.0,-0.37058771065758245,0.0773266780586544,0.0,0.30853825334573415,-0.04688295170315571,0.0,-0.12324610756727807,0.5433736829056368,-2.2950508187383956,-1.8867858870453256,-0.21946915949735885,0.07316897901462938,0.04587552643879855,-0.12374,0.03766,0.02959,0.00010410012721659106,0.0,0.0004179010636607359,-7.555257135788022e-06,0.0,0.00016020161287009246
261,2.610330800060183,step,0.22490431984615583,0.0008335922949979665,4.346300149336457,10.254800086840987,124371.0,124371.0,0.0,0.0,8.77,0.0002,1e-05,100.0,0.01,-0.034350646368805776,0.0,0.21819728211983352,-0.034444893789455214,0.0,0.2179930778672177,0.0,0.0,0.0,-0.08771691505926135,0.0,-0.33105130926129284,0.07771439769325414,0.0,0.3086662843734397,-0.047985173959389275,0.0,-0.11070227040870016,0.5433736829056368,-2.2965847995262814,-1.888319867833211,-0.21872529584241507,0.07513385679714833,0.047237314875356554,-0.12374,0.03766,0.024210000000000002,9.62726660552533e-05,0.0,3.179072524333654e-05,-2.025245405815713e-06,0.0,0.00017241352737249399
262,2.6204487001523376,step,0.5861088777275317,0.018654635533840072,3.918800037354231,10.117900092154741,124371.0,124371.0,0.0,0.0,8.77,0.0002,1e-05,100.0,0.01,-0.03434834891937441,0.0,0.21857118054374852,-0.034444893789455214,0.0,0.2179930778672177,0.0,0.0,0.0,-0.08835790634407518,0.0,-0.3723980383893674,0.07809337062738204,0.0,0.3105603030175385,-0.04769894945631544,0.0,-0.1248154650009126,0.5433736829056368,-2.2950508187383956,-1.8867858870453256,-0.2196716983491471,0.07290961988995687,0.045750708121378394,-0.11836,0.04573,0.0269,9.410081790169219e-05,0.0,0.00047029401701442997,2.4440521791108507e-06,0.0,0.0001078086595163984
263,2.6304556000977755,step,0.5861088777275317,0.01716120999412015,4.072499927133322,10.006899945437908,124371.0,124371.0,0.0,0.0,8.77,0.0002,1e-05,100.0,0.01,-0.03434834891937441,0.0,0.21857118054374852,-0.034444893789455214,0.0,0.2179930778672177,0.0,0.0,0.0,-0.08873688369000508,0.0,-0.3742927764592253,0.07845449502754309,0.0,0.3123773971725806,-0.04808402380920906,0.0,-0.1259301654958803,0.5433736829056368,-2.2950508187383956,-1.8867858870453256,-0.21978461710851177,0.0727374433792862,0.04565036758281785,-0.12105,0.04304,0.0269,8.966894033882902e-05,0.0,0.00045119329324145327,6.87592974197402e-06,0.0,0.0001269093832893751
264,2.6404566999990493,step,0.527821034684529,0.012779741658559322,3.974700113758445,10.001099901273847,124371.0,124371.0,0.0,0.0,8.77,0.0002,1e-05,100.0,0.01,-0.0345923064274664,0.0,0.21849989593991245,-0.034444893789455214,0.0,0.2179930778672177,0.0,0.0,0.0,-0.06220357437907533,0.0,-0.36825129285132213,0.07781200733971695,0.0,0.3138413500078712,-0.033097690231785146,0.0,-0.12458935026824226,0.5418397021177512,-2.2950508187383956,-1.8867858870453256,-0.21630978206206425,0.07413550364571238,0.04492677121355863,-0.12105,0.03497,0.0269,-0.00015953280953559222,0.0,0.00036350659050248457,1.212017152440713e-05,0.0,0.00014331148219227452
265,2.6504242999944836,step,0.5861088777275317,0.016711070643167205,4.022399894893169,9.967599995434284,124371.0,124371.0,0.0,0.0,8.77,0.0002,1e-05,100.0,0.01,-0.03434834891937441,0.0,0.21857118054374852,-0.034444893789455214,0.0,0.2179930778672177,0.0,0.0,0.0,-0.08845505102495152,0.0,-0.37757368628787913,0.07832929941027764,0.0,0.3155948103136241,-0.048258158192698034,0.0,-0.128007155941754,0.5433736829056368,-2.2950508187383956,-1.8867858870453256,-0.21990858194830282,0.07245027446229302,0.045430770721557434,-0.12105,0.040350000000000004,0.0269,0.00012844613045911025,0.0,0.0004353926998020339,-3.190126037830722e-05,0.0,0.00014270997672879445
266,2.6603951000142843,step,0.5861088777275317,0.015563196518544882,3.906299825757742,9.970800019800663,124371.0,124371.0,0.0,0.0,8.77,0.0002,1e-05,100.0,0.01,-0.03434834891937441,0.0,0.21857118054374852,-0.034444893789455214,0.0,0.2179930778672177,0.0,0.0,0.0,-0.08897281250261223,0.0,-0.379327283732716,0.07880101906543735,0.0,0.3172948455696983,-0.048727034068169285,0.0,-0.12908457635742474,0.5433736829056368,-2.2950508187383956,-1.8867858870453256,-0.22003310324467287,0.07227787021562536,0.045339592695750365,-0.12374,0.04304,0.02152,0.00011713027864961273,0.0,0.0004221270008151658,-2.058540856880969e-05,0.0,0.00015597567571566255
267,2.670460300054401,step,0.4498085073869152,0.007935193688627204,3.9059000555425882,10.065200040116906,124371.0,124371.0,0.0,0.0,8.77,0.0002,1e-05,100.0,0.01,-0.03425608581376555,0.0,0.21840134155851734,-0.034444893789455214,0.0,0.2179930778672177,0.0,0.0,0.0,-0.099615827968361,0.0,-0.36230388076467135,0.07960648176711255,0.0,0.31826348821511136,-0.05561496635712619,0.0,-0.1238733373550652,0.5433736829056368,-2.2950508187383956,-1.888319867833211,-0.22080394807045348,0.07240597345608599,0.04638602655055778,-0.12105,0.04304,0.02152,0.0002000002960633158,0.0,0.0002405186676667411,-1.1192320373648682e-05,0.0,0.00016774502363290736
268,2.6804051999934018,step,0.4498085073869152,0.00810244906283263,3.881599986925721,9.944899939000607,124371.0,124371.0,0.0,0.0,8.77,0.0002,1e-05,100.0,0.01,-0.03425608581376555,0.0,0.21840134155851734,-0.034444893789455214,0.0,0.2179930778672177,0.0,0.0,0.0,-0.10042146816203949,0.0,-0.3632721966284061,0.0803071033739118,0.0,0.3193263236573066,-0.05628837275915682,0.0,-0.12466287228900372,0.5433736829056368,-2.2950508187383956,-1.888319867833211,-0.22094747404679166,0.07225940198036102,0.046339207424880235,-0.12105,0.03766,0.0269,0.0001739677436324751,0.0,0.00026390719603416006,1.4840232057192025e-05,0.0,0.0001443564952654884
269,2.690392700023949,step,0.527821034684529,0.014660594016549481,3.976999782025814,9.98750003054738,124371.0,124371.0,0.0,0.0,8.77,0.0002,1e-05,100.0,0.01,-0.0345923064274664,0.0,0.21849989593991245,-0.034444893789455214,0.0,0.2179930778672177,0.0,0.0,0.0,-0.06405636023230521,0.0,-0.37519989252153124,0.07955885549167102,0.0,0.3208665327051008,-0.034760404889928154,0.0,-0.1293354737722666,0.5418397021177512,-2.2950508187383956,-1.8867858870453256,-0.216795286360346,0.07340087337221789,0.044501657022862275,-0.12105,0.03766,0.0269,-0.00018579357885900333,0.0,0.0003824413780146352,3.838094084781824e-05,0.0,0.0001243766946801239
270,2.7004265000578016,step,0.4498085073869152,0.009566048910548776,3.860000055283308,10.033800033852458,124371.0,124371.0,0.0,0.0,8.77,0.0002,1e-05,100.0,0.01,-0.03425608581376555,0.0,0.21840134155851734,-0.034444893789455214,0.0,0.2179930778672177,0.0,0.0,0.0,-0.1003731949403731,0.0,-0.3658754307869027,0.08035610888283441,0.0,0.321996840987343,-0.0566603965243723,0.0,-0.12649990799573357,0.5433736829056368,-2.2950508187383956,-1.888319867833211,-0.22109156320343448,0.07199214429174303,0.04615830705069118,-0.12105,0.03766,0.024210000000000002,0.00019796188444953276,0.0,0.000280661029531724,-9.153908759865643e-06,0.0,0.00012760266176792446
271,2.710440600058064,step,0.4498085073869152,0.00954745495570775,3.764500143006444,10.01410000026226,124371.0,124371.0,0.0,0.0,8.77,0.0002,1e-05,100.0,0.01,-0.03425608581376555,0.0,0.21840134155851734,-0.034444893789455214,0.0,0.2179930778672177,0.0,0.0,0.0,-0.10117109524160953,0.0,-0.3670055494634756,0.08104884239716892,0.0,0.32319250451431314,-0.05733619339756374,0.0,-0.12735746504943998,0.5433736829056368,-2.2950508187383956,-1.888319867833211,-0.22123861546585502,0.0718363797166677,0.04610410378539912,-0.12105,0.03766,0.0269,0.0001720090920160225,0.0,0.0002968890538353529,1.6798883673644618e-05,0.0,0.00011137463746429556
272,2.7200959001202136,step,0.4498085073869152,0.009628879428205854,4.126099869608879,9.655300062149763,124371.0,124371.0,0.0,0.0,8.77,0.0002,1e-05,100.0,0.01,-0.03425608581376555,0.0,0.21840134155851734,-0.034444893789455214,0.0,0.2179930778672177,0.0,0.0,0.0,-0.10186382875394118,0.0,-0.36820121300656666,0.08165461498655921,0.0,0.3244410298268364,-0.057944536238100544,0.0,-0.12822475379474607,0.5433736829056368,-2.2950508187383956,-1.888319867833211,-0.22137539934195485,0.07168348604425852,0.04604476066704595,-0.12105,0.040350000000000004,0.024210000000000002,0.0001504162725120826,0.0,0.0003100148916208972,3.8391703177584525e-05,0.0,9.824879967875128e-05
273,2.7301590000279248,step,0.3415600384097703,0.0060472312937980095,4.491700092330575,10.063099907711148,124371.0,124371.0,0.0,0.0,8.77,0.0002,1e-05,100.0,0.01,-0.03449978290077134,0.0,0.21833019868428097,-0.034444893789455214,0.0,0.2179930778672177,0.0,0.0,0.0,-0.07560387701722794,0.0,-0.36160678515968475,0.08120214174633937,0.0,0.3254433841683182,-0.042624391760663856,0.0,-0.12660267689998353,0.5418397021177512,-2.2950508187383956,-1.888319867833211,-0.21783691560740495,0.07313857067058298,0.04533126704565584,-0.12105,0.04304,0.0269,-0.00011235130046826306,0.0,0.00024888944535321543,5.7462189152137665e-05,0.0,8.823137171005903e-05
274,2.7405079000163823,step,0.5861088777275317,0.02173201113773046,3.9303998928517103,10.34889998845756,124371.0,124371.0,0.0,0.0,8.77,0.0002,1e-05,100.0,0.01,-0.03434834891937441,0.0,0.21857118054374852,-0.034444893789455214,0.0,0.2179930778672177,0.0,0.0,0.0,-0.09184536337212101,0.0,-0.389175394037169,0.08149062428901399,0.0,0.3275081311385081,-0.05183545595445583,0.0,-0.1364191156223132,0.5433736829056368,-2.2950508187383956,-1.8867858870453256,-0.2208675073685742,0.07110939524410884,0.04471388615831379,-0.11836,0.04304,0.02152,7.163161475900024e-05,0.0,0.0005126866886717444,2.49132553218028e-05,0.0,6.541598785908401e-05
275,2.7505204000044614,step,0.3415600384097703,0.005301314630259959,3.8768998347222805,10.012499988079071,124371.0,124371.0,0.0,0.0,8.77,0.0002,1e-05,100.0,0.01,-0.03449978290077134,0.0,0.21833019868428097,-0.034444893789455214,0.0,0.2179930778672177,0.0,0.0,0.0,-0.075439708802596,0.0,-0.3646742132815165,0.08115676796001563,0.0,0.3284821962686787,-0.04282061354407661,0.0,-0.12863476756134265,0.5418397021177512,-2.2950508187383956,-1.888319867833211,-0.21796257332686406,0.0728560777544244,0.045118412185005,-0.12374,0.03766,0.02152,-8.289814600961396e-05,0.0,0.00024186509695957445,2.800903469348857e-05,0.0,9.525572010370001e-05
276,2.760545999975875,step,0.5861088777275317,0.02147655884984906,3.87150002643466,10.025599971413612,124371.0,124371.0,0.0,0.0,8.77,0.0002,1e-05,100.0,0.01,-0.03434834891937441,0.0,0.21857118054374852,-0.034444893789455214,0.0,0.2179930778672177,0.0,0.0,0.0,-0.09179998962658108,0.0,-0.3922142061474847,0.0815439867079064,0.0,0.330518215279369,-0.05216080549010985,0.0,-0.1384961590238136,0.5433736829056368,-2.2950508187383956,-1.8867858870453256,-0.22101552863554158,0.07081285668001636,0.04450336560441511,-0.12374,0.03766,0.02152,9.614829347958523e-05,0.0,0.0005055533969783063,3.965766012178093e-07,0.0,7.254927955252207e-05
277,2.770594900008291,step,0.527821034684529,0.015295396842640953,4.487500060349703,10.048900032415986,124371.0,124371.0,0.0,0.0,8.77,0.0002,1e-05,100.0,0.01,-0.0345923064274664,0.0,0.21849989593991245,-0.034444893789455214,0.0,0.2179930778672177,0.0,0.0,0.0,-0.06529306605095234,0.0,-0.38639211102398163,0.08091656118825279,0.0,0.33215082563895537,-0.036455083606020636,0.0,-0.13716970723054867,0.5418397021177512,-2.2950508187383956,-1.8867858870453256,-0.21742975510579296,0.07225303976104738,0.04373670183428552,-0.12374,0.04304,0.0269,-0.00015579280014010917,0.0,0.0004053850719972868,8.38016212892408e-06,0.0,0.0001014330006974723
278,2.780049700057134,step,0.5861088777275317,0.01901758069342698,4.467600025236607,9.454800048843026,124371.0,124371.0,0.0,0.0,8.77,0.0002,1e-05,100.0,0.01,-0.03434834891937441,0.0,0.21857118054374852,-0.034444893789455214,0.0,0.2179930778672177,0.0,0.0,0.0,-0.09155960488022552,0.0,-0.39588316199442564,0.08143973867527984,0.0,0.334029602223922,-0.05235099080863754,0.0,-0.14078891454044298,0.5433736829056368,-2.2950508187383956,-1.8867858870453256,-0.2211520470712967,0.07049598187734452,0.04426083379872696,-0.11836,0.03766,0.024210000000000002,0.0001299075079377025,0.0,0.00046650933990225667,-3.336263785689946e-05,0.0,0.0001115933366285717
279,2.790197200141847,step,0.527821034684529,0.012585088060540307,4.278999986127019,10.147500084713101,124371.0,124371.0,0.0,0.0,8.77,0.0002,1e-05,100.0,0.01,-0.0345923064274664,0.0,0.21849989593991245,-0.034444893789455214,0.0,0.2179930778672177,0.0,0.0,0.0,-0.06518881806683739,0.0,-0.3899034979207777,0.08092190433825505,0.0,0.3355292239134774,-0.036620003488154675,0.0,-0.1394013771247718,0.5418397021177512,-2.2950508187383956,-1.8867858870453256,-0.21755995599745287,0.07194568008124136,0.043499652547889255,-0.12105,0.03766,0.0269,-0.0001285807778734984,0.0,0.00037236334011155276,-1.8831860137686685e-05,0.0,0.00013445473258320633
280,2.8004034000914544,step,0.527821034684529,0.011649716423518391,4.727200139313936,10.206199949607253,124371.0,124371.0,0.0,0.0,8.77,0.0002,1e-05,100.0,0.01,-0.0345923064274664,0.0,0.21849989593991245,-0.034444893789455214,0.0,0.2179930778672177,0.0,0.0,0.0,-0.06467051437584842,0.0,-0.39140298243113847,0.08054370831575984,0.0,0.3370080447455954,-0.03642327833123765,0.0,-0.1404557879132577,0.5418397021177512,-2.2950508187383956,-1.8867858870453256,-0.2175778041485334,0.07181740878768132,0.04337111019181565,-0.11836,0.040350000000000004,0.01883,-9.390790699732247e-05,0.0,0.0003671983863077335,-5.3504731013862624e-05,0.0,0.00013961968638702557
281,2.810414999956265,step,0.527821034684529,0.011038267747870908,4.674100084230304,10.011599864810705,124371.0,124371.0,0.0,0.0,8.77,0.0002,1e-05,100.0,0.01,-0.0345923064274664,0.0,0.21849989593991245,-0.034444893789455214,0.0,0.2179930778672177,0.0,0.0,0.0,-0.06429231838335202,0.0,-0.3928818032444596,0.08027798586127431,0.0,0.3384699083257413,-0.03630811527315995,0.0,-0.14149572359852808,0.5418397021177512,-2.2950508187383956,-1.8867858870453256,-0.21760794623639773,0.0716860317597268,0.0432490823943643,-0.12105,0.03766,0.024210000000000002,-6.598017445664247e-05,0.0,0.00036298781838586786,-8.143246355454263e-05,0.0,0.00014383025430889123
282,2.8204181999899447,step,0.5861088777275317,0.01837285667547603,3.899900009855628,10.003200033679605,124371.0,124371.0,0.0,0.0,8.77,0.0002,1e-05,100.0,0.01,-0.03434834891937441,0.0,0.21857118054374852,-0.034444893789455214,0.0,0.2179930778672177,0.0,0.0,0.0,-0.09092102968259845,0.0,-0.4022022445953272,0.08108889680365004,0.0,0.3402068581750268,-0.05266073726068236,0.0,-0.14513168807716204,0.5433736829056368,-2.2950508187383956,-1.8867858870453256,-0.2214025991881432,0.06989890635007341,0.04379841496495474,-0.12105,0.040350000000000004,0.024210000000000002,0.00020135312068589236,0.0,0.0004312930734463713,-0.00010480825060508932,0.0,0.00014680960308445707
283,2.830478500109166,step,0.5861088777275317,0.016383480511470372,3.960799891501665,10.06030011922121,124371.0,124371.0,0.0,0.0,8.77,0.0002,1e-05,100.0,0.01,-0.03434834891937441,0.0,0.21857118054374852,-0.034444893789455214,0.0,0.2179930778672177,0.0,0.0,0.0,-0.09173241002735551,0.0,-0.4039393315867352,0.08178232157145883,0.0,0.3418789401688081,-0.053336575928644624,0.0,-0.14627471418046298,0.5433736829056368,-2.2950508187383956,-1.8867858870453256,-0.2215630830155425,0.06970495762961108,0.043712400642960864,-0.12374,0.04304,0.024210000000000002,0.00017218073362120526,0.0,0.0004151860702550817,-7.563586354040222e-05,0.0,0.00016291660627574666
284,2.8405262001324445,step,0.527821034684529,0.009641258327970883,3.990399884060025,10.047700023278594,124371.0,124371.0,0.0,0.0,8.77,0.0002,1e-05,100.0,0.01,-0.0345923064274664,0.0,0.21849989593991245,-0.034444893789455214,0.0,0.2179930778672177,0.0,0.0,0.0,-0.06553140107167028,0.0,-0.397752835782677,0.08138625581578057,0.0,0.34320987351909404,-0.03742727932608234,0.0,-0.1447810716714194,0.5418397021177512,-2.2950508187383956,-1.8867858870453256,-0.21793896514849684,0.0711794702399026,0.04295289598131588,-0.12105,0.03497,0.024210000000000002,-9.834504843351312e-05,0.0,0.00033047720717864525,-4.906758957767197e-05,0.0,0.00017634086551611384
285,2.850537900114432,step,0.4498085073869152,0.010119470402332225,4.2004999704658985,10.011699981987476,124371.0,124371.0,0.0,0.0,8.77,0.0002,1e-05,100.0,0.01,-0.03425608581376555,0.0,0.21840134155851734,-0.034444893789455214,0.0,0.2179930778672177,0.0,0.0,0.0,-0.102200595409774,0.0,-0.3882187715298817,0.08245018149014541,0.0,0.3441543078683304,-0.06077283095118519,0.0,-0.14172092721629903,0.5433736829056368,-2.2950508187383956,-1.888319867833211,-0.22244909932187434,0.06971414591594954,0.0447214681727728,-0.12105,0.040350000000000004,0.02152,0.0002641779060050602,0.0,0.0002345076303280915,-7.536993031539307e-05,0.0,0.00017375606097155697
286,2.8605353001039475,step,0.527821034684529,0.01136525733846872,3.8948000874370337,9.997399989515543,124371.0,124371.0,0.0,0.0,8.77,0.0002,1e-05,100.0,0.01,-0.0345923064274664,0.0,0.21849989593991245,-0.034444893789455214,0.0,0.2179930778672177,0.0,0.0,0.0,-0.06619943846632684,0.0,-0.40002787669270473,0.08197464090887803,0.0,0.3455850114097349,-0.038090348249572026,0.0,-0.14663237038054996,0.5418397021177512,-2.2950508187383956,-1.8867858870453256,-0.21813064931508402,0.07089202146101854,0.0427879470675343,-0.12105,0.04304,0.02152,-0.00011807903315708318,0.0,0.000355250629616567,-2.9333604854101916e-05,0.0,0.0001515674430781921
287,2.870393200078979,step,0.527821034684529,0.010888704575474093,4.00319998152554,9.857899975031614,124371.0,124371.0,0.0,0.0,8.77,0.0002,1e-05,100.0,0.01,-0.0345923064274664,0.0,0.21849989593991245,-0.034444893789455214,0.0,0.2179930778672177,0.0,0.0,0.0,-0.06572325097768505,0.0,-0.4014587698739485,0.08160543773718557,0.0,0.34701379758450573,-0.0379097582823387,0.0,-0.14767010968917013,0.5418397021177512,-2.2950508187383956,-1.8867858870453256,-0.21815028619694676,0.07076497451162156,0.042662221611914374,-0.12105,0.040350000000000004,0.024210000000000002,-9.16749385213336e-05,0.0,0.0003547745381812505,-5.57376994898515e-05,0.0,0.00015204353451350858
288,2.880375700071454,step,0.3415600384097703,0.0027845324088216494,4.192600026726723,9.982499992474914,124371.0,124371.0,0.0,0.0,8.77,0.0002,1e-05,100.0,0.01,-0.03449978290077134,0.0,0.21833019868428097,-0.034444893789455214,0.0,0.2179930778672177,0.0,0.0,0.0,-0.07555405302351935,0.0,-0.3841797424465258,0.08169623967068589,0.0,0.34775451446068867,-0.04476376601802492,0.0,-0.14194324515015191,0.5418397021177512,-2.2950508187383956,-1.888319867833211,-0.2188900459391645,0.07096548916540486,0.04376414030131365,-0.12105,0.03766,0.024210000000000002,2.2546560564797377e-05,0.0,0.00018392359354514381,-7.743567188092277e-05,0.0,0.00015319722351813064
289,2.8900705999694765,step,0.19977116476413365,0.00044211168061134676,4.420599900186062,9.694899898022413,124371.0,124371.0,0.0,0.0,8.77,0.0002,1e-05,100.0,0.01,-0.03459403032142075,0.0,0.21812599443166514,-0.034444893789455214,0.0,0.2179930778672177,0.0,0.0,0.0,-0.06525498177872135,0.0,-0.3624081889419385,0.08140198709642697,0.0,0.34779738354824496,-0.03878756114052964,0.0,-0.13442705309870762,0.5418397021177512,-2.2965847995262814,-1.888319867833211,-0.21733849156298318,0.07283448280851748,0.044088074122337624,-0.12105,0.03497,0.024210000000000002,-7.306434159649851e-05,0.0,1.0644602396530013e-05,-7.607219036903671e-05,0.0,0.00012227196205091392
290,2.9000626001507044,step,0.5861088777275317,0.02513727699172798,4.2263001669198275,9.992000181227922,124371.0,124371.0,0.0,0.0,8.77,0.0002,1e-05,100.0,0.01,-0.03434834891937441,0.0,0.21857118054374852,-0.034444893789455214,0.0,0.2179930778672177,0.0,0.0,0.0,-0.09204502760374486,0.0,-0.41152900046901314,0.08216779599559088,0.0,0.34990474970733887,-0.054777737281910654,0.0,-0.15269943630520139,0.5433736829056368,-2.2950508187383956,-1.8867858870453256,-0.22209010551594588,0.06876078265473833,0.04308733124106911,-0.12105,0.03497,0.02152,0.00019015406457250608,0.0,0.0005232692400568336,-9.360919449170305e-05,0.0,5.483343647399476e-05
291,2.910430599935353,step,0.527821034684529,0.01498506124390577,3.918000031262636,10.367999784648418,124371.0,124371.0,0.0,0.0,8.77,0.0002,1e-05,100.0,0.01,-0.0345923064274664,0.0,0.21849989593991245,-0.034444893789455214,0.0,0.2179930778672177,0.0,0.0,0.0,-0.06591687549548413,0.0,-0.40577864545668274,0.08180851836010374,0.0,0.3515982466307258,-0.038524523282141274,0.0,-0.15134549448223483,0.5418397021177512,-2.2950508187383956,-1.8867858870453256,-0.21841927842247075,0.07023760066961802,0.04229248868043006,-0.12105,0.03766,0.02152,-8.921037973388054e-05,0.0,0.00042050350116744784,-5.8202258277304555e-05,0.0,8.631457152731125e-05
292,2.920390200102702,step,0.527821034684529,0.013895168848880495,4.1531000752002,9.959600167348981,124371.0,124371.0,0.0,0.0,8.77,0.0002,1e-05,100.0,0.01,-0.0345923064274664,0.0,0.21849989593991245,-0.034444893789455214,0.0,0.2179930778672177,0.0,0.0,0.0,-0.06555712846864825,0.0,-0.40747200523512467,0.08151827565310783,0.0,0.35323982908095386,-0.03841131425150484,0.0,-0.15250268199420025,0.5418397021177512,-2.2950508187383956,-1.8867858870453256,-0.2184551942335337,0.07009048911646476,0.04215760212291543,-0.12105,0.04304,0.02152,-7.206867210374933e-05,0.0,0.00040761288564755157,-7.534396590743577e-05,0.0,9.920518704720753e-05
293,2.930390299996361,step,0.5861088777275317,0.02060100264928424,3.7819999270141125,10.000099893659353,124371.0,124371.0,0.0,0.0,8.77,0.0002,1e-05,100.0,0.01,-0.03434834891937441,0.0,0.21857118054374852,-0.034444893789455214,0.0,0.2179930778672177,0.0,0.0,0.0,-0.09216131946347322,0.0,-0.4169721654309493,0.08226981390529733,0.0,0.3551254034723441,-0.055375438800015345,0.0,-0.1563472164339901,0.5433736829056368,-2.2950508187383956,-1.8867858870453256,-0.22235425118814262,0.0682383616600273,0.04271918754249439,-0.12105,0.03766,0.024210000000000002,0.00018661059370326171,0.0,0.0004681972682347011,-9.006572362245868e-05,0.0,0.00010990540829612725
294,2.9404833000153303,step,0.527821034684529,0.012045004001660009,3.7533999420702457,10.093000018969178,124371.0,124371.0,0.0,0.0,8.77,0.0002,1e-05,100.0,0.01,-0.0345923064274664,0.0,0.21849989593991245,-0.034444893789455214,0.0,0.2179930778672177,0.0,0.0,0.0,-0.06601889339903645,0.0,-0.4109992991722423,0.08188860150356263,0.0,0.3566299558659669,-0.03894224520513179,0.0,-0.1548820982984076,0.5418397021177512,-2.2950508187383956,-1.8867858870453256,-0.2186504746934832,0.06974086754866998,0.04192624674729994,-0.12105,0.03497,0.01883,-9.465688859828443e-05,0.0,0.0003735876578657136,-5.2755749412900665e-05,0.0,0.0001332304148290455
295,2.950381200062111,step,0.527821034684529,0.011489825456746665,4.560699919238687,9.897900046780705,124371.0,124371.0,0.0,0.0,8.77,0.0002,1e-05,100.0,0.01,-0.0345923064274664,0.0,0.21849989593991245,-0.034444893789455214,0.0,0.2179930778672177,0.0,0.0,0.0,-0.06563721160229583,0.0,-0.4125037143858344,0.08157054381221894,0.0,0.35811211793415604,-0.03881324941437596,0.0,-0.15597777030364077,0.5418397021177512,-2.2950508187383956,-1.8867858870453256,-0.21868101426199005,0.06960292198572939,0.041797217358551644,-0.12105,0.04304,0.02152,-7.897526764707166e-05,0.0,0.00036802803144629984,-6.843737036411344e-05,0.0,0.00013879004124845926
296,2.9604128000792116,step,0.527821034684529,0.011075036821344728,3.7648999132215977,10.031600017100573,124371.0,124371.0,0.0,0.0,8.77,0.0002,1e-05,100.0,0.01,-0.0345923064274664,0.0,0.21849989593991245,-0.034444893789455214,0.0,0.2179930778672177,0.0,0.0,0.0,-0.06531915390673018,0.0,-0.4139858764345173,0.08130201584095392,0.0,0.35957598271375923,-0.03872573697123755,0.0,-0.1570753534616937,0.5418397021177512,-2.2950508187383956,-1.8867858870453256,-0.2187182387234693,0.06946216192068014,0.04167047504708141,-0.12374,0.04573,0.02152,-6.667679788471591e-05,0.0,0.00036348472593131253,-8.073584012646918e-05,0.0,0.00014333334676344656
297,2.9704102999530733,step,0.527821034684529,0.010766767620657241,3.867699997499585,9.99749987386167,124371.0,124371.0,0.0,0.0,8.77,0.0002,1e-05,100.0,0.01,-0.0345923064274664,0.0,0.21849989593991245,-0.034444893789455214,0.0,0.2179930778672177,0.0,0.0,0.0,-0.06505062595762326,0.0,-0.41544974120593037,0.081071211640917,0.0,0.36102514900698335,-0.03866870333506661,0.0,-0.15816753442353962,0.5418397021177512,-2.2950508187383956,-1.8867858870453256,-0.2187600576113038,0.06932024034915693,0.041546166377699464,-0.12374,0.04304,0.02152,-5.730980249216246e-05,0.0,0.0003598350204618835,-9.010283551902263e-05,0.0,0.00014698305223287558
298,2.980378699954599,step,0.527821034684529,0.010540138380573928,3.8435999304056168,9.968400001525879,124371.0,124371.0,0.0,0.0,8.77,0.0002,1e-05,100.0,0.01,-0.0345923064274664,0.0,0.21849989593991245,-0.034444893789455214,0.0,0.2179930778672177,0.0,0.0,0.0,-0.06481982177446544,0.0,-0.4168989074925799,0.08086798078291883,0.0,0.36246275983558324,-0.038634802661960135,0.0,-0.15925597076753517,0.5418397021177512,-2.2950508187383956,-1.8867858870453256,-0.21880538016747608,0.0691773898617673,0.04142366545520279,-0.12374,0.04304,0.01883,-5.046320790668047e-05,0.0,0.00035696574254084966,-9.694943010450462e-05,0.0,0.00014985233015390943
299,2.990367300109938,step,0.3415600384097703,0.0029309759871826084,3.9371000602841377,9.988600155338645,124371.0,124371.0,0.0,0.0,8.77,0.0002,1e-05,100.0,0.01,-0.03449978290077134,0.0,0.21833019868428097,-0.034444893789455214,0.0,0.2179930778672177,0.0,0.0,0.0,-0.07481659614351562,0.0,-0.39962870470155365,0.08105834508293817,0.0,0.3632043504441562,-0.04586554015301872,0.0,-0.15331976088564506,0.5418397021177512,-2.2950508187383956,-1.888319867833211,-0.21959404645594177,0.06938377315090832,0.042572683150793454,-0.12374,0.040350000000000004,0.024210000000000002,4.726837914535427e-05,0.0,0.00018414054553873342,-0.00010215749046147966,0.0,0.00015298027152454104
300,3.000422300072387,step,0.527821034684529,0.012329635829565186,4.584499867632985,10.054999962449074,124371.0,124371.0,0.0,0.0,8.77,0.0002,1e-05,100.0,0.01,-0.0345923064274664,0.0,0.21849989593991245,-0.034444893789455214,0.0,0.2179930778672177,0.0,0.0,0.0,-0.06480713324817064,0.0,-0.41907778243115396,0.08081525903621485,0.0,0.36475574863283494,-0.03886129694013676,0.0,-0.16114539189663105,0.5418397021177512,-2.2950508187383956,-1.8867858870453256,-0.21892942522235959,0.06891180617795017,0.041228202098519184,-0.12374,0.03497,0.0269,-6.035944460334044e-05,0.0,0.0003852196960274657,-8.705319340784465e-05,0.0,0.00012159837666729338
301,3.010448999935761,step,0.527821034684529,0.011857948053033833,3.967700060456991,10.026699863374233,124371.0,124371.0,0.0,0.0,8.77,0.0002,1e-05,100.0,0.01,-0.0345923064274664,0.0,0.21849989593991245,-0.034444893789455214,0.0,0.2179930778672177,0.0,0.0,0.0,-0.06456386917659007,0.0,-0.4206295071415785,0.08059045117803873,0.0,0.3662792482349152,-0.03868743880321589,0.0,-0.16174639483036107,0.5418397021177512,-2.2950508187383956,-1.8867858870453256,-0.21892978390953363,0.06884250216730248,0.04115121644428235,-0.12374,0.03497,0.024210000000000002,-5.5820881720252194e-05,0.0,0.00037829234164024297,-9.15917562909329e-05,0.0,0.00012852573105451612
302,3.020454900106415,step,0.527821034684529,0.011478606788072608,4.426399944350123,10.005900170654058,124371.0,124371.0,0.0,0.0,8.77,0.0002,1e-05,100.0,0.01,-0.0345923064274664,0.0,0.21849989593991245,-0.034444893789455214,0.0,0.2179930778672177,0.0,0.0,0.0,-0.0643390613142746,0.0,-0.42215300675376793,0.08037735546536039,0.0,0.3677793520896128,-0.03852596952089428,0.0,-0.1623363401546619,0.5418397021177512,-2.2950508187383956,-1.8867858870453256,-0.21893159722377292,0.06877390611714851,0.041076200748298985,-0.12105,0.03228,0.024210000000000002,-5.2912699177973355e-05,0.0,0.00037248306407338826,-9.449993883321174e-05,0.0,0.00013433500862137084
303,3.0304847001098096,step,0.527821034684529,0.011176627802250958,3.854600014165044,10.029800003394485,124371.0,124371.0,0.0,0.0,8.77,0.0002,1e-05,100.0,0.01,-0.0345923064274664,0.0,0.21849989593991245,-0.034444893789455214,0.0,0.2179930778672177,0.0,0.0,0.0,-0.06412596560683632,0.0,-0.4236531105980003,0.08017046818162739,0.0,0.36926006921732585,-0.038372411219652444,0.0,-0.16291715195093262,0.5418397021177512,-2.2950508187383956,-1.8867858870453256,-0.21893424283104396,0.06870603814208444,0.04100267236204926,-0.12105,0.03766,0.02152,-5.1371116153996896e-05,0.0,0.0003676692457189635,-9.60415218571882e-05,0.0,0.00013914882697579559
304,3.0405101000797004,step,0.527821034684529,0.01093994465857342,4.7647999599576,10.025399969890714,124371.0,124371.0,0.0,0.0,8.77,0.0002,1e-05,100.0,0.01,-0.0345923064274664,0.0,0.21849989593991245,-0.034444893789455214,0.0,0.2179930778672177,0.0,0.0,0.0,-0.0639190783258823,0.0,-0.42513382771703784,0.07996523119041136,0.0,0.37072494692866276,-0.03822310896152231,0.0,-0.1634904266359332,0.5418397021177512,-2.2950508187383956,-1.8867858870453256,-0.21893721397732901,0.06863891120581538,0.0409302344665147,-0.12374,0.03228,0.02152,-5.0961340516542076e-05,0.0,0.00036373624179647805,-9.645129749464302e-05,0.0,0.00014308183089828104
305,3.0504278000444174,step,0.5851909314612381,0.013888322628919599,4.132499918341637,9.91769996471703,124371.0,124371.0,0.0,0.0,8.77,0.0002,1e-05,100.0,0.01,-0.03483615429936075,0.0,0.21842823719396243,-0.034444893789455214,0.0,0.2179930778672177,0.0,0.0,0.0,-0.03683149417719519,0.0,-0.418698881360552,0.07877045926539283,0.0,0.3718869213573809,-0.020644504981468845,0.0,-0.16125383524803136,0.5403057213298655,-2.2950508187383956,-1.8867858870453256,-0.2150185123870664,0.07030709227295766,0.04014816331579009,-0.12374,0.03766,0.01883,-0.00029666766477984936,0.0,0.0002885238873489303,-9.459284512568949e-05,0.0,0.00014663543939580261
306,3.0603654999285936,step,0.527821034684529,0.011203805239623605,3.983100177720189,9.937699884176254,124371.0,124371.0,0.0,0.0,8.77,0.0002,1e-05,100.0,0.01,-0.0345923064274664,0.0,0.21849989593991245,-0.034444893789455214,0.0,0.2179930778672177,0.0,0.0,0.0,-0.062518600257712,0.0,-0.42776054197628305,0.07874360783074624,0.0,0.3733835976912618,-0.03727868528277569,0.0,-0.16451664161048418,0.5418397021177512,-2.2950508187383956,-1.8867858870453256,-0.21883486443323832,0.06856053626899287,0.0407597778822479,-0.11836,0.04304,0.01883,-6.667341478143446e-06,0.0,0.0003716319940284891,-0.00014074529653304165,0.0,0.00013518607866626998
307,3.0704830000177026,step,0.527821034684529,0.010962521338250866,3.958200104534626,10.117500089108944,124371.0,124371.0,0.0,0.0,8.77,0.0002,1e-05,100.0,0.01,-0.0345923064274664,0.0,0.21849989593991245,-0.034444893789455214,0.0,0.2179930778672177,0.0,0.0,0.0,-0.062492218023087465,0.0,-0.4292573561885721,0.0786757083339898,0.0,0.37486275080233766,-0.037247931789628104,0.0,-0.1650945116882188,0.5418397021177512,-2.2950508187383956,-1.8867858870453256,-0.2188568989307663,0.0684854815549113,0.04069397172969497,-0.12374,0.03497,0.024210000000000002,-1.685977442277364e-05,0.0,0.00036728089280157745,-0.00013055286358841145,0.0,0.00013953717989318164
308,3.0803718001116067,step,0.527821034684529,0.010785829939723157,4.111999878659844,9.888800093904138,124371.0,124371.0,0.0,0.0,8.77,0.0002,1e-05,100.0,0.01,-0.0345923064274664,0.0,0.21849989593991245,-0.034444893789455214,0.0,0.2179930778672177,0.0,0.0,0.0,-0.062424318540430214,0.0,-0.43073650930135093,0.07856901279557059,0.0,0.37632759961707574,-0.037190036381345555,0.0,-0.16566593802374546,0.5418397021177512,-2.2950508187383956,-1.8867858870453256,-0.21887431763780058,0.06841295989697985,0.040627243929290666,-0.12374,0.03228,0.02152,-2.649301976592767e-05,0.0,0.0003637290666313553,-0.00012091961824525742,0.0,0.0001430890060634038
309,3.0903807999566197,step,0.527821034684529,0.010663820872025614,4.086399916559458,10.008999845013022,124371.0,124371.0,0.0,0.0,8.77,0.0002,1e-05,100.0,0.01,-0.0345923064274664,0.0,0.21849989593991245,-0.034444893789455214,0.0,0.2179930778672177,0.0,0.0,0.0,-0.06231762298465638,0.0,-0.43220135810968996,0.07842594016815299,0.0,0.3777809730713885,-0.037106758330490555,0.0,-0.16623219166280914,0.5418397021177512,-2.2950508187383956,-1.8867858870453256,-0.21888745949944838,0.06834269346786928,0.040559559775227495,-0.12105,0.03497,0.02152,-3.5525627428260764e-05,0.0,0.0003608796789712703,-0.00011188701058292433,0.0,0.0001459383937234888
310,3.100546499947086,step,0.527821034684529,0.010587513330510827,3.8348000962287188,10.165699990466237,124371.0,124371.0,0.0,0.0,8.77,0.0002,1e-05,100.0,0.01,-0.0345923064274664,0.0,0.21849989593991245,-0.034444893789455214,0.0,0.2179930778672177,0.0,0.0,0.0,-0.06217455034096486,0.0,-0.4336547315588673,0.07824900782755506,0.0,0.3792253406191282,-0.03699966292916329,0.0,-0.16679434265570298,0.5418397021177512,-2.2950508187383956,-1.8867858870453256,-0.21889662325310194,0.06827444317681618,0.040490895122539665,-0.12105,0.040350000000000004,0.02152,-4.393315846326996e-05,0.0,0.0003586434686819207,-0.00010347947954791513,0.0,0.00014817460401283838
311,3.1100610001012683,step,0.5851909314612381,0.013730162687985962,4.258400062099099,9.514500154182315,124371.0,124371.0,0.0,0.0,8.77,0.0002,1e-05,100.0,0.01,-0.03483615429936075,0.0,0.21842823719396243,-0.034444893789455214,0.0,0.2179930778672177,0.0,0.0,0.0,-0.03511527082700836,0.0,-0.42719927504183913,0.07705331096256923,0.0,0.3803726599054095,-0.019443351115725777,0.0,-0.1645486393512874,0.5403057213298655,-2.2950508187383956,-1.8867858870453256,-0.21498193107395025,0.069941905120191,0.03971127609880335,-0.12105,0.03766,0.01883,-0.0002968973318611291,0.0,0.0002848849443907918,-9.436317804440976e-05,0.0,0.0001502743823539411
312,3.120535399997607,step,0.3415600384097703,0.003720743244669131,3.9478999096900225,10.474399896338582,124371.0,124371.0,0.0,0.0,8.77,0.0002,1e-05,100.0,0.01,-0.03449978290077134,0.0,0.21833019868428097,-0.034444893789455214,0.0,0.2179930778672177,0.0,0.0,0.0,-0.07100145716919117,0.0,-0.41753846690329893,0.07737651930494593,0.0,0.3811724630164031,-0.0433588251919515,0.0,-0.1607646339015409,0.5418397021177512,-2.2950508187383956,-1.888319867833211,-0.21954208939967643,0.06854732702710492,0.041598027999958466,-0.11836,0.03766,0.02152,8.025419928491437e-05,0.0,0.0001985949922776628,-0.00013514331060103976,0.0,0.00013852582478561165
313,3.1303691000211984,step,0.527821034684529,0.013009225712581398,3.815900068730116,9.833700023591518,124371.0,124371.0,0.0,0.0,8.77,0.0002,1e-05,100.0,0.01,-0.0345923064274664,0.0,0.21849989593991245,-0.034444893789455214,0.0,0.2179930778672177,0.0,0.0,0.0,-0.06112530749715946,0.0,-0.4370458950199077,0.07719477926748945,0.0,0.38277521555541577,-0.03627935108254598,0.0,-0.16811241962418116,0.5418397021177512,-2.2950508187383956,-1.8867858870453256,-0.21884350599045582,0.06814337190029479,0.040301636191913945,-0.12105,0.03497,0.0269,-4.512693291525427e-05,0.0,0.000397971230335493,-0.00010228570509593082,0.0,0.00010884684235926612
314,3.140561700100079,step,0.527821034684529,0.012548349729378301,3.642900148406625,10.192600078880787,124371.0,124371.0,0.0,0.0,8.77,0.0002,1e-05,100.0,0.01,-0.0345923064274664,0.0,0.21849989593991245,-0.034444893789455214,0.0,0.2179930778672177,0.0,0.0,0.0,-0.06094338943531976,0.0,-0.43864897408713205,0.07697239822219808,0.0,0.38434372332287486,-0.03614537170552729,0.0,-0.16873269123710277,0.5418397021177512,-2.2950508187383956,-1.8867858870453256,-0.21885110316851009,0.06806904097939095,0.04022491998276227,-0.12105,0.03497,0.02152,-5.5218292308827234e-05,0.0,0.0003894680874385717,-9.219434570235786e-05,0.0,0.00011734998525618739
315,3.150321700144559,step,0.527821034684529,0.012180961180447012,3.714200109243393,9.760000044479966,124371.0,124371.0,0.0,0.0,8.77,0.0002,1e-05,100.0,0.01,-0.0345923064274664,0.0,0.21849989593991245,-0.034444893789455214,0.0,0.2179930778672177,0.0,0.0,0.0,-0.0607210083595306,0.0,-0.44021748186186166,0.07671391112071516,0.0,0.38588300128817676,-0.03598509508475441,0.0,-0.16933998387350593,0.5418397021177512,-2.2950508187383956,-1.8867858870453256,-0.21885391436709276,0.06799806125868417,0.04014805626642013,-0.12105,0.03497,0.02152,-6.41836012104633e-05,0.0,0.0003822101857702203,-8.32290368007218e-05,0.0,0.0001246078869245388
316,3.1605360999237746,step,0.3415600384097703,0.00345825928288167,3.6490000784397125,10.214399779215455,124371.0,124371.0,0.0,0.0,8.77,0.0002,1e-05,100.0,0.01,-0.03449978290077134,0.0,0.21833019868428097,-0.034444893789455214,0.0,0.2179930778672177,0.0,0.0,0.0,-0.07066252645660381,0.0,-0.4230489461996335,0.0767982218148351,0.0,0.3867103727666768,-0.04309146904912188,0.0,-0.16289659848795154,0.5418397021177512,-2.2950508187383956,-1.888319867833211,-0.21959876106083684,0.06828007300156477,0.041346128690795084,-0.12105,0.040350000000000004,0.01883,2.0934754338332277e-05,0.0,0.0002054403516628625,-7.582386565445767e-05,0.0,0.00013168046540041196
317,3.1702757000457495,step,0.3415600384097703,0.004379550542310388,5.235800053924322,9.739600121974945,124371.0,124371.0,0.0,0.0,8.77,0.0002,1e-05,100.0,0.01,-0.03449978290077134,0.0,0.21833019868428097,-0.034444893789455214,0.0,0.2179930778672177,0.0,0.0,0.0,-0.07074701514734213,0.0,-0.4238759911775999,0.0767841822318547,0.0,0.3876461681495325,-0.04314040723057506,0.0,-0.1632154870259787,0.5418397021177512,-2.2950508187383956,-1.888319867833211,-0.21962136216971218,0.06823462569660921,0.041313822179617314,-0.12105,0.040350000000000004,0.024210000000000002,-3.4860965595815587e-06,0.0,0.0002323625330751359,-5.1403014756543835e-05,0.0,0.00010475828398813855
318,3.180406600004062,step,0.39954221200803985,0.00855784401829432,5.8564001228660345,10.130899958312511,124371.0,124371.0,0.0,0.0,8.77,0.0002,1e-05,100.0,0.01,-0.034743370569296286,0.0,0.2182586820672447,-0.034444893789455214,0.0,0.2179930778672177,0.0,0.0,0.0,-0.04387931378908167,0.0,-0.41692763114218223,0.07570175208852097,0.0,0.38838095641050663,-0.025692265811872124,0.0,-0.16075510908588483,0.5403057213298655,-2.2950508187383956,-1.888319867833211,-0.21571559454303518,0.0699223835066797,0.04056195512241314,-0.12105,0.03228,0.02152,-0.0002687726554221715,0.0,0.00018245148963314285,-2.9704124418901043e-05,0.0,8.315271039385474e-05
319,3.19036650005728,step,0.527821034684529,0.017498304334177615,4.202299984171987,9.959900053218007,124371.0,124371.0,0.0,0.0,8.77,0.0002,1e-05,100.0,0.01,-0.0345923064274664,0.0,0.21849989593991245,-0.034444893789455214,0.0,0.2179930778672177,0.0,0.0,0.0,-0.05945007148682509,0.0,-0.44425425090685966,0.07534892074542962,0.0,0.39021812023286306,-0.03511322397679538,0.0,-0.17090919123592865,0.5418397021177512,-2.2950508187383956,-1.8867858870453256,-0.21878839994193244,0.0678429009473105,0.039921875739145934,-0.11836,0.03766,0.01883,-8.76097340626316e-05,0.0,0.00045617668911137894,-5.9802903948553496e-05,0.0,5.064138358338015e-05
320,3.2003639000467956,step,0.3415600384097703,0.005692004430453059,4.028599942103028,9.997399989515543,124371.0,124371.0,0.0,0.0,8.77,0.0002,1e-05,100.0,0.01,-0.03449978290077134,0.0,0.21833019868428097,-0.034444893789455214,0.0,0.2179930778672177,0.0,0.0,0.0,-0.06929753601899585,0.0,-0.4273840652454819,0.0753529028389768,0.0,0.3912850715105809,-0.042158428023893746,0.0,-0.16458266282152914,0.5418397021177512,-2.2950508187383956,-1.888319867833211,-0.2195289675949049,0.06811312388904678,0.041103328744157244,-0.12105,0.03497,0.01883,9.887731447695715e-07,0.0,0.00026492917800234595,-5.5877884460894966e-05,0.0,7.219163906092851e-05
321,3.2104210001416504,step,0.3415600384097703,0.006355165922512812,4.510400118306279,10.057100094854832,124371.0,124371.0,0.0,0.0,8.77,0.0002,1e-05,100.0,0.01,-0.03449978290077134,0.0,0.21833019868428097,-0.034444893789455214,0.0,0.2179930778672177,0.0,0.0,0.0,-0.0693016961355426,0.0,-0.42845069002869346,0.07527112789427216,0.0,0.3924095029415376,-0.042152582535065104,0.0,-0.16499477086046102,0.5418397021177512,-2.2950508187383956,-1.888319867833211,-0.21954720208909986,0.06805864304379375,0.04105740512443088,-0.12374,0.03766,0.02152,-2.0305115457689046e-05,0.0,0.0002792017788858762,-3.458399585843635e-05,0.0,5.791903817739828e-05
322,3.2200174001045525,step,0.3415600384097703,0.006947185709281905,4.858399974182248,9.596399962902069,124371.0,124371.0,0.0,0.0,8.77,0.0002,1e-05,100.0,0.01,-0.03449978290077134,0.0,0.21833019868428097,-0.034444893789455214,0.0,0.2179930778672177,0.0,0.0,0.0,-0.06921992116478959,0.0,-0.42957512146277893,0.07511861959365816,0.0,0.3935783392688745,-0.04208972699256717,0.0,-0.1654299067597763,0.5418397021177512,-2.2950508187383956,-1.888319867833211,-0.2195574524556521,0.06800460630908337,0.04100549165121369,-0.12374,0.03766,0.02152,-3.786855085513325e-05,0.0,0.0002902277300637721,-1.7020560460992147e-05,0.0,4.689308699950238e-05
323,3.230233200127259,step,0.3415600384097703,0.007443984470877858,4.7962001990526915,10.21580002270639,124371.0,124371.0,0.0,0.0,8.77,0.0002,1e-05,100.0,0.01,-0.03449978290077134,0.0,0.21833019868428097,-0.034444893789455214,0.0,0.2179930778672177,0.0,0.0,0.0,-0.06906741283252933,0.0,-0.43074395780998015,0.07490864207924483,0.0,0.3947802986432372,-0.04197997190340549,0.0,-0.16588276979295843,0.5418397021177512,-2.2950508187383956,-1.888319867833211,-0.2195610780657659,0.0679510968508572,0.040948785156918896,-0.12374,0.040350000000000004,0.01883,-5.213843542274839e-05,0.0,0.00029845234331910984,-2.7506758933770054e-06,0.0,3.8668473744164615e-05
324,3.2403482999652624,step,0.3415600384097703,0.007835559530158057,5.011699860915542,10.115099838003516,124371.0,124371.0,0.0,0.0,8.77,0.0002,1e-05,100.0,0.01,-0.03449978290077134,0.0,0.21833019868428097,-0.034444893789455214,0.0,0.2179930778672177,0.0,0.0,0.0,-0.06885743529240357,0.0,-0.43194591719916486,0.07465282995106663,0.0,0.3960057259405954,-0.04183213580288206,0.0,-0.16634889393647287,0.5418397021177512,-2.2950508187383956,-1.888319867833211,-0.2195592719000305,0.0678981662686913,0.04088831213710917,-0.12374,0.03228,0.024210000000000002,-6.351939236275252e-05,0.0,0.000304279542441007,8.630281046627123e-06,0.0,3.284127462226745e-05
325,3.250418399926275,step,0.527821034684529,0.020802951998718577,4.680299898609519,10.070099961012602,124371.0,124371.0,0.0,0.0,8.77,0.0002,1e-05,100.0,0.01,-0.0345923064274664,0.0,0.21849989593991245,-0.034444893789455214,0.0,0.2179930778672177,0.0,0.0,0.0,-0.058401617929006715,0.0,-0.45187915812147794,0.0739866439583927,0.0,0.3979336228836174,-0.0343555133905155,0.0,-0.17386110016316605,0.5418397021177512,-2.2950508187383956,-1.8867858870453256,-0.21880546028284867,0.06749656698406074,0.03954954536027813,-0.12374,0.040350000000000004,0.024210000000000002,-0.00016541721362699113,0.0,0.00047870616311619966,1.8004575615806036e-05,0.0,2.8111909578559433e-05
326,3.2605650001205504,step,0.3415600384097703,0.00657976983641212,3.945800010114908,10.14660019427538,124371.0,124371.0,0.0,0.0,8.77,0.0002,1e-05,100.0,0.01,-0.03449978290077134,0.0,0.21833019868428097,-0.034444893789455214,0.0,0.2179930778672177,0.0,0.0,0.0,-0.06793525912419034,0.0,-0.43509956794636157,0.07373858822128201,0.0,0.3990536328472205,-0.041199971510194444,0.0,-0.16757487826864784,0.5418397021177512,-2.2950508187383956,-1.888319867833211,-0.2195158731251206,0.06777392501969291,0.040714560630718016,-0.12374,0.03497,0.02152,-6.159344283470267e-05,0.0,0.0002781039070936879,6.704331518577275e-06,0.0,5.901690996958656e-05
327,3.270073699997738,step,0.3415600384097703,0.006960700988137677,4.210099810734391,9.50869987718761,124371.0,124371.0,0.0,0.0,8.77,0.0002,1e-05,100.0,0.01,-0.03449978290077134,0.0,0.21833019868428097,-0.034444893789455214,0.0,0.2179930778672177,0.0,0.0,0.0,-0.06768738140508297,0.0,-0.43621925138908085,0.07345835111530061,0.0,0.4001997599614884,-0.041027859313970724,0.0,-0.16800951613599704,0.5418397021177512,-2.2950508187383956,-1.888319867833211,-0.21950874707727536,0.0677266784170133,0.04065610304029795,-0.12105,0.03766,0.024210000000000002,-6.958423283605529e-05,0.0,0.00028458892229718817,1.4695121519929896e-05,0.0,5.2531894766086286e-05
328,3.2803603000938892,step,0.3415600384097703,0.007246978038261323,4.00149985216558,10.286600096151233,124371.0,124371.0,0.0,0.0,8.77,0.0002,1e-05,100.0,0.01,-0.03449978290077134,0.0,0.21833019868428097,-0.034444893789455214,0.0,0.2179930778672177,0.0,0.0,0.0,-0.0674071442970203,0.0,-0.43736537849244234,0.07315386012877756,0.0,0.4013645263959205,-0.04083424200109365,0.0,-0.16845463216356116,0.5418397021177512,-2.2950508187383956,-1.888319867833211,-0.21949869259965454,0.06767936091549596,0.040595187857838645,-0.12374,0.03497,0.01883,-7.560658902931501e-05,0.0,0.00028921715591270455,2.0717477713189615e-05,0.0,4.790366115056991e-05
329,3.290369899943471,step,0.527821034684529,0.01980348111091501,3.9862000849097967,10.009599849581718,124371.0,124371.0,0.0,0.0,8.77,0.0002,1e-05,100.0,0.01,-0.0345923064274664,0.0,0.21849989593991245,-0.034444893789455214,0.0,0.2179930778672177,0.0,0.0,0.0,-0.0569026480849358,0.0,-0.45723795854966887,0.0724572400204111,0.0,0.40322877333417884,-0.03332185666226436,0.0,-0.1759425333690551,0.5418397021177512,-2.2950508187383956,-1.8867858870453256,-0.21873808774435666,0.0672831797249438,0.03925693142692493,-0.12374,0.03766,0.02152,-0.0001729741521883593,0.0,0.00046290155816941503,2.5561514177174208e-05,0.0,4.391651452534406e-05
330,3.300396299920976,step,0.527821034684529,0.017209139657889533,3.9766000118106604,10.026399977505207,124371.0,124371.0,0.0,0.0,8.77,0.0002,1e-05,100.0,0.01,-0.0345923064274664,0.0,0.21849989593991245,-0.034444893789455214,0.0,0.2179930778672177,0.0,0.0,0.0,-0.05620584995787932,0.0,-0.45910253198289797,0.07181933622009079,0.0,0.40497087168763574,-0.032846970689702,0.0,-0.1766683292688804,0.5418397021177512,-2.2950508187383956,-1.8867858870453256,-0.21869639742910407,0.06721583444826813,0.03914800349095694,-0.11836,0.03497,0.01883,-0.00015839460806964893,0.0,0.0004325714720245127,1.0981970058463836e-05,0.0,7.424660067024638e-05
331,3.3103996000718325,step,0.527821034684529,0.015153820203419946,3.8711000233888626,10.003300150856376,124371.0,124371.0,0.0,0.0,8.77,0.0002,1e-05,100.0,0.01,-0.0345923064274664,0.0,0.21849989593991245,-0.034444893789455214,0.0,0.2179930778672177,0.0,0.0,0.0,-0.055567946171509904,0.0,-0.460844630304299,0.07123224878327268,0.0,0.4066098019430817,-0.03241190818750297,0.0,-0.1773463334812876,0.5418397021177512,-2.2950508187383956,-1.8867858870453256,-0.21865881231655043,0.06715239582404006,0.03904676335143947,-0.12105,0.03497,0.02152,-0.00014577665850356764,0.0,0.00040695433282340627,-1.6359795076174518e-06,0.0,9.986373987135283e-05
332,3.320033899974078,step,0.5851909314612381,0.019688678679302365,4.264699993655086,9.634299902245402,124371.0,124371.0,0.0,0.0,8.77,0.0002,1e-05,100.0,0.01,-0.03483615429936075,0.0,0.21842823719396243,-0.034444893789455214,0.0,0.2179930778672177,0.0,0.0,0.0,-0.028098511599216013,0.0,-0.45458373645285505,0.06970133134250049,0.0,0.4078723499720304,-0.014595376365498,0.0,-0.17517572783841592,0.5403057213298655,-2.2950508187383956,-1.8867858870453256,-0.21470918294905986,0.06882392089717751,0.03824332037549545,-0.12912,0.040350000000000004,0.02152,-0.0003801342269733405,0.0,0.00031349680016647564,-1.112628293219837e-05,0.0,0.00012166252657825726
333,3.3300437999423593,step,0.527821034684529,0.012312954653290836,4.446200095117092,10.009899968281388,124371.0,124371.0,0.0,0.0,8.77,0.0002,1e-05,100.0,0.01,-0.0345923064274664,0.0,0.21849989593991245,-0.034444893789455214,0.0,0.2179930778672177,0.0,0.0,0.0,-0.05344947218442782,0.0,-0.46374597063594386,0.06938053427930667,0.0,0.4094084750238754,-0.03099289940610272,0.0,-0.178484959505566,0.5418397021177512,-2.2950508187383956,-1.8867858870453256,-0.21848624128059624,0.06708833895814548,0.038835281267225484,-0.12374,0.03497,0.01883,-7.965546696691632e-05,0.0,0.00038142730206466646,-6.775717104426878e-05,0.0,0.00012539077063009263
334,3.340366099961102,step,0.527821034684529,0.011303496355455914,3.8256999105215073,10.32230001874268,124371.0,124371.0,0.0,0.0,8.77,0.0002,1e-05,100.0,0.01,-0.0345923064274664,0.0,0.21849989593991245,-0.034444893789455214,0.0,0.2179930778672177,0.0,0.0,0.0,-0.05312914434013579,0.0,-0.46528223353884973,0.06905740193970823,0.0,0.4108769043760057,-0.030768505677639047,0.0,-0.1790806857807269,0.5418397021177512,-2.2950508187383956,-1.8867858870453256,-0.21847831896228057,0.06702285624807308,0.03875583577516786,-0.12374,0.03228,0.01883,-8.023532742653091e-05,0.0,0.00036461813143594387,-6.717731058465418e-05,0.0,0.00014219994125881522
335,3.3502833999227732,step,0.527821034684529,0.010524790459684009,3.9109999779611826,9.917299961671233,124371.0,124371.0,0.0,0.0,8.77,0.0002,1e-05,100.0,0.01,-0.0345923064274664,0.0,0.21849989593991245,-0.034444893789455214,0.0,0.2179930778672177,0.0,0.0,0.0,-0.052806012031956354,0.0,-0.46675066287022965,0.06873076706161312,0.0,0.4122905053622637,-0.030542875368192553,0.0,-0.17965025959979936,0.5418397021177512,-2.2950508187383956,-1.8867858870453256,-0.2184689815244693,0.06696093246337059,0.03867921013797876,-0.12105,0.040350000000000004,0.01883,-8.110502472595761e-05,0.0,0.0003510039822192631,-6.630761328522748e-05,0.0,0.00015581409047549601
336,3.360492100007832,step,0.527821034684529,0.009933023651364267,4.745000042021275,10.208700085058808,124371.0,124371.0,0.0,0.0,8.77,0.0002,1e-05,100.0,0.01,-0.0345923064274664,0.0,0.21849989593991245,-0.034444893789455214,0.0,0.2179930778672177,0.0,0.0,0.0,-0.052479377152297474,0.0,-0.46816426383195436,0.06839973654704966,0.0,0.4136605504449896,-0.030315432954392405,0.0,-0.1801987060371104,0.5418397021177512,-2.2950508187383956,-1.8867858870453256,-0.21845837158880932,0.06690193395218667,0.03860481355797757,-0.12105,0.03766,0.02152,-8.2196482584133e-05,0.0,0.000340188840084023,-6.52161554270521e-05,0.0,0.00016662923261073607
337,3.37035940005444,step,0.5374699560683793,0.014772565718490399,4.070900147780776,9.867300046607852,124371.0,124371.0,0.0,0.0,8.77,0.0002,1e-05,100.0,0.01,-0.03493034834888638,0.0,0.2182237460800335,-0.034444893789455214,0.0,0.2179930778672177,0.0,0.0,0.0,-0.014881832004968029,0.0,-0.43909091669625383,0.06669475031057208,0.0,0.41387857584975046,-0.006296298617474775,0.0,-0.16931097867047645,0.5403057213298655,-2.2965847995262814,-1.8867858870453256,-0.21287264326237573,0.0706069296773704,0.03824203958805509,-0.12374,0.03766,0.02152,-0.00042335635334897557,0.0,5.4136765636116394e-05,-6.209820608218876e-05,0.0,0.00017653144717969356
338,3.380344199948013,step,0.5851909314612381,0.01332047965516438,4.025000147521496,9.984799893572927,124371.0,124371.0,0.0,0.0,8.77,0.0002,1e-05,100.0,0.01,-0.03483615429936075,0.0,0.21842823719396243,-0.034444893789455214,0.0,0.2179930778672177,0.0,0.0,0.0,-0.023560362862184065,0.0,-0.4618519789248731,0.06562287088301558,0.0,0.4151094984402552,-0.011549082729062313,0.0,-0.17801916434911547,0.5403057213298655,-2.2950508187383956,-1.8867858870453256,-0.2143582165025834,0.06863237254484755,0.03774489707745665,-0.11836,0.03497,0.02152,-0.0002661528615137784,0.0,0.00030564405038692325,-0.00012510764839176043,0.0,0.00012951527635780965
339,3.3904033999424428,step,0.527821034684529,0.011556130093741245,3.922899952158332,10.059199994429946,124371.0,124371.0,0.0,0.0,8.77,0.0002,1e-05,100.0,0.01,-0.0345923064274664,0.0,0.21849989593991245,-0.034444893789455214,0.0,0.2179930778672177,0.0,0.0,0.0,-0.04937101188531715,0.0,-0.4709831190532482,0.06567153375190186,0.0,0.4166289911003035,-0.028246249822121348,0.0,-0.18131436587465263,0.5418397021177512,-2.2950508187383956,-1.8867858870453256,-0.21818135285111134,0.06688105866720143,0.038356712462321946,-0.12105,0.040350000000000004,0.02152,1.2083226406424424e-05,0.0,0.00037729739849842096,-0.00015949586441760952,0.0,0.00012952067419633813
340,3.4003489001188427,step,0.527821034684529,0.010724659157433617,4.019299987703562,9.945500176399946,124371.0,124371.0,0.0,0.0,8.77,0.0002,1e-05,100.0,0.01,-0.0345923064274664,0.0,0.21849989593991245,-0.034444893789455214,0.0,0.2179930778672177,0.0,0.0,0.0,-0.049420143978031496,0.0,-0.4725027496078288,0.06563957315764364,0.0,0.41809320090490865,-0.028264947199136338,0.0,-0.18190036466769766,0.5418397021177512,-2.2950508187383956,-1.8867858870453256,-0.2182116287674441,0.06680186979582654,0.03829298517179697,-0.12374,0.04304,0.02152,-7.93597059409694e-06,0.0,0.00036357039731660287,-0.00013947666741708815,0.0,0.00014324767537815623
341,3.410361000103876,step,0.5851909314612381,0.012326840805364676,3.963500028476119,10.012099985033274,124371.0,124371.0,0.0,0.0,8.77,0.0002,1e-05,100.0,0.01,-0.03483615429936075,0.0,0.21842823719396243,-0.034444893789455214,0.0,0.2179930778672177,0.0,0.0,0.0,-0.022505836221959646,0.0,-0.4660671353365068,0.06454870988652843,0.0,0.419222530566613,-0.010819645085663198,0.0,-0.1796547221828486,0.5403057213298655,-2.2950508187383956,-1.8867858870453256,-0.21431889150283961,0.06845928319556566,0.03751997990241719,-0.12105,0.03766,0.02152,-0.00027086664195941166,0.0,0.00028041803334188573,-0.00012039386794612719,0.0,0.00015474129340284717
342,3.4204105001408607,step,0.527821034684529,0.010349671336084557,4.048399860039353,10.049500036984682,124371.0,124371.0,0.0,0.0,8.77,0.0002,1e-05,100.0,0.01,-0.0345923064274664,0.0,0.21849989593991245,-0.034444893789455214,0.0,0.2179930778672177,0.0,0.0,0.0,-0.04829685092534712,0.0,-0.47509615117091775,0.06456792529745875,0.0,0.42066112885494794,-0.02750308770183022,0.0,-0.1829112414883653,0.5418397021177512,-2.2950508187383956,-1.8867858870453256,-0.21813759226923976,0.06671427105807651,0.03813522212807363,-0.12105,0.03228,0.02152,4.771279747320319e-06,0.0,0.00035721093358608767,-0.0001521839177585054,0.0,0.00014960713910867142
343,3.4303570999763906,step,0.5851909314612381,0.011758585335627573,3.9993999525904655,9.946599835529923,124371.0,124371.0,0.0,0.0,8.77,0.0002,1e-05,100.0,0.01,-0.03483615429936075,0.0,0.21842823719396243,-0.034444893789455214,0.0,0.2179930778672177,0.0,0.0,0.0,-0.021434188352209886,0.0,-0.4686350632655412,0.06351101796408938,0.0,0.421772283189771,-0.010093014970426176,0.0,-0.18065479043932345,0.5403057213298655,-2.2950508187383956,-1.8867858870453256,-0.21425024881069968,0.06837070673122324,0.03736550418753474,-0.12374,0.03228,0.02152,-0.00026243521789799716,0.0,0.00027590501150934595,-0.00012882529200754168,0.0,0.00015925431523538695
344,3.440210400149226,step,0.5851909314612381,0.010959589228491717,4.09090006724,9.853300172835588,124371.0,124371.0,0.0,0.0,8.77,0.0002,1e-05,100.0,0.01,-0.03483615429936075,0.0,0.21842823719396243,-0.034444893789455214,0.0,0.2179930778672177,0.0,0.0,0.0,-0.020376811859889685,0.0,-0.46974607972520616,0.06256224225770947,0.0,0.4229088316949753,-0.009388210574662131,0.0,-0.1810925409517794,0.5403057213298655,-2.2950508187383956,-1.8867858870453256,-0.21415873804105556,0.06835572249134605,0.03727452736925031,-0.12374,0.03766,0.01883,-0.00023558561037358483,0.0,0.0002822105072012829,-0.000155674899531954,0.0,0.00015294881954345
345,3.450332900043577,step,0.5851909314612381,0.01044973248181237,3.925400087609887,10.122499894350767,124371.0,124371.0,0.0,0.0,8.77,0.0002,1e-05,100.0,0.01,-0.03483615429936075,0.0,0.21842823719396243,-0.034444893789455214,0.0,0.2179930778672177,0.0,0.0,0.0,-0.019428036169426472,0.0,-0.4708826282322323,0.061698279160572245,0.0,0.4240679323218183,-0.008754602630379612,0.0,-0.18153921644309687,0.5403057213298655,-2.2950508187383956,-1.8867858870453256,-0.21407896040962757,0.06833516981071992,0.03718686395711811,-0.12374,0.03228,0.01883,-0.0002145262280754751,0.0,0.0002878103084037819,-0.00017673428183006374,0.0,0.000147349018340951
346,3.4603462999220937,step,0.5851909314612381,0.010145102904330856,4.025799920782447,10.013399878516793,124371.0,124371.0,0.0,0.0,8.77,0.0002,1e-05,100.0,0.01,-0.03483615429936075,0.0,0.21842823719396243,-0.034444893789455214,0.0,0.2179930778672177,0.0,0.0,0.0,-0.01856407311023376,0.0,-0.4720417288691602,0.06089892226630795,0.0,0.42524693577238937,-0.008176573791784752,0.0,-0.18199387015186275,0.5403057213298655,-2.2950508187383956,-1.8867858870453256,-0.21400838953651527,0.06831013543442908,0.03710167534303065,-0.11298000000000001,0.03497,0.02152,-0.00019848419449958418,0.0,0.00029275227608340935,-0.00019277631540595466,0.0,0.00014240705066132355
347,3.4704050000291318,step,0.5755343171494797,0.009667669003353549,3.919099923223257,10.058700107038021,124371.0,124371.0,0.0,0.0,8.77,0.0002,1e-05,100.0,0.01,-0.034986848246154986,0.0,0.21818679187569404,-0.034444893789455214,0.0,0.2179930778672177,-0.0038054400147286625,0.0,-0.0011267833344453056,0.055354272156994844,0.0,-0.42987188991078584,0.05952518354681711,0.0,0.4254622860248681,0.03952625591745638,0.0,-0.16648073302552296,0.53877174054198,-2.2950508187383956,-1.888319867833211,-0.2045884382659833,0.07336104208886954,0.03609345680774899,-0.12105,0.040350000000000004,0.02152,-0.0003411059880105038,0.0,5.3472512347383424e-05,-0.0002008484686892687,0.0,0.0001402414961289588
348,3.480114500038326,step,0.9254729309642945,0.037551149399494464,4.208900034427643,9.709500009194016,124371.0,124371.0,0.0,0.0,8.77,0.0002,1e-05,100.0,0.01,-0.035323518839625354,0.0,0.21828379795108044,-0.034444893789455214,0.0,0.2179930778672177,-0.0038077663007081855,0.0,-0.00113485697268421,0.0938785040766295,0.0,-0.4406609675174776,0.05690334467063637,0.0,0.4262599017138105,0.06513351897651563,0.0,-0.17074455218987397,0.5372377597540943,-2.2950508187383956,-1.8867858870453256,-0.1996886839538085,0.07483480879494492,0.0340295800963568,-0.11298000000000001,0.04304,0.01883,-0.0006510153114090407,0.0,0.0001980518447716366,-0.0002276097387610991,0.0,9.26682390911078e-05
349,3.4900484001263976,step,0.9254729309642945,0.030257867384442975,4.166199825704098,9.933900088071823,124371.0,124371.0,0.0,0.0,8.77,0.0002,1e-05,100.0,0.01,-0.035323518839625354,0.0,0.21828379795108044,-0.034444893789455214,0.0,0.2179930778672177,-0.0038077663007081855,0.0,-0.00113485697268421,0.09650099087712588,0.0,-0.44145876920002497,0.05460349317937685,0.0,0.4271329747892404,0.06686431050289518,0.0,-0.17107257753384303,0.5372377597540943,-2.2950508187383956,-1.8867858870453256,-0.19946734612231945,0.07484648447653595,0.03386296443824303,-0.11298000000000001,0.04573,0.02152,-0.0005710642817829885,0.0,0.0002167882798777521,-0.00030756076838715134,0.0,7.39318039849923e-05
350,3.500357599928975,step,0.9254729309642945,0.025626086656840633,3.917899914085865,10.309199802577496,124371.0,124371.0,0.0,0.0,8.77,0.0002,1e-05,100.0,0.01,-0.035323518839625354,0.0,0.21828379795108044,-0.034444893789455214,0.0,0.2179930778672177,-0.0038077663007081855,0.0,-0.00113485697268421,0.09880084226915664,0.0,-0.44233184232209194,0.05253811286824017,0.0,0.4280600246809601,0.06838350510262597,0.0,-0.1714271589209774,0.5372377597540943,-2.2950508187383956,-1.8867858870453256,-0.19924290267288186,0.07489198602045893,0.033731545503567405,-0.11298000000000001,0.04304,0.01345,-0.0005128439503465771,0.0,0.00023019098520226717,-0.00036578109982356275,0.0,6.0529098660477224e-05
351,3.510388100054115,step,0.9254729309642945,0.02278869676605723,3.854299895465374,10.030500125139952,124371.0,124371.0,0.0,0.0,8.77,0.0002,1e-05,100.0,0.01,-0.035323518839625354,0.0,0.21828379795108044,-0.034444893789455214,0.0,0.2179930778672177,-0.0038077663007081855,0.0,-0.00113485697268421,0.10086622247538364,0.0,-0.44325889223796444,0.05063264975640696,0.0,0.42902280694225015,0.06974891873060332,0.0,-0.17180075955024673,0.5372377597540943,-2.2950508187383956,-1.8867858870453256,-0.1990437772076574,0.07492555375416057,0.03360736759227928,-0.11029,0.03497,0.01614,-0.0004731357340065023,0.0,0.00023906350590310955,-0.0004054893161636375,0.0,5.1656577959634844e-05
352,3.520049799932167,step,0.9254729309642945,0.021185589860681798,4.21659997664392,9.661699878051877,124371.0,124371.0,0.0,0.0,8.77,0.0002,1e-05,100.0,0.01,-0.035323518839625354,0.0,0.21828379795108044,-0.034444893789455214,0.0,0.2179930778672177,-0.0038077663007081855,0.0,-0.00113485697268421,0.1027716855156595,0.0,-0.44422167451524214,0.04882420060864688,0.0,0.4300059801986513,0.07100944027435258,0.0,-0.17218691461625604,0.5372377597540943,-2.2950508187383956,-1.8867858870453256,-0.19886190102606663,0.07495103741296597,0.033488174875975836,-0.11298000000000001,0.04573,0.01883,-0.00044904669611562465,0.0,0.0002441266889052564,-0.00042957835405451516,0.0,4.6593394957487985e-05
353,3.5300523000769317,step,0.9254729309642945,0.020465768509020203,5.574199836701155,10.002500144764781,124371.0,124371.0,0.0,0.0,8.77,0.0002,1e-05,100.0,0.01,-0.035323518839625354,0.0,0.21828379795108044,-0.034444893789455214,0.0,0.2179930778672177,-0.0038077663007081855,0.0,-0.00113485697268421,0.10458013462000605,0.0,-0.4452048477807718,0.047060271400063275,0.0,0.4309967917089347,0.07220631900232323,0.0,-0.17258018963091692,0.5372377597540943,-2.2950508187383956,-1.8867858870453256,-0.19869046723350248,0.07497168247191043,0.033372061814804205,-0.1076,0.048420000000000005,0.01883,-0.00043799217925336075,0.0,0.00024602330439710783,-0.00044063287091677906,0.0,4.469677946563656e-05
354,3.5402997999917716,step,0.9254729309642945,0.02041548239345093,4.069600021466613,10.247499914839864,124371.0,124371.0,0.0,0.0,8.77,0.0002,1e-05,100.0,0.01,-0.035323518839625354,0.0,0.21828379795108044,-0.034444893789455214,0.0,0.2179930778672177,-0.0038077663007081855,0.0,-0.00113485697268421,0.10634406380866254,0.0,-0.4461956592944718,0.04529761146780951,0.0,0.4319847828232255,0.07337397864985602,0.0,-0.17297606867483503,0.5372377597540943,-2.2950508187383956,-1.8867858870453256,-0.19852379618933086,0.0749901947975066,0.03325743604636817,-0.1076,0.04573,0.01614,-0.0004376770117834457,0.0,0.000245322986390517,-0.0004409480383866941,0.0,4.539709747222742e-05
355,3.550281499978155,step,0.9254729309642945,0.020736127268145894,5.068499827757478,9.981699986383319,124371.0,124371.0,0.0,0.0,8.77,0.0002,1e-05,100.0,0.01,-0.035323518839625354,0.0,0.21828379795108044,-0.034444893789455214,0.0,0.2179930778672177,0.0,0.0,0.0,0.05156603821025836,0.0,-0.46403489235536965,0.04351251218806224,0.0,0.43296490833308393,0.0374873916360688,0.0,-0.1794369209075468,0.5372377597540943,-2.2950508187383956,-1.8867858870453256,-0.20460801132433346,0.07200285363503442,0.03466808975821338,-0.1076,0.040350000000000004,0.01614,-0.00044324881061861274,0.0,0.00024336991865416772,-0.00043537623955152707,0.0,4.7350165208576676e-05
356,3.5603631001431495,step,0.9254729309642945,0.02119262835634196,4.225499927997589,10.081600164994597,124371.0,124371.0,0.0,0.0,8.77,0.0002,1e-05,100.0,0.01,-0.035323518839625354,0.0,0.21828379795108044,-0.034444893789455214,0.0,0.2179930778672177,0.0,0.0,0.0,0.05335081282406773,0.0,-0.4650151146273103,0.04169747499635093,0.0,0.4339365902069363,0.038668678407207085,0.0,-0.1798288749080553,0.5372377597540943,-2.2950508187383956,-1.8867858870453256,-0.20443899076685468,0.07202272234261231,0.0345530695799694,-0.11298000000000001,0.040350000000000004,0.02152,-0.00045068253938710496,0.0,0.0002412733228740782,-0.00042794251078303485,0.0,4.944676098866621e-05
357,3.570263300091028,step,0.9254729309642945,0.021759445939775933,5.078299902379513,9.900199947878718,124371.0,124371.0,0.0,0.0,8.77,0.0002,1e-05,100.0,0.01,-0.035323518839625354,0.0,0.21828379795108044,-0.034444893789455214,0.0,0.2179930778672177,0.0,0.0,0.0,0.05516585000995683,0.0,-0.4659867965031089,0.03984687625544969,0.0,0.4348994886897112,0.03986980115247953,0.0,-0.18021776694033873,0.5372377597540943,-2.2950508187383956,-1.8867858870453256,-0.2042666756749556,0.07204421160499147,0.03443718259006871,-0.11298000000000001,0.04304,0.01883,-0.0004595126445588594,0.0,0.00023909236426158768,-0.0004191124056112804,0.0,5.162771960115671e-05
358,3.5800656999927014,step,0.9254729309642945,0.02241418616234592,4.281000001356006,9.802399901673198,124371.0,124371.0,0.0,0.0,8.77,0.0002,1e-05,100.0,0.01,-0.035323518839625354,0.0,0.21828379795108044,-0.034444893789455214,0.0,0.2179930778672177,0.0,0.0,0.0,0.057016448766764864,0.0,-0.4669496949819544,0.037956698661748736,0.0,0.4358534624297797,0.041094242816391416,0.0,-0.1806035440788037,0.5372377597540943,-2.2950508187383956,-1.8867858870453256,-0.20409051050885424,0.07206754128623301,0.034320223077906664,-0.11836,0.03497,0.01883,-0.00046934026570473204,0.0,0.00023687630735396033,-0.0004092847844654078,0.0,5.3843776508784064e-05
359,3.590241099940613,step,0.9254729309642945,0.023136829568906225,4.1745000053197145,10.175399947911501,124371.0,124371.0,0.0,0.0,8.77,0.0002,1e-05,100.0,0.01,-0.035323518839625354,0.0,0.21828379795108044,-0.034444893789455214,0.0,0.2179930778672177,0.0,0.0,0.0,0.058906626378171664,0.0,-0.4679036687180307,0.036024288953293286,0.0,0.436798533132134,0.04234464422362409,0.0,-0.18098618274324543,0.5372377597540943,-2.2950508187383956,-1.8867858870453256,-0.20391007483247967,0.07209287588239717,0.03420203324350569,-0.11298000000000001,0.03766,0.01614,-0.0004798267046648607,0.0,0.0002346656399012036,-0.00039879834550527913,0.0,5.6054443961540805e-05
360,3.6000427999533713,step,0.9254729309642945,0.023909299508319895,4.097100114449859,9.801700012758374,124371.0,124371.0,0.0,0.0,8.77,0.0002,1e-05,100.0,0.01,-0.035323518839625354,0.0,0.21828379795108044,-0.034444893789455214,0.0,0.2179930778672177,0.0,0.0,0.0,0.06083903610552028,0.0,-0.4688487394164027,0.034048140583344155,0.0,0.43773485440264515,0.04362275042389282,0.0,-0.18136571175312768,0.5372377597540943,-2.2950508187383956,-1.8867858870453256,-0.20372509292404886,0.07212031816675965,0.03408250391147803,-0.11567000000000001,0.03497,0.01345,-0.0004906872264885394,0.0,0.00023249311353132097,-0.00038793782368160045,0.0,5.822697033142343e-05
361,3.6101129001472145,step,0.9254729309642945,0.02471524470667114,4.176900023594499,10.070100193843246,124371.0,124371.0,0.0,0.0,8.77,0.0002,1e-05,100.0,0.01,-0.035323518839625354,0.0,0.21828379795108044,-0.034444893789455214,0.0,0.2179930778672177,0.0,0.0,0.0,0.06281518449503679,0.0,-0.46978506068300063,0.03202769995988888,0.0,0.43866268446705675,0.04492955336115561,0.0,-0.18174220198338698,0.5372377597540943,-2.2950508187383956,-1.8867858870453256,-0.20353541063298425,0.07214991928704312,0.03396156700726126,-0.11298000000000001,0.04304,0.02152,-0.0005016852078943659,0.0,0.00023038470586625947,-0.00037693984227577394,0.0,6.033537799648493e-05
362,3.6203523001167923,step,0.9254729309642945,0.025539946634286922,3.790699876844883,10.23939996957779,124371.0,124371.0,0.0,0.0,8.77,0.0002,1e-05,100.0,0.01,-0.035323518839625354,0.0,0.21828379795108044,-0.034444893789455214,0.0,0.2179930778672177,0.0,0.0,0.0,0.06483562513830712,0.0,-0.47071289074361256,0.029963194756114288,0.0,0.43958236244898585,0.04626541908742897,0.0,-0.18211575733158228,0.5372377597540943,-2.2950508187383956,-1.8867858870453256,-0.20334097475295446,0.07218168774335684,0.03383918882734696,-0.11567000000000001,0.03497,0.01883,-0.0005126266569434722,0.0,0.00022836050424036438,-0.00036599839322666756,0.0,6.235957962238002e-05
363,3.6303733999375254,step,0.7946572652124689,0.015218842111970377,3.7799000274389982,10.02109982073307,124371.0,124371.0,0.0,0.0,8.77,0.0002,1e-05,100.0,0.01,-0.03523021535842108,0.0,0.21811452827879357,-0.034444893789455214,0.0,0.2179930778672177,0.0,0.0,0.0,0.05661414117797535,0.0,-0.45297189287337397,0.02823331579831671,0.0,0.4398088292539779,0.04033434757807928,0.0,-0.1753811990622686,0.5372377597540943,-2.2950508187383956,-1.888319867833211,-0.2038918738874989,0.07256739401062764,0.034986748752300664,-0.11029,0.03497,0.02152,-0.0004295373368065635,0.0,5.623280626248867e-05,-0.0003557842321593025,0.0,6.521760531339099e-05
364,3.6408828001003712,step,0.7946572652124689,0.017583257446742332,4.326599882915616,10.50940016284585,124371.0,124371.0,0.0,0.0,8.77,0.0002,1e-05,100.0,0.01,-0.03523021535842108,0.0,0.21811452827879357,-0.034444893789455214,0.0,0.2179930778672177,0.0,0.0,0.0,0.05834384064362706,0.0,-0.4531980340080735,0.02639060216938161,0.0,0.4401567631141947,0.04147413715164237,0.0,-0.17548031999160135,0.5372377597540943,-2.2950508187383956,-1.888319867833211,-0.20371576820477047,0.072623621749679,0.03490639222986387,-0.11298000000000001,0.040350000000000004,0.01883,-0.0004575547330072564,0.0,8.639366530744927e-05,-0.00032776683595860963,0.0,3.505674626843039e-05
365,3.650188500061631,step,0.9254729309642945,0.03329027809769881,3.945800010114908,9.305699961259961,124371.0,124371.0,0.0,0.0,8.77,0.0002,1e-05,100.0,0.01,-0.035323518839625354,0.0,0.21828379795108044,-0.034444893789455214,0.0,0.2179930778672177,0.0,0.0,0.0,0.07047254349444197,0.0,-0.47220664374861926,0.02407183329961493,0.0,0.44128873773764743,0.049983974641775696,0.0,-0.18273553104426488,0.5372377597540943,-2.2950508187383956,-1.8867858870453256,-0.20277985825206316,0.07232617651996306,0.033544905766029226,-0.11567000000000001,0.040350000000000004,0.01614,-0.0005757615586339151,0.0,0.00028107479017464227,-0.0003028634915362247,0.0,9.645293688102124e-06
366,3.6601585000753403,step,0.9254729309642945,0.033056977374226304,4.089700058102608,9.970000013709068,124371.0,124371.0,0.0,0.0,8.77,0.0002,1e-05,100.0,0.01,-0.035323518839625354,0.0,0.21828379795108044,-0.034444893789455214,0.0,0.2179930778672177,0.0,0.0,0.0,0.07279149191962825,0.0,-0.47333894408300126,0.021739176358186042,0.0,0.44237045261156244,0.05151772565388825,0.0,-0.18319027777457256,0.5372377597540943,-2.2950508187383956,-1.8867858870453256,-0.2025578436566876,0.07235920052479299,0.03340154509544441,-0.11029,0.040350000000000004,0.01883,-0.0005792100341982173,0.0,0.0002685950505560639,-0.0002994150159719225,0.0,2.2125033306680502e-05
367,3.6703485001344234,step,0.9254729309642945,0.03292934545016168,3.913900116458535,10.190000059083104,124371.0,124371.0,0.0,0.0,8.77,0.0002,1e-05,100.0,0.01,-0.035323518839625354,0.0,0.21828379795108044,-0.034444893789455214,0.0,0.2179930778672177,0.0,0.0,0.0,0.07512414887969286,0.0,-0.47442065895696606,0.019391880878814518,0.0,0.44340779200759173,0.05306010211289256,0.0,-0.1836256126409954,0.5372377597540943,-2.2950508187383956,-1.8867858870453256,-0.2023335408423892,0.07239534201066132,0.033259803456952196,-0.11029,0.040350000000000004,0.01883,-0.0005828448541804368,0.0,0.0002575764041330675,-0.000295780195989703,0.0,3.3143679729676914e-05
368,3.68036190001294,step,0.9254729309642945,0.03288690490796848,3.787500085309148,10.013399878516793,124371.0,124371.0,0.0,0.0,8.77,0.0002,1e-05,100.0,0.01,-0.035323518839625354,0.0,0.21828379795108044,-0.034444893789455214,0.0,0.2179930778672177,0.0,0.0,0.0,0.07747144436561414,0.0,-0.4754579983331457,0.01702956188338057,0.0,0.44440620572214384,0.05461176346658284,0.0,-0.18404393881281636,0.5372377597540943,-2.2950508187383956,-1.8867858870453256,-0.2021069588259694,0.07243432056939075,0.033119375502059,-0.11298000000000001,0.03497,0.01614,-0.0005865752660973147,0.0,0.00024791096859509004,-0.00029204978407282507,0.0,4.280911526765435e-05
369,3.690362400142476,step,0.9254729309642945,0.03291207601048581,3.728399984538555,10.000500129535794,124371.0,124371.0,0.0,0.0,8.77,0.0002,1e-05,100.0,0.01,-0.035323518839625354,0.0,0.21828379795108044,-0.034444893789455214,0.0,0.2179930778672177,0.0,0.0,0.0,0.07983376336776907,0.0,-0.4764564120302826,0.014652136671133327,0.0,0.4453707079576355,0.05617300489290832,0.0,-0.18444736197182435,0.5372377597540943,-2.2950508187383956,-1.8867858870453256,-0.2018781503862242,0.07247587323585519,0.03298001084856281,-0.1076,0.03766,0.01883,-0.0005903262130118124,0.0,0.0002394905838409218,-0.00028829883715832745,0.0,5.1229500021822606e-05
370,3.700365100055933,step,0.9254729309642945,0.03298987926259143,3.996300045400858,10.002699913457036,124371.0,124371.0,0.0,0.0,8.77,0.0002,1e-05,100.0,0.01,-0.035323518839625354,0.0,0.21828379795108044,-0.034444893789455214,0.0,0.2179930778672177,0.0,0.0,0.0,0.08221118858677444,0.0,-0.4774209142506049,0.012259768939616358,0.0,0.44630588306942726,0.057743919416245175,0.0,-0.18483781739563598,0.5372377597540943,-2.2950508187383956,-1.8867858870453256,-0.20164719233653658,0.0725197474339028,0.03284149020450138,-0.11298000000000001,0.04304,0.01883,-0.0005940365130321517,0.0,0.0002322085167613297,-0.00028458853713798807,0.0,5.8511567101414706e-05
371,3.7102473000995815,step,0.9254729309642945,0.03310764797473671,3.950800048187375,9.882200043648481,124371.0,124371.0,0.0,0.0,8.77,0.0002,1e-05,100.0,0.01,-0.035323518839625354,0.0,0.21828379795108044,-0.034444893789455214,0.0,0.2179930778672177,0.0,0.0,0.0,0.08460355632497654,0.0,-0.4783560893492743,0.009852819704943469,0.0,0.4472158967927606,0.059324434708157486,0.0,-0.185217072614411,0.5372377597540943,-2.2950508187383956,-1.8867858870453256,-0.20141417980723714,0.0725657028702773,0.03270362283959909,-0.11029,0.040350000000000004,0.01883,-0.0005976571710001549,0.0,0.00022596082195004558,-0.0002809678791699849,0.0,6.475926191269881e-05
372,3.7204798001330346,step,0.9254729309642945,0.03325475609831263,4.0438000578433275,10.232500033453107,124371.0,124371.0,0.0,0.0,8.77,0.0002,1e-05,100.0,0.01,-0.035323518839625354,0.0,0.21828379795108044,-0.034444893789455214,0.0,0.2179930778672177,0.0,0.0,0.0,0.0870105055661727,0.0,-0.47926610306134965,0.007431804485826076,0.0,0.44810451174225474,0.06091434545054172,0.0,-0.18558673212076393,0.5372377597540943,-2.2950508187383956,-1.8867858870453256,-0.20117922132975055,0.07261351288341379,0.03256624409959434,-0.11567000000000001,0.03766,0.01614,-0.0006011498231713493,0.0,0.000220647402601042,-0.00027747522699879054,0.0,7.00726812617024e-05
373,3.7303409001324326,step,0.9254729309642945,0.03342236478549777,4.181500058621168,9.861099999397993,124371.0,124371.0,0.0,0.0,8.77,0.0002,1e-05,100.0,0.01,-0.035323518839625354,0.0,0.21828379795108044,-0.034444893789455214,0.0,0.2179930778672177,0.0,0.0,0.0,0.08943152079158291,0.0,-0.4801547180012694,0.004997356221316886,0.0,0.4489751061395074,0.06251334161242067,0.0,-0.18594824367988502,0.5372377597540943,-2.2950508187383956,-1.8867858870453256,-0.2009424346453162,0.07266296532902067,0.03242921299211864,-0.11298000000000001,0.040350000000000004,0.01614,-0.0006044853135053903,0.0,0.0002161728120623822,-0.00027413973666474956,0.0,7.45472718003622e-05
374,3.740350699983537,step,0.9759824508037892,0.039936540297229754,3.9387999568134546,10.009799851104617,124371.0,124371.0,0.0,0.0,8.77,0.0002,1e-05,100.0,0.01,-0.035417085075959906,0.0,0.21807901881625436,-0.034444893789455214,0.0,0.2179930778672177,0.0,0.0,0.0,0.1021809249724915,0.0,-0.45844999216975485,0.0021712963202163652,0.0,0.4490014404296577,0.07051873198000864,0.0,-0.1776067937217956,0.5372377597540943,-2.2965847995262814,-1.8867858870453256,-0.19905026999844683,0.07473939101089384,0.03270299359724479,-0.1076,0.03766,0.02152,-0.000701724382566074,0.0,6.538931991084809e-06,-0.0002704669039386182,0.0,7.940201704557658e-05
375,3.75042079994455,step,0.9254729309642945,0.03350123709541022,3.9415000937879086,10.070099961012602,124371.0,124371.0,0.0,0.0,8.77,0.0002,1e-05,100.0,0.01,-0.035323518839625354,0.0,0.21828379795108044,-0.034444893789455214,0.0,0.2179930778672177,0.0,0.0,0.0,0.09469220898589506,0.0,-0.4810512526885459,-0.00021662073858666085,0.0,0.45000048974743917,0.06597987242225245,0.0,-0.18633469229645366,0.5372377597540943,-2.2950508187383956,-1.8867858870453256,-0.2004102938259582,0.07282319274563617,0.03217599538233906,-0.11567000000000001,0.04304,0.01883,-0.0005929313894072152,0.0,0.0002480687919602287,-0.0002856936607629246,0.0,4.265129190251572e-05
376,3.760242599993944,step,0.9254729309642945,0.033703445698758716,4.050999879837036,9.82180004939437,124371.0,124371.0,0.0,0.0,8.77,0.0002,1e-05,100.0,0.01,-0.035323518839625354,0.0,0.21828379795108044,-0.034444893789455214,0.0,0.2179930778672177,0.0,0.0,0.0,0.0970799460136439,0.0,-0.4820506960286027,-0.0026285730931840568,0.0,0.45096130969878484,0.0675578376131881,0.0,-0.18673870858575176,0.5372377597540943,-2.2950508187383956,-1.8867858870453256,-0.2001788579923644,0.07286568804970968,0.032035549453677085,-0.11567000000000001,0.040350000000000004,0.01614,-0.0005988994699473798,0.0,0.00023857625482483054,-0.00027972558022276,0.0,5.214382903791386e-05
377,3.770039200084284,step,0.9254729309642945,0.03391861343380425,4.2238999158144,9.79660009033978,124371.0,124371.0,0.0,0.0,8.77,0.0002,1e-05,100.0,0.01,-0.035323518839625354,0.0,0.21828379795108044,-0.034444893789455214,0.0,0.2179930778672177,0.0,0.0,0.0,0.0994918983665382,0.0,-0.4830115159901055,-0.005062181654451971,0.0,0.4518893571422296,0.06915143007853633,0.0,-0.18712800932781962,0.5372377597540943,-2.2950508187383956,-1.8867858870453256,-0.19994424440931094,0.07291110191695105,0.03189577882584449,-0.11567000000000001,0.04304,0.01614,-0.0006042768111172097,0.0,0.00023043868213469662,-0.0002743482390529301,0.0,6.0281401728047774e-05
378,3.780168700031936,step,0.9254729309642945,0.03413796580655128,6.289399927482009,10.12949994765222,124371.0,124371.0,0.0,0.0,8.77,0.0002,1e-05,100.0,0.01,-0.035323518839625354,0.0,0.21828379795108044,-0.034444893789455214,0.0,0.2179930778672177,0.0,0.0,0.0,0.10192550693749361,0.0,-0.483939563418887,-0.007515186252467696,0.0,0.4527895580106051,0.07075901193938079,0.0,-0.18750483224756825,0.5372377597540943,-2.2950508187383956,-1.8867858870453256,-0.19970681904244977,0.0729590356552227,0.03175653595338562,-0.11029,0.03497,0.02152,-0.0006090929411312221,0.0,0.0002235242424621811,-0.0002695321090389177,0.0,6.71958414005633e-05
379,3.7903869999572635,step,0.9254729309642945,0.034354871589356364,6.927600130438805,10.218299925327301,124371.0,124371.0,0.0,0.0,8.77,0.0002,1e-05,100.0,0.01,-0.035323518839625354,0.0,0.21828379795108044,-0.034444893789455214,0.0,0.2179930778672177,0.0,0.0,0.0,0.10437851154418731,0.0,-0.4848397642748026,-0.009985457682717682,0.0,0.4536663324278653,0.0723791347739524,0.0,-0.18787106052256844,0.5372377597540943,-2.2950508187383956,-1.8867858870453256,-0.1994669009962797,0.07300914946164154,0.03161770092291303,-0.11029,0.04304,0.01614,-0.0006133803793358194,0.0,0.00021770734100931967,-0.00026524467083432037,0.0,7.301274285342473e-05
380,3.800810100045055,step,0.9254729309642945,0.0345644730754309,4.84930002130568,10.423100087791681,124371.0,124371.0,0.0,0.0,8.77,0.0002,1e-05,100.0,0.01,-0.035323518839625354,0.0,0.21828379795108044,-0.034444893789455214,0.0,0.2179930778672177,0.0,0.0,0.0,0.10684878298216213,0.0,-0.4857165386815803,-0.012471005474446586,0.0,0.45452362280464426,0.07401043239858729,0.0,-0.18822838317181934,0.5372377597540943,-2.2950508187383956,-1.8867858870453256,-0.19922478712895397,0.07306113446807173,0.03147917025972149,-0.1076,0.03766,0.01883,-0.0006171735739961577,0.0,0.00021286935924138468,-0.0002614514761739821,0.0,7.785072462135971e-05
381,3.8101721999701113,step,0.9254729309642945,0.034763357990319904,4.38850000500679,9.3620999250561,124371.0,124371.0,0.0,0.0,8.77,0.0002,1e-05,100.0,0.01,-0.035323518839625354,0.0,0.21828379795108044,-0.034444893789455214,0.0,0.2179930778672177,0.0,0.0,0.0,0.10933433078072592,0.0,-0.4865738290496497,-0.014969982071164708,0.0,0.4553649239202498,0.07565162618499528,0.0,-0.18857830596620329,0.5372377597540943,-2.2950508187383956,-1.8867858870453256,-0.19898075172430546,0.07311471161001648,0.03134085540037723,-0.1076,0.040350000000000004,0.01883,-0.000620508011417668,0.0,0.000208899148128653,-0.0002581170387524718,0.0,8.18209357340914e-05
382,3.820334499934688,step,0.9254729309642945,0.03494927373750723,3.926999866962433,10.16229996457696,124371.0,124371.0,0.0,0.0,8.77,0.0002,1e-05,100.0,0.01,-0.035323518839625354,0.0,0.21828379795108044,-0.034444893789455214,0.0,0.2179930778672177,0.0,0.0,0.0,0.11183330738345185,0.0,-0.48741513015809773,-0.0174806840376963,0.0,0.456193314156042,0.07730152804131026,0.0,-0.18892216306728452,0.5372377597540943,-2.2950508187383956,-1.8867858870453256,-0.1987350465692929,0.0731696302555751,0.031202681226804266,-0.11029,0.04573,0.02152,-0.0006234194776217337,0.0,0.00020569331404075083,-0.00025520557254840614,0.0,8.502676982199357e-05
383,3.830375300021842,step,0.9254729309642945,0.03512088263999049,3.8206002209335566,10.040800087153912,124371.0,124371.0,0.0,0.0,8.77,0.0002,1e-05,100.0,0.01,-0.035323518839625354,0.0,0.21828379795108044,-0.034444893789455214,0.0,0.2179930778672177,0.0,0.0,0.0,0.1143440093552298,0.0,-0.48824352038811264,-0.02000155083743157,0.0,0.45701148718541323,0.07895904144656385,0.0,-0.18926112908747655,0.5372377597540943,-2.2950508187383956,-1.8867858870453256,-0.19848790136047284,0.07322566665923685,0.031064584672088995,-0.11298000000000001,0.040350000000000004,0.02152,-0.000625943455015474,0.0,0.00020315633212311044,-0.00025268159515466583,0.0,8.756375173963395e-05
384,3.840525900013745,step,0.7946572652124689,0.023228660019828425,4.12449985742569,10.150599991902709,124371.0,124371.0,0.0,0.0,8.77,0.0002,1e-05,100.0,0.01,-0.03523021535842108,0.0,0.21811452827879357,-0.034444893789455214,0.0,0.2179930778672177,0.0,0.0,0.0,0.10657888697569298,0.0,-0.47040101756439184,-0.022153328601776847,0.0,0.45713632490741635,0.07333279534599774,0.0,-0.18245417087440852,0.5372377597540943,-2.2950508187383956,-1.888319867833211,-0.19899189864222547,0.07363473312924376,0.03219669633810375,-0.11029,0.03766,0.01614,-0.0005342968570894751,0.0,3.099781195702419e-05,-0.0002510247118763909,0.0,9.045259961885547e-05
385,3.850304000079632,step,0.9254729309642945,0.038364144209011374,4.293799865990877,9.778100065886974,124371.0,124371.0,0.0,0.0,8.77,0.0002,1e-05,100.0,0.01,-0.035323518839625354,0.0,0.21828379795108044,-0.034444893789455214,0.0,0.2179930778672177,0.0,0.0,0.0,0.11901647441629411,0.0,-0.48918620546456293,-0.02476138115704399,0.0,0.45806954016166734,0.0820390906567563,0.0,-0.18966085139919747,0.5372377597540943,-2.2950508187383956,-1.8867858870453256,-0.19801775571531144,0.07336050943817501,0.030833376537366133,-0.11567000000000001,0.03766,0.02152,-0.000647592101049247,0.0,0.0002317218746267651,-0.00023103294912089282,0.0,5.8998209235979285e-05
386,3.860346599947661,step,0.9254729309642945,0.03794021501322734,3.9747999981045723,10.042599868029356,124371.0,124371.0,0.0,0.0,8.77,0.0002,1e-05,100.0,0.01,-0.035323518839625354,0.0,0.21828379795108044,-0.034444893789455214,0.0,0.2179930778672177,0.0,0.0,0.0,0.12162470650571056,0.0,-0.4901197464180995,-0.02736286148840648,0.0,0.4589752680944262,0.08376155371125474,0.0,-0.19004113947511708,0.5372377597540943,-2.2950508187383956,-1.8867858870453256,-0.19776225305959058,0.0734149997772055,0.030686773278016673,-0.1076,0.03497,0.01883,-0.0006459601859720809,0.0,0.00022489663936017,-0.00023266486419805887,0.0,6.58234445025744e-05
387,3.870338700013235,step,0.9254729309642945,0.03757512498414827,3.8618999533355236,9.99210006557405,124371.0,124371.0,0.0,0.0,8.77,0.0002,1e-05,100.0,0.01,-0.035323518839625354,0.0,0.21828379795108044,-0.034444893789455214,0.0,0.2179930778672177,0.0,0.0,0.0,0.12422618684655395,0.0,-0.49102547436109584,-0.02995828128848787,0.0,0.4598577764842872,0.08547936225126389,0.0,-0.190410644371526,0.5372377597540943,-2.2950508187383956,-1.8867858870453256,-0.1975069791673593,0.07347064473272863,0.030541643123565256,-0.10491,0.03228,0.01883,-0.0006444553266555476,0.0,0.00021913111422141836,-0.0002341697235145922,0.0,7.158896964132603e-05
388,3.8803471999708563,step,0.9254729309642945,0.037261797865389974,3.8741000462323427,10.008499957621098,124371.0,124371.0,0.0,0.0,8.77,0.0002,1e-05,100.0,0.01,-0.035323518839625354,0.0,0.21828379795108044,-0.034444893789455214,0.0,0.2179930778672177,0.0,0.0,0.0,0.12682160664392503,0.0,-0.4919079827405715,-0.03254814810117476,0.0,0.4607208810350926,0.08719300623397105,0.0,-0.19077114371404766,0.5372377597540943,-2.2950508187383956,-1.8867858870453256,-0.1972519403648542,0.07352723701883661,0.030397760076167273,-0.1076,0.03497,0.01345,-0.0006430764929481368,0.0,0.00021431304685652684,-0.00023554855722200305,0.0,7.640703700621755e-05
389,3.8904081999789923,step,0.9254729309642945,0.03699404032498606,4.145300015807152,10.061000008136034,124371.0,124371.0,0.0,0.0,8.77,0.0002,1e-05,100.0,0.01,-0.035323518839625354,0.0,0.21828379795108044,-0.034444893789455214,0.0,0.2179930778672177,0.0,0.0,0.0,0.12941147345412785,0.0,-0.49277108728269237,-0.03513295835258263,0.0,0.4615679725468043,0.08890284884954477,0.0,-0.19112411364348386,0.5372377597540943,-2.2950508187383956,-1.8867858870453256,-0.196997148839538,0.07358460183707674,0.03025493911968173,-0.11298000000000001,0.03766,0.01076,-0.0006418209242533434,0.0,0.0002103369315708348,-0.00023680412591679638,0.0,8.038315229190959e-05
390,3.9003554999362677,step,0.9254729309642945,0.03676641296685004,5.189599934965372,9.94729995727539,124371.0,124371.0,0.0,0.0,8.77,0.0002,1e-05,100.0,0.01,-0.035323518839625354,0.0,0.21828379795108044,-0.034444893789455214,0.0,0.2179930778672177,0.0,0.0,0.0,0.13199628370327338,0.0,-0.49361817878724107,-0.03771319186928477,0.0,0.4624020454408951,0.09060924269421843,0.0,-0.19147086626461732,0.5372377597540943,-2.2950508187383956,-1.8867858870453256,-0.19674261069825705,0.07364258563207673,0.030113013989918308,-0.10491,0.04304,0.01614,-0.000640684498824323,0.0,0.00020710434566267101,-0.00023794055134581684,0.0,8.361573820007338e-05
391,3.910550800152123,step,0.7946572652124689,0.02425776329065354,3.7798001430928707,10.19530021585524,124371.0,124371.0,0.0,0.0,8.77,0.0002,1e-05,100.0,0.01,-0.03523021535842108,0.0,0.21811452827879357,-0.034444893789455214,0.0,0.2179930778672177,0.0,0.0,0.0,0.1242905280341075,0.0,-0.4757915758269853,-0.03991147463037815,0.0,0.4625402683059008,0.0850248221654598,0.0,-0.18465708018737592,0.5372377597540943,-2.2950508187383956,-1.888319867833211,-0.19724141720470567,0.0740533451655521,0.031241565364484622,-0.1076,0.040350000000000004,0.01076,-0.0005458442733762248,0.0,3.4321407895448645e-05,-0.00023947729558964118,0.0,8.712900368043101e-05
392,3.920170299941674,step,0.9254729309642945,0.03939730844840422,5.01550012268126,9.6194997895509,124371.0,124371.0,0.0,0.0,8.77,0.0002,1e-05,100.0,0.01,-0.035323518839625354,0.0,0.21828379795108044,-0.034444893789455214,0.0,0.2179930778672177,0.0,0.0,0.0,0.1367746204657029,0.0,-0.49459014886903846,-0.042554891421370374,0.0,0.4634846248904499,0.09375914269625187,0.0,-0.19188270347677355,0.5372377597540943,-2.2950508187383956,-1.8867858870453256,-0.1962619471987953,0.07378007944585395,0.02987622573057389,-0.1076,0.04304,0.01345,-0.0006563732123305188,0.0,0.00023448832098599818,-0.00022225183783962106,0.0,5.6231762876746214e-05
393,3.9305321001447737,step,0.9759824508037892,0.04522184956883739,3.8445000536739826,10.361800203099847,124371.0,124371.0,0.0,0.0,8.77,0.0002,1e-05,100.0,0.01,-0.035417085075959906,0.0,0.21807901881625436,-0.034444893789455214,0.0,0.2179930778672177,0.0,0.0,0.0,0.14973317269624964,0.0,-0.47295951093116023,-0.04556105812939497,0.0,0.46357024987122086,0.10191854648571587,0.0,-0.18354386706516795,0.5372377597540943,-2.2965847995262814,-1.8867858870453256,-0.19435243693486587,0.07585858074175873,0.03013560199199048,-0.11298000000000001,0.03228,0.01345,-0.0007464457764174695,0.0,2.1261098089371883e-05,-0.00022574551008722275,0.0,6.46798509472895e-05
394,3.9404804999940097,step,0.9254729309642945,0.03777286110480881,3.8423999212682247,9.948399849236012,124371.0,124371.0,0.0,0.0,8.77,0.0002,1e-05,100.0,0.01,-0.035323518839625354,0.0,0.21828379795108044,-0.034444893789455214,0.0,0.2179930778672177,0.0,0.0,0.0,0.14242456351608623,0.0,-0.495620062156634,-0.04810292495082301,0.0,0.4646159483378378,0.09748268960953758,0.0,-0.19232361328321598,0.5372377597540943,-2.2950508187383956,-1.8867858870453256,-0.19569157368153797,0.07394874229266982,0.02960138487221819,-0.1076,0.04304,0.01614,-0.0006311578622721986,0.0,0.00025965200190956064,-0.00024746718789794126,0.0,3.106808195318375e-05
395,3.9505477999337018,step,0.7946572652124689,0.02390915726247677,5.931499879807234,10.06729993969202,124371.0,124371.0,0.0,0.0,8.77,0.0002,1e-05,100.0,0.01,-0.03523021535842108,0.0,0.21811452827879357,-0.034444893789455214,0.0,0.2179930778672177,0.0,0.0,0.0,0.13468026111093834,0.0,-0.4780054787913477,-0.05026742993048042,0.0,0.464926994388341,0.09187697621294555,0.0,-0.18558299027504974,0.5372377597540943,-2.2950508187383956,-1.888319867833211,-0.19619829695549762,0.07434736390472899,0.030722079386693597,-0.1076,0.03497,0.01614,-0.0005374570863907768,0.0,7.723424321401361e-05,-0.00024786448257508925,0.0,4.4216168361866046e-05
396,3.9601380000822246,step,0.9254729309642945,0.04002698021766777,4.335099831223488,9.590200148522854,124371.0,124371.0,0.0,0.0,8.77,0.0002,1e-05,100.0,0.01,-0.035323518839625354,0.0,0.21828379795108044,-0.034444893789455214,0.0,0.2179930778672177,0.0,0.0,0.0,0.14713057575069446,0.0,-0.49697687502879834,-0.052881306360862336,0.0,0.4660100668929442,0.1005879917779634,0.0,-0.19288337790807403,0.5372377597540943,-2.2950508187383956,-1.8867858870453256,-0.19522499204117935,0.0740637705832029,0.029350975279555852,-0.10491,0.04304,0.01345,-0.0006490381974916703,0.0,0.00026893215684175946,-0.00022958685267846955,0.0,2.1787927020984932e-05
397,3.970540000125766,step,0.9254729309642945,0.039083055402875454,4.07460005953908,10.402000043541193,124371.0,124371.0,0.0,0.0,8.77,0.0002,1e-05,100.0,0.01,-0.035323518839625354,0.0,0.21828379795108044,-0.034444893789455214,0.0,0.2179930778672177,0.0,0.0,0.0,0.1497446317121356,0.0,-0.4980602732164264,-0.05548292326619076,0.0,0.4670338835554793,0.10231543956425465,0.0,-0.19332153059720436,0.5372377597540943,-2.2950508187383956,-1.8867858870453256,-0.19497143624792604,0.0741108435378989,0.029197681383131294,-0.1076,0.03497,0.01614,-0.0006459940979503383,0.0,0.00025421864380812016,-0.00023263095221980154,0.0,3.650144005462423e-05
398,3.980225699953735,step,0.9254729309642945,0.038298843718367864,4.097099881619215,9.685699827969074,124371.0,124371.0,0.0,0.0,8.77,0.0002,1e-05,100.0,0.01,-0.035323518839625354,0.0,0.21828379795108044,-0.034444893789455214,0.0,0.2179930778672177,0.0,0.0,0.0,0.1523462486244008,0.0,-0.4990840898749862,-0.058073865378450884,0.0,0.46800691372694914,0.10403424786225562,0.0,-0.1937365989674178,0.5372377597540943,-2.2950508187383956,-1.8867858870453256,-0.19471815983423474,0.07416046920259832,0.029047460601360604,-0.10491,0.04304,0.01076,-0.0006433434950484124,0.0,0.00024160811171304,-0.0002352815551217274,0.0,4.911197214970439e-05
399,3.990573300048709,step,0.9254729309642945,0.037649732424165736,3.744299989193678,10.347600094974041,124371.0,124371.0,0.0,0.0,8.77,0.0002,1e-05,100.0,0.01,-0.035323518839625354,0.0,0.21828379795108044,-0.034444893789455214,0.0,0.2179930778672177,0.0,0.0,0.0,0.154937190731886,0.0,-0.5000571200237324,-0.06065558092193003,0.0,0.4689368015359838,0.10574564467495498,0.0,-0.19413199001433465,0.5372377597540943,-2.2950508187383956,-1.8867858870453256,-0.19446512904414845,0.07421226794770455,0.028899862236138055,-0.11298000000000001,0.04304,0.01076,-0.0006410524932623172,0.0,0.0002308956538382213,-0.00023757255690782261,0.0,5.9824430024523086e-05
400,4.000357199925929,step,1.1431086013185205,0.06515851104484859,3.913099877536297,9.783899877220392,124371.0,124371.0,0.0,0.0,8.77,0.0002,1e-05,100.0,0.01,-0.03556703436117978,0.0,0.21821101779402793,-0.034444893789455214,0.0,0.2179930778672177,0.0,0.0,0.0,0.18436461436777835,0.0,-0.4929635568277551,-0.06421550298897986,0.0,0.46953568139497176,0.12484222832200727,0.0,-0.1915336063638499,0.5357037789662087,-2.2950508187383956,-1.8867858870453256,-0.19030681486872775,0.07597813303253698,0.028033938121912544,-0.11029,0.03766,0.01614,-0.000883945918312308,0.0,0.00014870477413302823,-0.0002381946534122561,0.0,6.923515267721176e-05
401,4.01034320006147,step,0.9254729309642945,0.032586318193341526,3.8240000139921904,9.986000135540962,124371.0,124371.0,0.0,0.0,8.77,0.0002,1e-05,100.0,0.01,-0.035323518839625354,0.0,0.21828379795108044,-0.034444893789455214,0.0,0.2179930778672177,0.0,0.0,0.0,0.1610792968470698,0.0,-0.5015857476306488,-0.06659732180899998,0.0,0.4704544864598611,0.10979669905159327,0.0,-0.19476911224049162,0.5372377597540943,-2.2950508187383956,-1.8867858870453256,-0.19385203811013935,0.0743747566321997,0.02858346811437163,-0.10222,0.04304,0.01883,-0.0005914171671350662,0.0,0.00022814375470490728,-0.0002872078830350736,0.0,6.257632915783711e-05
402,4.0203734000679106,step,0.7946572652124689,0.020840773818718718,3.802600083872676,10.030200006440282,124371.0,124371.0,0.0,0.0,8.77,0.0002,1e-05,100.0,0.01,-0.03523021535842108,0.0,0.21811452827879357,-0.034444893789455214,0.0,0.2179930778672177,0.0,0.0,0.0,0.15317465791747326,0.0,-0.4838440168741785,-0.06862924945790017,0.0,0.47065304323607066,0.10408715095584901,0.0,-0.1879642874350886,0.5372377597540943,-2.2950508187383956,-1.888319867833211,-0.19437405502594884,0.07477375714363085,0.029715712343535868,-0.1076,0.04304,0.01883,-0.0005045374920355239,0.0,4.930261072516674e-05,-0.00028078407693034216,0.0,7.214780085071292e-05
403,4.03033860004507,step,0.9254729309642945,0.03623131753082312,4.530400037765503,9.9651999771595,124371.0,124371.0,0.0,0.0,8.77,0.0002,1e-05,100.0,0.01,-0.035323518839625354,0.0,0.21828379795108044,-0.034444893789455214,0.0,0.2179930778672177,0.0,0.0,0.0,0.16549239521879858,0.0,-0.5027029238262027,-0.07113485144980528,0.0,0.47163702604299657,0.11270752372355307,0.0,-0.19523416025935483,0.5372377597540943,-2.2950508187383956,-1.8867858870453256,-0.19341185402219993,0.07449054250352025,0.028355327118152862,-0.1076,0.04573,0.01614,-0.0006221531291821689,0.0,0.00024432770422765397,-0.00025647192098797087,0.0,4.6392379635090426e-05
404,4.040553400060162,step,0.9254729309642945,0.03600955976209923,3.6641000770032406,10.214800015091896,124371.0,124371.0,0.0,0.0,8.77,0.0002,1e-05,100.0,0.01,-0.035323518839625354,0.0,0.21828379795108044,-0.034444893789455214,0.0,0.2179930778672177,0.0,0.0,0.0,0.16799817675263426,0.0,-0.503687232322144,-0.07364955661222246,0.0,0.4725741332399235,0.1143630027101488,0.0,-0.19563324664234014,0.5372377597540943,-2.2950508187383956,-1.8867858870453256,-0.19316787695322232,0.0745384316399845,0.028210717248279706,-0.10222,0.04304,0.01883,-0.0006244134905794949,0.0,0.00023268826287287705,-0.00025421155959064494,0.0,5.8031820989867344e-05
405,4.050217800075188,step,1.1431086013185205,0.06337620100930269,4.268300021067262,9.664400015026331,124371.0,124371.0,0.0,0.0,8.77,0.0002,1e-05,100.0,0.01,-0.03556703436117978,0.0,0.21821101779402793,-0.034444893789455214,0.0,0.2179930778672177,0.0,0.0,0.0,0.1973585900280868,0.0,-0.49660088853492157,-0.07715835664860601,0.0,0.47317709468689606,0.13341435568642604,0.0,-0.19303163024315967,0.5357037789662087,-2.2950508187383956,-1.8867858870453256,-0.18901758036337746,0.07630006906558198,0.027346586077874185,-0.11029,0.04304,0.01614,-0.0008712520701065981,0.0,0.0001497182522292714,-0.000250888501617966,0.0,6.82216745809686e-05
406,4.060122800059617,step,0.9254729309642945,0.0317147523730375,4.385599866509438,9.904999984428287,124371.0,124371.0,0.0,0.0,8.77,0.0002,1e-05,100.0,0.01,-0.035323518839625354,0.0,0.21828379795108044,-0.034444893789455214,0.0,0.2179930778672177,0.0,0.0,0.0,0.1740221504838216,0.0,-0.5052271609243986,-0.07950271920633133,0.0,0.47409737435772614,0.11833645595729562,0.0,-0.19627381887559311,0.5372377597540943,-2.2950508187383956,-1.8867858870453256,-0.19256727108775598,0.07469571864638885,0.027898655743319827,-0.10491,0.03766,0.01614,-0.0005821165955081799,0.0,0.0002285099065132636,-0.0002965084546619599,0.0,6.221017734948079e-05
407,4.0703150001354516,step,0.7946572652124689,0.02031851857475865,3.8685998879373074,10.19220007583499,124371.0,124371.0,0.0,0.0,8.77,0.0002,1e-05,100.0,0.01,-0.03523021535842108,0.0,0.21811452827879357,-0.034444893789455214,0.0,0.2179930778672177,0.0,0.0,0.0,0.16608005529804448,0.0,-0.48748690477269724,-0.08150884517542713,0.0,0.4742952690546514,0.11260448473144306,0.0,-0.18945935435887837,0.5372377597540943,-2.2950508187383956,-1.888319867833211,-0.19309369447958363,0.07509333332061231,0.029032023876359794,-0.1076,0.03766,0.01883,-0.0004981308097770046,0.0,4.913821322715921e-05,-0.0002871907591888614,0.0,7.231219834872045e-05
408,4.080381999956444,step,1.1431086013185205,0.06276364349361209,4.076200071722269,10.06699982099235,124371.0,124371.0,0.0,0.0,8.77,0.0002,1e-05,100.0,0.01,-0.03556703436117978,0.0,0.21821101779402793,-0.034444893789455214,0.0,0.2179930778672177,0.0,0.0,0.0,0.2052176990213224,0.0,-0.4983216986587751,-0.0849846087348167,0.0,0.47498214340847605,0.13859551855386884,0.0,-0.1937528165241196,0.5357037789662087,-2.2950508187383956,-1.8867858870453256,-0.1882295774239179,0.07651925852057996,0.026951459597375202,-0.10491,0.04304,0.01883,-0.0008630489526101357,0.0,0.00017055423405935955,-0.0002590916191144285,0.0,4.7385692750880445e-05
409,4.090354399988428,step,0.9254729309642945,0.0318397579209826,4.118399927392602,9.972400031983852,124371.0,124371.0,0.0,0.0,8.77,0.0002,1e-05,100.0,0.01,-0.035323518839625354,0.0,0.21828379795108044,-0.034444893789455214,0.0,0.2179930778672177,0.0,0.0,0.0,0.18184840254282855,0.0,-0.5070322096609843,-0.08730632390062598,0.0,0.4759708750571289,0.12349719677705409,0.0,-0.19703057060017196,0.5372377597540943,-2.2950508187383956,-1.8867858870453256,-0.1917836412145813,0.07491004267355109,0.02750165323107991,-0.09953000000000001,0.03766,0.01614,-0.0005764931382336855,0.0,0.00024550686466491176,-0.0003021319119364543,0.0,4.521321919783263e-05
410,4.10037160012871,step,0.9254729309642945,0.03248775813009461,3.888400038704276,10.017200140282512,124371.0,124371.0,0.0,0.0,8.77,0.0002,1e-05,100.0,0.01,-0.035323518839625354,0.0,0.21828379795108044,-0.034444893789455214,0.0,0.2179930778672177,0.0,0.0,0.0,0.18416964916602446,0.0,-0.5080210813512506,-0.08967640663396208,0.0,0.47690909649323077,0.12503135396612614,0.0,-0.19742999565924163,0.5372377597540943,-2.2950508187383956,-1.8867858870453256,-0.19155894410873442,0.07495047408527436,0.0273643750312748,-0.11029,0.03766,0.01614,-0.0005885030398800555,0.0,0.0002329649338651523,-0.0002901220102900843,0.0,5.7755149997592084e-05
411,4.11039109993726,step,0.9254729309642945,0.03310399919304969,3.9850000757724047,10.019499808549881,124371.0,124371.0,0.0,0.0,8.77,0.0002,1e-05,100.0,0.01,-0.035323518839625354,0.0,0.21828379795108044,-0.034444893789455214,0.0,0.2179930778672177,0.0,0.0,0.0,0.18653973188858133,0.0,-0.5089593027744412,-0.09208851768632131,0.0,0.4778049313606569,0.12659723728400743,0.0,-0.1978102545286531,0.5372377597540943,-2.2950508187383956,-1.8867858870453256,-0.1913283023961231,0.07499540160051867,0.02722728561275064,-0.1076,0.04304,0.01076,-0.0005989388753714841,0.0,0.00022244014324712295,-0.0002796861747986557,0.0,6.827994061562144e-05
412,4.120347599964589,step,0.9254729309642945,0.03367612945734259,4.618000006303191,9.95650002732873,124371.0,124371.0,0.0,0.0,8.77,0.0002,1e-05,100.0,0.01,-0.035323518839625354,0.0,0.21828379795108044,-0.034444893789455214,0.0,0.2179930778672177,0.0,0.0,0.0,0.18895184295974202,0.0,-0.5098551376229081,-0.09453687414863725,0.0,0.47866561511495015,0.12819043337950053,0.0,-0.19817448314872596,0.5372377597540943,-2.2950508187383956,-1.8867858870453256,-0.19109256524914306,0.07504413708568013,0.027090306854626295,-0.10491,0.04304,0.01614,-0.0006079387864890131,0.0,0.000213711951339351,-0.00027068626368112675,0.0,7.70081325233934e-05
413,4.130349500104785,step,1.0297351744483467,0.04774427748959684,4.072199808433652,10.001900140196085,124371.0,124371.0,0.0,0.0,8.77,0.0002,1e-05,100.0,0.01,-0.03547347133342814,0.0,0.21804189144658648,-0.034444893789455214,0.0,0.2179930778672177,0.0,0.0,0.0,0.20793130534594503,0.0,-0.4840474949860314,-0.09762346622374132,0.0,0.4785179504278239,0.13992432093535354,0.0,-0.18831858827712095,0.5357037789662087,-2.2950508187383956,-1.888319867833211,-0.18770356699979432,0.07715955621730494,0.02749811499815619,-0.11029,0.04573,0.01614,-0.0007664157852040909,0.0,-3.6665858129942216e-05,-0.0002621617587688341,0.0,8.547943749872605e-05
414,4.1404178000520915,step,0.9254729309642945,0.0335265174729874,3.9741999935358763,10.068299947306514,124371.0,124371.0,0.0,0.0,8.77,0.0002,1e-05,100.0,0.01,-0.035323518839625354,0.0,0.21828379795108044,-0.034444893789455214,0.0,0.2179930778672177,0.0,0.0,0.0,0.19448708002874024,0.0,-0.5105676912448356,-0.1000150199259328,0.0,0.4795108121423299,0.13183609996663956,0.0,-0.19849206151965818,0.5372377597540943,-2.2950508187383956,-1.8867858870453256,-0.1905287213883461,0.07522449998069866,0.026833811393299524,-0.09953000000000001,0.04573,0.01614,-0.0005938343856018058,0.0,0.0002465323800510665,-0.000284790664568334,0.0,4.4187703811677886e-05
415,4.150037399958819,step,1.1431086013185205,0.060586065534059305,4.164600046351552,9.619599906727672,124371.0,124371.0,0.0,0.0,8.77,0.0002,1e-05,100.0,0.01,-0.03556703436117978,0.0,0.21821101779402793,-0.034444893789455214,0.0,0.2179930778672177,0.0,0.0,0.0,0.2237240533066614,0.0,-0.5035375674300705,-0.10343542380829607,0.0,0.4801573803044954,0.15080442143912035,0.0,-0.19590003202561324,0.5357037789662087,-2.2950508187383956,-1.8867858870453256,-0.18639402669435723,0.07697595547510167,0.025970989228062673,-0.11029,0.040350000000000004,0.01614,-0.0008493028762565515,0.0,0.00016054601114640443,-0.00027283769546801266,0.0,5.7393915663835564e-05
416,4.160296499961987,step,0.9254729309642945,0.03066215623351727,3.971099853515625,10.259100003167987,124371.0,124371.0,0.0,0.0,8.77,0.0002,1e-05,100.0,0.01,-0.035323518839625354,0.0,0.21828379795108044,-0.034444893789455214,0.0,0.2179930778672177,0.0,0.0,0.0,0.20029921760396058,0.0,-0.5122074465615055,-0.10572092573703139,0.0,0.48111074916304414,0.13567101117286717,0.0,-0.19916951778420997,0.5372377597540943,-2.2950508187383956,-1.8867858870453256,-0.18995185923646468,0.0753684002182092,0.026526093149591035,-0.1076,0.04573,0.01345,-0.0005675012157990089,0.0,0.00023672611233835879,-0.00031112383437113095,0.0,5.399397152438561e-05
417,4.170364000136033,step,1.1431086013185205,0.05752363681113965,3.794600022956729,10.067500174045563,124371.0,124371.0,0.0,0.0,8.77,0.0002,1e-05,100.0,0.01,-0.03556703436117978,0.0,0.21821101779402793,-0.034444893789455214,0.0,0.2179930778672177,0.0,0.0,0.0,0.22942995908276725,0.0,-0.5051375044556318,-0.10905699312791355,0.0,0.48172343319720906,0.15456862797573892,0.0,-0.19655889049318634,0.5357037789662087,-2.2950508187383956,-1.8867858870453256,-0.1858279455870991,0.07711718516197685,0.02566904294943624,-0.10491,0.04573,0.01883,-0.00082836171630827,0.0,0.00015213241779307263,-0.0002937788554162942,0.0,6.580750901716737e-05
418,4.180247799959034,step,0.7946572652124689,0.01725489964482408,3.9468000177294016,9.883799823001027,124371.0,124371.0,0.0,0.0,8.77,0.0002,1e-05,100.0,0.01,-0.03523021535842108,0.0,0.21811452827879357,-0.034444893789455214,0.0,0.2179930778672177,0.0,0.0,0.0,0.19563479770202585,0.0,-0.4951128235905393,-0.1108992240762352,0.0,0.48196252535937817,0.13210522047970027,0.0,-0.19260634130139867,0.5372377597540943,-2.2950508187383956,-1.888319867833211,-0.19014922734848283,0.07586182311260786,0.027497140209378934,-0.09684000000000001,0.04573,0.01345,-0.0004574348810694771,0.0,5.936774369472988e-05,-0.00032788668789638894,0.0,6.208266788114978e-05
419,4.190359000116587,step,0.9254729309642945,0.033247536630575975,3.812899813055992,10.111200157552958,124371.0,124371.0,0.0,0.0,8.77,0.0002,1e-05,100.0,0.01,-0.035323518839625354,0.0,0.21828379795108044,-0.034444893789455214,0.0,0.2179930778672177,0.0,0.0,0.0,0.2077623697846755,0.0,-0.5140124059579582,-0.11327104498686232,0.0,0.48297444081732277,0.14059296343949743,0.0,-0.19992343713858168,0.5372377597540943,-2.2950508187383956,-1.8867858870453256,-0.1892060110789412,0.07556851269849732,0.026143907272978318,-0.10491,0.048420000000000005,0.01614,-0.0005889346377332555,0.0,0.00025126351697595336,-0.00028969041243688434,0.0,3.945656688679103e-05
420,4.200319499941543,step,1.1431086013185205,0.060467504403880025,3.8097999058663845,9.96049982495606,124371.0,124371.0,0.0,0.0,8.77,0.0002,1e-05,100.0,0.01,-0.03556703436117978,0.0,0.21821101779402793,-0.034444893789455214,0.0,0.2179930778672177,0.0,0.0,0.0,0.236980078326375,0.0,-0.5070011961232577,-0.11668547576678119,0.0,0.4836341099237076,0.15954762209514736,0.0,-0.19733294967194356,0.5357037789662087,-2.2950508187383956,-1.8867858870453256,-0.18507454406235482,0.07731700314207199,0.02528039849203572,-0.11029,0.03497,0.01614,-0.0008478197259442868,0.0,0.00016379903914830153,-0.0002743208457802774,0.0,5.414088766193847e-05
421,4.2103222999721766,step,1.1431086013185205,0.05591281527220985,3.8611998315900564,10.002800030633807,124371.0,124371.0,0.0,0.0,8.77,0.0002,1e-05,100.0,0.01,-0.03556703436117978,0.0,0.21821101779402793,-0.034444893789455214,0.0,0.2179930778672177,0.0,0.0,0.0,0.2403949776563108,0.0,-0.5076607252008699,-0.11996237209429043,0.0,0.48430082838992733,0.16179827137472738,0.0,-0.19761229189951238,0.5357037789662087,-2.2950508187383956,-1.8867858870453256,-0.18473062870582396,0.07741674868771231,0.025112502167065662,-0.10222,0.04573,0.01345,-0.0008136692542359079,0.0,0.0001655494293915246,-0.0003084713174886563,0.0,5.239049741871538e-05
422,4.220351200085133,step,1.0297351744483467,0.03881652137316087,3.839900018647313,10.028900112956762,124371.0,124371.0,0.0,0.0,8.77,0.0002,1e-05,100.0,0.01,-0.03547347133342814,0.0,0.21804189144658648,-0.034444893789455214,0.0,0.2179930778672177,0.0,0.0,0.0,0.23335727176583657,0.0,-0.4896825682708234,-0.12274861266705323,0.0,0.48428787673664797,0.15669269269891362,0.0,-0.19065767837398864,0.5357037789662087,-2.2950508187383956,-1.888319867833211,-0.185156122350467,0.07786565384645217,0.026216150886299916,-0.10491,0.04573,0.00807,-0.0006918370501775763,0.0,-3.2159583373091426e-06,-0.00033674049379534866,0.0,5.2029537706092975e-05
423,4.230361900059506,step,1.0297351744483467,0.03838726234672628,3.804299980401993,10.010699974372983,124371.0,124371.0,0.0,0.0,8.77,0.0002,1e-05,100.0,0.01,-0.03547347133342814,0.0,0.21804189144658648,-0.034444893789455214,0.0,0.2179930778672177,0.0,0.0,0.0,0.2361433322777624,0.0,-0.4896692912287986,-0.12551686258431666,0.0,0.4844072285900739,0.15852606987313342,0.0,-0.19067032341903453,0.5357037789662087,-2.2950508187383956,-1.888319867833211,-0.18486605556969868,0.0779752967013647,0.02610277801219902,-0.10222,0.04573,0.01345,-0.000687369883145016,0.0,2.963564417753841e-05,-0.00034120766082790905,0.0,1.9177935191245424e-05
424,4.240484700072557,step,1.1431086013185205,0.0533275942289712,3.907499834895134,10.122800013050437,124371.0,124371.0,0.0,0.0,8.77,0.0002,1e-05,100.0,0.01,-0.03556703436117978,0.0,0.21821101779402793,-0.034444893789455214,0.0,0.2179930778672177,0.0,0.0,0.0,0.24922618436338903,0.0,-0.5084335185086315,-0.1286527862735559,0.0,0.48531909560947,0.16761183416282532,0.0,-0.1979748098773377,0.5357037789662087,-2.2950508187383956,-1.8867858870453256,-0.1838251961437939,0.07772234434343031,0.024718417929735274,-0.10491,0.04573,0.01614,-0.0007786650642998774,0.0,0.00022642100435271267,-0.0003434755074246868,0.0,-8.481077542472676e-06
425,4.250376299954951,step,1.1431086013185205,0.050571029850933216,4.647099878638983,9.891599882394075,124371.0,124371.0,0.0,0.0,8.77,0.0002,1e-05,100.0,0.01,-0.03556703436117978,0.0,0.21821101779402793,-0.034444893789455214,0.0,0.2179930778672177,0.0,0.0,0.0,0.2523622880584417,0.0,-0.5093457109672632,-0.13171198850722735,0.0,0.48618828354293797,0.16968097230921747,0.0,-0.19834959991170573,0.5357037789662087,-2.2950508187383956,-1.8867858870453256,-0.18351462877306093,0.0777982907861256,0.024551049380123424,-0.09953000000000001,0.040350000000000004,0.01614,-0.0007596147547091561,0.0,0.00021582358028192185,-0.00036252581701540806,0.0,2.1163465283181436e-06
426,4.260443500010297,step,0.7946572652124689,0.014353538449768428,3.8788998499512672,10.067200055345893,124371.0,124371.0,0.0,0.0,8.77,0.0002,1e-05,100.0,0.01,-0.03523021535842108,0.0,0.21811452827879357,-0.034444893789455214,0.0,0.2179930778672177,0.0,0.0,0.0,0.21828979298988133,0.0,-0.4995776740413471,-0.13334811077812772,0.0,0.48662852393706085,0.14704399817577343,0.0,-0.1944852199335935,0.5372377597540943,-2.2950508187383956,-1.888319867833211,-0.18786846001333607,0.07652146697174865,0.026379993352643544,-0.10222,0.040350000000000004,0.01076,-0.0004062570966394161,0.0,0.0001093138254522603,-0.0003790644723264499,0.0,1.213658612361936e-05
427,4.270322600146756,step,1.1431086013185205,0.05538402857685641,3.8312000688165426,9.879100136458874,124371.0,124371.0,0.0,0.0,8.77,0.0002,1e-05,100.0,0.01,-0.03556703436117978,0.0,0.21821101779402793,-0.034444893789455214,0.0,0.2179930778672177,0.0,0.0,0.0,0.25705696449089027,0.0,-0.5106549536399277,-0.13656046994478002,0.0,0.48749889989019624,0.1727780151349006,0.0,-0.1988889353815565,0.5357037789662087,-2.2950508187383956,-1.8867858870453256,-0.18304874854286285,0.07791485601201353,0.02430292278630608,-0.10222,0.040350000000000004,0.01614,-0.0007976443641275011,0.0,0.00021611857132838145,-0.0003244962075970631,0.0,1.821355481858544e-06
428,4.280244900146499,step,0.7946572652124689,0.016632882989734057,3.9350001607090235,9.9222999997437,124371.0,124371.0,0.0,0.0,8.77,0.0002,1e-05,100.0,0.01,-0.03523021535842108,0.0,0.21811452827879357,-0.034444893789455214,0.0,0.2179930778672177,0.0,0.0,0.0,0.22313827445111337,0.0,-0.5008882903762913,-0.13833141926734702,0.0,0.4879351510733995,0.15024351593111107,0.0,-0.19502450251327993,0.5372377597540943,-2.2950508187383956,-1.888319867833211,-0.18738644044617767,0.0766444936862146,0.026125630943425814,-0.09684000000000001,0.04304,0.01345,-0.000439735307609795,0.0,0.0001083232850293921,-0.000345586261356071,0.0,1.3127126546487561e-05
429,4.290377400116995,step,1.1431086013185205,0.059170585506213465,3.828599816188216,10.1324999704957,124371.0,124371.0,0.0,0.0,8.77,0.0002,1e-05,100.0,0.01,-0.03556703436117978,0.0,0.21821101779402793,-0.034444893789455214,0.0,0.2179930778672177,0.0,0.0,0.0,0.26204027304042715,0.0,-0.5119615807744851,-0.14166168104363946,0.0,0.48879740022683965,0.17606486065560273,0.0,-0.19942936548109283,0.5357037789662087,-2.2950508187383956,-1.8867858870453256,-0.18255279660204493,0.07804283277157034,0.024043114755642976,-0.1076,0.04304,0.01076,-0.0008269201540427986,0.0,0.00021410064754121664,-0.0002952204176817656,0.0,3.839279269023354e-06
430,4.300373800098896,step,1.1431086013185205,0.05572604225585423,5.297599826008081,9.99639998190105,124371.0,124371.0,0.0,0.0,8.77,0.0002,1e-05,100.0,0.01,-0.03556703436117978,0.0,0.21821101779402793,-0.034444893789455214,0.0,0.2179930778672177,0.0,0.0,0.0,0.2653711828830839,0.0,-0.5128240155721085,-0.14489895757898852,0.0,0.48961302825777614,0.17826175232199712,0.0,-0.19978637842214964,0.5357037789662087,-2.2950508187383956,-1.8867858870453256,-0.18222110773651615,0.07812893253641456,0.02386992567561265,-0.09684000000000001,0.040350000000000004,0.00807,-0.0008038314676482329,0.0,0.00020252439666605156,-0.00031830910407633123,0.0,1.5415530144188437e-05
431,4.310334899928421,step,1.0297351744483467,0.03877593077110561,5.971800070255995,9.961099829524755,124371.0,124371.0,0.0,0.0,8.77,0.0002,1e-05,100.0,0.01,-0.03547347133342814,0.0,0.21804189144658648,-0.034444893789455214,0.0,0.2179930778672177,0.0,0.0,0.0,0.25829385723280057,0.0,-0.4949947682053002,-0.14768231123883016,0.0,0.4897031867763272,0.1731369508630964,0.0,-0.19286891740689485,0.5357037789662087,-2.2950508187383956,-1.888319867833211,-0.18265399375040953,0.078569131469049,0.0249680730473318,-0.10491,0.03766,0.01345,-0.0006911202156949345,0.0,2.238679751220759e-05,-0.0003374573282779905,0.0,2.642678185657624e-05
432,4.320563599932939,step,0.9254729309642945,0.03070278316394821,4.708399996161461,10.228700004518032,124371.0,124371.0,0.0,0.0,8.77,0.0002,1e-05,100.0,0.01,-0.035323518839625354,0.0,0.21828379795108044,-0.034444893789455214,0.0,0.2179930778672177,0.0,0.0,0.0,0.24454592494056976,0.0,-0.5217529276900552,-0.1498702736487218,0.0,0.49086653415595666,0.16484283055208426,0.0,-0.20319341828568474,0.5372377597540943,-2.2950508187383956,-1.8867858870453256,-0.1855102720930996,0.07661375917541854,0.024309991998558392,-0.10491,0.040350000000000004,0.01345,-0.0005432816801091516,0.0,0.00028886479772154535,-0.00033534337006098825,0.0,1.855286141199048e-06
433,4.330142100108787,step,1.1431086013185205,0.057360971175394855,4.0166000835597515,9.578500175848603,124371.0,124371.0,0.0,0.0,8.77,0.0002,1e-05,100.0,0.01,-0.03556703436117978,0.0,0.21821101779402793,-0.034444893789455214,0.0,0.2179930778672177,0.0,0.0,0.0,0.27357930693835264,0.0,-0.5148932895199794,-0.15317100618741922,0.0,0.49162637554931654,0.18367498820584344,0.0,-0.2006445490660586,0.5357037789662087,-2.2950508187383956,-1.8867858870453256,-0.18140278819232122,0.07834396051802665,0.02344555447657516,-0.09684000000000001,0.04573,-0.0,-0.0008195879011026,0.0,0.0001886723039366543,-0.0003025526706219642,0.0,2.9267622873585693e-05
434,4.34014969994314,step,0.9254729309642945,0.030178956422423797,3.950800048187375,10.007599834352732,124371.0,124371.0,0.0,0.0,8.77,0.0002,1e-05,100.0,0.01,-0.035323518839625354,0.0,0.21828379795108044,-0.034444893789455214,0.0,0.2179930778672177,0.0,0.0,0.0,0.2500347999295296,0.0,-0.5236764418570161,-0.15540672063479638,0.0,0.49264489024939395,0.16846733889557744,0.0,-0.2039778669037885,0.5372377597540943,-2.2950508187383956,-1.8867858870453256,-0.18497188176152468,0.07673052624011331,0.024003242336549213,-0.10491,0.040350000000000004,0.01614,-0.0005551387426603578,0.0,0.000252902140810238,-0.00032348630750978196,0.0,3.7817943052506414e-05
435,4.350309200119227,step,1.215462281053663,0.06942616221725952,3.8358999881893396,10.159500176087022,124371.0,124371.0,0.0,0.0,8.77,0.0002,1e-05,100.0,0.01,-0.03566028636029375,0.0,0.21800609537138174,-0.034444893789455214,0.0,0.2179930778672177,0.0,0.0,0.0,0.2893960676386737,0.0,-0.4940805289733942,-0.15912805872161392,0.0,0.49245286085827633,0.19378756374017922,0.0,-0.19255711491056293,0.5357037789662087,-2.2965847995262814,-1.8867858870453256,-0.17921353939296303,0.08048707839838243,0.023541372820969193,-0.09953000000000001,0.03766,0.01614,-0.0009240262990443898,0.0,-4.7681829342709504e-05,-0.00029136627179414897,0.0,6.0699333506757404e-05
436,4.360413100104779,step,1.0297351744483467,0.039536762492766546,3.7616000045090914,10.103899985551834,124371.0,124371.0,0.0,0.0,8.77,0.0002,1e-05,100.0,0.01,-0.03547347133342814,0.0,0.21804189144658648,-0.034444893789455214,0.0,0.2179930778672177,0.0,0.0,0.0,0.27252313780305226,0.0,-0.49783420647490595,-0.16193851766526665,0.0,0.4925459899331979,0.18251912751860816,0.0,-0.19405659670409492,0.5357037789662087,-2.2950508187383956,-1.888319867833211,-0.1812229089765626,0.07898036246290768,0.02426413703796801,-0.10222,0.04304,0.01076,-0.0006978505891520603,0.0,2.3124401069079763e-05,-0.00033072695482086467,0.0,2.568917829970407e-05
437,4.370312599930912,step,0.9254729309642945,0.03136845972612344,3.813600167632103,9.899499826133251,124371.0,124371.0,0.0,0.0,8.77,0.0002,1e-05,100.0,0.01,-0.035323518839625354,0.0,0.21828379795108044,-0.034444893789455214,0.0,0.2179930778672177,0.0,0.0,0.0,0.25880213139154573,0.0,-0.5245957308209757,-0.1641581524173997,0.0,0.4937065559642138,0.17424014291684836,0.0,-0.20440011561767568,0.5372377597540943,-2.2950508187383956,-1.8867858870453256,-0.18407523630909137,0.07702688505616434,0.0236059901397922,-0.09953000000000001,0.04573,0.00807,-0.0005511460763291729,0.0,0.00028817417536855825,-0.00032747897384096693,0.0,2.5459084941861407e-06
438,4.380269000073895,step,1.1431086013185205,0.058462776934883096,3.8182998541742563,9.956400142982602,124371.0,124371.0,0.0,0.0,8.77,0.0002,1e-05,100.0,0.01,-0.03556703436117978,0.0,0.21821101779402793,-0.034444893789455214,0.0,0.2179930778672177,0.0,0.0,0.0,0.2878671857211986,0.0,-0.517733311326992,-0.1674937771705347,0.0,0.4944589939305935,0.19309225243659373,0.0,-0.20184439426272743,0.5357037789662087,-2.2950508187383956,-1.8867858870453256,-0.17996523767908612,0.07875717910195977,0.022739615068454913,-0.1076,0.04304,0.01345,-0.0008282518072084315,0.0,0.00018683399710368759,-0.00029388876451613265,0.0,3.110592970655241e-05
439,4.390309399925172,step,1.1431086013185205,0.05563904890436071,3.8294000551104546,10.04039985127747,124371.0,124371.0,0.0,0.0,8.77,0.0002,1e-05,100.0,0.01,-0.03556703436117978,0.0,0.21821101779402793,-0.034444893789455214,0.0,0.2179930778672177,0.0,0.0,0.0,0.2912032790247954,0.0,-0.5184856092492689,-0.17075257969644875,0.0,0.49517174625641813,0.19529175031199442,0.0,-0.20215895317134486,0.5357037789662087,-2.2950508187383956,-1.8867858870453256,-0.17963111576705268,0.07884910696378485,0.022570949926394468,-0.09684000000000001,0.04573,0.01076,-0.0008091764755273885,0.0,0.00017697986004013952,-0.00031296409619717565,0.0,4.0960066770100476e-05
440,4.400281599955633,step,1.1431086013185205,0.05339704852616698,3.8280999287962914,9.972200030460954,124371.0,124371.0,0.0,0.0,8.77,0.0002,1e-05,100.0,0.01,-0.03556703436117978,0.0,0.21821101779402793,-0.034444893789455214,0.0,0.2179930778672177,0.0,0.0,0.0,0.2944620815487587,0.0,-0.51919836154765,-0.17394912216693564,0.0,0.4958511032609503,0.1974401289110265,0.0,-0.20245769167430264,0.5357037789662087,-2.2950508187383956,-1.8867858870453256,-0.179304354517621,0.07894003469268866,0.02240714340087748,-0.09684000000000001,0.04304,0.01345,-0.0007937170017433672,0.0,0.00016868763976361973,-0.000328423569981197,0.0,4.925228704662026e-05
441,4.410089800134301,step,1.0297351744483467,0.03831906078166088,4.007200011983514,9.808200178667903,124371.0,124371.0,0.0,0.0,8.77,0.0002,1e-05,100.0,0.01,-0.03547347133342814,0.0,0.21804189144658648,-0.034444893789455214,0.0,0.2179930778672177,0.0,0.0,0.0,0.28734402180252067,0.0,-0.5012328431475068,-0.17671728092666453,0.0,0.4958177980471174,0.1922941964217813,0.0,-0.19546407377961336,0.5357037789662087,-2.2950508187383956,-1.888319867833211,-0.17973996888616472,0.07938611984487069,0.02351198076276785,-0.09415,0.03766,0.01345,-0.0006873472482869817,0.0,-8.26984615718513e-06,-0.00034123029568594327,0.0,5.708342552596896e-05
442,4.42005049996078,step,1.1431086013185205,0.05342506627115662,5.53649989888072,9.960699826478958,124371.0,124371.0,0.0,0.0,8.77,0.0002,1e-05,100.0,0.01,-0.03556703436117978,0.0,0.21821101779402793,-0.034444893789455214,0.0,0.2179930778672177,0.0,0.0,0.0,0.30042660271814237,0.0,-0.519844087919898,-0.17989710949820165,0.0,0.49657523022881267,0.2013674615384018,0.0,-0.2027502919022966,0.5357037789662087,-2.2950508187383956,-1.8867858870453256,-0.17869496168419477,0.07914010852282286,0.022135659552012563,-0.09953000000000001,0.040350000000000004,0.01614,-0.000789566859555563,0.0,0.00018807408499331272,-0.00033257371216900114,0.0,2.986584181692727e-05
443,4.43103350000456,step,0.9254729309642945,0.028259954983303436,4.434100119397044,10.983000043779612,124371.0,124371.0,0.0,0.0,8.77,0.0002,1e-05,100.0,0.01,-0.035323518839625354,0.0,0.21828379795108044,-0.034444893789455214,0.0,0.2179930778672177,0.0,0.0,0.0,0.2767609032061809,0.0,-0.5286252965032291,-0.18204910726552814,0.0,0.49758562451129973,0.18608154345963296,0.0,-0.20609323454262585,0.5372377597540943,-2.2950508187383956,-1.8867858870453256,-0.18227513810303625,0.07752442783442147,0.022699837251025153,-0.09953000000000001,0.04573,0.01076,-0.0005343514848969366,0.0,0.00025088580173067415,-0.0003442735652732032,0.0,3.983428213207024e-05
444,4.440370900090784,step,1.0297351744483467,0.04243252986128882,4.0623999666422606,9.33740008622408,124371.0,124371.0,0.0,0.0,8.77,0.0002,1e-05,100.0,0.01,-0.03547347133342814,0.0,0.21804189144658648,-0.034444893789455214,0.0,0.2179930778672177,0.0,0.0,0.0,0.2954435383626486,0.0,-0.5029675044396781,-0.18496165628263167,0.0,0.49752592363000797,0.19763542529975675,0.0,-0.1961858616849973,0.5357037789662087,-2.2950508187383956,-1.888319867833211,-0.17892742613460008,0.07961414009574061,0.02310620264687449,-0.09953000000000001,0.03766,0.01076,-0.0007232000496254562,0.0,-1.4824018431738265e-05,-0.0003053774943474688,0.0,6.36375978005221e-05
445,4.45041500008665,step,1.1431086013185205,0.057329797982513496,3.898399882018566,10.044099995866418,124371.0,124371.0,0.0,0.0,8.77,0.0002,1e-05,100.0,0.01,-0.03556703436117978,0.0,0.21821101779402793,-0.034444893789455214,0.0,0.2179930778672177,0.0,0.0,0.0,0.3086709781062874,0.0,-0.5215522135006714,-0.1882671364513838,0.0,0.49826060754196544,0.20680190619771147,0.0,-0.2034693924288173,0.5357037789662087,-2.2950508187383956,-1.8867858870453256,-0.17786666092060463,0.0793749996781133,0.02172533598042823,-0.09415,0.04304,0.01345,-0.000820766760675782,0.0,0.0001824255792663184,-0.00030137381104878213,0.0,3.551434754392159e-05
446,4.460354099981487,step,1.1431086013185205,0.05512738760840696,3.818499855697155,9.939099894836545,124371.0,124371.0,0.0,0.0,8.77,0.0002,1e-05,100.0,0.01,-0.03556703436117978,0.0,0.21821101779402793,-0.034444893789455214,0.0,0.2179930778672177,0.0,0.0,0.0,0.3119766383121178,0.0,-0.5222872228204913,-0.19151378772959976,0.0,0.4989568352341323,0.2089812634362399,0.0,-0.20377705942155094,0.5357037789662087,-2.2950508187383956,-1.8867858870453256,-0.17753540772154852,0.07946662147028444,0.021558657763446162,-0.10222,0.04304,0.01614,-0.0008061592617786592,0.0,0.00017287671334246382,-0.000315981309945905,0.0,4.506321346777617e-05
447,4.470343800028786,step,1.0297351744483467,0.03977218963195265,3.8264000322669744,9.989700047299266,124371.0,124371.0,0.0,0.0,8.77,0.0002,1e-05,100.0,0.01,-0.03547347133342814,0.0,0.21804189144658648,-0.034444893789455214,0.0,0.2179930778672177,0.0,0.0,0.0,0.3049086873876025,0.0,-0.5043385751282369,-0.19433407236679004,0.0,0.49893603880128845,0.2038730354873021,0.0,-0.19677590340773962,0.5357037789662087,-2.2950508187383956,-1.888319867833211,-0.17796651494612406,0.07991417368399861,0.02266019448475673,-0.09953000000000001,0.05111,0.01076,-0.0007002903565215495,0.0,-5.163855157931709e-06,-0.0003282871874513755,0.0,5.397743452671554e-05
448,4.480323600117117,step,1.1431086013185205,0.05519019130189444,3.8336999714374542,9.979800088331103,124371.0,124371.0,0.0,0.0,8.77,0.0002,1e-05,100.0,0.01,-0.03556703436117978,0.0,0.21821101779402793,-0.034444893789455214,0.0,0.2179930778672177,0.0,0.0,0.0,0.31804339418158856,0.0,-0.5229623286796696,-0.19756686629745998,0.0,0.49970225134504015,0.21297604585824792,0.0,-0.20408173967330415,0.5357037789662087,-2.2950508187383956,-1.8867858870453256,-0.1769158844734712,0.07966918935058154,0.021281733186024165,-0.09415,0.040350000000000004,0.01614,-0.0008027184151614484,0.0,0.00019025429148517058,-0.00031942215656311575,0.0,2.7685635325069412e-05
449,4.490310300141573,step,1.0297351744483467,0.039545273929794955,3.891000058501959,9.986700024455786,124371.0,124371.0,0.0,0.0,8.77,0.0002,1e-05,100.0,0.01,-0.03547347133342814,0.0,0.21804189144658648,-0.034444893789455214,0.0,0.2179930778672177,0.0,0.0,0.0,0.3109617659368052,0.0,-0.5050839912479415,-0.20037893470659385,0.0,0.4997386662912901,0.2078612251927232,0.0,-0.1971024811240367,0.5357037789662087,-2.2950508187383956,-1.888319867833211,-0.17734972358460124,0.08011277192853553,0.022380612220756393,-0.10491,0.040350000000000004,0.01076,-0.0006982502272384896,0.0,9.042007801554988e-06,-0.0003303273167344354,0.0,3.9771571567228845e-05
450,4.500311000039801,step,1.1431086013185205,0.055439452553811476,4.750099964439869,10.00069989822805,124371.0,124371.0,0.0,0.0,8.77,0.0002,1e-05,100.0,0.01,-0.03556703436117978,0.0,0.21821101779402793,-0.034444893789455214,0.0,0.2179930778672177,0.0,0.0,0.0,0.3240882565177127,0.0,-0.5237649561952645,-0.2036082126453661,0.0,0.5005508574663967,0.2169573592382793,0.0,-0.20443545937158286,0.5357037789662087,-2.2950508187383956,-1.8867858870453256,-0.1763008315717937,0.07986438823078225,0.021000219944163817,-0.10222,0.040350000000000004,0.01076,-0.0008018453773172894,0.0,0.00020167100869142792,-0.00032029519440727474,0.0,1.626891811881207e-05
451,4.5103267000522465,step,0.7946572652124689,0.01736849849694337,3.832800080999732,10.01570001244545,124371.0,124371.0,0.0,0.0,8.77,0.0002,1e-05,100.0,0.01,-0.03523021535842108,0.0,0.21811452827879357,-0.034444893789455214,0.0,0.2179930778672177,0.0,0.0,0.0,0.29018601719164744,0.0,-0.5139402479167964,-0.20543556382008196,0.0,0.5009175826818554,0.19445391608072,0.0,-0.20052255024463747,0.5372377597540943,-2.2950508187383956,-1.888319867833211,-0.18063370265908382,0.07860498793279137,0.022826383438626807,-0.10222,0.040350000000000004,0.01345,-0.0004537401611018688,0.0,9.105964997025047e-05,-0.0003315814078639972,0.0,3.0390761605629188e-05
452,4.520808400120586,step,0.7946572652124689,0.021867521201742224,4.899699939414859,10.481700068339705,124371.0,124371.0,0.0,0.0,8.77,0.0002,1e-05,100.0,0.01,-0.03523021535842108,0.0,0.21811452827879357,-0.034444893789455214,0.0,0.2179930778672177,0.0,0.0,0.0,0.2920127203380302,0.0,-0.5143067874890248,-0.20748943430725342,0.0,0.501311435779183,0.19565849448519107,0.0,-0.20067657052394475,0.5372377597540943,-2.2950508187383956,-1.888319867833211,-0.18044991343462466,0.07865784206841361,0.022736025292817805,-0.09953000000000001,0.03766,0.01345,-0.0005099860052222618,0.0,9.77956346347494e-05,-0.00027533556374360424,0.0,2.365477694113026e-05
453,4.5302953000646085,step,1.1431086013185205,0.06822842389444643,4.697300028055906,9.486899944022298,124371.0,124371.0,0.0,0.0,8.77,0.0002,1e-05,100.0,0.01,-0.03556703436117978,0.0,0.21821101779402793,-0.034444893789455214,0.0,0.2179930778672177,0.0,0.0,0.0,0.331198288162066,0.0,-0.5253378654484542,-0.21109444579999118,0.0,0.5021173991258173,0.221644806006453,0.0,-0.20509412440956892,0.5357037789662087,-2.2950508187383956,-1.8867858870453256,-0.17558821286683945,0.08006186289426552,0.02064206132826637,-0.10491,0.04304,0.01614,-0.0008951418414379274,0.0,0.00020012460867076002,-0.00022699873028663678,0.0,1.7815318139479975e-05
454,4.540371699957177,step,1.1431086013185205,0.06409664497677843,4.276500083506107,10.076399892568588,124371.0,124371.0,0.0,0.0,8.77,0.0002,1e-05,100.0,0.01,-0.03556703436117978,0.0,0.21821101779402793,-0.034444893789455214,0.0,0.2179930778672177,0.0,0.0,0.0,0.3348039477623508,0.0,-0.5261440144459074,-0.21459564821862598,0.0,0.502866338789009,0.2240219793154008,0.0,-0.20543142431972752,0.5357037789662087,-2.2950508187383956,-1.8867858870453256,-0.17522697362791181,0.08016157312102748,0.020460065814416964,-0.10222,0.04573,0.01076,-0.0008693655447637877,0.0,0.00018596535145193931,-0.0002527750269607765,0.0,3.197457535830068e-05
455,4.550129099981859,step,1.0297351744483467,0.04604133171771036,4.305999958887696,9.757400024682283,124371.0,124371.0,0.0,0.0,8.77,0.0002,1e-05,100.0,0.01,-0.03547347133342814,0.0,0.21804189144658648,-0.034444893789455214,0.0,0.2179930778672177,0.0,0.0,0.0,0.3279905479905137,0.0,-0.508248078706702,-0.21763011829596762,0.0,0.5028823916161815,0.21908778016189753,0.0,-0.1984334352680729,0.5357037789662087,-2.2950508187383956,-1.888319867833211,-0.17563302933868313,0.08061688146982884,0.021548235163292705,-0.09415,0.04573,0.00807,-0.0007534736403175989,0.0,3.985994858684267e-06,-0.0002751039036553261,0.0,4.4827584510099565e-05
456,4.560215699952096,step,1.0297351744483467,0.04602266926866796,4.389300011098385,10.08659997023642,124371.0,124371.0,0.0,0.0,8.77,0.0002,1e-05,100.0,0.01,-0.03547347133342814,0.0,0.21804189144658648,-0.034444893789455214,0.0,0.2179930778672177,0.0,0.0,0.0,0.33102483801772453,0.0,-0.5082638061213196,-0.22066220666964062,0.0,0.502987148229198,0.2210846982495045,0.0,-0.19845886862244186,0.5357037789662087,-2.2950508187383956,-1.888319867833211,-0.17531764157761232,0.08073474863192319,0.02142346415675936,-0.09415,0.04573,0.00807,-0.0007528822517431052,0.0,2.6011575182834184e-05,-0.00027569529222981983,0.0,2.2802004185949648e-05
457,4.570168999955058,step,1.1431086013185205,0.06180201227045329,4.252800019457936,9.95330000296235,124371.0,124371.0,0.0,0.0,8.77,0.0002,1e-05,100.0,0.01,-0.03556703436117978,0.0,0.21821101779402793,-0.034444893789455214,0.0,0.2179930778672177,0.0,0.0,0.0,0.3443715285667452,0.0,-0.5270134381412342,-0.22407059662438367,0.0,0.503849285324153,0.23032053009330206,0.0,-0.20583659033065385,0.5357037789662087,-2.2950508187383956,-1.8867858870453256,-0.17424659676885593,0.08049100599301123,0.020031737348207408,-0.09684000000000001,0.048420000000000005,0.01076,-0.0008463197597492865,0.0,0.00021407282287575055,-0.0002758208119752777,0.0,3.867103934489442e-06
458,4.58035960001871,step,1.1431086013185205,0.05872869515947246,4.062500083819032,10.1906000636518,124371.0,124371.0,0.0,0.0,8.77,0.0002,1e-05,100.0,0.01,-0.03556703436117978,0.0,0.21821101779402793,-0.034444893789455214,0.0,0.2179930778672177,0.0,0.0,0.0,0.3477800985311606,0.0,-0.5278759006597051,-0.22740509970346665,0.0,0.5046410101800723,0.23256849590680245,0.0,-0.20619418000134246,0.5357037789662087,-2.2950508187383956,-1.8867858870453256,-0.17390682930677487,0.08058013881365889,0.019855373777832745,-0.10222,0.04304,0.01076,-0.0008279732901001111,0.0,0.00019658912235578628,-0.00029416728162445305,0.0,2.135080445445371e-05
459,4.5903545001056045,step,1.1431086013185205,0.05625855460256296,3.8260999135673046,9.994900086894631,124371.0,124371.0,0.0,0.0,8.77,0.0002,1e-05,100.0,0.01,-0.03556703436117978,0.0,0.21821101779402793,-0.034444893789455214,0.0,0.2179930778672177,0.0,0.0,0.0,0.3511146015896431,0.0,-0.528667625506637,-0.23067856676903858,0.0,0.5053732152682331,0.2347672353094663,0.0,-0.2065239385870013,0.5357037789662087,-2.2950508187383956,-1.8867858870453256,-0.1735735507762819,0.08066999069433564,0.0196850783092844,-0.10222,0.040350000000000004,0.01076,-0.0008128177518616389,0.0,0.000181810075292899,-0.0003093228198629253,0.0,3.612985151734099e-05
460,4.600346199935302,step,1.0297351744483467,0.040467335501542086,3.875400172546506,9.991699829697609,124371.0,124371.0,0.0,0.0,8.77,0.0002,1e-05,100.0,0.01,-0.03547347133342814,0.0,0.21804189144658648,-0.034444893789455214,0.0,0.2179930778672177,0.0,0.0,0.0,0.34407346643904024,0.0,-0.5107549551784398,-0.23352346766294926,0.0,0.5053707649346687,0.22968768463985406,0.0,-0.19950446840312233,0.5357037789662087,-2.2950508187383956,-1.888319867833211,-0.17400334609435114,0.08111762422886072,0.020782777733795554,-0.09953000000000001,0.048420000000000005,0.01076,-0.0007064026924778722,0.0,-6.08429710532807e-07,-0.0003221748514950528,0.0,4.942200907931664e-05
461,4.610357300145552,step,1.0297351744483467,0.041403627741756106,3.9256999734789133,10.011100210249424,124371.0,124371.0,0.0,0.0,8.77,0.0002,1e-05,100.0,0.01,-0.03547347133342814,0.0,0.21804189144658648,-0.034444893789455214,0.0,0.2179930778672177,0.0,0.0,0.0,0.3469181872998905,0.0,-0.5107521794315303,-0.23639983398565925,0.0,0.5054558667908824,0.23155973224637602,0.0,-0.19952154442883765,0.5357037789662087,-2.2950508187383956,-1.888319867833211,-0.1737073587841361,0.08122902400643679,0.02066655461817228,-0.09953000000000001,0.04573,0.01076,-0.0007142157110864905,0.0,2.113120372413251e-05,-0.0003143618328864345,0.0,2.7682375644651324e-05
462,4.620337700005621,step,1.1431086013185205,0.057417426825135676,3.8570999167859554,9.980399860069156,124371.0,124371.0,0.0,0.0,8.77,0.0002,1e-05,100.0,0.01,-0.03556703436117978,0.0,0.21821101779402793,-0.034444893789455214,0.0,0.2179930778672177,0.0,0.0,0.0,0.3601091558130912,0.0,-0.5294821566941228,-0.23968232940093814,0.0,0.5062977154790088,0.24068852941415791,0.0,-0.20690374999717642,0.5357037789662087,-2.2950508187383956,-1.8867858870453256,-0.1726518426646374,0.08097983706607298,0.019282524795771756,-0.09684000000000001,0.05111,0.01076,-0.000815059534890104,0.0,0.00020903511304183739,-0.00030708103683446013,0.0,8.904813768402606e-06
463,4.630430500023067,step,1.0297351744483467,0.04081629751416654,4.1837000753730536,10.09280001744628,124371.0,124371.0,0.0,0.0,8.77,0.0002,1e-05,100.0,0.01,-0.03547347133342814,0.0,0.21804189144658648,-0.034444893789455214,0.0,0.2179930778672177,0.0,0.0,0.0,0.35307722906251826,0.0,-0.5116794554157508,-0.24253816595854785,0.0,0.5063840697438323,0.23561881485055844,0.0,-0.1999190523141966,0.5357037789662087,-2.2950508187383956,-1.888319867833211,-0.1730826952297016,0.08142246164371937,0.020374825385199802,-0.09146,0.048420000000000005,0.00807,-0.000709118070822882,0.0,2.144218285734036e-05,-0.00031945947315004304,0.0,2.7371396511443473e-05
464,4.640303299995139,step,1.0297351744483467,0.0418435444823997,4.036400001496077,9.872799972072244,124371.0,124371.0,0.0,0.0,8.77,0.0002,1e-05,100.0,0.01,-0.03547347133342814,0.0,0.21804189144658648,-0.034444893789455214,0.0,0.2179930778672177,0.0,0.0,0.0,0.355932885600381,0.0,-0.511765484280423,-0.24542684764624043,0.0,0.5065397200045758,0.2374986255935885,0.0,-0.1999705041549511,0.5357037789662087,-2.2950508187383956,-1.888319867833211,-0.1727871090764113,0.08152974543264141,0.020254339675476005,-0.09953000000000001,0.04573,0.01345,-0.0007172736759530919,0.0,3.86487147968677e-05,-0.00031130386801983306,0.0,1.0164864571916134e-05
465,4.650370700052008,step,1.0297351744483467,0.042764235817354904,3.8234000094234943,10.067400056868792,124371.0,124371.0,0.0,0.0,8.77,0.0002,1e-05,100.0,0.01,-0.03547347133342814,0.0,0.21804189144658648,-0.034444893789455214,0.0,0.2179930778672177,0.0,0.0,0.0,0.3588215672903118,0.0,-0.5119211345496532,-0.24834370508687664,0.0,0.5067513560943058,0.2394006138213351,0.0,-0.20004906208216744,0.5357037789662087,-2.2950508187383956,-1.888319867833211,-0.17248929368276528,0.08163475866621316,0.02012951214061296,-0.09146,0.048420000000000005,0.00807,-0.0007242698520886382,0.0,5.255026771960223e-05,-0.0003043076918842868,0.0,-3.7366883508183952e-06
466,4.66035300004296,step,1.0297351744483467,0.043569606597682685,3.859899938106537,9.982299990952015,124371.0,124371.0,0.0,0.0,8.77,0.0002,1e-05,100.0,0.01,-0.03547347133342814,0.0,0.21804189144658648,-0.034444893789455214,0.0,0.2179930778672177,0.0,0.0,0.0,0.3617384247435531,0.0,-0.5121327706644314,-0.25128452118441724,0.0,0.5070073287490613,0.24132150123850277,0.0,-0.200149427614894,0.5357037789662087,-2.2950508187383956,-1.888319867833211,-0.1721895172586169,0.08173800934664747,0.02000112693955393,-0.09684000000000001,0.040350000000000004,0.01076,-0.0007302189028206513,0.0,6.355925189064268e-05,-0.0002983586411522737,0.0,-1.4745672521858849e-05
467,4.670158599969,step,1.1431086013185205,0.060527496807971204,3.9998998399823904,9.805599926039577,124371.0,124371.0,0.0,0.0,8.77,0.0002,1e-05,100.0,0.01,-0.03556703436117978,0.0,0.21821101779402793,-0.034444893789455214,0.0,0.2179930778672177,0.0,0.0,0.0,0.37499384304068306,0.0,-0.5310336187287571,-0.25462439413721105,0.0,0.5079823918346054,0.25048889878988406,0.0,-0.20761080696833312,0.5357037789662087,-2.2950508187383956,-1.8867858870453256,-0.17113004866945328,0.08148219211121796,0.01860760536232904,-0.09953000000000001,0.04573,0.00807,-0.0008293066557915794,0.0,0.00024211289413927814,-0.0002928339159329848,0.0,-2.4172967329038144e-05
468,4.680163700133562,step,1.0297351744483467,0.042416521376551296,4.655000055208802,10.005100164562464,124371.0,124371.0,0.0,0.0,8.77,0.0002,1e-05,100.0,0.01,-0.03547347133342814,0.0,0.21804189144658648,-0.034444893789455214,0.0,0.2179930778672177,0.0,0.0,0.0,0.36801929382446164,0.0,-0.513364131830954,-0.25753099642175087,0.0,0.5081693876495803,0.24546269640991722,0.0,-0.20066518365633668,0.5357037789662087,-2.2950508187383956,-1.888319867833211,-0.171557449072911,0.08192065317047877,0.019691350714266982,-0.09146,0.048420000000000005,0.00807,-0.0007217234470824842,0.0,4.643196796878234e-05,-0.00030685409689044083,0.0,2.3816114000014917e-06
469,4.690303599927574,step,1.0297351744483467,0.04328223137440597,3.9339999202638865,10.139899794012308,124371.0,124371.0,0.0,0.0,8.77,0.0002,1e-05,100.0,0.01,-0.03547347133342814,0.0,0.21804189144658648,-0.034444893789455214,0.0,0.2179930778672177,0.0,0.0,0.0,0.3709257160862959,0.0,-0.5135508022311995,-0.26046430641648477,0.0,0.5083977267607188,0.24737655732195268,0.0,-0.20075583812795433,0.5357037789662087,-2.2950508187383956,-1.888319867833211,-0.17125832562639526,0.08202477309809153,0.01956446490064378,-0.09953000000000001,0.04304,0.01076,-0.0007283551010818856,0.0,5.6697708961136965e-05,-0.00030022244289103943,0.0,-7.884129592353133e-06
470,4.700315500143915,step,0.7946572652124689,0.02095787887429046,3.7890002131462097,10.011900216341019,124371.0,124371.0,0.0,0.0,8.77,0.0002,1e-05,100.0,0.01,-0.03523021535842108,0.0,0.21811452827879357,-0.034444893789455214,0.0,0.2179930778672177,0.0,0.0,0.0,0.34704193098903235,0.0,-0.5217867918652415,-0.2624350665541159,0.0,0.5089524160924912,0.2319220638788525,0.0,-0.2039403240411635,0.5372377597540943,-2.2950508187383956,-1.888319867833211,-0.1748521322624172,0.08043209995856994,0.020167254234064715,-0.09415,0.04304,0.00807,-0.0004893493022658558,0.0,0.00013773205185863975,-0.0002959722667000102,0.0,-1.6281640282760096e-05
471,4.710362900048494,step,0.9254729309642945,0.03988527972979085,3.804400097578764,10.047399904578924,124371.0,124371.0,0.0,0.0,8.77,0.0002,1e-05,100.0,0.01,-0.035323518839625354,0.0,0.21828379795108044,-0.034444893789455214,0.0,0.2179930778672177,0.0,0.0,0.0,0.3592982123075896,0.0,-0.5410022968097677,-0.2649874984317625,0.0,0.5101616089869178,0.24045649257870355,0.0,-0.21150467793484154,0.5372377597540943,-2.2950508187383956,-1.8867858870453256,-0.17389736571112532,0.08012448421818383,0.018799728448268896,-0.09415,0.04573,0.01076,-0.000633781216982005,0.0,0.00030024846144071943,-0.0002448438331881348,0.0,-9.528377577975038e-06
472,4.720286499941722,step,1.0297351744483467,0.053022511671198355,3.8916999474167824,9.92359989322722,124371.0,124371.0,0.0,0.0,8.77,0.0002,1e-05,100.0,0.01,-0.03547347133342814,0.0,0.21804189144658648,-0.034444893789455214,0.0,0.2179930778672177,0.0,0.0,0.0,0.3783819296631956,0.0,-0.5155434889913988,-0.2682431333044395,0.0,0.5102347110392098,0.25229608490441974,0.0,-0.20157319962914247,0.5357037789662087,-2.2950508187383956,-1.888319867833211,-0.17051717740621183,0.08221443173891815,0.019173910699790533,-0.09953000000000001,0.04304,0.01076,-0.0008083899318624421,0.0,1.8151594199747223e-05,-0.0002201876121104829,0.0,3.066198516903661e-05
473,4.7302989000454545,step,1.1431086013185205,0.06798171156557493,4.235799890011549,10.012400103732944,124371.0,124371.0,0.0,0.0,8.77,0.0002,1e-05,100.0,0.01,-0.03556703436117978,0.0,0.21821101779402793,-0.034444893789455214,0.0,0.2179930778672177,0.0,0.0,0.0,0.39195245528158995,0.0,-0.534261000969296,-0.2718399511456992,0.0,0.5110466492941964,0.2616654205423696,0.0,-0.2089795653051982,0.5357037789662087,-2.2950508187383956,-1.8867858870453256,-0.16942131930151783,0.0819799806953551,0.017775880155535294,-0.09684000000000001,0.040350000000000004,0.01345,-0.0008931073180288014,0.0,0.00020160820739871743,-0.00022903325369576276,0.0,1.633171941152256e-05
474,4.7403520999941975,step,1.0297351744483467,0.04845313095514958,3.8542000111192465,10.053199948742986,124371.0,124371.0,0.0,0.0,8.77,0.0002,1e-05,100.0,0.01,-0.03547347133342814,0.0,0.21804189144658648,-0.034444893789455214,0.0,0.2179930778672177,0.0,0.0,0.0,0.3852348509479093,0.0,-0.5164283892175637,-0.2749526397698468,0.0,0.5110890252323215,0.25681152818528413,0.0,-0.20195876407245017,0.5357037789662087,-2.2950508187383956,-1.888319867833211,-0.16981959457025628,0.0824371753354468,0.018855624039453678,-0.09684000000000001,0.04304,0.01345,-0.0007728956849250941,0.0,1.0522151000717808e-05,-0.0002556818590478309,0.0,3.8291428368066025e-05
475,4.750341200036928,step,1.1431086013185205,0.06342700203247761,3.8341002073138952,9.98910004273057,124371.0,124371.0,0.0,0.0,8.77,0.0002,1e-05,100.0,0.01,-0.03556703436117978,0.0,0.21821101779402793,-0.034444893789455214,0.0,0.2179930778672177,0.0,0.0,0.0,0.39866196171547036,0.0,-0.5351153151389683,-0.2784265277291956,0.0,0.5118748387295248,0.2660842203929598,0.0,-0.2093580705213034,0.5357037789662087,-2.2950508187383956,-1.8867858870453256,-0.16873801145040265,0.08219850966347295,0.01746498619192438,-0.08877,0.04573,0.01614,-0.0008625832320215423,0.0,0.00019512130331078754,-0.0002595573397030219,0.0,2.281862349945245e-05
476,4.760463800048456,step,0.8825573225503017,0.030137311882693894,3.654700005427003,10.122600011527538,124371.0,124371.0,0.0,0.0,8.77,0.0002,1e-05,100.0,0.01,-0.03532352204820825,0.0,0.21790989246881293,-0.034444893789455214,0.0,0.2179930778672177,0.0,0.0,0.0,0.3752906752902571,0.0,-0.5027047094062125,-0.2808271762343187,0.0,0.5113606897906081,0.2502828900779817,0.0,-0.1965384577357657,0.5372377597540943,-2.2965847995262814,-1.888319867833211,-0.17140251356593905,0.08297338719677297,0.019675902918276263,-0.09684000000000001,0.04573,0.01076,-0.0005960926692883061,0.0,-0.00012766567565246345,-0.0002825355894647331,0.0,4.4480277247696434e-05
477,4.770433800062165,step,1.1431086013185205,0.06499671775796662,4.851599922403693,9.970000013709068,124371.0,124371.0,0.0,0.0,8.77,0.0002,1e-05,100.0,0.01,-0.03556703436117978,0.0,0.21821101779402793,-0.034444893789455214,0.0,0.2179930778672177,0.0,0.0,0.0,0.4045362096377263,0.0,-0.53538672572764,-0.284326611273787,0.0,0.5122286171816579,0.2699494556855889,0.0,-0.2095055983334721,0.5357037789662087,-2.2950508187383956,-1.8867858870453256,-0.16813157348358543,0.08241417544213776,0.017213286118882454,-0.09953000000000001,0.040350000000000004,0.01076,-0.0008689266959432602,0.0,0.0002155105814846496,-0.000253213875781304,0.0,2.4293453255903885e-06
478,4.780304000014439,step,1.1431086013185205,0.06099327731063822,3.8059998769313097,9.870199952274561,124371.0,124371.0,0.0,0.0,8.77,0.0002,1e-05,100.0,0.01,-0.03556703436117978,0.0,0.21821101779402793,-0.034444893789455214,0.0,0.2179930778672177,0.0,0.0,0.0,0.40803611320133715,0.0,-0.5362552325022322,-0.28773278329181023,0.0,0.513001046884455,0.2722575319957024,0.0,-0.2098661856287699,0.5357037789662087,-2.2950508187383956,-1.8867858870453256,-0.16778240841151926,0.0825065682805905,0.017032930638116908,-0.09415,0.040350000000000004,0.01076,-0.0008457690353026152,0.0,0.00019179804223538654,-0.00027637153642194893,0.0,2.614188457485345e-05
479,4.790292199933901,step,0.7946572652124689,0.019750289855104644,3.9474000222980976,9.988199919462204,124371.0,124371.0,0.0,0.0,8.77,0.0002,1e-05,100.0,0.01,-0.03523021535842108,0.0,0.21811452827879357,-0.034444893789455214,0.0,0.2179930778672177,0.0,0.0,0.0,0.3743105879296914,0.0,-0.5263904373395842,-0.28969716043737725,0.0,0.5133031733496891,0.24989786861264218,0.0,-0.20590418011565495,0.5372377597540943,-2.2950508187383956,-1.888319867833211,-0.17209366181916033,0.08126545408578814,0.018855751976354883,-0.09684000000000001,0.03766,0.01076,-0.00048776437437265144,0.0,7.501946692309401e-05,-0.0002975571945932146,0.0,4.643094465278564e-05
480,4.800357799977064,step,1.0297351744483467,0.04934759166343209,4.327900009229779,10.065600043162704,124371.0,124371.0,0.0,0.0,8.77,0.0002,1e-05,100.0,0.01,-0.03547347133342814,0.0,0.21804189144658648,-0.034444893789455214,0.0,0.2179930778672177,0.0,0.0,0.0,0.40309141210812743,0.0,-0.518684727601045,-0.29283869887345176,0.0,0.513319129143398,0.2685770402281202,0.0,-0.2029443272278183,0.5357037789662087,-2.2950508187383956,-1.888319867833211,-0.16800105614126198,0.08302010448725466,0.018028392783486002,-0.09684000000000001,0.040350000000000004,0.01076,-0.0007800592331760265,0.0,3.9619009789196974e-06,-0.0002485183107968985,0.0,4.4851678389864135e-05
481,4.810295999981463,step,0.7946572652124689,0.02335932191373125,3.793699899688363,9.938200004398823,124371.0,124371.0,0.0,0.0,8.77,0.0002,1e-05,100.0,0.01,-0.03523021535842108,0.0,0.21811452827879357,-0.034444893789455214,0.0,0.2179930778672177,0.0,0.0,0.0,0.37941632350677634,0.0,-0.5267081941625743,-0.29496781199379657,0.0,0.5136916096174121,0.2532599280031667,0.0,-0.20606164017481624,0.5372377597540943,-2.2950508187383956,-1.888319867833211,-0.17156782722733313,0.08144930225993588,0.018633604335664793,-0.09146,0.040350000000000004,0.00807,-0.0005286691160387238,0.0,9.248870858814126e-05,-0.0002566524529271422,0.0,2.8961702987738398e-05
482,4.8202810999937356,step,1.0297351744483467,0.053660969529792345,3.8638999685645103,9.985100012272596,124371.0,124371.0,0.0,0.0,8.77,0.0002,1e-05,100.0,0.01,-0.03547347133342814,0.0,0.21804189144658648,-0.034444893789455214,0.0,0.2179930778672177,0.0,0.0,0.0,0.4083620637257916,0.0,-0.5190731638777263,-0.29824296441815196,0.0,0.5137662454211352,0.27204804987362113,0.0,-0.20312800869340236,0.5357037789662087,-2.2950508187383956,-1.888319867833211,-0.1674594757035979,0.0832063666803272,0.017796147013383418,-0.09953000000000001,0.04304,0.00807,-0.0008132362346231938,0.0,1.8532432120259942e-05,-0.00021534130934973124,0.0,3.028114724852389e-05
483,4.8303420001175255,step,1.0297351744483467,0.05193875671185798,3.7573999725282192,10.060900123789907,124371.0,124371.0,0.0,0.0,8.77,0.0002,1e-05,100.0,0.01,-0.03547347133342814,0.0,0.21804189144658648,-0.034444893789455214,0.0,0.2179930778672177,0.0,0.0,0.0,0.41163768420275,0.0,-0.5191476599396425,-0.3014634783843943,0.0,0.5138928990259376,0.2742041585950033,0.0,-0.20317768452777177,0.5357037789662087,-2.2950508187383956,-1.888319867833211,-0.1671200004330261,0.08333066544131337,0.0176589812581985,-0.09415,0.04304,0.00807,-0.0007996692404243805,0.0,3.144870446485523e-05,-0.00022890830354854448,0.0,1.73648749039286e-05
484,4.840201700106263,step,1.0297351744483467,0.05047225383072222,3.857000032439828,9.859699988737702,124371.0,124371.0,0.0,0.0,8.77,0.0002,1e-05,100.0,0.01,-0.03547347133342814,0.0,0.21804189144658648,-0.034444893789455214,0.0,0.2179930778672177,0.0,0.0,0.0,0.4148581981769316,0.0,-0.5192743135580453,-0.30463615327249105,0.0,0.5140619694863516,0.27632433535493583,0.0,-0.2032471577522165,0.5357037789662087,-2.2950508187383956,-1.888319867833211,-0.1667871617344167,0.0834501403328643,0.017521828361429286,-0.09146,0.048420000000000005,0.00807,-0.0007877905652550467,0.0,4.1981015475986734e-05,-0.00024078697871787833,0.0,6.832563892797099e-06
485,4.850326600018889,step,0.7946572652124689,0.024262902653312098,3.9633000269532204,10.124899912625551,124371.0,124371.0,0.0,0.0,8.77,0.0002,1e-05,100.0,0.01,-0.03523021535842108,0.0,0.21811452827879357,-0.034444893789455214,0.0,0.2179930778672177,0.0,0.0,0.0,0.3912137779521368,0.0,-0.5274510345643587,-0.3067821672475667,0.0,0.5145591661772523,0.2610284544221818,0.0,-0.20642880294958935,0.5372377597540943,-2.2950508187383956,-1.888319867833211,-0.17035296725074894,0.08187366629746105,0.01811993282695791,-0.09146,0.03766,0.00538,-0.0005328656802538699,0.0,0.0001234563502352781,-0.0002524558887119961,0.0,-2.005938659398437e-06
486,4.860091099981219,step,1.0297351744483467,0.053952325975103445,4.086900036782026,9.764499962329865,124371.0,124371.0,0.0,0.0,8.77,0.0002,1e-05,100.0,0.01,-0.03547347133342814,0.0,0.21804189144658648,-0.034444893789455214,0.0,0.2179930778672177,0.0,0.0,0.0,0.4201764189871282,0.0,-0.519940720493364,-0.31006241784266464,0.0,0.514733583000925,0.27982842288089976,0.0,-0.20353852534913439,0.5357037789662087,-2.2950508187383956,-1.888319867833211,-0.1662454493014892,0.08362404060725652,0.017275694550656293,-0.10222,0.040350000000000004,0.00807,-0.0008145021351496313,0.0,4.3308543408156884e-05,-0.00021407540882329367,0.0,5.505035960626948e-06
487,4.870323300128803,step,0.7946572652124689,0.026128654784969327,4.0021000895649195,10.23220014758408,124371.0,124371.0,0.0,0.0,8.77,0.0002,1e-05,100.0,0.01,-0.03523021535842108,0.0,0.21811452827879357,-0.034444893789455214,0.0,0.2179930778672177,0.0,0.0,0.0,0.39664004253805474,0.0,-0.5281226480909962,-0.31229331393291004,0.0,0.5152324152287547,0.2646038473427617,0.0,-0.20672514678461895,0.5372377597540943,-2.2950508187383956,-1.888319867833211,-0.16979985437232697,0.08205199176617449,0.01786947236653981,-0.09415,0.04573,0.01076,-0.0005539423212108499,0.0,0.0001238624619887283,-0.00023137924775501614,0.0,-2.4120504128486494e-06
488,4.880331099964678,step,1.0297351744483467,0.056109267192442074,3.9178000297397375,10.00779983587563,124371.0,124371.0,0.0,0.0,8.77,0.0002,1e-05,100.0,0.01,-0.03547347133342814,0.0,0.21804189144658648,-0.034444893789455214,0.0,0.2179930778672177,0.0,0.0,0.0,0.4256875657104464,0.0,-0.5206139695456009,-0.31563874637061634,0.0,0.5154054332718336,0.2834595155159419,0.0,-0.20383376691934293,0.5357037789662087,-2.2950508187383956,-1.888319867833211,-0.16568378514930396,0.08380513618644697,0.017021376564424512,-0.09684000000000001,0.040350000000000004,0.01076,-0.000830687102864236,0.0,4.296121940128215e-05,-0.000197890441108689,0.0,5.852359967501686e-06
489,4.890325600048527,step,1.0297351744483467,0.053475823087938024,3.8729000370949507,9.994500083848834,124371.0,124371.0,0.0,0.0,8.77,0.0002,1e-05,100.0,0.01,-0.03547347133342814,0.0,0.21804189144658648,-0.034444893789455214,0.0,0.2179930778672177,0.0,0.0,0.0,0.429033466186661,0.0,-0.5207868478343588,-0.31890291909621216,0.0,0.5156062840499356,0.28566250202528587,0.0,-0.2039218970867929,0.5357037789662087,-2.2950508187383956,-1.888319867833211,-0.16533870334624118,0.08392714989187022,0.016877109685176528,-0.08877,0.04304,0.00807,-0.0008105099221590275,0.0,4.987222252317362e-05,-0.00021806762181389753,0.0,-1.0586431543897876e-06
490,4.900300600100309,step,1.0297351744483467,0.05125824723148131,3.8464998360723257,9.975000051781535,124371.0,124371.0,0.0,0.0,8.77,0.0002,1e-05,100.0,0.01,-0.03547347133342814,0.0,0.21804189144658648,-0.034444893789455214,0.0,0.2179930778672177,0.0,0.0,0.0,0.4322976389082866,0.0,-0.5209876986152422,-0.32209699702645106,0.0,0.5158288051092922,0.287811883260766,0.0,-0.20402031189425182,0.5357037789662087,-2.2950508187383956,-1.888319867833211,-0.1650026084722515,0.08404453599214974,0.016734983484051454,-0.09146,0.04304,0.01076,-0.0007931050444443799,0.0,5.525305848051669e-05,-0.00023547249952854507,0.0,-6.4394791117328555e-06
491,4.910292899934575,step,0.7946572652124689,0.024512375733823078,4.301800159737468,9.992299834266305,124371.0,124371.0,0.0,0.0,8.77,0.0002,1e-05,100.0,0.01,-0.03523021535842108,0.0,0.21811452827879357,-0.034444893789455214,0.0,0.2179930778672177,0.0,0.0,0.0,0.4086746217156779,0.0,-0.5292178702112175,-0.3242460385847791,0.0,0.5163618112324688,0.2725308119319686,0.0,-0.2072300566464056,0.5372377597540943,-2.2950508187383956,-1.888319867833211,-0.168566369624699,0.08246763997255818,0.01733095703833546,-0.08877,0.048420000000000005,0.00538,-0.0005336174438621429,0.0,0.00013234800597976704,-0.0002517041251037231,0.0,-1.0897594403887385e-05
492,4.920359200099483,step,1.0297351744483467,0.053600763131587195,3.7962000351399183,10.06630016490817,124371.0,124371.0,0.0,0.0,8.77,0.0002,1e-05,100.0,0.01,-0.03547347133342814,0.0,0.21804189144658648,-0.034444893789455214,0.0,0.2179930778672177,0.0,0.0,0.0,0.43764029032569707,0.0,-0.5217433655646067,-0.32751436874565015,0.0,0.5165571841729131,0.2913326176263439,0.0,-0.20434631732535333,0.5357037789662087,-2.2950508187383956,-1.888319867833211,-0.16445990119611353,0.08421482476738533,0.016484015602721433,-0.09684000000000001,0.04573,0.00807,-0.0008115422335054643,0.0,4.8512048859948e-05,-0.00021703531046746074,0.0,3.015305088358315e-07
493,4.93028760002926,step,1.0297351744483467,0.051175021713243944,3.8584000431001186,9.928399929776788,124371.0,124371.0,0.0,0.0,8.77,0.0002,1e-05,100.0,0.01,-0.03547347133342814,0.0,0.21804189144658648,-0.034444893789455214,0.0,0.2179930778672177,0.0,0.0,0.0,0.4409090885272007,0.0,-0.5219385987454397,-0.33070647090923083,0.0,0.5167704636138172,0.29348500697785523,0.0,-0.20444259151048944,0.5357037789662087,-2.2950508187383956,-1.888319867833211,-0.1641232277869461,0.08433267919572779,0.01634194158174944,-0.09415,0.05111,0.00807,-0.0007926144519987688,0.0,5.295831978798524e-05,-0.00023596309197415621,0.0,-4.144740419201407e-06
494,4.940296899992973,step,0.7946572652124689,0.024299878736592218,3.833299968391657,10.009299963712692,124371.0,124371.0,0.0,0.0,8.77,0.0002,1e-05,100.0,0.01,-0.03523021535842108,0.0,0.21811452827879357,-0.034444893789455214,0.0,0.2179930778672177,0.0,0.0,0.0,0.4172840955975686,0.0,-0.5301595287116094,-0.3328485930996665,0.0,0.517291317017916,0.27820279502026185,0.0,-0.20765236156336045,0.5372377597540943,-2.2950508187383956,-1.888319867833211,-0.1676866562548211,0.08275691063071167,0.016938901784842413,-0.08608,0.05111,0.00807,-0.0005318993312488628,0.0,0.0001293304268803196,-0.0002534222377170032,0.0,-7.880015304439938e-06
495,4.950327300000936,step,1.0297351744483467,0.05322065988263373,3.758199978619814,10.03040000796318,124371.0,124371.0,0.0,0.0,8.77,0.0002,1e-05,100.0,0.01,-0.03547347133342814,0.0,0.21804189144658648,-0.034444893789455214,0.0,0.2179930778672177,0.0,0.0,0.0,0.4462428448374925,0.0,-0.5226728713446142,-0.3361061005294694,0.0,0.5174723620987829,0.29699975112720056,0.0,-0.20476027535701652,0.5357037789662087,-2.2950508187383956,-1.888319867833211,-0.163581075156513,0.08450371472246153,0.016092256663979676,-0.09146,0.048420000000000005,0.01076,-0.0008088548968805063,0.0,4.495437182294268e-05,-0.0002197226470924187,0.0,3.8592075458411545e-06
496,4.9603162000421435,step,1.0297351744483467,0.05070214284431886,3.8395998999476433,9.988900041207671,124371.0,124371.0,0.0,0.0,8.77,0.0002,1e-05,100.0,0.01,-0.03547347133342814,0.0,0.21804189144658648,-0.034444893789455214,0.0,0.2179930778672177,0.0,0.0,0.0,0.44950082030617755,0.0,-0.5228537766649,-0.3392843798188701,0.0,0.5176697686017917,0.29914492680455523,0.0,-0.2048509455108211,0.5357037789662087,-2.2950508187383956,-1.888319867833211,-0.1632452793740698,0.08462187895560212,0.01595124084127786,-0.09415,0.048420000000000005,0.00807,-0.0007891821652855854,0.0,4.901699230947295e-05,-0.00023939537868733962,0.0,-2.034129406891142e-07
497,4.970284000039101,step,1.0297351744483467,0.04861622527601659,3.836799878627062,9.967799996957183,124371.0,124371.0,0.0,0.0,8.77,0.0002,1e-05,100.0,0.01,-0.03547347133342814,0.0,0.21804189144658648,-0.034444893789455214,0.0,0.2179930778672177,0.0,0.0,0.0,0.45267909959251795,0.0,-0.5230511831655619,-0.34239552395643497,0.0,0.5178795952218832,0.30123776097030697,0.0,-0.20494748179069475,0.5357037789662087,-2.2950508187383956,-1.888319867833211,-0.16291806039924567,0.08473608196828937,0.015812775457086828,-0.08608,0.04573,0.00538,-0.0007725121814143477,0.0,5.2100967630699856e-05,-0.0002560653625585773,0.0,-3.2873882619160235e-06
498,4.980363900074735,step,1.0297351744483467,0.04689978265874416,3.782799933105707,10.079900035634637,124371.0,124371.0,0.0,0.0,8.77,0.0002,1e-05,100.0,0.01,-0.03547347133342814,0.0,0.21804189144658648,-0.034444893789455214,0.0,0.2179930778672177,0.0,0.0,0.0,0.4557902437000472,0.0,-0.5232610097912096,-0.3454503654413219,0.0,0.5180984559857549,0.3032864937843417,0.0,-0.20504838778170104,0.5357037789662087,-2.2950508187383956,-1.888319867833211,-0.16259804078149476,0.08484702383166544,0.015676522132136717,-0.09146,0.048420000000000005,0.00538,-0.0007585319596321205,0.0,5.4344189355639126e-05,-0.0002700455843408045,0.0,-5.530609986855294e-06
499,4.990077099995688,step,1.0297351744483467,0.04549899400935973,4.033499862998724,9.71319992095232,124371.0,124371.0,0.0,0.0,8.77,0.0002,1e-05,100.0,0.01,-0.03547347133342814,0.0,0.21804189144658648,-0.034444893789455214,0.0,0.2179930778672177,0.0,0.0,0.0,0.45884508515974526,0.0,-0.5234798705591192,-0.34845854908711693,0.0,0.5183234669966925,0.3052982323607143,0.0,-0.20515242455490423,0.5357037789662087,-2.2950508187383956,-1.888319867833211,-0.16228403492925464,0.08495530145249539,0.015542183314900954,-0.09146,0.048420000000000005,0.00538,-0.0007469465918499704,0.0,5.587132553675439e-05,-0.00028163095212295464,0.0,-7.0577461679705546e-06
500,5.000090500107035,step,1.0297351744922205,0.04436786950370099,3.977100132033229,10.013400111347437,124371.0,124371.0,0.0,0.0,8.77,0.0002,1e-05,100.0,0.01,-0.03547347133342814,0.0,0.21804189144658648,-0.03444489378941129,0.0,0.2179930778672177,0.0,0.0,0.0,0.461853290407434,0.0,-0.5237048815728118,-0.351428609210635,0.0,0.5185521955769526,0.3073004915014975,0.0,-0.20525874494872545,0.5357037789662087,-2.2950508187383956,-1.888319867833211,-0.1619716403760608,0.08506269869682233,0.015408171814486837,-0.09415,0.048420000000000005,0.00538,-0.0007374803363326639,0.0,5.6794416033343476e-05,-0.00029109720768418434,0.0,-7.980836664559643e-06
501,5.010496000060812,step,1.029802902668479,0.04347676454740211,3.7463000044226646,10.405499953776598,124371.0,124371.0,0.0,0.0,8.77,0.0002,1e-05,100.0,0.01,-0.03547347133342814,0.0,0.21804189144658648,-0.0344448259850142,0.0,0.2179930778672177,0.0,0.0,0.0,0.46511756259559306,0.0,-0.523933610154736,-0.3543683815012945,0.0,0.5187826121313729,0.31183354123001256,0.0,-0.20539103543279355,0.5357037789662087,-2.2950508187383956,-1.888319867833211,-0.16125924238654563,0.08532031044381022,0.015116722204531044,-0.09415,0.04573,0.00807,-0.0007299597205086049,0.0,5.721354820560749e-05,-0.00029868562790533334,0.0,-8.399968836823659e-06
502,5.020344099961221,step,1.1328467304833936,0.05605335980214558,3.8058001082390547,9.84809990040958,124371.0,124371.0,0.0,0.0,8.77,0.0002,1e-05,100.0,0.01,-0.03556646400615755,0.0,0.21783711274675635,-0.034444404918601824,0.0,0.2179930778672177,0.0,0.0,0.0,0.4791318467181628,0.0,-0.5015887544441541,-0.35766263205889426,0.0,0.5181837922718301,0.32303403788435897,0.0,-0.19658413916657386,0.5357037789662087,-2.2965847995262814,-1.888319867833211,-0.15889264922191323,0.0875961174478368,0.015201482546880876,-0.09415,0.04304,0.00807,-0.0008179783937521776,0.0,-0.00014868987597973758,-0.0003040806938035506,0.0,-7.275244481605669e-06
503,5.030033299932256,step,0.943992619083445,0.03054655629455234,4.05400013551116,9.689199971035123,124371.0,124371.0,0.0,0.0,8.77,0.0002,1e-05,100.0,0.01,-0.03537964897929191,0.0,0.21787290882196106,-0.03444333628288855,0.0,0.2179930778672177,0.0,0.0,0.0,0.46317273744759896,0.0,-0.504935781808112,-0.3601161324359995,0.0,0.5178843809185802,0.31437963609232095,0.0,-0.19790449177979386,0.5357037789662087,-2.2950508187383956,-1.8898538486210967,-0.1604719372115253,0.08627925387187942,0.0157857769641181,-0.08608,0.05111,0.00807,-0.000609216045484158,0.0,-7.43452914464811e-05,-0.00032709665091920225,0.0,-4.582375381015397e-05
504,5.040089700138196,step,0.9460847227410979,0.03229985968508799,4.089199937880039,10.056400205940008,124371.0,124371.0,0.0,0.0,8.77,0.0002,1e-05,100.0,0.01,-0.03537964897929191,0.0,0.21787290882196106,-0.034441227057571085,0.0,0.2179930778672177,0.0,0.0,0.0,0.46759059327976027,0.0,-0.5046364393666549,-0.36264977785358404,0.0,0.5176828546548566,0.31931931639055444,0.0,-0.1978297371355376,0.5357037789662087,-2.2950508187383956,-1.8898538486210967,-0.1596860838251682,0.08658834603925777,0.015491467077633367,-0.09146,0.05111,-0.00538,-0.0006291164478161045,0.0,-5.0039948879778285e-05,-0.00030930547390472195,0.0,-7.012909637685679e-05
505,5.050336200045422,step,0.8957597714458421,0.028094675578003526,3.975600004196167,10.24649990722537,124371.0,124371.0,0.0,0.0,8.77,0.0002,1e-05,100.0,0.01,-0.03528556751954422,0.0,0.2177040703177841,-0.034437711279069985,0.0,0.2179930778672177,0.0,0.0,0.0,0.46236835641650137,0.0,-0.4858217702616324,-0.36487820456798714,0.0,0.516874739877034,0.31751556297783895,0.0,-0.19035106004310245,0.5357037789662087,-2.2950508187383956,-1.8913878294089825,-0.15959020778469807,0.08728065229566008,0.016423611397180134,-0.08608,0.05111,0.00807,-0.0005533291632103463,0.0,-0.00020065881947133334,-0.00029452707726388555,0.0,-8.834872996225641e-05
506,5.060102700022981,step,0.9004203806614394,0.030007132924703514,4.076600074768066,9.766499977558851,124371.0,124371.0,0.0,0.0,8.77,0.0002,1e-05,100.0,0.01,-0.03528556751954422,0.0,0.2177040703177841,-0.03443278882710351,0.0,0.2179930778672177,0.0014728058870058843,0.0,-0.0026383349983314596,0.44580969508710144,0.0,-0.4458372737271406,-0.36724600603683377,0.0,0.5162462951387568,0.3082237749202167,0.0,-0.1748010603417863,0.5357037789662087,-2.2950508187383956,-1.8913878294089825,-0.16023445864557795,0.08871175495416508,0.01878207692507486,-0.08877,0.05111,0.00807,-0.0005879365908409886,0.0,-0.00015604587707881683,-0.0002648421015997188,0.0,-0.00013296167235477292
507,5.070200700080022,step,0.9070376586091444,0.03216769317165618,5.130199948325753,10.098000057041645,124371.0,124371.0,0.0,0.0,8.77,0.0002,1e-05,100.0,0.01,-0.03528556751954422,0.0,0.2177040703177841,-0.034425804790353454,0.0,0.2179930778672177,0.0014728058870058843,0.0,-0.0026383349983314596,0.4519804455435558,0.0,-0.4452086040844425,-0.3697323260679105,0.0,0.5157445468578452,0.31406313945304387,0.0,-0.17459795057270933,0.5357037789662087,-2.2950508187383956,-1.8913878294089825,-0.15930104324772212,0.08909143940289933,0.018445792447353934,-0.08877,0.05111,0.00269,-0.0006173653247723369,0.0,-0.00012458653211461126,-0.00024239740441842647,0.0,-0.0001644210173189785
508,5.080107599962503,step,0.9155598956382097,0.03435798620426936,5.1068998873233795,9.906899882480502,124371.0,124371.0,0.0,0.0,8.77,0.0002,1e-05,100.0,0.01,-0.03528556751954422,0.0,0.2177040703177841,-0.0344168186727125,0.0,0.2179930778672177,0.0014728058870058843,0.0,-0.0026383349983314596,0.458816442039608,0.0,-0.44470685584690917,-0.37231984262799306,0.0,0.515324600084846,0.3202236419581838,0.0,-0.17444621689921433,0.5357037789662087,-2.2950508187383956,-1.8913878294089825,-0.15831925186335044,0.08948366979709028,0.018084132642697454,-0.09146,0.048420000000000005,0.01076,-0.0006424929138254805,0.0,-0.00010427482088356811,-0.00022625593300623788,0.0,-0.00018473272855002164
509,5.09025330003351,step,0.9096064625476907,0.03195680262240374,4.152700072154403,10.145700071007013,124371.0,124371.0,0.0,0.0,8.77,0.0002,1e-05,100.0,0.01,-0.03519122717556786,0.0,0.217535376331349,-0.03440516533272598,0.0,0.2179930778672177,0.0014768513076944476,0.0,-0.0026360726392228888,0.45604231311041826,0.0,-0.4257232914606156,-0.37461549971864666,0.0,0.514265676552851,0.3197379323719517,0.0,-0.16687001657573142,0.5357037789662087,-2.2950508187383956,-1.892921810196868,-0.15805903094838777,0.09023833399558698,0.01894984588444816,-0.08877,0.05111,0.01076,-0.0005700227917656681,0.0,-0.0002629358497972637,-0.00021603905107620914,0.0,-0.00019476568607142386
510,5.100289199966937,step,0.9219158718911511,0.034198463495340684,4.675299860537052,10.035899933427572,124371.0,124371.0,0.0,0.0,8.77,0.0002,1e-05,100.0,0.01,-0.03519122717556786,0.0,0.217535376331349,-0.034390953360609336,0.0,0.2179930778672177,0.0014768513076944476,0.0,-0.0026360726392228888,0.4640306581435805,0.0,-0.4246640435820482,-0.3770645075047352,0.0,0.51334804178741,0.32651444541790303,0.0,-0.1664966305618687,0.5357037789662087,-2.2950508187383956,-1.892921810196868,-0.1569243864459264,0.0907236232984758,0.018566667675503738,-0.08608,0.048420000000000005,-0.00538,-0.0006081005133412958,0.0,-0.00022785316367480166,-0.00019217330161722568,0.0,-0.0002298483721938859
511,5.110077399993315,step,0.6918099739590383,0.014237367667007029,4.249899880960584,9.788200026378036,124371.0,124371.0,0.0,0.0,8.77,0.0002,1e-05,100.0,0.01,-0.03494874851678552,0.0,0.21760758080254974,-0.03437429829857545,0.0,0.2179930778672177,0.0014728058871722846,0.0,-0.0026383349983314596,0.44598935750163,0.0,-0.4316728016444689,-0.3786656523872099,0.0,0.5128153048929429,0.3162154384867335,0.0,-0.16936068820654906,0.5372377597540943,-2.2950508187383956,-1.892921810196868,-0.15963623685343326,0.08953437233977962,0.01890651832333457,-0.08608,0.048420000000000005,0.01076,-0.00039757204141917745,0.0,-0.0001322811551851664,-0.00017687817679089475,0.0,-0.0002532159094827837
512,5.1202933001331985,step,0.9543877486309272,0.04526247936694977,4.28340001963079,10.21590013988316,124371.0,124371.0,0.0,0.0,8.77,0.0002,1e-05,100.0,0.01,-0.03519122717556786,0.0,0.217535376331349,-0.03435375163634283,0.0,0.2179930778672177,0.0014768513076944476,0.0,-0.0026360726392228888,0.4813803957581117,0.0,-0.42321381072937875,-0.3815580620172155,0.0,0.5119867746245513,0.3407221929509468,0.0,-0.16601264013109893,0.5357037789662087,-2.2950508187383956,-1.892921810196868,-0.1547023147822349,0.0916161306180116,0.017751783374202038,-0.08608,0.048420000000000005,0.00807,-0.0007181993421135332,0.0,-0.00020572808481446922,-0.0001192761971114967,0.0,-0.00025197345105421834
513,5.13030149997212,step,0.9896847197819663,0.04455687162459264,4.322899971157312,10.008199838921428,124371.0,124371.0,0.0,0.0,8.77,0.0002,1e-05,100.0,0.01,-0.0350966281693547,0.0,0.21736682725960893,-0.034330282280712006,0.0,0.2179930778672177,0.0014808932536100057,0.0,-0.0026338040770404704,0.4814249814359896,0.0,-0.40383759192962815,-0.38414849935982376,0.0,0.5105031949337564,0.3417990236747377,0.0,-0.15824186061869466,0.5357037789662087,-2.2950508187383956,-1.8944557909847537,-0.15414484296909975,0.09251326441172733,0.018530484991567495,-0.08608,0.04573,0.00269,-0.0006432181582952318,0.0,-0.00036838003402024324,-0.00012312773034746393,0.0,-0.0002578705735885205
514,5.140294499928132,step,1.2137870425558195,0.07236517164132386,4.421300021931529,9.992999956011772,124371.0,124371.0,0.0,0.0,8.77,0.0002,1e-05,100.0,0.01,-0.035188585750371024,0.0,0.21716262742397144,-0.03430335637558249,0.0,0.2179930778672177,0.0014849317144357344,0.0,-0.0026315293174418177,0.502383354551229,0.0,-0.37987600860713133,-0.3872636367855713,0.0,0.5083194016406603,0.35680158995638833,0.0,-0.14868636720208767,0.5357037789662087,-2.2965847995262814,-1.8944557909847537,-0.15115590159897302,0.09510342555156072,0.01844178088431648,-0.08877,0.0538,-0.00538,-0.0007735037342414159,0.0,-0.0005422464681845815,-0.00011172564054711895,0.0,-0.0002882039750616741
515,5.150366900023073,step,1.0350715091688534,0.045928137333551985,4.337099846452475,10.072400094941258,124371.0,124371.0,0.0,0.0,8.77,0.0002,1e-05,100.0,0.01,-0.0350966281693547,0.0,0.21736682725960893,-0.034272502447414935,0.0,0.2179930778672177,0.0014808932536100057,0.0,-0.0026338040770404704,0.5044489199480421,0.0,-0.4001695022188634,-0.3900792397992903,0.0,0.5071977924681554,0.359292337767588,0.0,-0.15688954866239502,0.5357037789662087,-2.2950508187383956,-1.8944557909847537,-0.15122736464512593,0.09379880365200316,0.017585031349299576,-0.08608,0.048420000000000005,0.01345,-0.0006991278867032319,0.0,-0.00027850099842181993,-0.00012499783523653495,0.0,-0.0003477496091869438
516,5.160460399929434,step,1.038092089798023,0.04130646192265388,3.616499947384,10.093499906361103,124371.0,124371.0,0.0,0.0,8.77,0.0002,1e-05,100.0,0.01,-0.03494667888413483,0.0,0.21723482828183535,-0.03423767059562987,0.0,0.2179930778672177,0.0014808932536100057,0.0,-0.0026338040770404704,0.5004583701013622,0.0,-0.3844964165662996,-0.39243721425795464,0.0,0.5055542448306294,0.35786942160020496,0.0,-0.1507119292205743,0.5372377597540943,-2.2965847995262814,-1.8944557909847537,-0.15203374049216456,0.09471700617222928,0.018182527764462948,-0.08608,0.04573,-0.0,-0.0005854964965422085,0.0,-0.00040810085119279127,-0.00012351179196275154,0.0,-0.00035014873418955106
517,5.170277799945325,step,1.3401204028626847,0.08352847066408012,3.859100164845586,9.817400015890598,124371.0,124371.0,0.0,0.0,8.77,0.0002,1e-05,100.0,0.01,-0.035093470088094256,0.0,0.21699436937111624,-0.034199879558834,0.0,0.2179930778672177,0.001488966681019612,0.0,-0.002629248365751744,0.5289892268360065,0.0,-0.3564115214316302,-0.39564475553618705,0.0,0.5030209913728697,0.37735388383985824,0.0,-0.13930467576342315,0.5357037789662087,-2.2965847995262814,-1.8959897717726395,-0.14750594544122642,0.0973448880625359,0.018188540645533408,-0.08608,0.0538,0.01076,-0.0007964480590614315,0.0,-0.0006290191222901917,-9.714247019882187e-05,0.0,-0.0003696893738112608
518,5.180545000126585,step,1.1604615415215704,0.05497291629835418,3.6328998394310474,10.267200181260705,124371.0,124371.0,0.0,0.0,8.77,0.0002,1e-05,100.0,0.01,-0.03500177072350537,0.0,0.21719842349917612,-0.034156078448086546,0.0,0.2179930778672177,0.0014849317142693339,0.0,-0.0026315293174418177,0.5334086327393751,0.0,-0.3763393302165725,-0.3986112302265809,0.0,0.5015395693631359,0.38114642204817034,0.0,-0.14739415917796353,0.5357037789662087,-2.2950508187383956,-1.8959897717726395,-0.1473169816059891,0.09616481137977441,0.017261456009358918,-0.08339,0.05918,0.00269,-0.0007365900558950877,0.0,-0.0003678442713459185,-0.00010910221952373407,0.0,-0.0004268100966956567
519,5.190299200126901,step,1.1942474513588017,0.060883560113678944,3.8736998103559017,9.754200000315905,124371.0,124371.0,0.0,0.0,8.77,0.0002,1e-05,100.0,0.01,-0.03500177072350537,0.0,0.21719842349917612,-0.034110282411507147,0.0,0.2179930778672177,0.0014849317142693339,0.0,-0.0026315293174418177,0.5477226412050429,0.0,-0.37485830067173315,-0.40177199569625155,0.0,0.5000609640512039,0.39139544061150455,0.0,-0.14684620872177834,0.5357037789662087,-2.2950508187383956,-1.8959897717726395,-0.14572105274095376,0.09682376859029822,0.016693765207355257,-0.08070000000000001,0.0538,0.00269,-0.0007848333988876453,0.0,-0.0003671448716180261,-0.00010665491311057638,0.0,-0.0004275094964235491
520,5.200551500078291,step,1.234052829436378,0.06777832861115306,3.567199921235442,10.252299951389432,124371.0,124371.0,0.0,0.0,8.77,0.0002,1e-05,100.0,0.01,-0.03500177072350537,0.0,0.21719842349917612,-0.03405762517265403,0.0,0.2179930778672177,0.0014849317142693339,0.0,-0.0026315293174418177,0.5634905147581326,0.0,-0.37337969538821897,-0.40513226156040105,0.0,0.4985562118973719,0.4025734035514612,0.0,-0.14630173889963063,0.5357037789662087,-2.2950508187383956,-1.8959897717726395,-0.14393271456154605,0.09756551473338929,0.016061354768910824,-0.07801000000000001,0.0538,0.00807,-0.0008343703146065454,0.0,-0.00037363725929926334,-0.00010977523624479174,0.0,-0.00042101710874231185
521,5.210158100118861,step,1.3198634749986806,0.07482299052429324,3.958200104534626,9.606600040569901,124371.0,124371.0,0.0,0.0,8.77,0.0002,1e-05,100.0,0.01,-0.03490665506122864,0.0,0.217030165446321,-0.034003970585723235,0.0,0.2179930778672177,0.001488966681019612,0.0,-0.002629248365418943,0.568747745494117,0.0,-0.35335965996988267,-0.40828945006510314,0.0,0.4963208687803906,0.40660107234533766,0.0,-0.1381488340740073,0.5357037789662087,-2.2950508187383956,-1.8975237525605249,-0.1429522720938027,0.09864827792430599,0.016691291521911733,-0.08070000000000001,0.05111,0.01076,-0.0007839452211342091,0.0,-0.0005550465395217597,-0.00011873925437119758,0.0,-0.0004078658813749291
522,5.2205610000528395,step,1.1481143512821035,0.04787107022768543,4.189100116491318,10.402899933978915,124371.0,124371.0,0.0,0.0,8.77,0.0002,1e-05,100.0,0.01,-0.034664951720746656,0.0,0.21710193398394176,-0.03394105314848683,0.0,0.2179930778672177,0.0014849317142693339,0.0,-0.0026315293174418177,0.5594755046630839,0.0,-0.35900205169486316,-0.41074406207719916,0.0,0.49443696487742445,0.40126866033483993,0.0,-0.14059239026783849,0.5372377597540943,-2.2950508187383956,-1.8975237525605249,-0.14481114335196837,0.0978600294439463,0.016785120197055296,-0.08070000000000001,0.0538,0.01345,-0.0006094920698448669,0.0,-0.0004677824778618269,-0.00011440650241495659,0.0,-0.0004233614054141086
523,5.230253200046718,step,1.4091357916896654,0.09897986351853055,3.88780003413558,9.692199993878603,124371.0,124371.0,0.0,0.0,8.77,0.0002,1e-05,100.0,0.01,-0.03490665506122864,0.0,0.217030165446321,-0.033877838581430744,0.0,0.2179930778672177,0.001488966681019612,0.0,-0.002629248365418943,0.60233953674494,0.0,-0.3492402272914859,-0.41460846380401095,0.0,0.4922318861945834,0.42996272046963535,0.0,-0.13657583548074426,0.5357037789662087,-2.2950508187383956,-1.8975237525605249,-0.13919832369703988,0.10025228174573167,0.015413232361400186,-0.07801000000000001,0.048420000000000005,0.00807,-0.0009595496948519355,0.0,-0.0005475317337129626,-6.926678494596219e-05,0.0,-0.0004153806871837262
524,5.240271199960262,step,1.5120437205046173,0.10986408202297432,3.898700000718236,10.017999913543463,124371.0,124371.0,0.0,0.0,8.77,0.0002,1e-05,100.0,0.01,-0.03481128140634078,0.0,0.21686205349697088,-0.03380775757173333,0.0,0.2179930778672177,0.0014929981440432167,0.0,-0.00262696122696226,0.6105563223043814,0.0,-0.3285359261125094,-0.4183052942709686,0.0,0.48934982774563257,0.435836713537948,0.0,-0.12808876683310505,0.5357037789662087,-2.2950508187383956,-1.8990577333484107,-0.1378723606699478,0.10151017095679865,0.015950897534486065,-0.07801000000000001,0.06187,0.00269,-0.0009179409381475147,0.0,-0.0007156290936444066,-8.558289645993716e-05,0.0,-0.00041539527660240704
525,5.2503281000535935,step,1.5630170286669933,0.11819069384180655,3.9090001955628395,10.056900093331933,124371.0,124371.0,0.0,0.0,8.77,0.0002,1e-05,100.0,0.01,-0.03481128140634078,0.0,0.21686205349697088,-0.033732482951665026,0.0,0.2179930778672177,0.0014929981440432167,0.0,-0.00262696122696226,0.6298822794685978,0.0,-0.3256535444113112,-0.422296834525641,0.0,0.48657390534691697,0.4490362992104618,0.0,-0.12696392547062685,0.5357037789662087,-2.2950508187383956,-1.8990577333484107,-0.13569647636805465,0.10247320976639664,0.015245516967915311,-0.07532,0.056490000000000005,-0.00269,-0.000991118808064504,0.0,-0.000689274997508541,-8.767964661125023e-05,0.0,-0.0004417493727382727
526,5.260304800001904,step,1.618989535275381,0.12821063317320516,3.883700119331479,9.976699948310852,124371.0,124371.0,0.0,0.0,8.77,0.0002,1e-05,100.0,0.01,-0.03481128140634078,0.0,0.21686205349697088,-0.0336528725885053,0.0,0.2179930778672177,0.0014929981440432167,0.0,-0.00262696122696226,0.6500101985060992,0.0,-0.322877622037718,-0.426572316658456,0.0,0.4838605349028713,0.46270004839184975,0.0,-0.12588056999095978,0.5357037789662087,-2.2950508187383956,-1.8990577333484107,-0.13349560748014,0.10343066335910714,0.014513514623659594,-0.06725,0.05111,0.00538,-0.00106162295379994,0.0,-0.0006737430437265433,-9.678586403553957e-05,0.0,-0.0004572813265202704
527,5.270146199967712,step,1.6796742911311902,0.13964888169425485,3.9192999247461557,9.841399965807796,124371.0,124371.0,0.0,0.0,8.77,0.0002,1e-05,100.0,0.01,-0.03481128140634078,0.0,0.21686205349697088,-0.03356947240404016,0.0,0.2179930778672177,0.0014929981440432167,0.0,-0.00262696122696226,0.6708119468570413,0.0,-0.32016425162166257,-0.4311230493193015,0.0,0.48117341589018037,0.4767445168664519,0.0,-0.1248215834754391,0.5357037789662087,-2.2950508187383956,-1.8990577333484107,-0.13123596856487707,0.10440755076649286,0.013755139977761108,-0.06994,0.0538,0.00807,-0.001129968995141087,0.0,-0.000667224685976338,-0.00011184000715953445,0.0,-0.00046379968427047566
528,5.280203100061044,step,1.5802936150043505,0.10768182170826862,5.574600072577596,10.056900093331933,124371.0,124371.0,0.0,0.0,8.77,0.0002,1e-05,100.0,0.01,-0.034474462403582096,0.0,0.21676556398173652,-0.033479204863759146,0.0,0.2179930778672177,0.001492998144209617,0.0,-0.0026269612266294593,0.6557350376823071,0.0,-0.3068399077628534,-0.43459307536151587,0.0,0.47809197408349186,0.46716443564822596,0.0,-0.11943189551611863,0.5372377597540943,-2.2950508187383956,-1.900591714136296,-0.13349166821058647,0.1041373196392902,0.01496503775713047,-0.06994,0.0538,-0.0,-0.0008616242992630268,0.0,-0.0007651369485727306,-0.00013363324055992287,0.0,-0.0004623769369084434
529,5.290071800118312,step,1.8547984418912897,0.17014108314140147,4.025799920782447,9.868700057268143,124371.0,124371.0,0.0,0.0,8.77,0.0002,1e-05,100.0,0.01,-0.03456570069804542,0.0,0.21656208906893595,-0.03338563785258568,0.0,0.2179930778672177,0.0014970260940217258,0.0,-0.002624667906398179,0.6869754736723379,0.0,-0.281360793520339,-0.4389669391799575,0.0,0.47423224197802033,0.4882240960637339,0.0,-0.10903862304333391,0.5372377597540943,-2.2965847995262814,-1.900591714136296,-0.12959519152903523,0.10713699214485217,0.014561795250804983,-0.07532,0.05918,0.00807,-0.0010860516035873173,0.0,-0.0009583902052209671,-9.401124187242223e-05,0.0,-0.0004725985930607733
530,5.300186000065878,step,1.9326955788964122,0.19646977044559003,3.8828998804092407,10.114199947565794,124371.0,124371.0,0.0,0.0,8.77,0.0002,1e-05,100.0,0.01,-0.034715649983265304,0.0,0.21669408804670953,-0.033284588263107186,0.0,0.2179930778672177,0.0014970260940217258,0.0,-0.002624667906398179,0.7266973400853389,0.0,-0.2920525393769145,-0.4443823057094842,0.0,0.4710750661134224,0.5142906159404317,0.0,-0.11329534006652497,0.5357037789662087,-2.2950508187383956,-1.900591714136296,-0.12479991503230917,0.10793875533618222,0.012637431473672085,-0.06725,0.056490000000000005,0.01076,-0.0013446617790448519,0.0,-0.0007839420825350308,-8.639994111326612e-05,0.0,-0.000515047737973131
531,5.310349799925461,step,2.0130716419092862,0.21281611410378937,3.743500215932727,10.163799859583378,124371.0,124371.0,0.0,0.0,8.77,0.0002,1e-05,100.0,0.01,-0.034715649983265304,0.0,0.21669408804670953,-0.03317776738642134,0.0,0.2179930778672177,0.0014970260940217258,0.0,-0.002624667906398179,0.7516254963696729,0.0,-0.288895617520195,-0.4500987216784645,0.0,0.46793089511133845,0.5308490238366514,0.0,-0.11203834597061886,0.5357037789662087,-2.2950508187383956,-1.900591714136296,-0.12213830990725252,0.10908872483423475,0.011741333128445296,-0.07263,0.06456,0.01076,-0.0014194138152419983,0.0,-0.0007807129120866597,-0.00011846878160196223,0.0,-0.0005182769084215021
532,5.320316600147635,step,2.3426095951387453,0.28822307689238447,3.833100199699402,9.966800222173333,124371.0,124371.0,0.0,0.0,8.77,0.0002,1e-05,100.0,0.01,-0.034710429760142825,0.0,0.21632280214885824,-0.03306787116456855,0.0,0.2179930778672177,0.0015050714162385666,0.0,-0.00262006274290948,0.7763568472950444,0.0,-0.24488842097021826,-0.4560908792118409,0.0,0.46326842114640554,0.5476528137544951,0.0,-0.09371669665778978,0.5357037789662087,-2.2965847995262814,-1.9021256949241818,-0.11861547638491762,0.11260323353074116,0.012412096739982968,-0.07263,0.06187,0.00538,-0.001487881783294745,0.0,-0.0011577149029993587,-0.0001546768122795278,0.0,-0.0005125608153600954
533,5.3301180000416934,step,1.9937771061290335,0.17713187034595176,4.044100176542997,9.801399894058704,124371.0,124371.0,0.0,0.0,8.77,0.0002,1e-05,100.0,0.01,-0.03437883098050658,0.0,0.21659759853147512,-0.0329548279705239,0.0,0.2179930778672177,0.0014970260938553255,0.0,-0.002624667906398179,0.7658392102887982,0.0,-0.2704510337633548,-0.4610414318959384,0.0,0.4599641205863528,0.5404496358330148,0.0,-0.10455036982446657,0.5372377597540943,-2.2950508187383956,-1.9021256949241818,-0.12119964184361934,0.11029260793063911,0.011971056863647751,-0.06187,0.06456,0.01076,-0.0012292462464282355,0.0,-0.0008204738581134937,-0.000194756763554439,0.0,-0.0005750054776290839
534,5.340485200053081,step,2.314113574260658,0.27816365820402034,3.8532998878508806,10.367200011387467,124371.0,124371.0,0.0,0.0,8.77,0.0002,1e-05,100.0,0.01,-0.0346197610170321,0.0,0.21652626949077577,-0.032829902133941796,0.0,0.2179930778672177,0.0015010505213039168,0.0,-0.0026223684097171143,0.8189411930858034,0.0,-0.2593179296876695,-0.46755970498328786,0.0,0.4563385382056117,0.5754022984269691,0.0,-0.0997582946151088,0.5357037789662087,-2.2950508187383956,-1.9021256949241818,-0.11463041509158226,0.11308943297014067,0.010256443883585181,-0.05918,0.06187,0.00538,-0.0016185188275153525,0.0,-0.0009002496927178397,-0.00017134005557494815,0.0,-0.0005665586837240796
535,5.350281300023198,step,2.2199293159896922,0.2316748699046161,3.8232000079005957,9.796099970117211,124371.0,124371.0,0.0,0.0,8.77,0.0002,1e-05,100.0,0.01,-0.03428294201427336,0.0,0.21642977997554136,-0.03270681198477998,0.0,0.2179930778672177,0.001501050521470317,0.0,-0.002622368410049915,0.8093157271984085,0.0,-0.24505498542360585,-0.4730564835875526,0.0,0.45232351654233005,0.569160604382559,0.0,-0.09389055108150834,0.5372377597540943,-2.2950508187383956,-1.9036596757120676,-0.11630961069926062,0.11310950077461002,0.011304850965834251,-0.0538,0.06725,-0.0,-0.001364876792129562,0.0,-0.000996949355729714,-0.00021125323736381307,0.0,-0.0005663485359466212
536,5.36031710007228,step,2.5428524917852524,0.341838721940132,4.077200079336762,10.035800049081445,124371.0,124371.0,0.0,0.0,8.77,0.0002,1e-05,100.0,0.01,-0.03452361473327718,0.0,0.21635859822406295,-0.03257564782106045,0.0,0.2179930778672177,0.0015050714165713674,0.0,-0.00262006274290948,0.8633046371644983,0.0,-0.2332267753560245,-0.48014655480212665,0.0,0.4480692675415904,0.6046448193765781,0.0,-0.08875159028783694,0.5357037789662087,-2.2950508187383956,-1.9036596757120676,-0.10955433511226752,0.11602813804491557,0.009569179966204981,-0.06456,0.06187,0.00538,-0.0017604990762789688,0.0,-0.0010563506641044166,-0.00018746783593776625,0.0,-0.0005781289790503293
537,5.370422699954361,step,2.4602955414994803,0.29236612135946416,4.0484999772161245,10.105599882081151,124371.0,124371.0,0.0,0.0,8.77,0.0002,1e-05,100.0,0.01,-0.034186795730518485,0.0,0.21626210870882856,-0.0324384250821067,0.0,0.2179930778672177,0.0015050714165713674,0.0,-0.00262006274290948,0.8559530784433114,0.0,-0.21833516474784512,-0.48627333407301593,0.0,0.4434937019986554,0.5998515287704701,0.0,-0.08259313988751467,0.5372377597540943,-2.2950508187383956,-1.905193656499953,-0.11099902147331824,0.11617195196779062,0.010558842892912645,-0.06456,0.06456,0.00269,-0.001521309013764782,0.0,-0.0011361351202273983,-0.00022706163464699964,0.0,-0.0005948340381617357
538,5.38028350006789,step,2.760041778602378,0.4140867681830288,3.8485999684780836,9.860800113528967,124371.0,124371.0,0.0,0.0,8.77,0.0002,1e-05,100.0,0.01,-0.03452361473327718,0.0,0.21635859822406295,-0.03229958530097569,0.0,0.2179930778672177,0.0015050714165713674,0.0,-0.00262006274290948,0.9218355464221454,0.0,-0.22439663844806654,-0.4944081696445593,0.0,0.4394142652899224,0.6428945548550631,0.0,-0.08513061538556616,0.5357037789662087,-2.2950508187383956,-1.9036596757120676,-0.10333994377872356,0.1187940865289416,0.007557419625403516,-0.06456,0.06187,-0.0,-0.0020199191342316803,0.0,-0.0010129439239905283,-0.00020411029806981533,0.0,-0.0006215357191642176
539,5.390225500101224,step,2.6693907311815366,0.35414444694255304,4.2624999769032,9.942000033333898,124371.0,124371.0,0.0,0.0,8.77,0.0002,1e-05,100.0,0.01,-0.034186795730518485,0.0,0.21626210870882856,-0.03215470502180898,0.0,0.2179930778672177,0.0015050714165713674,0.0,-0.00262006274290948,0.9161197326429368,0.0,-0.20968016255208943,-0.5015311951132735,0.0,0.4349319224247949,0.6391256923037392,0.0,-0.07900114146505582,0.5372377597540943,-2.2950508187383956,-1.905193656499953,-0.1046764178820326,0.11896739126642489,0.008486388674274578,-0.05111,0.06725,-0.00269,-0.0017686817774419613,0.0,-0.0011129874771076747,-0.0002634089312675467,0.0,-0.0006179816812814593
540,5.400311700068414,step,2.821794268031863,0.402284976046924,3.8212998770177364,10.086199967190623,124371.0,124371.0,0.0,0.0,8.77,0.0002,1e-05,100.0,0.01,-0.034090392355483376,0.0,0.21609458512588336,-0.032002750575340445,0.0,0.2179930778672177,0.0015090887698400543,0.0,-0.002617750910301686,0.9366384195697256,0.0,-0.18676377898216515,-0.5088941216292614,0.0,0.42980900252208826,0.6526614033412084,0.0,-0.06913205443086722,0.5372377597540943,-2.2950508187383956,-1.9067276372878388,-0.1021833689123076,0.12078324053008482,0.008651296430238847,-0.05918,0.06456,0.00269,-0.001828250371232027,0.0,-0.0012720458629565344,-0.0002593914089109037,0.0,-0.0006264468783777944
541,5.410262699937448,step,3.168848007385393,0.5439588818351737,3.830699948593974,9.950999869033694,124371.0,124371.0,0.0,0.0,8.77,0.0002,1e-05,100.0,0.01,-0.034330551118773256,0.0,0.21602369913613934,-0.03184798287046938,0.0,0.2179930778672177,0.0030262051449143137,0.0,-0.005230865837099496,0.9721535809236974,0.0,-0.13502433367361028,-0.5178867903713814,0.0,0.4245247158851303,0.6759371459440491,0.0,-0.04824247541906289,0.5357037789662087,-2.2950508187383956,-1.9067276372878388,-0.09652864840401293,0.12496362617975261,0.009451322410346394,-0.05111,0.06725,0.00538,-0.002232923271806108,0.0,-0.001312114005855813,-0.000249644976497767,0.0,-0.0006572647252225453
542,5.4202618999406695,step,3.0622395044199733,0.47620881267792436,3.823700128123164,9.999200003221631,124371.0,124371.0,0.0,0.0,8.77,0.0002,1e-05,100.0,0.01,-0.034090392355483376,0.0,0.21609458512588336,-0.031687678037564754,0.0,0.2179930778672177,0.0030181775396801087,0.0,-0.005235501820603372,0.9795380418832227,0.0,-0.13748548282557618,-0.5263379004754897,0.0,0.4196440908694357,0.6804198037459022,0.0,-0.04960191650650335,0.5372377597540943,-2.2950508187383956,-1.9067276372878388,-0.09670487327852433,0.125006862519936,0.009093081154301345,-0.05111,0.06725,0.00269,-0.0020984516349048126,0.0,-0.001211882867146982,-0.0003042626830138096,0.0,-0.0006866098741873468
543,5.430274900048971,step,3.193553608305583,0.5295691330250234,3.819999983534217,10.01300010830164,124371.0,124371.0,0.0,0.0,8.77,0.0002,1e-05,100.0,0.01,-0.034090392355483376,0.0,0.21609458512588336,-0.0315224145595859,0.0,0.2179930778672177,0.0030181775396801087,0.0,-0.005235501820603372,1.0131819329572573,0.0,-0.13260499382542568,-0.5353988850420115,0.0,0.4147642972989803,0.7022372577928409,0.0,-0.04754471082546556,0.5372377597540943,-2.2950508187383956,-1.9067276372878388,-0.09328579223068596,0.12650809254337483,0.00795807546862587,-0.05111,0.06994,-0.00538,-0.0022498864224028744,0.0,-0.001211676415260788,-0.00031809137349460455,0.0,-0.0006868163260735408
544,5.440318800043315,step,3.7817857704392734,0.7847714731477248,3.8623001892119646,10.04389999434352,124371.0,124371.0,0.0,0.0,8.77,0.0002,1e-05,100.0,0.01,-0.034323275983807355,0.0,0.21565359785993166,-0.03135195693176904,0.0,0.2179930778672177,0.003042238973597835,0.0,-0.00522155695250057,1.0732257316715563,0.0,-0.07931681966666088,-0.5459811824559315,0.0,0.4080583837838143,0.7425862779676587,0.0,-0.024243106028033045,0.5357037789662087,-2.2965847995262814,-1.9082616180757246,-0.08512291012648067,0.13200871511435616,0.0075126823298856255,-0.048420000000000005,0.07263,-0.00807,-0.002627635782250004,0.0,-0.0016651108559796878,-0.0003436832697883141,0.0,-0.00067436915130635
545,5.450290499953553,step,3.9198053782367137,0.8072908301889103,3.7863999605178833,9.971699910238385,124371.0,124371.0,0.0,0.0,8.77,0.0002,1e-05,100.0,0.01,-0.034323275983807355,0.0,0.21565359785993166,-0.03117816748031143,0.0,0.2179930778672177,0.003042238973597835,0.0,-0.00522155695250057,1.1096641990553548,0.0,-0.07261005888389144,-0.5569328778529656,0.0,0.40161489606609785,0.7662331450762722,0.0,-0.0213841464644243,0.5357037789662087,-2.2965847995262814,-1.9082616180757246,-0.08102094716849421,0.13393468054281452,0.006283432868138858,-0.04573,0.06994,0.00269,-0.0027193590933945913,0.0,-0.0015999492574541414,-0.00042574941010133484,0.0,-0.0007395307498318964
546,5.460324800107628,step,4.086068496522634,0.8399258986612147,3.7840998265892267,10.034300154075027,124371.0,124371.0,0.0,0.0,8.77,0.0002,1e-05,100.0,0.01,-0.034225846518157604,0.0,0.2154866689505596,-0.030998793667525698,0.0,0.2179930778672177,0.003050245159107861,0.0,-0.005216884074701575,1.1361315447447753,0.0,-0.04783333297043264,-0.5678770891182698,0.0,0.39467159573321353,0.7837885717754222,0.0,-0.010399195828913514,0.5357037789662087,-2.2965847995262814,-1.90979559886361,-0.07792836491498865,0.13606712397208065,0.006280983894285393,-0.040350000000000004,0.07263,-0.0,-0.0027175007471807715,0.0,-0.001724055154374729,-0.0005095521034511347,0.0,-0.0007823537622833692
547,5.470169400097802,step,4.0392659064538226,0.7833680286522532,3.9185001514852047,9.844599990174174,124371.0,124371.0,0.0,0.0,8.77,0.0002,1e-05,100.0,0.01,-0.03413646095694174,0.0,0.21568939393513642,-0.030818523434306515,0.0,0.2179930778672177,0.003042238973265034,0.0,-0.00522155695250057,1.1635471807052797,0.0,-0.06316919141403957,-0.578920629155119,0.0,0.38877975143919496,0.8006866889561026,0.0,-0.01695945335933789,0.5357037789662087,-2.2950508187383956,-1.90979559886361,-0.07550391338997185,0.13595629468796022,0.004764233256183262,-0.04304,0.07532,-0.0,-0.002742164562995971,0.0,-0.0014629735193460067,-0.0005757729596392556,0.0,-0.0008407104127352673
548,5.480256499955431,step,4.1959111831871345,0.8463271490649382,3.826600033789873,10.087099857628345,124371.0,124371.0,0.0,0.0,8.77,0.0002,1e-05,100.0,0.01,-0.03413646095694174,0.0,0.21568939393513642,-0.03062950914685575,0.0,0.2179930778672177,0.003042238973265034,0.0,-0.00522155695250057,1.2017627296545044,0.0,-0.05727773683578549,-0.5905165826079252,0.0,0.38288065885360684,0.8253915646237717,0.0,-0.014395015336005864,0.5357037789662087,-2.2950508187383956,-1.90979559886361,-0.07161921265284121,0.1376809279938684,0.0034896833026727345,-0.040350000000000004,0.07532,-0.0,-0.0028793314939172315,0.0,-0.0014647733053039505,-0.000627620316168761,0.0,-0.0008389106267773236
549,5.490260099992156,step,4.117166241304973,0.783416674690568,4.540199879556894,10.003600036725402,124371.0,124371.0,0.0,0.0,8.77,0.0002,1e-05,100.0,0.01,-0.03389681523956281,0.0,0.21575998258774404,-0.030437864050064208,0.0,0.2179930778672177,0.0030342256288773033,0.0,-0.005226217543960153,1.2143060828881236,0.0,-0.059091294697930466,-0.6016798766037091,0.0,0.37721813272988725,0.8330186982014556,0.0,-0.015553282859615705,0.5372377597540943,-2.2950508187383956,-1.90979559886361,-0.07138624777272368,0.1379051271328711,0.002994917879119617,-0.040350000000000004,0.07263,-0.00269,-0.00277190005192196,0.0,-0.0014060327052459296,-0.0006870511375766425,0.0,-0.0008270625742277274
550,5.500366900116205,step,4.284645474075742,0.8748077718883013,4.026300041005015,10.106800124049187,124371.0,124371.0,0.0,0.0,8.77,0.0002,1e-05,100.0,0.01,-0.03389681523956281,0.0,0.21575998258774404,-0.030240112857455374,0.0,0.2179930778672177,0.0030342256288773033,0.0,-0.005226217543960153,1.2532809616406884,0.0,-0.053428903964002905,-0.6135683066328513,0.0,0.3714192719952385,0.8581555867773789,0.0,-0.013090543588164331,0.5372377597540943,-2.2950508187383956,-1.90979559886361,-0.06743757902657785,0.13964641371173503,0.0016863323124537005,-0.04304,0.07801000000000001,-0.00538,-0.002951954846615636,0.0,-0.0014398852504943133,-0.0007047475354918014,0.0,-0.0007932100289793436
551,5.510375800076872,step,4.460207403003411,0.961152213517114,3.8568000309169292,10.008899960666895,124371.0,124371.0,0.0,0.0,8.77,0.0002,1e-05,100.0,0.01,-0.033799641954183,0.0,0.21559290441990198,-0.030040304578978827,0.0,0.2179930778672177,0.001521119486632517,0.0,-0.002610778476583086,1.3047278005174878,0.0,-0.06804704409551281,-0.6257505072677771,0.0,0.364799269699632,0.891942771224653,0.0,-0.017314604267739515,0.5372377597540943,-2.2950508187383956,-1.9113295796514957,-0.06257414969739425,0.14081132133039423,-0.001097280512792398,-0.03497,0.07532,-0.00269,-0.0030248995131031808,0.0,-0.0016437786834105953,-0.000734437862100994,0.0,-0.0007563947639051224
552,5.520579900126904,step,4.6365731306554805,1.0574510970410813,3.76180000603199,10.204100050032139,124371.0,124371.0,0.0,0.0,8.77,0.0002,1e-05,100.0,0.01,-0.033799641954183,0.0,0.21559290441990198,-0.02983265596747761,0.0,0.2179930778672177,0.001521119486632517,0.0,-0.002610778476583086,1.345501266312393,0.0,-0.06142694329482746,-0.6386918779023627,0.0,0.3581651800479538,0.9182323745162942,0.0,-0.01442325157660579,0.5372377597540943,-2.2950508187383956,-1.9113295796514957,-0.05829194890863737,0.14275641179967993,-0.002456744362362699,-0.02959,0.07801000000000001,-0.0,-0.0032134051067271617,0.0,-0.0016472766422604937,-0.0007535808799782285,0.0,-0.000752896805055224
553,5.530435400083661,step,4.815141766910329,1.14688426647999,3.91440000385046,9.85549995675683,124371.0,124371.0,0.0,0.0,8.77,0.0002,1e-05,100.0,0.01,-0.03370221248853324,0.0,0.2154259755105299,-0.029628445714927728,0.0,0.2179930778672177,0.0015251225793875302,0.0,-0.002608442037017987,1.3754723392925283,0.0,-0.036424922115075115,-0.6519382803830133,0.0,0.3508228592556829,0.938051043400862,0.0,-0.0030481524954472567,0.5372377597540943,-2.2950508187383956,-1.9128635604393815,-0.0548152122240613,0.14507161024184032,-0.002593697104829304,-0.040350000000000004,0.07801000000000001,-0.00269,-0.0032891459938044704,0.0,-0.0018231338700754214,-0.0007846207798010386,0.0,-0.0007439684866123845
554,5.540124099934474,step,5.171165606996391,1.3556776671919182,4.0957999881356955,9.688699850812554,124371.0,124371.0,0.0,0.0,8.77,0.0002,1e-05,100.0,0.01,-0.03379139678941327,0.0,0.2152236867898884,-0.02942431231624456,0.0,0.2179930778672177,0.0015291220833852691,0.0,-0.002606099460606397,1.4260369520898397,0.0,-0.006816293482347825,-0.6662851780429815,0.0,0.3427418901941915,0.9717547032100825,0.0,0.009905271568880911,0.5372377597540943,-2.2965847995262814,-1.9128635604393815,-0.04890715647085944,0.14904909756745802,-0.0036574680552645122,-0.02959,0.08339,-0.00269,-0.00356240428529466,0.0,-0.0020065438184811244,-0.0008046801878740526,0.0,-0.0007628472588481674
555,5.550331900129095,step,5.177660501808156,1.3261732354884121,3.872999921441078,10.207800194621086,124371.0,124371.0,0.0,0.0,8.77,0.0002,1e-05,100.0,0.01,-0.03370221248853324,0.0,0.2154259755105299,-0.02920575235168423,0.0,0.2179930778672177,0.0015251225793875302,0.0,-0.002608442037017987,1.459812778679918,0.0,-0.02100092230244666,-0.6809607891529696,0.0,0.3356806519425761,0.9924562963905735,0.0,0.0037007526212533043,0.5372377597540943,-2.2950508187383956,-1.9128635604393815,-0.045931280025253624,0.14918629908301848,-0.005332925178389923,-0.0269,0.08339,-0.00269,-0.0036440254295126337,0.0,-0.0017533397117085738,-0.0008524347073363748,0.0,-0.0008137626449792321
556,5.560291999951005,step,5.366811468009039,1.434924863166815,4.002199973911047,9.960099821910262,124371.0,124371.0,0.0,0.0,8.77,0.0002,1e-05,100.0,0.01,-0.03370221248853324,0.0,0.2154259755105299,-0.02898918259010895,0.0,0.2179930778672177,0.0015251225793875302,0.0,-0.002608442037017987,1.5031374977431575,0.0,-0.013940073107816003,-0.6963552915959478,0.0,0.328609989514875,1.0203822402205085,0.0,0.006826789152843073,0.5372377597540943,-2.2950508187383956,-1.9128635604393815,-0.04148017053737535,0.15119658862995733,-0.006762304587615828,-0.02959,0.08070000000000001,-0.00269,-0.003822529634812056,0.0,-0.001755679780347027,-0.0008905002636122308,0.0,-0.0008114225763407789
557,5.570250800112262,step,5.554412266889514,1.5340043865037798,4.003699868917465,9.958800161257386,124371.0,124371.0,0.0,0.0,8.77,0.0002,1e-05,100.0,0.01,-0.033604527071874446,0.0,0.21525919625242762,-0.02876951032455231,0.0,0.2179930778672177,0.003058244166437737,0.0,-0.005212198921878395,1.5137770821274785,0.0,0.05017933033066695,-0.7120468618031224,0.0,0.3208269629998188,1.02772566240088,0.0,0.033718837805829585,0.5372377597540943,-2.2950508187383956,-1.914397541227267,-0.03921479372853695,0.15470233703193528,-0.004357771693514478,-0.024210000000000002,0.08070000000000001,-0.00269,-0.0038962930017278977,0.0,-0.0019325632388918583,-0.0009387237455942381,0.0,-0.0008013183758982152
558,5.5804008999839425,step,5.7530655788144545,1.6513259282171953,6.58900011330843,10.15009987168014,124371.0,124371.0,0.0,0.0,8.77,0.0002,1e-05,100.0,0.01,-0.033604527071874446,0.0,0.21525919625242762,-0.028542545753215465,0.0,0.2179930778672177,0.003058244166437737,0.0,-0.005212198921878395,1.5589160272971592,0.0,0.057962899751617884,-0.7284975438161283,0.0,0.31310425318069435,1.0568248126606066,0.0,0.037190007982916475,0.5372377597540943,-2.2950508187383956,-1.914397541227267,-0.03443169568808935,0.15690599719301657,-0.005849315828493046,-0.01883,0.08608,-0.00269,-0.004084784145542027,0.0,-0.0019175863106976987,-0.000977197173116954,0.0,-0.0008162953040923748
559,5.590105900075287,step,5.947352894982089,1.7647527358378978,5.07869990542531,9.705000091344118,124371.0,124371.0,0.0,0.0,8.77,0.0002,1e-05,100.0,0.01,-0.033604527071874446,0.0,0.21525919625242762,-0.028322775679224026,0.0,0.2179930778672177,0.003058244166437737,0.0,-0.005212198921878395,1.603611956328722,0.0,0.06568560957909121,-0.7456303059879398,0.0,0.30539588062017786,1.0856520881867557,0.0,0.040633438478863124,0.5372377597540943,-2.2950508187383956,-1.914397541227267,-0.02978454640221076,0.15903369853701677,-0.007313256407031968,-0.024210000000000002,0.08877,-0.00269,-0.004254147957721663,0.0,-0.0019140262998357908,-0.0010276034349287573,0.0,-0.0008198553149542827
560,5.60003859992139,step,6.0730808928533655,1.8127951223146592,4.184200195595622,9.932699846103787,124371.0,124371.0,0.0,0.0,8.77,0.0002,1e-05,100.0,0.01,-0.03335683930908902,0.0,0.21496033819633997,-0.02809520442819647,0.0,0.2179930778672177,0.0030662359786146234,0.0,-0.00520750150268385,1.6222975190805056,0.0,0.10627102687735387,-0.7624411368552838,0.0,0.296454125198982,1.0991086726610457,0.0,0.05876286154691369,0.53877174054198,-2.2965847995262814,-1.9159315220151527,-0.028034986921257915,0.1620079694883756,-0.00652102655669113,-0.02152,0.08608,-0.0,-0.004174210853144309,0.0,-0.0022202812472418014,-0.0010874240277482386,0.0,-0.0008124584236359196
561,5.610068599926308,step,6.095090747141918,1.8019892379145972,5.615700036287308,10.030000004917383,124371.0,124371.0,0.0,0.0,8.77,0.0002,1e-05,100.0,0.01,-0.03316991534059947,0.0,0.21499556096265637,-0.027862842359872325,0.0,0.2179930778672177,0.003066235978281823,0.0,-0.00520750150268385,1.6478117702720885,0.0,0.11133031857228977,-0.7793529117292125,0.0,0.28782917776746253,1.115064297467657,0.0,0.06167150866597398,0.53877174054198,-2.2950508187383956,-1.917465502803038,-0.025493978759470404,0.16273851587148663,-0.007041372251340647,-0.00269,0.08339,-0.00269,-0.004199275739655305,0.0,-0.002141616286580111,-0.0011077972410718437,0.0,-0.0008559006179812093
562,5.620323300128803,step,6.239451371970376,1.9022251121696434,4.248599987477064,10.25470020249486,124371.0,124371.0,0.0,0.0,8.77,0.0002,1e-05,100.0,0.01,-0.033020371728226056,0.0,0.21486310256817143,-0.027622778926750267,0.0,0.2179930778672177,0.006791971185230128,0.0,-0.0041278758958237845,1.622911251877322,0.0,0.11852659105603687,-0.7966179060584688,0.0,0.2787536616254089,1.0983245265413497,0.0,0.06454330083783152,0.5403057213298655,-2.2965847995262814,-1.917465502803038,-0.028972482398921057,0.16244403620677314,-0.005891913845270685,-0.01614,0.09146,-0.00269,-0.004286981843869009,0.0,-0.0022534946830996237,-0.0011106109576067792,0.0,-0.0008764806159466433
563,5.6303342001046985,step,6.264963994848132,1.9042952947642808,4.162499913945794,10.010899975895882,124371.0,124371.0,0.0,0.0,8.77,0.0002,1e-05,100.0,0.01,-0.0327351973201505,0.0,0.2147315597768099,-0.02738615314360024,0.0,0.2179930778672177,0.008333911565289995,0.0,-0.006731400856475744,1.6151315316436357,0.0,0.18076301849339435,-0.8136802173481652,0.0,0.26928072161681826,1.0935952030940743,0.0,0.09150230732823644,0.5403057213298655,-2.2950508187383956,-1.9205334643788097,-0.028828247803197288,0.1645800131139793,-0.0025156934512995457,-0.01883,0.08608,-0.0,-0.004236654661937573,0.0,-0.00235217695705074,-0.001112389514612685,0.0,-0.0009093411333570434
564,5.640317100100219,step,6.229486539252338,1.880346805049495,3.9526999462395906,9.982899995520711,124371.0,124371.0,0.0,0.0,8.77,0.0002,1e-05,100.0,0.01,-0.032497022550046495,0.0,0.2148000000457011,-0.027148120179609648,0.0,0.2179930778672177,0.00832357592387296,0.0,-0.006744176991117983,1.6352826707560888,0.0,0.18288113175926396,-0.8308427263472709,0.0,0.2602520093129779,1.1059483174070828,0.0,0.09187658715101545,0.5418397021177512,-2.2950508187383956,-1.9205334643788097,-0.027673823853791163,0.16540875991298215,-0.003106946573002936,-0.02152,0.09415,-0.00269,-0.004261534239239662,0.0,-0.00224187306302738,-0.001087368131197185,0.0,-0.0009512047584892135
565,5.6503332001157105,step,6.43758856997254,2.064843545771553,4.027999937534332,10.016100015491247,124371.0,124371.0,0.0,0.0,8.77,0.0002,1e-05,100.0,0.01,-0.03239882592156107,0.0,0.21463352126712842,-0.026907384758529482,0.0,0.2179930778672177,0.013588900466187145,0.0,-0.008276142807298235,1.5926889562793463,0.0,0.23301053872542304,-0.848717785340045,0.0,0.25058500485662477,1.0779269083031124,0.0,0.11299721377150888,0.5418397021177512,-2.2950508187383956,-1.922067445166695,-0.03143306358987147,0.16601057520778434,0.000833738086827053,-0.01345,0.09415,-0.00269,-0.004438463859223952,0.0,-0.0024003641008303782,-0.0010529773038076362,0.0,-0.0009591924992588914
566,5.660299499984831,step,6.405189244391133,2.038296153483759,4.084100015461445,9.966299869120121,124371.0,124371.0,0.0,0.0,8.77,0.0002,1e-05,100.0,0.01,-0.03216080193634564,0.0,0.214701445664306,-0.026666112982708823,0.0,0.2179930778672177,0.013576189039332902,0.0,-0.008296978175895765,1.6135618578953383,0.0,0.2354992329817719,-0.8666440871845172,0.0,0.2412948523886818,1.0907321353254882,0.0,0.11354734327886293,0.5433736829056368,-2.2950508187383956,-1.922067445166695,-0.03016778457575331,0.16695622784776853,0.0002791467139635767,-0.01345,0.08877,-0.00269,-0.00445118770787792,0.0,-0.002306789924011626,-0.0010435012457588998,0.0,-0.000984842278900078
567,5.670399300055578,step,6.617955072954142,2.2262337330787,3.8366999942809343,10.099800070747733,124371.0,124371.0,0.0,0.0,8.77,0.0002,1e-05,100.0,0.01,-0.032062605307860204,0.0,0.2145349668857333,-0.026420017445241084,0.0,0.2179930778672177,0.01358417363539035,0.0,-0.008292268504307488,1.64990237417832,0.0,0.2630723249900044,-0.8852323891384525,0.0,0.2313087732239111,1.1151743515903128,0.0,0.12671268943731026,0.5433736829056368,-2.2950508187383956,-1.9236014259545808,-0.026191075776920952,0.16952425049627357,-4.466387941665789e-05,-0.01883,0.09415,-0.0,-0.004615565546398172,0.0,-0.002479591898751277,-0.0010270223162209477,0.0,-0.000978519082733103
568,5.6802783000748605,step,6.8255440535865715,2.4024844645104615,4.0167998522520065,9.879000019282103,124371.0,124371.0,0.0,0.0,8.77,0.0002,1e-05,100.0,0.01,-0.032062605307860204,0.0,0.2145349668857333,-0.02617792009391816,0.0,0.2179930778672177,0.01358417363539035,0.0,-0.008292268504307488,1.6971080051755882,0.0,0.2730587240512673,-0.904774160373045,0.0,0.221378210806961,1.145706892377521,0.0,0.1312922774293349,0.5433736829056368,-2.2950508187383956,-1.9236014259545808,-0.021163270677777873,0.17194758349042955,-0.0015180060320140604,-0.0269,0.09146,-0.0,-0.00485231659403324,0.0,-0.0024658068209575204,-0.0010323686199088054,0.0,-0.0009923041605268599
569,5.690285300137475,step,6.799079213339972,2.349601824426372,4.026999929919839,10.00700006261468,124371.0,124371.0,0.0,0.0,8.77,0.0002,1e-05,100.0,0.01,-0.03182473289869288,0.0,0.21460237564310525,-0.025931464147255303,0.0,0.2179930778672177,0.012038319488469599,0.0,-0.005709345848534719,1.7422473807571097,0.0,0.23720473961773608,-0.9241823244609341,0.0,0.21172194177472858,1.1742081756196945,0.0,0.11681610038880637,0.5449076636935225,-2.2950508187383956,-1.9236014259545808,-0.01835574358300837,0.1718444115774225,-0.004751463833330936,-0.01614,0.09684000000000001,-0.00269,-0.004819141291382902,0.0,-0.002397698442944002,-0.0010741274600546734,0.0,-0.0009930037811684443
570,5.700508600100875,step,6.777965588388892,2.31400232815713,3.535500029101968,10.223299963399768,124371.0,124371.0,0.0,0.0,8.77,0.0002,1e-05,100.0,0.01,-0.03148881622789117,0.0,0.21450279021522015,-0.025678591651878857,0.0,0.2179930778672177,0.012033543207303234,0.0,-0.005725456966207145,1.7540373544951982,0.0,0.2580784145233794,-0.9431523859695005,0.0,0.20157614303866872,1.1821639123619294,0.0,0.12639076861551743,0.5464416444814081,-2.2950508187383956,-1.9251354067424666,-0.01790020181159241,0.17309378718689417,-0.004192954488045346,-0.00807,0.09146,-0.0,-0.00471035829571602,0.0,-0.0025192510430967177,-0.0010998662802962902,0.0,-0.0009710366089008301
571,5.710246900096536,step,6.750239275882899,2.2920913355100914,3.8159999530762434,9.738299995660782,124371.0,124371.0,0.0,0.0,8.77,0.0002,1e-05,100.0,0.01,-0.03115305271438483,0.0,0.21440268961498488,-0.02543686145797111,0.0,0.2179930778672177,0.010495624228700814,0.0,-0.003137809986293098,1.7866200332503286,0.0,0.2408363236798358,-0.9617700670898707,0.0,0.1910025808762644,1.2036032465981825,0.0,0.12103747285096744,0.5479756252692938,-2.2950508187383956,-1.926669387530352,-0.016054537499503474,0.17328537433141822,-0.006200325923316652,-0.0,0.09684000000000001,-0.0,-0.004622860535941343,0.0,-0.002625466776924232,-0.0010933307204723762,0.0,-0.000964921475308586
572,5.72025560005568,step,6.72512479942513,2.2941785341507055,3.829000052064657,10.008699959143996,124371.0,124371.0,0.0,0.0,8.77,0.0002,1e-05,100.0,0.01,-0.030915384286062497,0.0,0.21446870329233064,-0.025187724430263392,0.0,0.2179930778672177,0.014207075727424606,0.0,-0.0021247601006977156,1.7523075456219241,0.0,0.22908980376521815,-0.9805714962698387,0.0,0.1807389573630609,1.179275936684079,0.0,0.11510562960642193,0.5495096060571795,-2.2950508187383956,-1.926669387530352,-0.021181052077890283,0.1710971981153706,-0.005124540650692927,-0.00269,0.09146,-0.0,-0.004668486070495243,0.0,-0.0025485075068255683,-0.001059173785303862,0.0,-0.0009758670680614832
573,5.730342600028962,step,6.473280648665794,2.0970980505353554,3.859500167891383,10.086999973282218,124371.0,124371.0,0.0,0.0,8.77,0.0002,1e-05,100.0,0.01,-0.03034231557112839,0.0,0.21443270761418676,-0.02493610377193633,0.0,0.2179930778672177,0.01943702366467984,0.0,-0.0037637116590679477,1.65867014826658,0.0,0.26765789150598446,-0.9981896994129754,0.0,0.17029776355611323,1.1168746714726696,0.0,0.12964865536785755,0.5525775676329507,-2.2950508187383956,-1.9282033683182378,-0.0321871894870783,0.16904692053518072,0.0007758827060845366,-0.0269,0.09415,-0.00269,-0.0043746853057597315,0.0,-0.002592599072149841,-0.0010315264934323293,0.0,-0.0009677711808810958
574,5.740268700057641,step,6.246389249699525,1.9552324655563542,3.8419000338763,9.926100028678775,124371.0,124371.0,0.0,0.0,8.77,0.0002,1e-05,100.0,0.01,-0.029672186700969175,0.0,0.21422787578756383,-0.024688148984605862,0.0,0.2179930778672177,0.02312787746498652,0.0,-0.0028286592499893546,1.5753260445411315,0.0,0.2867960355359148,-1.0144263213847369,0.0,0.15900977879100203,1.0620703060598573,0.0,0.1382674425001397,0.555645529208722,-2.2950508187383956,-1.931271329894009,-0.04256787781675858,0.16623640180123933,0.005211260672089296,-0.00538,0.09415,-0.00807,-0.0040316319989028675,0.0,-0.00280286137481669,-0.0009524057174604451,0.0,-0.000962340704837172
575,5.75027359998785,step,6.242404987401581,2.0226902555016153,3.809200134128332,10.004899930208921,124371.0,124371.0,0.0,0.0,8.77,0.0002,1e-05,100.0,0.01,-0.029337358710255043,0.0,0.21412468914209126,-0.024438053790365812,0.0,0.2179930778672177,0.028348654982904193,0.0,-0.0044859446246053305,1.5048231078207372,0.0,0.3340685330498635,-1.0308684471296525,0.0,0.14742554156584542,1.0152463346253575,0.0,0.15725206355801474,0.5571795099966076,-2.2950508187383956,-1.9328053106818948,-0.050339822707502396,0.165234429342168,0.01018023296552266,-0.00269,0.09415,0.024210000000000002,-0.004082659582669031,0.0,-0.002876422297756826,-0.0008166453372202001,0.0,-0.0009919664273696054
576,5.760276300134137,step,6.019762088400854,1.886358973817127,3.8250999059528112,10.00270014628768,124371.0,124371.0,0.0,0.0,8.77,0.0002,1e-05,100.0,0.01,-0.028765609022618557,0.0,0.21408370451023623,-0.024188018438405977,0.0,0.2179930778672177,0.033554909627975,0.0,-0.006210742138364379,1.4083522984647234,0.0,0.37578248912022894,-1.0464464197534147,0.0,0.13582387945661537,0.9507873990213749,0.0,0.17296779491475,0.5602474715723789,-2.2950508187383956,-1.9343392914697801,-0.06161149178105113,0.16320847682133596,0.016382195733792758,-0.03228,0.09146,0.02959,-0.0038680861707084766,0.0,-0.0028807489809997934,-0.0007095044135041039,0.0,-0.0010286243759816726
577,5.770198500016704,step,6.0650804798080475,1.9669541589674027,3.9188999217003584,9.922199882566929,124371.0,124371.0,0.0,0.0,8.77,0.0002,1e-05,100.0,0.01,-0.02833382996903981,0.0,0.21381204919435015,-0.023940175401005577,0.0,0.2179930778672177,0.03875497612298397,0.0,-0.007912744429016443,1.3260381123442768,0.0,0.44260493871097345,-1.0617728152537307,0.0,0.12323450168162682,0.8973581230087239,0.0,0.20120012087008024,0.5617814523602646,-2.2950508187383956,-1.9374072530455517,-0.07004746330874756,0.16264901636095805,0.022551305726976223,-0.0269,0.09146,-0.0,-0.0038056183505645225,0.0,-0.00312600357218355,-0.0005880362174697121,0.0,-0.0010550251006839926
578,5.780244000023231,step,5.868920825527621,1.8245340677025195,3.846399951726198,10.045500006526709,124371.0,124371.0,0.0,0.0,8.77,0.0002,1e-05,100.0,0.01,-0.02776304417004273,0.0,0.21376798725104976,-0.023689613068197328,0.0,0.2179930778672177,0.042421977870820936,0.0,-0.007082715808311012,1.250943008152161,0.0,0.44772756094336325,-1.076206584580613,0.0,0.11072158369424845,0.8465283779576942,0.0,0.2024146266523926,0.5648494139360358,-2.2950508187383956,-1.938941233833437,-0.07995549288793738,0.1595952390198759,0.02627879500715332,-0.048420000000000005,0.09415,0.02959,-0.0035839749416009814,0.0,-0.003107018236016051,-0.0004894561602444211,0.0,-0.001118072380151886
579,5.790322799934074,step,6.150824877779698,2.071003904671712,3.8111999165266752,10.078799910843372,124371.0,124371.0,0.0,0.0,8.77,0.0002,1e-05,100.0,0.01,-0.02756792928773416,0.0,0.21343427908357532,-0.02343876468367992,0.0,0.2179930778672177,0.04392709216544555,0.0,-0.00970285231052426,1.2482342974427412,0.0,0.5359350760256132,-1.0912828044280627,0.0,0.09705013987709057,0.8472980642028698,0.0,0.24118548258712552,0.5648494139360358,-2.2950508187383956,-1.9420091954092087,-0.07882855230382377,0.16315274659392542,0.029777687093378635,-0.05111,0.08608,-0.0,-0.003743498522364056,0.0,-0.0033946858195206646,-0.00038566608169018565,0.0,-0.0011641129641217114
580,5.800238600000739,step,6.172163215192178,2.049104785472504,3.862899960950017,9.915800066664815,124371.0,124371.0,0.0,0.0,8.77,0.0002,1e-05,100.0,0.01,-0.027234065183391276,0.0,0.2133280151338987,-0.023192680711558656,0.0,0.2179930778672177,0.045433279575372146,0.0,-0.012381008802541709,1.2300874866178988,0.0,0.6010895236485143,-1.1061343371495926,0.0,0.08329321678666707,0.8361508421641106,0.0,0.26832720351337797,0.5663833947239215,-2.2950508187383956,-1.943543176197094,-0.08035307310426576,0.16578931037312455,0.03377443984922421,-0.040350000000000004,0.08877,0.00807,-0.003687707619048362,0.0,-0.003415910737729639,-0.00035367685278425796,0.0,-0.0012491519955893475
581,5.810282800113782,step,6.003847730745656,1.8531774106588936,5.676899803802371,10.044200113043189,124371.0,124371.0,0.0,0.0,8.77,0.0002,1e-05,100.0,0.01,-0.026664513375395937,0.0,0.21328073069621284,-0.022944302129525307,0.0,0.2179930778672177,0.04170328964066823,0.0,-0.013449881201673928,1.2634604553343995,0.0,0.6359310755193325,-1.1196964682697188,0.0,0.0696292465871869,0.8590678960182612,0.0,0.28366817323731014,0.5694513562996928,-2.2950508187383956,-1.9450771569849798,-0.07805894719862899,0.16884314868907896,0.03440924335472245,-0.04573,0.08877,0.01345,-0.0033675429465754455,0.0,-0.003392830083997017,-0.000352668299295185,0.0,-0.0013195170870078377
582,5.820604200009257,step,6.117529588689062,1.9029335375178245,4.671799950301647,10.321399895474315,124371.0,124371.0,0.0,0.0,8.77,0.0002,1e-05,100.0,0.01,-0.02623345640849961,0.0,0.21300615219571173,-0.022690189467474572,0.0,0.2179930778672177,0.041682608724915415,0.0,-0.013513837395037849,1.2560531900002498,0.0,0.6808150611475122,-1.1326457607396851,0.0,0.05503806664755087,0.856164871081559,0.0,0.3045892865465989,0.5709853370875784,-2.2950508187383956,-1.948145118560751,-0.07931341940298059,0.17011254293648037,0.03655231709730304,-0.040350000000000004,0.09146,0.01345,-0.0032153721368807908,0.0,-0.0036230607603414066,-0.00032789480414424817,0.0,-0.0013638649111645585
583,5.830095600103959,step,5.971635925928414,1.7341722301023377,4.411099944263697,9.49140009470284,124371.0,124371.0,0.0,0.0,8.77,0.0002,1e-05,100.0,0.01,-0.02566489677113773,0.0,0.21295579944831616,-0.022457676516414365,0.0,0.2179930778672177,0.04164095268553426,0.0,-0.013641654235991273,1.2307053412442592,0.0,0.7028557009917158,-1.144306699387793,0.0,0.040517152218165584,0.8392874508205806,0.0,0.31360740442356905,0.5740532986633496,-2.2950508187383956,-1.9496790993486368,-0.08347338647682642,0.17005452801453813,0.03897862947558065,-0.04304,0.09684000000000001,0.01345,-0.0028954676331517,0.0,-0.0036056134932904863,-0.00031175262157166414,0.0,-0.0014316649256110444
584,5.840248600114137,step,5.756049751533457,1.560018480595875,4.107299959287047,10.153000010177493,124371.0,124371.0,0.0,0.0,8.77,0.0002,1e-05,100.0,0.01,-0.025193923755227388,0.0,0.2130706315308777,-0.02221036366567305,0.0,0.2179930778672177,0.041598904714654834,0.0,-0.013769342682401518,1.2160799646160612,0.0,0.7066133893672182,-1.1552315137232647,0.0,0.02663723406802336,0.8278590888325285,0.0,0.31371064302209334,0.5771212602391209,-2.2950508187383956,-1.9496790993486368,-0.08737133874068154,0.16906392501464068,0.04003407214099746,-0.04304,0.09415,0.03228,-0.0027126843954094954,0.0,-0.0034464510077027504,-0.0002708756941448404,0.0,-0.0014759953286372302
585,5.850531599950045,step,5.3363367292887744,1.2448517409366848,3.6062998697161674,10.282999835908413,124371.0,124371.0,0.0,0.0,8.77,0.0002,1e-05,100.0,0.01,-0.024154785625797565,0.0,0.21312828696623712,-0.021961546200177776,0.0,0.2179930778672177,0.04369269600810665,0.0,-0.010537245265426515,1.106239989078711,0.0,0.6661443256259608,-1.1631149429005876,0.0,0.012968953539973358,0.7518449111619008,0.0,0.2944259874770134,0.5832571833906636,-2.2950508187383956,-1.9512130801365222,-0.10377778262317211,0.1620527640617139,0.04354951161312951,-0.048420000000000005,0.08877,0.01345,-0.0019574937069826597,0.0,-0.0033939003594901694,-0.00023574571863712928,0.0,-0.0014708905414904062
586,5.860273200087249,step,5.004829903840371,1.0752720175227763,3.9028001483529806,9.741600137203932,124371.0,124371.0,0.0,0.0,8.77,0.0002,1e-05,100.0,0.01,-0.023447416759105028,0.0,0.2132930418612435,-0.021727537720067382,0.0,0.2179930778672177,0.0473318255837987,0.0,-0.00988814598677052,1.0052438872871274,0.0,0.6520109305256159,-1.1696463426921837,0.0,-0.00016098249440598018,0.6813178146052701,0.0,0.28524349708586527,0.5878591257543204,-2.2950508187383956,-1.9512130801365222,-0.11866685418520939,0.15566160014212974,0.047156308482697494,-0.05918,0.08608,0.02152,-0.0016217782518570146,0.0,-0.003260226810220466,-9.810078718063063e-05,0.0,-0.0014398091957537182
587,5.870346799958497,step,4.847048658932823,1.0231214767823316,3.854600014165044,10.073599871248007,124371.0,124371.0,0.0,0.0,8.77,0.0002,1e-05,100.0,0.01,-0.02264443974697926,0.0,0.21328613599197668,-0.0214874700476504,0.0,0.2179930778672177,0.04947669102495091,0.0,-0.006650351600413504,0.9148752850861739,0.0,0.617824515338162,-1.1745377927835328,0.0,-0.013603378536790202,0.6187367751478773,0.0,0.269611605393351,0.5924610681179774,-2.2950508187383956,-1.952747060924408,-0.13224104410608234,0.14920477937584029,0.04951030927699596,-0.06994,0.08339,0.024210000000000002,-0.001214570785944092,0.0,-0.0033378121459412104,5.760108661523257e-05,0.0,-0.0013691297292998004
588,5.880324200028554,step,4.795571826661191,1.0677274762511795,3.8532998878508806,9.97740007005632,124371.0,124371.0,0.0,0.0,8.77,0.0002,1e-05,100.0,0.01,-0.02240849410058568,0.0,0.2133390989392969,-0.021251779233759923,0.0,0.2179930778672177,0.055363914738339126,0.0,-0.0024421478840870262,0.8291104953462058,0.0,0.562941199466803,-1.1801697099021018,0.0,-0.027087702947742556,0.5581714938005771,0.0,0.2451471487017551,0.593995048905863,-2.2950508187383956,-1.952747060924408,-0.14452916575543237,0.14124514762229307,0.049937895839494206,-0.07532,0.08339,0.024210000000000002,-0.0013984323407837654,0.0,-0.0033482231632498026,0.0002417174739580087,0.0,-0.0013057557646709963
589,5.890269000083208,step,4.495539867062135,0.9440335176335184,3.8916999474167824,9.944800054654479,124371.0,124371.0,0.0,0.0,8.77,0.0002,1e-05,100.0,0.01,-0.0220304419234085,0.0,0.21361277721955896,-0.02101908395885515,0.0,0.2179930778672177,0.052451038879349175,0.0,0.0026872410123105757,0.8585339876727057,0.0,0.47008897445409165,-1.1855973884155009,0.0,-0.03971097548230704,0.5741383023953399,0.0,0.20575845560454725,0.5970630104816343,-2.2950508187383956,-1.9512130801365222,-0.14611813192736395,0.13734071852691615,0.045215976560576264,-0.08070000000000001,0.07263,0.0269,-0.0013477189043653716,0.0,-0.00313441980540861,0.00033636093981202026,0.0,-0.001245880842250126
590,5.900268299970776,step,4.588934496931561,1.0456309031666855,4.595499951392412,9.999299887567759,124371.0,124371.0,0.0,0.0,8.77,0.0002,1e-05,100.0,0.01,-0.021700173584105628,0.0,0.2134958152974488,-0.020787513080038456,0.0,0.2179930778672177,0.05094581890866062,0.0,0.005224870784709614,0.871741180773884,0.0,0.45792472581330435,-1.1908364694403302,0.0,-0.053189781462385975,0.5826306389716069,0.0,0.2017462063881383,0.5985969912695199,-2.2950508187383956,-1.952747060924408,-0.14529127682156406,0.13716817272490267,0.043702468426662026,-0.08070000000000001,0.07532,0.024210000000000002,-0.0013008892330733184,0.0,-0.0033468529100942087,0.0003882287290061458,0.0,-0.0011504096596746918
591,5.910270600114018,step,4.3917607649195896,0.9737220955913751,3.8848000112921,10.002300143241882,124371.0,124371.0,0.0,0.0,8.77,0.0002,1e-05,100.0,0.01,-0.021557470432538375,0.0,0.21371645585992827,-0.020558437488609672,0.0,0.2179930778672177,0.05099838749779068,0.0,0.005171395654891719,0.8817976706464196,0.0,0.4478736607284222,-1.196462476409959,0.0,-0.0659605474807563,0.5871562835242887,0.0,0.19625679115181305,0.6001309720574056,-2.2950508187383956,-1.9512130801365222,-0.14679989243233582,0.13616784484736327,0.043150435124328416,-0.08070000000000001,0.07801000000000001,0.01883,-0.0013969648221319954,0.0,-0.0031710431529235997,0.00039793187820329244,0.0,-0.001105578854365827
592,5.920258300146088,step,4.448625395373136,1.0498377791096307,3.900399897247553,9.98770003207028,124371.0,124371.0,0.0,0.0,8.77,0.0002,1e-05,100.0,0.01,-0.021557470432538375,0.0,0.21371645585992827,-0.020332410387019568,0.0,0.2179930778672177,0.04583950095483067,0.0,0.00701174467025451,0.9847992385655921,0.0,0.433317068542155,-1.2027739022432378,0.0,-0.07900406923574821,0.6558294018153575,0.0,0.1918851857460124,0.6001309720574056,-2.2950508187383956,-1.9512130801365222,-0.13585870135428846,0.1399473011688813,0.0380566649383912,-0.08339,0.07263,0.02152,-0.0015671576509204434,0.0,-0.0032387697254557643,0.0003420976054016359,0.0,-0.0010378522818336624
593,5.930297000100836,step,4.395924603627624,1.010731916326924,3.8880000356584787,10.038699954748154,124371.0,124371.0,0.0,0.0,8.77,0.0002,1e-05,100.0,0.01,-0.021320865962865476,0.0,0.2137677509115649,-0.020108114859541844,0.0,0.2179930778672177,0.03699467771738288,0.0,0.007990618197490714,1.1166984285792818,0.0,0.42617047162451516,-1.208524954572192,0.0,-0.09200682972631388,0.744127585738951,0.0,0.19051947367775082,0.6016649528452912,-2.2950508187383956,-1.9512130801365222,-0.12324485248527343,0.14543067357044442,0.03305774212753003,-0.07801000000000001,0.07532,0.01883,-0.0014280141914433564,0.0,-0.00322864850576719,0.00021526308811972402,0.0,-0.0009966784498855906
594,5.9405857000965625,step,4.344223491833815,0.9686833680907833,3.7263999693095684,10.288699995726347,124371.0,124371.0,0.0,0.0,8.77,0.0002,1e-05,100.0,0.01,-0.02108418308597626,0.0,0.21381868295628206,-0.019881392632673817,0.0,0.2179930778672177,0.03330620247241435,0.0,0.007140473720158758,1.1713930330966154,0.0,0.4461817935513431,-1.213718359986779,0.0,-0.10492059036440432,0.7804183066611461,0.0,0.1990052467993349,0.6031989336331769,-2.2950508187383956,-1.9512130801365222,-0.11830654638580065,0.14855831842322897,0.03198219472992477,-0.06994,0.08070000000000001,0.01883,-0.0012895477574793375,0.0,-0.003206549410662257,8.675730417689463e-05,0.0,-0.0009678455002733732
595,5.950424599926919,step,4.289247384878939,0.9246716331670949,3.6869000177830458,9.83889983035624,124371.0,124371.0,0.0,0.0,8.77,0.0002,1e-05,100.0,0.01,-0.020847422358808487,0.0,0.21386925187423153,-0.01966771802794312,0.0,0.2179930778672177,0.025913312936455976,0.0,0.0055139577620202515,1.279084519387606,0.0,0.477672473789583,-1.2183330258241531,0.0,-0.11771274365627779,0.8529157440468318,0.0,0.21289236842349307,0.6047329144210625,-2.2950508187383956,-1.9512130801365222,-0.10750331304547767,0.15459768833216112,0.02937623178760906,-0.06187,0.08070000000000001,0.01883,-0.00114584391301092,0.0,-0.0031763537166833813,-3.3860417854446496e-05,0.0,-0.0009474722763027819
596,5.960262299980968,step,3.9184846479715043,0.7188724549573597,3.823700128123164,9.837700054049492,124371.0,124371.0,0.0,0.0,8.77,0.0002,1e-05,100.0,0.01,-0.020276729883612787,0.0,0.2141612362881546,-0.019457271495803174,0.0,0.2179930778672177,0.02225342325356652,0.0,0.004644135457128098,1.2933976332565689,0.0,0.47119143922940626,-1.2210782941953235,0.0,-0.12938484683272905,0.8603916856578308,0.0,0.2085943570716184,0.6078008759968337,-2.29351683795051,-1.9512130801365222,-0.10888440624031687,0.15389656849003647,0.02948133183405485,-0.05918,0.08608,0.01614,-0.000681663453767393,0.0,-0.002898239839698097,-0.00013779493404221987,0.0,-0.0009336017393650085
597,5.970364300068468,step,3.7749314408269408,0.6748292959402497,3.694299841299653,10.102000087499619,124371.0,124371.0,0.0,0.0,8.77,0.0002,1e-05,100.0,0.01,-0.01980208399733678,0.0,0.2142595320346583,-0.019244640817163056,0.0,0.2179930778672177,0.022267566530509028,0.0,0.004575841059753858,1.2617790300087728,0.0,0.4730407954162797,-1.222684534860103,0.0,-0.140890751843412,0.8377431314907348,0.0,0.2078719495082631,0.610868837572605,-2.29351683795051,-1.9512130801365222,-0.1142262774567177,0.15210007154648456,0.03088566660942668,-0.06187,0.08608,0.01345,-0.000398837348884894,0.0,-0.0028569720289160394,-0.0001586058312888304,0.0,-0.0008765738036433479
598,5.980414499994367,step,3.4508651650551574,0.5579839669921427,3.846899839118123,10.050199925899506,124371.0,124371.0,0.0,0.0,8.77,0.0002,1e-05,100.0,0.01,-0.019228729810813888,0.0,0.21454755840253037,-0.019036724587312204,0.0,0.2179930778672177,0.026027177384847233,0.0,0.005242234696329096,1.161833025740907,0.0,0.4428986988426866,-1.2229219592392258,0.0,-0.1514520217984234,0.7675131901694692,0.0,0.1927205174638138,0.6139367991483764,-2.2919828571626244,-1.9512130801365222,-0.1282096220039819,0.14501752393936146,0.03415317678697774,-0.06456,0.08070000000000001,0.01076,-5.895362507399082e-05,0.0,-0.0026224145621994814,-0.00013305159842769365,0.0,-0.000823104902487843
599,5.990451900055632,step,3.3513935443448446,0.5548027227118911,4.3571998830884695,10.037400061264634,124371.0,124371.0,0.0,0.0,8.77,0.0002,1e-05,100.0,0.01,-0.01875290363708232,0.0,0.2146426371120177,-0.018832812553801162,0.0,0.2179930778672177,0.0313134709304169,0.0,0.008882761700690528,1.0479747657750813,0.0,0.38892027755551667,-1.2223748684986024,0.0,-0.16197158625061925,0.6886083737354926,0.0,0.16860509266838666,0.6170047607241477,-2.2919828571626244,-1.9512130801365222,-0.1429984078707607,0.13659105800778673,0.03626710586944793,-0.06994,0.07532,0.01883,0.00013584528481580215,0.0,-0.0026120588835383666,-5.5936368096958894e-05,0.0,-0.0007383818716616294
600,6.000122400000691,step,3.4578403011012275,0.6318276969566801,3.9238999597728252,9.670499945059419,124371.0,124371.0,0.0,0.0,8.77,0.0002,1e-05,100.0,0.01,-0.018187140949919606,0.0,0.2145650213138672,-0.01864000717183353,0.0,0.2179930778672177,0.03502220542222575,0.0,0.009491215732163381,0.9456491425597838,0.0,0.3989610916142666,-1.2207020413805145,0.0,-0.1730876641931458,0.619192406047709,0.0,0.1720571736012204,0.6200727222999189,-2.2919828571626244,-1.952747060924408,-0.15543967514161328,0.13221462753295155,0.040767615387489985,-0.08339,0.07801000000000001,0.01614,0.0004153710882500994,0.0,-0.0027601760768546325,3.7495133663825037e-05,0.0,-0.0006678804764958567
601,6.010019700042903,step,3.4182954348247514,0.616927397193007,3.9949999190866947,9.89730004221201,124371.0,124371.0,0.0,0.0,8.77,0.0002,1e-05,100.0,0.01,-0.01794923876300898,0.0,0.21461114534847803,-0.0184465074212159,0.0,0.2179930778672177,0.038756416615575835,0.0,0.010155688621316706,0.8777386678571815,0.0,0.3951258360256602,-1.219340248650583,0.0,-0.18411177413451102,0.5721282085557078,0.0,0.16944110518029423,0.6216067030878045,-2.2919828571626244,-1.952747060924408,-0.16433893388708867,0.12815114306238073,0.043037316549032825,-0.08877,0.07263,0.02152,0.00033813974085330475,0.0,-0.0027373399760325513,0.0001591289173536134,0.0,-0.0006445925427071152
602,6.020029500126839,step,3.380169828528883,0.5984688781302261,3.948899917304516,10.00980008393526,124371.0,124371.0,0.0,0.0,8.77,0.0002,1e-05,100.0,0.01,-0.017711266102646575,0.0,0.21465690439158075,-0.01825486026206469,0.0,0.2179930778672177,0.04249274005158402,0.0,0.010808725732989615,0.8096613824544496,0.0,0.3914084143911892,-1.2180921945264616,0.0,-0.19498081901110015,0.5249743436632066,0.0,0.1669299243785234,0.6231406838756902,-2.2919828571626244,-1.952747060924408,-0.17287049168326923,0.12457682958960109,0.0455419930187447,-0.09415,0.07263,0.024210000000000002,0.00030989789328850285,0.0,-0.0026988365682331663,0.00023369626612961268,0.0,-0.000637336907403778
603,6.030087100109085,step,3.175835011210954,0.5153742388378756,4.008800024166703,10.057599982246757,124371.0,124371.0,0.0,0.0,8.77,0.0002,1e-05,100.0,0.01,-0.01780038739687717,0.0,0.2148284128650613,-0.018066514138411597,0.0,0.2179930778672177,0.03881719170816734,0.0,0.01011973431835602,0.8872587336458989,0.0,0.3936005113364859,-1.2181103434592828,0.0,-0.20513338116967927,0.5760367225367305,0.0,0.16745044822223346,0.6231406838756902,-2.2919828571626244,-1.9512130801365222,-0.16521080709602565,0.12765184492402007,0.04250926957676007,-0.09415,0.06725,0.024210000000000002,-4.506468059385237e-06,0.0,-0.002520930433717382,0.0002706332095938113,0.0,-0.000643734568439015
604,6.040275200037286,step,3.2144700175779257,0.5498028323846396,3.8858000189065933,10.188099928200245,124371.0,124371.0,0.0,0.0,8.77,0.0002,1e-05,100.0,0.01,-0.018038623042984175,0.0,0.21478251690987105,-0.017880143286962125,0.0,0.2179930778672177,0.03507781986338646,0.0,0.009458916289033018,0.9830519043817243,0.0,0.4186248191164068,-1.2196336788518671,0.0,-0.21550835180860772,0.6406785070815633,0.0,0.17883171015160423,0.6216067030878045,-2.2919828571626244,-1.9512130801365222,-0.15310742348439202,0.1335994057345109,0.03963915731127781,-0.09415,0.07263,0.024210000000000002,-0.00037825156762815197,0.0,-0.002576155538284285,0.00021977181160610188,0.0,-0.0006344054190623627
605,6.050254000118002,step,3.3909566956974717,0.6140374182582584,3.8370999973267317,9.97880008071661,124371.0,124371.0,0.0,0.0,8.77,0.0002,1e-05,100.0,0.01,-0.01794923876300898,0.0,0.21461114534847803,-0.01770201467278578,0.0,0.2179930778672177,0.02603785145437861,0.0,0.005027451950795086,1.1220202196360218,0.0,0.513694168022683,-1.2209347812118991,0.0,-0.22651356040728368,0.7363030158422661,0.0,0.2201806487820804,0.6216067030878045,-2.2919828571626244,-1.952747060924408,-0.13682424950965189,0.14514053048255898,0.038937885052077195,-0.08608,0.07532,0.01883,-0.0003230700276003126,0.0,-0.002732646680953018,7.584593737711143e-05,0.0,-0.0006492858377866485
606,6.0604322999715805,step,3.2513980543198318,0.525155114504867,3.6437001544982195,10.17829985357821,124371.0,124371.0,0.0,0.0,8.77,0.0002,1e-05,100.0,0.01,-0.018038623042984175,0.0,0.21478251690987105,-0.0175249230850358,0.0,0.2179930778672177,0.018619013480917074,0.0,0.0036017546525064096,1.256015927208017,0.0,0.5269775573263034,-1.2227389732954004,0.0,-0.23660196532713124,0.8255113981419263,0.0,0.22535871584572367,0.6216067030878045,-2.2919828571626244,-1.9512130801365222,-0.12310271786018143,0.15148662033695948,0.03466292594171523,-0.07801000000000001,0.08339,0.01883,-0.00044798964640931023,0.0,-0.0025049998801157033,-6.571031153906605e-05,0.0,-0.0007055610772309442
607,6.070351500064135,step,3.1955889117619,0.48592526116633483,3.711499972268939,9.919200092554092,124371.0,124371.0,0.0,0.0,8.77,0.0002,1e-05,100.0,0.01,-0.01780038739687717,0.0,0.2148284128650613,-0.017356896791450117,0.0,0.2179930778672177,0.011174709958900643,0.0,0.002143913528734833,1.353822390867496,0.0,0.5536532416390678,-1.2236011149580066,0.0,-0.24642244209696607,0.8913294116082681,0.0,0.23651584354292868,0.6231406838756902,-2.2919828571626244,-1.9512130801365222,-0.11319036101262567,0.15714630370291488,0.032437479452799955,-0.06456,0.08877,0.01883,-0.00021407395704574008,0.0,-0.002438472020756973,-0.0002294166483813134,0.0,-0.000726192981399424
608,6.080246899975464,step,3.2222673698746256,0.48300053295984746,3.826300147920847,9.89539991132915,124371.0,124371.0,0.0,0.0,8.77,0.0002,1e-05,100.0,0.01,-0.01780038739687717,0.0,0.2148284128650613,-0.017193837788778057,0.0,0.2179930778672177,0.007449806639267095,0.0,0.0014292756858232218,1.4210728168311688,0.0,0.5740852547395702,-1.2246917239676511,0.0,-0.2561902810892945,0.9365973050134577,0.0,0.24539288216659838,0.6231406838756902,-2.2919828571626244,-1.9512130801365222,-0.10579327266576474,0.16108603587197384,0.03077905186297742,-0.06456,0.08877,0.01614,-0.0002708035076028433,0.0,-0.002425401805258024,-0.0003357461004962708,0.0,-0.000739263196898373
609,6.090321500087157,step,3.119550775333641,0.447455301175338,4.5393998734653,10.074600111693144,124371.0,124371.0,0.0,0.0,8.77,0.0002,1e-05,100.0,0.01,-0.01737273921445634,0.0,0.21489212748245373,-0.017032586673503082,0.0,0.2179930778672177,0.0037264312478110864,0.0,0.0007043824871881571,1.4409489992344968,0.0,0.5875928893908202,-1.2243047096593966,0.0,-0.26564233272691656,0.9498513890828568,0.0,0.2513987867083666,0.6246746646635758,-2.2904488763747386,-1.952747060924408,-0.10474077145072086,0.161847376028143,0.03116295214243087,-0.05918,0.08877,0.01614,9.609753013313597e-05,0.0,-0.002346990273210452,-0.00043625007108639367,0.0,-0.00075396011155351
610,6.100400200113654,step,3.011631932385607,0.42697225178191406,4.053799901157618,10.078700026497245,124371.0,124371.0,0.0,0.0,8.77,0.0002,1e-05,100.0,0.01,-0.016895864652330866,0.0,0.21498151047143127,-0.016876148750098408,0.0,0.2179930778672177,0.0037285747254869393,0.0,0.0006929466421491814,1.3979645024888485,0.0,0.5873609034297443,-1.2225861954018808,0.0,-0.2747220441266857,0.9198210654658187,0.0,0.24980129298806447,0.6277426262393471,-2.2904488763747386,-1.952747060924408,-0.11155270473090426,0.15937180728915312,0.033061447730204224,-0.06187,0.09146,0.01345,0.00042671542659679504,0.0,-0.0022545363859414356,-0.00044643132882925393,0.0,-0.0007570310098449886
611,6.110408500069752,step,2.5822494800185924,0.3058091295451204,3.6602001637220383,10.008299956098199,124371.0,124371.0,0.0,0.0,8.77,0.0002,1e-05,100.0,0.01,-0.01640405535235563,0.0,0.21543093841518002,-0.016725697708658976,0.0,0.2179930778672177,0.009078699745495626,0.0,0.004318651422352087,1.2718896133062023,0.0,0.49305718532077386,-1.2197747790669178,0.0,-0.2820198358543611,0.8305905543202676,0.0,0.20712358851318605,0.6308105878151185,-2.2889148955868532,-1.9512130801365222,-0.12910696916053796,0.14769338887876116,0.03438618967371711,-0.06187,0.08608,0.01345,0.0006980883140586977,0.0,-0.0018120770873273344,-0.0003764459577553528,0.0,-0.0007500623647103417
612,6.120291700121015,step,2.575085118670484,0.33247315059434046,3.8882000371813774,9.883200051262975,124371.0,124371.0,0.0,0.0,8.77,0.0002,1e-05,100.0,0.01,-0.015975300210817098,0.0,0.21549047623536122,-0.01658197017103227,0.0,0.2179930778672177,0.016568035950757773,0.0,0.005632826271085334,1.1191779367921089,0.0,0.47427632403680237,-1.2163365422511723,0.0,-0.2894139658043769,0.7268280740647064,0.0,0.19898472837425743,0.632344568603004,-2.2873809147989674,-1.952747060924408,-0.14662199727476902,0.1392110471095958,0.039531842639274194,-0.06994,0.07801000000000001,0.01614,0.0008537308801223017,0.0,-0.0018359983352679938,-0.00024706091990712976,0.0,-0.0006666032965884831
613,6.1302696000784636,step,2.559129871821271,0.3320880893183248,3.986199852079153,9.977899957448244,124371.0,124371.0,0.0,0.0,8.77,0.0002,1e-05,100.0,0.01,-0.015735980996731083,0.0,0.21553320626126066,-0.016441797816489797,0.0,0.2179930778672177,0.021927899664917906,0.0,0.009219414178734892,1.0178114669271323,0.0,0.42370311551624784,-1.213130867996522,0.0,-0.2969067136605868,0.6574452984910041,0.0,0.1774216995942988,0.6338785493908897,-2.2873809147989674,-1.952747060924408,-0.15908551880483288,0.1315763833491278,0.04108794371916538,-0.08339,0.07801000000000001,0.024210000000000002,0.0007959844680490985,0.0,-0.0018604856397681688,-9.016764829038475e-05,0.0,-0.0005993859661888681
614,6.140253399964422,step,2.5969793316141234,0.3515858557599781,4.019799875095487,9.983799885958433,124371.0,124371.0,0.0,0.0,8.77,0.0002,1e-05,100.0,0.01,-0.015257147335526411,0.0,0.2156175647297559,-0.016306546679235655,0.0,0.2179930778672177,0.025699909065781144,0.0,0.009805745791479869,0.913244117559682,0.0,0.41318929558316986,-1.2090779825711198,0.0,-0.304247782443847,0.5859863503509307,0.0,0.17192667012097465,0.636946510966661,-2.2873809147989674,-1.952747060924408,-0.17266778214630585,0.12586265545915434,0.04489723717346357,-0.08608,0.06994,0.0269,0.001006351111540122,0.0,-0.0018228229901646104,4.3048232169122643e-05,0.0,-0.0005526901472971773
615,6.150329899974167,step,2.1707250669501037,0.21195388975652338,3.907199949026108,10.07650000974536,124371.0,124371.0,0.0,0.0,8.77,0.0002,1e-05,100.0,0.01,-0.015479161481958312,0.0,0.2159369544378134,-0.01617515268832539,0.0,0.2179930778672177,0.02950565460893686,0.0,0.010500785488657838,0.8840466978846323,0.0,0.3749994083479727,-1.2070811138268223,0.0,-0.3104448215085417,0.5644032867242599,0.0,0.15506972924685897,0.6354125301787753,-2.285846934011082,-1.9512130801365222,-0.17613825890901863,0.12166533331072488,0.043951891715406886,-0.09953000000000001,0.07263,0.024210000000000002,0.0004958321959531008,0.0,-0.001538754861394594,0.0002001590104139788,0.0,-0.000517368568009689
616,6.160230099922046,step,2.134184880713801,0.21970428927928123,3.899199888110161,9.900199947878718,124371.0,124371.0,0.0,0.0,8.77,0.0002,1e-05,100.0,0.01,-0.015479161481958312,0.0,0.2159369544378134,-0.01605108940409724,0.0,0.2179930778672177,0.02950565460893686,0.0,0.010500785488657838,0.8882287048085228,0.0,0.3811957737108519,-1.2057287992856014,0.0,-0.3169342053958964,0.5670999362722741,0.0,0.15760668699466826,0.6354125301787753,-2.285846934011082,-1.9512130801365222,-0.17494314984815607,0.1226524634440892,0.04404496257009066,-0.09953000000000001,0.06456,0.02152,0.00033578626061812075,0.0,-0.0016113454990161035,0.00023614166152080682,0.0,-0.0004447779303881794
617,6.170242500025779,step,2.2931276428495218,0.2790589192312749,3.9790000300854445,10.012400103732944,124371.0,124371.0,0.0,0.0,8.77,0.0002,1e-05,100.0,0.01,-0.015393212196645245,0.0,0.21576383458939868,-0.01593071456380223,0.0,0.2179930778672177,0.025720955095944912,0.0,0.009825323479283603,0.9392595760838043,0.0,0.4168000727853697,-1.2044409885381686,0.0,-0.3242930998322266,0.6026024595953233,0.0,0.17336863077846085,0.6354125301787753,-2.285846934011082,-1.952747060924408,-0.1685595713826849,0.1269322422744843,0.04378146555377263,-0.09415,0.06994,0.024210000000000002,0.000319769655714773,0.0,-0.001827249186293545,0.00021773271144221113,0.0,-0.00040199409152546464
618,6.180092399939895,step,2.2567370726120464,0.2717405570435204,4.094399977475405,9.849899914115667,124371.0,124371.0,0.0,0.0,8.77,0.0002,1e-05,100.0,0.01,-0.015582811263809476,0.0,0.21574855692618367,-0.01581730638137338,0.0,0.2179930778672177,0.016605981195648524,0.0,0.005592307247918649,1.0992207032347667,0.0,0.4886987308599982,-1.2042319762620637,0.0,-0.3316622534659312,0.7107942931551393,0.0,0.20257436352193575,0.6354125301787753,-2.2873809147989674,-1.9512130801365222,-0.1509859561576288,0.13818303082296474,0.04083275133912038,-0.09146,0.06994,0.024210000000000002,5.1898762068466284e-05,0.0,-0.0018297965947686316,0.000182596355495438,0.0,-0.0004147243462653968
619,6.190037399996072,step,2.248001304382298,0.26511145102409706,4.197499947622418,9.945000056177378,124371.0,124371.0,0.0,0.0,8.77,0.0002,1e-05,100.0,0.01,-0.015582811263809476,0.0,0.21574855692618367,-0.015707853695664555,0.0,0.2179930778672177,0.011240907395329671,0.0,0.0019843756221319822,1.183166397309313,0.0,0.5496416591565061,-1.204096086264543,0.0,-0.3389426259916605,0.7678147070365761,0.0,0.22768934741006397,0.6354125301787753,-2.2873809147989674,-1.9512130801365222,-0.14141742971541246,0.14526760892860113,0.04057615103048012,-0.08608,0.07801000000000001,0.02152,3.374214558228133e-05,0.0,-0.0018077518149841449,9.130028627279697e-05,0.0,-0.00043676912604988347
620,6.200238100020215,step,2.059721675263227,0.20759341639275541,3.9957999251782894,10.200700024142861,124371.0,124371.0,0.0,0.0,8.77,0.0002,1e-05,100.0,0.01,-0.015479161481958312,0.0,0.2159369544378134,-0.01560085709652155,0.0,0.2179930778672177,0.007502974119052929,0.0,0.0013179458663546545,1.2311402859569296,0.0,0.5460486357741927,-1.2035954543285599,0.0,-0.34536664739131545,0.7993674642752887,0.0,0.22571599598668124,0.6354125301787753,-2.285846934011082,-1.9512130801365222,-0.1366754399455659,0.14670221742804143,0.039025157679495825,-0.08070000000000001,0.07801000000000001,0.02152,0.00012430933825350698,0.0,-0.0015951156762490006,-2.613723690268353e-06,0.0,-0.0004610077531552823
621,6.210298700025305,step,2.0562346440485753,0.21036758182857473,3.830099944025278,10.060600005090237,124371.0,124371.0,0.0,0.0,8.77,0.0002,1e-05,100.0,0.01,-0.015479161481958312,0.0,0.2159369544378134,-0.015500547328687903,0.0,0.2179930778672177,0.0037514870595264645,0.0,0.0006589729331773273,1.2897681863067991,0.0,0.5622572958665089,-1.2032199764719012,0.0,-0.35184218078593815,0.8391849839801531,0.0,0.2324776028202058,0.6354125301787753,-2.285846934011082,-1.9512130801365222,-0.13008323472102679,0.15018847056905812,0.037566384788622044,-0.07532,0.08339,0.02152,9.323297323896123e-05,0.0,-0.0016079063544824717,-7.184712650936977e-05,0.0,-0.00044821707492181126
622,6.220238900044933,step,2.031079033324263,0.21681986622211508,3.851999994367361,9.94020001962781,124371.0,124371.0,0.0,0.0,8.77,0.0002,1e-05,100.0,0.01,-0.015049512916802149,0.0,0.21599361878100518,-0.01540650787779127,0.0,0.2179930778672177,0.0,0.0,0.0,1.300590192630264,0.0,0.572271023007262,-1.2012331092466675,0.0,-0.35812042352365664,0.846848762872708,0.0,0.23692900551822357,0.636946510966661,-2.2843129532231963,-1.952747060924408,-0.12994947964686657,0.15032532086673525,0.03804687328394421,-0.07532,0.08070000000000001,0.01614,0.0004933487702525218,0.0,-0.0015589181273227238,-0.00013635380926340084,0.0,-0.0004405409588897945
623,6.230269300052896,step,1.8351003788469646,0.1652313712497931,3.8608000613749027,10.03040000796318,124371.0,124371.0,0.0,0.0,8.77,0.0002,1e-05,100.0,0.01,-0.015134930673411776,0.0,0.21616700150337606,-0.015316695669665707,0.0,0.2179930778672177,0.0016316469859729437,0.0,0.0029389954877197494,1.2861623972104808,0.0,0.51579460650483,-1.2000638357434381,0.0,-0.36374884015043585,0.8358619150167924,0.0,0.21232518758255578,0.636946510966661,-2.2843129532231963,-1.9512130801365222,-0.13217582498652644,0.146757874126905,0.036093984099433686,-0.06994,0.07801000000000001,0.02152,0.0002903362829588156,0.0,-0.0013975631516915884,-0.00010857128670488462,0.0,-0.00042851321215004487
624,6.2403033000882715,step,1.6505046795225786,0.13351833228466722,3.8475999608635902,10.034000035375357,124371.0,124371.0,0.0,0.0,8.77,0.0002,1e-05,100.0,0.01,-0.015030414997669814,0.0,0.21635492003144163,-0.015231920834338192,0.0,0.2179930778672177,0.0016361534266045262,0.0,0.0029364891157469845,1.2752782323137657,0.0,0.5007430871732839,-1.1988225002689457,0.0,-0.36876508901753763,0.8278136183553838,0.0,0.20549351323466672,0.636946510966661,-2.2827789724353105,-1.9512130801365222,-0.13374723688143353,0.14501308162569682,0.03611521287646051,-0.07532,0.08339,0.02152,0.00030822961999367004,0.0,-0.0012455589273582023,-0.00010672378332529197,0.0,-0.0003925989084178584
625,6.250246500130743,step,1.468096123263622,0.10883750301033801,3.8853997830301523,9.94320004247129,124371.0,124371.0,0.0,0.0,8.77,0.0002,1e-05,100.0,0.01,-0.014925611181596965,0.0,0.2165426780134361,-0.015152869825639414,0.0,0.2179930778672177,0.0032813120364572393,0.0,0.005867951668328607,1.2394388748770728,0.0,0.44153146170716256,-1.1975408004688122,0.0,-0.3732511503439581,0.802997193818243,0.0,0.18065572694523913,0.636946510966661,-2.281244991647425,-1.9512130801365222,-0.13837282326077635,0.13979604822773348,0.035101324856844085,-0.07801000000000001,0.08070000000000001,0.01883,0.0003182522778563236,0.0,-0.0011139107890848659,-9.099363381387474e-05,0.0,-0.0003364890646967262
626,6.260222600074485,step,1.2888774869857766,0.0887054132710113,3.8096001371741295,9.976099943742156,124371.0,124371.0,0.0,0.0,8.77,0.0002,1e-05,100.0,0.01,-0.014820519471806612,0.0,0.21673027500754707,-0.015078461546828265,0.0,0.2179930778672177,0.004935464245594786,0.0,0.008794366943891156,1.202945452556888,0.0,0.38188209246893184,-1.19623535612286,0.0,-0.37725575990218274,0.7779105476399645,0.0,0.15568012537708667,0.636946510966661,-2.2797110108595393,-1.9512130801365222,-0.14304295311405274,0.13453939541364326,0.03407183268711621,-0.07532,0.07801000000000001,0.01614,0.00032414816376712726,0.0,-0.0009943639795352702,-6.620608874547459e-05,0.0,-0.00026843888013534955
627,6.2702645000535995,step,1.2767115364923856,0.09698890875575733,3.803900210186839,10.041899979114532,124371.0,124371.0,0.0,0.0,8.77,0.0002,1e-05,100.0,0.01,-0.014820519471806612,0.0,0.21673027500754707,-0.015008459049917378,0.0,0.2179930778672177,0.004935464245594786,0.0,0.008794366943891156,1.2021454456771936,0.0,0.38588609165812543,-1.1953383696282418,0.0,-0.38156774285433176,0.7778716305303713,0.0,0.15731290844480048,0.636946510966661,-2.2797110108595393,-1.9512130801365222,-0.14287052537742154,0.13476102959595151,0.034173966050997734,-0.07801000000000001,0.07532,0.01614,0.0002227260978654546,0.0,-0.0010706862843048398,-3.478651975468894e-05,0.0,-0.00019211657536577996
628,6.280080799944699,step,1.1419019153136711,0.0833730761756608,3.994000144302845,9.816299891099334,124371.0,124371.0,0.0,0.0,8.77,0.0002,1e-05,100.0,0.01,-0.014525387932532705,0.0,0.2169309515046317,-0.014944705919383846,0.0,0.2179930778672177,0.006599868545014476,0.0,0.01169751260014171,1.144091001401933,0.0,0.324966866400964,-1.1935634457676405,0.0,-0.38524527742578046,0.7387346304748025,0.0,0.13253261922608686,0.636946510966661,-2.276643049283768,-1.952747060924408,-0.15008653533705404,0.12793689884959217,0.03429248821644252,-0.07801000000000001,0.07801000000000001,0.01883,0.00044072220468406847,0.0,-0.0009131496736889004,-2.1404217832927085e-05,0.0,-0.0001489766888970852
629,6.290105100022629,step,1.1211259845113157,0.0842669649333796,4.0657001081854105,10.024300077930093,124371.0,124371.0,0.0,0.0,8.77,0.0002,1e-05,100.0,0.01,-0.014525387932532705,0.0,0.2169309515046317,-0.01488429051408699,0.0,0.2179930778672177,0.006599868545014476,0.0,0.01169751260014171,1.1420243441479394,0.0,0.32864376741820384,-1.1922581093195208,0.0,-0.38913751196957225,0.7379748758200778,0.0,0.13403409976580616,0.636946510966661,-2.276643049283768,-1.952747060924408,-0.14999282026183147,0.12801595891738354,0.03430215810296132,-0.08339,0.07532,0.01614,0.0003241213722119201,0.0,-0.00096646071832414,3.478120934236501e-05,0.0,-9.566564426184557e-05
630,6.3002702000085264,step,0.9642984721030624,0.0609905599945644,3.8011998403817415,10.165099985897541,124371.0,124371.0,0.0,0.0,8.77,0.0002,1e-05,100.0,0.01,-0.014367679130458735,0.0,0.2171456172417896,-0.01482776828665493,0.0,0.2179930778672177,0.006634510682700709,0.0,0.011695414903540362,1.1221512263295679,0.0,0.3089019083771507,-1.190678213951875,0.0,-0.3922523221766642,0.7241551698016417,0.0,0.124309633389991,0.6384804917545466,-2.276643049283768,-1.9512130801365222,-0.15374396307046387,0.12582792902501513,0.03432064093567775,-0.08070000000000001,0.06994,0.01614,0.0003922956838064554,0.0,-0.0007734224842619071,6.779347238973981e-05,0.0,-7.403814116618542e-05
631,6.310237300116569,step,0.9037337338253956,0.059175882425041626,3.868900006636977,9.96710010804236,124371.0,124371.0,0.0,0.0,8.77,0.0002,1e-05,100.0,0.01,-0.01460947336091424,0.0,0.21710498426676245,-0.014776878314498136,0.0,0.2179930778672177,0.006616562341617997,0.0,0.011705578352000392,1.1465025080846813,0.0,0.31634486309147397,-1.190463023087527,0.0,-0.39568581447706475,0.7414293858355012,0.0,0.12775246382796773,0.636946510966661,-2.276643049283768,-1.9512130801365222,-0.1493612646078042,0.127807451516743,0.03339405658284872,-0.08608,0.06725,0.01345,5.3432935501321956e-05,0.0,-0.0008525527939466774,0.00011397201808257339,0.0,-3.5540806508570135e-05
632,6.320334400050342,step,0.8962056385021404,0.059708845463553074,3.7751998752355576,10.09709993377328,124371.0,124371.0,0.0,0.0,8.77,0.0002,1e-05,100.0,0.01,-0.01460947336091424,0.0,0.21710498426676245,-0.014729782559704127,0.0,0.2179930778672177,0.004962421756213498,0.0,0.008779183764000295,1.1695346914563989,0.0,0.363231823278273,-1.1903556707773688,0.0,-0.39913983308937917,0.7577235156454812,0.0,0.14684581485132053,0.636946510966661,-2.276643049283768,-1.9512130801365222,-0.14658920405539777,0.1313181610192979,0.03471160298521238,-0.08070000000000001,0.07263,0.01614,2.6656099374793832e-05,0.0,-0.0008576495767673562,9.36530994150925e-05,0.0,-3.0444023687891297e-05
633,6.330277000088245,step,1.0744519182426095,0.08553548760804733,3.792800009250641,9.942600037902594,124371.0,124371.0,0.0,0.0,8.77,0.0002,1e-05,100.0,0.01,-0.014525387932532705,0.0,0.2169309515046317,-0.01468766705785413,0.0,0.2179930778672177,0.003299934272507238,0.0,0.005848756300070855,1.1832722756626566,0.0,0.4293851350226939,-1.189973075699563,0.0,-0.4032581723818669,0.7689848514733996,0.0,0.17516144994019472,0.636946510966661,-2.276643049283768,-1.952747060924408,-0.14417023115306332,0.13540285243109978,0.037107394612300906,-0.08339,0.07263,0.01614,9.500021377518262e-05,0.0,-0.0010226036242519721,6.727891154624204e-05,0.0,-3.9522738334013454e-05
634,6.340226199943572,step,0.8890005620099609,0.051240237563691136,3.9052001666277647,9.949199855327606,124371.0,124371.0,0.0,0.0,8.77,0.0002,1e-05,100.0,0.01,-0.01460947336091424,0.0,0.21710498426676245,-0.014649620043024492,0.0,0.2179930778672177,0.0033082811708089986,0.0,0.005852789176000196,1.1902194058632012,0.0,0.4142584059541423,-1.1900326282003557,0.0,-0.40645887558778704,0.7734769079736195,0.0,0.16762825984719026,0.636946510966661,-2.276643049283768,-1.9512130801365222,-0.14376460500475144,0.13497228390094007,0.036147006981749615,-0.07801000000000001,0.07532,0.02152,-1.4787174834017644e-05,0.0,-0.0007947501325350336,5.493385694426919e-05,0.0,-9.334346792021393e-05
635,6.350229399977252,step,1.0659295761982113,0.07358023012963513,3.8605998270213604,10.003200033679605,124371.0,124371.0,0.0,0.0,8.77,0.0002,1e-05,100.0,0.01,-0.014525387932532705,0.0,0.2169309515046317,-0.014615351543587184,0.0,0.2179930778672177,0.001649967136253619,0.0,0.0029243781500354277,1.203594094037108,0.0,0.48012787587694583,-1.189760122511818,0.0,-0.4102853343521855,0.784714866438114,0.0,0.1958769929629408,0.636946510966661,-2.276643049283768,-1.952747060924408,-0.14130307827618427,0.13907261117752637,0.03852383855401854,-0.08339,0.07801000000000001,0.02152,6.766448437995785e-05,0.0,-0.000950128273224644,2.229912667452193e-05,0.0,-0.00011199808936134155
636,6.360345399938524,step,0.8884418846810235,0.042383866043923316,3.8272999227046967,10.115999961271882,124371.0,124371.0,0.0,0.0,8.77,0.0002,1e-05,100.0,0.01,-0.01460947336091424,0.0,0.21710498426676245,-0.014584598890346929,0.0,0.2179930778672177,0.0,0.0,0.0,1.2348465693460655,0.0,0.5081925982343087,-1.189897419671935,0.0,-0.4131935851492469,0.80561559023638,0.0,0.2058810839286043,0.636946510966661,-2.276643049283768,-1.9512130801365222,-0.13780703896655172,0.14209802666431082,0.03856438609732813,-0.08070000000000001,0.07532,0.01883,-3.4091550881010645e-05,0.0,-0.000722132780738481,9.217080313698715e-06,0.0,-0.00016596081971676651
637,6.370348799973726,step,1.0626231157941612,0.06374037078373446,3.78509983420372,10.003400035202503,124371.0,124371.0,0.0,0.0,8.77,0.0002,1e-05,100.0,0.01,-0.014525387932532705,0.0,0.2169309515046317,-0.014557876024504302,0.0,0.2179930778672177,0.0,0.0,0.0,1.2233501871654977,0.0,0.5302865332630029,-1.1896872634298108,0.0,-0.41675783942056976,0.8003901577792252,0.0,0.21635405946785904,0.636946510966661,-2.276643049283768,-1.952747060924408,-0.138444692044971,0.14271022378483875,0.03991407971541053,-0.07801000000000001,0.08339,0.01614,5.218281438038691e-05,0.0,-0.0008850216256486773,-1.9694722408789247e-05,0.0,-0.00017710473693730825
638,6.380359400063753,step,1.0621665054621934,0.057509298390875055,3.78839997574687,10.010600090026855,124371.0,124371.0,0.0,0.0,8.77,0.0002,1e-05,100.0,0.01,-0.014525387932532705,0.0,0.2169309515046317,-0.014534622391132478,0.0,0.2179930778672177,0.0,0.0,0.0,1.220667711632552,0.0,0.5338511223348967,-1.1895361874787018,0.0,-0.42014591198991824,0.7998843767126828,0.0,0.21780962842588614,0.636946510966661,-2.276643049283768,-1.952747060924408,-0.13848570810827898,0.14285292580082715,0.04010692377642193,-0.08070000000000001,0.07801000000000001,0.01883,3.751289152480745e-05,0.0,-0.0008412748543968478,-2.8278432925034386e-05,0.0,-0.0002208515081891378
639,6.390465500066057,step,0.8931585184965429,0.03243837132289041,4.068400012329221,10.10610000230372,124371.0,124371.0,0.0,0.0,8.77,0.0002,1e-05,100.0,0.01,-0.01460947336091424,0.0,0.21710498426676245,-0.014514489699196161,0.0,0.2179930778672177,0.0,0.0,0.0,1.2272225504569765,0.0,0.5180534250809189,-1.189775227162173,0.0,-0.4226817618069035,0.8043888861199552,0.0,0.20990450222347418,0.636946510966661,-2.276643049283768,-1.9512130801365222,-0.13789331260770152,0.1425043917037123,0.039088154144415646,-0.07801000000000001,0.07532,0.02152,-5.935471297950408e-05,0.0,-0.0006296638108807594,-3.562894873857543e-05,0.0,-0.00025842978957448816
640,6.400436100084335,step,1.0624868652172166,0.05292642554144472,3.7017001304775476,9.970600018277764,124371.0,124371.0,0.0,0.0,8.77,0.0002,1e-05,100.0,0.01,-0.014525387932532705,0.0,0.2169309515046317,-0.014497712516384598,0.0,0.2179930778672177,0.0,0.0,0.0,1.2156360866078164,0.0,0.5397747097688086,-1.1896489903198872,0.0,-0.42593281538504374,0.7993491407481756,0.0,0.2202284097673489,0.636946510966661,-2.276643049283768,-1.952747060924408,-0.1385058117020857,0.1431110616168917,0.04041062256181664,-0.07801000000000001,0.07801000000000001,0.01883,3.1345220310312506e-05,0.0,-0.0008072523742052723,-5.9020636458419375e-05,0.0,-0.0002548739883807133
641,6.410219700075686,step,1.0629316533257802,0.04894707788809889,3.876799950376153,9.783599991351366,124371.0,124371.0,0.0,0.0,8.77,0.0002,1e-05,100.0,0.01,-0.014525387932532705,0.0,0.2169309515046317,-0.014484020197016483,0.0,0.2179930778672177,0.0,0.0,0.0,1.2130167293429617,0.0,0.5430260981592414,-1.1895645842478741,0.0,-0.4290604808391208,0.7990962273469151,0.0,0.22155604219130465,0.636946510966661,-2.276643049283768,-1.952747060924408,-0.13851041213444001,0.14325556042405152,0.04057507439762041,-0.07532,0.07532,0.01883,2.095843713191534e-05,0.0,-0.0007766145044486829,-6.232617264813667e-05,0.0,-0.00028551185813730266
642,6.420268600108102,step,0.7016644104195293,0.012333832805988416,3.796299919486046,10.048900032415986,124371.0,124371.0,0.0,0.0,8.77,0.0002,1e-05,100.0,0.01,-0.014503519456424085,0.0,0.21729209565013985,-0.014472586040996504,0.0,0.2179930778672177,0.0,0.0,0.0,1.20801970998789,0.0,0.5063404069245896,-1.1894266469481711,0.0,-0.4306250062823618,0.7951274456439499,0.0,0.20450118285467025,0.636946510966661,-2.2751090684958823,-1.9512130801365222,-0.1396314029711779,0.14081593868236944,0.039300095756327084,-0.08070000000000001,0.07801000000000001,0.01614,3.42505006455063e-05,0.0,-0.00038847925701774916,-6.518391607308787e-05,0.0,-0.0003125029600600954
643,6.4300824999809265,step,1.063912887360976,0.05187433054992321,3.979800036177039,9.81389987282455,124371.0,124371.0,0.0,0.0,8.77,0.0002,1e-05,100.0,0.01,-0.014525387932532705,0.0,0.2169309515046317,-0.014463758217357053,0.0,0.2179930778672177,0.0,0.0,0.0,1.2079504990844592,0.0,0.5477175941552553,-1.189420497037777,0.0,-0.43384600430915204,0.7990020260628716,0.0,0.223471653815052,0.636946510966661,-2.276643049283768,-1.952747060924408,-0.13847442999080692,0.14348268121736538,0.040797495111257666,-0.07532,0.08070000000000001,0.02152,1.5270525838477315e-06,0.0,-0.0007997894350065844,-6.315676775949962e-05,0.0,-0.00026233692757940115
644,6.440089700045064,step,1.0643331377743466,0.048294225209900114,3.9701000787317753,10.007200064137578,124371.0,124371.0,0.0,0.0,8.77,0.0002,1e-05,100.0,0.01,-0.014525387932532705,0.0,0.2169309515046317,-0.014456885245983566,0.0,0.2179930778672177,0.0,0.0,0.0,1.205705663289413,0.0,0.5509392870449897,-1.1894323808764484,0.0,-0.4369538498356154,0.7992908090589564,0.0,0.2247870474966828,0.636946510966661,-2.276643049283768,-1.952747060924408,-0.13839407528129227,0.1436629582173673,0.04093081864095863,-0.07801000000000001,0.08339,0.02152,-2.950814790227073e-06,0.0,-0.0007716931202763941,-6.555187175891145e-05,0.0,-0.00029043324230959143
645,6.450083400122821,step,1.0646655401346705,0.04547727111069642,3.959599882364273,9.99370007775724,124371.0,124371.0,0.0,0.0,8.77,0.0002,1e-05,100.0,0.01,-0.014525387932532705,0.0,0.2169309515046317,-0.014451901183726454,0.0,0.2179930778672177,0.0,0.0,0.0,1.2036808884523176,0.0,0.5540471325689019,-1.1894572490374513,0.0,-0.4399696143815818,0.7998134722563013,0.0,0.22605590688529878,0.636946510966661,-2.276643049283768,-1.952747060924408,-0.13827813492933036,0.14385365232301112,0.04104602419892101,-0.07801000000000001,0.07532,0.0269,-6.174885011660459e-06,0.0,-0.0007488289661371994,-6.731186379459026e-05,0.0,-0.00031329739644878616
646,6.460311000002548,step,0.902572856135894,0.025732527711847565,3.7388999480754137,10.227599879726768,124371.0,124371.0,0.0,0.0,8.77,0.0002,1e-05,100.0,0.01,-0.01460947336091424,0.0,0.21710498426676245,-0.014448453121615759,0.0,0.2179930778672177,0.0,0.0,0.0,1.2111497588418831,0.0,0.5378771273060076,-1.1898319562908781,0.0,-0.4422070459484903,0.8055404804923597,0.0,0.21798684812909058,0.636946510966661,-2.276643049283768,-1.9512130801365222,-0.13749674862690697,0.14357011956980048,0.03994242520094905,-0.07532,0.07801000000000001,0.024210000000000002,-9.304162871833754e-05,0.0,-0.0005555651117696893,-6.79786105801441e-05,0.0,-0.0003325284886855583
647,6.470031300093979,step,0.7033021944803278,0.012147951368167343,4.035599995404482,9.720300091430545,124371.0,124371.0,0.0,0.0,8.77,0.0002,1e-05,100.0,0.01,-0.014503519456424085,0.0,0.21729209565013985,-0.014446441368671653,0.0,0.2179930778672177,0.0,0.0,0.0,1.198401768783444,0.0,0.5194866371201806,-1.1897196075690484,0.0,-0.4437617060522869,0.798026393791546,0.0,0.20985523456676833,0.636946510966661,-2.2751090684958823,-1.9512130801365222,-0.1390320706541377,0.14166923462117667,0.03975004670779067,-0.07801000000000001,0.08070000000000001,0.02152,2.789673263024959e-05,0.0,-0.00038602964537726544,-8.497482038268198e-05,0.0,-0.00031495257170057915
648,6.48013689997606,step,0.9031317969719052,0.03235320125807638,3.893599845468998,10.105599882081151,124371.0,124371.0,0.0,0.0,8.77,0.0002,1e-05,100.0,0.01,-0.01460947336091424,0.0,0.21710498426676245,-0.014445349019233496,0.0,0.2179930778672177,0.0,0.0,0.0,1.2088272796703523,0.0,0.5416685241299282,-1.1900692805242952,0.0,-0.4462813030589497,0.8081632035911327,0.0,0.21952857325637998,0.636946510966661,-2.276643049283768,-1.9512130801365222,-0.1370423699005144,0.14393916647241228,0.039973864572953904,-0.07532,0.07801000000000001,0.02152,-8.682549103968063e-05,0.0,-0.0006256281592358628,-7.72988506410637e-05,0.0,-0.00026246544121938473
649,6.490025599952787,step,1.0651677556934886,0.052960307776476256,4.051299998536706,9.888699976727366,124371.0,124371.0,0.0,0.0,8.77,0.0002,1e-05,100.0,0.01,-0.014525387932532705,0.0,0.2169309515046317,-0.014444952009780698,0.0,0.2179930778672177,0.0,0.0,0.0,1.1991961894355614,0.0,0.5633742509654924,-1.1900258313483285,0.0,-0.44953555777000154,0.8052370981865257,0.0,0.22986313807322,0.636946510966661,-2.276643049283768,-1.952747060924408,-0.1373233000544319,0.1446910959532749,0.04118003208146352,-0.07801000000000001,0.07801000000000001,0.01883,1.0788641163059866e-05,0.0,-0.0008080472310358039,-9.122456391506684e-05,0.0,-0.0002540791315501817
650,6.500037600053474,step,0.7034294829525669,0.01424129024496104,3.9666001684963703,10.012000100687146,124371.0,124371.0,0.0,0.0,8.77,0.0002,1e-05,100.0,0.01,-0.014503519456424085,0.0,0.21729209565013985,-0.014444893789455213,0.0,0.2179930778672177,0.0,0.0,0.0,1.1964890150712708,0.0,0.5268154838889283,-1.1899165811631527,0.0,-0.4512196962577843,0.803467855159062,0.0,0.21283044465221845,0.636946510966661,-2.2751090684958823,-1.9512130801365222,-0.13809459752325162,0.1424083434001348,0.039791110392854205,-0.07532,0.07532,0.02152,2.7127350948160574e-05,0.0,-0.00041817975621639237,-8.575301791703272e-05,0.0,-0.0002828024608614522
651,6.510068699950352,step,0.8755062949455167,0.034017512191551684,4.6548000536859035,10.031099896878004,124371.0,124371.0,0.0,0.0,8.77,0.0002,1e-05,100.0,0.01,-0.014419701089781967,0.0,0.21711793410738597,-0.014444893789455213,0.0,0.2179930778672177,0.0,0.0,0.0,1.1871393929758545,0.0,0.5476988943656252,-1.1895066543910104,0.0,-0.45379563540298773,0.7984795109315492,0.0,0.2228187394438963,0.636946510966661,-2.2751090684958823,-1.952747060924408,-0.13870995133603997,0.14297565996737477,0.04107259368007671,-0.07801000000000001,0.07801000000000001,0.01883,0.00010178680606406714,0.0,-0.000639618185549344,-7.659410639082045e-05,0.0,-0.0002355255742823762
652,6.520037299953401,step,0.9032146359040036,0.036150672760430214,4.397599957883358,9.968600003048778,124371.0,124371.0,0.0,0.0,8.77,0.0002,1e-05,100.0,0.01,-0.01460947336091424,0.0,0.21710498426676245,-0.014444893789455213,0.0,0.2179930778672177,0.0,0.0,0.0,1.2076502341969417,0.0,0.551702788675655,-1.1899640808376706,0.0,-0.4564453326683337,0.8119245750644646,0.0,0.2236142710610379,0.636946510966661,-2.276643049283768,-1.9512130801365222,-0.13634084074183997,0.1446971971895135,0.0402317128063448,-0.07532,0.08070000000000001,0.024210000000000002,-0.00011358120566622531,0.0,-0.0006579326845789277,-5.0998365792802124e-05,0.0,-0.00023016091587631986
653,6.5300346000585705,step,1.0342357032452532,0.05535294798860601,4.203099990263581,9.997300105169415,124371.0,124371.0,0.0,0.0,8.77,0.0002,1e-05,100.0,0.01,-0.014283860763816617,0.0,0.2169714556990357,-0.014444893789455213,0.0,0.2179930778672177,0.0,0.0,0.0,1.1722117483020031,0.0,0.5690730056187121,-1.189042374021548,0.0,-0.4596423697564568,0.7891706515231671,0.0,0.23171708541918193,0.6384804917545466,-2.276643049283768,-1.952747060924408,-0.1408509582507238,0.14362743572811104,0.04241375185271867,-0.07801000000000001,0.07801000000000001,0.024210000000000002,0.0002288642736123937,0.0,-0.0007938398177018067,-6.78312479737969e-05,0.0,-0.0002277823504801892
654,6.540188299957663,step,0.7034294829525669,0.016362758576662723,3.983499947935343,10.153699899092317,124371.0,124371.0,0.0,0.0,8.77,0.0002,1e-05,100.0,0.01,-0.014503519456424085,0.0,0.21729209565013985,-0.014444893789455213,0.0,0.2179930778672177,0.0,0.0,0.0,1.1955050917258236,0.0,0.536922217995027,-1.1892100268337777,0.0,-0.4614436038472634,0.8027893442876,0.0,0.21695390116501947,0.636946510966661,-2.2751090684958823,-1.9512130801365222,-0.13809237506569166,0.1428641653860249,0.04029645800054203,-0.07532,0.07532,0.024210000000000002,-4.162900655486052e-05,0.0,-0.00044725516247410164,-1.6996660414011622e-05,0.0,-0.00025372705460374295
655,6.550029800040647,step,1.0651721537713592,0.05903562836929761,4.19300002977252,9.841500082984567,124371.0,124371.0,0.0,0.0,8.77,0.0002,1e-05,100.0,0.01,-0.014525387932532705,0.0,0.2169309515046317,-0.014444893789455213,0.0,0.2179930778672177,0.0,0.0,0.0,1.1980839980236702,0.0,0.5785361918206661,-1.1894650722209448,0.0,-0.4648702753407603,0.8068269909801513,0.0,0.2360535993495994,0.636946510966661,-2.276643049283768,-1.952747060924408,-0.13690879733243058,0.14555539155137448,0.04179480158809764,-0.07801000000000001,0.07801000000000001,0.01883,-6.33290068502979e-05,0.0,-0.0008508591545050063,-1.716513622719332e-05,0.0,-0.00021126720808097932
656,6.560318200150505,step,0.7034294829525669,0.016723103020926906,3.872800152748823,10.28840010985732,124371.0,124371.0,0.0,0.0,8.77,0.0002,1e-05,100.0,0.01,-0.014503519456424085,0.0,0.21729209565013985,-0.014444893789455213,0.0,0.2179930778672177,0.0,0.0,0.0,1.1959282546868342,0.0,0.5421502015119246,-1.189614039624063,0.0,-0.46669302856514194,0.8030649997955362,0.0,0.21908529847650932,0.636946510966661,-2.2751090684958823,-1.9512130801365222,-0.13799238927532212,0.14314310091576032,0.040523498801304556,-0.07532,0.08070000000000001,0.02152,-3.69893288301999e-05,0.0,-0.00045259846772937115,-2.163633813867224e-05,0.0,-0.00024838374934847343
657,6.570543700130656,step,0.8755062949455167,0.03622365135221069,4.280599998310208,10.225499980151653,124371.0,124371.0,0.0,0.0,8.77,0.0002,1e-05,100.0,0.01,-0.014419701089781967,0.0,0.21711793410738597,-0.014444893789455213,0.0,0.2179930778672177,0.0,0.0,0.0,1.1868368515522145,0.0,0.5631722267350012,-1.1894259573172627,0.0,-0.4693780528325017,0.7982652415204536,0.0,0.22913707051919577,0.636946510966661,-2.2751090684958823,-1.952747060924408,-0.13857679561962616,0.14373070815042077,0.04180141128922735,-0.07801000000000001,0.08070000000000001,0.02152,4.6701749159536997e-05,0.0,-0.0006667045505490659,-2.1509049486290303e-05,0.0,-0.0002084392092826543
658,6.580373600125313,step,0.7034294829525669,0.019748356771015885,3.8307998329401016,9.829899994656444,124371.0,124371.0,0.0,0.0,8.77,0.0002,1e-05,100.0,0.01,-0.014503519456424085,0.0,0.21729209565013985,-0.014444893789455213,0.0,0.2179930778672177,0.0,0.0,0.0,1.1958889364398972,0.0,0.5466576192649503,-1.1896432811173314,0.0,-0.47135351270810716,0.8030309616117403,0.0,0.22092361021884924,0.636946510966661,-2.2751090684958823,-1.9512130801365222,-0.13794903850065943,0.14336488220157004,0.04073414668400359,-0.07532,0.07532,0.02152,-5.396255378757226e-05,0.0,-0.000490516270003137,-4.663113181299882e-06,0.0,-0.00021046594707470757
659,6.590470399940386,step,0.9032146359040036,0.04292854593734673,6.832400104030967,10.09679981507361,124371.0,124371.0,0.0,0.0,8.77,0.0002,1e-05,100.0,0.01,-0.01460947336091424,0.0,0.21710498426676245,-0.014444893789455213,0.0,0.2179930778672177,0.0,0.0,0.0,1.207787022303446,0.0,0.5692603309722912,-1.1902801548697886,0.0,-0.4742136002960842,0.8119965988681617,0.0,0.230774283961485,0.636946510966661,-2.276643049283768,-1.9512130801365222,-0.13613896525905195,0.1455759059681141,0.04104038773804701,-0.07801000000000001,0.07532,0.024210000000000002,-0.0001581388421885344,0.0,-0.0007101736222847077,-6.440729270493033e-06,0.0,-0.0001779199781705398
660,6.600104399956763,step,0.7034294829525669,0.021329121275920942,4.193800035864115,9.634000016376376,124371.0,124371.0,0.0,0.0,8.77,0.0002,1e-05,100.0,0.01,-0.014503519456424085,0.0,0.21729209565013985,-0.014444893789455213,0.0,0.2179930778672177,0.0,0.0,0.0,1.1967434991305441,0.0,0.5514931916982789,-1.1903990751079114,0.0,-0.47627556106975305,0.8035972939093953,0.0,0.22289424385056866,0.636946510966661,-2.2751090684958823,-1.9512130801365222,-0.13780744701379974,0.14364432126206625,0.04092707075993429,-0.07263,0.08070000000000001,0.02152,-2.9528472004055455e-05,0.0,-0.0005119948626052724,-2.9097194964816687e-05,0.0,-0.00018898735447257222
661,6.61005389993079,step,0.9032146359040036,0.044338211544628456,4.01710020378232,9.949499974027276,124371.0,124371.0,0.0,0.0,8.77,0.0002,1e-05,100.0,0.01,-0.01460947336091424,0.0,0.21710498426676245,-0.014444893789455213,0.0,0.2179930778672177,0.0,0.0,0.0,1.2085428162752632,0.0,0.5741823793743637,-1.1909545118987177,0.0,-0.47920116054342415,0.8124995157923091,0.0,0.23278069075596508,0.636946510966661,-2.276643049283768,-1.9512130801365222,-0.13600631361703866,0.1458554390359396,0.04124057864156727,-0.07801000000000001,0.08070000000000001,0.024210000000000002,-0.00013791764956264373,0.0,-0.0007264405412985105,-2.6661921896383703e-05,0.0,-0.000161653059156737
662,6.620220300043002,step,0.9032146359040036,0.04226245560431205,3.9733999874442816,10.166400112211704,124371.0,124371.0,0.0,0.0,8.77,0.0002,1e-05,100.0,0.01,-0.01460947336091424,0.0,0.21710498426676245,-0.014444893789455213,0.0,0.2179930778672177,0.0,0.0,0.0,1.2090984569055894,0.0,0.5771083388639526,-1.1914360594839961,0.0,-0.4820683199467317,0.8128700370551064,0.0,0.23397329754497914,0.636946510966661,-2.276643049283768,-1.9512130801365222,-0.13591618298069405,0.14602653125215398,0.04135565410632346,-0.07263,0.07801000000000001,0.02152,-0.0001195706013959948,0.0,-0.0007119295883364037,-4.500897006303264e-05,0.0,-0.00017616401211884383
663,6.630234699929133,step,0.7034294829525669,0.021170703887426524,3.8276000414043665,10.014399886131287,124371.0,124371.0,0.0,0.0,8.77,0.0002,1e-05,100.0,0.01,-0.014503519456424085,0.0,0.21729209565013985,-0.014444893789455213,0.0,0.2179930778672177,0.0,0.0,0.0,1.197899403689363,0.0,0.559347911377,-1.1914285757689296,0.0,-0.48412600912916287,0.8043611129930576,0.0,0.22609565790721295,0.636946510966661,-2.2751090684958823,-1.9512130801365222,-0.13760207366018595,0.14408748192746398,0.041249010182815536,-0.07263,0.07801000000000001,0.02152,1.8582427542701308e-06,0.0,-0.0005109342057796043,-6.048390972314227e-05,0.0,-0.0001900480112982403
664,6.640220100060105,step,0.8755062949455167,0.04138413944933428,3.8954000920057297,9.985400130972266,124371.0,124371.0,0.0,0.0,8.77,0.0002,1e-05,100.0,0.01,-0.014419701089781967,0.0,0.21711793410738597,-0.014444893789455213,0.0,0.2179930778672177,0.0,0.0,0.0,1.1886513876382714,0.0,0.5806052073809729,-1.1911145102871608,0.0,-0.4869857627484504,0.7994742569765239,0.0,0.23625411023632878,0.636946510966661,-2.2751090684958823,-1.952747060924408,-0.1381982030392464,0.14468126492333364,0.04254298358389269,-0.08070000000000001,0.07801000000000001,0.02152,7.798398264440942e-05,0.0,-0.000710090696239024,-5.279128297116273e-05,0.0,-0.00016505306359269618
665,6.6502525000832975,step,0.8755062949455167,0.03955624699694269,3.797300159931183,10.032400023192167,124371.0,124371.0,0.0,0.0,8.77,0.0002,1e-05,100.0,0.01,-0.014419701089781967,0.0,0.21711793410738597,-0.014444893789455213,0.0,0.2179930778672177,0.0,0.0,0.0,1.1883371608945228,0.0,0.5834652960972048,-1.190893060717716,0.0,-0.48978972592359754,0.7992608311422996,0.0,0.23742216802802063,0.636946510966661,-2.2751090684958823,-1.952747060924408,-0.13820098304062026,0.1448088576902846,0.04268723123528077,-0.07801000000000001,0.08070000000000001,0.02152,5.498700233767491e-05,0.0,-0.0006962376583213669,-2.9794302664428215e-05,0.0,-0.00017890610151035334
666,6.660236299969256,step,0.8755062949455167,0.03804677861539559,3.823000006377697,9.983799885958433,124371.0,124371.0,0.0,0.0,8.77,0.0002,1e-05,100.0,0.01,-0.014419701089781967,0.0,0.21711793410738597,-0.014444893789455213,0.0,0.2179930778672177,0.0,0.0,0.0,1.1881157113553533,0.0,0.586269259270576,-1.190748983345631,0.0,-0.4925444668250132,0.7991098762936287,0.0,0.23856724440826416,0.636946510966661,-2.2751090684958823,-1.952747060924408,-0.13819452365633078,0.14493796029279732,0.042825451718814606,-0.07532,0.07801000000000001,0.02152,3.5775110403201076e-05,0.0,-0.0006840155289782196,-1.0582410729954382e-05,0.0,-0.00019112823085350064
667,6.670229299925268,step,0.7034294829525669,0.020462631199896917,3.832499962300062,9.992999956011772,124371.0,124371.0,0.0,0.0,8.77,0.0002,1e-05,100.0,0.01,-0.014503519456424085,0.0,0.21729209565013985,-0.014444893789455213,0.0,0.2179930778672177,0.0,0.0,0.0,1.1972119624767896,0.0,0.5698240333118452,-1.191008157197949,0.0,-0.4945507956002278,0.80388129315249,0.0,0.2303692603549661,0.636946510966661,-2.2751090684958823,-1.9512130801365222,-0.1375645199327692,0.1445753528202486,0.04176057161140917,-0.07532,0.08070000000000001,0.024210000000000002,-6.435412477428246e-05,0.0,-0.0004981811675201068,5.728457805410318e-06,0.0,-0.00020280104955773775
668,6.680091300047934,step,0.7034294829525669,0.022382451084207305,5.387900164350867,9.862000122666359,124371.0,124371.0,0.0,0.0,8.77,0.0002,1e-05,100.0,0.01,-0.014503519456424085,0.0,0.21729209565013985,-0.014444893789455213,0.0,0.2179930778672177,0.0,0.0,0.0,1.197471297620225,0.0,0.5718300269892079,-1.1912554331439094,0.0,-0.49665206779187526,0.8040522499393108,0.0,0.23118692056708298,0.636946510966661,-2.2751090684958823,-1.9512130801365222,-0.13751587342977875,0.14468686994425325,0.04184411308946253,-0.07532,0.07801000000000001,0.02959,-6.139981690935322e-05,0.0,-0.0005217560783877485,2.7741499404810763e-06,0.0,-0.00017922613869009608
669,6.690043600043282,step,0.8755062949455167,0.04159875351930296,3.9682001806795597,9.952299995347857,124371.0,124371.0,0.0,0.0,8.77,0.0002,1e-05,100.0,0.01,-0.014419701089781967,0.0,0.21711793410738597,-0.014444893789455213,0.0,0.2179930778672177,0.0,0.0,0.0,1.1884782451131333,0.0,0.5931312660382725,-1.1911524628226857,0.0,-0.4995346270396285,0.7993490980236655,0.0,0.2413689114410902,0.636946510966661,-2.2751090684958823,-1.952747060924408,-0.13808279881591853,0.14529582180076578,0.04313033123319521,-0.07801000000000001,0.07801000000000001,0.02152,2.556803026545513e-05,0.0,-0.0007157534444164007,-3.7533059220843664e-07,0.0,-0.00015939031541531954
670,6.700056999921799,step,0.8755062949455167,0.03948043990190691,3.9811001624912024,10.013399878516793,124371.0,124371.0,0.0,0.0,8.77,0.0002,1e-05,100.0,0.01,-0.014419701089781967,0.0,0.21711793410738597,-0.014444893789455213,0.0,0.2179930778672177,0.0,0.0,0.0,1.1883751135245022,0.0,0.5960141603985871,-1.1911034735195822,0.0,-0.5023441978304367,0.7992777079761719,0.0,0.24254613558950908,0.636946510966661,-2.2751090684958823,-1.952747060924408,-0.13806294925761486,0.14543433053669097,0.04326784585289366,-0.07532,0.07801000000000001,0.02152,1.2164281606056312e-05,0.0,-0.0006976300564923754,1.3028418067190382e-05,0.0,-0.0001775137033393448
671,6.710040400037542,step,0.7034294829525669,0.021386623254961094,3.8744001649320126,9.98340011574328,124371.0,124371.0,0.0,0.0,8.77,0.0002,1e-05,100.0,0.01,-0.014503519456424085,0.0,0.21729209565013985,-0.014444893789455213,0.0,0.2179930778672177,0.0,0.0,0.0,1.1975664526932848,0.0,0.5796237643418036,-1.1914373135451297,0.0,-0.5043852454752346,0.8041030679450083,0.0,0.234365254337323,0.636946510966661,-2.2751090684958823,-1.9512130801365222,-0.13742361771927,0.14507790201296125,0.04220232816218161,-0.07801000000000001,0.08070000000000001,0.024210000000000002,-8.289409779034091e-05,0.0,-0.0005068020312577002,2.426843082146877e-05,0.0,-0.0001941801858201444
672,6.720616600010544,step,0.7034294829525669,0.022916824773206057,4.092299845069647,10.576199973002076,124371.0,124371.0,0.0,0.0,8.77,0.0002,1e-05,100.0,0.01,-0.014503519456424085,0.0,0.21729209565013985,-0.014444893789455213,0.0,0.2179930778672177,0.0,0.0,0.0,1.197900454000827,0.0,0.5816644768797484,-1.1917415537071896,0.0,-0.5065043969276869,0.8043241615408178,0.0,0.23519694783487596,0.636946510966661,-2.2751090684958823,-1.9512130801365222,-0.13736668809266708,0.1451945978402925,0.042284728343675734,-0.07532,0.07801000000000001,0.02152,-7.554430809837629e-05,0.0,-0.0005261955855773133,1.6918641129504144e-05,0.0,-0.00017478663150053125
673,6.730219300137833,step,0.8755062949455167,0.041678421457656156,4.222300136461854,9.6027001272887,124371.0,124371.0,0.0,0.0,8.77,0.0002,1e-05,100.0,0.01,-0.014419701089781967,0.0,0.21711793410738597,-0.014444893789455213,0.0,0.2179930778672177,0.0,0.0,0.0,1.188964365701899,0.0,0.6029835951820846,-1.1916803218246275,0.0,-0.5093909060560441,0.7996694203871166,0.0,0.2453915114808981,0.636946510966661,-2.2751090684958823,-1.952747060924408,-0.13792603437613057,0.14580803799031095,0.04356934051638146,-0.07532,0.08070000000000001,0.02152,1.5204173473999107e-05,0.0,-0.0007167342189310922,9.988526199247586e-06,0.0,-0.00015840954090062798
674,6.740244500106201,step,0.8755062949455167,0.03926266731711839,4.319399828091264,10.025199968367815,124371.0,124371.0,0.0,0.0,8.77,0.0002,1e-05,100.0,0.01,-0.014419701089781967,0.0,0.21711793410738597,-0.014444893789455213,0.0,0.2179930778672177,0.0,0.0,0.0,1.1889029725451188,0.0,0.6058704394167727,-1.191660085857176,0.0,-0.5121930702141628,0.7996261145109871,0.0,0.2465703196429855,0.636946510966661,-2.2751090684958823,-1.952747060924408,-0.13790171639958793,0.14594867726727395,0.0437054979169806,-0.07801000000000001,0.08070000000000001,0.01883,5.0246888822374865e-06,0.0,-0.000695790953666229,2.0168010791009207e-05,0.0,-0.00017935280616549116
675,6.7502431001048535,step,0.7034294829525669,0.021112097859798173,3.846599953249097,9.998599998652935,124371.0,124371.0,0.0,0.0,8.77,0.0002,1e-05,100.0,0.01,-0.014503519456424085,0.0,0.21729209565013985,-0.014444893789455213,0.0,0.2179930778672177,0.0,0.0,0.0,1.1981230650437529,0.0,0.5894726367222182,-1.1920117095755336,0.0,-0.5142176146895073,0.8044606393044665,0.0,0.2383809484094098,0.636946510966661,-2.2751090684958823,-1.9512130801365222,-0.13726076575918136,0.1455922454678389,0.04263891395677091,-0.07532,0.08070000000000001,0.02152,-8.730987498319201e-05,0.0,-0.0005027042142261217,2.8684208014319865e-05,0.0,-0.00019827800285172285
676,6.760223200079054,step,0.8755062949455167,0.03922570141965715,4.84459986910224,9.98009997420013,124371.0,124371.0,0.0,0.0,8.77,0.0002,1e-05,100.0,0.01,-0.014419701089781967,0.0,0.21711793410738597,-0.014444893789455213,0.0,0.2179930778672177,0.0,0.0,0.0,1.189234521580281,0.0,0.6106968129247681,-1.1919851427967734,0.0,-0.517018406450813,0.799845890999584,0.0,0.24854081156185254,0.636946510966661,-2.2751090684958823,-1.952747060924408,-0.13781501587601513,0.14620392616385233,0.04391710845901077,-0.07532,0.08070000000000001,0.01883,6.596660040719416e-06,0.0,-0.0006954501808801079,1.8596039632527277e-05,0.0,-0.00017969357895161232
677,6.77020959998481,step,0.7034294829525669,0.020984154608742873,3.8812998682260513,9.986399905756116,124371.0,124371.0,0.0,0.0,8.77,0.0002,1e-05,100.0,0.01,-0.014503519456424085,0.0,0.21729209565013985,-0.014444893789455213,0.0,0.2179930778672177,0.0,0.0,0.0,1.1984481219916667,0.0,0.5942979729350689,-1.192328151247003,0.0,-0.5190381034886926,0.804671021082186,0.0,0.2403483009383426,0.636946510966661,-2.2751090684958823,-1.9512130801365222,-0.13717542741157784,0.14584666525258766,0.042850883893554306,-0.07532,0.08070000000000001,0.02152,-8.517066211464711e-05,0.0,-0.0005015005719888234,2.654499514577497e-05,0.0,-0.0001994816450890212
678,6.780274300137535,step,0.8755062949455167,0.03901664746506484,3.9446998853236437,10.064700152724981,124371.0,124371.0,0.0,0.0,8.77,0.0002,1e-05,100.0,0.01,-0.014419701089781967,0.0,0.21711793410738597,-0.014444893789455213,0.0,0.2179930778672177,0.0,0.0,0.0,1.1895509632479024,0.0,0.6155173017217852,-1.192291248204299,0.0,-0.5218313037426042,0.8000555054020406,0.0,0.2505089110447128,0.636946510966661,-2.2751090684958823,-1.952747060924408,-0.13772998028691008,0.14645818247572784,0.04412900362669771,-0.07532,0.08070000000000001,0.024210000000000002,9.16320451878039e-06,0.0,-0.0006935651727680243,1.6029495154466303e-05,0.0,-0.0001815785870636959
679,6.790190099971369,step,0.7034294829525669,0.020749666859176223,3.9549998473376036,9.915799833834171,124371.0,124371.0,0.0,0.0,8.77,0.0002,1e-05,100.0,0.01,-0.014503519456424085,0.0,0.21729209565013985,-0.014444893789455213,0.0,0.2179930778672177,0.0,0.0,0.0,1.1987542273945702,0.0,0.5991108702234675,-1.192622682629434,0.0,-0.5238412999101804,0.8048686834030478,0.0,0.24231061252083985,0.636946510966661,-2.2751090684958823,-1.9512130801365222,-0.13709222969654924,0.14609959068362968,0.04306297518903726,-0.08339,0.08339,0.024210000000000002,-8.229677553838862e-05,0.0,-0.0004990917988338761,2.367110856951648e-05,0.0,-0.00020189041824396846
680,6.800204900093377,step,0.7034294829525669,0.02198360878671585,3.9289998821914196,10.014800122007728,124371.0,124371.0,0.0,0.0,8.77,0.0002,1e-05,100.0,0.01,-0.014503519456424085,0.0,0.21729209565013985,-0.014444893789455213,0.0,0.2179930778672177,0.0,0.0,0.0,1.1990858230840526,0.0,0.6011205313008022,-1.1929128016155128,0.0,-0.5259179685720664,0.805088212184806,0.0,0.2431296464623768,0.636946510966661,-2.2751090684958823,-1.9512130801365222,-0.13703588250802384,0.14621463476896732,0.04314402289588346,-0.08070000000000001,0.07532,0.024210000000000002,-7.203795160094514e-05,0.0,-0.0005156469025970955,1.3412284632072997e-05,0.0,-0.00018533531448074907
681,6.810222300002351,step,0.8755062949455167,0.04023342482806735,3.8163999561220407,10.017399908974767,124371.0,124371.0,0.0,0.0,8.77,0.0002,1e-05,100.0,0.01,-0.014419701089781967,0.0,0.21711793410738597,-0.014444893789455213,0.0,0.2179930778672177,0.0,0.0,0.0,1.1901356136038979,0.0,0.6223971668074604,-1.1928281634072078,0.0,-0.5287533735412566,0.8004441829553748,0.0,0.2533177167175976,0.636946510966661,-2.2751090684958823,-1.952747060924408,-0.13759450992765399,0.14682722480665428,0.04442651389136192,-0.07263,0.08339,0.0269,2.101607769931118e-05,0.0,-0.0007040448083053538,4.176621973935512e-06,0.0,-0.00017109895152636644
682,6.820129100000486,step,0.7034294829525669,0.021215922858196734,4.036199999973178,9.906799998134375,124371.0,124371.0,0.0,0.0,8.77,0.0002,1e-05,100.0,0.01,-0.014503519456424085,0.0,0.21729209565013985,-0.014444893789455213,0.0,0.2179930778672177,0.0,0.0,0.0,1.1992911425761295,0.0,0.6060329400409974,-1.1931167718069735,0.0,-0.5307929543225016,0.8052179518205225,0.0,0.24513271154251942,0.636946510966661,-2.2751090684958823,-1.9512130801365222,-0.13696232234470834,0.1464678312007439,0.04336444832760204,-0.07263,0.08070000000000001,0.024210000000000002,-7.16628656916149e-05,0.0,-0.000506437801921835,1.303719872274276e-05,0.0,-0.00019454441515600956
683,6.830231500091031,step,0.8755062949455167,0.03926166683312681,3.7776001263409853,10.102400090545416,124371.0,124371.0,0.0,0.0,8.77,0.0002,1e-05,100.0,0.01,-0.014419701089781967,0.0,0.21711793410738597,-0.014444893789455213,0.0,0.2179930778672177,0.0,0.0,0.0,1.1903395837835258,0.0,0.6272721525644919,-1.193029277078878,0.0,-0.5335937895620652,0.8005780746907609,0.0,0.2553081462185639,0.636946510966661,-2.2751090684958823,-1.952747060924408,-0.13752081963649368,0.14707897767536265,0.04464508753784664,-0.07801000000000001,0.07801000000000001,0.02152,2.172536542012369e-05,0.0,-0.0006954609767424438,3.467334253123002e-06,0.0,-0.00017968278308927639
684,6.840343600139022,step,0.8755062949455167,0.036812734735549274,3.667399985715747,10.11210004799068,124371.0,124371.0,0.0,0.0,8.77,0.0002,1e-05,100.0,0.01,-0.014419701089781967,0.0,0.21711793410738597,-0.014444893789455213,0.0,0.2179930778672177,0.0,0.0,0.0,1.1902519277876222,0.0,0.6300733228844718,-1.1929745580741096,0.0,-0.5363066391298862,0.8005171549943401,0.0,0.2564519898538175,0.636946510966661,-2.2751090684958823,-1.952747060924408,-0.13750020166626428,0.14721414165724972,0.0447782406552336,-0.08070000000000001,0.07801000000000001,0.02152,1.3586994324054152e-05,0.0,-0.0006736137076332203,1.1605705349192541e-05,0.0,-0.00020153005219849987
685,6.850209499942139,step,0.8755062949455167,0.0348232717401762,4.060500068590045,9.865899803116918,124371.0,124371.0,0.0,0.0,8.77,0.0002,1e-05,100.0,0.01,-0.014419701089781967,0.0,0.21711793410738597,-0.014444893789455213,0.0,0.2179930778672177,0.0,0.0,0.0,1.190197208786352,0.0,0.6327861724361129,-1.1929461362506795,0.0,-0.5389455492359694,0.8004784604432545,0.0,0.2575597473244885,0.636946510966661,-2.2751090684958823,-1.952747060924408,-0.13747703400022346,0.14734644219642468,0.04490608187766165,-0.07532,0.08877,0.02152,7.057276631016681e-06,0.0,-0.000655254180605834,1.8135423042230012e-05,0.0,-0.00021988957922588624
686,6.860358899924904,step,0.7034294829525669,0.018076025271944886,4.079699981957674,10.149399982765317,124371.0,124371.0,0.0,0.0,8.77,0.0002,1e-05,100.0,0.01,-0.014503519456424085,0.0,0.21729209565013985,-0.014444893789455213,0.0,0.2179930778672177,0.0,0.0,0.0,1.1994091154335886,0.0,0.616225115670988,-1.1932777790716773,0.0,-0.5408177720041435,0.8052800622218126,0.0,0.24928915402409701,0.636946510966661,-2.2751090684958823,-1.9512130801365222,-0.13684236146018044,0.14697889987409077,0.04383313855691211,-0.07801000000000001,0.08070000000000001,0.024210000000000002,-8.234852124208288e-05,0.0,-0.0004648819954281665,2.372285427321074e-05,0.0,-0.0002361002216496781
687,6.8705462999641895,step,0.7034294829525669,0.019500474172366947,3.518400015309453,10.187400039285421,124371.0,124371.0,0.0,0.0,8.77,0.0002,1e-05,100.0,0.01,-0.014503519456424085,0.0,0.21729209565013985,-0.014444893789455213,0.0,0.2179930778672177,0.0,0.0,0.0,1.199740919526385,0.0,0.6180970033331301,-1.1935613943387509,0.0,-0.5427721663386513,0.805499963588031,0.0,0.2500519999340135,0.636946510966661,-2.2751090684958823,-1.9512130801365222,-0.1367874446613611,0.14708711902266824,0.04390778423820223,-0.07532,0.08608,0.02152,-7.042304662261995e-05,0.0,-0.00048528559396035953,1.1797379653747807e-05,0.0,-0.00021569662311748505
688,6.880250399932265,step,0.8755062949455167,0.03724467408384738,3.8238000124692917,9.704099968075752,124371.0,124371.0,0.0,0.0,8.77,0.0002,1e-05,100.0,0.01,-0.014419701089781967,0.0,0.21711793410738597,-0.014444893789455213,0.0,0.2179930778672177,0.0,0.0,0.0,1.1907842063242282,0.0,0.6392513645193418,-1.1934649085044038,0.0,-0.5454997339914401,0.8008690037268599,0.0,0.26019923072577167,0.636946510966661,-2.2751090684958823,-1.952747060924408,-0.13734574301221825,0.14769498287764396,0.04518427301605067,-0.07532,0.08070000000000001,0.02152,2.395790071797155e-05,0.0,-0.0006772682795276477,1.2347989552751436e-06,0.0,-0.00019787548030407247
689,6.8902134001255035,step,0.7034294829525669,0.019288619470101707,4.16940008290112,9.963000193238258,124371.0,124371.0,0.0,0.0,8.77,0.0002,1e-05,100.0,0.01,-0.014503519456424085,0.0,0.21729209565013985,-0.014444893789455213,0.0,0.2179930778672177,0.0,0.0,0.0,1.1999278876680235,0.0,0.6227793004429334,-1.193737516567561,0.0,-0.5474448326362193,0.8056177545627065,0.0,0.2519612503093441,0.636946510966661,-2.2751090684958823,-1.9512130801365222,-0.1367182563221649,0.1473280507026156,0.04411820627167886,-0.07532,0.08339,0.024210000000000002,-6.768990449459319e-05,0.0,-0.00048297742910767685,9.06423752572105e-06,0.0,-0.00021800478797016773
690,6.900248399935663,step,0.7034294829525669,0.02053905523495851,3.683099988847971,10.034999810159206,124371.0,124371.0,0.0,0.0,8.77,0.0002,1e-05,100.0,0.01,-0.014503519456424085,0.0,0.21729209565013985,-0.014444893789455213,0.0,0.2179930778672177,0.0,0.0,0.0,1.2002006569958625,0.0,0.6247240639978057,-1.1939703212653932,0.0,-0.5494581912778078,0.8057978459929916,0.0,0.25275391657228596,0.636946510966661,-2.2751090684958823,-1.9512130801365222,-0.13666883087225734,0.147437152243269,0.044198410666712845,-0.07263,0.08339,0.024210000000000002,-5.780653579960008e-05,0.0,-0.0004999267174423875,-8.191311692720655e-07,0.0,-0.00020105549963545704
691,6.910195400007069,step,0.7034294829525669,0.021604630132924383,4.003099864348769,9.947000071406364,124371.0,124371.0,0.0,0.0,8.77,0.0002,1e-05,100.0,0.01,-0.014503519456424085,0.0,0.21729209565013985,-0.014444893789455213,0.0,0.2179930778672177,0.0,0.0,0.0,1.2004334616870478,0.0,0.6267374226467541,-1.1941698935639697,0.0,-0.5515272724565502,0.8059509548767979,0.0,0.2535746251847626,0.636946510966661,-2.2751090684958823,-1.9512130801365222,-0.13662291983394814,0.1475478065967067,0.04428327204893642,-0.07801000000000001,0.08339,0.02152,-4.9554769855152704e-05,0.0,-0.0005137628937258707,-9.070897113719438e-06,0.0,-0.00018721932335197386
692,6.9200619999319315,step,0.7034294829525669,0.022488660919220083,4.312900127843022,9.866599924862385,124371.0,124371.0,0.0,0.0,8.77,0.0002,1e-05,100.0,0.01,-0.014503519456424085,0.0,0.21729209565013985,-0.014444893789455213,0.0,0.2179930778672177,0.0,0.0,0.0,1.2006330339707516,0.0,0.6288065038504215,-1.1943420699184644,0.0,-0.5536410575654951,0.80608162877272,0.0,0.2544181150211416,0.636946510966661,-2.2751090684958823,-1.9512130801365222,-0.13657994507678206,0.14765968683274097,0.04437194478507382,-0.07801000000000001,0.08339,0.024210000000000002,-4.2752224042785456e-05,0.0,-0.0005248630964524375,-1.5873442926086686e-05,0.0,-0.0001761191206254071
693,6.930064500076696,step,0.7034294829525669,0.023200619861769915,4.388400120660663,10.002500144764781,124371.0,124371.0,0.0,0.0,8.77,0.0002,1e-05,100.0,0.01,-0.014503519456424085,0.0,0.21729209565013985,-0.014444893789455213,0.0,0.2179930778672177,0.0,0.0,0.0,1.2008052103129938,0.0,0.6309202889793706,-1.1944920019664071,0.0,-0.5557899280486451,0.8061938099214544,0.0,0.25527988254132505,0.636946510966661,-2.2751090684958823,-1.9512130801365222,-0.1365394039060007,0.1477725165228799,0.04446370230907208,-0.07263,0.08608,0.024210000000000002,-3.722885481957824e-05,0.0,-0.000533574965065584,-2.1396812149293905e-05,0.0,-0.00016740725201226062
694,6.9404124999418855,step,0.7034294829525669,0.02375399492167494,3.912499872967601,10.347999865189195,124371.0,124371.0,0.0,0.0,8.77,0.0002,1e-05,100.0,0.01,-0.014503519456424085,0.0,0.21729209565013985,-0.014444893789455213,0.0,0.2179930778672177,0.0,0.0,0.0,1.2009551423509817,0.0,0.6330691594782194,-1.1946242072883069,0.0,-0.5579655476700855,0.8062909778152336,0.0,0.25615599634842157,0.636946510966661,-2.2751090684958823,-1.9512130801365222,-0.13650085148108682,0.14788605699111418,0.04455790828228243,-0.07801000000000001,0.08070000000000001,0.02152,-3.2827222751309e-05,0.0,-0.0005402169058622482,-2.5798444217563144e-05,0.0,-0.00016076531121559637
695,6.950075099943206,step,0.7034294829525669,0.024164618526790138,4.015100188553333,9.662600001320243,124371.0,124371.0,0.0,0.0,8.77,0.0002,1e-05,100.0,0.01,-0.014503519456424085,0.0,0.21729209565013985,-0.014444893789455213,0.0,0.2179930778672177,0.0,0.0,0.0,1.2010873476649455,0.0,0.6352447791116279,-1.194742620258439,0.0,-0.5601607474500288,0.8063761835286187,0.0,0.25704304907983966,0.636946510966661,-2.2751090684958823,-1.9512130801365222,-0.1364638966736923,0.14800010382273593,0.04465400925648638,-0.07801000000000001,0.07801000000000001,0.02152,-2.940251490122659e-05,0.0,-0.0005450787542011859,-2.9223152067645552e-05,0.0,-0.00015590346287665865
696,6.960224099922925,step,0.7034294829525669,0.024449394850415904,3.7533000577241182,10.14899997971952,124371.0,124371.0,0.0,0.0,8.77,0.0002,1e-05,100.0,0.01,-0.014503519456424085,0.0,0.21729209565013985,-0.014444893789455213,0.0,0.2179930778672177,0.0,0.0,0.0,1.2012057606289073,0.0,0.6374399789003286,-1.1948506421919534,0.0,-0.5623694145213555,0.8064520840978159,0.0,0.2579381103953198,0.636946510966661,-2.2751090684958823,-1.9512130801365222,-0.13642819788883598,0.14811448351025733,0.04475152745886231,-0.07801000000000001,0.07801000000000001,0.0269,-2.682237010240957e-05,0.0,-0.0005484227479811121,-3.180329686646257e-05,0.0,-0.00015255946909673251
697,6.970229099970311,step,0.7034294829525669,0.02462535912108144,3.7742999847978354,10.005000047385693,124371.0,124371.0,0.0,0.0,8.77,0.0002,1e-05,100.0,0.01,-0.014503519456424085,0.0,0.21729209565013985,-0.014444893789455213,0.0,0.2179930778672177,0.0,0.0,0.0,1.2013137825577735,0.0,0.6396486459776842,-1.1949511901552674,0.0,-0.5645863858633646,0.8065209764203218,0.0,0.25883868156504936,0.636946510966661,-2.2751090684958823,-1.9512130801365222,-0.13639345891938254,0.14822905026124278,0.04485005378485332,-0.07532,0.08070000000000001,0.02152,-2.4966547045699055e-05,0.0,-0.0005504847386752884,-3.365911992317309e-05,0.0,-0.00015049747840255616
698,6.980203100014478,step,0.7034294829525669,0.024709008126148742,3.8874000310897827,9.974000044167042,124371.0,124371.0,0.0,0.0,8.77,0.0002,1e-05,100.0,0.01,-0.014503519456424085,0.0,0.21729209565013985,-0.014444893789455213,0.0,0.2179930778672177,0.0,0.0,0.0,1.2014143305177447,0.0,0.6418656173234124,-1.1950467439468073,0.0,-0.5668073476140826,0.8065848302477344,0.0,0.25974265204907215,0.636946510966661,-2.2751090684958823,-1.9512130801365222,-0.13635942489083627,0.1483436829862076,0.04494924106667321,-0.07532,0.08070000000000001,0.02152,-2.3726469967634744e-05,0.0,-0.0005514755765150298,-3.48991970012374e-05,0.0,-0.0001495066405628148
699,6.990236300043762,step,0.7034294829525669,0.0247158478069088,3.8751999381929636,10.033200029283762,124371.0,124371.0,0.0,0.0,8.77,0.0002,1e-05,100.0,0.01,-0.014503519456424085,0.0,0.21729209565013985,-0.014444893789455213,0.0,0.2179930778672177,0.0,0.0,0.0,1.2015098843070506,0.0,0.6440865790759158,-1.195139390876287,0.0,-0.5690287404446823,0.8066453199391256,0.0,0.26064825835489003,0.636946510966661,-2.2751090684958823,-1.9512130801365222,-0.13632587834132806,0.14845828247855933,0.04504879766817998,-0.07532,0.08070000000000001,0.024210000000000002,-2.300468201698391e-05,0.0,-0.0005515826157408252,-3.562098495188823e-05,0.0,-0.0001493996013370194
700,7.000240900088102,step,0.7034294829525669,0.024660110993636613,3.7501000333577394,10.004600044339895,124371.0,124371.0,0.0,0.0,8.77,0.0002,1e-05,100.0,0.01,-0.014503519456424085,0.0,0.21729209565013985,-0.014444893789455213,0.0,0.2179930778672177,0.0,0.0,0.0,1.201602531235227,0.0,0.6463079719067073,-1.1952308680746353,0.0,-0.5712476712955449,0.8067038547242225,0.0,0.2615540453710632,0.636946510966661,-2.2751090684958823,-1.9512130801365222,-0.13629263547112044,0.1485727687933557,0.04514848144226328,-0.07532,0.08608,0.02152,-2.2714232102719517e-05,0.0,-0.0005509712942291133,-3.5911434866152625e-05,0.0,-0.00015001092284873125
701,7.010237900074571,step,0.7034294829525669,0.024554605412694653,4.313900135457516,9.996999986469746,124371.0,124371.0,0.0,0.0,8.77,0.0002,1e-05,100.0,0.01,-0.014503519456424085,0.0,0.21729209565013985,-0.014444893789455213,0.0,0.2179930778672177,0.0,0.0,0.0,1.2016940084330543,0.0,0.6485269027564687,-1.195322602155045,0.0,-0.5734618316196927,0.8067616072958067,0.0,0.262458830299422,0.636946510966661,-2.2751090684958823,-1.9512130801365222,-0.13625954258687606,0.14868707882733787,0.04524809407452356,-0.07801000000000001,0.08339,0.01883,-2.277801716468612e-05,0.0,-0.000549786749304172,-3.584764980418602e-05,0.0,-0.00015119546777367257
702,7.020222499966621,step,0.7034294829525669,0.02441065879081145,3.8145999424159527,9.984599892050028,124371.0,124371.0,0.0,0.0,8.77,0.0002,1e-05,100.0,0.01,-0.014503519456424085,0.0,0.21729209565013985,-0.014444893789455213,0.0,0.2179930778672177,0.0,0.0,0.0,1.20178574251358,0.0,0.650741063078485,-1.1954157461200192,0.0,-0.5756694221523665,0.806819540610361,0.0,0.2633616692456298,0.636946510966661,-2.2751090684958823,-1.9512130801365222,-0.13622647275819547,0.14880116409915634,0.04534747582662754,-0.07532,0.08070000000000001,0.024210000000000002,-2.3128098341394726e-05,0.0,-0.0005481554382113444,-3.5497568627477416e-05,0.0,-0.00015282677886650016
703,7.030225600115955,step,0.8755062949455167,0.04249067132722102,3.8327998481690884,10.003100149333477,124371.0,124371.0,0.0,0.0,8.77,0.0002,1e-05,100.0,0.01,-0.014419701089781967,0.0,0.21711793410738597,-0.014444893789455213,0.0,0.2179930778672177,0.0,0.0,0.0,1.1926385580202892,0.0,0.6721486204463396,-1.1951717904485393,0.0,-0.5785743524261936,0.8020941371534317,0.0,0.27363066696843263,0.636946510966661,-2.2751090684958823,-1.952747060924408,-0.1367977854819234,0.14941600300558958,0.04664160769794353,-0.07263,0.08339,0.024210000000000002,6.057537664932667e-05,0.0,-0.000721308278711639,-3.538267697607998e-05,0.0,-0.00015383548112008123
704,7.040229300037026,step,0.7034294829525669,0.021313691325732118,4.296099999919534,10.00369992107153,124371.0,124371.0,0.0,0.0,8.77,0.0002,1e-05,100.0,0.01,-0.014503519456424085,0.0,0.21729209565013985,-0.014444893789455213,0.0,0.2179930778672177,0.0,0.0,0.0,1.2016347695461784,0.0,0.6558539189570528,-1.195334053924411,0.0,-0.5806326062563963,0.8067094193155064,0.0,0.2654470832415927,0.636946510966661,-2.2751090684958823,-1.9512130801365222,-0.13618857821768482,0.14904781097314057,0.04559033961775752,-0.07263,0.07801000000000001,0.024210000000000002,-4.029080819371731e-05,0.0,-0.0005110744105603914,-1.8334858775154834e-05,0.0,-0.0001899078065174532
705,7.050248000072315,step,0.8755062949455167,0.038757412031403475,3.972700098529458,10.01870003528893,124371.0,124371.0,0.0,0.0,8.77,0.0002,1e-05,100.0,0.01,-0.014419701089781967,0.0,0.21711793410738597,-0.014444893789455213,0.0,0.2179930778672177,0.0,0.0,0.0,1.192556865844434,0.0,0.6771118045067502,-1.1951488837546786,0.0,-0.5834105901322534,0.802035738228782,0.0,0.2756573070853344,0.636946510966661,-2.2751090684958823,-1.952747060924408,-0.13675344697369582,0.14965890156047923,0.046874814734810186,-0.07263,0.08339,0.024210000000000002,4.597865139892054e-05,0.0,-0.0006897868722829275,-2.0785951725673848e-05,0.0,-0.00018535688754879273
706,7.0600465999450535,step,0.8755062949455167,0.03537102327255271,4.079499980434775,9.798599872738123,124371.0,124371.0,0.0,0.0,8.77,0.0002,1e-05,100.0,0.01,-0.014419701089781967,0.0,0.21711793410738597,-0.014444893789455213,0.0,0.2179930778672177,0.0,0.0,0.0,1.1923715344197183,0.0,0.6798901234444442,-1.195021231223291,0.0,-0.586067262766535,0.8019091059196644,0.0,0.2767918873940998,0.636946510966661,-2.2751090684958823,-1.952747060924408,-0.1367434312240409,0.1497884033391384,0.04701051285231994,-0.08070000000000001,0.08339,0.024210000000000002,3.169674278175317e-05,0.0,-0.0006596647025229327,-6.504043108506474e-06,0.0,-0.00021547905730878746
707,7.070101700024679,step,0.7034294829525669,0.017472552653478465,3.916800022125244,10.055100079625845,124371.0,124371.0,0.0,0.0,8.77,0.0002,1e-05,100.0,0.01,-0.014503519456424085,0.0,0.21729209565013985,-0.014444893789455213,0.0,0.2179930778672177,0.0,0.0,0.0,1.2014842103618062,0.0,0.6633468292095078,-1.1952804777490627,0.0,-0.5879185600872188,0.8065955600280335,0.0,0.26850314630691424,0.636946510966661,-2.2751090684958823,-1.9512130801365222,-0.1361255478863755,0.14941254536444562,0.04594365128515952,-0.07532,0.07801000000000001,0.0269,-6.437216994536037e-05,0.0,-0.000459686105307673,5.746502976488227e-06,0.0,-0.00024129611177017157
708,7.080180000048131,step,0.8755062949455167,0.03405551735777478,3.8067998830229044,10.078300023451447,124371.0,124371.0,0.0,0.0,8.77,0.0002,1e-05,100.0,0.01,-0.014419701089781967,0.0,0.21711793410738597,-0.014444893789455213,0.0,0.2179930778672177,0.0,0.0,0.0,1.1925032897124896,0.0,0.6843977582449771,-1.195175141277103,0.0,-0.5905262425255594,0.8019946559249257,0.0,0.278632368788015,0.636946510966661,-2.2751090684958823,-1.952747060924408,-0.13668132204067945,0.15001855128039795,0.047214713980390274,-0.07263,0.08339,0.0269,2.6155556971317093e-05,0.0,-0.0006475001992209647,-9.62857298070399e-07,0.0,-0.00022764356061075555
709,7.090194799937308,step,0.7034294829525669,0.016824844527729584,4.028500057756901,10.014799889177084,124371.0,124371.0,0.0,0.0,8.77,0.0002,1e-05,100.0,0.01,-0.014503519456424085,0.0,0.21729209565013985,-0.014444893789455213,0.0,0.2179930778672177,0.0,0.0,0.0,1.2016381204367692,0.0,0.6678058089234306,-1.1954516184722346,0.0,-0.5923396727740438,0.8066915040770156,0.0,0.27032137766429143,0.636946510966661,-2.2751090684958823,-1.9512130801365222,-0.13606221914368025,0.14964086854473288,0.04614492743750307,-0.07532,0.08339,0.0269,-6.865062873285285e-05,0.0,-0.0004502835275886417,1.002496176398071e-05,0.0,-0.00025069868948920286
710,7.100203100126237,step,0.8755062949455167,0.0333096639567223,4.057399928569794,10.008300188928843,124371.0,124371.0,0.0,0.0,8.77,0.0002,1e-05,100.0,0.01,-0.014419701089781967,0.0,0.21711793410738597,-0.014444893789455213,0.0,0.2179930778672177,0.0,0.0,0.0,1.1926744304433627,0.0,0.6888188709148559,-1.1953591254021765,0.0,-0.5949190870143968,0.802106769162585,0.0,0.2804374939916646,0.636946510966661,-2.2751090684958823,-1.952747060924408,-0.13661596011548252,0.1502462240068037,0.04741344864554012,-0.07532,0.07801000000000001,0.0269,2.2966477976230952e-05,0.0,-0.0006404810685325426,2.2262216970157415e-06,0.0,-0.00023466269129917758
711,7.11019519995898,step,0.7034294829525669,0.016488767704325998,4.951899871230125,9.992099832743406,124371.0,124371.0,0.0,0.0,8.77,0.0002,1e-05,100.0,0.01,-0.014503519456424085,0.0,0.21729209565013985,-0.014444893789455213,0.0,0.2179930778672177,0.0,0.0,0.0,1.2018221045675765,0.0,0.6721986533996189,-1.1956446919019512,0.0,-0.5967124651995745,0.8068077774375426,0.0,0.2721125865568934,0.636946510966661,-2.2751090684958823,-1.9512130801365222,-0.13599639878673409,0.14986730309201002,0.046342025399181315,-0.07532,0.08070000000000001,0.0269,-7.09075471676933e-05,0.0,-0.0004453045029977205,1.2281880198821164e-05,0.0,-0.0002556777140801241
712,7.1202108999714255,step,0.7034294829525669,0.017637410418811516,3.8989000022411346,10.01570001244545,124371.0,124371.0,0.0,0.0,8.77,0.0002,1e-05,100.0,0.01,-0.014503519456424085,0.0,0.21729209565013985,-0.014444893789455213,0.0,0.2179930778672177,0.0,0.0,0.0,1.20210783233605,0.0,0.6739916964932882,-1.195897527885958,0.0,-0.5985735283497534,0.8069968363814479,0.0,0.27284335529545684,0.636946510966661,-2.2751090684958823,-1.9512130801365222,-0.13594719883630094,0.1499694780340775,0.04641471041073239,-0.07263,0.08070000000000001,0.024210000000000002,-6.278040132786947e-05,0.0,-0.00046211100814500135,4.154734358997333e-06,0.0,-0.00023887120893284323
713,7.130317399976775,step,0.7034294829525669,0.018659209522126068,4.1825000662356615,10.106500005349517,124371.0,124371.0,0.0,0.0,8.77,0.0002,1e-05,100.0,0.01,-0.014503519456424085,0.0,0.21729209565013985,-0.014444893789455213,0.0,0.2179930778672177,0.0,0.0,0.0,1.2023606683165733,0.0,0.6758527596505627,-1.19612256127035,0.0,-0.600492174195222,0.807163668572682,0.0,0.27360191993585997,0.636946510966661,-2.2751090684958823,-1.9512130801365222,-0.13590076940252604,0.15007350467416428,0.04649176497102515,-0.06994,0.07801000000000001,0.0269,-5.5876880974055105e-05,0.0,-0.0004764090707172124,-2.7487859948170375e-06,0.0,-0.00022457314636063216
714,7.140533900121227,step,0.7034294829525669,0.019551838060282035,3.6192999687045813,10.216500144451857,124371.0,124371.0,0.0,0.0,8.77,0.0002,1e-05,100.0,0.01,-0.014503519456424085,0.0,0.21729209565013985,-0.014444893789455213,0.0,0.2179930778672177,0.0,0.0,0.0,1.2025857016885235,0.0,0.6777714055217947,-1.1963242131157041,0.0,-0.602459330555383,0.8073117128969635,0.0,0.274384015260425,0.636946510966661,-2.2751090684958823,-1.9512130801365222,-0.13585668089970487,0.15017910082673688,0.04657251704210738,-0.07263,0.08339,0.024210000000000002,-5.007113140780937e-05,0.0,-0.0004884544668382041,-8.554535561062769e-06,0.0,-0.0002125277502396405
715,7.150463199941441,step,0.7034294829525669,0.020317666796270124,5.180800100788474,9.92929982021451,124371.0,124371.0,0.0,0.0,8.77,0.0002,1e-05,100.0,0.01,-0.014503519456424085,0.0,0.21729209565013985,-0.014444893789455213,0.0,0.2179930778672177,0.0,0.0,0.0,1.2027873535234155,0.0,0.6797385619036612,-1.1965064259061349,0.0,-0.6044668991988564,0.8074439567913833,0.0,0.27518593392200363,0.636946510966661,-2.2751090684958823,-1.9512130801365222,-0.13581456019162552,0.1502860211001036,0.04665638257592415,-0.07532,0.08608,0.024210000000000002,-4.524431977213896e-05,0.0,-0.0004984890328233189,-1.3381347196733182e-05,0.0,-0.0002024931842545257
716,7.160380700137466,step,0.7034294829525669,0.020962471501529842,3.653499996289611,9.917500196024776,124371.0,124371.0,0.0,0.0,8.77,0.0002,1e-05,100.0,0.01,-0.014503519456424085,0.0,0.21729209565013985,-0.014444893789455213,0.0,0.2179930778672177,0.0,0.0,0.0,1.2029695663051478,0.0,0.6817461305652158,-1.1966726937933347,0.0,-0.6065076954380709,0.8075630643121708,0.0,0.2760043665929876,0.636946510966661,-2.2751090684958823,-1.9512130801365222,-0.13577407462010124,0.15039404626441247,0.0467428403722248,-0.07263,0.07801000000000001,0.0269,-4.128512295174793e-05,0.0,-0.0005067396060318065,-1.734054401712421e-05,0.0,-0.00019424261104603806
717,7.170267200097442,step,0.8755062949455167,0.03861950431931221,3.7914998829364777,9.886499959975481,124371.0,124371.0,0.0,0.0,8.77,0.0002,1e-05,100.0,0.01,-0.014419701089781967,0.0,0.21711793410738597,-0.014444893789455213,0.0,0.2179930778672177,0.0,0.0,0.0,1.193895505726317,0.0,0.7029868936574207,-1.1964866709493798,0.0,-0.609280653491376,0.8029186829065525,0.0,0.2862217849699432,0.636946510966661,-2.2751090684958823,-1.952747060924408,-0.1363351687098869,0.15100700127552238,0.048025494939896114,-0.07263,0.07801000000000001,0.0269,4.6190374544658685e-05,0.0,-0.0006885389361631599,-2.099767487141199e-05,0.0,-0.00018660482366856027
718,7.180154599947855,step,0.7034294829525669,0.0193544125690508,3.8846000097692013,9.887399850413203,124371.0,124371.0,0.0,0.0,8.77,0.0002,1e-05,100.0,0.01,-0.014503519456424085,0.0,0.21729209565013985,-0.014444893789455213,0.0,0.2179930778672177,0.0,0.0,0.0,1.2029496500729324,0.0,0.686560219963188,-1.19669366288846,0.0,-0.6112371904450178,0.8075415519241638,0.0,0.27796771448680435,0.636946510966661,-2.2751090684958823,-1.9512130801365222,-0.13572543347579905,0.1506319388836005,0.04696700622392597,-0.07532,0.08877,0.024210000000000002,-5.139710258460331e-05,0.0,-0.0004858176166851138,-7.228564384268831e-06,0.0,-0.00021516460039273076
719,7.190206000115722,step,0.8755062949455167,0.036628925886280896,3.961100010201335,10.051400167867541,124371.0,124371.0,0.0,0.0,8.77,0.0002,1e-05,100.0,0.01,-0.014419701089781967,0.0,0.21711793410738597,-0.014444893789455213,0.0,0.2179930778672177,0.0,0.0,0.0,1.1939164748285005,0.0,0.7077163886498568,-1.1965418296887127,0.0,-0.6139395471677157,0.8029295287950128,0.0,0.28815293352677773,0.636946510966661,-2.2751090684958823,-1.952747060924408,-0.1362824388357424,0.15124304229901556,0.04824407464171581,-0.07532,0.08608,0.024210000000000002,3.770092003504418e-05,0.0,-0.0006710082832886992,-1.2508220361797484e-05,0.0,-0.000204135476543021
720,7.200222100131214,step,0.7034294829525669,0.018290703998537907,3.8407999090850353,10.016100015491247,124371.0,124371.0,0.0,0.0,8.77,0.0002,1e-05,100.0,0.01,-0.014503519456424085,0.0,0.21729209565013985,-0.014444893789455213,0.0,0.2179930778672177,0.0,0.0,0.0,1.2030048088275702,0.0,0.6912191136079434,-1.1967771898412347,0.0,-0.6158376373653387,0.8075707716488116,0.0,0.27986764272226444,0.636946510966661,-2.2751090684958823,-1.9512130801365222,-0.13567046804927346,0.15086560795655476,0.047181201386431865,-0.07801000000000001,0.08339,0.024210000000000002,-5.844106759551649e-05,0.0,-0.0004713050036423553,-1.8459937335565225e-07,0.0,-0.0002296772134354893
721,7.21015980001539,step,0.7034294829525669,0.019222824838752057,3.808500012382865,9.937699884176254,124371.0,124371.0,0.0,0.0,8.77,0.0002,1e-05,100.0,0.01,-0.014503519456424085,0.0,0.21729209565013985,-0.014444893789455213,0.0,0.2179930778672177,0.0,0.0,0.0,1.2032403302528687,0.0,0.6931168687058984,-1.1969879935717775,0.0,-0.6177870287459853,0.8077259019682659,0.0,0.28064120053348823,0.636946510966661,-2.2751090684958823,-1.9512130801365222,-0.13562548770657518,0.1509706532768219,0.04726059721827412,-0.07263,0.08608,0.024210000000000002,-5.2343588895685536e-05,0.0,-0.00048404333624748567,-6.282078073186606e-06,0.0,-0.00021693888083035892
722,7.220055500045419,step,0.8755062949455167,0.03649663332443036,3.8848000112921,9.89570003002882,124371.0,124371.0,0.0,0.0,8.77,0.0002,1e-05,100.0,0.01,-0.014419701089781967,0.0,0.21711793410738597,-0.014444893789455213,0.0,0.2179930778672177,0.0,0.0,0.0,1.194210805524681,0.0,0.7142662269244421,-1.1968388426358625,0.0,-0.620484635215284,0.8031230703660327,0.0,0.29082718196907753,0.636946510966661,-2.2751090684958823,-1.952747060924408,-0.13618128036869745,0.15158222751807243,0.048536992933968924,-0.07801000000000001,0.08608,0.024210000000000002,3.7034900913970715e-05,0.0,-0.0006698287723263259,-1.1842201240724022e-05,0.0,-0.00020531498750539436
723,7.230269900057465,step,0.7034294829525669,0.018242900765448402,3.7129998672753572,10.214400012046099,124371.0,124371.0,0.0,0.0,8.77,0.0002,1e-05,100.0,0.01,-0.014503519456424085,0.0,0.21729209565013985,-0.014444893789455213,0.0,0.2179930778672177,0.0,0.0,0.0,1.2033018217759168,0.0,0.6977642016533823,-1.197075928075531,0.0,-0.6223799902341094,0.8077593984946745,0.0,0.2825364033216305,0.636946510966661,-2.2751090684958823,-1.9512130801365222,-0.13556997267552207,0.15120404200515467,0.047474022359405836,-0.07532,0.08608,0.024210000000000002,-5.886946476330428e-05,0.0,-0.000470625845478673,2.4379779443213794e-07,0.0,-0.0002303563715991716
724,7.240209999959916,step,0.7034294829525669,0.01920413119858383,3.791100112721324,9.940099902451038,124371.0,124371.0,0.0,0.0,8.77,0.0002,1e-05,100.0,0.01,-0.014503519456424085,0.0,0.21729209565013985,-0.014444893789455213,0.0,0.2179930778672177,0.0,0.0,0.0,1.203539068487939,0.0,0.6996592215734448,-1.197287654667402,0.0,-0.6243283223644228,0.807915693278161,0.0,0.2833088427429345,0.636946510966661,-2.2751090684958823,-1.9512130801365222,-0.1355248382308728,0.15130903150597738,0.047553227641091565,-0.07532,0.08339,0.024210000000000002,-5.257273984024496e-05,0.0,-0.00048378031925133306,-6.052927128627182e-06,0.0,-0.00021720189782651152
725,7.250181199982762,step,0.8755062949455167,0.03650477488486716,3.770299954339862,9.97120002284646,124371.0,124371.0,0.0,0.0,8.77,0.0002,1e-05,100.0,0.01,-0.014419701089781967,0.0,0.21711793410738597,-0.014444893789455213,0.0,0.2179930778672177,0.0,0.0,0.0,1.1945104666207205,0.0,0.7208075205424046,-1.1971387617595781,0.0,-0.6270262448760924,0.8033202048029026,0.0,0.2934979377493529,0.636946510966661,-2.2751090684958823,-1.952747060924408,-0.13607964787664636,0.15192123506218608,0.04882931820003661,-0.07532,0.08339,0.024210000000000002,3.6970831287243116e-05,0.0,-0.0006699072471801335,-1.1778131613996423e-05,0.0,-0.00020523651265158668
726,7.260200100019574,step,0.7034294829525669,0.018269273155520755,3.795099910348654,10.018900036811829,124371.0,124371.0,0.0,0.0,8.77,0.0002,1e-05,100.0,0.01,-0.014503519456424085,0.0,0.21729209565013985,-0.014444893789455213,0.0,0.2179930778672177,0.0,0.0,0.0,1.2036017408997546,0.0,0.7043058113143302,-1.197375562132303,0.0,-0.6289230264171723,0.8079499849280033,0.0,0.2852037404389061,0.636946510966661,-2.2751090684958823,-1.9512130801365222,-0.13546920582164304,0.15154243803056475,0.04776657475344417,-0.07532,0.08339,0.024210000000000002,-5.8798681258330464e-05,0.0,-0.00047098005787446896,1.7301428945832225e-07,0.0,-0.00023000215920337562
727,7.270315899979323,step,0.7034294829525669,0.019247548144134586,3.64879984408617,10.115799959748983,124371.0,124371.0,0.0,0.0,8.77,0.0002,1e-05,100.0,0.01,-0.014503519456424085,0.0,0.21729209565013985,-0.014444893789455213,0.0,0.2179930778672177,0.0,0.0,0.0,1.2038387025445791,0.0,0.7062022577571492,-1.1975865675834365,0.0,-0.6308736638331005,0.808106085663847,0.0,0.2859767621153357,0.636946510966661,-2.2751090684958823,-1.9512130801365222,-0.13542408656436797,0.15164748510138729,0.04784585675231977,-0.07532,0.08339,0.024210000000000002,-5.239367709687265e-05,0.0,-0.00048435273285234875,-6.231989871999495e-06,0.0,-0.00021662948422549583
728,7.280377499992028,step,0.7034294829525669,0.020092321069141994,3.6450999323278666,10.06160001270473,124371.0,124371.0,0.0,0.0,8.77,0.0002,1e-05,100.0,0.01,-0.014503519456424085,0.0,0.21729209565013985,-0.014444893789455213,0.0,0.2179930778672177,0.0,0.0,0.0,1.204049707995331,0.0,0.7081528951739852,-1.1977760339352754,0.0,-0.6328693007528204,0.8082446455345467,0.0,0.28677192811806723,0.636946510966661,-2.2751090684958823,-1.9512130801365222,-0.13538114821438046,0.15175401890205664,0.047928610773918384,-0.06994,0.08339,0.024210000000000002,-4.7045414256617536e-05,0.0,-0.0004955263279349422,-1.1580252712254607e-05,0.0,-0.00020545588914290243
729,7.290291300043464,step,0.7034294829525669,0.02080812260592646,3.7862001918256283,9.913800051435828,124371.0,124371.0,0.0,0.0,8.77,0.0002,1e-05,100.0,0.01,-0.014503519456424085,0.0,0.21729209565013985,-0.014444893789455213,0.0,0.2179930778672177,0.0,0.0,0.0,1.2042391743375354,0.0,0.7101485321138414,-1.1979477415248982,0.0,-0.6349020675925862,0.8083686494987763,0.0,0.2875854824742906,0.636946510966661,-2.2751090684958823,-1.9512130801365222,-0.13534001931529444,0.1518617879407949,0.04801424738260852,-0.07532,0.08339,0.024210000000000002,-4.263582745116126e-05,0.0,-0.0005047458671983313,-1.598983951771088e-05,0.0,-0.0001962363498795133
730,7.300221299985424,step,0.7034294829525669,0.021402458929443573,4.997600102797151,9.929999941959977,124371.0,124371.0,0.0,0.0,8.77,0.0002,1e-05,100.0,0.01,-0.014503519456424085,0.0,0.21729209565013985,-0.014444893789455213,0.0,0.2179930778672177,0.0,0.0,0.0,1.2044108819192179,0.0,0.7121812989702184,-1.1981050273408134,0.0,-0.6369650152307972,0.8084806522288238,0.0,0.2884142093691481,0.636946510966661,-2.2751090684958823,-1.9512130801365222,-0.13530038199042746,0.1519705768237472,0.04810226196641991,-0.07532,0.08877,0.024210000000000002,-3.9054831079982654e-05,0.0,-0.0005122399058583581,-1.957083588888949e-05,0.0,-0.00018874231121948648
731,7.310174900107086,step,0.8004308447785874,0.031704636380452324,3.9019000250846148,9.95360012166202,124371.0,124371.0,0.0,0.0,8.77,0.0002,1e-05,100.0,0.01,-0.014745538222033033,0.0,0.21725125412640528,-0.014444893789455213,0.0,0.2179930778672177,0.0,0.0,0.0,1.2312488700262114,0.0,0.7187467096164798,-1.1992308744278484,0.0,-0.639217435176701,0.8268089612190566,0.0,0.2915426539513448,0.6354125301787753,-2.2751090684958823,-1.9512130801365222,-0.13126451435152692,0.1538033326076395,0.047304749628700765,-0.07532,0.08608,0.024210000000000002,-0.00027955329315764674,0.0,-0.0005592867989823445,-2.109113942017326e-05,0.0,-0.00018253694183006952
732,7.320237900130451,step,0.5162341793347726,0.00982148495440289,4.045499954372644,10.06300002336502,124371.0,124371.0,0.0,0.0,8.77,0.0002,1e-05,100.0,0.01,-0.014397278651439083,0.0,0.2174790442821815,-0.014444893789455213,0.0,0.2179930778672177,0.0,0.0,0.0,1.1939822510938582,0.0,0.6958871003462614,-1.1987533724015407,0.0,-0.640535118297088,0.8004312062758359,0.0,0.2811464403225939,0.636946510966661,-2.2735750877079965,-1.9512130801365222,-0.13690537188475638,0.15012967282802714,0.048041611530063796,-0.07532,0.08608,0.024210000000000002,0.00011856606947868722,0.0,-0.0003271871108291724,-7.09509314625566e-05,0.0,-0.00018684647420701085
733,7.330236100126058,step,0.7034294829525669,0.025033881434166207,3.7851000670343637,9.998199995607138,124371.0,124371.0,0.0,0.0,8.77,0.0002,1e-05,100.0,0.01,-0.014503519456424085,0.0,0.21729209565013985,-0.014444893789455213,0.0,0.2179930778672177,0.0,0.0,0.0,1.2052163083278278,0.0,0.7178139900186279,-1.1988135695887103,0.0,-0.6427718911030498,0.8090126068814089,0.0,0.29071001218453546,0.636946510966661,-2.2751090684958823,-1.9512130801365222,-0.13515559689644313,0.1522872843041628,0.048333993402785234,-0.07532,0.08070000000000001,0.024210000000000002,-1.4947253588771792e-05,0.0,-0.0005554015382309784,-4.367841338010035e-05,0.0,-0.00014558067884686617
734,7.340424499940127,step,0.8755062949455167,0.04332946486912922,3.7525000516325235,10.188399814069271,124371.0,124371.0,0.0,0.0,8.77,0.0002,1e-05,100.0,0.01,-0.014419701089781967,0.0,0.21711793410738597,-0.014444893789455213,0.0,0.2179930778672177,0.0,0.0,0.0,1.196036381460094,0.0,0.7392510893851915,-1.1985442153589316,0.0,-0.6457033312393524,0.8043343017555982,0.0,0.3010278234158151,0.636946510966661,-2.2751090684958823,-1.952747060924408,-0.13572087068151323,0.1529086457896229,0.049628413455669554,-0.07801000000000001,0.08070000000000001,0.024210000000000002,6.688196188245728e-05,0.0,-0.0007278908061627949,-4.168926220921059e-05,0.0,-0.00014725295366892536
735,7.35020889993757,step,0.8755062949455167,0.03904183661694466,4.202099982649088,9.78439999744296,124371.0,124371.0,0.0,0.0,8.77,0.0002,1e-05,100.0,0.01,-0.014419701089781967,0.0,0.21711793410738597,-0.014444893789455213,0.0,0.2179930778672177,0.0,0.0,0.0,1.195766865986308,0.0,0.7421828646201931,-1.198348166551929,0.0,-0.6484907910486881,0.8041509138356674,0.0,0.3022251216196102,0.636946510966661,-2.2751090684958823,-1.952747060924408,-0.13571814364594423,0.1530418735662573,0.04977433579138766,-0.07263,0.08608,0.024210000000000002,4.867986980497297e-05,0.0,-0.0006921397925331078,-2.3487170131726274e-05,0.0,-0.00018300396729861246
736,7.360338500002399,step,0.5162341793347726,0.007510252403939983,3.634599968791008,10.129600064828992,124371.0,124371.0,0.0,0.0,8.77,0.0002,1e-05,100.0,0.01,-0.014397278651439083,0.0,0.2174790442821815,-0.014444893789455213,0.0,0.2179930778672177,0.0,0.0,0.0,1.193098916310507,0.0,0.7051607127406757,-1.1981226420660187,0.0,-0.6496954441884104,0.799817165737431,0.0,0.2849305999807266,0.636946510966661,-2.2735750877079965,-1.9512130801365222,-0.13690248590530082,0.15054806840951487,0.04850511466436905,-0.07801000000000001,0.08070000000000001,0.024210000000000002,5.59988238633253e-05,0.0,-0.00029912121832546986,-8.383685847194674e-06,0.0,-0.00021491236671071338
737,7.370182499988005,step,0.7034294829525669,0.02320132565023989,3.7948000244796276,9.843999985605478,124371.0,124371.0,0.0,0.0,8.77,0.0002,1e-05,100.0,0.01,-0.014503519456424085,0.0,0.21729209565013985,-0.014444893789455213,0.0,0.2179930778672177,0.0,0.0,0.0,1.2045855780616628,0.0,0.7269743158771306,-1.198395069961598,0.0,-0.65183227552751,0.8085731320916567,0.0,0.2944469021394233,0.636946510966661,-2.2751090684958823,-1.9512130801365222,-0.13512590180890247,0.15271250716577983,0.04878239535206042,-0.07801000000000001,0.08608,0.024210000000000002,-6.764516801101633e-05,0.0,-0.0005305855871963628,9.019501042144192e-06,0.0,-0.00017039662988148178
738,7.3801162999589,step,0.7034294829525669,0.023167771406158787,3.9010001346468925,9.933799970895052,124371.0,124371.0,0.0,0.0,8.77,0.0002,1e-05,100.0,0.01,-0.014503519456424085,0.0,0.21729209565013985,-0.014444893789455213,0.0,0.2179930778672177,0.0,0.0,0.0,1.2048582103868275,0.0,0.7291115069268151,-1.1986418942955657,0.0,-0.653970646877251,0.8087528067128995,0.0,0.29531804570750214,0.636946510966661,-2.2751090684958823,-1.9512130801365222,-0.13507446220338426,0.1528311481964348,0.04887153574659985,-0.06994,0.08877,0.024210000000000002,-6.128767946086467e-05,0.0,-0.0005309679793091581,2.66201249199253e-06,0.0,-0.00017001423776868648
739,7.390052699949592,step,0.8755062949455167,0.04048864554588601,4.088500048965216,9.936399990692735,124371.0,124371.0,0.0,0.0,8.77,0.0002,1e-05,100.0,0.01,-0.014419701089781967,0.0,0.21711793410738597,-0.014444893789455213,0.0,0.2179930778672177,0.0,0.0,0.0,1.1958647062645866,0.0,0.750449845140261,-1.1985273645188905,0.0,-0.6568139920971341,0.8042110464467169,0.0,0.3056006548983472,0.636946510966661,-2.2751090684958823,-1.952747060924408,-0.13561948508780997,0.15345729995521776,0.05015414674990842,-0.07532,0.08070000000000001,0.024210000000000002,2.843829912859072e-05,0.0,-0.0007060164110702927,-3.245599455344027e-06,0.0,-0.00016912734876142754
740,7.400219100061804,step,0.5162341793347726,0.007900226303928646,3.82860004901886,10.166400112211704,124371.0,124371.0,0.0,0.0,8.77,0.0002,1e-05,100.0,0.01,-0.014397278651439083,0.0,0.2174790442821815,-0.014444893789455213,0.0,0.2179930778672177,0.0,0.0,0.0,1.1932781143250952,0.0,0.7134839137909319,-1.1983671845136143,0.0,-0.6580607429249643,0.7999189403625654,0.0,0.28832476684076824,0.636946510966661,-2.2735750877079965,-1.9512130801365222,-0.1367968108789792,0.15096859868296963,0.04888536497083963,-0.07263,0.08877,0.024210000000000002,3.977347233798454e-05,0.0,-0.0003095742784971536,7.841665678146084e-06,0.0,-0.00020445930653902966
741,7.410198000026867,step,0.7034294829525669,0.024005482711319415,3.7587000988423824,9.978899965062737,124371.0,124371.0,0.0,0.0,8.77,0.0002,1e-05,100.0,0.01,-0.014503519456424085,0.0,0.21729209565013985,-0.014444893789455213,0.0,0.2179930778672177,0.0,0.0,0.0,1.2048301205384975,0.0,0.7353396146325231,-1.198690841761159,0.0,-0.660227847566733,0.8087234134444177,0.0,0.2978580818414742,0.636946510966661,-2.2751090684958823,-1.9512130801365222,-0.13501178033173894,0.15313880825225612,0.049161630375525706,-0.07801000000000001,0.08608,0.024210000000000002,-8.036566461593319e-05,0.0,-0.0005381025951038958,2.173999764706105e-05,0.0,-0.0001628796219739488
742,7.420215799938887,step,0.8755062949455167,0.04102287443016433,3.779799910262227,10.017799912020564,124371.0,124371.0,0.0,0.0,8.77,0.0002,1e-05,100.0,0.01,-0.014419701089781967,0.0,0.21711793410738597,-0.014444893789455213,0.0,0.2179930778672177,0.0,0.0,0.0,1.1959136537504154,0.0,0.7567070458177118,-1.198637243029001,0.0,-0.6630917089568746,0.80423966515445,0.0,0.30815558197782883,0.636946510966661,-2.2751090684958823,-1.952747060924408,-0.13554747385650026,0.15377056883414247,0.05044254873729937,-0.07532,0.08339,0.024210000000000002,1.3308825200503065e-05,0.0,-0.0007111106756687516,1.1883874472743628e-05,0.0,-0.00016403308416296865
743,7.4300782000645995,step,0.7007095137961468,0.02034619632416847,4.749500192701817,9.862400125712156,124371.0,124371.0,0.0,0.0,8.77,0.0002,1e-05,100.0,0.01,-0.01431372754376914,0.0,0.21730475436862343,-0.014444893789455213,0.0,0.2179930778672177,0.0,0.0,0.0,1.1841771276439736,0.0,0.7389757493890637,-1.1981858267372292,0.0,-0.6650577869299867,0.7952705812155464,0.0,0.3002854757810445,0.636946510966661,-2.2735750877079965,-1.952747060924408,-0.13731426129831653,0.1517919777468819,0.05036661525226392,-0.06994,0.09146,0.02959,0.000112088855052438,0.0,-0.00048818669810274753,1.907739063363619e-05,0.0,-0.00020013680049152014
744,7.440572400111705,step,0.7034294829525669,0.02174462109189215,3.8670001085847616,10.49420004710555,124371.0,124371.0,0.0,0.0,8.77,0.0002,1e-05,100.0,0.01,-0.014503519456424085,0.0,0.21729209565013985,-0.014444893789455213,0.0,0.2179930778672177,0.0,0.0,0.0,1.2046486020348193,0.0,0.7423369939691391,-1.1986082201678707,0.0,-0.6670999690981905,0.8085895774841277,0.0,0.3007121064005086,0.636946510966661,-2.2751090684958823,-1.9512130801365222,-0.13495725689297805,0.15347752748646032,0.049493084809334724,-0.07532,0.08608,0.0269,-0.00010488233784480415,0.0,-0.0005070837389229308,4.625667087593201e-05,0.0,-0.00019389847815491374
745,7.450194300152361,step,0.5162341793347726,0.008418146263928204,3.974500112235546,9.621900040656328,124371.0,124371.0,0.0,0.0,8.77,0.0002,1e-05,100.0,0.01,-0.014397278651439083,0.0,0.2174790442821815,-0.014444893789455213,0.0,0.2179930778672177,0.0,0.0,0.0,1.1933591312997403,0.0,0.7237695556688483,-1.198540815654926,0.0,-0.6683957645621509,0.7999503844585616,0.0,0.29251952260097625,0.636946510966661,-2.2735750877079965,-1.9512130801365222,-0.13668111323417156,0.15148177788648282,0.04936043565498291,-0.06994,0.08877,0.024210000000000002,1.67368675412152e-05,0.0,-0.0003217522995621696,3.0878270474915426e-05,0.0,-0.00019228128547401366
746,7.460297300014645,step,0.7034294829525669,0.025046533778127978,3.9192999247461557,10.102999862283468,124371.0,124371.0,0.0,0.0,8.77,0.0002,1e-05,100.0,0.01,-0.014503519456424085,0.0,0.21729209565013985,-0.014444893789455213,0.0,0.2179930778672177,0.0,0.0,0.0,1.2050037517324736,0.0,0.7456746362684588,-1.1989332073512975,0.0,-0.6705992471493851,0.8088226999148249,0.0,0.30207268682176336,0.636946510966661,-2.2751090684958823,-1.9512130801365222,-0.13488441184644168,0.15365953964179066,0.049634898456739865,-0.07532,0.08877,0.0269,-9.743276168814121e-05,0.0,-0.0005471354154311739,3.880709471926907e-05,0.0,-0.00015384680164667072
747,7.470430300105363,step,0.7007095137961468,0.023690092609956713,3.616299945861101,10.13300009071827,124371.0,124371.0,0.0,0.0,8.77,0.0002,1e-05,100.0,0.01,-0.01431372754376914,0.0,0.21730475436862343,-0.014444893789455213,0.0,0.2179930778672177,0.0,0.0,0.0,1.1844732532623719,0.0,0.7464829524982168,-1.19849865617335,0.0,-0.6727321287203439,0.7954603898488057,0.0,0.3033505790808629,0.636946510966661,-2.2735750877079965,-1.952747060924408,-0.1372036543005271,0.15217823815208653,0.05070438739125215,-0.06994,0.08608,0.024210000000000002,0.00010790116547770967,0.0,-0.0005296048406068122,2.3265080208364515e-05,0.0,-0.0001587186579874555
748,7.480514100054279,step,0.5162341793347726,0.0100649508760853,3.5093999467790127,10.08379994891584,124371.0,124371.0,0.0,0.0,8.77,0.0002,1e-05,100.0,0.01,-0.014397278651439083,0.0,0.2174790442821815,-0.014444893789455213,0.0,0.2179930778672177,0.0,0.0,0.0,1.1932492021403052,0.0,0.7294016910014272,-1.198496993028514,0.0,-0.6741509265950133,0.7998639661522351,0.0,0.2948168004117105,0.636946510966661,-2.2735750877079965,-1.9512130801365222,-0.13663412363316038,0.15175563537415895,0.04962624620713658,-0.07532,0.08608,0.0269,4.129669305774514e-07,0.0,-0.00035229439482182103,4.7202171085553175e-05,0.0,-0.0001617391902143622
749,7.490426199976355,step,0.7034294829525669,0.027418485253122883,3.646200057119131,9.912099922075868,124371.0,124371.0,0.0,0.0,8.77,0.0002,1e-05,100.0,0.01,-0.014503519456424085,0.0,0.21729209565013985,-0.014444893789455213,0.0,0.2179930778672177,0.0,0.0,0.0,1.2049599291102049,0.0,0.7514297983546734,-1.198938033043293,0.0,-0.6764507484915931,0.8087835281249641,0.0,0.30441986964310724,0.636946510966661,-2.2751090684958823,-1.9512130801365222,-0.13482838423969895,0.15394300979468134,0.0499036227341313,-0.07801000000000001,0.08339,0.0269,-0.0001095123751401206,0.0,-0.0005710569332804999,5.088670817124846e-05,0.0,-0.0001299252837973447
750,7.500182300107554,step,0.8755062949455167,0.04389076207612757,3.891600063070655,9.756100131198764,124371.0,124371.0,0.0,0.0,8.77,0.0002,1e-05,100.0,0.01,-0.014419701089781967,0.0,0.21711793410738597,-0.014444893789455213,0.0,0.2179930778672177,0.0,0.0,0.0,1.1961608450850698,0.0,0.7729299468019508,-1.1989666658069547,0.0,-0.6794134048300959,0.8043948080706993,0.0,0.314779599906903,0.636946510966661,-2.2751090684958823,-1.952747060924408,-0.13534801597691845,0.1545883481332724,0.05118584263833984,-0.07263,0.08070000000000001,0.0269,-7.1096541137555e-06,0.0,-0.0007356419405978395,3.230235378700219e-05,0.0,-0.0001395018192338807
751,7.510096200043336,step,0.7034294829525669,0.022463339538010555,4.2230000253766775,9.913899935781956,124371.0,124371.0,0.0,0.0,8.77,0.0002,1e-05,100.0,0.01,-0.014503519456424085,0.0,0.21729209565013985,-0.014444893789455213,0.0,0.2179930778672177,0.0,0.0,0.0,1.2054296450265518,0.0,0.7566929713867849,-1.1993362821348768,0.0,-0.681500520466024,0.8090904201418597,0.0,0.30656553962450983,0.636946510966661,-2.2751090684958823,-1.9512130801365222,-0.13472309129913562,0.15422584598010342,0.050130580513786493,-0.07532,0.08608,0.02959,-9.177752721958467e-05,0.0,-0.0005182409369296497,3.3151860250712524e-05,0.0,-0.00018274128014819483
752,7.520122300134972,step,0.7007095137961468,0.021604824361042742,3.8606999441981316,10.02610009163618,124371.0,124371.0,0.0,0.0,8.77,0.0002,1e-05,100.0,0.01,-0.01431372754376914,0.0,0.21730475436862343,-0.014444893789455213,0.0,0.2179930778672177,0.0,0.0,0.0,1.1848763280387447,0.0,0.7573842258108698,-1.1988732532331603,0.0,-0.683526987615618,0.7957179049296161,0.0,0.30780147491741594,0.636946510966661,-2.2735750877079965,-1.952747060924408,-0.13704589753620694,0.15273788158100338,0.05119586080984022,-0.07532,0.08608,0.0269,0.00011497232243405382,0.0,-0.0005031816235691049,1.6193923252020366e-05,0.0,-0.00018514187502516278
753,7.5300491999369115,step,0.7007095137961468,0.0212556675661412,4.199400078505278,9.926899801939726,124371.0,124371.0,0.0,0.0,8.77,0.0002,1e-05,100.0,0.01,-0.01431372754376914,0.0,0.21730475436862343,-0.014444893789455213,0.0,0.2179930778672177,0.0,0.0,0.0,1.1844129339688694,0.0,0.7594106685783014,-1.198500582254494,0.0,-0.6855548559187601,0.795403832124338,0.0,0.30862952034679697,0.636946510966661,-2.2735750877079965,-1.952747060924408,-0.13707367075629762,0.15281695683690188,0.051307042114239476,-0.07801000000000001,0.08339,0.0269,9.253601181735292e-05,0.0,-0.0005035295367920319,3.8630233868721265e-05,0.0,-0.00018479396180223577
754,7.540076300036162,step,0.7007095137961468,0.021024407893801934,4.290800075978041,10.027100099250674,124371.0,124371.0,0.0,0.0,8.77,0.0002,1e-05,100.0,0.01,-0.01431372754376914,0.0,0.21730475436862343,-0.014444893789455213,0.0,0.2179930778672177,0.0,0.0,0.0,1.1840402630053615,0.0,0.7614385368803798,-1.1982010573205573,0.0,-0.6875834432086518,0.7951507555254299,0.0,0.3094580355783656,0.636946510966661,-2.2735750877079965,-1.952747060924408,-0.13709180612277788,0.15290030884355077,0.0514149491912959,-0.07801000000000001,0.08070000000000001,0.0269,7.437349408204913e-05,0.0,-0.0005037080646897679,5.679275160402505e-05,0.0,-0.00018461543390449974
755,7.55018960009329,step,0.5162341793347726,0.0087979704497471,3.817700082436204,10.113300057128072,124371.0,124371.0,0.0,0.0,8.77,0.0002,1e-05,100.0,0.01,-0.014397278651439083,0.0,0.2174790442821815,-0.014444893789455213,0.0,0.2179930778672177,0.0,0.0,0.0,1.1929516033226575,0.0,0.7442530054413913,-1.1982979436483514,0.0,-0.6889063971494358,0.7996308999725352,0.0,0.3008744837458401,0.636946510966661,-2.2735750877079965,-1.9512130801365222,-0.13651103685067997,0.15247740922709355,0.05032744330006741,-0.07801000000000001,0.08608,0.0269,-2.405734518366704e-05,0.0,-0.000328495881102346,7.167248319979767e-05,0.0,-0.00018553770393383721
756,7.560473799938336,step,0.3617337239444789,0.0030225334601801145,3.6020001862198114,10.284199845045805,124371.0,124371.0,0.0,0.0,8.77,0.0002,1e-05,100.0,0.01,-0.014290751195954174,0.0,0.21766582972297924,-0.014444893789455213,0.0,0.2179930778672177,0.0016675901214704592,0.0,0.002918751368006352,1.1565431405943976,0.0,0.6816440717816037,-1.1979398538631918,0.0,-0.6895965264110965,0.774279095372083,0.0,0.2748042191796601,0.636946510966661,-2.272041106920111,-1.9512130801365222,-0.14129002085972575,0.14704052208359897,0.04916955120503774,-0.07532,0.08608,0.0269,8.891543073679368e-05,0.0,-0.0001713624434645097,6.522716276424577e-05,0.0,-0.000155885700773947
757,7.5701840000692755,step,0.5550135279384503,0.015245407289695697,3.948400029912591,9.710200130939484,124371.0,124371.0,0.0,0.0,8.77,0.0002,1e-05,100.0,0.01,-0.01420746754386018,0.0,0.21749141184873794,-0.014444893789455213,0.0,0.2179930778672177,0.0016634074370977714,0.0,0.0029167541572742836,1.147065431123588,0.0,0.7015914743876263,-1.197293224364251,0.0,-0.6912185472953759,0.7693233454886059,0.0,0.2844507879423938,0.636946510966661,-2.272041106920111,-1.952747060924408,-0.14182178407480267,0.14760221801321796,0.0503758599518337,-0.07801000000000001,0.08608,0.024210000000000002,0.00016056124136528115,0.0,-0.0004027556539360691,7.686500422975166e-05,0.0,-9.891036454368811e-05
758,7.580232500098646,step,0.3617337239444789,0.004742403328779625,4.5541999861598015,10.048500029370189,124371.0,124371.0,0.0,0.0,8.77,0.0002,1e-05,100.0,0.01,-0.014290751195954174,0.0,0.21766582972297924,-0.014444893789455213,0.0,0.2179930778672177,0.0016675901214704592,0.0,0.002918751368006352,1.1555379142891018,0.0,0.6839559495241148,-1.1970746439494429,0.0,-0.692167601175837,0.7735980500339301,0.0,0.27574994200557784,0.636946510966661,-2.272041106920111,-1.9512130801365222,-0.14137441010460886,0.14708713487103273,0.0492917643864314,-0.08070000000000001,0.08339,0.024210000000000002,5.4274577323193526e-05,0.0,-0.00023565468234737328,9.986801617784593e-05,0.0,-9.159346189108343e-05
759,7.59008920006454,step,0.5550135279384503,0.01765793416436355,4.241100046783686,9.856699965894222,124371.0,124371.0,0.0,0.0,8.77,0.0002,1e-05,100.0,0.01,-0.01420746754386018,0.0,0.21749141184873794,-0.014444893789455213,0.0,0.2179930778672177,0.0016634074370977714,0.0,0.0029167541572742836,1.146200221238607,0.0,0.7041625492518501,-1.19651706323107,0.0,-0.6939622294313182,0.7687375288497071,0.0,0.28550223761091453,0.636946510966661,-2.272041106920111,-1.952747060924408,-0.14188678223961387,0.1476894697458804,0.050527225422590874,-0.08070000000000001,0.08608,0.02152,0.000138449997177531,0.0,-0.0004456149015181132,9.897624841750182e-05,0.0,-5.605111696164403e-05
760,7.600031499983743,step,0.29643554788852927,0.002256459313913722,4.105800064280629,9.942299919202924,124371.0,124371.0,0.0,0.0,8.77,0.0002,1e-05,100.0,0.01,-0.014183937340638622,0.0,0.2178524515330089,-0.014444893789455213,0.0,0.2179930778672177,0.0016720654660286134,0.0,0.00291618988422345,1.1429198960587765,0.0,0.6661640514440748,-1.195912692955095,0.0,-0.6942555354699549,0.7641595370154411,0.0,0.2679215366771738,0.636946510966661,-2.2705071261322254,-1.9512130801365222,-0.14326642034397327,0.14506504227403663,0.049259517846578185,-0.08070000000000001,0.08608,0.02959,0.00015006807130473252,0.0,-7.282931221134437e-05,0.0001108883775118587,0.0,-6.779702199745995e-05
761,7.6101091001182795,step,0.3617337239444789,0.008143730651732654,4.368100082501769,10.077600134536624,124371.0,124371.0,0.0,0.0,8.77,0.0002,1e-05,100.0,0.01,-0.014290751195954174,0.0,0.21766582972297924,-0.014444893789455213,0.0,0.2179930778672177,0.0016675901214704592,0.0,0.002918751368006352,1.1541573369211868,0.0,0.6869922432064606,-1.1957853455595164,0.0,-0.6955253893084677,0.7726630884114409,0.0,0.2769921703257809,0.636946510966661,-2.272041106920111,-1.9512130801365222,-0.14139837076621384,0.14721063551958236,0.04944934471576299,-0.08070000000000001,0.07801000000000001,0.0269,3.16209760801352e-05,0.0,-0.0003153108681215879,0.00012252161742090425,0.0,-1.1937276116868794e-05
762,7.620145400054753,step,0.5550135279384503,0.021250723064584785,4.0478999726474285,10.03629993647337,124371.0,124371.0,0.0,0.0,8.77,0.0002,1e-05,100.0,0.01,-0.01420746754386018,0.0,0.21749141184873794,-0.014444893789455213,0.0,0.2179930778672177,0.0016634074370977714,0.0,0.0029167541572742836,1.1449109228863317,0.0,0.7075203374799625,-1.1952625566031085,0.0,-0.69751958998041,0.7678654149248219,0.0,0.28687570059605594,0.636946510966661,-2.272041106920111,-1.952747060924408,-0.14198857376330676,0.14779602876534492,0.05073076004508284,-0.08070000000000001,0.08339,0.02959,0.00012981103390794933,0.0,-0.0004951697006445587,0.00010761521168708348,0.0,-6.496317835198522e-06
763,7.630131100071594,step,0.29643554788852927,0.0026629866086131985,4.35320008546114,9.985700016841292,124371.0,124371.0,0.0,0.0,8.77,0.0002,1e-05,100.0,0.01,-0.014183937340638622,0.0,0.2178524515330089,-0.014444893789455213,0.0,0.2179930778672177,0.0016720654660286134,0.0,0.00291618988422345,1.1416653894463882,0.0,0.669721412082469,-1.1946466749864166,0.0,-0.6979111090169121,0.7633065247207624,0.0,0.2693766963450029,0.636946510966661,-2.2705071261322254,-1.9512130801365222,-0.14336339512242446,0.14518252070231497,0.049471243786556464,-0.07801000000000001,0.08608,0.0269,0.0001529263930458965,0.0,-9.721607600933848e-05,0.00010803005577069471,0.0,-4.341025819946584e-05
764,7.6401933000888675,step,0.3617337239444789,0.008507103329197348,4.1559000965207815,10.062200017273426,124371.0,124371.0,0.0,0.0,8.77,0.0002,1e-05,100.0,0.01,-0.014290751195954174,0.0,0.21766582972297924,-0.014444893789455213,0.0,0.2179930778672177,0.0,0.0,0.0,1.1776529984216588,0.0,0.7339877148389791,-1.1944754282656176,0.0,-0.6992042042285864,0.7883007976760645,0.0,0.29609461480250815,0.636946510966661,-2.272041106920111,-1.9512130801365222,-0.13857365770973581,0.15070680112075396,0.05072509390375774,-0.08070000000000001,0.08070000000000001,0.0269,4.252139148655599e-05,0.0,-0.00032108181382070307,0.00011162120201448346,0.0,-6.166330417753645e-06
765,7.650204699952155,step,0.5550135279384503,0.021173678263685405,3.900999901816249,10.011399863287807,124371.0,124371.0,0.0,0.0,8.77,0.0002,1e-05,100.0,0.01,-0.01420746754386018,0.0,0.21749141184873794,-0.014444893789455213,0.0,0.2179930778672177,0.0,0.0,0.0,1.1683007194754842,0.0,0.754509643181099,-1.1938931050382975,0.0,-0.701177940612114,0.7834943746975258,0.0,0.30602220194978763,0.636946510966661,-2.272041106920111,-1.952747060924408,-0.13917007181007784,0.15127130315010848,0.05198545569300505,-0.07532,0.07801000000000001,0.02959,0.00014459368217425335,0.0,-0.0004900883185596081,9.283256342077945e-05,0.0,-1.1577699920149102e-05
766,7.660205200081691,step,0.29643554788852927,0.0029174167236089834,3.891400061547756,10.000500129535794,124371.0,124371.0,0.0,0.0,8.77,0.0002,1e-05,100.0,0.01,-0.014183937340638622,0.0,0.2178524515330089,-0.014444893789455213,0.0,0.2179930778672177,0.0,0.0,0.0,1.165124212579501,0.0,0.7166818745534589,-1.1932158925059186,0.0,-0.7015313051982158,0.7788805895288545,0.0,0.28845321981305827,0.636946510966661,-2.2705071261322254,-1.9512130801365222,-0.1404124200237055,0.14871750570052777,0.050689079441865376,-0.07801000000000001,0.08070000000000001,0.0269,0.00016815515692518055,0.0,-8.774214088896047e-05,9.280129189141067e-05,0.0,-5.288419331984386e-05
767,7.670226100133732,step,0.29643554788852927,0.003403261044559732,3.9574000984430313,10.020900052040815,124371.0,124371.0,0.0,0.0,8.77,0.0002,1e-05,100.0,0.01,-0.014183937340638622,0.0,0.2178524515330089,-0.014444893789455213,0.0,0.2179930778672177,0.0,0.0,0.0,1.1644469547652245,0.0,0.7170345444687055,-1.1925552509405126,0.0,-0.7020254761513988,0.7784252902647831,0.0,0.28859931811300743,0.636946510966661,-2.2705071261322254,-1.9512130801365222,-0.14048069234961744,0.14870352620621044,0.050730309587135945,-0.07801000000000001,0.08608,0.02959,0.00016404050544064518,0.0,-0.0001227050448822253,9.691594337594604e-05,0.0,-1.7921289326579032e-05
768,7.680077200056985,step,0.29643554788852927,0.003946613070499663,3.961700014770031,9.85109992325306,124371.0,124371.0,0.0,0.0,8.77,0.0002,1e-05,100.0,0.01,-0.014183937340638622,0.0,0.2178524515330089,-0.014444893789455213,0.0,0.2179930778672177,0.0,0.0,0.0,1.163786313204097,0.0,0.7175287154368186,-1.1919065536837132,0.0,-0.7026325300889701,0.7779806628148224,0.0,0.28880307731357296,0.636946510966661,-2.2705071261322254,-1.9512130801365222,-0.1405457649781925,0.14869730266337872,0.05077752651752058,-0.07801000000000001,0.08339,0.02959,0.000161074675672159,0.0,-0.00015073443749747588,9.988177314443223e-05,0.0,1.0108103288671553e-05
769,7.690146000124514,step,0.29643554788852927,0.004471474511171532,3.877700073644519,10.068800067529082,124371.0,124371.0,0.0,0.0,8.77,0.0002,1e-05,100.0,0.01,-0.014183937340638622,0.0,0.2178524515330089,-0.014444893789455213,0.0,0.2179930778672177,0.0,0.0,0.0,1.16313761595264,0.0,0.7181357694248915,-1.1912658662364068,0.0,-0.7033280978405934,0.7775436695207165,0.0,0.2890528400798332,0.636946510966661,-2.2705071261322254,-1.9512130801365222,-0.14060842416498978,0.1486972056799079,0.05082956743566597,-0.07801000000000001,0.08070000000000001,0.02959,0.00015908580111974086,0.0,-0.0001727128469041442,0.00010187064769685036,0.0,3.208651269533987e-05
770,7.700169699965045,step,0.4665300455575253,0.015526930227358422,3.8247001357376575,10.023699840530753,124371.0,124371.0,0.0,0.0,8.77,0.0002,1e-05,100.0,0.01,-0.014100921340095107,0.0,0.21767790610850649,-0.014444893789455213,0.0,0.2179930778672177,0.0,0.0,0.0,1.1533450547240034,0.0,0.7380736240562688,-1.1902937016811443,0.0,-0.7047978876633104,0.7724123908911449,0.0,0.298722247543572,0.636946510966661,-2.2705071261322254,-1.952747060924408,-0.1412623984688261,0.14920838307966078,0.052080660905106636,-0.07801000000000001,0.08339,0.02959,0.00024139317500970027,0.0,-0.00036495594288232455,0.00010257927435040583,0.0,4.97841841711166e-05
771,7.7101048999466,step,0.29643554788852927,0.003937684545580901,4.365300061181188,9.935199981555343,124371.0,124371.0,0.0,0.0,8.77,0.0002,1e-05,100.0,0.01,-0.014183937340638622,0.0,0.2178524515330089,-0.014444893789455213,0.0,0.2179930778672177,0.0,0.0,0.0,1.1615246042369056,0.0,0.7203014628861153,-1.1897228061567156,0.0,-0.7054773103662748,0.776454888347212,0.0,0.28994155104911457,0.636946510966661,-2.2705071261322254,-1.9512130801365222,-0.14075756538064182,0.1487293620620586,0.05098955475224635,-0.08070000000000001,0.08339,0.024210000000000002,0.00014175612811091341,0.0,-0.0001687039530030359,0.0001192003207056778,0.0,2.8077618794231562e-05
772,7.72016720008105,step,0.29643554788852927,0.004415473232517607,3.8224998861551285,10.062300134450197,124371.0,124371.0,0.0,0.0,8.77,0.0002,1e-05,100.0,0.01,-0.014183937340638622,0.0,0.2178524515330089,-0.014444893789455213,0.0,0.2179930778672177,0.0,0.0,0.0,1.1609538684494056,0.0,0.7209805497578152,-1.1891401278295075,0.0,-0.7062145895627164,0.7760699319800602,0.0,0.2902204359481097,0.636946510966661,-2.2705071261322254,-1.9512130801365222,-0.1408112218603862,0.14873643475791007,0.051042098973969344,-0.07801000000000001,0.08339,0.02959,0.00014468185519898215,0.0,-0.00018307000099337383,0.00011627459361760907,0.0,4.244366678456951e-05
773,7.730114999925718,step,0.29643554788852927,0.004805244228681596,4.048099974170327,9.947799844667315,124371.0,124371.0,0.0,0.0,8.77,0.0002,1e-05,100.0,0.01,-0.014183937340638622,0.0,0.2178524515330089,-0.014444893789455213,0.0,0.2179930778672177,0.0,0.0,0.0,1.1603711901279783,0.0,0.7217178289569104,-1.188545209052426,0.0,-0.7069937689351412,0.7756767743774647,0.0,0.29052309626955297,0.636946510966661,-2.2705071261322254,-1.9512130801365222,-0.14086555449169647,0.14874582683378162,0.05109779260927222,-0.07532,0.08339,0.02959,0.0001477212182805784,0.0,-0.0001934740179463462,0.00011323523053601283,0.0,5.284768373754186e-05
774,7.7401718001347035,step,0.29643554788852927,0.005104607369440221,3.886000020429492,10.056800208985806,124371.0,124371.0,0.0,0.0,8.77,0.0002,1e-05,100.0,0.01,-0.014183937340638622,0.0,0.2178524515330089,-0.014444893789455213,0.0,0.2179930778672177,0.0,0.0,0.0,1.159776271345415,0.0,0.7224970083480808,-1.187937865678581,0.0,-0.7078012684708281,0.775275269886084,0.0,0.29084288769251915,0.636946510966661,-2.2705071261322254,-1.9512130801365222,-0.14092076031361928,0.14875672015083644,0.051155887222058445,-0.07532,0.08070000000000001,0.0269,0.00015080630592826722,0.0,-0.00020050605186452418,0.000110150142888324,0.0,5.987971765571986e-05
775,7.750177100067958,step,0.4665300455575253,0.016291559077384825,3.8422001525759697,10.005299933254719,124371.0,124371.0,0.0,0.0,8.77,0.0002,1e-05,100.0,0.01,-0.014100921340095107,0.0,0.21767790610850649,-0.014444893789455213,0.0,0.2179930778672177,0.0,0.0,0.0,1.1500170541811061,0.0,0.7425467947365906,-1.1869819643359982,0.0,-0.7093324655315375,0.7701682041006597,0.0,0.30055671017114494,0.636946510966661,-2.2705071261322254,-1.952747060924408,-0.14156949807148658,0.14927522630764883,0.052410967522699276,-0.07532,0.08070000000000001,0.02959,0.00023735494040903437,0.0,-0.00038020365796028735,0.00010661750895107173,0.0,6.50318992490794e-05
776,7.7601624999661,step,0.29643554788852927,0.004059719311308047,3.823900129646063,9.985399898141623,124371.0,124371.0,0.0,0.0,8.77,0.0002,1e-05,100.0,0.01,-0.014183937340638622,0.0,0.2178524515330089,-0.014444893789455213,0.0,0.2179930778672177,0.0,0.0,0.0,1.1582128668990408,0.0,0.7248360407818297,-1.1864132316852154,0.0,-0.7100313840061789,0.7742191765321382,0.0,0.291802136170448,0.636946510966661,-2.2705071261322254,-1.9512130801365222,-0.14106287838320059,0.14879973341364575,0.05132213749375859,-0.07801000000000001,0.08608,0.02959,0.00014121907609259153,0.0,-0.00017354484768380998,0.00011973737272399969,0.0,3.291851347500565e-05
777,7.7701860999222845,step,0.29643554788852927,0.004362170168749171,3.8551001343876123,10.023599956184626,124371.0,124371.0,0.0,0.0,8.77,0.0002,1e-05,100.0,0.01,-0.014183937340638622,0.0,0.2178524515330089,-0.014444893789455213,0.0,0.2179930778672177,0.0,0.0,0.0,1.1576442939788703,0.0,0.7255346234064526,-1.1858212483760882,0.0,-0.7107538726188675,0.7738356056917908,0.0,0.29208896590167527,0.636946510966661,-2.2705071261322254,-1.9512130801365222,-0.14111610743438927,0.1488078688474161,0.05137551119413949,-0.07801000000000001,0.08339,0.02959,0.0001469923273476932,0.0,-0.000179397427298845,0.00011396412146889802,0.0,3.8771093090040666e-05
778,7.78004700015299,step,0.4665300455575253,0.014928654314565127,3.966700052842498,9.860900230705738,124371.0,124371.0,0.0,0.0,8.77,0.0002,1e-05,100.0,0.01,-0.014100921340095107,0.0,0.21767790610850649,-0.014444893789455213,0.0,0.2179930778672177,0.0,0.0,0.0,1.1479004368854764,0.0,0.7454993988466008,-1.1848716929496526,0.0,-0.7121975053128169,0.7687406445851414,0.0,0.30176739673187863,0.636946510966661,-2.2705071261322254,-1.952747060924408,-0.14176370641178684,0.14932306386778363,0.05262605759797426,-0.07532,0.08339,0.02959,0.00023577921864581525,0.0,-0.00035846100092195736,0.00010819323071429085,0.0,4.328924221074941e-05
779,7.7900857999920845,step,0.4665300455575253,0.012782178164748935,3.9694998413324356,10.038799839094281,124371.0,124371.0,0.0,0.0,8.77,0.0002,1e-05,100.0,0.01,-0.014100921340095107,0.0,0.21767790610850649,-0.014444893789455213,0.0,0.2179930778672177,0.0,0.0,0.0,1.1469507217306256,0.0,0.7469433673640812,-1.1839657253213587,0.0,-0.7135149491596026,0.7680998286191476,0.0,0.3023592830676432,0.636946510966661,-2.2705071261322254,-1.952747060924408,-0.14184962056078665,0.14935042200478596,0.052728116960778997,-0.08070000000000001,0.07801000000000001,0.0269,0.00022495615692426124,0.0,-0.0003271276980332761,0.00011901629243584485,0.0,1.195593932206817e-05
780,7.800168100045994,step,0.29643554788852927,0.002696623013237147,3.8753999397158623,10.082300053909421,124371.0,124371.0,0.0,0.0,8.77,0.0002,1e-05,100.0,0.01,-0.014183937340638622,0.0,0.2178524515330089,-0.014444893789455213,0.0,0.2179930778672177,0.0,0.0,0.0,1.1551966278956927,0.0,0.7290185243374994,-1.1834298472433569,0.0,-0.7140171038052691,0.7721827774473384,0.0,0.29351812587131987,0.636946510966661,-2.2705071261322254,-1.9512130801365222,-0.14134041580373136,0.14886641832937436,0.051627492299479605,-0.08070000000000001,0.08339,0.0269,0.00013306112629464704,0.0,-0.00012468743445451214,0.00012789532252194418,0.0,-1.5938899754292185e-05
781,7.810183400055394,step,0.29643554788852927,0.0031159792771655592,3.790999995544553,10.015300009399652,124371.0,124371.0,0.0,0.0,8.77,0.0002,1e-05,100.0,0.01,-0.014183937340638622,0.0,0.2178524515330089,-0.014444893789455213,0.0,0.2179930778672177,0.0,0.0,0.0,1.154660909551716,0.0,0.72952034311752,-1.182856366110422,0.0,-0.7145596120960821,0.7718218904830101,0.0,0.29372458953208586,0.636946510966661,-2.2705071261322254,-1.9512130801365222,-0.1413921571076974,0.14886636247678098,0.051670492511572526,-0.08070000000000001,0.08339,0.02959,0.00014239814724567227,0.0,-0.00013470744029859397,0.00011855830157091895,0.0,-5.918893910210359e-06
782,7.82016220013611,step,0.29643554788852927,0.00348377111448053,4.005800001323223,9.97880008071661,124371.0,124371.0,0.0,0.0,8.77,0.0002,1e-05,100.0,0.01,-0.014183937340638622,0.0,0.2178524515330089,-0.014444893789455213,0.0,0.2179930778672177,0.0,0.0,0.0,1.1540874284130076,0.0,0.7300628514031421,-1.182249564830535,0.0,-0.7151328017938466,0.7714355469313138,0.0,0.29394777525297094,0.636946510966661,-2.2705071261322254,-1.9512130801365222,-0.14144749167530607,0.1488665651483301,0.0517167715906163,-0.07801000000000001,0.07801000000000001,0.02959,0.00015067170136885108,0.0,-0.00014232578247915043,0.00011028474744774014,0.0,1.6994482703461072e-06
783,7.830282000126317,step,0.29643554788852927,0.003796815417043341,3.738400060683489,10.119799990206957,124371.0,124371.0,0.0,0.0,8.77,0.0002,1e-05,100.0,0.01,-0.014183937340638622,0.0,0.2178524515330089,-0.014444893789455213,0.0,0.2179930778672177,0.0,0.0,0.0,1.1534806271182203,0.0,0.7306360411146302,-1.1816134256750328,0.0,-0.715728360404099,0.7710267589991364,0.0,0.2941835861353475,0.636946510966661,-2.2705071261322254,-1.9512130801365222,-0.14150604978914935,0.14886673816679966,0.051765700445491634,-0.07801000000000001,0.08070000000000001,0.02959,0.00015795643820109523,0.0,-0.00014788009196073872,0.00010300001061549599,0.0,7.253757751934394e-06
784,7.840234800009057,step,0.3708990025367693,0.006104611261064576,6.078500067815185,9.952799882739782,124371.0,124371.0,0.0,0.0,8.77,0.0002,1e-05,100.0,0.01,-0.014076837336835846,0.0,0.2180389092731313,-0.014444893789455213,0.0,0.2179930778672177,0.0,0.0,0.0,1.1410375385573077,0.0,0.7106760719734028,-1.1805179241128554,0.0,-0.7155841432779331,0.7617070232907022,0.0,0.28548180021688446,0.636946510966661,-2.26897314534434,-1.9512130801365222,-0.14336092967272376,0.14675101027807355,0.05159802795632695,-0.08070000000000001,0.08608,0.02959,0.00027201835213040313,0.0,3.580981201951752e-05,9.603810048896448e-05,0.0,1.0021593894086942e-05
785,7.850163700059056,step,0.4665300455575253,0.015193838234123132,7.134099956601858,9.928900049999356,124371.0,124371.0,0.0,0.0,8.77,0.0002,1e-05,100.0,0.01,-0.014100921340095107,0.0,0.21767790610850649,-0.014444893789455213,0.0,0.2179930778672177,0.0,0.0,0.0,1.142596906535687,0.0,0.7503293107198602,-1.1795791446838815,0.0,-0.717052973026597,0.7651696415105587,0.0,0.30375214223869723,0.636946510966661,-2.2705071261322254,-1.952747060924408,-0.14227675651444183,0.1493158889656199,0.053045378499735535,-0.07801000000000001,0.08608,0.0269,0.00023310348620209396,0.0,-0.00036471755183761756,0.00011086896315801214,0.0,4.9545793126409615e-05
786,7.860419300151989,step,0.29643554788852927,0.003491291727814569,4.326099995523691,10.255600092932582,124371.0,124371.0,0.0,0.0,8.77,0.0002,1e-05,100.0,0.01,-0.014183937340638622,0.0,0.2178524515330089,-0.014444893789455213,0.0,0.2179930778672177,0.0,0.0,0.0,1.1508100472403249,0.0,0.7325565482241666,-1.1790057097999154,0.0,-0.7176607812030916,0.7692296515708357,0.0,0.2949758023573833,0.636946510966661,-2.2705071261322254,-1.9512130801365222,-0.1417698828161518,0.14883777217551283,0.05195297540298546,-0.08070000000000001,0.08339,0.02959,0.00014238666340237718,0.0,-0.00015092171868091113,0.00011856978541421404,0.0,1.0295384472106803e-05
787,7.870209299959242,step,0.29643554788852927,0.0037441093273295435,4.1340000461786985,9.78999980725348,124371.0,124371.0,0.0,0.0,8.77,0.0002,1e-05,100.0,0.01,-0.014183937340638622,0.0,0.2178524515330089,-0.014444893789455213,0.0,0.2179930778672177,0.0,0.0,0.0,1.1502367720914681,0.0,0.7331640205626088,-1.178391397572835,0.0,-0.7182702419098853,0.7688432303487389,0.0,0.2952254852285989,0.636946510966661,-2.2705071261322254,-1.9512130801365222,-0.14182453588333419,0.14884119161943019,0.052002274780658476,-0.08070000000000001,0.07801000000000001,0.0269,0.00015253670599229605,0.0,-0.00015133204997053285,0.00010841974282429516,0.0,1.070571576172852e-05
788,7.880677399924025,step,0.4665300455575253,0.013499682650826263,4.425000166520476,10.468099964782596,124371.0,124371.0,0.0,0.0,8.77,0.0002,1e-05,100.0,0.01,-0.014100921340095107,0.0,0.21767790610850649,-0.014444893789455213,0.0,0.2179930778672177,0.0,0.0,0.0,1.1404705860722435,0.0,0.7530157680870552,-1.1774055597863267,0.0,-0.7195847990173772,0.7637361889156465,0.0,0.3048541647804898,0.636946510966661,-2.2705071261322254,-1.952747060924408,-0.14247473324071358,0.14935011158349906,0.053248428087859546,-0.08070000000000001,0.08339,0.02959,0.00024478830465643437,0.0,-0.00032641090666314936,9.918414470367172e-05,0.0,1.1239147951941407e-05
789,7.890181099995971,step,0.29643554788852927,0.003009309195579349,3.891599830240011,9.503700071945786,124371.0,124371.0,0.0,0.0,8.77,0.0002,1e-05,100.0,0.01,-0.014183937340638622,0.0,0.2178524515330089,-0.014444893789455213,0.0,0.2179930778672177,0.0,0.0,0.0,1.148636462335986,0.0,0.7350883741707493,-1.1767887222003879,0.0,-0.7200553021860052,0.7677637680067567,0.0,0.2960157152035267,0.636946510966661,-2.2705071261322254,-1.9512130801365222,-0.1419747800593571,0.1488620219694133,0.05215054875722932,-0.07532,0.08070000000000001,0.02959,0.00015316376484727953,0.0,-0.00011682821916559764,0.00010779268396931169,0.0,-2.3798115043206682e-05
790,7.9002203000709414,step,0.3708990025367693,0.006273004418200551,3.86850000359118,10.039200074970722,124371.0,124371.0,0.0,0.0,8.77,0.0002,1e-05,100.0,0.01,-0.014076837336835846,0.0,0.2180389092731313,-0.014444893789455213,0.0,0.2179930778672177,0.0,0.0,0.0,1.1362128350802438,0.0,0.715003013722601,-1.1757009327239996,0.0,-0.7197882536160803,0.7584579327583888,0.0,0.2872654354196864,0.636946510966661,-2.26897314534434,-1.9512130801365222,-0.1438295253768022,0.1467405693461647,0.05197618535036677,-0.08070000000000001,0.08339,0.02959,0.0002701034038178834,0.0,6.630945535608788e-05,9.795304880148425e-05,0.0,-2.0478049442483422e-05
791,7.910185300046578,step,0.29643554788852927,0.0038928723506007163,3.8803000934422016,9.964999975636601,124371.0,124371.0,0.0,0.0,8.77,0.0002,1e-05,100.0,0.01,-0.014183937340638622,0.0,0.2178524515330089,-0.014444893789455213,0.0,0.2179930778672177,0.0,0.0,0.0,1.1469317889351904,0.0,0.7352911341629098,-1.1750965227946335,0.0,-0.7204311090488207,0.7666200444810723,0.0,0.2961040803816376,0.636946510966661,-2.2705071261322254,-1.9512130801365222,-0.14215357773523662,0.1487930213805757,0.05222240335958632,-0.07801000000000001,0.07801000000000001,0.02959,0.00015007791743411162,0.0,-0.00015962412241981444,0.0001108785313824796,0.0,1.8997788211010114e-05
792,7.920183700043708,step,0.29643554788852927,0.004048094073289129,4.299500025808811,9.998399997130036,124371.0,124371.0,0.0,0.0,8.77,0.0002,1e-05,100.0,0.01,-0.014183937340638622,0.0,0.2178524515330089,-0.014444893789455213,0.0,0.2179930778672177,0.0,0.0,0.0,1.1463275850691275,0.0,0.7359343483759632,-1.1744504367047137,0.0,-0.7210573610580548,0.7662127656219698,0.0,0.29636844454951916,0.636946510966661,-2.2705071261322254,-1.9512130801365222,-0.14221114924621972,0.14879677184374035,0.052274500824719586,-0.07801000000000001,0.08608,0.02959,0.00016042631026929032,0.0,-0.00015550141182057184,0.0001005301385473009,0.0,1.4875077611767513e-05
793,7.93018290004693,step,0.468854814478757,0.012095938384923887,3.9274999871850014,9.999200003221631,124371.0,124371.0,0.0,0.0,8.77,0.0002,1e-05,100.0,0.01,-0.013994089183187453,0.0,0.21786423670909003,-0.014444893789455213,0.0,0.2179930778672177,0.0,0.0,0.0,1.1247522038519953,0.0,0.7352613756348166,-1.173000045111313,0.0,-0.7216191011249692,0.7521813151946143,0.0,0.2970440766246621,0.636946510966661,-2.26897314534434,-1.952747060924408,-0.1446604929175826,0.14718676492759764,0.05330502354115435,-0.08070000000000001,0.08339,0.02959,0.00036013926844292386,0.0,-0.00013948278359727067,9.066533782483693e-05,0.0,1.064162546960239e-05
794,7.940194400027394,step,0.468854814478757,0.010458307110281975,3.8676001131534576,10.011499980464578,124371.0,124371.0,0.0,0.0,8.77,0.0002,1e-05,100.0,0.01,-0.013994089183187453,0.0,0.21786423670909003,-0.014444893789455213,0.0,0.2179930778672177,0.0,0.0,0.0,1.1233014469838594,0.0,0.7358230930201037,-1.171664111893844,0.0,-0.722173126269272,0.7512067806154836,0.0,0.2972776432639996,0.636946510966661,-2.26897314534434,-1.952747060924408,-0.144808752990304,0.14714716246309067,0.05338426464686247,-0.07801000000000001,0.08339,0.02959,0.0003317186984652282,0.0,-0.0001375671308879785,0.00011908590780253258,0.0,8.725972760310218e-06
795,7.950189500115812,step,0.3708990025367693,0.004250687863049639,4.133200040087104,9.99510008841753,124371.0,124371.0,0.0,0.0,8.77,0.0002,1e-05,100.0,0.01,-0.014076837336835846,0.0,0.2180389092731313,-0.014444893789455213,0.0,0.2179930778672177,0.0,0.0,0.0,1.13108785952286,0.0,0.7171208151656607,-1.1707564818030094,0.0,-0.7220108142523989,0.7550162065183376,0.0,0.2881491048639193,0.636946510966661,-2.26897314534434,-1.9512130801365222,-0.14435212959657326,0.14660731693392465,0.05226220210167772,-0.07801000000000001,0.08070000000000001,0.02959,0.00022536895443769897,0.0,4.030286115980896e-05,0.00014268749818166865,0.0,5.528544753795504e-06
796,7.960218599997461,step,0.3708990025367693,0.004022008102026639,3.8043998647481203,10.029099881649017,124371.0,124371.0,0.0,0.0,8.77,0.0002,1e-05,100.0,0.01,-0.014076837336835846,0.0,0.2180389092731313,-0.014444893789455213,0.0,0.2179930778672177,0.0,0.0,0.0,1.1301803886772546,0.0,0.7169581670830262,-1.1698604600871538,0.0,-0.7219714860803034,0.7544088631068481,0.0,0.2880862656120889,0.636946510966661,-2.26897314534434,-1.9512130801365222,-0.14445005580753692,0.14655722176507022,0.052287753197207014,-0.08070000000000001,0.08339,0.0269,0.00022248653861857968,0.0,9.765375910985959e-06,0.00014556991400078794,0.0,3.60660300026185e-05
797,7.970176000148058,step,0.468854814478757,0.010431328916602433,3.8055998738855124,9.957400150597095,124371.0,124371.0,0.0,0.0,8.77,0.0002,1e-05,100.0,0.01,-0.013994089183187453,0.0,0.21786423670909003,-0.014444893789455213,0.0,0.2179930778672177,0.0,0.0,0.0,1.1201620212470693,0.0,0.736175141936423,-1.1686361096204148,0.0,-0.7227377965382227,0.7491003757473812,0.0,0.29743043271676534,0.636946510966661,-2.26897314534434,-1.952747060924408,-0.1451383605667945,0.14701881930412203,0.0535154668782407,-0.07801000000000001,0.07801000000000001,0.02152,0.0003040121601747929,0.0,-0.0001902786040479569,0.00014679244609296788,0.0,6.143744592028861e-05
798,7.980190000031143,step,0.29643554788852927,0.0036323183549525047,3.8668999914079905,10.01399988308549,124371.0,124371.0,0.0,0.0,8.77,0.0002,1e-05,100.0,0.01,-0.014183937340638622,0.0,0.2178524515330089,-0.014444893789455213,0.0,0.2179930778672177,0.0,0.0,0.0,1.1398668067026483,0.0,0.7382410132678342,-1.168246229404659,0.0,-0.723495726012747,0.761872899547362,0.0,0.2973307586801773,0.636946510966661,-2.2705071261322254,-1.9512130801365222,-0.1428731805055371,0.14861119650772725,0.05261852470573813,-0.08070000000000001,0.08339,0.0269,9.68091488681588e-05,0.0,-0.00018819756521512161,0.00016414729994843242,0.0,4.757123100631729e-05
799,7.990165299968794,step,0.3708990025367693,0.004221152325252592,4.357200115919113,9.975299937650561,124371.0,124371.0,0.0,0.0,8.77,0.0002,1e-05,100.0,0.01,-0.014076837336835846,0.0,0.2180389092731313,-0.014444893789455213,0.0,0.2179930778672177,0.0,0.0,0.0,1.1276703423718326,0.0,0.7184434376531335,-1.1673291620078812,0.0,-0.7234389998739928,0.7527214864647518,0.0,0.28870181737203554,0.636946510966661,-2.26897314534434,-1.9512130801365222,-0.1447015190167969,0.14651404291921974,0.05244874625856737,-0.08070000000000001,0.08339,0.0269,0.0002277122832834088,0.0,1.4085375429282834e-05,0.0001403441693359588,0.0,3.174603048432163e-05
800,8.000207599950954,step,0.29643554788852927,0.004261423356821937,3.8119000382721424,10.04229998216033,124371.0,124371.0,0.0,0.0,8.77,0.0002,1e-05,100.0,0.01,-0.014183937340638622,0.0,0.2178524515330089,-0.014444893789455213,0.0,0.2179930778672177,0.0,0.0,0.0,1.1385600182954654,0.0,0.7389418805149358,-1.16684726159671,0.0,-0.7242264366429321,0.7609943188395931,0.0,0.29762097244422464,0.636946510966661,-2.2705071261322254,-1.9512130801365222,-0.14300470697546178,0.14858522884207837,0.05269902934883532,-0.08070000000000001,0.08339,0.0269,0.00011965820977670417,0.0,-0.00019552436955725183,0.00014129823903988705,0.0,5.4898035348447505e-05
801,8.010507100028917,step,0.468854814478757,0.011117312289281242,5.853900220245123,10.299500077962875,124371.0,124371.0,0.0,0.0,8.77,0.0002,1e-05,100.0,0.01,-0.013994089183187453,0.0,0.21786423670909003,-0.014444893789455213,0.0,0.2179930778672177,0.0,0.0,0.0,1.1171490288031989,0.0,0.7384304512669928,-1.1655139237274186,0.0,-0.7248940237789446,0.7470732950678823,0.0,0.29836013355894836,0.636946510966661,-2.26897314534434,-1.952747060924408,-0.14543521092474612,0.14699033683973087,0.05373081697800071,-0.08339,0.08339,0.0269,0.00033107426092284745,0.0,-0.00016576512431496268,0.00011973034534491333,0.0,3.692396618729441e-05
802,8.020481300074607,step,0.3708990025367693,0.0043111790783132275,3.7026999052613974,9.97420004568994,124371.0,124371.0,0.0,0.0,8.77,0.0002,1e-05,100.0,0.01,-0.014076837336835846,0.0,0.2180389092731313,-0.014444893789455213,0.0,0.2179930778672177,0.0,0.0,0.0,1.1249376713828725,0.0,0.7198417127277127,-1.1645901231498164,0.0,-0.7248000647001691,0.7508852956598989,0.0,0.28928274313192526,0.636946510966661,-2.26897314534434,-1.9512130801365222,-0.14497747799767677,0.14645625325381229,0.05261380961158125,-0.08070000000000001,0.08070000000000001,0.02959,0.00022938416474459772,0.0,2.3330495052332656e-05,0.0001386722878747699,0.0,2.2500910861271806e-05
803,8.030241000000387,step,0.468854814478757,0.010407007390097872,3.7420999724417925,9.759699925780296,124371.0,124371.0,0.0,0.0,8.77,0.0002,1e-05,100.0,0.01,-0.013994089183187453,0.0,0.21786423670909003,-0.014444893789455213,0.0,0.2179930778672177,0.0,0.0,0.0,1.1148916842862933,0.0,0.7390037205551111,-1.1633278704343026,0.0,-0.725498720237754,0.7455578052414773,0.0,0.2986007342579644,0.636946510966661,-2.26897314534434,-1.952747060924408,-0.14566895611832562,0.1469138638804947,0.05384008696217939,-0.08070000000000001,0.07801000000000001,0.02959,0.000313423472408077,0.0,-0.00017347955913716472,0.00013738113385968376,0.0,4.4638401009496444e-05
804,8.040307800052688,step,0.29643554788852927,0.003264999242505096,3.7607999984174967,10.066800052300096,124371.0,124371.0,0.0,0.0,8.77,0.0002,1e-05,100.0,0.01,-0.014183937340638622,0.0,0.2178524515330089,-0.014444893789455213,0.0,0.2179930778672177,0.0,0.0,0.0,1.13455856749958,0.0,0.7410019369371004,-1.1628924573045285,0.0,-0.7261794663394111,0.7583043470010171,0.0,0.29847452950364245,0.636946510966661,-2.2705071261322254,-1.9512130801365222,-0.14340832112607424,0.14850146714314383,0.05294152869551481,-0.08070000000000001,0.07801000000000001,0.02959,0.00010811519229754474,0.0,-0.00016903255931821862,0.00015284125651904648,0.0,2.840622510941429e-05
805,8.050205900100991,step,0.3708990025367693,0.004784661167596045,3.9841998368501663,9.898100048303604,124371.0,124371.0,0.0,0.0,8.77,0.0002,1e-05,100.0,0.01,-0.014076837336835846,0.0,0.2180389092731313,-0.014444893789455213,0.0,0.2179930778672177,0.0,0.0,0.0,1.1223165702513398,0.0,0.7211271779452698,-1.161924364393959,0.0,-0.7260390086944633,0.7491242883882331,0.0,0.28981722178036073,0.636946510966661,-2.26897314534434,-1.9512130801365222,-0.14524272865697987,0.14639807655673123,0.05276953307763772,-0.08070000000000001,0.08339,0.02959,0.0002403821658809964,0.0,3.487631459591605e-05,0.00012767428673837123,0.0,1.095509131768841e-05
806,8.060212099924684,step,0.29643554788852927,0.003887420824475573,3.814700059592724,10.006199823692441,124371.0,124371.0,0.0,0.0,8.77,0.0002,1e-05,100.0,0.01,-0.014183937340638622,0.0,0.2178524515330089,-0.014444893789455213,0.0,0.2179930778672177,0.0,0.0,0.0,1.1331552206587132,0.0,0.7415418892979416,-1.1613877636611265,0.0,-0.7267386827746026,0.7573615546168956,0.0,0.2986994293123317,0.636946510966661,-2.2705071261322254,-1.9512130801365222,-0.1435517258488826,0.1484630798031992,0.053018068224198994,-0.08070000000000001,0.08070000000000001,0.02959,0.00013324056499463475,0.0,-0.0001737324681943509,0.00012771588382195646,0.0,3.3106133985546566e-05
807,8.070406700018793,step,0.29643554788852927,0.0038876388623600546,5.247700028121471,10.194600094109774,124371.0,124371.0,0.0,0.0,8.77,0.0002,1e-05,100.0,0.01,-0.014183937340638622,0.0,0.2178524515330089,-0.014444893789455213,0.0,0.2179930778672177,0.0,0.0,0.0,1.1326188259659673,0.0,0.7422419221271758,-1.1607663723087314,0.0,-0.727364302914656,0.7569995557159389,0.0,0.29898674367146966,0.636946510966661,-2.2705071261322254,-1.9512130801365222,-0.14360152624111758,0.14847277827592195,0.053070331540777775,-0.08070000000000001,0.07801000000000001,0.02959,0.00015429448714856487,0.0,-0.00015534451563780678,0.00010666196166802635,0.0,1.4718181429002454e-05
808,8.080153499962762,step,0.29643554788852927,0.0039766646113510735,4.028900060802698,9.746799943968654,124371.0,124371.0,0.0,0.0,8.77,0.0002,1e-05,100.0,0.01,-0.014183937340638622,0.0,0.2178524515330089,-0.014444893789455213,0.0,0.2179930778672177,0.0,0.0,0.0,1.1319974345898962,0.0,0.7428675422589204,-1.1600741254505147,0.0,-0.7279265548239986,0.756580810404187,0.0,0.2992439885777962,0.636946510966661,-2.2705071261322254,-1.9512130801365222,-0.14366109990328674,0.14847486350113848,0.053122238179660435,-0.07801000000000001,0.08070000000000001,0.024210000000000002,0.000171888252961744,0.0,-0.00013960987655511382,8.906819585484721e-05,0.0,-1.0164576536905029e-06
809,8.090333000058308,step,0.4665300455575253,0.013291940999808481,3.838200122117996,10.179500095546246,124371.0,124371.0,0.0,0.0,8.77,0.0002,1e-05,100.0,0.01,-0.014100921340095107,0.0,0.21767790610850649,-0.014444893789455213,0.0,0.2179930778672177,0.0,0.0,0.0,1.1221533139150603,0.0,0.7626720809800563,-1.1589872324726993,0.0,-0.7291418950458036,0.7514190580290607,0.0,0.30884017567342936,0.636946510966661,-2.2705071261322254,-1.952747060924408,-0.14431899265675888,0.14897783648751722,0.05436946802319443,-0.08070000000000001,0.08070000000000001,0.0269,0.0002698807988733599,0.0,-0.00030177487264928014,7.40916504867462e-05,0.0,-1.3396886061927814e-05
810,8.100192399928346,step,0.4665300455575253,0.011119620991063846,3.882999997586012,9.859399870038033,124371.0,124371.0,0.0,0.0,8.77,0.0002,1e-05,100.0,0.01,-0.014100921340095107,0.0,0.21767790610850649,-0.014444893789455213,0.0,0.2179930778672177,0.0,0.0,0.0,1.1210662611922317,0.0,0.7638877569949457,-1.1579159597355115,0.0,-0.7301793433195846,0.7506865919834954,0.0,0.30933915376747084,0.636946510966661,-2.2705071261322254,-1.952747060924408,-0.14442182881415025,0.14898752990939707,0.054465927512458476,-0.07801000000000001,0.08339,0.0269,0.00026600221735223505,0.0,-0.00025760343900694914,7.797023200787105e-05,0.0,-5.756831970425881e-05
811,8.110256199957803,step,0.29643554788852927,0.0027718609286788705,4.21990011818707,10.063800029456615,124371.0,124371.0,0.0,0.0,8.77,0.0002,1e-05,100.0,0.01,-0.014183937340638622,0.0,0.2178524515330089,-0.014444893789455213,0.0,0.2179930778672177,0.0,0.0,0.0,1.129146862235896,0.0,0.7456829183722282,-1.1571946211924347,0.0,-0.7303638504793577,0.754660038464888,0.0,0.3004018059470824,0.636946510966661,-2.2705071261322254,-1.9512130801365222,-0.14393494263123305,0.14848173394365557,0.053357810253907345,-0.08070000000000001,0.07801000000000001,0.0269,0.00017911185943531672,0.0,-4.581402280979414e-05,8.18445893812745e-05,0.0,-9.481231139901019e-05
812,8.120188600150868,step,0.3708990025367693,0.0088190880249409,4.099100129678845,9.932400193065405,124371.0,124371.0,0.0,0.0,8.77,0.0002,1e-05,100.0,0.01,-0.014076837336835846,0.0,0.2180389092731313,-0.014444893789455213,0.0,0.2179930778672177,0.0,0.0,0.0,1.1166187340255422,0.0,0.7253115618880074,-1.1559884653549912,0.0,-0.7298079676672569,0.7452907820739191,0.0,0.29154608004280114,0.636946510966661,-2.26897314534434,-1.9512130801365222,-0.1458054054110657,0.14634012291689055,0.053172925154547676,-0.08070000000000001,0.08608,0.0269,0.00029949434545916743,0.0,0.00013802839881372618,6.856210716020019e-05,0.0,-9.219699290012172e-05
813,8.13034850009717,step,0.29643554788852927,0.003314824185300787,3.8579998072236776,10.159899946302176,124371.0,124371.0,0.0,0.0,8.77,0.0002,1e-05,100.0,0.01,-0.014183937340638622,0.0,0.2178524515330089,-0.014444893789455213,0.0,0.2179930778672177,0.0,0.0,0.0,1.1272193215132362,0.0,0.7453108480848735,-1.1552562529526174,0.0,-0.7301640994334193,0.7533687831518854,0.0,0.3002564470358446,0.636946510966661,-2.2705071261322254,-1.9512130801365222,-0.14414322214422984,0.14837402465011382,0.053411031899033894,-0.08070000000000001,0.08070000000000001,0.0269,0.00018181189144751377,0.0,-8.842924512151489e-05,7.914455736907745e-05,0.0,-5.219708908728944e-05
814,8.140168700134382,step,0.3708990025367693,0.00819858498698679,4.162400029599667,9.82020003721118,124371.0,124371.0,0.0,0.0,8.77,0.0002,1e-05,100.0,0.01,-0.014076837336835846,0.0,0.2180389092731313,-0.014444893789455213,0.0,0.2179930778672177,0.0,0.0,0.0,1.1146803657776532,0.0,0.7251118108707879,-1.1540429622406811,0.0,-0.7297546575624209,0.7439929189633147,0.0,0.29147208928794516,0.636946510966661,-2.26897314534434,-1.9512130801365222,-0.14601309665789283,0.14624039755172602,0.05323439465268508,-0.08070000000000001,0.08339,0.02959,0.0003012659694067441,0.0,0.0001016664027578551,6.679048321262351e-05,0.0,-5.583499684425064e-05
815,8.15017700009048,step,0.3708990025367693,0.007221962138574171,4.320200067013502,10.008299956098199,124371.0,124371.0,0.0,0.0,8.77,0.0002,1e-05,100.0,0.01,-0.014076837336835846,0.0,0.2180389092731313,-0.014444893789455213,0.0,0.2179930778672177,0.0,0.0,0.0,1.113466869003455,0.0,0.7247020102840547,-1.1528730539610457,0.0,-0.7294795084302118,0.7431815044445964,0.0,0.2913096169545664,0.636946510966661,-2.26897314534434,-1.9512130801365222,-0.14614597419527323,0.1461639302352315,0.05325958699427862,-0.08070000000000001,0.08339,0.0269,0.0002904939010197164,0.0,6.832086426682037e-05,7.75625515996512e-05,0.0,-2.2489458353215904e-05
816,8.160250300075859,step,0.3708990025367693,0.006555273108690064,3.7738000974059105,10.07329998537898,124371.0,124371.0,0.0,0.0,8.77,0.0002,1e-05,100.0,0.01,-0.014076837336835846,0.0,0.2180389092731313,-0.014444893789455213,0.0,0.2179930778672177,0.0,0.0,0.0,1.1122969607289586,0.0,0.7244268611871019,-1.151739857545329,0.0,-0.729315433736414,0.742398772352152,0.0,0.2912019016230359,0.636946510966661,-2.26897314534434,-1.9512130801365222,-0.14627287656264615,0.14609612101680627,0.05328947199216447,-0.08339,0.08339,0.03228,0.0002813781671206719,0.0,4.074054239088638e-05,8.667828549869573e-05,0.0,5.09086352271808e-06
817,8.170149100013077,step,0.3708990025367693,0.006104064882654519,3.858900163322687,9.898799937218428,124371.0,124371.0,0.0,0.0,8.77,0.0002,1e-05,100.0,0.01,-0.014076837336835846,0.0,0.2180389092731313,-0.014444893789455213,0.0,0.2179930778672177,0.0,0.0,0.0,1.111163764329671,0.0,0.7242627865430059,-1.1506374026120716,0.0,-0.7292419075732651,0.7416402066970469,0.0,0.29113935260149254,0.636946510966661,-2.26897314534434,-1.9512130801365222,-0.1463947698148833,0.14603548892696952,0.05332320038248179,-0.08070000000000001,0.07801000000000001,0.02959,0.0002737449079001072,0.0,1.8256902982862355e-05,9.431154471926039e-05,0.0,2.7574502930742107e-05
818,8.18014320009388,step,0.4665300455575253,0.015467891002070945,3.8411999121308327,9.994100080803037,124371.0,124371.0,0.0,0.0,8.77,0.0002,1e-05,100.0,0.01,-0.014100921340095107,0.0,0.21767790610850649,-0.014444893789455213,0.0,0.2179930778672177,0.0,0.0,0.0,1.1127163850175377,0.0,0.763987075022011,-1.1496579061363192,0.0,-0.7307027856839927,0.7450818816117131,0.0,0.3093991554712821,0.636946510966661,-2.2705071261322254,-1.952747060924408,-0.14530680406534047,0.14860501069731372,0.05477655726794346,-0.08070000000000001,0.08070000000000001,0.02959,0.00024321372643420147,0.0,-0.0003627431215649071,0.00010075872292590463,0.0,4.757136285369912e-05
819,8.190228200051934,step,0.29643554788852927,0.0034913969403110694,3.802899969741702,10.084999958053231,124371.0,124371.0,0.0,0.0,8.77,0.0002,1e-05,100.0,0.01,-0.014183937340638622,0.0,0.2178524515330089,-0.014444893789455213,0.0,0.2179930778672177,0.0,0.0,0.0,1.1208888086745612,0.0,0.7462063608780175,-1.1490169952038851,0.0,-0.7312389876652913,0.7491209526954793,0.0,0.3006427412931437,0.636946510966661,-2.2705071261322254,-1.9512130801365222,-0.14480576180606194,0.14812481956752077,0.05368451617665463,-0.07801000000000001,0.08339,0.02959,0.0001591412935610821,0.0,-0.00013314155305446066,0.0001018151552555091,0.0,-7.484781154343668e-06
820,8.200530500151217,step,0.3708990025367693,0.006812709042707076,3.5659000277519226,10.302300099283457,124371.0,124371.0,0.0,0.0,8.77,0.0002,1e-05,100.0,0.01,-0.014076837336835846,0.0,0.2180389092731313,-0.014444893789455213,0.0,0.2179930778672177,0.0,0.0,0.0,1.1084411080729837,0.0,0.72618669923129,-1.1478808350489567,0.0,-0.7309712528881431,0.739808694485048,0.0,0.29193465143522646,0.636946510966661,-2.26897314534434,-1.9512130801365222,-0.14666439688497793,0.1460040722436012,0.05351243103602358,-0.08070000000000001,0.08339,0.02959,0.0002821140779439269,0.0,6.647984393841504e-05,8.594237467544072e-05,0.0,-2.064843802481058e-05
821,8.210201800102368,step,0.3708990025367693,0.006249050732378141,3.7650999147444963,9.671299951151013,124371.0,124371.0,0.0,0.0,8.77,0.0002,1e-05,100.0,0.01,-0.014076837336835846,0.0,0.2180389092731313,-0.014444893789455213,0.0,0.2179930778672177,0.0,0.0,0.0,1.1073047418462323,0.0,0.7259186056731851,-1.1467753870218707,0.0,-0.7308045351449751,0.7390484070610085,0.0,0.29182968451772234,0.636946510966661,-2.26897314534434,-1.9512130801365222,-0.1467876692291573,0.1459381660937575,0.053541420324725315,-0.08339,0.08339,0.02959,0.00027448810761718527,0.0,4.139682437086343e-05,9.356834500218235e-05,0.0,4.434581542741031e-06
822,8.220190500142053,step,0.3708990025367693,0.005867476389165606,4.422800149768591,9.988700039684772,124371.0,124371.0,0.0,0.0,8.77,0.0002,1e-05,100.0,0.01,-0.014076837336835846,0.0,0.2180389092731313,-0.014444893789455213,0.0,0.2179930778672177,0.0,0.0,0.0,1.106199293818632,0.0,0.7257518879503883,-1.1456953910413965,0.0,-0.7307202501522844,0.7383084419986261,0.0,0.2917659501519189,0.636946510966661,-2.26897314534434,-1.9512130801365222,-0.14690664447374174,0.14587869038349927,0.053574011937603486,-0.08339,0.08070000000000001,0.02959,0.0002681682409763921,0.0,2.09283725488073e-05,9.988821164297551e-05,0.0,2.490303336479716e-05
823,8.230426700087264,step,0.3708990025367693,0.00561115992281466,3.594800131395459,10.23619994521141,124371.0,124371.0,0.0,0.0,8.77,0.0002,1e-05,100.0,0.01,-0.014076837336835846,0.0,0.2180389092731313,-0.014444893789455213,0.0,0.2179930778672177,0.0,0.0,0.0,1.10511929784954,0.0,0.7256676029945738,-1.1446361925816246,0.0,-0.7307020675402596,0.7375852103766026,0.0,0.2917357424289545,0.636946510966661,-2.26897314534434,-1.9512130801365222,-0.14702209254813123,0.14582445795341,0.053609521378517475,-0.08070000000000001,0.07801000000000001,0.02959,0.00026300411569791637,0.0,4.5148307690070995e-06,0.00010505233692145125,0.0,4.131657514459736e-05
824,8.240162699948996,step,0.29643554788852927,0.004963596614805384,3.845500061288476,9.735999861732125,124371.0,124371.0,0.0,0.0,8.77,0.0002,1e-05,100.0,0.01,-0.014183937340638622,0.0,0.2178524515330089,-0.014444893789455213,0.0,0.2179930778672177,0.0,0.0,0.0,1.1158670487913598,0.0,0.7462049481736233,-1.144027401465437,0.0,-0.7314907960739213,0.7457536715104622,0.0,0.30065884612599225,0.636946510966661,-2.2705071261322254,-1.9512130801365222,-0.1453385573487769,0.14789199396272495,0.0538682860258134,-0.08339,0.08339,0.02959,0.00015116578737487847,0.0,-0.00019584512100415474,0.00010979066144171275,0.0,5.5218786795350414e-05
825,8.2503043001052,step,0.29643554788852927,0.004648133189127636,3.8307998329401016,10.141600156202912,124371.0,124371.0,0.0,0.0,8.77,0.0002,1e-05,100.0,0.01,-0.014183937340638622,0.0,0.2178524515330089,-0.014444893789455213,0.0,0.2179930778672177,0.0,0.0,0.0,1.1152584637379768,0.0,0.746994035466339,-1.1433502619681792,0.0,-0.7321771696887106,0.745342970339822,0.0,0.30098272422508937,0.636946510966661,-2.2705071261322254,-1.9512130801365222,-0.14539511248213458,0.14790274300090886,0.053927342717707084,-0.08070000000000001,0.08608,0.02959,0.00016813702195034528,0.0,-0.00017042989812782655,9.281942686624594e-05,0.0,2.9803563919022222e-05
826,8.260379099985585,step,0.4665300455575253,0.014251836646548834,3.7454001139849424,10.074799880385399,124371.0,124371.0,0.0,0.0,8.77,0.0002,1e-05,100.0,0.01,-0.014100921340095107,0.0,0.21767790610850649,-0.014444893789455213,0.0,0.2179930778672177,0.0,0.0,0.0,1.105429450439482,0.0,0.766922695900306,-1.142280278747921,0.0,-0.733483118859879,0.7401840185417771,0.0,0.31061494591301486,0.636946510966661,-2.2705071261322254,-1.952747060924408,-0.14604980453943628,0.1484121069374442,0.0551803366587391,-0.08070000000000001,0.07532,0.02959,0.00026568202404322216,0.0,-0.00032427351431722794,7.829042531688394e-05,0.0,9.101755606019993e-06
827,8.270214700140059,step,0.468854814478757,0.011632616128753229,4.0247999131679535,9.835600154474378,124371.0,124371.0,0.0,0.0,8.77,0.0002,1e-05,100.0,0.01,-0.013994089183187453,0.0,0.21786423670909003,-0.014444893789455213,0.0,0.2179930778672177,0.0,0.0,0.0,1.092581886137112,0.0,0.7476874692416454,-1.1407945016081278,0.0,-0.7338280674308555,0.7305712417724444,0.0,0.3022111688252982,0.636946510966661,-2.26897314534434,-1.952747060924408,-0.147948441844918,0.1463071092803818,0.0550607884249782,-0.08339,0.08608,0.02959,0.0003689256712662509,0.0,-8.565240350753098e-05,8.187893500150988e-05,0.0,-4.31887546201373e-05
828,8.280202399939299,step,0.3708990025367693,0.006328485382955926,3.88510012999177,9.987699799239635,124371.0,124371.0,0.0,0.0,8.77,0.0002,1e-05,100.0,0.01,-0.014076837336835846,0.0,0.2180389092731313,-0.014444893789455213,0.0,0.2179930778672177,0.0,0.0,0.0,1.1002182491843302,0.0,0.7287757562585241,-1.1397395490611881,0.0,-0.7334372065856734,0.7342896804320234,0.0,0.2930225190795711,0.636946510966661,-2.26897314534434,-1.9512130801365222,-0.14751100720562527,0.14575040306181586,0.053933582579327496,-0.08070000000000001,0.08339,0.02959,0.0002619498349449471,0.0,9.705264391171578e-05,0.00010610661767442053,0.0,-5.122123799811132e-05
829,8.290165200131014,step,0.29643554788852927,0.002959801607916238,6.481599994003773,9.96280019171536,124371.0,124371.0,0.0,0.0,8.77,0.0002,1e-05,100.0,0.01,-0.014183937340638622,0.0,0.2178524515330089,-0.014444893789455213,0.0,0.2179930778672177,0.0,0.0,0.0,1.110970405261803,0.0,0.7489400870755558,-1.1391342023799074,0.0,-0.7339120915370516,0.7424611955683452,0.0,0.3017907325210348,0.636946510966661,-2.2705071261322254,-1.9512130801365222,-0.14583029174335296,0.14780006886155397,0.0541750206199921,-0.08339,0.07801000000000001,0.0269,0.00015031051747869294,0.0,-0.00011791623707837027,0.00011064593133789828,0.0,-2.2710097130434058e-05
830,8.30028049997054,step,0.468854814478757,0.011125797060923762,5.609200103208423,10.115299839526415,124371.0,124371.0,0.0,0.0,8.77,0.0002,1e-05,100.0,0.01,-0.013994089183187453,0.0,0.21786423670909003,-0.014444893789455213,0.0,0.2179930778672177,0.0,0.0,0.0,1.0894359695311668,0.0,0.7481161060212789,-1.1376910133806277,0.0,-0.7342894043045842,0.7284602639854074,0.0,0.3023952547150224,0.636946510966661,-2.26897314534434,-1.952747060924408,-0.14827796008585117,0.14618224708425076,0.05519580012694342,-0.08070000000000001,0.08608,0.0269,0.0003583508293830745,0.0,-9.368859051007107e-05,9.245377688468629e-05,0.0,-3.51525676175972e-05
831,8.310566399944946,step,0.468854814478757,0.009791403725749664,3.6326998379081488,10.285899974405766,124371.0,124371.0,0.0,0.0,8.77,0.0002,1e-05,100.0,0.01,-0.013994089183187453,0.0,0.21786423670909003,-0.014444893789455213,0.0,0.2179930778672177,0.0,0.0,0.0,1.087992415256396,0.0,0.7484933961172133,-1.1363349757042187,0.0,-0.7346350089418635,0.7274910893232946,0.0,0.3025534822191435,0.636946510966661,-2.26897314534434,-1.952747060924408,-0.14842732971160627,0.14613387108551873,0.05526617597363118,-0.08070000000000001,0.07801000000000001,0.03228,0.0003367107331461557,0.0,-8.581530795307904e-05,0.00011409387312160508,0.0,-4.302585017458923e-05
832,8.320046100066975,step,0.468854814478757,0.008764837861967677,4.115000134333968,9.47970012202859,124371.0,124371.0,0.0,0.0,8.77,0.0002,1e-05,100.0,0.01,-0.013994089183187453,0.0,0.21786423670909003,-0.014444893789455213,0.0,0.2179930778672177,0.0,0.0,0.0,1.0866363775937047,0.0,0.7488390007387378,-1.1350503141485935,0.0,-0.734955340426254,0.7265806969428221,0.0,0.302698518328671,0.636946510966661,-2.26897314534434,-1.952747060924408,-0.1485677332244847,0.14608799274414377,0.055331874228127666,-0.08339,0.08339,0.03497,0.00031898769611235554,0.0,-7.953986149156256e-05,0.00013181691015540524,0.0,-4.9301296636105715e-05
833,8.330414700089023,step,0.468854814478757,0.007981707868309791,3.7521999329328537,10.368600022047758,124371.0,124371.0,0.0,0.0,8.77,0.0002,1e-05,100.0,0.01,-0.013994089183187453,0.0,0.21786423670909003,-0.014444893789455213,0.0,0.2179930778672177,0.0,0.0,0.0,1.0853517160700195,0.0,0.7491593322118191,-1.133823145299998,0.0,-0.7352560033449834,0.7257182441396006,0.0,0.30283302813238006,0.636946510966661,-2.26897314534434,-1.952747060924408,-0.14870081844453556,0.1460441795059979,0.05539378408987874,-0.08339,0.07801000000000001,0.03228,0.000304711978061615,0.0,-7.465606122636999e-05,0.0001460926282061458,0.0,-5.418509690129829e-05
834,8.340138599975035,step,0.468854814478757,0.007391935713815828,3.9889998733997345,9.723899886012077,124371.0,124371.0,0.0,0.0,8.77,0.0002,1e-05,100.0,0.01,-0.013994089183187453,0.0,0.21786423670909003,-0.014444893789455213,0.0,0.2179930778672177,0.0,0.0,0.0,1.0841245472471386,0.0,0.7494599951217475,-1.132641331994792,0.0,-0.7355418432554256,0.7248944041647672,0.0,0.30295934036322403,0.636946510966661,-2.26897314534434,-1.952747060924408,-0.14882800186193157,0.1460020636962589,0.055452674563626216,-0.08070000000000001,0.08070000000000001,0.03228,0.00029344997661974426,0.0,-7.09754363627201e-05,0.00015735462964801652,0.0,-5.786572176494817e-05
835,8.350166199961677,step,0.29643554788852927,0.0012364963570704532,4.558400018140674,10.027599986642599,124371.0,124371.0,0.0,0.0,8.77,0.0002,1e-05,100.0,0.01,-0.014183937340638622,0.0,0.2178524515330089,-0.014444893789455213,0.0,0.2179930778672177,0.0,0.0,0.0,1.1038720290850483,0.0,0.7510450597933305,-1.1322631299702781,0.0,-0.7358647402979448,0.7376944652640343,0.0,0.302672897469877,0.636946510966661,-2.2705071261322254,-1.9512130801365222,-0.14656201662107232,0.14757498382506204,0.05453298511521139,-0.08339,0.08070000000000001,0.03497,9.390939733227625e-05,0.0,-8.017690202036748e-05,0.00016704705148431497,0.0,-6.044943218843684e-05
836,8.36019039992243,step,0.3708990025367693,0.005334721771232365,3.8587001617997885,10.024199960753322,124371.0,124371.0,0.0,0.0,8.77,0.0002,1e-05,100.0,0.01,-0.014076837336835846,0.0,0.2180389092731313,-0.014444893789455213,0.0,0.2179930778672177,0.0,0.0,0.0,1.0916872429426856,0.0,0.7308124517437036,-1.1313325369672333,0.0,-0.7354164758481715,0.7285663532325339,0.0,0.2938862646422493,0.636946510966661,-2.26897314534434,-1.9512130801365222,-0.14839585350473278,0.14545521964966304,0.05434020784206816,-0.08339,0.08339,0.0269,0.00023107075693180808,0.0,0.00011130623739467294,0.00013698569568755954,0.0,-6.547483148106848e-05
837,8.370191599940881,step,0.3708990025367693,0.005011764457581785,4.808600060641766,10.001200018450618,124371.0,124371.0,0.0,0.0,8.77,0.0002,1e-05,100.0,0.01,-0.014076837336835846,0.0,0.2180389092731313,-0.014444893789455213,0.0,0.2179930778672177,0.0,0.0,0.0,1.0907564438564832,0.0,0.7303638285524398,-1.1303831761251661,0.0,-0.7350985656673568,0.7279444856867412,0.0,0.2937068640000131,0.636946510966661,-2.26897314534434,-1.9512130801365222,-0.1484991219085251,0.14538994710301986,0.05435326362366494,-0.08339,0.07801000000000001,0.0269,0.00023573090240325227,0.0,7.893864006804064e-05,0.00013232555021611535,0.0,-3.310723415443618e-05
838,8.380151000106707,step,0.3708990025367693,0.004889025694899454,4.062999971210957,9.959400165826082,124371.0,124371.0,0.0,0.0,8.77,0.0002,1e-05,100.0,0.01,-0.014076837336835846,0.0,0.2180389092731313,-0.014444893789455213,0.0,0.2179930778672177,0.0,0.0,0.0,1.089807082991768,0.0,0.7300459184051232,-1.1294167566322504,0.0,-0.7348891892057086,0.7273096774011281,0.0,0.29358085396630873,0.636946510966661,-2.26897314534434,-1.9512130801365222,-0.14860304966487947,0.145330256699837,0.054373098075309184,-0.08339,0.07801000000000001,0.02959,0.00023996664815987913,0.0,5.1989191105527345e-05,0.00012808980445948848,0.0,-6.157785191922883e-06
839,8.39019379997626,step,0.3708990025367693,0.004892200949284629,3.864699974656105,10.042799869552255,124371.0,124371.0,0.0,0.0,8.77,0.0002,1e-05,100.0,0.01,-0.014076837336835846,0.0,0.2180389092731313,-0.014444893789455213,0.0,0.2179930778672177,0.0,0.0,0.0,1.088840663491214,0.0,0.7298365419920319,-1.128434925162454,0.0,-0.7347689928880676,0.7266630211198015,0.0,0.29349918161641414,0.636946510966661,-2.26897314534434,-1.9512130801365222,-0.14870769960298258,0.14527512492354389,0.054398621126003376,-0.08070000000000001,0.08070000000000001,0.02959,0.0002437935167823216,0.0,2.9845328738592205e-05,0.00012426293583704602,0.0,1.5986077175012257e-05
840,8.400210899999365,step,0.29643554788852927,0.004078216643759372,4.243699833750725,10.01710002310574,124371.0,124371.0,0.0,0.0,8.77,0.0002,1e-05,100.0,0.01,-0.014183937340638622,0.0,0.2178524515330089,-0.014444893789455213,0.0,0.2179930778672177,0.0,0.0,0.0,1.0996657814068085,0.0,0.7502718734757812,-1.127872954702706,0.0,-0.735475981240958,0.7348765804642851,0.0,0.30237149882514175,0.636946510966661,-2.2705071261322254,-1.9512130801365222,-0.14701612739048694,0.1473418549068108,0.05465093007474273,-0.08070000000000001,0.07801000000000001,0.02959,0.0001395399912554532,0.0,-0.00017554863759972132,0.00012141645756113802,0.0,3.492230339091699e-05
841,8.410442000022158,step,0.3708990025367693,0.006023237399803469,3.7629001308232546,10.231100022792816,124371.0,124371.0,0.0,0.0,8.77,0.0002,1e-05,100.0,0.01,-0.014076837336835846,0.0,0.2180389092731313,-0.014444893789455213,0.0,0.2179930778672177,0.0,0.0,0.0,1.0872970676039073,0.0,0.730423692835309,-1.126783446595117,0.0,-0.735343242537264,0.7256266005066839,0.0,0.29374464911340026,0.636946510966661,-2.26897314534434,-1.9512130801365222,-0.14886561158054823,0.1452324909425474,0.054482399901190325,-0.08070000000000001,0.08070000000000001,0.02959,0.00027053014828204826,0.0,3.2959664038280106e-05,9.752630433731936e-05,0.0,1.2871741875324355e-05
842,8.420367700047791,step,0.468854814478757,0.012170204045584446,3.7664000410586596,9.925700025632977,124371.0,124371.0,0.0,0.0,8.77,0.0002,1e-05,100.0,0.01,-0.013994089183187453,0.0,0.21786423670909003,-0.014444893789455213,0.0,0.2179930778672177,0.0,0.0,0.0,1.0770850076827292,0.0,0.749546898376428,-1.125362664133104,0.0,-0.7359877718265544,0.7201732264532681,0.0,0.3030150470904685,0.636946510966661,-2.26897314534434,-1.952747060924408,-0.14957421952098268,0.14567958708951828,0.05571410421846793,-0.08339,0.08070000000000001,0.0269,0.000352787177486409,0.0,-0.00016003974912100763,9.801742878135178e-05,0.0,3.119859099333936e-05
843,8.430358400102705,step,0.3708990025367693,0.005293991407622494,3.7472001276910305,9.99070005491376,124371.0,124371.0,0.0,0.0,8.77,0.0002,1e-05,100.0,0.01,-0.014076837336835846,0.0,0.2180389092731313,-0.014444893789455213,0.0,0.2179930778672177,0.0,0.0,0.0,1.0847864117351769,0.0,0.7309354607401922,-1.1243432617114153,0.0,-0.7358477111819057,0.7239425768030608,0.0,0.2939631037403085,0.636946510966661,-2.26897314534434,-1.9512130801365222,-0.14912689825594708,0.14514130000844405,0.05459797898857113,-0.08339,0.07801000000000001,0.02959,0.00025312256639266795,0.0,3.4777737495805124e-05,0.00011493388622669967,0.0,1.1053668417799338e-05
844,8.440153599949554,step,0.3708990025367693,0.005309574379011484,3.9333999156951904,9.795199846848845,124371.0,124371.0,0.0,0.0,8.77,0.0002,1e-05,100.0,0.01,-0.014076837336835846,0.0,0.2180389092731313,-0.014444893789455213,0.0,0.2179930778672177,0.0,0.0,0.0,1.0837671685356525,0.0,0.7307950640225016,-1.1233153415594008,0.0,-0.7357749441778115,0.7232602640841832,0.0,0.29390977285236947,0.636946510966661,-2.26897314534434,-1.9512130801365222,-0.14923646207107483,0.14508711886510697,0.054628650735058855,-0.08339,0.07532,0.0269,0.00025523756015174683,0.0,1.8068400106899635e-05,0.00011281889246762079,0.0,2.7763005806704826e-05
845,8.450167699949816,step,0.3708990025367693,0.00536277962980636,4.606700036674738,10.01410000026226,124371.0,124371.0,0.0,0.0,8.77,0.0002,1e-05,100.0,0.01,-0.014076837336835846,0.0,0.2180389092731313,-0.014444893789455213,0.0,0.2179930778672177,0.0,0.0,0.0,1.0827392483908518,0.0,0.7307222970252617,-1.1222798752702192,0.0,-0.7357558263868919,0.72257187683252,0.0,0.2938840621909954,0.636946510966661,-2.26897314534434,-1.9512130801365222,-0.14934626868784928,0.14503586884327813,0.054662795856388335,-0.08339,0.08070000000000001,0.02959,0.0002571113026164185,0.0,4.747040225129055e-06,0.00011094515000294912,0.0,4.108436568847541e-05
846,8.460159400012344,step,0.3708990025367693,0.005432522589153339,3.8610000628978014,9.991700062528253,124371.0,124371.0,0.0,0.0,8.77,0.0002,1e-05,100.0,0.01,-0.014076837336835846,0.0,0.2180389092731313,-0.014444893789455213,0.0,0.2179930778672177,0.0,0.0,0.0,1.0817037820982962,0.0,0.7307031792583423,-1.1212377660431463,0.0,-0.7357784731676852,0.7218782266569373,0.0,0.29388026463388545,0.636946510966661,-2.26897314534434,-1.9512130801365222,-0.149456338258386,0.14498691328000074,0.05469972054328793,-0.08070000000000001,0.07801000000000001,0.024210000000000002,0.0002587607763194732,0.0,-5.623305529768833e-06,0.00010929567629989443,0.0,5.1454711443373295e-05
847,8.470295400125906,step,0.3708990025367693,0.005505316257097115,3.9186999201774597,10.13600011356175,124371.0,124371.0,0.0,0.0,8.77,0.0002,1e-05,100.0,0.01,-0.014076837336835846,0.0,0.2180389092731313,-0.014444893789455213,0.0,0.2179930778672177,0.0,0.0,0.0,1.080661672868252,0.0,0.7307258260578239,-1.1201898478153405,0.0,-0.735832608546615,0.721179964593629,0.0,0.29389352884226627,0.636946510966661,-2.26897314534434,-1.9512130801365222,-0.14956669407568898,0.14493970826239708,0.05473883711673632,-0.08339,0.07801000000000001,0.024210000000000002,0.0002602031793807237,0.0,-1.3442077197194801e-05,0.00010785327323864394,0.0,5.927348311079926e-05
848,8.480109700001776,step,0.3708990025367693,0.005573145500436787,3.980400040745735,9.814299875870347,124371.0,124371.0,0.0,0.0,8.77,0.0002,1e-05,100.0,0.01,-0.014076837336835846,0.0,0.2180389092731313,-0.014444893789455213,0.0,0.2179930778672177,0.0,0.0,0.0,1.079613754637845,0.0,0.7307799614508415,-1.1191368856157975,0.0,-0.7359094180930346,0.72047768905285,0.0,0.2939196599429047,0.636946510966661,-2.26897314534434,-1.9512130801365222,-0.14967735065747606,0.14489378595766128,0.05477963551003272,-0.08070000000000001,0.07801000000000001,0.02959,0.00026145562203119224,0.0,-1.9072182976530516e-05,0.00010660083058817538,0.0,6.490358889013498e-05
849,8.490456100087613,step,0.29643554788852927,0.005531902796370219,4.573100013658404,10.346400085836649,124371.0,124371.0,0.0,0.0,8.77,0.0002,1e-05,100.0,0.01,-0.014183937340638622,0.0,0.2178524515330089,-0.014444893789455213,0.0,0.2179930778672177,0.0,0.0,0.0,1.09036774182832,0.0,0.7514122987689031,-1.1185132790693522,0.0,-0.7367564691154084,0.7286380940399446,0.0,0.30286754650664693,0.636946510966661,-2.2705071261322254,-1.9512130801365222,-0.14799101852821583,0.1469671977011784,0.05504446390585089,-0.08339,0.07801000000000001,0.03228,0.00015484453057703414,0.0,-0.00021032687787183706,0.00010611191823955708,0.0,6.970054366303274e-05
850,8.500523500144482,step,0.4665300455575253,0.015554505743772134,3.637300105765462,10.067400056868792,124371.0,124371.0,0.0,0.0,8.77,0.0002,1e-05,100.0,0.01,-0.014100921340095107,0.0,0.21767790610850649,-0.014444893789455213,0.0,0.2179930778672177,0.0,0.0,0.0,1.0805924675503524,0.0,0.7715019953740676,-1.1174683045430651,0.0,-0.738177359465916,0.7235026469264737,0.0,0.3125428331958116,0.636946510966661,-2.2705071261322254,-1.952747060924408,-0.1486381093381821,0.14748618903850572,0.05630384146065093,-0.08070000000000001,0.08070000000000001,0.02959,0.00025947224401381996,0.0,-0.00035281396672299083,8.450020534628614e-05,0.0,3.764220801178288e-05
851,8.51011890009977,step,0.3708990025367693,0.007013048035089598,4.261399852111936,9.595399955287576,124371.0,124371.0,0.0,0.0,8.77,0.0002,1e-05,100.0,0.01,-0.014076837336835846,0.0,0.2180389092731313,-0.014444893789455213,0.0,0.2179930778672177,0.0,0.0,0.0,1.0768922576739934,0.0,0.733125406905389,-1.1163191112093285,0.0,-0.737891065406052,0.7186453248474828,0.0,0.2948869008690958,0.636946510966661,-2.26897314534434,-1.9512130801365222,-0.14994262909569275,0.14488320032610347,0.0549884979998259,-0.08339,0.08070000000000001,0.03228,0.00028535027946551635,0.0,7.108820386722098e-05,8.270617315385127e-05,0.0,-2.5256797953616516e-05
852,8.520348800113425,step,0.3708990025367693,0.006676979093211556,3.9308001287281513,10.229900013655424,124371.0,124371.0,0.0,0.0,8.77,0.0002,1e-05,100.0,0.01,-0.014076837336835846,0.0,0.2180389092731313,-0.014444893789455213,0.0,0.2179930778672177,0.0,0.0,0.0,1.075743017989726,0.0,0.7328384182060356,-1.1151836082464677,0.0,-0.7376765220771495,0.7178764856891843,0.0,0.2947742762122243,0.636946510966661,-2.26897314534434,-1.9512130801365222,-0.1500674569121179,0.1448157659113296,0.05501707555694699,-0.08070000000000001,0.08070000000000001,0.02959,0.0002819508939655484,0.0,5.3272149309045516e-05,8.610555865381923e-05,0.0,-7.440743395441054e-06
853,8.530056700110435,step,0.4665300455575253,0.013800270526462134,4.219300113618374,9.707899997010827,124371.0,124371.0,0.0,0.0,8.77,0.0002,1e-05,100.0,0.01,-0.014100921340095107,0.0,0.21767790610850649,-0.014444893789455213,0.0,0.2179930778672177,0.0,0.0,0.0,1.077262590637157,0.0,0.7724216894628154,-1.1141577408125682,0.0,-0.7389832929497041,0.7212654751533831,0.0,0.3129261633802123,0.636946510966661,-2.2705071261322254,-1.952747060924408,-0.14898197521385442,0.14737717556296775,0.05646870964437698,-0.08339,0.07801000000000001,0.03497,0.0002547278602860907,0.0,-0.000324477546757464,8.924458907401541e-05,0.0,9.305788046256051e-06
854,8.540058200014755,step,0.3708990025367693,0.0071233861109475756,4.359699785709381,10.001499904319644,124371.0,124371.0,0.0,0.0,8.77,0.0002,1e-05,100.0,0.01,-0.014076837336835846,0.0,0.2180389092731313,-0.014444893789455213,0.0,0.2179930778672177,0.0,0.0,0.0,1.0735816939377794,0.0,0.7339313403132927,-1.1130266607604062,0.0,-0.738602064490915,0.7164242559502095,0.0,0.29522843855173414,0.636946510966661,-2.26897314534434,-1.9512130801365222,-0.15028584871350226,0.1447694180652329,0.05514702063730054,-0.08339,0.08070000000000001,0.03228,0.00028085266378363824,0.0,9.466087564391915e-05,8.720378883572937e-05,0.0,-4.882946973031469e-05
855,8.5501187001355,step,0.468854814478757,0.011424784816423126,4.108499968424439,10.06050012074411,124371.0,124371.0,0.0,0.0,8.77,0.0002,1e-05,100.0,0.01,-0.013994089183187453,0.0,0.21786423670909003,-0.014444893789455213,0.0,0.2179930778672177,0.0,0.0,0.0,1.063328221818366,0.0,0.7528057202421431,-1.111573099248916,0.0,-0.7390169330190038,0.7109381510643219,0.0,0.3043854275803518,0.636946510966661,-2.26897314534434,-1.952747060924408,-0.15100110339328693,0.14520194670881895,0.056369068994636465,-0.08070000000000001,0.08070000000000001,0.02959,0.0003609263744817179,0.0,-0.00010301386803790478,8.987823178604288e-05,0.0,-2.58272900897635e-05
856,8.56008330010809,step,0.3708990025367693,0.006071230724203636,4.086700035259128,9.964599972590804,124371.0,124371.0,0.0,0.0,8.77,0.0002,1e-05,100.0,0.01,-0.014076837336835846,0.0,0.2180389092731313,-0.014444893789455213,0.0,0.2179930778672177,0.0,0.0,0.0,1.070996846836321,0.0,0.7339646218298967,-1.110528549203725,0.0,-0.7386659895079764,0.714692375598612,0.0,0.29525200142388314,0.636946510966661,-2.26897314534434,-1.9512130801365222,-0.15055980469026092,0.1446512024445935,0.05524297694436216,-0.08608,0.07801000000000001,0.03228,0.00025936684329852674,0.0,8.714097620345502e-05,0.00010868960932084088,0.0,-4.130957028985056e-05
857,8.570135300047696,step,0.3708990025367693,0.005827413095656744,4.100400023162365,10.051999939605594,124371.0,124371.0,0.0,0.0,8.77,0.0002,1e-05,100.0,0.01,-0.014076837336835846,0.0,0.2180389092731313,-0.014444893789455213,0.0,0.2179930778672177,0.0,0.0,0.0,1.0699524560167173,0.0,0.7336133422542191,-1.1094820543701613,0.0,-0.7384007892393945,0.7139940296945955,0.0,0.295112746902001,0.636946510966661,-2.26897314534434,-1.9512130801365222,-0.15067415100569903,0.14458546084872492,0.05526472460019082,-0.08339,0.07532,0.03497,0.0002598497436855756,0.0,6.585051316658431e-05,0.000108206708933792,0.0,-2.0019107252979853e-05
858,8.580282900016755,step,0.468854814478757,0.010889960459431131,3.9241998456418514,10.147599969059229,124371.0,124371.0,0.0,0.0,8.77,0.0002,1e-05,100.0,0.01,-0.013994089183187453,0.0,0.21786423670909003,-0.014444893789455213,0.0,0.2179930778672177,0.0,0.0,0.0,1.0597836154627585,0.0,0.7526044449944729,-1.108098538355534,0.0,-0.7389144774027349,0.7085616088602659,0.0,0.30431340800922363,0.636946510966661,-2.26897314534434,-1.952747060924408,-0.15137933476861476,0.1450274697735517,0.056489277515528784,-0.08070000000000001,0.07801000000000001,0.03228,0.0003435337378222387,0.0,-0.0001275512628416668,0.00010727086844552206,0.0,-1.2898952860014698e-06
859,8.590242200065404,step,0.29643554788852927,0.0027208658603197306,4.144300008192658,9.959300048649311,124371.0,124371.0,0.0,0.0,8.77,0.0002,1e-05,100.0,0.01,-0.014183937340638622,0.0,0.2178524515330089,-0.014444893789455213,0.0,0.2179930778672177,0.0,0.0,0.0,1.0793292353665642,0.0,0.7544176940193345,-1.1075448748100722,0.0,-0.7394019503255631,0.7212263617104563,0.0,0.3041300680559135,0.636946510966661,-2.2705071261322254,-1.9512130801365222,-0.1491316267275306,0.14660394291355358,0.05558863481219656,-0.08608,0.08339,0.02959,0.00013747734414163427,0.0,-0.00012104189145322678,0.00012347910467495695,0.0,-1.9584442755577543e-05
860,8.600236600032076,step,0.468854814478757,0.010725882782923354,3.748200135305524,9.994399966672063,124371.0,124371.0,0.0,0.0,8.77,0.0002,1e-05,100.0,0.01,-0.013994089183187453,0.0,0.21786423670909003,-0.014444893789455213,0.0,0.2179930778672177,0.0,0.0,0.0,1.0578466419734407,0.0,0.75360596483868,-1.106127692033497,0.0,-0.739771773978624,0.707259739680472,0.0,0.3047279823495236,0.636946510966661,-2.26897314534434,-1.952747060924408,-0.15157472780519654,0.1449870171029596,0.056606808388436736,-0.08339,0.08339,0.03228,0.00035189335813024913,0.0,-9.182900705729254e-05,9.891124813751165e-05,0.0,-3.7012151070375736e-05
861,8.610141300130635,step,0.3708990025367693,0.005905556361232262,4.389100009575486,9.90470009855926,124371.0,124371.0,0.0,0.0,8.77,0.0002,1e-05,100.0,0.01,-0.014076837336835846,0.0,0.2180389092731313,-0.014444893789455213,0.0,0.2179930778672177,0.0,0.0,0.0,1.0655514396514403,0.0,0.7347194627941839,-1.1051115295362297,0.0,-0.7393863844984955,0.7110412381154281,0.0,0.2955809464889086,0.636946510966661,-2.26897314534434,-1.9512130801365222,-0.15113007419751523,0.14443591187650015,0.05547708301795062,-0.08608,0.08070000000000001,0.0269,0.0002523180774420496,0.0,9.569407742750913e-05,0.00011573837517731803,0.0,-4.986267151390467e-05
862,8.620144499931484,step,0.468854814478757,0.010118170202624073,3.9596999995410442,10.00319980084896,124371.0,124371.0,0.0,0.0,8.77,0.0002,1e-05,100.0,0.01,-0.013994089183187453,0.0,0.21786423670909003,-0.014444893789455213,0.0,0.2179930778672177,0.0,0.0,0.0,1.055413090631381,0.0,0.7535900402230565,-1.1037514188750286,0.0,-0.7398031974419269,0.7056277722804922,0.0,0.30472846757552086,0.636946510966661,-2.26897314534434,-1.952747060924408,-0.15183316046383397,0.14487326768541292,0.05669504001872704,-0.08339,0.07532,0.02959,0.00033772207502791903,0.0,-0.00010349667579978691,0.00011308253123984175,0.0,-2.5344482327881363e-05
863,8.630161100067198,step,0.4665300455575253,0.010052934559891417,3.9010001346468925,10.016600135713816,124371.0,124371.0,0.0,0.0,8.77,0.0002,1e-05,100.0,0.01,-0.014100921340095107,0.0,0.21767790610850649,-0.014444893789455213,0.0,0.2179930778672177,0.0,0.0,0.0,1.0658302421116141,0.0,0.7745487008553265,-1.1028790117956377,0.0,-0.740921004580841,0.7135870721703041,0.0,0.3138213939544838,0.636946510966661,-2.2705071261322254,-1.952747060924408,-0.1501731625771472,0.14695192860117393,0.05698674709274316,-0.08339,0.07801000000000001,0.03228,0.0002166229098305254,0.0,-0.00027755693503769575,0.0001273495395295807,0.0,-3.7614823673512204e-05
864,8.640182100003585,step,0.3708990025367693,0.006466093298655939,4.606099799275398,10.020999936386943,124371.0,124371.0,0.0,0.0,8.77,0.0002,1e-05,100.0,0.01,-0.014076837336835846,0.0,0.2180389092731313,-0.014444893789455213,0.0,0.2179930778672177,0.0,0.0,0.0,1.0623029649784954,0.0,0.7358690518831379,-1.101872393704487,0.0,-0.7403919122653618,0.708860438806656,0.0,0.2960624241664656,0.636946510966661,-2.26897314534434,-1.9512130801365222,-0.15146326032620153,0.1443419473514546,0.055649377481144374,-0.08070000000000001,0.08070000000000001,0.00269,0.0002499481551037035,0.0,0.00013137618854275064,0.00011810829751566414,0.0,-8.554478262914618e-05
865,8.650194100104272,step,0.3708990025367693,0.006015257293777151,4.6339998953044415,10.012000100687146,124371.0,124371.0,0.0,0.0,8.77,0.0002,1e-05,100.0,0.01,-0.014076837336835846,0.0,0.2180389092731313,-0.014444893789455213,0.0,0.2179930778672177,0.0,0.0,0.0,1.0612963005486775,0.0,0.7353392649567077,-1.1008529654988028,0.0,-0.7399871684053577,0.7081880578846738,0.0,0.29585020931143646,0.636946510966661,-2.26897314534434,-1.9512130801365222,-0.15157539275644838,0.1442691564753465,0.055661415842062495,-0.08339,0.07801000000000001,0.02959,0.0002531289686837807,0.0,0.00010049986383804819,0.00011492748393558694,0.0,-5.4668457924443725e-05
866,8.66014469997026,step,0.3708990025367693,0.005759790124095131,4.502599826082587,9.950599865987897,124371.0,124371.0,0.0,0.0,8.77,0.0002,1e-05,100.0,0.01,-0.014076837336835846,0.0,0.2180389092731313,-0.014444893789455213,0.0,0.2179930778672177,0.0,0.0,0.0,1.0602768723340512,0.0,0.7349345211042796,-1.0998223804786575,0.0,-0.7396874142709887,0.7075066425708446,0.0,0.29568904983733946,0.636946510966661,-2.26897314534434,-1.9512130801365222,-0.15168762612646067,0.14420193711616636,0.05567975648635805,-0.08339,0.08339,0.03497,0.00025589925983579776,0.0,7.443040566118173e-05,0.00011215719278356986,0.0,-2.8598999747577272e-05
867,8.670342500088736,step,0.4665300455575253,0.012253654215262314,4.112299997359514,10.197800118476152,124371.0,124371.0,0.0,0.0,8.77,0.0002,1e-05,100.0,0.01,-0.014100921340095107,0.0,0.21767790610850649,-0.014444893789455213,0.0,0.2179930778672177,0.0,0.0,0.0,1.0619013629162761,0.0,0.7744325816185255,-1.0988796781661194,0.0,-0.7409372315348268,0.71095025897967,0.0,0.3137831228150958,0.636946510966661,-2.2705071261322254,-1.952747060924408,-0.15059124707843533,0.14676388598060458,0.057125323163799376,-0.08608,0.08070000000000001,0.03766,0.00023407755722083706,0.0,-0.0003103356894330939,0.00010989489213926904,0.0,-4.83606927811404e-06
868,8.680143800098449,step,0.3708990025367693,0.006549211664386251,4.170200088992715,9.801300009712577,124371.0,124371.0,0.0,0.0,8.77,0.0002,1e-05,100.0,0.01,-0.014076837336835846,0.0,0.2180389092731313,-0.014444893789455213,0.0,0.2179930778672177,0.0,0.0,0.0,1.0583036313285465,0.0,0.7358852788729315,-1.0978128521193002,0.0,-0.740522834963044,0.7061809707830077,0.0,0.2960844955145449,0.636946510966661,-2.26897314534434,-1.9512130801365222,-0.15188748471316332,0.14415730317866182,0.055796197229388986,-0.08070000000000001,0.08070000000000001,0.03228,0.00026489808256296825,0.0,0.0001028966789976916,0.00010315837005639937,0.0,-5.706527308408713e-05
869,8.690461799968034,step,0.3708990025367693,0.006197932125783726,3.639400005340576,10.317999869585037,124371.0,124371.0,0.0,0.0,8.77,0.0002,1e-05,100.0,0.01,-0.014076837336835846,0.0,0.2180389092731313,-0.014444893789455213,0.0,0.2179930778672177,0.0,0.0,0.0,1.0572367589365463,0.0,0.7354701877057075,-1.0967423160842629,0.0,-0.7402169934635003,0.7054678096075832,0.0,0.2959192985984763,0.636946510966661,-2.26897314534434,-1.9512130801365222,-0.15200485632116462,0.1440873738756641,0.0558157876751315,-0.08608,0.07801000000000001,0.03228,0.00026581929063457585,0.0,7.5941927963665e-05,0.00010223716198479177,0.0,-3.0110522050060538e-05
870,8.700080400099978,step,0.29643554788852927,0.0035043265419795926,4.019999876618385,9.618600131943822,124371.0,124371.0,0.0,0.0,8.77,0.0002,1e-05,100.0,0.01,-0.014183937340638622,0.0,0.2178524515330089,-0.014444893789455213,0.0,0.2179930778672177,0.0,0.0,0.0,1.0679731722889274,0.0,0.7557198739681643,-1.0961024859702424,0.0,-0.7407568848725712,0.7136073529465659,0.0,0.30469892921386804,0.636946510966661,-2.2705071261322254,-1.9512130801365222,-0.1503232204186171,0.14614188313108026,0.056065047449697814,-0.08608,0.07801000000000001,0.02959,0.00015887292110592532,0.0,-0.0001340576558676108,0.0001020835277106659,0.0,-6.568678341193528e-06
871,8.710044800071046,step,0.468854814478757,0.0120409100047822,4.069000016897917,9.964399971067905,124371.0,124371.0,0.0,0.0,8.77,0.0002,1e-05,100.0,0.01,-0.013994089183187453,0.0,0.21786423670909003,-0.014444893789455213,0.0,0.2179930778672177,0.0,0.0,0.0,1.0464042531060767,0.0,0.7549608993858834,-1.094610013206872,0.0,-0.7411819813928503,0.6995822365183013,0.0,0.3053141858279787,0.636946510966661,-2.26897314534434,-1.952747060924408,-0.15277533190785955,0.14452278593611717,0.05708835555267913,-0.08070000000000001,0.08608,0.03228,0.0003705882270807742,0.0,-0.0001055535281144188,8.021637918698658e-05,0.0,-2.3287630013249478e-05
872,8.720024900045246,step,0.3708990025367693,0.006388056710739756,4.658699966967106,9.98009997420013,124371.0,124371.0,0.0,0.0,8.77,0.0002,1e-05,100.0,0.01,-0.014076837336835846,0.0,0.2180389092731313,-0.014444893789455213,0.0,0.2179930778672177,0.0,0.0,0.0,1.0540337607911368,0.0,0.7361296702331366,-1.0935285313386722,0.0,-0.740853335213954,0.7033193715121193,0.0,0.29620068219963236,0.636946510966661,-2.26897314534434,-1.9512130801365222,-0.15233812975907352,0.14397136074858238,0.055963546542561984,-0.08339,0.08339,0.03228,0.00026853719410666223,0.0,8.160444047164742e-05,9.951925851270539e-05,0.0,-3.577303455804296e-05
873,8.730342700146139,step,0.3708990025367693,0.006118094174509026,3.734300145879388,10.317800100892782,124371.0,124371.0,0.0,0.0,8.77,0.0002,1e-05,100.0,0.01,-0.014076837336835846,0.0,0.2180389092731313,-0.014444893789455213,0.0,0.2179930778672177,0.0,0.0,0.0,1.0529524381351434,0.0,0.7358006879701775,-1.0924472740957625,0.0,-0.7406198794160888,0.7025961964962897,0.0,0.2960706656227163,0.636946510966661,-2.26897314534434,-1.9512130801365222,-0.15245617155842858,0.14390500570230885,0.05598768369237739,-0.08339,0.08070000000000001,0.02959,0.00026848141855751324,0.0,5.7968207096279204e-05,9.957503406185438e-05,0.0,-1.2136801182674742e-05
874,8.740127300145105,step,0.468854814478757,0.011551994509286134,3.869999898597598,9.78459999896586,124371.0,124371.0,0.0,0.0,8.77,0.0002,1e-05,100.0,0.01,-0.013994089183187453,0.0,0.21786423670909003,-0.014444893789455213,0.0,0.2179930778672177,0.0,0.0,0.0,1.042748835172812,0.0,0.7548235351853682,-1.0910312860153222,0.0,-0.7411724883717785,0.6971311971784252,0.0,0.30526858518501043,0.636946510966661,-2.26897314534434,-1.952747060924408,-0.153164674229264,0.144346321462417,0.05721559640679541,-0.08070000000000001,0.08070000000000001,0.0269,0.00035159670928449976,0.0,-0.00013721548438547264,9.920789698326102e-05,0.0,8.374326257804367e-06
875,8.750250299926847,step,0.3708990025367693,0.005426005814175052,4.224600037559867,10.122999781742692,124371.0,124371.0,0.0,0.0,8.77,0.0002,1e-05,100.0,0.01,-0.014076837336835846,0.0,0.2180389092731313,-0.014444893789455213,0.0,0.2179930778672177,0.0,0.0,0.0,1.050455033619539,0.0,0.7361201772442915,-1.0900138016650063,0.0,-0.7409490454043408,0.7009217936153102,0.0,0.2962106370659368,0.636946510966661,-2.26897314534434,-1.9512130801365222,-0.1527179795523143,0.14380495182708583,0.05609380460812984,-0.08339,0.07532,0.0269,0.0002526462999662451,0.0,5.548197272921618e-05,0.00011541015265312255,0.0,-9.650566815611717e-06
876,8.760193600086495,step,0.3708990025367693,0.00539711046668695,4.022200126200914,9.94330015964806,124371.0,124371.0,0.0,0.0,8.77,0.0002,1e-05,100.0,0.01,-0.014076837336835846,0.0,0.2180389092731313,-0.014444893789455213,0.0,0.2179930778672177,0.0,0.0,0.0,1.049437708490109,0.0,0.7358963982076309,-1.0889854377102601,0.0,-0.7408010938247067,0.7002410880966665,0.0,0.29612328645534736,0.636946510966661,-2.26897314534434,-1.9512130801365222,-0.15282817569044393,0.14374674971822707,0.05612051460509479,-0.08339,0.07801000000000001,0.02959,0.00025534775852289646,0.0,3.673709493135561e-05,0.00011270869409647115,0.0,9.094310982248855e-06
877,8.770215200027451,step,0.468854814478757,0.011351541558017157,4.471099935472012,10.021599940955639,124371.0,124371.0,0.0,0.0,8.77,0.0002,1e-05,100.0,0.01,-0.013994089183187453,0.0,0.21786423670909003,-0.014444893789455213,0.0,0.2179930778672177,0.0,0.0,0.0,1.0392869988109779,0.0,0.7550047496322411,-1.0876125298236023,0.0,-0.7414219257233364,0.6948090645979733,0.0,0.305352533274703,0.636946510966661,-2.26897314534434,-1.952747060924408,-0.15353023482879188,0.14419457573396782,0.057350618530873365,-0.08608,0.08339,0.02959,0.0003408996881877428,0.0,-0.00015415557206470664,0.00010990491808001796,0.0,2.531441393703837e-05
878,8.780037000076845,step,0.468854814478757,0.01012923579077928,4.087399924173951,9.82180004939437,124371.0,124371.0,0.0,0.0,8.77,0.0002,1e-05,100.0,0.01,-0.013994089183187453,0.0,0.21786423670909003,-0.014444893789455213,0.0,0.2179930778672177,0.0,0.0,0.0,1.037913931716558,0.0,0.7556259176200942,-1.0862944203501306,0.0,-0.741958986775825,0.6938864604000012,0.0,0.30561015589664214,0.636946510966661,-2.26897314534434,-1.952747060924408,-0.1536696456729811,0.1441615154953266,0.05742979203014999,-0.08339,0.07532,0.02959,0.0003272929763683415,0.0,-0.00013335486459824426,0.00012351162989941928,0.0,4.5137064705759846e-06
879,8.790171700064093,step,0.29643554788852927,0.002596769492653605,4.011800047010183,10.134699987247586,124371.0,124371.0,0.0,0.0,8.77,0.0002,1e-05,100.0,0.01,-0.014183937340638622,0.0,0.2178524515330089,-0.014444893789455213,0.0,0.2179930778672177,0.0,0.0,0.0,1.0575251173794036,0.0,0.7574622034261341,-1.0857896620282337,0.0,-0.7424733533134287,0.7065957370080749,0.0,0.30544430438377007,0.636946510966661,-2.2705071261322254,-1.9512130801365222,-0.15141401013492484,0.1457436388767423,0.05652873433946198,-0.08608,0.08070000000000001,0.03497,0.00012533393989288755,0.0,-0.00012771970646202342,0.00013562250892370367,0.0,-1.290662774678091e-05
880,8.800125099951401,step,0.4665300455575253,0.011165713576126265,3.966500051319599,9.953399887308478,124371.0,124371.0,0.0,0.0,8.77,0.0002,1e-05,100.0,0.01,-0.014100921340095107,0.0,0.21767790610850649,-0.014444893789455213,0.0,0.2179930778672177,0.0,0.0,0.0,1.047868850551387,0.0,0.7772188794464999,-1.084839872995584,0.0,-0.7436270619025809,0.7015250777001911,0.0,0.3149536414651743,0.636946510966661,-2.2705071261322254,-1.952747060924408,-0.15205155090266856,0.14625060318453179,0.057769357695565904,-0.08339,0.07532,0.03497,0.00023583722420201662,0.0,-0.00028647143928857476,0.00010813522515808947,0.0,-2.8700319422633193e-05
881,8.810164300026372,step,0.468854814478757,0.010159582179830314,3.9246000815182924,10.039200074970722,124371.0,124371.0,0.0,0.0,8.77,0.0002,1e-05,100.0,0.01,-0.013994089183187453,0.0,0.21786423670909003,-0.014444893789455213,0.0,0.2179930778672177,0.0,0.0,0.0,1.0351414804385568,0.0,0.7578314122162356,-1.0834301323656375,0.0,-0.7438381253817629,0.6920208369599062,0.0,0.30651882205966424,0.636946510966661,-2.26897314534434,-1.952747060924408,-0.1539414737557785,0.1441417386263751,0.057634024153493175,-0.08608,0.08339,0.02959,0.0003500454370207128,0.0,-5.240808574282478e-05,0.00010075916924704798,0.0,-7.64330723848435e-05
882,8.82017150009051,step,0.468854814478757,0.009324739107235535,3.931300016120076,10.007200064137578,124371.0,124371.0,0.0,0.0,8.77,0.0002,1e-05,100.0,0.01,-0.013994089183187453,0.0,0.21786423670909003,-0.014444893789455213,0.0,0.2179930778672177,0.0,0.0,0.0,1.0337315342453208,0.0,0.7580421171432538,-1.0820791554727969,0.0,-0.7440376479530627,0.6910746792946354,0.0,0.3066089211589839,0.636946510966661,-2.26897314534434,-1.952747060924408,-0.15408896924822868,0.14408669593572168,0.0576954014949379,-0.08339,0.08070000000000001,0.03228,0.00033545411603638537,0.0,-4.954242233111292e-05,0.00011535049023137542,0.0,-7.929873579655536e-05
883,8.830058499937877,step,0.468854814478757,0.008671055391122437,4.286800045520067,9.886999847367406,124371.0,124371.0,0.0,0.0,8.77,0.0002,1e-05,100.0,0.01,-0.013994089183187453,0.0,0.21786423670909003,-0.014444893789455213,0.0,0.2179930778672177,0.0,0.0,0.0,1.03238055736455,0.0,0.7582416396845802,-1.080776456186373,0.0,-0.7442304837572468,0.6901681003475062,0.0,0.30669428412364874,0.636946510966661,-2.26897314534434,-1.952747060924408,-0.15423031999869685,0.1440338383029272,0.05775410126719795,-0.08339,0.07801000000000001,0.02959,0.0003234665521700583,0.0,-4.78820656189756e-05,0.0001273380540977025,0.0,-8.095909250869268e-05
884,8.840041799936444,step,0.3708990025367693,0.005648467268362311,4.112600116059184,9.983299998566508,124371.0,124371.0,0.0,0.0,8.77,0.0002,1e-05,100.0,0.01,-0.014076837336835846,0.0,0.2180389092731313,-0.014444893789455213,0.0,0.2179930778672177,0.0,0.0,0.0,1.0402002038302667,0.0,0.7391781724920505,-1.0798478823637188,0.0,-0.7437133337697638,0.6940396225280007,0.0,0.29749763927230016,0.636946510966661,-2.26897314534434,-1.9512130801365222,-0.15377551050276936,0.14348017665273127,0.05661105387172302,-0.08608,0.08070000000000001,0.02959,0.00023056938464586848,0.0,0.00012841085056945355,0.00013748706797349914,0.0,-8.257944465584908e-05
885,8.850120899965987,step,0.468854814478757,0.008917858935531915,3.968699835240841,10.079100029543042,124371.0,124371.0,0.0,0.0,8.77,0.0002,1e-05,100.0,0.01,-0.013994089183187453,0.0,0.21786423670909003,-0.014444893789455213,0.0,0.2179930778672177,0.0,0.0,0.0,1.0301494434980578,0.0,0.757916989435367,-1.078552211733158,0.0,-0.744037076575412,0.6886727802425863,0.0,0.3065681072081301,0.636946510966661,-2.26897314534434,-1.952747060924408,-0.15447040507975754,0.1439142395301852,0.05782053211995429,-0.08608,0.08339,0.03228,0.0003217213028234476,0.0,-8.038690910806132e-05,0.00012908330344431319,0.0,-4.845424901960696e-05
886,8.860156700015068,step,0.3708990025367693,0.00509795289584254,3.9246000815182924,10.035800049081445,124371.0,124371.0,0.0,0.0,8.77,0.0002,1e-05,100.0,0.01,-0.014076837336835846,0.0,0.2180389092731313,-0.014444893789455213,0.0,0.2179930778672177,0.0,0.0,0.0,1.037975959391211,0.0,0.7389847653455263,-1.0776269593302574,0.0,-0.7436327270111793,0.6925502084532628,0.0,0.29742734077295946,0.636946510966661,-2.26897314534434,-1.9512130801365222,-0.15401347374817492,0.14336750826188427,0.05668326013598052,-0.08608,0.07801000000000001,0.02959,0.00022974466000892928,0.0,0.00010040195828529533,0.00013831179261043834,0.0,-5.457055237169087e-05
887,8.870041300076991,step,0.5138499611438924,0.01187466285952777,4.038100130856037,9.884600061923265,124371.0,124371.0,0.0,0.0,8.77,0.0002,1e-05,100.0,0.01,-0.013940997010870454,0.0,0.21789243086478105,-0.014444893789455213,0.0,0.2179930778672177,0.0,0.0,0.0,1.0220755179505325,0.0,0.7547281945145292,-1.07611655586142,0.0,-0.743938690952241,0.6825193589002475,0.0,0.30404327252602253,0.6384804917545466,-2.2705071261322254,-1.9512130801365222,-0.15633330893008107,0.14368116771891512,0.05779867104970275,-0.08339,0.07801000000000001,0.03497,0.0003750405082294059,0.0,-7.597233078651772e-05,0.00012885627035535345,0.0,-2.4674671650125763e-05
888,8.880350599996746,step,0.29643554788852927,0.0020573272298049514,3.641099901869893,10.309299919754267,124371.0,124371.0,0.0,0.0,8.77,0.0002,1e-05,100.0,0.01,-0.014183937340638622,0.0,0.2178524515330089,-0.014444893789455213,0.0,0.2179930778672177,0.0,0.0,0.0,1.0473471507650447,0.0,0.75944185328276,-1.0756631781243884,0.0,-0.7443924685117622,0.6997644374863196,0.0,0.30628558171481035,0.636946510966661,-2.2705071261322254,-1.9512130801365222,-0.15247373520841032,0.14536962939296305,0.05699359489546099,-0.08608,0.07532,0.02959,0.00011257589142530514,0.0,-0.00011267516928902273,0.00014838055739128608,0.0,-2.7951164919781598e-05
889,8.890039100078866,step,0.3708990025367693,0.005718758587398183,3.944800002500415,9.6885000821203,124371.0,124371.0,0.0,0.0,8.77,0.0002,1e-05,100.0,0.01,-0.014076837336835846,0.0,0.2180389092731313,-0.014444893789455213,0.0,0.2179930778672177,0.0,0.0,0.0,1.0350872910561018,0.0,0.7393401800123232,-1.0746502483363796,0.0,-0.7440493577977877,0.6906135345087427,0.0,0.2975834781963366,0.636946510966661,-2.26897314534434,-1.9512130801365222,-0.15431644035277464,0.14325108274059192,0.056805347407917865,-0.08608,0.07801000000000001,0.03228,0.0002515153800513772,0.0,8.519605469856259e-05,0.00011654107256799042,0.0,-3.936464878495813e-05
890,8.900049000047147,step,0.3708990025367693,0.005645697933070033,4.005500115454197,10.009899968281388,124371.0,124371.0,0.0,0.0,8.77,0.0002,1e-05,100.0,0.01,-0.014076837336835846,0.0,0.2180389092731313,-0.014444893789455213,0.0,0.2179930778672177,0.0,0.0,0.0,1.0340741551887949,0.0,0.7389967105491051,-1.0736140011514996,0.0,-0.74381413161208,0.6899360980884951,0.0,0.2974472887217182,0.636946510966661,-2.26897314534434,-1.9512130801365222,-0.1544273917747235,0.14318717535644487,0.05682631810130487,-0.08339,0.08070000000000001,0.02959,0.00025730520280638225,0.0,5.840780298563378e-05,0.00011075124981298537,0.0,-1.2576397072029319e-05
891,8.910028800135478,step,0.3708990025367693,0.005679014748291447,3.8720997981727123,9.979800088331103,124371.0,124371.0,0.0,0.0,8.77,0.0002,1e-05,100.0,0.01,-0.014076837336835846,0.0,0.2180389092731313,-0.014444893789455213,0.0,0.2179930778672177,0.0,0.0,0.0,1.0330379079792307,0.0,0.7387614843868435,-1.072558333092243,0.0,-0.7436679539861455,0.6892427597056985,0.0,0.29735534184671514,0.636946510966661,-2.26897314534434,-1.9512130801365222,-0.15453971056939653,0.1431275316274937,0.056853184893377456,-0.08339,0.08070000000000001,0.03228,0.0002621275001241254,0.0,3.629661362235502e-05,0.00010592895249524222,0.0,9.53479229124944e-06
892,8.92053520004265,step,0.29643554788852927,0.004355604069494683,3.7836001720279455,10.506399907171726,124371.0,124371.0,0.0,0.0,8.77,0.0002,1e-05,100.0,0.01,-0.014183937340638622,0.0,0.2178524515330089,-0.014444893789455213,0.0,0.2179930778672177,0.0,0.0,0.0,1.0437891893035645,0.0,0.7591708345622399,-1.071920402923829,0.0,-0.7443492512150598,0.697379585804158,0.0,0.3061868560355136,0.636946510966661,-2.2705071261322254,-1.9512130801365222,-0.15285396734582707,0.14519133981540494,0.05711121249640987,-0.08608,0.07801000000000001,0.03228,0.00015840115539527007,0.0,-0.0001691694068896664,0.00010255529342132115,0.0,2.8543072680862076e-05
893,8.930053200107068,step,0.468854814478757,0.012776729392175267,3.8753999397158623,9.51800006441772,124371.0,124371.0,0.0,0.0,8.77,0.0002,1e-05,100.0,0.01,-0.013994089183187453,0.0,0.21786423670909003,-0.014444893789455213,0.0,0.2179930778672177,0.0,0.0,0.0,1.0222221700605196,0.0,0.7585532657916402,-1.0704192845245593,0.0,-0.744898786864321,0.6833546836514018,0.0,0.3068507223851148,0.636946510966661,-2.26897314534434,-1.952747060924408,-0.15530525506308926,0.14357768579790667,0.058140042142191234,-0.08877,0.08070000000000001,0.02959,0.0003727349804142257,0.0,-0.00013645236749075667,7.806962585353507e-05,0.0,7.611209363088395e-06
894,8.940040800021961,step,0.3708990025367693,0.006275741004135275,3.98120004683733,9.987599914893508,124371.0,124371.0,0.0,0.0,8.77,0.0002,1e-05,100.0,0.01,-0.014076837336835846,0.0,0.2180389092731313,-0.014444893789455213,0.0,0.2179930778672177,0.0,0.0,0.0,1.0298430321049559,0.0,0.7398464757602841,-1.0693207370443625,0.0,-0.744678919553016,0.68709811919189,0.0,0.2978102625120485,0.636946510966661,-2.26897314534434,-1.9512130801365222,-0.1548678566450565,0.14303286839711224,0.05702050687273973,-0.08608,0.08339,0.02959,0.0002727746683502238,0.0,5.459411996606775e-05,9.528178426914383e-05,0.0,-8.762714052463291e-06
895,8.950253400020301,step,0.3708990025367693,0.0062005727770719,5.185699788853526,10.21259999834001,124371.0,124371.0,0.0,0.0,8.77,0.0002,1e-05,100.0,0.01,-0.014076837336835846,0.0,0.2180389092731313,-0.014444893789455213,0.0,0.2179930778672177,0.0,0.0,0.0,1.0287446438332013,0.0,0.7396262723579058,-1.0682158466196348,0.0,-0.7445398810520188,0.6863630905569628,0.0,0.2977246836349027,0.636946510966661,-2.26897314534434,-1.9512130801365222,-0.15498661890958554,0.14297108373632547,0.057050344317292466,-0.08608,0.07801000000000001,0.03497,0.00027434965224666533,0.0,3.452393426876539e-05,9.370680037270229e-05,0.0,1.1307471644839075e-05
896,8.960160000016913,step,0.29643554788852927,0.00460680525640483,3.788200207054615,9.906599996611476,124371.0,124371.0,0.0,0.0,8.77,0.0002,1e-05,100.0,0.01,-0.014183937340638622,0.0,0.2178524515330089,-0.014444893789455213,0.0,0.2179930778672177,0.0,0.0,0.0,1.0394467028089391,0.0,0.760042761631312,-1.06754005169508,0.0,-0.7452215424571363,0.6944648829012765,0.0,0.30655692630462633,0.636946510966661,-2.2705071261322254,-1.9512130801365222,-0.1533058277992424,0.1450331142721675,0.05731082017774665,-0.08608,0.07801000000000001,0.03228,0.0001678031580257485,0.0,-0.00016925983360753294,9.315329079084272e-05,0.0,2.863349939872861e-05
897,8.970124900108203,step,0.3708990025367693,0.007262176768359056,3.7994999438524246,9.964900091290474,124371.0,124371.0,0.0,0.0,8.77,0.0002,1e-05,100.0,0.01,-0.014076837336835846,0.0,0.2180389092731313,-0.014444893789455213,0.0,0.2179930778672177,0.0,0.0,0.0,1.0269641645453649,0.0,0.740169254040152,-1.0663459467252026,0.0,-0.7450586048169606,0.6851681375009872,0.0,0.2979530494260783,0.636946510966661,-2.26897314534434,-1.9512130801365222,-0.1551701104061278,0.14291528868188175,0.0571407129675934,-0.08339,0.07532,0.03228,0.0002965020565841351,0.0,4.045820646072372e-05,7.155439603523253e-05,0.0,5.373199452880743e-06
898,8.980136099969968,step,0.3708990025367693,0.007022832824669855,3.856400027871132,10.011199861764908,124371.0,124371.0,0.0,0.0,8.77,0.0002,1e-05,100.0,0.01,-0.014076837336835846,0.0,0.2180389092731313,-0.014444893789455213,0.0,0.2179930778672177,0.0,0.0,0.0,1.0257698534965631,0.0,0.7400059576488872,-1.0651647376439601,0.0,-0.7449621078153276,0.6843686242887221,0.0,0.29789105398879867,0.636946510966661,-2.26897314534434,-1.9512130801365222,-0.15529848100368787,0.14285186114369988,0.05717670969098198,-0.08339,0.07532,0.02959,0.00029329994487858045,0.0,2.3960673609246e-05,7.475650774078717e-05,0.0,2.1870732304358462e-05
899,8.990168600110337,step,0.29643554788852927,0.005237567040646138,3.812299808487296,10.032500140368938,124371.0,124371.0,0.0,0.0,8.77,0.0002,1e-05,100.0,0.01,-0.014183937340638622,0.0,0.2178524515330089,-0.014444893789455213,0.0,0.2179930778672177,0.0,0.0,0.0,1.0363955937991165,0.0,0.760464988413654,-1.0644293918467855,0.0,-0.7456739926140885,0.6924175927666332,0.0,0.30673928112795684,0.636946510966661,-2.2705071261322254,-1.9512130801365222,-0.15362524644379083,0.14491254202447082,0.05744219374624369,-0.08608,0.07263,0.02959,0.00018258992857650788,0.0,-0.0001767644488618873,7.836652024008334e-05,0.0,3.6138114653082965e-05
900,9.000245400005952,step,0.468854814478757,0.013982567283106586,3.7535999435931444,10.076799895614386,124371.0,124371.0,0.0,0.0,8.77,0.0002,1e-05,100.0,0.01,-0.013994089183187453,0.0,0.21786423670909003,-0.014444893789455213,0.0,0.2179930778672177,0.0,0.0,0.0,1.0147311589398778,0.0,0.7598780072043531,-1.062855154530231,0.0,-0.7462381648641931,0.6783271806240482,0.0,0.30741324765359546,0.636946510966661,-2.26897314534434,-1.952747060924408,-0.1560868094106035,0.1432953825042495,0.05847571262179348,-0.08608,0.07532,0.03228,0.0003908907622735125,0.0,-0.00014008670648184773,5.9913843994248276e-05,0.0,1.1245548354179452e-05
901,9.010110200149938,step,0.468854814478757,0.012235362950862689,4.81700012460351,9.86480014398694,124371.0,124371.0,0.0,0.0,8.77,0.0002,1e-05,100.0,0.01,-0.013994089183187453,0.0,0.21786423670909003,-0.014444893789455213,0.0,0.2179930778672177,0.0,0.0,0.0,1.0131565563473675,0.0,0.760442156760429,-1.0613692195873345,0.0,-0.7467271126483707,0.6772695843717219,0.0,0.3076481632310117,0.636946510966661,-2.26897314534434,-1.952747060924408,-0.15624818841738422,0.14325015135858205,0.05855959515689261,-0.08608,0.08339,0.03497,0.0003689648545422776,0.0,-0.00012140810668075067,8.183975172548319e-05,0.0,-7.433051446917603e-06
902,9.020103899994865,step,0.3708990025367693,0.006190025811873554,3.875899827107787,9.993699844926596,124371.0,124371.0,0.0,0.0,8.77,0.0002,1e-05,100.0,0.01,-0.014076837336835846,0.0,0.2180389092731313,-0.014444893789455213,0.0,0.2179930778672177,0.0,0.0,0.0,1.0207929671492402,0.0,0.7416748015156591,-1.0602926677377653,0.0,-0.7464459698420184,0.681027846968996,0.0,0.2985910178906062,0.636946510966661,-2.26897314534434,-1.9512130801365222,-0.15580987135128646,0.1427033463768932,0.057436363803216574,-0.08608,0.08070000000000001,0.03228,0.0002673130465653629,0.0,6.98091226316892e-05,0.00010074340605400475,0.0,-2.3977716718084734e-05
903,9.030593200121075,step,0.3708990025367693,0.006007126605132315,4.304700065404177,10.489300126209855,124371.0,124371.0,0.0,0.0,8.77,0.0002,1e-05,100.0,0.01,-0.014076837336835846,0.0,0.2180389092731313,-0.014444893789455213,0.0,0.2179930778672177,0.0,0.0,0.0,1.019716574536443,0.0,0.7413933226194942,-1.059214961338392,0.0,-0.746246034257951,0.6803077913605874,0.0,0.2984803592670158,0.636946510966661,-2.26897314534434,-1.9512130801365222,-0.15592691380899126,0.14263956136539063,0.05746253802158926,-0.08877,0.08608,0.02959,0.00026759972688236857,0.0,4.964497540482358e-05,0.00010045672573699905,0.0,-3.8135694912191213e-06
904,9.040509999962524,step,0.468854814478757,0.011640437482220618,3.5659000277519226,9.916799841448665,124371.0,124371.0,0.0,0.0,8.77,0.0002,1e-05,100.0,0.01,-0.013994089183187453,0.0,0.21786423670909003,-0.014444893789455213,0.0,0.2179930778672177,0.0,0.0,0.0,1.009516522417024,0.0,0.7604496900422303,-1.0578013514020794,0.0,-0.746820311581552,0.6748284458915068,0.0,0.3076616932402265,0.636946510966661,-2.26897314534434,-1.952747060924408,-0.15663442574925823,0.1430815567015751,0.05869303174937539,-0.08608,0.07801000000000001,0.03228,0.0003510062045613257,0.0,-0.00014259584525037254,9.97984017064351e-05,0.0,1.3754687122704266e-05
905,9.050103400135413,step,0.3708990025367693,0.005386350896925348,4.094799980521202,9.593400172889233,124371.0,124371.0,0.0,0.0,8.77,0.0002,1e-05,100.0,0.01,-0.014076837336835846,0.0,0.2180389092731313,-0.014444893789455213,0.0,0.2179930778672177,0.0,0.0,0.0,1.0172250990073657,0.0,0.7417680004637617,-1.056785257854378,0.0,-0.7466085945966302,0.6786371474487106,0.0,0.2986428196595838,0.636946510966661,-2.26897314534434,-1.9512130801365222,-0.15618753941934127,0.1425425026473707,0.0575710182138825,-0.09146,0.08070000000000001,0.03497,0.00025230095693037945,0.0,5.257035438815043e-05,0.00011575549568898817,0.0,-6.738948474545969e-06
906,9.060316000133753,step,0.468854814478757,0.01087138147284146,3.803499974310398,10.21259999834001,124371.0,124371.0,0.0,0.0,8.77,0.0002,1e-05,100.0,0.01,-0.013994089183187453,0.0,0.21786423670909003,-0.014444893789455213,0.0,0.2179930778672177,0.0,0.0,0.0,1.0070868189495596,0.0,0.7608122503988891,-1.0554223735731947,0.0,-0.7471714646799281,0.6731979720558208,0.0,0.30781673728369574,0.636946510966661,-2.26897314534434,-1.952747060924408,-0.1568886042650382,0.1429866772343946,0.05879877571144225,-0.08608,0.07532,0.0269,0.0003384107783242462,0.0,-0.00013976337214695835,0.0001123938279435146,0.0,1.0922214019290071e-05
907,9.070125699974597,step,0.3708990025367693,0.0050007081259215895,3.791899885982275,9.809699840843678,124371.0,124371.0,0.0,0.0,8.77,0.0002,1e-05,100.0,0.01,-0.014076837336835846,0.0,0.2180389092731313,-0.014444893789455213,0.0,0.2179930778672177,0.0,0.0,0.0,1.0148461212011735,0.0,0.7421191535570356,-1.0544474017045802,0.0,-0.7469488181425763,0.6770419637345297,0.0,0.29879524946134306,0.636946510966661,-2.26897314534434,-1.9512130801365222,-0.1564364632183396,0.14244950077322915,0.05767429183084655,-0.08339,0.08070000000000001,0.03228,0.00024209024453315767,0.0,5.528421527541597e-05,0.00012596620808620994,0.0,-9.452809361811509e-06
908,9.080317700048909,step,0.3708990025367693,0.005070902392003752,3.608600003644824,10.19200007431209,124371.0,124371.0,0.0,0.0,8.77,0.0002,1e-05,100.0,0.01,-0.014076837336835846,0.0,0.2180389092731313,-0.014444893789455213,0.0,0.2179930778672177,0.0,0.0,0.0,1.0138713085487057,0.0,0.7418961709462241,-1.053452311667134,0.0,-0.7467939753326824,0.6763897369227577,0.0,0.29870805946369544,0.636946510966661,-2.26897314534434,-1.9512130801365222,-0.15654214018506662,0.14239330916942014,0.057699486372239046,-0.08877,0.08070000000000001,0.03497,0.00024708568344667883,0.0,3.84482208339763e-05,0.00012097076917268879,0.0,7.383185079628164e-06
909,9.090185800101608,step,0.4665300455575253,0.013466383151593226,3.8005998358130455,9.868100052699447,124371.0,124371.0,0.0,0.0,8.77,0.0002,1e-05,100.0,0.01,-0.014100921340095107,0.0,0.21767790610850649,-0.014444893789455213,0.0,0.2179930778672177,0.0,0.0,0.0,1.0155312941206422,0.0,0.7815391427450582,-1.0525372948085745,0.0,-0.7481563338680433,0.6798098863799883,0.0,0.3167932113421689,0.636946510966661,-2.2705071261322254,-1.952747060924408,-0.15543839992771669,0.14496384779531027,0.059155676496718455,-0.08608,0.07801000000000001,0.03497,0.00022720312469675153,0.0,-0.000338280233086149,0.00011676932466335457,0.0,2.3108474374941058e-05
910,9.100098400143906,step,0.3708990025367693,0.006013423645746463,3.918000031262636,9.912600042298436,124371.0,124371.0,0.0,0.0,8.77,0.0002,1e-05,100.0,0.01,-0.014076837336835846,0.0,0.2180389092731313,-0.014444893789455213,0.0,0.2179930778672177,0.0,0.0,0.0,1.0119612479833888,0.0,0.7431043812565055,-1.05149139807129,0.0,-0.7478265085444444,0.6751053989686729,0.0,0.29920827797214317,0.636946510966661,-2.26897314534434,-1.9512130801365222,-0.1567327136067717,0.14236429463162686,0.057825635727693114,-0.08339,0.07801000000000001,0.03497,0.0002597012334780948,0.0,8.189722782129544e-05,0.00010835521914127281,0.0,-3.606582190769098e-05
911,9.11012740014121,step,0.468854814478757,0.010735025538376625,3.859099932014942,10.02899999730289,124371.0,124371.0,0.0,0.0,8.77,0.0002,1e-05,100.0,0.01,-0.013994089183187453,0.0,0.21786423670909003,-0.014444893789455213,0.0,0.2179930778672177,0.0,0.0,0.0,1.0017929591673698,0.0,0.7620301643186712,-1.0501009034737407,0.0,-0.7482886014808343,0.6696442519568262,0.0,0.3083293253618854,0.636946510966661,-2.26897314534434,-1.952747060924408,-0.15743806217579473,0.14280108784370887,0.05904913239493572,-0.08339,0.08339,0.03228,0.00034526655381465917,0.0,-0.00011473991770311302,0.00010553805245310161,0.0,-1.4101240424555257e-05
912,9.120200200006366,step,0.3708990025367693,0.005477615820844703,3.879500087350607,10.072799865156412,124371.0,124371.0,0.0,0.0,8.77,0.0002,1e-05,100.0,0.01,-0.014076837336835846,0.0,0.2180389092731313,-0.014444893789455213,0.0,0.2179930778672177,0.0,0.0,0.0,1.0095246510893687,0.0,0.7432362903128544,-1.0491005214007436,0.0,-0.7479807721901638,0.6734724596944726,0.0,0.29927149900854355,0.636946510966661,-2.26897314534434,-1.9512130801365222,-0.1569899494135385,0.14225781452296554,0.05792078092573338,-0.08608,0.07801000000000001,0.02959,0.0002483997215454595,0.0,7.643550614315547e-05,0.00011965673107390811,0.0,-3.060410022955101e-05
913,9.130103100091219,step,0.468854814478757,0.010316743730429427,4.821299808099866,9.902900084853172,124371.0,124371.0,0.0,0.0,8.77,0.0002,1e-05,100.0,0.01,-0.013994089183187453,0.0,0.21786423670909003,-0.014444893789455213,0.0,0.2179930778672177,0.0,0.0,0.0,0.9994020825029515,0.0,0.7621844279494212,-1.0477471043438518,0.0,-0.7484620320120893,0.6680404147381181,0.0,0.30839919138763716,0.636946510966661,-2.26897314534434,-1.952747060924408,-0.15769023652904868,0.14269772402304434,0.059143741567713556,-0.09146,0.08070000000000001,0.03228,0.00033606002060751223,0.0,-0.00011949914835953904,0.00011474458566024855,0.0,-9.342009768129237e-06
914,9.140325099928305,step,0.3708990025367693,0.005135551107440851,4.316499922424555,10.221999837085605,124371.0,124371.0,0.0,0.0,8.77,0.0002,1e-05,100.0,0.01,-0.014076837336835846,0.0,0.2180389092731313,-0.014444893789455213,0.0,0.2179930778672177,0.0,0.0,0.0,1.0071708519760687,0.0,0.7434097208526828,-1.0467763912377466,0.0,-0.7481707824848385,0.6718948314382114,0.0,0.299351337082776,0.636946510966661,-2.26897314534434,-1.9512130801365222,-0.1572379829520575,0.1421572202304479,0.05801484013956867,-0.08339,0.07801000000000001,0.02959,0.00024103277314298482,0.0,7.231867045817157e-05,0.0001270236794763828,0.0,-2.6487264544567112e-05
915,9.150606099981815,step,0.468854814478757,0.010074827989791882,3.4030999522656202,10.28100005351007,124371.0,124371.0,0.0,0.0,8.77,0.0002,1e-05,100.0,0.01,-0.013994089183187453,0.0,0.21786423670909003,-0.014444893789455213,0.0,0.2179930778672177,0.0,0.0,0.0,0.9970779523532347,0.0,0.7623744382515155,-1.0454461818614489,0.0,-0.7486662707421847,0.666481237093274,0.0,0.3084834643500502,0.636946510966661,-2.26897314534434,-1.952747060924408,-0.15793496390777892,0.14259922384365686,0.05923757765519767,-0.08877,0.08070000000000001,0.02959,0.0003302974409362685,0.0,-0.00012303213789618278,0.00012050716533149226,0.0,-5.809020231485498e-06
916,9.160054099978879,step,0.3708990025367693,0.004931606543292706,4.0744999423623085,9.447999997064471,124371.0,124371.0,0.0,0.0,8.77,0.0002,1e-05,100.0,0.01,-0.014076837336835846,0.0,0.2180389092731313,-0.014444893789455213,0.0,0.2179930778672177,0.0,0.0,0.0,1.0048699295040515,0.0,0.7436139595891426,-1.0444930820656377,0.0,-0.7483871254612225,0.6703525095383024,0.0,0.2994435377661744,0.636946510966661,-2.26897314534434,-1.9512130801365222,-0.15748009668160146,0.14206059629245363,0.058108406118854906,-0.08608,0.08070000000000001,0.0269,0.00023665930275537536,0.0,6.931312738740098e-05,0.00013139714986399226,0.0,-2.348172147379652e-05
917,9.170107800047845,step,0.3708990025367693,0.005028010830939499,3.7945001386106014,10.053700068965554,124371.0,124371.0,0.0,0.0,8.77,0.0002,1e-05,100.0,0.01,-0.014076837336835846,0.0,0.2180389092731313,-0.014444893789455213,0.0,0.2179930778672177,0.0,0.0,0.0,1.0039169889195507,0.0,0.7433344782395906,-1.0435107693123296,0.0,-0.748185472737769,0.6697151544957124,0.0,0.2993332169760169,0.636946510966661,-2.26897314534434,-1.9512130801365222,-0.15758401907217717,0.14200263405282598,0.05813016489304312,-0.08608,0.07801000000000001,0.03766,0.00024391302181296935,0.0,5.0071349444175374e-05,0.00012414343080639827,0.0,-4.239943530570912e-06
918,9.180107699939981,step,0.468854814478757,0.010632634406091749,3.8407999090850353,9.999899892136455,124371.0,124371.0,0.0,0.0,8.77,0.0002,1e-05,100.0,0.01,-0.013994089183187453,0.0,0.21786423670909003,-0.014444893789455213,0.0,0.2179930778672177,0.0,0.0,0.0,0.9938123304336477,0.0,0.7623891285212748,-1.0421683415212897,0.0,-0.7487550467075588,0.6642911700780101,0.0,0.30849884196893373,0.636946510966661,-2.26897314534434,-1.952747060924408,-0.15828139247181394,0.1424483624577783,0.0593576589804944,-0.08608,0.07801000000000001,0.02959,0.00033333133258788293,0.0,-0.00014142797968322995,0.00011747327367987785,0.0,1.2586821555561677e-05
919,9.190068300114945,step,0.3708990025367693,0.004901540876805415,3.953399835154414,9.960600174963474,124371.0,124371.0,0.0,0.0,8.77,0.0002,1e-05,100.0,0.01,-0.014076837336835846,0.0,0.2180389092731313,-0.014444893789455213,0.0,0.2179930778672177,0.0,0.0,0.0,1.0015920891584236,0.0,0.7437027355876641,-1.0412027081649498,0.0,-0.7485362765165255,0.6681561349818277,0.0,0.2994924147980926,0.636946510966661,-2.26897314534434,-1.9512130801365222,-0.1578270329497407,0.14191298277520406,0.05823226179485067,-0.09146,0.08070000000000001,0.02959,0.0002397714466345829,0.0,5.4321699680497064e-05,0.00012828500598478473,0.0,-8.490293766892602e-06
920,9.200038400013,step,0.3708990025367693,0.005066766843298304,3.9603000041097403,9.970099898055196,124371.0,124371.0,0.0,0.0,8.77,0.0002,1e-05,100.0,0.01,-0.014076837336835846,0.0,0.2180389092731313,-0.014444893789455213,0.0,0.2179930778672177,0.0,0.0,0.0,1.0006266150132546,0.0,0.7434836293219077,-1.0402077977447213,0.0,-0.7483829578145333,0.6675101496468159,0.0,0.29940676991125575,0.636946510966661,-2.26897314534434,-1.9512130801365222,-0.1579316801079466,0.14185741525062343,0.058257296198699925,-0.08877,0.07801000000000001,0.02959,0.00024704108362015673,0.0,3.806977744859207e-05,0.00012101536899921089,0.0,7.761628465012394e-06
921,9.21008799993433,step,0.468854814478757,0.01102326983469832,3.867699997499585,10.04959992133081,124371.0,124371.0,0.0,0.0,8.77,0.0002,1e-05,100.0,0.01,-0.013994089183187453,0.0,0.21786423670909003,-0.014444893789455213,0.0,0.2179930778672177,0.0,0.0,0.0,0.9905093588604039,0.0,0.7625866136196685,-1.0388529127426513,0.0,-0.7489903626203307,0.662075530303419,0.0,0.3085889786173369,0.636946510966661,-2.26897314534434,-1.952747060924408,-0.15862992755347866,0.14230479459169565,0.05948763164760982,-0.08608,0.07801000000000001,0.03228,0.00033642451851614635,0.0,-0.00015082155978004657,0.00011438008775161443,0.0,2.1980401652378298e-05
922,9.220502499956638,step,0.468854814478757,0.00995622180877249,3.4833999816328287,10.414500022307038,124371.0,124371.0,0.0,0.0,8.77,0.0002,1e-05,100.0,0.01,-0.013994089183187453,0.0,0.21786423670909003,-0.014444893789455213,0.0,0.2179930778672177,0.0,0.0,0.0,0.9891543146436742,0.0,0.7631943545110871,-1.0375400371892458,0.0,-0.7495076653779348,0.6611650513523906,0.0,0.3088410659752536,0.636946510966661,-2.26897314534434,-1.952747060924408,-0.1587675620763374,0.14227190786473384,0.059565519946103936,-0.08608,0.07801000000000001,0.02959,0.0003259933686263322,0.0,-0.00012844878413159746,0.00012481123764142857,0.0,-3.9237399607081275e-07
923,9.230246999999508,step,0.468854814478757,0.009153273814633888,3.702899906784296,9.74450004287064,124371.0,124371.0,0.0,0.0,8.77,0.0002,1e-05,100.0,0.01,-0.013994089183187453,0.0,0.21786423670909003,-0.014444893789455213,0.0,0.2179930778672177,0.0,0.0,0.0,0.9878414390980447,0.0,0.7637116572516334,-1.036261270138309,0.0,-0.7499497169499999,0.6602831117087408,0.0,0.3090560981031491,0.636946510966661,-2.26897314534434,-1.952747060924408,-0.15890164021052122,0.1422365123111694,0.05963764834391684,-0.08608,0.07801000000000001,0.02959,0.0003175240620041399,0.0,-0.00010976354972127345,0.00013328054426362088,0.0,-1.9077608406394824e-05
924,9.24036750011146,step,0.3708990025367693,0.004735612155384054,3.5749999806284904,10.120500111952424,124371.0,124371.0,0.0,0.0,8.77,0.0002,1e-05,100.0,0.01,-0.014076837336835846,0.0,0.2180389092731313,-0.014444893789455213,0.0,0.2179930778672177,0.0,0.0,0.0,0.9956850177929164,0.0,0.7448974057963105,-1.035344772378305,0.0,-0.7496223726557403,0.6641940002384897,0.0,0.30000255344622195,0.636946510966661,-2.26897314534434,-1.9512130801365222,-0.1584418826678144,0.14169796455601588,0.05850375674635385,-0.08608,0.08070000000000001,0.02959,0.00022757083970924074,0.0,8.128117620096476e-05,0.00014048561291012687,0.0,-3.5449770287360297e-05
925,9.250320000108331,step,0.29643554788852927,0.002677528584098972,3.6478000693023205,9.952499996870756,124371.0,124371.0,0.0,0.0,8.77,0.0002,1e-05,100.0,0.01,-0.014183937340638622,0.0,0.2178524515330089,-0.014444893789455213,0.0,0.2179930778672177,0.0,0.0,0.0,1.0065756286408725,0.0,0.7651252531740427,-1.0348201698018413,0.0,-0.7501325665929716,0.6724066627318271,0.0,0.30873918580506676,0.636946510966661,-2.2705071261322254,-1.9512130801365222,-0.15674166089346198,0.14376047638423625,0.058751042979191766,-0.08608,0.08070000000000001,0.02959,0.0001302613645656052,0.0,-0.00012668362954838688,0.00013069508425098602,0.0,-1.3942704660417442e-05
926,9.26015940005891,step,0.3708990025367693,0.006288355986493913,3.76180000603199,9.839399950578809,124371.0,124371.0,0.0,0.0,8.77,0.0002,1e-05,100.0,0.01,-0.014076837336835846,0.0,0.2180389092731313,-0.014444893789455213,0.0,0.2179930778672177,0.0,0.0,0.0,0.994244282719772,0.0,0.7450802780992796,-1.0337447795656483,0.0,-0.7498144360581286,0.6632280545702012,0.0,0.3000827150842972,0.636946510966661,-2.26897314534434,-1.9512130801365222,-0.1585929322784899,0.14164017326148454,0.05856491000168562,-0.08608,0.07801000000000001,0.02959,0.0002670246123290868,0.0,7.899335504217846e-05,0.00010103184029028084,0.0,-3.3161949128573997e-05
927,9.270530400099233,step,0.468854814478757,0.011273828075544804,3.6551000084728003,10.371000040322542,124371.0,124371.0,0.0,0.0,8.77,0.0002,1e-05,100.0,0.01,-0.013994089183187453,0.0,0.21786423670909003,-0.014444893789455213,0.0,0.2179930778672177,0.0,0.0,0.0,0.9840463406595805,0.0,0.76401809181435,-1.0323190444718622,0.0,-0.7502856526298407,0.6577371238918959,0.0,0.30919214203022366,0.636946510966661,-2.26897314534434,-1.952747060924408,-0.15930129728985176,0.14207548084257826,0.05979069546530305,-0.08608,0.07801000000000001,0.0269,0.00035401693998069194,0.0,-0.00011700536061206481,9.678766628706885e-05,0.0,-1.1835797515603468e-05
928,9.280108599923551,step,0.3708990025367693,0.005858141150436556,3.9790000300854445,9.57819982431829,124371.0,124371.0,0.0,0.0,8.77,0.0002,1e-05,100.0,0.01,-0.014076837336835846,0.0,0.2180389092731313,-0.014444893789455213,0.0,0.2179930778672177,0.0,0.0,0.0,0.9917427920717244,0.0,0.7452333414659411,-1.0312792996544236,0.0,-0.749984722497257,0.6615515571518779,0.0,0.300154815862373,0.636946510966661,-2.26897314534434,-1.9512130801365222,-0.1588568421903368,0.1415317268055263,0.058663412562653915,-0.08877,0.07532,0.03228,0.0002581736819376226,0.0,7.472241172261905e-05,0.00010988277068174504,0.0,-2.8891005809014584e-05
929,9.29045070009306,step,0.3708990025367693,0.005866982784962937,3.546099876984954,10.34210016950965,124371.0,124371.0,0.0,0.0,8.77,0.0002,1e-05,100.0,0.01,-0.014076837336835846,0.0,0.2180389092731313,-0.014444893789455213,0.0,0.2179930778672177,0.0,0.0,0.0,0.9907032064695706,0.0,0.7449320752658807,-1.0302188673721282,0.0,-0.7497636344341272,0.6608562373287347,0.0,0.3000359436286896,0.636946510966661,-2.26897314534434,-1.9512130801365222,-0.15897017724859985,0.1414686731744364,0.05868731899538942,-0.08608,0.08070000000000001,0.0269,0.0002633104798157523,0.0,5.4897238565981666e-05,0.00010474597280361533,0.0,-9.065832652377205e-06
930,9.300111399963498,step,0.3708990025367693,0.005923545187793861,3.823499893769622,9.660699870437384,124371.0,124371.0,0.0,0.0,8.77,0.0002,1e-05,100.0,0.01,-0.014076837336835846,0.0,0.2180389092731313,-0.014444893789455213,0.0,0.2179930778672177,0.0,0.0,0.0,0.9896427741890373,0.0,0.7447109872152197,-1.0291415164406679,0.0,-0.7496086376340294,0.6601466412192671,0.0,0.2999498572458614,0.636946510966661,-2.26897314534434,-1.9512130801365222,-0.15908492070242547,0.14140860488033677,0.05871572893420701,-0.09146,0.07801000000000001,0.02959,0.00026751146247519796,0.0,3.848645734861871e-05,0.00010054499014416966,0.0,7.344948564985751e-06
931,9.3100469999481,step,0.3708990025367693,0.00600198374335023,3.8844000082463026,9.93559998460114,124371.0,124371.0,0.0,0.0,8.77,0.0002,1e-05,100.0,0.01,-0.014076837336835846,0.0,0.2180389092731313,-0.014444893789455213,0.0,0.2179930778672177,0.0,0.0,0.0,0.9885654232500048,0.0,0.744555990444688,-1.0280505616714883,0.0,-0.74950757111992,0.6594254548786718,0.0,0.2998907953910582,0.636946510966661,-2.26897314534434,-1.9512130801365222,-0.15920079694463077,0.14135100972048842,0.05874784144554531,-0.08877,0.07532,0.02959,0.00027088936137269404,0.0,2.5095305723694654e-05,9.716709124667357e-05,0.0,2.0736100189909808e-05
932,9.3201041999273,step,0.468854814478757,0.012430630891727258,3.7835000548511744,10.05719997920096,124371.0,124371.0,0.0,0.0,8.77,0.0002,1e-05,100.0,0.01,-0.013994089183187453,0.0,0.21786423670909003,-0.014444893789455213,0.0,0.2179930778672177,0.0,0.0,0.0,0.9783521227442058,0.0,0.7637112269484291,-1.026613809870919,0.0,-0.7501570866639267,0.653919290394407,0.0,0.3090831738812745,0.636946510966661,-2.26897314534434,-1.952747060924408,-0.1599087381053791,0.14179600661469818,0.05998457225328408,-0.08608,0.08070000000000001,0.02959,0.00035675244171667187,0.0,-0.00016127786035522178,9.405216455108891e-05,0.0,3.24367022275535e-05
933,9.330513700144365,step,0.3708990025367693,0.005602970038173107,4.548100056126714,10.409500217065215,124371.0,124371.0,0.0,0.0,8.77,0.0002,1e-05,100.0,0.01,-0.014076837336835846,0.0,0.2180389092731313,-0.014444893789455213,0.0,0.2179930778672177,0.0,0.0,0.0,0.9860375574658575,0.0,0.7451047755798,-1.0255669047458844,0.0,-0.7500002948694643,0.6577297581460182,0.0,0.30012441613487806,0.636946510966661,-2.26897314534434,-1.9512130801365222,-0.15946353876495628,0.14126084535917227,0.05886577677110991,-0.08877,0.08070000000000001,0.02959,0.00025995162104813866,0.0,3.89321631568064e-05,0.00010810483157122896,0.0,6.899242756798065e-06
934,9.340123699977994,step,0.4665300455575253,0.013854310562099615,3.8858000189065933,9.609999833628535,124371.0,124371.0,0.0,0.0,8.77,0.0002,1e-05,100.0,0.01,-0.014100921340095107,0.0,0.21767790610850649,-0.014444893789455213,0.0,0.2179930778672177,0.0,0.0,0.0,0.9876458871651962,0.0,0.7847454623042208,-1.02460007725282,0.0,-0.751355325020817,0.6610855941706419,0.0,0.31816751184204245,0.636946510966661,-2.2705071261322254,-1.952747060924408,-0.15836429875345448,0.14382857062035492,0.0603269509884019,-0.08877,0.08070000000000001,0.02959,0.0002400679565759405,0.0,-0.00033646055978719437,0.00010390449278416559,0.0,2.128880107598642e-05
935,9.35014640004374,step,0.3708990025367693,0.0065988671754156685,3.824099898338318,10.022700065746903,124371.0,124371.0,0.0,0.0,8.77,0.0002,1e-05,100.0,0.01,-0.014076837336835846,0.0,0.2180389092731313,-0.014444893789455213,0.0,0.2179930778672177,0.0,0.0,0.0,0.9840240304044549,0.0,0.7463033724059948,-1.0235031649584203,0.0,-0.7510139207831783,0.6563761386177241,0.0,0.3006211129902365,0.636946510966661,-2.26897314534434,-1.9512130801365222,-0.1596651878454444,0.141226559364538,0.05899525620729101,-0.09146,0.07801000000000001,0.03228,0.00027236864378461746,0.0,8.477232834633132e-05,9.568780883475016e-05,0.0,-3.894092243272686e-05
936,9.360529100056738,step,0.468854814478757,0.011369374768784173,3.4413000103086233,10.382700012996793,124371.0,124371.0,0.0,0.0,8.77,0.0002,1e-05,100.0,0.01,-0.013994089183187453,0.0,0.21786423670909003,-0.014444893789455213,0.0,0.2179930778672177,0.0,0.0,0.0,0.9738047260316705,0.0,0.7652175765522262,-1.0220630789003664,0.0,-0.7514611646754291,0.6508653426742308,0.0,0.3097114128058413,0.636946510966661,-2.26897314534434,-1.952747060924408,-0.16037604370641478,0.14165931156922804,0.06022109010427792,-0.08877,0.07263,0.02959,0.00035758035402446765,0.0,-0.00011105282801116054,9.322425224329313e-05,0.0,-1.7788330116507738e-05
937,9.370139800012112,step,0.468854814478757,0.010296038433327515,3.868300002068281,9.610699955374002,124371.0,124371.0,0.0,0.0,8.77,0.0002,1e-05,100.0,0.01,-0.013994089183187453,0.0,0.21786423670909003,-0.014444893789455213,0.0,0.2179930778672177,0.0,0.0,0.0,0.9723644807632624,0.0,0.7656651564945304,-1.0206799286302124,0.0,-0.7518433989188432,0.6498981852728076,0.0,0.3098983365499143,0.636946510966661,-2.26897314534434,-1.952747060924408,-0.1605243479375995,0.1416145604084578,0.06029462337560791,-0.09146,0.08070000000000001,0.0269,0.0003434429216953145,0.0,-9.491061684535505e-05,0.0001073616845724463,0.0,-3.3930541282313224e-05
938,9.380142699927092,step,0.468854814478757,0.009465163822494765,3.977700136601925,10.002899914979935,124371.0,124371.0,0.0,0.0,8.77,0.0002,1e-05,100.0,0.01,-0.013994089183187453,0.0,0.21786423670909003,-0.014444893789455213,0.0,0.2179930778672177,0.0,0.0,0.0,0.9709813305075742,0.0,0.7660473907321093,-1.0193440650570065,0.0,-0.7521727942410328,0.6489695051741702,0.0,0.31005840972829246,0.636946510966661,-2.26897314534434,-1.952747060924408,-0.16066725669609738,0.14156923246761027,0.060363021359587356,-0.09146,0.07532,0.03497,0.0003317014054569134,0.0,-8.179045638543938e-05,0.0001191032008108474,0.0,-4.705070174222889e-05
939,9.390275500016287,step,0.3708990025367693,0.005509994857837338,3.9776999037712812,10.13280008919537,124371.0,124371.0,0.0,0.0,8.77,0.0002,1e-05,100.0,0.01,-0.014076837336835846,0.0,0.2180389092731313,-0.014444893789455213,0.0,0.2179930778672177,0.0,0.0,0.0,0.9787678126860603,0.0,0.747120483036936,-1.0183820299813657,0.0,-0.7517526901053657,0.652851510474216,0.0,0.3009747273765376,0.636946510966661,-2.26897314534434,-1.9512130801365222,-0.16021475740209473,0.14102311053465647,0.059225359072300816,-0.09146,0.08070000000000001,0.03766,0.00023887797608180753,0.0,0.00010431389479735004,0.0001291784765375601,0.0,-5.848248888374558e-05
940,9.4000508999452,step,0.468854814478757,0.009579225025732727,3.995200153440237,9.77539992891252,124371.0,124371.0,0.0,0.0,8.77,0.0002,1e-05,100.0,0.01,-0.013994089183187453,0.0,0.21786423670909003,-0.014444893789455213,0.0,0.2179930778672177,0.0,0.0,0.0,0.9686835911007402,0.0,0.7659563458143968,-1.0170531684285498,0.0,-0.7521399522628175,0.647428833096775,0.0,0.3100278264706893,0.636946510966661,-2.26897314534434,-1.952747060924408,-0.16091203903759185,0.14145807751497524,0.06044278379141306,-0.08877,0.07532,0.02959,0.0003299627698274941,0.0,-9.615907229116254e-05,0.00012084183644026666,0.0,-3.268208583650573e-05
941,9.410196900134906,step,0.468854814478757,0.00892913857587291,3.7710999604314566,10.146000189706683,124371.0,124371.0,0.0,0.0,8.77,0.0002,1e-05,100.0,0.01,-0.013994089183187453,0.0,0.21786423670909003,-0.014444893789455213,0.0,0.2179930778672177,0.0,0.0,0.0,0.9673545703412105,0.0,0.7663439440550706,-1.0157603621716185,0.0,-0.7524783007476874,0.6465364384710056,0.0,0.31018993481021034,0.636946510966661,-2.26897314534434,-1.952747060924408,-0.16104914857271477,0.14141552710971594,0.06050945290174554,-0.09146,0.08070000000000001,0.03497,0.0003210100649563122,0.0,-8.401357011046803e-05,0.0001297945413114486,0.0,-4.482758801720025e-05
942,9.420041100122035,step,0.468854814478757,0.008434070651946686,4.707599990069866,9.844199987128377,124371.0,124371.0,0.0,0.0,8.77,0.0002,1e-05,100.0,0.01,-0.013994089183187453,0.0,0.21786423670909003,-0.014444893789455213,0.0,0.2179930778672177,0.0,0.0,0.0,0.9660617640894019,0.0,0.7666822925413173,-1.0144965292543788,0.0,-0.7527775339137821,0.6456684718253364,0.0,0.31033182599060005,0.636946510966661,-2.26897314534434,-1.952747060924408,-0.1611829151160524,0.14137222556486662,0.06057250088345985,-0.08877,0.08070000000000001,0.03228,0.0003138158441621329,0.0,-7.430104671148329e-05,0.0001369887621056279,0.0,-5.454011141618498e-05
943,9.430367300054058,step,0.468854814478757,0.008061862855512742,3.575799986720085,10.326199932023883,124371.0,124371.0,0.0,0.0,8.77,0.0002,1e-05,100.0,0.01,-0.013994089183187453,0.0,0.21786423670909003,-0.014444893789455213,0.0,0.2179930778672177,0.0,0.0,0.0,0.9647979311851211,0.0,0.7669815256899128,-1.01325548389091,0.0,-0.7530461953678746,0.644820047914618,0.0,0.31045765961200206,0.636946510966661,-2.26897314534434,-1.952747060924408,-0.16131400419070685,0.14132833723741647,0.06063266516646069,-0.09146,0.08339,0.03228,0.00030815758401918803,0.0,-6.670994231897838e-05,0.00014264702224857275,0.0,-6.21312158086899e-05
944,9.440029399935156,step,0.468854814478757,0.007787573308970045,3.891400061547756,9.662099881097674,124371.0,124371.0,0.0,0.0,8.77,0.0002,1e-05,100.0,0.01,-0.013994089183187453,0.0,0.21786423670909003,-0.014444893789455213,0.0,0.2179930778672177,0.0,0.0,0.0,0.9635568858318505,0.0,0.7672501871303266,-1.012031861548694,0.0,-0.753291680653429,0.6439869938209397,0.0,0.31057094258048906,0.636946510966661,-2.26897314534434,-1.952747060924408,-0.16144298547880867,0.14128399691284266,0.06069057039861173,-0.09146,0.07801000000000001,0.03497,0.0003038313633236325,0.0,-6.09551872441156e-05,0.0001469732429441283,0.0,-6.788597088355268e-05
945,9.45053800009191,step,0.468854814478757,0.007591804189160789,5.665699951350689,10.508600156754255,124371.0,124371.0,0.0,0.0,8.77,0.0002,1e-05,100.0,0.01,-0.013994089183187453,0.0,0.21786423670909003,-0.014444893789455213,0.0,0.2179930778672177,0.0,0.0,0.0,0.9623332634974306,0.0,0.7674956724055138,-1.0108210456484312,0.0,-0.7535203413048379,0.6431656906881942,0.0,0.3106747105753842,0.636946510966661,-2.26897314534434,-1.952747060924408,-0.16157035316802396,0.14123932080106688,0.060746757652888846,-0.08877,0.08070000000000001,0.02959,0.0003006514616630348,0.0,-5.6777548970055844e-05,0.00015015314460472596,0.0,-7.206360915761243e-05
946,9.460037700133398,step,0.3708990025367693,0.0049581889939820135,3.9387999568134546,9.499700041487813,124371.0,124371.0,0.0,0.0,8.77,0.0002,1e-05,100.0,0.01,-0.014076837336835846,0.0,0.2180389092731313,-0.014444893789455213,0.0,0.2179930778672177,0.0,0.0,0.0,0.9702447933334297,0.0,0.7484680300556691,-1.0099541858828611,0.0,-0.7530302474917446,0.6471361968580405,0.0,0.30155733293377524,0.636946510966661,-2.26897314534434,-1.9512130801365222,-0.1611056644786365,0.14069432942336962,0.05959952805202672,-0.08877,0.07532,0.03228,0.00021524548489899956,0.0,0.00012169267121988099,0.00015281096772036805,0.0,-7.586126530627652e-05
947,9.4702421000693,step,0.4665300455575253,0.009443622127511679,3.7296998780220747,10.204399935901165,124371.0,124371.0,0.0,0.0,8.77,0.0002,1e-05,100.0,0.01,-0.014100921340095107,0.0,0.21767790610850649,-0.014444893789455213,0.0,0.2179930778672177,0.0,0.0,0.0,0.9720331683827265,0.0,0.7877754147773774,-1.0091274379455681,0.0,-0.7541280690955056,0.6505992029923379,0.0,0.3194412115738999,0.636946510966661,-2.2705071261322254,-1.952747060924408,-0.15998976941612264,0.14325401885945901,0.061040244970224276,-0.08877,0.07801000000000001,0.03228,0.000205285523356641,0.0,-0.0002725944297100208,0.0001386869260034651,0.0,-4.2577329001187156e-05
948,9.480060500092804,step,0.468854814478757,0.008949658211796762,3.9462000131607056,9.818400023505092,124371.0,124371.0,0.0,0.0,8.77,0.0002,1e-05,100.0,0.01,-0.013994089183187453,0.0,0.21786423670909003,-0.014444893789455213,0.0,0.2179930778672177,0.0,0.0,0.0,0.959429045429338,0.0,0.7683324193593283,-1.0078009654646034,0.0,-0.7543024319344437,0.641215631236055,0.0,0.31102477088748526,0.636946510966661,-2.26897314534434,-1.952747060924408,-0.16187007334573697,0.14114583237127928,0.060891967257842315,-0.08877,0.08070000000000001,0.03228,0.00032936955169754527,0.0,-4.329513873667151e-05,0.00012143505457021551,0.0,-8.554601939099677e-05
949,9.490072200074792,step,0.4665300455575253,0.008129489847624153,3.918499918654561,10.011699981987476,124371.0,124371.0,0.0,0.0,8.77,0.0002,1e-05,100.0,0.01,-0.014100921340095107,0.0,0.21767790610850649,-0.014444893789455213,0.0,0.2179930778672177,0.0,0.0,0.0,0.9698797887194518,0.0,0.789047935287431,-1.0069323479413632,0.0,-0.7552359208566302,0.6491508805478444,0.0,0.31996588630685696,0.636946510966661,-2.2705071261322254,-1.952747060924408,-0.16020516753381808,0.14321704677667493,0.06117843050507092,-0.08877,0.07532,0.03497,0.00021568194465531733,0.0,-0.0002317898277027049,0.00012829050470478876,0.0,-8.338193100850306e-05
950,9.500214100116864,step,0.3708990025367693,0.007475438921300137,3.7676000501960516,10.141900042071939,124371.0,124371.0,0.0,0.0,8.77,0.0002,1e-05,100.0,0.01,-0.014076837336835846,0.0,0.2180389092731313,-0.014444893789455213,0.0,0.2179930778672177,0.0,0.0,0.0,0.966356301125922,0.0,0.7501839680764596,-1.005905255467357,0.0,-0.7545724686472736,0.6445244213176216,0.0,0.30227230168635894,0.636946510966661,-2.26897314534434,-1.9512130801365222,-0.16150108840022867,0.1405986033691848,0.059821630203794066,-0.08608,0.07532,0.03766,0.0002550320436872203,0.0,0.00016473840196789454,0.0001130244089321473,0.0,-0.00011890699605429008
951,9.510531699983403,step,0.3708990025367693,0.0068429770872782385,3.449500072747469,10.31759986653924,124371.0,124371.0,0.0,0.0,8.77,0.0002,1e-05,100.0,0.01,-0.014076837336835846,0.0,0.2180389092731313,-0.014444893789455213,0.0,0.2179930778672177,0.0,0.0,0.0,0.9653291623023837,0.0,0.7495198212785069,-1.004845988556865,0.0,-0.7540759316095893,0.6438388424370226,0.0,0.3020053594768946,0.636946510966661,-2.26897314534434,-1.9512130801365222,-0.16161674033675913,0.14051824054044035,0.059828145353102886,-0.09146,0.07801000000000001,0.03497,0.00026302111234381877,0.0,0.00012329255514169173,0.00010503534027554885,0.0,-7.746114922808727e-05
952,9.520519300131127,step,0.29643554788852927,0.002922073221062079,3.4276999067515135,9.987600147724152,124371.0,124371.0,0.0,0.0,8.77,0.0002,1e-05,100.0,0.01,-0.014183937340638622,0.0,0.2178524515330089,-0.014444893789455213,0.0,0.2179930778672177,0.0,0.0,0.0,0.9760768447665699,0.0,0.7695788120289304,-1.004194171881147,0.0,-0.7544753682947699,0.651941244896535,0.0,0.31065703320242266,0.636946510966661,-2.2705071261322254,-1.9512130801365222,-0.15993219318320562,0.14256674295275718,0.06007510815432647,-0.09415,0.07532,0.02959,0.00016184924252189638,0.0,-9.918206658445891e-05,9.910720629469484e-05,0.0,-4.144426762434542e-05
953,9.530104800127447,step,0.29643554788852927,0.0035492576647501994,3.7804997991770506,9.585499996319413,124371.0,124371.0,0.0,0.0,8.77,0.0002,1e-05,100.0,0.01,-0.014183937340638622,0.0,0.2178524515330089,-0.014444893789455213,0.0,0.2179930778672177,0.0,0.0,0.0,0.9754252341344466,0.0,0.769978607513009,-1.0034398275785126,0.0,-0.7548506231495462,0.6515029865289098,0.0,0.31082226810098523,0.636946510966661,-2.2705071261322254,-1.9512130801365222,-0.1599972659698895,0.1425562787442376,0.060117595836924796,-0.08877,0.07801000000000001,0.03228,0.00018730734964328996,0.0,-9.317760078979745e-05,7.364909917330126e-05,0.0,-4.744873341900688e-05
954,9.54050140012987,step,0.468854814478757,0.013377357464057047,3.4760998096317053,10.396600002422929,124371.0,124371.0,0.0,0.0,8.77,0.0002,1e-05,100.0,0.01,-0.013994089183187453,0.0,0.21786423670909003,-0.014444893789455213,0.0,0.2179930778672177,0.0,0.0,0.0,0.9537415946773724,0.0,0.7690546376140194,-1.001833483415575,0.0,-0.7551590545406333,0.6373993806722036,0.0,0.3113360516205628,0.636946510966661,-2.26897314534434,-1.952747060924408,-0.16246633949426115,0.14091749314548271,0.06113359436127984,-0.08877,0.08339,0.03228,0.0003988630479796294,0.0,-7.658501059736768e-05,5.194155828813139e-05,0.0,-5.2256147530300594e-05
955,9.55012740008533,step,0.468854814478757,0.01213486724661527,3.8682001177221537,9.62599995546043,124371.0,124371.0,0.0,0.0,8.77,0.0002,1e-05,100.0,0.01,-0.013994089183187453,0.0,0.21786423670909003,-0.014444893789455213,0.0,0.2179930778672177,0.0,0.0,0.0,0.9521348852183505,0.0,0.769363046322442,-1.000305301750606,0.0,-0.7554617660339326,0.6363209870231559,0.0,0.31146661713448953,0.636946510966661,-2.26897314534434,-1.952747060924408,-0.1626337245497578,0.1408581419674458,0.061206722697370756,-0.09415,0.07801000000000001,0.040350000000000004,0.0003794549205703707,0.0,-7.516473222961543e-05,7.13496856973901e-05,0.0,-5.367642589805285e-05
956,9.560160000110045,step,0.29643554788852927,0.0030006611898240666,3.8065998815000057,10.032600024715066,124371.0,124371.0,0.0,0.0,8.77,0.0002,1e-05,100.0,0.01,-0.014183937340638622,0.0,0.2178524515330089,-0.014444893789455213,0.0,0.2179930778672177,0.0,0.0,0.0,0.9715359986859003,0.0,0.770964982579385,-0.9996126276731299,0.0,-0.7558086591880265,0.6488918259635411,0.0,0.31123751435329006,0.636946510966661,-2.2705071261322254,-1.9512130801365222,-0.16039987686490118,0.14242471135116616,0.060305945167870606,-0.08877,0.07532,0.03497,0.00017199433357631774,0.0,-8.613525292871233e-05,8.896211524027348e-05,0.0,-5.4491081280091995e-05
957,9.57010759995319,step,0.3708990025367693,0.008250976768901228,4.486900055781007,9.947599843144417,124371.0,124371.0,0.0,0.0,8.77,0.0002,1e-05,100.0,0.01,-0.014076837336835846,0.0,0.2180389092731313,-0.014444893789455213,0.0,0.2179930778672177,0.0,0.0,0.0,0.9590367405048489,0.0,0.7507563706445163,-0.9983982331725113,0.0,-0.7553898019920187,0.6396183753770325,0.0,0.30253406984563624,0.636946510966661,-2.26897314534434,-1.9512130801365222,-0.16227206148680862,0.14028741833172612,0.06011566857367216,-0.09146,0.08070000000000001,0.03497,0.0003015400454910235,0.0,0.00010400427363112434,6.651640712834414e-05,0.0,-5.817286771751988e-05
958,9.580172900110483,step,0.3708990025367693,0.007652413518304176,4.090399947017431,10.065300157293677,124371.0,124371.0,0.0,0.0,8.77,0.0002,1e-05,100.0,0.01,-0.014076837336835846,0.0,0.2180389092731313,-0.014444893789455213,0.0,0.2179930778672177,0.0,0.0,0.0,0.9578221399347892,0.0,0.7503371547094482,-0.9971942788250537,0.0,-0.7551052380573771,0.6388062577340861,0.0,0.30236776118144354,0.636946510966661,-2.26897314534434,-1.9512130801365222,-0.16240515053611185,0.1402104357522938,0.06014046178571172,-0.08608,0.07801000000000001,0.03497,0.00029894770481632096,0.0,7.065860538172777e-05,6.910874780304666e-05,0.0,-2.4827199468123305e-05
959,9.590191500028595,step,0.29643554788852927,0.004577958093919948,5.664899945259094,10.018599918112159,124371.0,124371.0,0.0,0.0,8.77,0.0002,1e-05,100.0,0.01,-0.014183937340638622,0.0,0.2178524515330089,-0.014444893789455213,0.0,0.2179930778672177,0.0,0.0,0.0,0.9684251349700297,0.0,0.7706081185715571,-0.9964345437173795,0.0,-0.7556869546421082,0.6468070559160221,0.0,0.31110228855720035,0.636946510966661,-2.2705071261322254,-1.9512130801365222,-0.16073354605658413,0.1422629063976639,0.06040319442368689,-0.09146,0.07532,0.02959,0.00018864591268530944,0.0,-0.00014444304987658798,7.231053613128178e-05,0.0,3.816715667783653e-06
960,9.600524800131097,step,0.468854814478757,0.013959582281179684,3.6500999704003334,10.333300102502108,124371.0,124371.0,0.0,0.0,8.77,0.0002,1e-05,100.0,0.01,-0.013994089183187453,0.0,0.21786423670909003,-0.014444893789455213,0.0,0.2179930778672177,0.0,0.0,0.0,0.9467363107995693,0.0,0.7698909691741247,-0.9948349564100121,0.0,-0.7561699007077771,0.6326990236447765,0.0,0.3116977197698877,0.636946510966661,-2.26897314534434,-1.952747060924408,-0.16320130671307376,0.14063361688387516,0.06142872585602134,-0.09415,0.07532,0.02959,0.0003971852879642826,0.0,-0.00011991785086092228,5.361931830347817e-05,0.0,-8.923307266745992e-06
961,9.610058099962771,step,0.3708990025367693,0.007256381764327597,3.9326001424342394,9.533299831673503,124371.0,124371.0,0.0,0.0,8.77,0.0002,1e-05,100.0,0.01,-0.014076837336835846,0.0,0.2180389092731313,-0.014444893789455213,0.0,0.2179930778672177,0.0,0.0,0.0,0.9542587039463476,0.0,0.7511175895739368,-0.9936583688407165,0.0,-0.755911215484688,0.6364158723181897,0.0,0.30269987482799654,0.636946510966661,-2.26897314534434,-1.9512130801365222,-0.16277545915916278,0.14008367130770838,0.06030702965074512,-0.09415,0.07263,0.03228,0.00029215240104335104,0.0,6.423279576646333e-05,7.590405157601658e-05,0.0,-1.8401389852858873e-05
962,9.620078000007197,step,0.29643554788852927,0.004477157541134802,3.9862999692559242,10.019900044426322,124371.0,124371.0,0.0,0.0,8.77,0.0002,1e-05,100.0,0.01,-0.014183937340638622,0.0,0.2178524515330089,-0.014444893789455213,0.0,0.2179930778672177,0.0,0.0,0.0,0.9648892249869124,0.0,0.7714140960336968,-0.9929268996031922,0.0,-0.7565115356182689,0.6444334130933832,0.0,0.3114427797503168,0.636946510966661,-2.2705071261322254,-1.9512130801365222,-0.16110050281653943,0.1421388093595881,0.060570201321492094,-0.09146,0.07532,0.03228,0.0001816273600102709,0.0,-0.0001490624013012045,7.932908880632032e-05,0.0,8.43606709240017e-06
963,9.630290000000969,step,0.3708990025367693,0.007862336485267822,4.571700002998114,10.211999993771315,124371.0,124371.0,0.0,0.0,8.77,0.0002,1e-05,100.0,0.01,-0.014076837336835846,0.0,0.2180389092731313,-0.014444893789455213,0.0,0.2179930778672177,0.0,0.0,0.0,0.9523510124285665,0.0,0.7514592471648915,-0.9916909646888996,0.0,-0.7562995634864071,0.6351364696388327,0.0,0.3028466104294148,0.636946510966661,-2.26897314534434,-1.9512130801365222,-0.16297446786406544,0.14001205434539057,0.06039264791727743,-0.08608,0.07801000000000001,0.03228,0.00030688863469812637,0.0,5.263370861104428e-05,6.116781792124125e-05,0.0,-6.80230269743982e-06
964,9.640177699970081,step,0.3708990025367693,0.007405007211711857,4.549399949610233,9.887699969112873,124371.0,124371.0,0.0,0.0,8.77,0.0002,1e-05,100.0,0.01,-0.014076837336835846,0.0,0.2180389092731313,-0.014444893789455213,0.0,0.2179930778672177,0.0,0.0,0.0,0.9511148714415393,0.0,0.7512469162963961,-0.9904797918963381,0.0,-0.7561809805664695,0.6343091213727656,0.0,0.3027647750568359,0.636946510966661,-2.26897314534434,-1.9512130801365222,-0.16310776876346067,0.1399442703031411,0.06042788375686228,-0.08877,0.07263,0.040350000000000004,0.0003007400797520765,0.0,2.944471426230619e-05,6.731637286729112e-05,0.0,1.6386691651298272e-05
965,9.650363099994138,step,0.468854814478757,0.013819435010318881,3.708199830725789,10.185400024056435,124371.0,124371.0,0.0,0.0,8.77,0.0002,1e-05,100.0,0.01,-0.013994089183187453,0.0,0.21786423670909003,-0.014444893789455213,0.0,0.2179930778672177,0.0,0.0,0.0,0.9407813529152594,0.0,0.7703846363871376,-0.9889557718089598,0.0,-0.7568452469101383,0.6287040310623376,0.0,0.31191643053710594,0.636946510966661,-2.26897314534434,-1.952747060924408,-0.16382828547689068,0.14038157334217988,0.06166947352249747,-0.08877,0.07532,0.03228,0.00037842158066691764,0.0,-0.00016494055546696187,7.238302560084314e-05,0.0,3.6099397339293596e-05
966,9.660044900141656,step,0.468854814478757,0.012133226898707649,3.909399965777993,9.681800147518516,124371.0,124371.0,0.0,0.0,8.77,0.0002,1e-05,100.0,0.01,-0.013994089183187453,0.0,0.21786423670909003,-0.014444893789455213,0.0,0.2179930778672177,0.0,0.0,0.0,0.9392571736342985,0.0,0.7710492388263224,-0.9875145632592032,0.0,-0.7574364856908775,0.6276799617262261,0.0,0.3121922253648135,0.636946510966661,-2.26897314534434,-1.952747060924408,-0.16398329240029708,0.1403436436228219,0.06175619775292229,-0.08877,0.07532,0.03766,0.0003578590741594292,0.0,-0.00014680745733724183,9.294553210833156e-05,0.0,1.796629920957355e-05
967,9.670057200128213,step,0.468854814478757,0.010810260368967121,3.842799924314022,10.012299986556172,124371.0,124371.0,0.0,0.0,8.77,0.0002,1e-05,100.0,0.01,-0.013994089183187453,0.0,0.21786423670909003,-0.014444893789455213,0.0,0.2179930778672177,0.0,0.0,0.0,0.9378159651105855,0.0,0.7716404775976498,-0.9861425125182116,0.0,-0.7579651905593418,0.6267117457758532,0.0,0.31243782085238847,0.636946510966661,-2.26897314534434,-1.952747060924408,-0.1641302391492441,0.14030594228516852,0.061836466671134835,-0.08877,0.07532,0.03497,0.0003406868547608357,0.0,-0.00013127998356945767,0.00011011775150692507,0.0,2.4388254417893895e-06
968,9.680048200068995,step,0.3708990025367693,0.005069769829265953,3.870599903166294,9.990999940782785,124371.0,124371.0,0.0,0.0,8.77,0.0002,1e-05,100.0,0.01,-0.014076837336835846,0.0,0.2180389092731313,-0.014444893789455213,0.0,0.2179930778672177,0.0,0.0,0.0,0.9455662601310741,0.0,0.7529128794444143,-0.98516257967823,0.0,-0.7577334890380288,0.6305853206464908,0.0,0.3034657728648851,0.636946510966661,-2.26897314534434,-1.9512130801365222,-0.16367985626315673,0.13976910338892554,0.060708283774059596,-0.08877,0.07532,0.03497,0.0002433220777891359,0.0,5.7532611718382285e-05,0.00012473437483023173,0.0,-1.1701205804777824e-05
969,9.69008140009828,step,0.3708990025367693,0.005068518568801278,3.754100063815713,10.033200029283762,124371.0,124371.0,0.0,0.0,8.77,0.0002,1e-05,100.0,0.01,-0.014076837336835846,0.0,0.2180389092731313,-0.014444893789455213,0.0,0.2179930778672177,0.0,0.0,0.0,0.9445864865201337,0.0,0.7526808418376232,-0.9841660149380523,0.0,-0.7575900929697602,0.6299298051621964,0.0,0.30337490842994175,0.636946510966661,-2.26897314534434,-1.9512130801365222,-0.16378615043014205,0.13971223543219152,0.060733236874665274,-0.08608,0.08070000000000001,0.03497,0.0002474518592886005,0.0,3.560593936067972e-05,0.00012060459333076713,0.0,1.0225466552924744e-05
970,9.700038800016046,step,0.4665300455575253,0.01383777245517129,3.9407999720424414,9.957399917766452,124371.0,124371.0,0.0,0.0,8.77,0.0002,1e-05,100.0,0.01,-0.014100921340095107,0.0,0.21767790610850649,-0.014444893789455213,0.0,0.2179930778672177,0.0,0.0,0.0,0.946244997390901,0.0,0.7923352603872492,-0.9832523731299865,0.0,-0.7589803494704062,0.6332794344126541,0.0,0.3213633693514298,0.636946510966661,-2.2705071261322254,-1.952747060924408,-0.16267920405532535,0.14228300383313694,0.062197702559559705,-0.08877,0.07801000000000001,0.03766,0.0002268616929888492,0.0,-0.0003452074331985565,0.00011711075637125691,0.0,3.0035674487348548e-05
971,9.710052100010216,step,0.468854814478757,0.010360044426099462,3.824099898338318,10.013299994170666,124371.0,124371.0,0.0,0.0,8.77,0.0002,1e-05,100.0,0.01,-0.013994089183187453,0.0,0.21786423670909003,-0.014444893789455213,0.0,0.2179930778672177,0.0,0.0,0.0,0.9335539805748725,0.0,0.7731846998650642,-0.9818750522862889,0.0,-0.7593986749163643,0.6238490953306298,0.0,0.31308070698363727,0.636946510966661,-2.26897314534434,-1.952747060924408,-0.1645668693625488,0.14018436611067345,0.062064315843367135,-0.09146,0.07801000000000001,0.03228,0.000341995446827827,0.0,-0.00010387223751425921,0.00010880915943993377,0.0,-2.496892061340907e-05
972,9.720046800095588,step,0.3708990025367693,0.0054068864361553415,3.847499843686819,9.994700085371733,124371.0,124371.0,0.0,0.0,8.77,0.0002,1e-05,100.0,0.01,-0.014076837336835846,0.0,0.2180389092731313,-0.014444893789455213,0.0,0.2179930778672177,0.0,0.0,0.0,0.9412987999110225,0.0,0.7543463637768585,-0.9808880663144142,0.0,-0.7590712058665999,0.6277207418991032,0.0,0.3040669907282049,0.636946510966661,-2.26897314534434,-1.9512130801365222,-0.16411832559288064,0.13964188296480698,0.06093104352916835,-0.09146,0.07532,0.03766,0.00024507340465270333,0.0,8.131215359796854e-05,0.0001229830479666643,0.0,-3.548074768436408e-05
973,9.730511600151658,step,0.4665300455575253,0.01175602225336379,3.4217999782413244,10.46480005607009,124371.0,124371.0,0.0,0.0,8.77,0.0002,1e-05,100.0,0.01,-0.014100921340095107,0.0,0.21767790610850649,-0.014444893789455213,0.0,0.2179930778672177,0.0,0.0,0.0,0.9429670487605307,0.0,0.7938163732249893,-0.9799806385493977,0.0,-0.7603072395643404,0.6310758098741177,0.0,0.321975845757859,0.636946510966661,-2.2705071261322254,-1.952747060924408,-0.1630117825721603,0.14220416990717427,0.06238681640458576,-0.08877,0.07532,0.03228,0.0002253187159555696,0.0,-0.00030691316310741735,0.00011865373340453649,0.0,-8.2585956037906e-06
974,9.740062600001693,step,0.468854814478757,0.009860856796869955,3.9410998579114676,9.550999850034714,124371.0,124371.0,0.0,0.0,8.77,0.0002,1e-05,100.0,0.01,-0.013994089183187453,0.0,0.21786423670909003,-0.014444893789455213,0.0,0.2179930778672177,0.0,0.0,0.0,0.9302822459970684,0.0,0.7745115898899994,-0.9786067081635899,0.0,-0.7605979054452551,0.6216511605939946,0.0,0.3136319927670667,0.636946510966661,-2.26897314534434,-1.952747060924408,-0.16490061344764095,0.14009802346557623,0.06224582330672959,-0.08877,0.08070000000000001,0.03766,0.00034115357968680373,0.0,-7.217374824166176e-05,0.00010965102658095705,0.0,-5.6667409886006516e-05
975,9.750307300128043,step,0.4665300455575253,0.009253404935103453,4.3484000489115715,10.244700126349926,124371.0,124371.0,0.0,0.0,8.77,0.0002,1e-05,100.0,0.01,-0.014100921340095107,0.0,0.21767790610850649,-0.014444893789455213,0.0,0.2179930778672177,0.0,0.0,0.0,0.9406855313972007,0.0,0.7953434088502749,-0.9777182993694078,0.0,-0.7616281533772795,0.6295408881064131,0.0,0.3226047554595962,0.636946510966661,-2.2705071261322254,-1.952747060924408,-0.163238158160749,0.14217384164099398,0.06254155222357842,-0.09146,0.08070000000000001,0.02959,0.00022059621323698432,0.0,-0.0002558155592202143,0.00012337623612312178,0.0,-5.935619949099365e-05
976,9.760059399995953,step,0.468854814478757,0.009313621463534523,3.902699798345566,9.752099867910147,124371.0,124371.0,0.0,0.0,8.77,0.0002,1e-05,100.0,0.01,-0.013994089183187453,0.0,0.21786423670909003,-0.014444893789455213,0.0,0.2179930778672177,0.0,0.0,0.0,0.9280199068145625,0.0,0.7758325036341263,-0.9763590653121664,0.0,-0.7617514703280287,0.6201301741012258,0.0,0.31417793909960134,0.636946510966661,-2.26897314534434,-1.952747060924408,-0.16512729193495895,0.14005824079518792,0.06239014698297968,-0.08608,0.08339,0.03497,0.00033750441001234664,0.0,-3.0620197077455593e-05,0.00011330019625541414,0.0,-9.822096105021268e-05
977,9.770343699958175,step,0.3708990025367693,0.006350425918748875,3.724699839949608,10.284299962222576,124371.0,124371.0,0.0,0.0,8.77,0.0002,1e-05,100.0,0.01,-0.014076837336835846,0.0,0.2180389092731313,-0.014444893789455213,0.0,0.2179930778672177,0.0,0.0,0.0,0.9357828129449904,0.0,0.756699159056536,-0.9753840945238365,0.0,-0.7611862118511767,0.624016144560469,0.0,0.30504802678062565,0.636946510966661,-2.26897314534434,-1.9512130801365222,-0.16468006609669755,0.13950208266895983,0.06124230852871101,-0.09415,0.07801000000000001,0.03228,0.00024208997629327966,0.0,0.000140356421852459,0.00012596647632608795,0.0,-9.452501593885455e-05
978,9.780045500025153,step,0.468854814478757,0.0093176705804549,3.887999802827835,9.70180006697774,124371.0,124371.0,0.0,0.0,8.77,0.0002,1e-05,100.0,0.01,-0.013994089183187453,0.0,0.21786423670909003,-0.014444893789455213,0.0,0.2179930778672177,0.0,0.0,0.0,0.9256856556374174,0.0,0.7753898674952561,-0.9740509570513318,0.0,-0.7614799440344576,0.6185660258294211,0.0,0.3140038739957507,0.636946510966661,-2.26897314534434,-1.952747060924408,-0.16537952174597215,0.13992802780489474,0.06245484568365761,-0.09415,0.08070000000000001,0.03497,0.0003310245014285475,0.0,-7.293512599371694e-05,0.00011978010483921326,0.0,-5.590603213395133e-05
979,9.790043900022283,step,0.3708990025367693,0.005437965411205075,3.840700024738908,9.998399997130036,124371.0,124371.0,0.0,0.0,8.77,0.0002,1e-05,100.0,0.01,-0.014076837336835846,0.0,0.2180389092731313,-0.014444893789455213,0.0,0.2179930778672177,0.0,0.0,0.0,0.9334747046926198,0.0,0.7564276327911406,-0.9730960521307799,0.0,-0.7610607189458158,0.6224708466677847,0.0,0.30494618689541625,0.636946510966661,-2.26897314534434,-1.9512130801365222,-0.16492771160123554,0.13938167513856536,0.06131393159105542,-0.09146,0.07801000000000001,0.03766,0.0002371075239851303,0.0,0.00010409562315675912,0.00013094892863423733,0.0,-5.8264217243154655e-05
980,9.800085599999875,step,0.3708990025367693,0.005252481085362895,3.847799962386489,10.041699977591634,124371.0,124371.0,0.0,0.0,8.77,0.0002,1e-05,100.0,0.01,-0.014076837336835846,0.0,0.2180389092731313,-0.014444893789455213,0.0,0.2179930778672177,0.0,0.0,0.0,0.9325199589838872,0.0,0.756008071661505,-0.9721128725133366,0.0,-0.760771143296086,0.6218328234852561,0.0,0.3047787334221027,0.636946510966661,-2.26897314534434,-1.9512130801365222,-0.16503322975767393,0.13931672468293815,0.06132921835555682,-0.09146,0.08070000000000001,0.03228,0.0002441282683828935,0.0,7.190303854979902e-05,0.00012392818423647412,0.0,-2.6071632636194558e-05
981,9.810100900009274,step,0.468854814478757,0.010391461629672397,3.840099787339568,10.015300009399652,124371.0,124371.0,0.0,0.0,8.77,0.0002,1e-05,100.0,0.01,-0.013994089183187453,0.0,0.21786423670909003,-0.014444893789455213,0.0,0.2179930778672177,0.0,0.0,0.0,0.9224144336342609,0.0,0.7749747990402525,-0.9707703519925981,0.0,-0.7612964346222381,0.6163734374139863,0.0,0.313843758088563,0.636946510966661,-2.26897314534434,-1.952747060924408,-0.1657309114039915,0.13975568299818522,0.06255508726821057,-0.08877,0.07532,0.03228,0.0003333543578218641,0.0,-0.0001304323844543555,0.00011745024844589668,0.0,1.5912263266872149e-06
982,9.820205900119618,step,0.3708990025367693,0.004914672747568742,3.7436001002788544,10.105000110343099,124371.0,124371.0,0.0,0.0,8.77,0.0002,1e-05,100.0,0.01,-0.014076837336835846,0.0,0.2180389092731313,-0.014444893789455213,0.0,0.2179930778672177,0.0,0.0,0.0,0.9301940996296918,0.0,0.7562441234825219,-0.9698052551154084,0.0,-0.7610694487919479,0.6202736718822166,0.0,0.3048840072646475,0.636946510966661,-2.26897314534434,-1.9512130801365222,-0.1652776707433511,0.13922051251645648,0.061425179882035996,-0.09415,0.07532,0.040350000000000004,0.00023963823625912264,0.0,5.6361682761784004e-05,0.00012841821636024498,0.0,-1.0530276848179543e-05
983,9.830098600126803,step,0.4665300455575253,0.012857998193892491,3.868699772283435,9.89270000718534,124371.0,124371.0,0.0,0.0,8.77,0.0002,1e-05,100.0,0.01,-0.014100921340095107,0.0,0.21767790610850649,-0.014444893789455213,0.0,0.2179930778672177,0.0,0.0,0.0,0.9318842375713197,0.0,0.7958146161952919,-0.9689089115707673,0.0,-0.7623991735336741,0.6236323179620828,0.0,0.322817677126906,0.636946510966661,-2.2705071261322254,-1.952747060924408,-0.16416720596257,0.1417887719604729,0.06288604657211747,-0.09415,0.07532,0.03228,0.00022256645026717738,0.0,-0.00033017710382121467,0.00012140599909292872,0.0,1.5005345110006717e-05
984,9.840096100000665,step,0.468854814478757,0.010121091708803329,3.899600123986602,9.99749987386167,124371.0,124371.0,0.0,0.0,8.77,0.0002,1e-05,100.0,0.01,-0.013994089183187453,0.0,0.21786423670909003,-0.014444893789455213,0.0,0.2179930778672177,0.0,0.0,0.0,0.9192105190233922,0.0,0.7766035239012491,-0.9675371337571673,0.0,-0.762776591037078,0.6142201179861954,0.0,0.31451811574567917,0.636946510966661,-2.26897314534434,-1.952747060924408,-0.16605439087848994,0.1396873944854061,0.06274819308647853,-0.08877,0.07801000000000001,0.040350000000000004,0.0003406190855655341,0.0,-9.37145969349459e-05,0.00011018552070222667,0.0,-3.512656119272238e-05
985,9.850089200073853,step,0.4665300455575253,0.01015301872064937,3.8453000597655773,9.993100073188543,124371.0,124371.0,0.0,0.0,8.77,0.0002,1e-05,100.0,0.01,-0.014100921340095107,0.0,0.21767790610850649,-0.014444893789455213,0.0,0.2179930778672177,0.0,0.0,0.0,0.9296159569917458,0.0,0.797522094480911,-0.9666436014401071,0.0,-0.7638866377669496,0.6221058606208684,0.0,0.3235202435569573,0.636946510966661,-2.2705071261322254,-1.952747060924408,-0.1643903201574271,0.14176798331715187,0.0630487016145517,-0.09146,0.07801000000000001,0.03228,0.00022186840882168021,0.0,-0.0002756299878269994,0.00012210404053842588,0.0,-3.954177088420855e-05
986,9.86017689993605,step,0.6994677110278638,0.02771385371049788,3.734499914571643,10.087699862197042,124371.0,124371.0,0.0,0.0,8.77,0.0002,1e-05,100.0,0.01,-0.013751130998558223,0.0,0.21790392480368437,-0.014444893789455213,0.0,0.2179930778672177,0.0,0.0,0.0,0.8901609428838807,0.0,0.7737156817316442,-0.9642895607491819,0.0,-0.7639221788357013,0.5944272634230604,0.0,0.3130713939022133,0.6384804917545466,-2.26897314534434,-1.952747060924408,-0.17030249884402793,0.13790046039334597,0.06376685607204247,-0.09415,0.08339,0.03228,0.0005845197229300146,0.0,-8.825019779593393e-06,0.0001092430679669762,0.0,-8.032804375373258e-05
987,9.87060260004364,step,0.4665300455575253,0.0074381620395887,7.84209999255836,10.425700107589364,124371.0,124371.0,0.0,0.0,8.77,0.0002,1e-05,100.0,0.01,-0.014100921340095107,0.0,0.21767790610850649,-0.014444893789455213,0.0,0.2179930778672177,0.0,0.0,0.0,0.9263679165444392,0.0,0.7986676058404688,-0.9635814558804275,0.0,-0.7649152648857312,0.6199230920707179,0.0,0.3239956004072582,0.636946510966661,-2.2705071261322254,-1.952747060924408,-0.1647231786644401,0.14167393688610613,0.06322108837382143,-0.09684000000000001,0.08070000000000001,0.040350000000000004,0.00017582587390494315,0.0,-0.00024658808364991165,0.00016814657545516294,0.0,-6.85836750612963e-05
988,9.880203099921346,step,0.3708990025367693,0.005729612579515259,5.286100087687373,9.60049987770617,124371.0,124371.0,0.0,0.0,8.77,0.0002,1e-05,100.0,0.01,-0.014076837336835846,0.0,0.2180389092731313,-0.014444893789455213,0.0,0.2179930778672177,0.0,0.0,0.0,0.9230054091044503,0.0,0.7598633121269409,-0.96269744304227,0.0,-0.764311573062136,0.6154435321850452,0.0,0.30638807808016494,0.636946510966661,-2.26897314534434,-1.9512130801365222,-0.16600421441259555,0.13906557145978923,0.06185664113472292,-0.08608,0.07801000000000001,0.03497,0.00021950467603146825,0.0,0.0001498996082876916,0.00014855177658789937,0.0,-0.00010406820237408713
989,9.890236400067806,step,0.468854814478757,0.008397952049898925,5.698000080883503,10.033300146460533,124371.0,124371.0,0.0,0.0,8.77,0.0002,1e-05,100.0,0.01,-0.013994089183187453,0.0,0.21786423670909003,-0.014444893789455213,0.0,0.2179930778672177,0.0,0.0,0.0,0.9129990042107766,0.0,0.7785152287138234,-0.9614298433898685,0.0,-0.7645813535862871,0.610048998234067,0.0,0.31531667713203804,0.636946510966661,-2.26897314534434,-1.952747060924408,-0.16669418919838297,0.13949347107690016,0.06306445992857126,-0.09146,0.08070000000000001,0.03497,0.0003147511427751636,0.0,-6.698781284308872e-05,0.0001360534634925972,0.0,-6.185334528457955e-05
990,9.900113899959251,step,0.468854814478757,0.008145107315827682,4.054799908772111,9.87749989144504,124371.0,124371.0,0.0,0.0,8.77,0.0002,1e-05,100.0,0.01,-0.013994089183187453,0.0,0.21786423670909003,-0.014444893789455213,0.0,0.2179930778672177,0.0,0.0,0.0,0.9117312453299395,0.0,0.7787853453259768,-0.9601837712204122,0.0,-0.764857624488975,0.609198025061879,0.0,0.31543063109577696,0.636946510966661,-2.26897314534434,-1.952747060924408,-0.1668259907857652,0.13944796260055645,0.0631234097193592,-0.09146,0.07532,0.03766,0.00030940576433075386,0.0,-6.859940531838412e-05,0.00014139884193700692,0.0,-6.024175280928416e-05
991,9.91010360000655,step,0.468854814478757,0.007960052084753613,4.150999942794442,9.989700047299266,124371.0,124371.0,0.0,0.0,8.77,0.0002,1e-05,100.0,0.01,-0.013994089183187453,0.0,0.21786423670909003,-0.014444893789455213,0.0,0.2179930778672177,0.0,0.0,0.0,0.9104851731591012,0.0,0.7790616162548215,-0.9589541769949462,0.0,-0.7651406588643632,0.6083615779793021,0.0,0.31554703614714846,0.636946510966661,-2.26897314534434,-1.952747060924408,-0.16695542824626314,0.13940376472788907,0.06318185365580856,-0.09415,0.07801000000000001,0.03766,0.0003053142109039999,0.0,-7.027880839925548e-05,0.0001454903953637609,0.0,-5.85623497284128e-05
992,9.920119600137696,step,0.3708990025367693,0.004764121851124167,4.283900139853358,10.01600013114512,124371.0,124371.0,0.0,0.0,8.77,0.0002,1e-05,100.0,0.01,-0.014076837336835846,0.0,0.2180389092731313,-0.014444893789455213,0.0,0.2179930778672177,0.0,0.0,0.0,0.9183779246715517,0.0,0.7600883476395189,-0.958071803206763,0.0,-0.7647232371733217,0.6123424196428057,0.0,0.3064977510740876,0.636946510966661,-2.26897314534434,-1.9512130801365222,-0.1664930014877685,0.13886209288232493,0.062036147714014965,-0.09684000000000001,0.07532,0.03766,0.00021909769197187625,0.0,0.00010364783078437801,0.00014895876064749137,0.0,-5.781642487077355e-05
993,9.930355099961162,step,0.468854814478757,0.009012966496540958,3.914899891242385,10.235499823465943,124371.0,124371.0,0.0,0.0,8.77,0.0002,1e-05,100.0,0.01,-0.013994089183187453,0.0,0.21786423670909003,-0.014444893789455213,0.0,0.2179930778672177,0.0,0.0,0.0,0.9083733643617783,0.0,0.7789268928835391,-0.9567998079443827,0.0,-0.7651529130416109,0.6069457220282969,0.0,0.315498081043569,0.636946510966661,-2.26897314534434,-1.952747060924408,-0.16718092173657498,0.13929908344191325,0.06325278096089754,-0.09146,0.07801000000000001,0.03228,0.00031584259405586016,0.0,-0.00010669060243959518,0.00013496201221190063,0.0,-2.2150555688073094e-05
994,9.940102400025353,step,0.468854814478757,0.008728921186551922,4.162900149822235,9.747300064191222,124371.0,124371.0,0.0,0.0,8.77,0.0002,1e-05,100.0,0.01,-0.013994089183187453,0.0,0.21786423670909003,-0.014444893789455213,0.0,0.2179930778672177,0.0,0.0,0.0,0.9071012098824909,0.0,0.779356904852839,-0.9555445134431987,0.0,-0.7655652477995535,0.6060913418458173,0.0,0.315677347460297,0.636946510966661,-2.26897314534434,-1.952747060924408,-0.16731156513481266,0.13926126729754248,0.06331934918243365,-0.09146,0.07801000000000001,0.02959,0.00031169571403597105,0.0,-0.00010238472061936129,0.00013910889223178974,0.0,-2.6456437508306987e-05
995,9.950114000122994,step,0.29643554788852927,0.002114409136073855,4.066599998623133,10.011600097641349,124371.0,124371.0,0.0,0.0,8.77,0.0002,1e-05,100.0,0.01,-0.014183937340638622,0.0,0.2178524515330089,-0.014444893789455213,0.0,0.2179930778672177,0.0,0.0,0.0,0.9267752105005868,0.0,0.7810684643940501,-0.9550707148403333,0.0,-0.7660106652567076,0.6188444102852115,0.0,0.3155072530087834,0.636946510966661,-2.2705071261322254,-1.9512130801365222,-0.16504616023028335,0.14084887402606025,0.062415442424793466,-0.09415,0.07801000000000001,0.03228,0.00011764649147277169,0.0,-0.00011059931531666379,0.00014330995734381953,0.0,-3.002701889214054e-05
996,9.96034220000729,step,0.4665300455575253,0.010862730583554112,3.6849998869001865,10.228199884295464,124371.0,124371.0,0.0,0.0,8.77,0.0002,1e-05,100.0,0.01,-0.014100921340095107,0.0,0.21767790610850649,-0.014444893789455213,0.0,0.2179930778672177,0.0,0.0,0.0,0.9171499033773501,0.0,0.8007561913589241,-0.9541255792360998,0.0,-0.767141711147165,0.613731051652308,0.0,0.3248699827788706,0.636946510966661,-2.2705071261322254,-1.952747060924408,-0.16567980046683625,0.14134953375592046,0.06365618575620005,-0.09415,0.07801000000000001,0.03766,0.00023468175535266964,0.0,-0.0002808441812666801,0.00010929069400743646,0.0,-3.432757744452786e-05
997,9.970127600012347,step,0.29643554788852927,0.002538249048245962,3.9076998364180326,9.785400005057454,124371.0,124371.0,0.0,0.0,8.77,0.0002,1e-05,100.0,0.01,-0.014183937340638622,0.0,0.2178524515330089,-0.014444893789455213,0.0,0.2179930778672177,0.0,0.0,0.0,0.9253564818039782,0.0,0.7826452862184424,-0.9534678789432623,0.0,-0.7674157186916795,0.6178878595410988,0.0,0.31615512696476633,0.636946510966661,-2.2705071261322254,-1.9512130801365222,-0.1651806684945454,0.14086096318579439,0.06254087138019793,-0.09684000000000001,0.07801000000000001,0.03497,0.0001633101731938195,0.0,-6.80374025044387e-05,9.764627562277171e-05,0.0,-7.258893170436563e-05
998,9.98008479992859,step,0.468854814478757,0.01197233371964811,3.8582999259233475,9.957199916243553,124371.0,124371.0,0.0,0.0,8.77,0.0002,1e-05,100.0,0.01,-0.013994089183187453,0.0,0.21786423670909003,-0.014444893789455213,0.0,0.2179930778672177,0.0,0.0,0.0,0.9037696460743158,0.0,0.7816197331340938,-0.9519386159086362,0.0,-0.7676519840400812,0.6038505959812692,0.0,0.3166110338508102,0.636946510966661,-2.26897314534434,-1.952747060924408,-0.16764214881600883,0.13921836839385682,0.06354669743385669,-0.09146,0.07801000000000001,0.02959,0.000379723429901939,0.0,-5.866583212349807e-05,7.108117636582176e-05,0.0,-7.01753260041702e-05
999,9.990212199976668,step,0.3708990025367693,0.007441051439206753,3.853200003504753,10.127400048077106,124371.0,124371.0,0.0,0.0,8.77,0.0002,1e-05,100.0,0.01,-0.014076837336835846,0.0,0.2180389092731313,-0.014444893789455213,0.0,0.2179930778672177,0.0,0.0,0.0,0.911362363476441,0.0,0.7625996727958823,-0.9508055623383352,0.0,-0.7671998779743514,0.6076325506338851,0.0,0.3075492466319976,0.636946510966661,-2.26897314534434,-1.9512130801365222,-0.16721227930465726,0.1386605731602305,0.06240957874103833,-0.09415,0.07532,0.03766,0.00028134269791099583,0.0,0.00011226012927223598,8.671375470837179e-05,0.0,-6.642872335863152e-05
1000,10.000084700062871,step,0.3708990025367693,0.007000072414533163,3.814800176769495,9.872500086203218,124371.0,124371.0,0.0,0.0,8.77,0.0002,1e-05,100.0,0.01,-0.014076837336835846,0.0,0.2180389092731313,-0.014444893789455213,0.0,0.2179930778672177,0.0,0.0,0.0,0.9102294691117354,0.0,0.7621472306753292,-0.9496615340558355,0.0,-0.766897861796395,0.6068753014964865,0.0,0.3073690690538437,0.636946510966661,-2.26897314534434,-1.9512130801365222,-0.1673370312183507,0.13858574147880953,0.062429837141204814,-0.09415,0.07801000000000001,0.02959,0.0002840677721879169,0.0,7.499208205704565e-05,8.398868043145072e-05,0.0,-2.916067614344119e-05
1001,10.010515399975702,step,0.468854814478757,0.01245656901470139,3.394800005480647,10.430699912831187,124371.0,124371.0,0.0,0.0,8.77,0.0002,1e-05,100.0,0.01,-0.013994089183187453,0.0,0.21786423670909003,-0.014444893789455213,0.0,0.2179930778672177,0.0,0.0,0.0,0.8999630951047988,0.0,0.7811015175349881,-0.9481746516163955,0.0,-0.7674274790300883,0.6012992959889967,0.0,0.3164103309380372,0.636946510966661,-2.26897314534434,-1.952747060924408,-0.16805140058133933,0.1390160802768247,0.06366170055479731,-0.09146,0.07801000000000001,0.0269,0.00036920012253035205,0.0,-0.0001315065282816918,8.160448373740873e-05,0.0,2.6653701540235372e-06
1002,10.020253400085494,step,0.3708990025367693,0.006201579429181923,3.660599933937192,9.738000109791756,124371.0,124371.0,0.0,0.0,8.77,0.0002,1e-05,100.0,0.01,-0.014076837336835846,0.0,0.2180389092731313,-0.014444893789455213,0.0,0.2179930778672177,0.0,0.0,0.0,0.9075983991888971,0.0,0.7623751678923053,-0.9470807682091279,0.0,-0.76721834993804,0.6051117014761742,0.0,0.30747221212719517,0.636946510966661,-2.26897314534434,-1.9512130801365222,-0.16761394079682762,0.13847497711983214,0.06253656673817137,-0.09415,0.07532,0.02959,0.0002716165564166634,0.0,5.1927768033904215e-05,9.64398962027042e-05,0.0,-6.0963621202997535e-06
1003,10.030081999953836,step,0.3708990025367693,0.006192652966428048,3.920499933883548,9.82859986834228,124371.0,124371.0,0.0,0.0,8.77,0.0002,1e-05,100.0,0.01,-0.014076837336835846,0.0,0.2180389092731313,-0.014444893789455213,0.0,0.2179930778672177,0.0,0.0,0.0,0.9065046750000509,0.0,0.7621657027477237,-0.9459727081880255,0.0,-0.7671147469317127,0.6043797561145232,0.0,0.30739099545028076,0.636946510966661,-2.26897314534434,-1.9512130801365222,-0.16773210049018855,0.13841393801399188,0.06256673502869153,-0.09146,0.07801000000000001,0.03497,0.0002751366784021378,0.0,2.5725129045802275e-05,9.291977421722983e-05,0.0,2.0106276867802187e-05
1004,10.040083500090986,step,0.4665300455575253,0.015633844078240883,3.8862000219523907,10.001500137150288,124371.0,124371.0,0.0,0.0,8.77,0.0002,1e-05,100.0,0.01,-0.014100921340095107,0.0,0.21767790610850649,-0.014444893789455213,0.0,0.2179930778672177,0.0,0.0,0.0,0.9080516905909908,0.0,0.8018599143670049,-0.9449512654554915,0.0,-0.7685581538597138,0.6076217151563865,0.0,0.3253418968946914,0.636946510966661,-2.2705071261322254,-1.952747060924408,-0.1666338451282386,0.14098197395882647,0.06404102164070224,-0.09146,0.07532,0.03766,0.0002536291854729924,0.0,-0.0003584049421418023,9.034326388711371e-05,0.0,4.323318343059433e-05
1005,10.050152800045907,step,0.468854814478757,0.012118283617196218,3.8105000276118517,10.069299954921007,124371.0,124371.0,0.0,0.0,8.77,0.0002,1e-05,100.0,0.01,-0.013994089183187453,0.0,0.21786423670909003,-0.014444893789455213,0.0,0.2179930778672177,0.0,0.0,0.0,0.8952528728521427,0.0,0.7827625042781448,-0.9434707864449643,0.0,-0.7690396500931651,0.5981357084485511,0.0,0.31710218988724514,0.636946510966661,-2.26897314534434,-1.952747060924408,-0.16853441546423037,0.13887946373095186,0.06391138402861515,-0.09684000000000001,0.07801000000000001,0.03228,0.0003676101200684559,0.0,-0.00011955785048820041,8.319448619930486e-05,0.0,-9.283307639467868e-06
1006,10.060033299960196,step,0.3708990025367693,0.006214587369482262,3.8548000156879425,9.88049991428852,124371.0,124371.0,0.0,0.0,8.77,0.0002,1e-05,100.0,0.01,-0.014076837336835846,0.0,0.2180389092731313,-0.014444893789455213,0.0,0.2179930778672177,0.0,0.0,0.0,0.9028945340235456,0.0,0.7639873389819186,-0.9423859832562279,0.0,-0.7687825129398719,0.6019540571966866,0.0,0.30814800387973335,0.636946510966661,-2.26897314534434,-1.9512130801365222,-0.16809692776517868,0.13833632860288023,0.0627836045725496,-0.09146,0.07801000000000001,0.03766,0.00026936189410753223,0.0,6.384840252649934e-05,9.869455851183539e-05,0.0,-1.8016996612894883e-05
1007,10.070509399985895,step,0.468854814478757,0.011802397207157048,3.4123000223189592,10.476100025698543,124371.0,124371.0,0.0,0.0,8.77,0.0002,1e-05,100.0,0.01,-0.013994089183187453,0.0,0.21786423670909003,-0.014444893789455213,0.0,0.2179930778672177,0.0,0.0,0.0,0.8926875443206739,0.0,0.782986168721805,-0.9409539463249637,0.0,-0.7693390645268129,0.596414679225601,0.0,0.31720089957504644,0.636946510966661,-2.26897314534434,-1.952747060924408,-0.1688043990750613,0.13877142936411793,0.06401560837092535,-0.08877,0.07801000000000001,0.03497,0.00035558171679656535,0.0,-0.00013819445885073533,9.522288947119543e-05,0.0,9.353300723067057e-06
1008,10.080561900045723,step,0.4665300455575253,0.012471285309816914,3.4537999890744686,10.052500059828162,124371.0,124371.0,0.0,0.0,8.77,0.0002,1e-05,100.0,0.01,-0.014100921340095107,0.0,0.21767790610850649,-0.014444893789455213,0.0,0.2179930778672177,0.0,0.0,0.0,0.9030327695293733,0.0,0.8040845680027259,-0.9400080472569277,0.0,-0.7706037905900582,0.604247809748111,0.0,0.3262620677459126,0.636946510966661,-2.2705071261322254,-1.952747060924408,-0.1671435051141007,0.14085913800588032,0.06432856940725501,-0.09415,0.07263,0.03228,0.0002348713271183342,0.0,-0.00031403761664798536,0.00010910112224177189,0.0,-1.134142063222588e-06
1009,10.090472100069746,step,0.468854814478757,0.010556385534345927,3.5843001678586006,9.910200024023652,124371.0,124371.0,0.0,0.0,8.77,0.0002,1e-05,100.0,0.01,-0.013994089183187453,0.0,0.21786423670909003,-0.014444893789455213,0.0,0.2179930778672177,0.0,0.0,0.0,0.8903096546763617,0.0,0.784808140951805,-0.9385927009266781,0.0,-0.7709325334566248,0.5948147621537502,0.0,0.31795180553786484,0.636946510966661,-2.26897314534434,-1.952747060924408,-0.16903824960437716,0.13875102754054566,0.06418752674860949,-0.09415,0.07801000000000001,0.03766,0.0003514373595990433,0.0,-8.162844848922544e-05,9.936724666871746e-05,0.0,-4.721270963844284e-05
1010,10.1005055999849,step,0.3708990025367693,0.00604235083639515,4.318599821999669,10.033499915152788,124371.0,124371.0,0.0,0.0,8.77,0.0002,1e-05,100.0,0.01,-0.014076837336835846,0.0,0.2180389092731313,-0.014444893789455213,0.0,0.2179930778672177,0.0,0.0,0.0,0.8980164485343963,0.0,0.7658802222770391,-0.9375635925478413,0.0,-0.7705460025886637,0.5986786071689278,0.0,0.308938973511192,0.636946510966661,-2.26897314534434,-1.9512130801365222,-0.1685955880535533,0.13820343798098375,0.06305010689127769,-0.09684000000000001,0.08070000000000001,0.03766,0.0002555326026357991,0.0,9.597748956315666e-05,0.00011252384998356851,0.0,-5.01460836495522e-05
1011,10.110042799962685,step,0.3708990025367693,0.005846031016298465,3.8372999988496304,9.537199977785349,124371.0,124371.0,0.0,0.0,8.77,0.0002,1e-05,100.0,0.01,-0.014076837336835846,0.0,0.2180389092731313,-0.014444893789455213,0.0,0.2179930778672177,0.0,0.0,0.0,0.8969874993677449,0.0,0.7654933553189841,-0.9365138350751491,0.0,-0.7702867431591602,0.5979907440991188,0.0,0.3087851429507589,0.636946510966661,-2.26897314534434,-1.9512130801365222,-0.1687086525288764,0.13813665829727367,0.0630696296240498,-0.09146,0.07532,0.03766,0.0002606598728081566,0.0,6.437537400460702e-05,0.00010739657981121103,0.0,-1.854396809100256e-05
1012,10.120496300049126,step,0.468854814478757,0.011356819208196424,3.4133000299334526,10.453500086441636,124371.0,124371.0,0.0,0.0,8.77,0.0002,1e-05,100.0,0.01,-0.013994089183187453,0.0,0.21786423670909003,-0.014444893789455213,0.0,0.2179930778672177,0.0,0.0,0.0,0.8868153961662881,0.0,0.7844903989168869,-0.9351119378126517,0.0,-0.7708399591269718,0.5924723192081148,0.0,0.3178320773860532,0.636946510966661,-2.26897314534434,-1.952747060924408,-0.16941232101777448,0.13857313603338697,0.06430046231724654,-0.08877,0.07532,0.03228,0.0003480978908352068,0.0,-0.00013736620843990757,0.00010270671543255401,0.0,8.525050312239296e-06
1013,10.130071500083432,step,0.468854814478757,0.010430281762300807,3.925299970433116,9.575200034305453,124371.0,124371.0,0.0,0.0,8.77,0.0002,1e-05,100.0,0.01,-0.013994089183187453,0.0,0.21786423670909003,-0.014444893789455213,0.0,0.2179930778672177,0.0,0.0,0.0,0.8854133396926414,0.0,0.785043950993475,-0.9337591218696649,0.0,-0.7713458695704901,0.5915304680356782,0.0,0.3180621695282954,0.636946510966661,-2.26897314534434,-1.952747060924408,-0.1695554955241289,0.13853539095117184,0.06437754202145415,-0.09415,0.07263,0.03497,0.0003359107611088722,0.0,-0.00012562001728038915,0.00011489384515888859,0.0,-3.221140847279127e-06
1014,10.140080800047144,step,0.4665300455575253,0.01131281040398889,3.9915000088512897,10.009299963712692,124371.0,124371.0,0.0,0.0,8.77,0.0002,1e-05,100.0,0.01,-0.014100921340095107,0.0,0.21767790610850649,-0.014444893789455213,0.0,0.2179930778672177,0.0,0.0,0.0,0.8958379450985048,0.0,0.8060913730470034,-0.932879377086915,0.0,-0.7725659561239863,0.5994139342684421,0.0,0.32709834224757384,0.636946510966661,-2.2705071261322254,-1.952747060924408,-0.16788628988085594,0.14062456506038093,0.06468571252149494,-0.09146,0.07532,0.03766,0.00021844489716954125,0.0,-0.000302953409832493,0.00012552755219056485,0.0,-1.2218348878714964e-05
1015,10.150287300115451,step,0.4665300455575253,0.009759367591028493,3.915900131687522,10.206500068306923,124371.0,124371.0,0.0,0.0,8.77,0.0002,1e-05,100.0,0.01,-0.014100921340095107,0.0,0.21767790610850649,-0.014444893789455213,0.0,0.2179930778672177,0.0,0.0,0.0,0.894958405873864,0.0,0.8073118180736845,-0.9319511953994577,0.0,-0.7736101554695495,0.598820741227153,0.0,0.32759878466228004,0.636946510966661,-2.2705071261322254,-1.952747060924408,-0.1679670579059352,0.14064412294490464,0.06477478923676233,-0.09415,0.07801000000000001,0.03228,0.00023047201557422814,0.0,-0.00025927976287971476,0.00011350043378587795,0.0,-5.589199583149319e-05
1016,10.16044140001759,step,0.3708990025367693,0.007263467855793423,4.100100137293339,10.154099902138114,124371.0,124371.0,0.0,0.0,8.77,0.0002,1e-05,100.0,0.01,-0.014076837336835846,0.0,0.2180389092731313,-0.014444893789455213,0.0,0.2179930778672177,0.0,0.0,0.0,0.8913751485715884,0.0,0.7685582027637166,-0.9308851120619476,0.0,-0.7730478745000671,0.5942188354088919,0.0,0.3100570030717255,0.636946510966661,-2.26897314534434,-1.9512130801365222,-0.16927348072902626,0.13802748669496645,0.06341764756410083,-0.09415,0.07532,0.03228,0.0002647136642386533,0.0,0.0001396170923288028,0.00010334278838071431,0.0,-9.378568641519835e-05
1017,10.170467399992049,step,0.468854814478757,0.010484339259360285,5.477200029417872,10.02599997445941,124371.0,124371.0,0.0,0.0,8.77,0.0002,1e-05,100.0,0.01,-0.013994089183187453,0.0,0.21786423670909003,-0.014444893789455213,0.0,0.2179930778672177,0.0,0.0,0.0,0.8811866731489917,0.0,0.7872515301702863,-0.9294690448595465,0.0,-0.7733505649858047,0.5886895978693597,0.0,0.3189758632447704,0.636946510966661,-2.26897314534434,-1.952747060924408,-0.16998163712366277,0.13844821382990397,0.06463503971571047,-0.08877,0.07263,0.02959,0.00035161635565120035,0.0,-7.515951595015793e-05,9.918825061656044e-05,0.0,-5.368164217751035e-05
1018,10.180489900056273,step,0.3708990025367693,0.006126166207002787,3.9163001347333193,10.022500064224005,124371.0,124371.0,0.0,0.0,8.77,0.0002,1e-05,100.0,0.01,-0.014076837336835846,0.0,0.2180389092731313,-0.014444893789455213,0.0,0.2179930778672177,0.0,0.0,0.0,0.8888927924637368,0.0,0.7682982537464972,-0.9284391129962519,0.0,-0.7729450115388078,0.5925567531797543,0.0,0.30996055887985297,0.636946510966661,-2.26897314534434,-1.9512130801365222,-0.1695395003922688,0.13789957015491783,0.06349617479526368,-0.09415,0.07532,0.02959,0.0002557370778213505,0.0,0.00010070088821563788,0.0001123193747980171,0.0,-5.4869482302033414e-05
1019,10.190483200130984,step,0.3708990025367693,0.005890054494100753,3.905500052496791,9.993300074711442,124371.0,124371.0,0.0,0.0,8.77,0.0002,1e-05,100.0,0.01,-0.014076837336835846,0.0,0.2180389092731313,-0.014444893789455213,0.0,0.2179930778672177,0.0,0.0,0.0,0.8878630198157949,0.0,0.7678923642606131,-0.927388461404252,0.0,-0.7726727210118918,0.5918684119053608,0.0,0.3097989720605459,0.636946510966661,-2.26897314534434,-1.9512130801365222,-0.1696528429403262,0.13783181466943356,0.06351483976556335,-0.08877,0.06994,0.03228,0.0002608818869695888,0.0,6.761105870557217e-05,0.00010717456564977883,0.0,-2.1779652791967708e-05
1020,10.200063799973577,step,0.468854814478757,0.011326178753153691,4.243599949404597,9.580599842593074,124371.0,124371.0,0.0,0.0,8.77,0.0002,1e-05,100.0,0.01,-0.013994089183187453,0.0,0.21786423670909003,-0.014444893789455213,0.0,0.2179930778672177,0.0,0.0,0.0,0.8776900224949903,0.0,0.78687637676379,-0.9259856263990727,0.0,-0.7732179638008163,0.5863457155541861,0.0,0.3188326956735431,0.636946510966661,-2.26897314534434,-1.952747060924408,-0.17035654576807746,0.13826737604317155,0.06474538500609714,-0.09415,0.07801000000000001,0.03497,0.00034833073689209383,0.0,-0.00013538642944465207,0.00010247386937566695,0.0,6.545271316983799e-06
1021,10.210075600072742,step,0.468854814478757,0.010424357719871593,4.204299999400973,10.011800099164248,124371.0,124371.0,0.0,0.0,8.77,0.0002,1e-05,100.0,0.01,-0.013994089183187453,0.0,0.21786423670909003,-0.014444893789455213,0.0,0.2179930778672177,0.0,0.0,0.0,0.8762870282786416,0.0,0.7874219556637524,-0.9246318516616605,0.0,-0.773720124635927,0.585403258400577,0.0,0.31905953433498574,0.636946510966661,-2.26897314534434,-1.952747060924408,-0.17049990081144784,0.1382291936796056,0.06482212711661443,-0.09684000000000001,0.07801000000000001,0.03497,0.00033614883441576726,0.0,-0.00012468897132352803,0.00011465577185199353,0.0,-4.152186804140241e-06
1022,10.220067700138316,step,0.3708990025367693,0.005077690075073315,4.129199776798487,9.99210006557405,124371.0,124371.0,0.0,0.0,8.77,0.0002,1e-05,100.0,0.01,-0.014076837336835846,0.0,0.2180389092731313,-0.014444893789455213,0.0,0.2179930778672177,0.0,0.0,0.0,0.8840555992827047,0.0,0.7686678135091208,-0.9236536173306631,0.0,-0.7734780593375616,0.5893145851497148,0.0,0.31012999471799324,0.636946510966661,-2.26897314534434,-1.9512130801365222,-0.1700490918246575,0.13769349123240082,0.0636900856628685,-0.09146,0.08070000000000001,0.03766,0.00024290032976893833,0.0,6.0105987834860136e-05,0.00012515612285042928,0.0,-1.4274581921255675e-05
1023,10.230291899992153,step,0.29643554788852927,0.0035395737432291777,4.201299976557493,10.22419985383749,124371.0,124371.0,0.0,0.0,8.77,0.0002,1e-05,100.0,0.01,-0.014183937340638622,0.0,0.2178524515330089,-0.014444893789455213,0.0,0.2179930778672177,0.0,0.0,0.0,0.8948844735656096,0.0,0.7889809398940091,-0.9230789836270824,0.0,-0.774092641191634,0.5974341439572763,0.0,0.3188405628516922,0.636946510966661,-2.2705071261322254,-1.9512130801365222,-0.16834924921514693,0.13976138835063354,0.06395167688512671,-0.09146,0.07532,0.03766,0.00014268433612811128,0.0,-0.00015260365568234603,0.00011827211268847993,0.0,1.19773214735417e-05
1024,10.240097899921238,step,0.468854814478757,0.011803943836380294,4.07460005953908,9.805999929085374,124371.0,124371.0,0.0,0.0,8.77,0.0002,1e-05,100.0,0.01,-0.013994089183187453,0.0,0.21786423670909003,-0.014444893789455213,0.0,0.2179930778672177,0.0,0.0,0.0,0.873380750792081,0.0,0.7882966557383596,-0.9216287300080233,0.0,-0.7746001381942673,0.5834517088459884,0.0,0.31942510027545334,0.636946510966661,-2.26897314534434,-1.952747060924408,-0.17079945391341103,0.13813748395408787,0.06496918219844286,-0.09415,0.07532,0.03766,0.0003601050087445823,0.0,-0.00012601396760498096,9.069959752317847e-05,0.0,-2.827190522687313e-06
1025,10.250102400081232,step,0.3708990025367693,0.005893561080809747,3.902199910953641,10.004500159993768,124371.0,124371.0,0.0,0.0,8.77,0.0002,1e-05,100.0,0.01,-0.014076837336835846,0.0,0.2180389092731313,-0.014444893789455213,0.0,0.2179930778672177,0.0,0.0,0.0,0.8810524776111733,0.0,0.769547827071417,-0.9205701886881816,0.0,-0.7743588862712698,0.5872992048181921,0.0,0.31050056242119983,0.636946510966661,-2.26897314534434,-1.9512130801365222,-0.17035894479047747,0.13759761606930695,0.06384083753836675,-0.09684000000000001,0.08070000000000001,0.04304,0.00026284094466548676,0.0,5.990402278535411e-05,0.00010521550795388086,0.0,-1.4072616871749648e-05
1026,10.26017970009707,step,0.29643554788852927,0.0039228125512100155,4.0513998828828335,10.077300015836954,124371.0,124371.0,0.0,0.0,8.77,0.0002,1e-05,100.0,0.01,-0.014183937340638622,0.0,0.2178524515330089,-0.014444893789455213,0.0,0.2179930778672177,0.0,0.0,0.0,0.8918010448872034,0.0,0.7898617668280855,-0.9199295895390579,0.0,-0.7749706012705824,0.5953636588671162,0.0,0.31921008095750536,0.636946510966661,-2.2705071261322254,-1.9512130801365222,-0.16866744016609897,0.13966195883717353,0.0641056080061373,-0.09953000000000001,0.07263,0.03766,0.00015906387625262903,0.0,-0.00015189180173848514,0.00010189257256396219,0.0,1.1265467529680817e-05
1027,10.27020850009285,step,0.3708990025367693,0.007038320980298451,3.7557000759989023,10.028799995779991,124371.0,124371.0,0.0,0.0,8.77,0.0002,1e-05,100.0,0.01,-0.014076837336835846,0.0,0.2180389092731313,-0.014444893789455213,0.0,0.2179930778672177,0.0,0.0,0.0,0.8793537024050894,0.0,0.7699183128223,-0.9187610977818421,0.0,-0.774764953004413,0.5861596569416975,0.0,0.3106582500684046,0.636946510966661,-2.26897314534434,-1.9512130801365222,-0.17053549547276042,0.13753710722619775,0.06392017132517619,-0.08877,0.07263,0.03228,0.00029014217163142106,0.0,5.106346208278844e-05,7.791428098794656e-05,0.0,-5.2320561691839755e-06
1028,10.280200199922547,step,0.3708990025367693,0.006839489962684359,3.781300038099289,9.991699829697609,124371.0,124371.0,0.0,0.0,8.77,0.0002,1e-05,100.0,0.01,-0.014076837336835846,0.0,0.2180389092731313,-0.014444893789455213,0.0,0.2179930778672177,0.0,0.0,0.0,0.8781850045646592,0.0,0.7697123058172288,-0.9175973395644198,0.0,-0.774648484966227,0.585377468650843,0.0,0.31057873366990896,0.636946510966661,-2.26897314534434,-1.9512130801365222,-0.17066157628743248,0.1374727621390438,0.06395323918102029,-0.09684000000000001,0.07532,0.03766,0.0002889668107384645,0.0,2.8919578864162854e-05,7.90896418809031e-05,0.0,1.6911827049441608e-05
1029,10.290216299938038,step,0.468854814478757,0.013351207753543714,4.076800076290965,10.016100015491247,124371.0,124371.0,0.0,0.0,8.77,0.0002,1e-05,100.0,0.01,-0.013994089183187453,0.0,0.21786423670909003,-0.014444893789455213,0.0,0.2179930778672177,0.0,0.0,0.0,0.867898900604562,0.0,0.7888521407878445,-0.9161037673559638,0.0,-0.7753114205655399,0.5797738190650431,0.0,0.31966769821736774,0.636946510966661,-2.26897314534434,-1.952747060924408,-0.1713755940087587,0.13791045444236738,0.06519551558272307,-0.09146,0.07532,0.02959,0.0003708612246288626,0.0,-0.00016461012518801922,7.994338163889818e-05,0.0,3.576896706035095e-05
1030,10.300092299934477,step,0.468854814478757,0.011876545123599492,4.033500095829368,9.875999996438622,124371.0,124371.0,0.0,0.0,8.77,0.0002,1e-05,100.0,0.01,-0.013994089183187453,0.0,0.21786423670909003,-0.014444893789455213,0.0,0.2179930778672177,0.0,0.0,0.0,0.8664051691949292,0.0,0.789515412481133,-0.9146787822421849,0.0,-0.7758985546645569,0.5787701728139852,0.0,0.31994286213989737,0.636946510966661,-2.26897314534434,-1.952747060924408,-0.17152738304569465,0.1378738723639541,0.0652810645245461,-0.09146,0.07263,0.03497,0.00035383071630680474,0.0,-0.00014578824495395216,9.697388996095604e-05,0.0,1.6947086826283887e-05
1031,10.310055500129238,step,0.468854814478757,0.010716372171952445,3.9516999386250973,9.963200194761157,124371.0,124371.0,0.0,0.0,8.77,0.0002,1e-05,100.0,0.01,-0.013994089183187453,0.0,0.21786423670909003,-0.014444893789455213,0.0,0.2179930778672177,0.0,0.0,0.0,0.8649801841008269,0.0,0.7901025465694944,-0.9133111716472475,0.0,-0.7764209680018727,0.577812848574053,0.0,0.3201867347211649,0.636946510966661,-2.26897314534434,-1.952747060924408,-0.17167264972261143,0.13783672139325612,0.06536054884167147,-0.09415,0.07532,0.03228,0.0003395843449565879,0.0,-0.00012971776586525983,0.00011122026131117288,0.0,8.766077375915574e-07
1032,10.320117800030857,step,0.468854814478757,0.009808276195664954,4.003700101748109,10.062299901619554,124371.0,124371.0,0.0,0.0,8.77,0.0002,1e-05,100.0,0.01,-0.013994089183187453,0.0,0.21786423670909003,-0.014444893789455213,0.0,0.2179930778672177,0.0,0.0,0.0,0.8636125735315554,0.0,0.7906249598778518,-0.9119909661564958,0.0,-0.7768886352995557,0.576894187291517,0.0,0.3204040111476828,0.636946510966661,-2.26897314534434,-1.952747060924408,-0.17181248491260986,0.1377990374788186,0.06543491679933061,-0.09684000000000001,0.07532,0.03497,0.00032781342762667733,0.0,-0.00011612405865322602,0.00012299117864108345,0.0,-1.2717099474442254e-05
1033,10.330061699962243,step,0.29643554788852927,0.0024173952672751236,3.9675000589340925,9.943899931386113,124371.0,124371.0,0.0,0.0,8.77,0.0002,1e-05,100.0,0.01,-0.014183937340638622,0.0,0.2178524515330089,-0.014444893789455213,0.0,0.2179930778672177,0.0,0.0,0.0,0.8832216631848324,0.0,0.7923918519188123,-0.9114781481562442,0.0,-0.7773582061164438,0.5896024444716866,0.0,0.320270562219342,0.636946510966661,-2.2705071261322254,-1.9512130801365222,-0.16955197501448716,0.13938921746156557,0.06453760249222408,-0.09415,0.07801000000000001,0.03497,0.00012733519712557393,0.0,-0.00011659671170577657,0.00013362125169101728,0.0,-2.402962250302776e-05
1034,10.340049100108445,step,0.468854814478757,0.010435746105289604,4.00019995868206,9.987400146201253,124371.0,124371.0,0.0,0.0,8.77,0.0002,1e-05,100.0,0.01,-0.013994089183187453,0.0,0.21786423670909003,-0.014444893789455213,0.0,0.2179930778672177,0.0,0.0,0.0,0.8617799153378858,0.0,0.7915622206215499,-0.9100829687570019,0.0,-0.7777332043364232,0.5756624596438917,0.0,0.32079204307404025,0.636946510966661,-2.26897314534434,-1.952747060924408,-0.1719974599848632,0.1377602536073516,0.06554563661941465,-0.09415,0.07263,0.03228,0.0003464298128008428,0.0,-9.311387712482809e-05,0.000104374793466918,0.0,-3.5727281002840183e-05
1035,10.350124499993399,step,0.468854814478757,0.009641048050907862,3.9508999325335026,10.075399884954095,124371.0,124371.0,0.0,0.0,8.77,0.0002,1e-05,100.0,0.01,-0.013994089183187453,0.0,0.21786423670909003,-0.014444893789455213,0.0,0.2179930778672177,0.0,0.0,0.0,0.86038437065425,0.0,0.7919371961480138,-0.9087381040721881,0.0,-0.7780789623294216,0.5747254883126411,0.0,0.32094918745434403,0.636946510966661,-2.26897314534434,-1.952747060924408,-0.17214175790952368,0.1377139918610441,0.06561414920728272,-0.09684000000000001,0.07532,0.03766,0.00033393642513322865,0.0,-8.585338692205922e-05,0.00011686818113453213,0.0,-4.298777120560906e-05
1036,10.360062200110406,step,0.3708990025367693,0.005429972335743754,3.981800051406026,9.937700117006898,124371.0,124371.0,0.0,0.0,8.77,0.0002,1e-05,100.0,0.01,-0.014076837336835846,0.0,0.2180389092731313,-0.014444893789455213,0.0,0.2179930778672177,0.0,0.0,0.0,0.868161851697217,0.0,0.7730266511326424,-0.907769660989093,0.0,-0.7776941085104802,0.5786495220550203,0.0,0.3119694079795641,0.636946510966661,-2.26897314534434,-1.9512130801365222,-0.17169195321464872,0.13717136499048638,0.06447399182661662,-0.09415,0.07801000000000001,0.0269,0.00024046911541779483,0.0,9.556107015628866e-05,0.00012758733720157279,0.0,-4.9729664242684197e-05
1037,10.370072999969125,step,0.468854814478757,0.009841479280532698,3.966700052842498,10.01079985871911,124371.0,124371.0,0.0,0.0,8.77,0.0002,1e-05,100.0,0.01,-0.013994089183187453,0.0,0.21786423670909003,-0.014444893789455213,0.0,0.2179930778672177,0.0,0.0,0.0,0.8580712221055932,0.0,0.791897764235272,-0.9064365922229244,0.0,-0.7781313996272117,0.5731743341759672,0.0,0.32093972673714677,0.636946510966661,-2.26897314534434,-1.952747060924408,-0.17238765117313565,0.13760467052022063,0.06569688231658018,-0.09684000000000001,0.07801000000000001,0.02959,0.00033100744131201576,0.0,-0.0001085815055691366,0.00011979716495574502,0.0,-2.0259652558531676e-05
1038,10.38040030002594,step,0.468854814478757,0.009185647838923575,3.6387001164257526,10.327300056815147,124371.0,124371.0,0.0,0.0,8.77,0.0002,1e-05,100.0,0.01,-0.013994089183187453,0.0,0.21786423670909003,-0.014444893789455213,0.0,0.2179930778672177,0.0,0.0,0.0,0.8567379941337013,0.0,0.7923353914418533,-0.9051414277792416,0.0,-0.7785309977148002,0.572278974392675,0.0,0.32112227853991937,0.636946510966661,-2.26897314534434,-1.952747060924408,-0.17252469887395905,0.1375643954818187,0.06576603866306205,-0.09684000000000001,0.07801000000000001,0.040350000000000004,0.00032159561416619613,0.0,-9.922214358529875e-05,0.00012920899210156465,0.0,-2.961901454236952e-05
1039,10.390132100088522,step,0.468854814478757,0.008676270451154463,3.909399965777993,9.731800062581897,124371.0,124371.0,0.0,0.0,8.77,0.0002,1e-05,100.0,0.01,-0.013994089183187453,0.0,0.21786423670909003,-0.014444893789455213,0.0,0.2179930778672177,0.0,0.0,0.0,0.8554428296959697,0.0,0.7927349895358301,-0.9038767721863973,0.0,-0.7788996443229745,0.5714092503789895,0.0,0.32128919028298486,0.636946510966661,-2.26897314534434,-1.952747060924408,-0.1726580933348032,0.1375240092608744,0.06583202962255158,-0.09146,0.07801000000000001,0.040350000000000004,0.000314020118505564,0.0,-9.153674110217263e-05,0.00013678448776219677,0.0,-3.7304417025495646e-05
1040,10.40005709999241,step,0.468854814478757,0.00828599408374444,4.055599914863706,9.92499990388751,124371.0,124371.0,0.0,0.0,8.77,0.0002,1e-05,100.0,0.01,-0.013994089183187453,0.0,0.21786423670909003,-0.014444893789455213,0.0,0.2179930778672177,0.0,0.0,0.0,0.8541781741167714,0.0,0.7931036361301594,-0.9026361619532107,0.0,-0.7792432793998536,0.5705600754153877,0.0,0.32144337409558205,0.636946510966661,-2.26897314534434,-1.952747060924408,-0.1727885644119755,0.1374835107022182,0.06589546151437768,-0.09953000000000001,0.07532,0.03766,0.0003080495390593049,0.0,-8.532625655142015e-05,0.00014275506720845587,0.0,-4.3514901576248124e-05
1041,10.410138400038704,step,0.3708990025367693,0.004670014573540401,3.8267001509666443,10.081300046294928,124371.0,124371.0,0.0,0.0,8.77,0.0002,1e-05,100.0,0.01,-0.014076837336835846,0.0,0.2180389092731313,-0.014444893789455213,0.0,0.2179930778672177,0.0,0.0,0.0,0.8620599096248821,0.0,0.7741909682021251,-0.901749077313006,0.0,-0.7788597643990766,0.5745569484356067,0.0,0.3124679182627163,0.636946510966661,-2.26897314534434,-1.9512130801365222,-0.17232778580084498,0.13694581476283413,0.06475118711347361,-0.09415,0.07801000000000001,0.03497,0.00022026741938097828,0.0,9.522863511148748e-05,0.00014778903323838934,0.0,-4.939722919788302e-05
1042,10.420066999970004,step,0.3708990025367693,0.004738091501316206,3.9140000008046627,9.928599931299686,124371.0,124371.0,0.0,0.0,8.77,0.0002,1e-05,100.0,0.01,-0.014076837336835846,0.0,0.2180389092731313,-0.014444893789455213,0.0,0.2179930778672177,0.0,0.0,0.0,0.8611729841964565,0.0,0.773807117130747,-0.900812645581376,0.0,-0.7785938435231388,0.5739642243544268,0.0,0.3123147691692005,0.636946510966661,-2.26897314534434,-1.9512130801365222,-0.172425749274179,0.13688576919134826,0.0647656636609296,-0.09415,0.07532,0.03766,0.00023252054156300744,0.0,6.602944346871311e-05,0.00013553591105636018,0.0,-2.0198037555108653e-05
1043,10.430081400088966,step,0.468854814478757,0.010078977047110334,3.8823001086711884,10.01440011896193,124371.0,124371.0,0.0,0.0,8.77,0.0002,1e-05,100.0,0.01,-0.013994089183187453,0.0,0.21786423670909003,-0.014444893789455213,0.0,0.2179930778672177,0.0,0.0,0.0,0.8511142067232206,0.0,0.7927974992778916,-0.8994990699440885,0.0,-0.7791326518884663,0.5685061653787187,0.0,0.3213271496820988,0.636946510966661,-2.26897314534434,-1.952747060924408,-0.1731168514549899,0.13732616599003208,0.06599320625930967,-0.09684000000000001,0.07532,0.03766,0.0003261672028503184,0.0,-0.0001337887308523075,0.0001246374034174424,0.0,4.947572724639217e-06
1044,10.44012159993872,step,0.3708990025367693,0.004768496816150309,3.856400027871132,10.040199849754572,124371.0,124371.0,0.0,0.0,8.77,0.0002,1e-05,100.0,0.01,-0.014076837336835846,0.0,0.2180389092731313,-0.014444893789455213,0.0,0.2179930778672177,0.0,0.0,0.0,0.8589228175941335,0.0,0.7740803407548004,-0.8985480382562778,0.0,-0.7789107553089295,0.5724556404691808,0.0,0.31243491323199996,0.636946510966661,-2.26897314534434,-1.9512130801365222,-0.17266178554071765,0.13679489899468666,0.06486059567840356,-0.09684000000000001,0.07532,0.03497,0.0002361457815065441,0.0,5.5097997111927576e-05,0.00013191067111282352,0.0,-9.266591198323114e-06
1045,10.450074499938637,step,0.12501903077929463,4.408240726747521e-06,3.9262999780476093,9.952899999916553,124371.0,124371.0,0.0,0.0,8.77,0.0002,1e-05,100.0,0.01,-0.014320002201757442,0.0,0.2179987213926517,-0.014444893789455213,0.0,0.2179930778672177,0.0,0.0,0.0,0.8847789960183873,0.0,0.7782885119799272,-0.8985406475770695,0.0,-0.778939513368777,0.590084880648005,0.0,0.31439849914654594,0.6354125301787753,-2.26897314534434,-1.9512130801365222,-0.1687387621089866,0.13849765525634533,0.06402152309666745,-0.09953000000000001,0.07801000000000001,0.03228,1.8351414993638467e-06,0.0,-7.140765764515122e-06,0.00012305644619840705,0.0,1.2784291198516606e-05
1046,10.460190000012517,step,0.3708990025367693,0.0073829262530632975,3.746999893337488,10.115500073879957,124371.0,124371.0,0.0,0.0,8.77,0.0002,1e-05,100.0,0.01,-0.014076837336835846,0.0,0.2180389092731313,-0.014444893789455213,0.0,0.2179930778672177,0.0,0.0,0.0,0.8579650222622303,0.0,0.773886943508415,-0.8973290826722673,0.0,-0.7788462624595901,0.5718147003225091,0.0,0.31235972559022174,0.636946510966661,-2.26897314534434,-1.9512130801365222,-0.17276536014838853,0.1367409547212028,0.06488654955473067,-0.08877,0.07532,0.03497,0.00030083744312355476,0.0,2.3154653108158005e-05,6.721900949581286e-05,0.0,2.2676752805446457e-05
1047,10.470192499924451,step,0.3708990025367693,0.007284641661513011,5.192600190639496,10.002499911934137,124371.0,124371.0,0.0,0.0,8.77,0.0002,1e-05,100.0,0.01,-0.014076837336835846,0.0,0.2180389092731313,-0.014444893789455213,0.0,0.2179930778672177,0.0,0.0,0.0,0.8567529894539303,0.0,0.7737936153032168,-0.8961224468472471,0.0,-0.7788153057465824,0.5710030438520048,0.0,0.3123263392047092,0.636946510966661,-2.26897314534434,-1.9512130801365222,-0.1728949098912755,0.1366801541707081,0.06492645912785545,-0.09684000000000001,0.07263,0.040350000000000004,0.0002996135287028878,0.0,7.686702009796452e-06,6.844292391647983e-05,0.0,3.814470390380801e-05
1048,10.480547500075772,step,0.468854814478757,0.014421463076128124,4.422599915415049,10.355000151321292,124371.0,124371.0,0.0,0.0,8.77,0.0002,1e-05,100.0,0.01,-0.013994089183187453,0.0,0.21786423670909003,-0.014444893789455213,0.0,0.2179930778672177,0.0,0.0,0.0,0.8464240078681958,0.0,0.7930189616064562,-0.89458681061038,0.0,-0.779540642884227,0.5653601401744074,0.0,0.3214310622689064,0.636946510966661,-2.26897314534434,-1.952747060924408,-0.1736123682221134,0.13711938854608194,0.06617501641452672,-0.09953000000000001,0.07532,0.03766,0.00038130592693452563,0.0,-0.00018010472986353495,6.949867933323515e-05,0.0,5.126357173586667e-05
1049,10.490435299929231,step,0.468854814478757,0.012725568290311637,3.5635000094771385,9.887799853459,124371.0,124371.0,0.0,0.0,8.77,0.0002,1e-05,100.0,0.01,-0.013994089183187453,0.0,0.21786423670909003,-0.014444893789455213,0.0,0.2179930778672177,0.0,0.0,0.0,0.8448882124305339,0.0,0.7937446348277425,-0.8931210638242858,0.0,-0.7801704841476551,0.5643281053086228,0.0,0.3217318312156367,0.636946510966661,-2.26897314534434,-1.952747060924408,-0.17376798742106897,0.13708393557377457,0.06626501376770386,-0.09684000000000001,0.07801000000000001,0.03766,0.0003639520372762261,0.0,-0.00015639264104828023,8.685256899153466e-05,0.0,2.7551482920611954e-05
1050,10.500137600116432,step,0.468854814478757,0.011398175395897254,3.962400136515498,9.702300187200308,124371.0,124371.0,0.0,0.0,8.77,0.0002,1e-05,100.0,0.01,-0.013994089183187453,0.0,0.21786423670909003,-0.014444893789455213,0.0,0.2179930778672177,0.0,0.0,0.0,0.8434224656646901,0.0,0.7943744760717008,-0.8917143703968347,0.0,-0.78071898089363,0.5633433224119683,0.0,0.32199326207594686,0.636946510966661,-2.26897314534434,-1.952747060924408,-0.17391714615572718,0.1370470015641755,0.06634798030969452,-0.09415,0.07263,0.040350000000000004,0.00034928880185927387,0.0,-0.00013619440276509348,0.00010151580440848692,0.0,7.353244637425208e-06
1051,10.510088300099596,step,0.3708990025367693,0.005483584873145645,3.864699974656105,9.950699983164668,124371.0,124371.0,0.0,0.0,8.77,0.0002,1e-05,100.0,0.01,-0.014076837336835846,0.0,0.2180389092731313,-0.014444893789455213,0.0,0.2179930778672177,0.0,0.0,0.0,0.8511381179941964,0.0,0.7756666697875627,-0.8906921297687252,0.0,-0.7804915142524019,0.5672340511423467,0.0,0.3131120672271254,0.636946510966661,-2.26897314534434,-1.9512130801365222,-0.1734719525827072,0.13651212236375132,0.06521894463960207,-0.09684000000000001,0.07801000000000001,0.03766,0.00025382730681494127,0.0,5.648107045005791e-05,0.00011422914580442635,0.0,-1.0649664536453446e-05
1052,10.520229200134054,step,0.468854814478757,0.011058413302144384,3.7887999787926674,10.140900034457445,124371.0,124371.0,0.0,0.0,8.77,0.0002,1e-05,100.0,0.01,-0.013994089183187453,0.0,0.21786423670909003,-0.014444893789455213,0.0,0.2179930778672177,0.0,0.0,0.0,0.8409936908611593,0.0,0.7946951700476149,-0.8893125982584292,0.0,-0.7810470099522316,0.5617135915986786,0.0,0.32213120559809705,0.636946510966661,-2.26897314534434,-1.952747060924408,-0.17417165151580902,0.13695009764939636,0.06645173761763408,-0.09415,0.07801000000000001,0.02959,0.0003425443660680849,0.0,-0.00013793227695892523,0.0001082602401996759,0.0,9.091118831256953e-06
1053,10.53023730008863,step,0.3708990025367693,0.005247704350428718,4.625699948519468,10.0080999545753,124371.0,124371.0,0.0,0.0,8.77,0.0002,1e-05,100.0,0.01,-0.014076837336835846,0.0,0.2180389092731313,-0.014444893789455213,0.0,0.2179930778672177,0.0,0.0,0.0,0.8487363458789654,0.0,0.7759946988260384,-0.8883127182622003,0.0,-0.7808238936972726,0.565623685430318,0.0,0.31325515261321446,0.636946510966661,-2.26897314534434,-1.9512130801365222,-0.1737235269918925,0.13641692376483586,0.06532197147530863,-0.09684000000000001,0.07532,0.03766,0.0002482750534483297,0.0,5.540084843590262e-05,0.00011978139917103792,0.0,-9.569442522298159e-06
1054,10.540057900128886,step,0.468854814478757,0.010821898858112718,4.002199973911047,9.820600040256977,124371.0,124371.0,0.0,0.0,8.77,0.0002,1e-05,100.0,0.01,-0.013994089183187453,0.0,0.21786423670909003,-0.014444893789455213,0.0,0.2179930778672177,0.0,0.0,0.0,0.8386142793646457,0.0,0.7950275494944334,-0.8869513121480486,0.0,-0.7813815254431165,0.5601169317536141,0.0,0.3222737795997306,0.636946510966661,-2.26897314534434,-1.952747060924408,-0.17442079925215365,0.1368560622118124,0.06655423515234483,-0.09684000000000001,0.07263,0.03497,0.0003380437422797573,0.0,-0.00013846266754613914,0.00011276086398800348,0.0,9.621509418470862e-06
1055,10.550074300030246,step,0.468854814478757,0.009893173542856206,3.9021000266075134,10.016399901360273,124371.0,124371.0,0.0,0.0,8.77,0.0002,1e-05,100.0,0.01,-0.013994089183187453,0.0,0.21786423670909003,-0.014444893789455213,0.0,0.2179930778672177,0.0,0.0,0.0,0.8372527140461526,0.0,0.795585517311599,-0.88563075686576,0.0,-0.78186605454956,0.5592022224933072,0.0,0.32250555880792803,0.636946510966661,-2.26897314534434,-1.952747060924408,-0.17455963159656768,0.1368204147576382,0.06663004039343932,-0.09684000000000001,0.07801000000000001,0.040350000000000004,0.00032790028256210696,0.0,-0.00012031092756457195,0.00012290432370565382,0.0,-8.530230563096326e-06
1056,10.560059899929911,step,0.468854814478757,0.009182342200959126,3.8830998819321394,9.985599899664521,124371.0,124371.0,0.0,0.0,8.77,0.0002,1e-05,100.0,0.01,-0.013994089183187453,0.0,0.21786423670909003,-0.014444893789455213,0.0,0.2179930778672177,0.0,0.0,0.0,0.8359321587711231,0.0,0.7960700464085914,-0.8843434878102634,0.0,-0.7822896189708147,0.5583152267105145,0.0,0.32270722852848216,0.636946510966661,-2.26897314534434,-1.952747060924408,-0.17469485778597593,0.13678304420493909,0.06670092096992468,-0.09415,0.07801000000000001,0.03497,0.00031963515097927343,0.0,-0.00010517310049449824,0.00013116945528848735,0.0,-2.3668057633170037e-05
1057,10.570077300071716,step,0.4665300455575253,0.009789023160156314,3.9017999079078436,10.01740014180541,124371.0,124371.0,0.0,0.0,8.77,0.0002,1e-05,100.0,0.01,-0.014100921340095107,0.0,0.21767790610850649,-0.014444893789455213,0.0,0.2179930778672177,0.0,0.0,0.0,0.8464223110684237,0.0,0.8170351224104927,-0.8835154794188801,0.0,-0.7834175403935344,0.5662204278019667,0.0,0.3316825189470504,0.636946510966661,-2.2705071261322254,-1.952747060924408,-0.17301711799454988,0.13887301670100743,0.06700640025961536,-0.09953000000000001,0.08070000000000001,0.02959,0.00020559850022171147,0.0,-0.00028006836077070624,0.00013837394913839463,0.0,-3.510339794050171e-05
1058,10.580045799957588,step,0.468854814478757,0.00890817956146064,3.9572000969201326,9.968499885872006,124371.0,124371.0,0.0,0.0,8.77,0.0002,1e-05,100.0,0.01,-0.013994089183187453,0.0,0.21786423670909003,-0.014444893789455213,0.0,0.2179930778672177,0.0,0.0,0.0,0.8338170868910656,0.0,0.7976218906940808,-0.8821944265101354,0.0,-0.7836084726448411,0.5568923389362962,0.0,0.32334706189910567,0.636946510966661,-2.26897314534434,-1.952747060924408,-0.17490356043656488,0.13676150195011308,0.06685063121884055,-0.09953000000000001,0.07801000000000001,0.03228,0.0003280238456251606,0.0,-4.7409404205485685e-05,0.0001227807606426002,0.0,-8.143175392218259e-05
1059,10.590056699933484,step,0.26786828247708,0.0010711920213168663,3.946600016206503,10.010899975895882,124371.0,124371.0,0.0,0.0,8.77,0.0002,1e-05,100.0,0.01,-0.014236986201213928,0.0,0.2178241759681493,-0.014444893789455213,0.0,0.2179930778672177,0.0,0.0,0.0,0.8592733512824017,0.0,0.802228852110768,-0.8818875585481996,0.0,-0.7839549844890842,0.574280612758336,0.0,0.32549449599524233,0.6354125301787753,-2.26897314534434,-1.952747060924408,-0.1710137881217449,0.13847055703244662,0.0660440072057182,-0.09684000000000001,0.07801000000000001,0.03766,7.619680355497259e-05,0.0,-8.60405718430069e-05,0.00013171078468631318,0.0,-8.286132722539524e-05
1060,10.600093400105834,step,0.4665300455575253,0.009286293115369661,3.93070001155138,10.03670017234981,124371.0,124371.0,0.0,0.0,8.77,0.0002,1e-05,100.0,0.01,-0.014100921340095107,0.0,0.21767790610850649,-0.014444893789455213,0.0,0.2179930778672177,0.0,0.0,0.0,0.8439668491272719,0.0,0.8187005648966756,-0.8808693946097873,0.0,-0.7848608546881695,0.5645684312669312,0.0,0.33236835503646694,0.636946510966661,-2.2705071261322254,-1.952747060924408,-0.17326052639352504,0.1388414636310703,0.06717395720678111,-0.09684000000000001,0.07801000000000001,0.04304,0.00025281504498723956,0.0,-0.0002249319647791609,9.115740437286654e-05,0.0,-9.023979393204705e-05
1061,10.610220999922603,step,0.3708990025367693,0.008936337351810354,3.8707000203430653,10.127599816769361,124371.0,124371.0,0.0,0.0,8.77,0.0002,1e-05,100.0,0.01,-0.014076837336835846,0.0,0.2180389092731313,-0.014444893789455213,0.0,0.2179930778672177,0.0,0.0,0.0,0.8402933477597758,0.0,0.7798089019009736,-0.8797251263027493,0.0,-0.7841695389051365,0.5599524526532377,0.0,0.3148436176372569,0.636946510966661,-2.26897314534434,-1.9512130801365222,-0.17458121590657905,0.13621343430194222,0.06580834404729594,-0.09415,0.08070000000000001,0.03766,0.0002841273714451277,0.0,0.00017165706247700916,8.392908117423991e-05,0.0,-0.0001258256565634047
1062,10.620047400007024,step,0.3708990025367693,0.007967919380232873,3.913900116458535,9.826400084421039,124371.0,124371.0,0.0,0.0,8.77,0.0002,1e-05,100.0,0.01,-0.014076837336835846,0.0,0.2180389092731313,-0.014444893789455213,0.0,0.2179930778672177,0.0,0.0,0.0,0.8391490330853586,0.0,0.7791168915239025,-0.8785767248098965,0.0,-0.7836453653773237,0.5591884779517082,0.0,0.314565762384481,0.636946510966661,-2.26897314534434,-1.9512130801365222,-0.17470958120870717,0.13612626478618298,0.0658178381803312,-0.09684000000000001,0.07263,0.040350000000000004,0.00028515366153291337,0.0,0.00013015482970433557,8.290279108645425e-05,0.0,-8.43234237907311e-05
1063,10.630067999940366,step,0.468854814478757,0.011562733768496751,3.945200005546212,10.020599933341146,124371.0,124371.0,0.0,0.0,8.77,0.0002,1e-05,100.0,0.01,-0.013994089183187453,0.0,0.21786423670909003,-0.014444893789455213,0.0,0.2179930778672177,0.0,0.0,0.0,0.8288782858569019,0.0,0.7978490210165274,-0.8770910841721589,0.0,-0.7839700477593556,0.5535795773143128,0.0,0.3234540031819075,0.636946510966661,-2.26897314534434,-1.952747060924408,-0.1754254035610122,0.1365434645567228,0.06704179501389736,-0.09415,0.07263,0.03497,0.0003688917771436896,0.0,-8.062021048200328e-05,8.191282912407117e-05,0.0,-4.822094764566499e-05
1064,10.640045500127599,step,0.468854814478757,0.010609088442651196,4.05339989811182,9.97750018723309,124371.0,124371.0,0.0,0.0,8.77,0.0002,1e-05,100.0,0.01,-0.013994089183187453,0.0,0.21786423670909003,-0.014444893789455213,0.0,0.2179930778672177,0.0,0.0,0.0,0.8273924860146766,0.0,0.7981740395236093,-0.8756678879603534,0.0,-0.7842804188779102,0.5525822216110055,0.0,0.323591004759222,0.636946510966661,-2.26897314534434,-1.952747060924408,-0.17557978780448075,0.13649054614910372,0.06711127741064657,-0.09953000000000001,0.07801000000000001,0.02959,0.00035338652326890343,0.0,-7.706665433708867e-05,9.741808299885735e-05,0.0,-5.17745037905796e-05
1065,10.650133500108495,step,0.468854814478757,0.009845114462378709,4.75119985640049,10.087999980896711,124371.0,124371.0,0.0,0.0,8.77,0.0002,1e-05,100.0,0.01,-0.013994089183187453,0.0,0.21786423670909003,-0.014444893789455213,0.0,0.2179930778672177,0.0,0.0,0.0,0.825969289819793,0.0,0.7984844106590143,-0.8742970574793767,0.0,-0.7845801632438302,0.551626891871508,0.0,0.3237218446955668,0.636946510966661,-2.26897314534434,-1.952747060924408,-0.17572767680451323,0.13643981038447392,0.06717778775003447,-0.09953000000000001,0.08070000000000001,0.02959,0.00034038385827971253,0.0,-7.44279801078972e-05,0.00011042074798804825,0.0,-5.441317801977108e-05
1066,10.660117600113153,step,0.468854814478757,0.009237562527397014,4.704799968749285,9.984100004658103,124371.0,124371.0,0.0,0.0,8.77,0.0002,1e-05,100.0,0.01,-0.013994089183187453,0.0,0.21786423670909003,-0.014444893789455213,0.0,0.2179930778672177,0.0,0.0,0.0,0.8245984593622486,0.0,0.798784155020184,-0.872969619361745,0.0,-0.7848724311848325,0.5507067106973381,0.0,0.32384819436820267,0.636946510966661,-2.26897314534434,-1.952747060924408,-0.1758701162491413,0.13639098058509935,0.06724188787150423,-0.09684000000000001,0.07263,0.03228,0.00032960932396622437,0.0,-7.257154753296396e-05,0.00012119528230153642,0.0,-5.6269610594704314e-05
1067,10.6700722000096,step,0.3708990025367693,0.005459738542555435,3.875599941238761,9.95459989644587,124371.0,124371.0,0.0,0.0,8.77,0.0002,1e-05,100.0,0.01,-0.014076837336835846,0.0,0.2180389092731313,-0.014444893789455213,0.0,0.2179930778672177,0.0,0.0,0.0,0.8323933669945753,0.0,0.7798201199641199,-0.8720127228833426,0.0,-0.7844525540145407,0.5546597149760307,0.0,0.3148787167387474,0.636946510966661,-2.26897314534434,-1.9512130801365222,-0.1754194054914598,0.1358476752094253,0.06609738820291094,-0.10222,0.07263,0.03228,0.00023760203746037782,0.0,0.00010425753819366906,0.0001304544151589898,0.0,-5.84261322800646e-05
1068,10.680070200003684,step,0.468854814478757,0.009670267622960119,4.928099922835827,9.997999994084239,124371.0,124371.0,0.0,0.0,8.77,0.0002,1e-05,100.0,0.01,-0.013994089183187453,0.0,0.21786423670909003,-0.014444893789455213,0.0,0.2179930778672177,0.0,0.0,0.0,0.8223142840050129,0.0,0.7986562097236606,-0.8706862559182393,0.0,-0.7848703325624363,0.5491752410527098,0.0,0.32380250237350516,0.636946510966661,-2.26897314534434,-1.952747060924408,-0.17611383399225447,0.13627863295077067,0.06731943330068489,-0.09415,0.07532,0.03766,0.000329368182082378,0.0,-0.00010373644007235494,0.00012143642418538278,0.0,-2.5104718055313338e-05
1069,10.690092700067908,step,0.3708990025367693,0.00507899853900061,3.911899868398905,10.022500064224005,124371.0,124371.0,0.0,0.0,8.77,0.0002,1e-05,100.0,0.01,-0.014076837336835846,0.0,0.2180389092731313,-0.014444893789455213,0.0,0.2179930778672177,0.0,0.0,0.0,0.8301100035625211,0.0,0.7798180213746203,-0.8697286715743773,0.0,-0.7845559570987144,0.553129954207896,0.0,0.31488668294113986,0.636946510966661,-2.26897314534434,-1.9512130801365222,-0.17566172436173277,0.1357416951209416,0.06618068252589931,-0.09415,0.07263,0.03228,0.00023777283779083006,0.0,7.806095266710606e-05,0.00013028361482853755,0.0,-3.22295467535016e-05
1070,10.700532200047746,step,0.468854814478757,0.010101783634501572,4.284699913114309,10.439499979838729,124371.0,124371.0,0.0,0.0,8.77,0.0002,1e-05,100.0,0.01,-0.013994089183187453,0.0,0.21786423670909003,-0.014444893789455213,0.0,0.2179930778672177,0.0,0.0,0.0,0.8200302326957432,0.0,0.7987596128550365,-0.8684001818540095,0.0,-0.7850613992712497,0.5476431902097558,0.0,0.32385129064542534,0.636946510966661,-2.26897314534434,-1.952747060924408,-0.1763551878479187,0.13617771612845303,0.0674077645766472,-0.09953000000000001,0.07532,0.03766,0.0003298704420268922,0.0,-0.00012550374332374412,0.00012093416424086858,0.0,-3.3374148039241587e-06
1071,10.7101660000626,step,0.3708990025367693,0.004908398511454879,3.758199978619814,9.633800014853477,124371.0,124371.0,0.0,0.0,8.77,0.0002,1e-05,100.0,0.01,-0.014076837336835846,0.0,0.2180389092731313,-0.014444893789455213,0.0,0.2179930778672177,0.0,0.0,0.0,0.8278239294973793,0.0,0.7800090881226559,-0.867439523112119,0.0,-0.7848188822946882,0.5515976310829273,0.0,0.31497345329577847,0.636946510966661,-2.26897314534434,-1.9512130801365222,-0.17590239450220335,0.1356451104389828,0.06627309144091978,-0.10222,0.07263,0.03766,0.00023853622573506884,0.0,6.02181417220328e-05,0.00012952022688429878,0.0,-1.4386735808428341e-05
1072,10.720028399955481,step,0.3708990025367693,0.005076456045270603,3.801800077781081,9.862399892881513,124371.0,124371.0,0.0,0.0,8.77,0.0002,1e-05,100.0,0.01,-0.014076837336835846,0.0,0.2180389092731313,-0.014444893789455213,0.0,0.2179930778672177,0.0,0.0,0.0,0.8268634299626484,0.0,0.7797662350894404,-0.866442242306293,0.0,-0.7846749302075722,0.5509550703029577,0.0,0.3148781026930148,0.636946510966661,-2.26897314534434,-1.9512130801365222,-0.17600675182956357,0.13558860310556883,0.06629683583206546,-0.09953000000000001,0.07532,0.040350000000000004,0.00024762966186271115,0.0,3.5744001537700064e-05,0.00012042679075665647,0.0,1.0087404375904398e-05
1073,10.730452799936756,step,0.4665300455575253,0.014102117507872224,4.352200077846646,10.4243999812752,124371.0,124371.0,0.0,0.0,8.77,0.0002,1e-05,100.0,0.01,-0.014100921340095107,0.0,0.21767790610850649,-0.014444893789455213,0.0,0.2179930778672177,0.0,0.0,0.0,0.8285212247588213,0.0,0.8194200976248113,-0.865511684142041,0.0,-0.7860729591788451,0.5541995746311915,0.0,0.3326981572438987,0.636946510966661,-2.2705071261322254,-1.952747060924408,-0.1748920422834072,0.13816038209302905,0.06777351714220081,-0.09953000000000001,0.07263,0.03228,0.00023106210629052817,0.0,-0.0003471373753592354,0.00011291034306957793,0.0,3.1965616648027464e-05
1074,10.740049000130966,step,0.29643554788852927,0.0031914920447738467,3.796400036662817,9.596200194209814,124371.0,124371.0,0.0,0.0,8.77,0.0002,1e-05,100.0,0.01,-0.014183937340638622,0.0,0.2178524515330089,-0.014444893789455213,0.0,0.2179930778672177,0.0,0.0,0.0,0.8367425867021829,0.0,0.8015765343447492,-0.8648733589186272,0.0,-0.7865534165839377,0.5584059014933362,0.0,0.3241712445154502,0.636946510966661,-2.2705071261322254,-1.9512130801365222,-0.17438988885355,0.13768837798865677,0.06666717921171983,-0.09684000000000001,0.07532,0.03766,0.00015849924946814941,0.0,-0.00011929990436743986,0.0001024571993484418,0.0,-2.1326429841364466e-05
1075,10.750500699970871,step,0.468854814478757,0.012106936469106995,4.254400031641126,10.451699839904904,124371.0,124371.0,0.0,0.0,8.77,0.0002,1e-05,100.0,0.01,-0.013994089183187453,0.0,0.21786423670909003,-0.014444893789455213,0.0,0.2179930778672177,0.0,0.0,0.0,0.8151751260583419,0.0,0.8007574311187187,-0.8633670656643215,0.0,-0.7869438879988387,0.5443814715028852,0.0,0.32468112464675575,0.636946510966661,-2.26897314534434,-1.952747060924408,-0.1768501566622665,0.13605100849241294,0.0676784554925894,-0.09146,0.07532,0.03228,0.0003740199220226824,0.0,-9.695594648380973e-05,7.678468424507839e-05,0.0,-3.188521164385855e-05
1076,10.760044800117612,step,0.468854814478757,0.011070682173393149,3.7938000168651342,9.544100146740675,124371.0,124371.0,0.0,0.0,8.77,0.0002,1e-05,100.0,0.01,-0.013994089183187453,0.0,0.21786423670909003,-0.014444893789455213,0.0,0.2179930778672177,0.0,0.0,0.0,0.8136684675118603,0.0,0.8011478798173604,-0.8619244569645802,0.0,-0.7873086023721628,0.5433699394185804,0.0,0.3248449072296508,0.636946510966661,-2.26897314534434,-1.952747060924408,-0.17700608978964322,0.13600035308992842,0.0677517522621737,-0.09415,0.07263,0.03497,0.0003582067381927216,0.0,-9.05603481136824e-05,9.259786807503919e-05,0.0,-3.828081001398588e-05
1077,10.770078100031242,step,0.3708990025367693,0.006213176101953176,3.802100196480751,10.03329991362989,124371.0,124371.0,0.0,0.0,8.77,0.0002,1e-05,100.0,0.01,-0.014076837336835846,0.0,0.2180389092731313,-0.014444893789455213,0.0,0.2179930778672177,0.0,0.0,0.0,0.8213482045458798,0.0,0.7822562911838624,-0.8608706054266932,0.0,-0.7869452400784614,0.5472504528393481,0.0,0.31591512558224677,0.636946510966661,-2.26897314534434,-1.9512130801365222,-0.1765670355643353,0.13545560369003534,0.06661447938499283,-0.09953000000000001,0.06994,0.040350000000000004,0.00026167644905617795,0.0,9.022462018448175e-05,0.00010638000356318967,0.0,-4.439321427087729e-05
1078,10.780048599932343,step,0.3708990025367693,0.006051393072872051,3.7960000336170197,9.970499901100993,124371.0,124371.0,0.0,0.0,8.77,0.0002,1e-05,100.0,0.01,-0.014076837336835846,0.0,0.2180389092731313,-0.014444893789455213,0.0,0.2179930778672177,0.0,0.0,0.0,0.8202945122355316,0.0,0.7818925928191465,-0.8597985257543883,0.0,-0.7866984126269797,0.5465459232637412,0.0,0.3157708412756169,0.636946510966661,-2.26897314534434,-1.9512130801365222,-0.17668249339320147,0.13538881867536232,0.06663598712544058,-0.09953000000000001,0.07532,0.03766,0.00026620258325623573,0.0,6.128845355468697e-05,0.00010185386936313189,0.0,-1.545704764108251e-05
1079,10.79048700002022,step,0.468854814478757,0.011659072482246765,4.389300011098385,10.438400087878108,124371.0,124371.0,0.0,0.0,8.77,0.0002,1e-05,100.0,0.01,-0.013994089183187453,0.0,0.21786423670909003,-0.014444893789455213,0.0,0.2179930778672177,0.0,0.0,0.0,0.8101000868355402,0.0,0.800902068390271,-0.858376610591157,0.0,-0.7872551637069269,0.5409775813354321,0.0,0.32475476775764117,0.636946510966661,-2.26897314534434,-1.952747060924408,-0.1773872968449113,0.1358225731725672,0.06787075278522135,-0.10222,0.07263,0.03766,0.00035306843269360176,0.0,-0.00013824399393190761,9.773617357415902e-05,0.0,9.402835804239338e-06
1080,10.800198399927467,step,0.3708990025367693,0.005572483295313332,3.6655000876635313,9.711399907246232,124371.0,124371.0,0.0,0.0,8.77,0.0002,1e-05,100.0,0.01,-0.014076837336835846,0.0,0.2180389092731313,-0.014444893789455213,0.0,0.2179930778672177,0.0,0.0,0.0,0.8178003581927287,0.0,0.7822028525812891,-0.8573410404266514,0.0,-0.787050002566726,0.5448737337391492,0.0,0.3159070353685633,0.636946510966661,-2.26897314534434,-1.9512130801365222,-0.17694404898532834,0.13528846059893526,0.06674155855995932,-0.09953000000000001,0.07263,0.0269,0.0002571370953632451,0.0,5.0942506341780436e-05,0.00011091935725612254,0.0,-5.111100428175974e-06
1081,10.810477199964225,step,0.29643554788852927,0.00396265051342512,4.350000061094761,10.278800036758184,124371.0,124371.0,0.0,0.0,8.77,0.0002,1e-05,100.0,0.01,-0.014183937340638622,0.0,0.2178524515330089,-0.014444893789455213,0.0,0.2179930778672177,0.0,0.0,0.0,0.8285718966359444,0.0,0.802552883139691,-0.8567187088548129,0.0,-0.7876865821119347,0.5529238919115664,0.0,0.32459662314723836,0.636946510966661,-2.2705071261322254,-1.9512130801365222,-0.1752468404227011,0.13735787249523518,0.06701179596791791,-0.09684000000000001,0.07532,0.03228,0.0001545279481972982,0.0,-0.00015806578910156836,0.00010642850061929303,0.0,1.7439454892764035e-05
1082,10.82004990009591,step,0.468854814478757,0.012428471139408372,3.917000023648143,9.572700131684542,124371.0,124371.0,0.0,0.0,8.77,0.0002,1e-05,100.0,0.01,-0.013994089183187453,0.0,0.21786423670909003,-0.014444893789455213,0.0,0.2179930778672177,0.0,0.0,0.0,0.8070204759984735,0.0,0.8018905966685056,-0.855229302013675,0.0,-0.7882036522130361,0.5389094623006169,0.0,0.32516731789586634,0.636946510966661,-2.26897314534434,-1.952747060924408,-0.17770408907220756,0.13572843885102157,0.06802945429137905,-0.09415,0.07801000000000001,0.03497,0.00036982694371772904,0.0,-0.00012839101439339975,8.097766255003175e-05,0.0,-4.501437342685304e-07
1083,10.830532500054687,step,0.3708990025367693,0.006234901394565369,4.29970002733171,10.482599958777428,124371.0,124371.0,0.0,0.0,8.77,0.0002,1e-05,100.0,0.01,-0.014076837336835846,0.0,0.2180389092731313,-0.014444893789455213,0.0,0.2179930778672177,0.0,0.0,0.0,0.8146530495993188,0.0,0.7831513410944712,-0.8541391349504206,0.0,-0.7879617512971463,0.5427614889468928,0.0,0.31630609164460205,0.636946510966661,-2.26897314534434,-1.9512130801365222,-0.17726851584522102,0.1351892747939172,0.06690077231179906,-0.10222,0.07263,0.03228,0.00027069377017032223,0.0,6.006517086876585e-05,9.736268244904539e-05,0.0,-1.4233764955161386e-05
1084,10.840211000060663,step,0.468854814478757,0.011828397078228955,3.7201999220997095,9.678500005975366,124371.0,124371.0,0.0,0.0,8.77,0.0002,1e-05,100.0,0.01,-0.013994089183187453,0.0,0.21786423670909003,-0.014444893789455213,0.0,0.2179930778672177,0.0,0.0,0.0,0.8044406960124619,0.0,0.8021654070859007,-0.8527047063108127,0.0,-0.7885168133599092,0.537178594613668,0.0,0.32528695664241014,0.636946510966661,-2.26897314534434,-1.952747060924408,-0.1779750867120603,0.13562225948671258,0.06813659251371795,-0.10222,0.07263,0.03766,0.00035617558958036795,0.0,-0.0001378246027716702,9.462901668739283e-05,0.0,8.983444644001935e-06
1085,10.850078700110316,step,0.3708990025367693,0.005668249872516974,3.7712000776082277,9.86770004965365,124371.0,124371.0,0.0,0.0,8.77,0.0002,1e-05,100.0,0.01,-0.014076837336835846,0.0,0.2180389092731313,-0.014444893789455213,0.0,0.2179930778672177,0.0,0.0,0.0,0.8121284539067846,0.0,0.7834645022335183,-0.8516613340509046,0.0,-0.7883046240534923,0.5410688934351162,0.0,0.3164435868497237,0.636946510966661,-2.26897314534434,-1.9512130801365222,-0.17753327265140834,0.13508764818553068,0.06700759094233572,-0.09953000000000001,0.06994,0.040350000000000004,0.0002590743934993955,0.0,5.268763410659358e-05,0.00010898205911997214,0.0,-6.856228192989119e-06
1086,10.860147699946538,step,0.468854814478757,0.011398053295460587,3.853099886327982,10.068999836221337,124371.0,124371.0,0.0,0.0,8.77,0.0002,1e-05,100.0,0.01,-0.013994089183187453,0.0,0.21786423670909003,-0.014444893789455213,0.0,0.2179930778672177,0.0,0.0,0.0,0.8019628951338879,0.0,0.802508279855537,-0.85026634895995,0.0,-0.7888822288103171,0.5355159217383935,0.0,0.32543409857853683,0.636946510966661,-2.26897314534434,-1.952747060924408,-0.17823456981225086,0.13552417512249082,0.06824317673713708,-0.09415,0.07263,0.040350000000000004,0.0003463815651104068,0.0,-0.00014342206306111377,0.00010442304115735397,0.0,1.4580904933445492e-05
1087,10.870204699924216,step,0.468854814478757,0.010361284937526532,3.647899953648448,10.05699997767806,124371.0,124371.0,0.0,0.0,8.77,0.0002,1e-05,100.0,0.01,-0.013994089183187453,0.0,0.21786423670909003,-0.014444893789455213,0.0,0.2179930778672177,0.0,0.0,0.0,0.8005677508430288,0.0,0.8030862206877372,-0.8489207669398904,0.0,-0.7893937618149194,0.5345786360449291,0.0,0.32567413101934145,0.636946510966661,-2.26897314534434,-1.952747060924408,-0.17837676292100507,0.13548795532618327,0.06832114124361699,-0.09953000000000001,0.07263,0.03228,0.0003341145429545547,0.0,-0.00012701612647237343,0.0001166900633132061,0.0,-1.8250316552948442e-06
1088,10.880212200107053,step,0.4665300455575253,0.011130459640528187,3.6714000161737204,10.007500182837248,124371.0,124371.0,0.0,0.0,8.77,0.0002,1e-05,100.0,0.01,-0.014100921340095107,0.0,0.21767790610850649,-0.014444893789455213,0.0,0.2179930778672177,0.0,0.0,0.0,0.8109995901719642,0.0,0.8241392652939525,-0.8480484065013028,0.0,-0.790604166372616,0.5424279760922113,0.0,0.33466612849079413,0.636946510966661,-2.2705071261322254,-1.952747060924408,-0.1767026832290871,0.13758081274480882,0.06863544564349079,-0.09684000000000001,0.07532,0.03228,0.00021661132869286328,0.0,-0.0003005493233084224,0.00012736112066724282,0.0,-1.4622435402785545e-05
1089,10.890046200016513,step,0.468854814478757,0.009516869525576076,4.398999968543649,9.833999909460545,124371.0,124371.0,0.0,0.0,8.77,0.0002,1e-05,100.0,0.01,-0.013994089183187453,0.0,0.21786423670909003,-0.014444893789455213,0.0,0.2179930778672177,0.0,0.0,0.0,0.7983500139536411,0.0,0.8048085167100639,-0.8466950008228803,0.0,-0.790871873254726,0.5330864085054241,0.0,0.3263838701847742,0.636946510966661,-2.26897314534434,-1.952747060924408,-0.1785946293731319,0.13547006515967264,0.06848255516671078,-0.09684000000000001,0.07263,0.03228,0.00033605719527834076,0.0,-6.647291746510859e-05,0.00011474741098942002,0.0,-6.236824066255969e-05
1090,10.900414899922907,step,0.468854814478757,0.008940490424195594,3.9464000146836042,10.368699906393886,124371.0,124371.0,0.0,0.0,8.77,0.0002,1e-05,100.0,0.01,-0.013994089183187453,0.0,0.21786423670909003,-0.014444893789455213,0.0,0.2179930778672177,0.0,0.0,0.0,0.7969964027277626,0.0,0.8050758650415546,-0.8453823921946223,0.0,-0.7911271313081969,0.5321778681040329,0.0,0.32649694015911207,0.636946510966661,-2.26897314534434,-1.952747060924408,-0.17873557052932618,0.1354204347940139,0.06854451473498441,-0.09415,0.07263,0.03497,0.0003259270898173683,0.0,-6.338181292517612e-05,0.0001248775164503925,0.0,-6.545934520249216e-05
1091,10.91006250004284,step,0.468854814478757,0.008490444601415629,3.774800105020404,9.647600119933486,124371.0,124371.0,0.0,0.0,8.77,0.0002,1e-05,100.0,0.01,-0.013994089183187453,0.0,0.21786423670909003,-0.014444893789455213,0.0,0.2179930778672177,0.0,0.0,0.0,0.7956837941035418,0.0,0.8053311230646529,-0.8441029047841944,0.0,-0.7913741148842491,0.5312968600084961,0.0,0.32660495480828095,0.636946510966661,-2.26897314534434,-1.952747060924408,-0.17887228296149216,0.13537211065229462,0.06860441127795441,-0.09953000000000001,0.07532,0.03766,0.0003177029307602344,0.0,-6.132722004289352e-05,0.00013310167550752638,0.0,-6.751393808477475e-05
1092,10.920467599993572,step,0.468854814478757,0.008144614275304116,4.43170010112226,10.4050999507308,124371.0,124371.0,0.0,0.0,8.77,0.0002,1e-05,100.0,0.01,-0.013994089183187453,0.0,0.21786423670909003,-0.014444893789455213,0.0,0.2179930778672177,0.0,0.0,0.0,0.7944043067079362,0.0,0.8055781066369996,-0.8428498078321628,0.0,-0.7916163356180231,0.5304380877732633,0.0,0.3267094951281177,0.636946510966661,-2.26897314534434,-1.952747060924408,-0.17900556434063988,0.13532491533384083,0.06866271092713136,-0.09953000000000001,0.07532,0.03766,0.0003111500519211757,0.0,-6.014458320083676e-05,0.0001396545543465851,0.0,-6.869657492683152e-05
1093,10.930048699956387,step,0.3708990025367693,0.005117595904391548,3.836899995803833,9.581099962815642,124371.0,124371.0,0.0,0.0,8.77,0.0002,1e-05,100.0,0.01,-0.014076837336835846,0.0,0.2180389092731313,-0.014444893789455213,0.0,0.2179930778672177,0.0,0.0,0.0,0.8022735554982453,0.0,0.7865640243749175,-0.8419523290038693,0.0,-0.7911493763760724,0.5344545011036621,0.0,0.3177459829913338,0.636946510966661,-2.26897314534434,-1.9512130801365222,-0.17854794882483666,0.13478346417442544,0.06751217222213189,-0.09415,0.06994,0.03228,0.00022284834670530432,0.0,0.00011594824498014853,0.0001452081059140633,0.0,-7.011683906654407e-05
1094,10.940053300000727,step,0.3708990025367693,0.005021012369220839,6.494099972769618,10.004600044339895,124371.0,124371.0,0.0,0.0,8.77,0.0002,1e-05,100.0,0.01,-0.014076837336835846,0.0,0.2180389092731313,-0.014444893789455213,0.0,0.2179930778672177,0.0,0.0,0.0,0.8013762358826677,0.0,0.7860967290704106,-0.8410073588265217,0.0,-0.7908158590035597,0.5338551357058798,0.0,0.3175588364907709,0.636946510966661,-2.26897314534434,-1.9512130801365222,-0.1786478517501146,0.13471882368201604,0.06752313379467767,-0.10222,0.07263,0.03228,0.00023464067905438948,0.0,8.281398147661935e-05,0.00013341577356497814,0.0,-3.6982575563014884e-05
1095,10.950205700006336,step,0.468854814478757,0.009894912644421775,3.9452998898923397,10.152400005608797,124371.0,124371.0,0.0,0.0,8.77,0.0002,1e-05,100.0,0.01,-0.013994089183187453,0.0,0.21786423670909003,-0.014444893789455213,0.0,0.2179930778672177,0.0,0.0,0.0,0.7913089199645483,0.0,0.8050195147280647,-0.8396868801113412,0.0,-0.7913009553771183,0.5283638319731824,0.0,0.3264902605642947,0.636946510966661,-2.26897314534434,-1.952747060924408,-0.17933975107998396,0.1351536447706464,0.0687498295898212,-0.10222,0.07532,0.03497,0.0003278812705777396,0.0,-0.00012045178274103048,0.00012292333569002118,0.0,-8.389375386637794e-06
1096,10.960032599978149,step,0.3708990025367693,0.004921726618969797,4.2906999588012695,9.826899971812963,124371.0,124371.0,0.0,0.0,8.77,0.0002,1e-05,100.0,0.01,-0.014076837336835846,0.0,0.2180389092731313,-0.014444893789455213,0.0,0.2179930778672177,0.0,0.0,0.0,0.799110627758299,0.0,0.7862486442194193,-0.8387303770163573,0.0,-0.7910374270995458,0.5323366752728227,0.0,0.3176295575221625,0.636946510966661,-2.26897314534434,-1.9512130801365222,-0.17888674263012166,0.13462125820224297,0.0676129679387184,-0.09953000000000001,0.06994,0.03497,0.00023750435844926683,0.0,6.543534968816487e-05,0.0001305520941701008,0.0,-1.960394377456041e-05
1097,10.97007180005312,step,0.468854814478757,0.010332851347172515,3.9291998837143183,10.039200074970722,124371.0,124371.0,0.0,0.0,8.77,0.0002,1e-05,100.0,0.01,-0.013994089183187453,0.0,0.21786423670909003,-0.014444893789455213,0.0,0.2179930778672177,0.0,0.0,0.0,0.7890319381382032,0.0,0.8052410828786181,-0.8373989726445107,0.0,-0.7915795826750609,0.5268361827918533,0.0,0.32658728606794923,0.636946510966661,-2.26897314534434,-1.952747060924408,-0.17957915398696017,0.13505889164094084,0.06884341376000774,-0.09415,0.07532,0.04304,0.000330594164127966,0.0,-0.0001346198593790925,0.00012021044213979476,0.0,5.778701251424236e-06
1098,10.98004429996945,step,0.3708990025367693,0.004910456814719847,4.732599947601557,9.97249991632998,124371.0,124371.0,0.0,0.0,8.77,0.0002,1e-05,100.0,0.01,-0.014076837336835846,0.0,0.2180389092731313,-0.014444893789455213,0.0,0.2179930778672177,0.0,0.0,0.0,0.7968227202865802,0.0,0.7865272715428925,-0.8364322032591777,0.0,-0.791361756325583,0.5308027855255048,0.0,0.3177520516164176,0.636946510966661,-2.26897314534434,-1.9512130801365222,-0.17912672957904352,0.13452890435727943,0.0677095305227416,-0.10491,0.07263,0.03766,0.0002400535281443916,0.0,5.408733924375308e-05,0.000128002924474976,0.0,-8.255933330148622e-06
1099,10.990422500064597,step,0.3708990025367693,0.005142779794462475,3.5290999803692102,10.378200095146894,124371.0,124371.0,0.0,0.0,8.77,0.0002,1e-05,100.0,0.01,-0.014076837336835846,0.0,0.2180389092731313,-0.014444893789455213,0.0,0.2179930778672177,0.0,0.0,0.0,0.7958561101069782,0.0,0.786309109131383,-0.8354263133342953,0.0,-0.7912323676942715,0.5301560354427544,0.0,0.3176667961245406,0.636946510966661,-2.26897314534434,-1.9512130801365222,-0.17923148782533269,0.13447333067868825,0.06773465046893502,-0.10222,0.07263,0.03497,0.00024976734788694074,0.0,3.2127824814605734e-05,0.00011828910473242688,0.0,1.3703581098998727e-05
1100,11.000107700005174,step,0.29643554788852927,0.00426082427260527,3.840399906039238,9.68519994057715,124371.0,124371.0,0.0,0.0,8.77,0.0002,1e-05,100.0,0.01,-0.014183937340638622,0.0,0.2178524515330089,-0.014444893789455213,0.0,0.2179930778672177,0.0,0.0,0.0,0.8066571695678881,0.0,0.806735248277879,-0.8348214252364317,0.0,-0.7919297020786124,0.5382153198287645,0.0,0.3263753406840121,0.636946510966661,-2.2705071261322254,-1.9512130801365222,-0.17752940504199377,0.13654861684124217,0.06800897774325605,-0.10222,0.07263,0.03497,0.0001501966489916223,0.0,-0.0001731515103777941,0.00011075979982496891,0.0,3.252517616898976e-05
1101,11.010216200025752,step,0.3708990025367693,0.006680482877407926,3.7010000087320805,10.108500020578504,124371.0,124371.0,0.0,0.0,8.77,0.0002,1e-05,100.0,0.01,-0.014076837336835846,0.0,0.2180389092731313,-0.014444893789455213,0.0,0.2179930778672177,0.0,0.0,0.0,0.7942455381184457,0.0,0.786877413668642,-0.8336743610574615,0.0,-0.7917870824978908,0.5290748161404888,0.0,0.31790483483888166,0.636946510966661,-2.26897314534434,-1.9512130801365222,-0.17939669585736961,0.13442666216927826,0.06781999571130758,-0.10222,0.07801000000000001,0.040350000000000004,0.0002848216000085548,0.0,3.5413133736020326e-05,8.32348526108128e-05,0.0,1.0418272177584135e-05
1102,11.02045870013535,step,0.4665300455575253,0.015232071314318831,3.4628999419510365,10.24250010959804,124371.0,124371.0,0.0,0.0,8.77,0.0002,1e-05,100.0,0.01,-0.014100921340095107,0.0,0.21767790610850649,-0.014444893789455213,0.0,0.2179930778672177,0.0,0.0,0.0,0.7957533434572374,0.0,0.8265322499405514,-0.8326176480865157,0.0,-0.7931762448209828,0.5321890460298336,0.0,0.3356788556817907,0.636946510966661,-2.2705071261322254,-1.952747060924408,-0.17829582263436,0.1369917581225762,0.06930564176214253,-0.09953000000000001,0.07263,0.03228,0.00026238695676541123,0.0,-0.00034493574360410526,8.158549259469486e-05,0.0,2.9763984892897306e-05
1103,11.030546800000593,step,0.468854814478757,0.012297639094437835,4.54079988412559,10.088099865242839,124371.0,124371.0,0.0,0.0,8.77,0.0002,1e-05,100.0,0.01,-0.013994089183187453,0.0,0.21786423670909003,-0.014444893789455213,0.0,0.2179930778672177,0.0,0.0,0.0,0.7829192554673959,0.0,0.8073805952151552,-0.8311054656908695,0.0,-0.7935919757690555,0.5227306886433462,0.0,0.3274785981766638,0.636946510966661,-2.26897314534434,-1.952747060924408,-0.1802061485876763,0.134880806107915,0.06916669237715788,-0.09953000000000001,0.07801000000000001,0.03766,0.00037548222438557366,0.0,-0.00010322801110347386,7.532238188218712e-05,0.0,-2.5613147024194414e-05
1104,11.040234999964014,step,0.3708990025367693,0.006743890281342653,3.749700030311942,9.68819996342063,124371.0,124371.0,0.0,0.0,8.77,0.0002,1e-05,100.0,0.01,-0.014076837336835846,0.0,0.2180389092731313,-0.014444893789455213,0.0,0.2179930778672177,0.0,0.0,0.0,0.7905292132552597,0.0,0.7885396646283862,-0.8299923359985544,0.0,-0.7932607351550679,0.5265785937708809,0.0,0.318597239008652,0.636946510966661,-2.26897314534434,-1.9512130801365222,-0.17977438851825345,0.1343362730667344,0.06803330428904494,-0.10222,0.07532,0.03228,0.0002763955023570616,0.0,8.224865129034678e-05,9.166095026230604e-05,0.0,-3.641724537674232e-05
1105,11.050337899941951,step,0.468854814478757,0.0117538235508287,4.315200028941035,10.10289997793734,124371.0,124371.0,0.0,0.0,8.77,0.0002,1e-05,100.0,0.01,-0.013994089183187453,0.0,0.21786423670909003,-0.014444893789455213,0.0,0.2179930778672177,0.0,0.0,0.0,0.7802938970503269,0.0,0.8074643909038544,-0.8285351438000117,0.0,-0.7937375533664147,0.5209698032399536,0.0,0.3275203591139042,0.636946510966661,-2.26897314534434,-1.952747060924408,-0.18048392432300342,0.13476307784955155,0.06926658784931769,-0.09953000000000001,0.07532,0.03497,0.0003618278916891647,0.0,-0.00011839627490673997,8.897671457859611e-05,0.0,-1.0444883220928303e-05
1106,11.060525800101459,step,0.3708990025367693,0.006070471873841467,3.3279999624937773,10.18790015950799,124371.0,124371.0,0.0,0.0,8.77,0.0002,1e-05,100.0,0.01,-0.014076837336835846,0.0,0.2180389092731313,-0.014444893789455213,0.0,0.2179930778672177,0.0,0.0,0.0,0.7879588913858075,0.0,0.7886852422050168,-0.8274695171582809,0.0,-0.7934573137632147,0.524856010908004,0.0,0.31866655221663653,0.636946510966661,-2.26897314534434,-1.9512130801365222,-0.18004567745722538,0.1342242660212068,0.0681339712980425,-0.09953000000000001,0.07801000000000001,0.03497,0.0002646002644612544,0.0,6.958485290758793e-05,0.0001034561881581132,0.0,-2.3753446993983468e-05
1107,11.070116000017151,step,0.4665300455575253,0.012947825788655668,3.7642999086529016,9.59019991569221,124371.0,124371.0,0.0,0.0,8.77,0.0002,1e-05,100.0,0.01,-0.014100921340095107,0.0,0.21767790610850649,-0.014444893789455213,0.0,0.2179930778672177,0.0,0.0,0.0,0.7895484995692121,0.0,0.8282024811427382,-0.8264856480853722,0.0,-0.7947307213197751,0.528020434224689,0.0,0.3363753779659513,0.636946510966661,-2.2705071261322254,-1.952747060924408,-0.17893702504770836,0.13678647166073407,0.06961082804075205,-0.10491,0.07532,0.03228,0.000244299463519456,0.0,-0.00031619327355173664,9.967298584065008e-05,0.0,1.0215148405286916e-06
1108,11.08051749994047,step,0.4665300455575253,0.010916754456855873,4.279999993741512,10.401499923318624,124371.0,124371.0,0.0,0.0,8.77,0.0002,1e-05,100.0,0.01,-0.014100921340095107,0.0,0.21767790610850649,-0.014444893789455213,0.0,0.2179930778672177,0.0,0.0,0.0,0.788564676836746,0.0,0.8294765832700782,-0.8254708452310232,0.0,-0.7958047446240736,0.5273571206224754,0.0,0.3368979752141855,0.636946510966661,-2.2705071261322254,-1.952747060924408,-0.17902830633472214,0.1368038449219873,0.06970622564884695,-0.09953000000000001,0.07532,0.03766,0.0002519804715098219,0.0,-0.00026668519650874733,9.199197785028418e-05,0.0,-4.848656220246062e-05
1109,11.090412399964407,step,0.4665300455575253,0.009544193819417453,3.443400142714381,9.894900023937225,124371.0,124371.0,0.0,0.0,8.77,0.0002,1e-05,100.0,0.01,-0.014100921340095107,0.0,0.21767790610850649,-0.014444893789455213,0.0,0.2179930778672177,0.0,0.0,0.0,0.7875498739717692,0.0,0.8305506065332295,-0.8244311866295662,0.0,-0.7967146615193448,0.5266734788922538,0.0,0.3373389381940412,0.636946510966661,-2.2705071261322254,-1.952747060924408,-0.1791249338120781,0.1368098839862101,0.06979343970829495,-0.09953000000000001,0.07263,0.03766,0.00025815227409115504,0.0,-0.00022593677907250647,8.582017526895106e-05,0.0,-8.923497963870148e-05
1110,11.100103999953717,step,0.468854814478757,0.0111301852952124,4.320999840274453,9.691599989309907,124371.0,124371.0,0.0,0.0,8.77,0.0002,1e-05,100.0,0.01,-0.013994089183187453,0.0,0.21786423670909003,-0.014444893789455213,0.0,0.2179930778672177,0.0,0.0,0.0,0.774732794021275,0.0,0.8109190117471579,-0.8229393635086961,0.0,-0.7967370408642883,0.5172304383403903,0.0,0.32894716570910604,0.636946510966661,-2.26897314534434,-1.952747060924408,-0.18103901745322254,0.13467554221614325,0.06963103818540164,-0.10222,0.07801000000000001,0.03497,0.0003704269176964903,0.0,-5.556899910951217e-06,8.03776885712705e-05,0.0,-0.00012328425821671706
1111,11.110027299961075,step,0.468854814478757,0.010177174529851923,4.033900098875165,9.923300007358193,124371.0,124371.0,0.0,0.0,8.77,0.0002,1e-05,100.0,0.01,-0.013994089183187453,0.0,0.21786423670909003,-0.014444893789455213,0.0,0.2179930778672177,0.0,0.0,0.0,0.7732407653516603,0.0,0.8109410325413637,-0.8215138730389799,0.0,-0.7967954517084768,0.5162297755487955,0.0,0.3289604436262456,0.636946510966661,-2.26897314534434,-1.952747060924408,-0.1811971415050623,0.13460737124624297,0.06968661612255428,-0.09953000000000001,0.07532,0.03766,0.00035395619863749474,0.0,-1.4503695961047032e-05,9.684840763026604e-05,0.0,-0.00011433746216662124
1112,11.120504999998957,step,0.4665300455575253,0.007979930457224707,4.408400040119886,10.477700037881732,124371.0,124371.0,0.0,0.0,8.77,0.0002,1e-05,100.0,0.01,-0.014100921340095107,0.0,0.21767790610850649,-0.014444893789455213,0.0,0.2179930778672177,0.0,0.0,0.0,0.7835926962352968,0.0,0.8315409549847775,-0.8205765540603444,0.0,-0.7976424577437177,0.5240150951128014,0.0,0.3377525822727986,0.636946510966661,-2.2705071261322254,-1.952747060924408,-0.17953463490037114,0.1366752587867757,0.06998458784258069,-0.10222,0.07263,0.04304,0.0002327408492984716,0.0,-0.00021031570734849917,0.00011123160006163449,0.0,-0.00010485605136270878
1113,11.130114800063893,step,0.29643554788852927,0.0020299905252956735,3.8185000885277987,9.60980006493628,124371.0,124371.0,0.0,0.0,8.77,0.0002,1e-05,100.0,0.01,-0.014183937340638622,0.0,0.2178524515330089,-0.014444893789455213,0.0,0.2179930778672177,0.0,0.0,0.0,0.7918074566064399,0.0,0.8131460326863453,-0.8199400972928715,0.0,-0.7976728038834591,0.5282367130168778,0.0,0.32903952780878337,0.636946510966661,-2.2705071261322254,-1.9512130801365222,-0.17903978298473824,0.13617683610780504,0.06885138672937254,-0.10222,0.07801000000000001,0.04304,0.00015803530279415948,0.0,-7.535093705910627e-06,0.00010292114602243174,0.0,-0.0001330912405028937
1114,11.140517800115049,step,0.468854814478757,0.011216088309577463,4.702999955043197,10.403000051155686,124371.0,124371.0,0.0,0.0,8.77,0.0002,1e-05,100.0,0.01,-0.013994089183187453,0.0,0.21786423670909003,-0.014444893789455213,0.0,0.2179930778672177,0.0,0.0,0.0,0.7702418644334221,0.0,0.8118768182168519,-0.8184426419474049,0.0,-0.7977018753514139,0.5142159344933227,0.0,0.329351222375065,0.636946510966661,-2.26897314534434,-1.952747060924408,-0.18150590396902766,0.13451437872400587,0.0698399067686828,-0.09684000000000001,0.07263,0.040350000000000004,0.0003718254263855507,0.0,-7.218586517912604e-06,7.897917988221006e-05,0.0,-0.00012162257160975567
1115,11.150561399990693,step,0.468854814478757,0.01023216958233887,4.940799903124571,10.04359987564385,124371.0,124371.0,0.0,0.0,8.77,0.0002,1e-05,100.0,0.01,-0.013994089183187453,0.0,0.21786423670909003,-0.014444893789455213,0.0,0.2179930778672177,0.0,0.0,0.0,0.7687440437988938,0.0,0.8119058670082321,-0.8170143880970728,0.0,-0.7977826519289549,0.5132113672518095,0.0,0.3293673870966331,0.636946510966661,-2.26897314534434,-1.952747060924408,-0.18166457130624675,0.13444628597192404,0.06989602426361094,-0.09953000000000001,0.06994,0.03766,0.0003546423594495076,0.0,-2.0057216047927623e-05,9.616224681825318e-05,0.0,-0.00010878394207974065
1116,11.160899300128222,step,0.3708990025367693,0.007041464186393978,4.8565000761300325,10.337900137528777,124371.0,124371.0,0.0,0.0,8.77,0.0002,1e-05,100.0,0.01,-0.014076837336835846,0.0,0.2180389092731313,-0.014444893789455213,0.0,0.2179930778672177,0.0,0.0,0.0,0.7764381356847926,0.0,0.7927303406136131,-0.8159791461418122,0.0,-0.7972025080404694,0.5171219025043633,0.0,0.32036109282096936,0.636946510966661,-2.26897314534434,-1.9512130801365222,-0.1812276463080706,0.13388944566766262,0.06874352531509748,-0.10222,0.07263,0.03766,0.00025705559941558456,0.0,0.00014405254176968953,0.00011100085320378306,0.0,-9.822113585608507e-05
1117,11.170430100057274,step,0.29643554788852927,0.0025107806786869935,5.1478000823408365,9.530799929052591,124371.0,124371.0,0.0,0.0,8.77,0.0002,1e-05,100.0,0.01,-0.014183937340638622,0.0,0.2178524515330089,-0.014444893789455213,0.0,0.2179930778672177,0.0,0.0,0.0,0.7872100023512493,0.0,0.8127053884456609,-0.815362544353732,0.0,-0.7975517334271092,0.5251554043249768,0.0,0.3288750674373805,0.636946510966661,-2.2705071261322254,-1.9512130801365222,-0.17953202199009569,0.13594199231996998,0.06899915200466063,-0.10222,0.07532,0.03228,0.0001531052150951406,0.0,-8.671435758340078e-05,0.00010785123372145062,0.0,-5.391197662540355e-05
1118,11.180560200009495,step,0.3708990025367693,0.007355753126446189,4.633900010958314,10.130099952220917,124371.0,124371.0,0.0,0.0,8.77,0.0002,1e-05,100.0,0.01,-0.014076837336835846,0.0,0.2180389092731313,-0.014444893789455213,0.0,0.2179930778672177,0.0,0.0,0.0,0.7747866572304979,0.0,0.7924994448613859,-0.8142182494181157,0.0,-0.7971495646495889,0.5160163652570804,0.0,0.32027328942432287,0.636946510966661,-2.26897314534434,-1.9512130801365222,-0.18140520661231394,0.1338014878961582,0.06879306349927691,-0.10222,0.07263,0.02959,0.0002841339834502842,0.0,9.986045836570166e-05,8.392246916908341e-05,0.0,-5.40290524520972e-05
1119,11.190455900039524,step,0.4665300455575253,0.012696234773734898,4.827399970963597,9.89570003002882,124371.0,124371.0,0.0,0.0,8.77,0.0002,1e-05,100.0,0.01,-0.014100921340095107,0.0,0.21767790610850649,-0.014444893789455213,0.0,0.2179930778672177,0.0,0.0,0.0,0.7762972318191294,0.0,0.8318947319761187,-0.8131760084713978,0.0,-0.7983549611668112,0.5191175187240431,0.0,0.33791404238985556,0.636946510966661,-2.2705071261322254,-1.952747060924408,-0.1803051090207249,0.1363542505741594,0.07026842752805679,-0.10222,0.07532,0.03228,0.0002587934829463002,0.0,-0.0002993058025648059,8.51789664138059e-05,0.0,-1.586595614640207e-05
1120,11.200243999948725,step,0.29643554788852927,0.003180998995723849,3.7670000456273556,9.788099909201264,124371.0,124371.0,0.0,0.0,8.77,0.0002,1e-05,100.0,0.01,-0.014183937340638622,0.0,0.2178524515330089,-0.014444893789455213,0.0,0.2179930778672177,0.0,0.0,0.0,0.7844069109815651,0.0,0.8138585362465245,-0.8124563588666491,0.0,-0.7986989150089613,0.5232719917519495,0.0,0.3293547298104265,0.636946510966661,-2.2705071261322254,-1.9512130801365222,-0.17981770553875082,0.1358690005592537,0.06915551289690955,-0.10222,0.07263,0.03766,0.00017869248785544706,0.0,-8.540540751456751e-05,8.226396096114416e-05,0.0,-5.522092669423681e-05
1121,11.210257699945942,step,0.468854814478757,0.012650133309361915,3.8117000367492437,10.013699997216463,124371.0,124371.0,0.0,0.0,8.77,0.0002,1e-05,100.0,0.01,-0.013994089183187453,0.0,0.21786423670909003,-0.014444893789455213,0.0,0.2179930778672177,0.0,0.0,0.0,0.7627581259699763,0.0,0.8129029294826676,-0.8108946030112255,0.0,-0.7990004864099965,0.5091941663387772,0.0,0.3297917688844479,0.636946510966661,-2.26897314534434,-1.952747060924408,-0.1822897208445315,0.13421766528387513,0.07016138286245711,-0.09953000000000001,0.07532,0.03766,0.0003877915549275289,0.0,-7.488164178990838e-05,6.301305134023187e-05,0.0,-5.395951633775989e-05
1122,11.220553799998015,step,0.468854814478757,0.01139516313742045,4.784500226378441,10.296100052073598,124371.0,124371.0,0.0,0.0,8.77,0.0002,1e-05,100.0,0.01,-0.013994089183187453,0.0,0.21786423670909003,-0.014444893789455213,0.0,0.2179930778672177,0.0,0.0,0.0,0.7611960048339471,0.0,0.813204478188731,-0.8094183518415405,0.0,-0.7993162634064478,0.5081456946683175,0.0,0.32991940478576687,0.636946510966661,-2.26897314534434,-1.952747060924408,-0.18245244348133946,0.13416004507199494,0.07023256102182893,-0.09953000000000001,0.06994,0.03497,0.00036656032667822705,0.0,-7.840896004258896e-05,8.424427958953374e-05,0.0,-5.043219808507931e-05
1123,11.230468400055543,step,0.29643554788852927,0.0027263977193361364,5.099399946630001,9.914600057527423,124371.0,124371.0,0.0,0.0,8.77,0.0002,1e-05,100.0,0.01,-0.014183937340638622,0.0,0.2178524515330089,-0.014444893789455213,0.0,0.2179930778672177,0.0,0.0,0.0,0.7806490488000624,0.0,0.8148194799577371,-0.8087827691850434,0.0,-0.7996921812573505,0.5207490065631232,0.0,0.3297591666157007,0.636946510966661,-2.2705071261322254,-1.9512130801365222,-0.18020663668060616,0.13574226671995676,0.0693378676360652,-0.10222,0.07532,0.04304,0.0001578182567986031,0.0,-9.334222594417717e-05,0.00010313819201798811,0.0,-4.728410826462715e-05
1124,11.24052989995107,step,0.3708990025367693,0.007370366833469148,4.401100100949407,10.061499895527959,124371.0,124371.0,0.0,0.0,8.77,0.0002,1e-05,100.0,0.01,-0.014076837336835846,0.0,0.2180389092731313,-0.014444893789455213,0.0,0.2179930778672177,0.0,0.0,0.0,0.7682068820423004,0.0,0.7946398927268272,-0.8076287792751602,0.0,-0.7993148476455672,0.5115998896812521,0.0,0.32117181743546164,0.636946510966661,-2.26897314534434,-1.9512130801365222,-0.1820819590641666,0.1336018945203463,0.06913326895350841,-0.09684000000000001,0.06994,0.03497,0.00028654129259077823,0.0,9.369376623863584e-05,8.151516002858939e-05,0.0,-4.786236032503138e-05
1125,11.2502083000727,step,0.4665300455575253,0.012996537567922142,3.700000001117587,9.678400121629238,124371.0,124371.0,0.0,0.0,8.77,0.0002,1e-05,100.0,0.01,-0.014100921340095107,0.0,0.21767790610850649,-0.014444893789455213,0.0,0.2179930778672177,0.0,0.0,0.0,0.7697077616718309,0.0,0.8340600149832106,-0.8065845219474217,0.0,-0.8005431937478725,0.5146895910763314,0.0,0.33881362509920765,0.636946510966661,-2.2705071261322254,-1.952747060924408,-0.1809820294068826,0.13615560487126382,0.07061076708001743,-0.10491,0.06994,0.040350000000000004,0.00025929416013512345,0.0,-0.00030500429586861666,8.467828922498265e-05,0.0,-1.0167462842591293e-05
1126,11.260260300012305,step,0.468854814478757,0.011517635879343626,3.633399959653616,10.051999939605594,124371.0,124371.0,0.0,0.0,8.77,0.0002,1e-05,100.0,0.01,-0.013994089183187453,0.0,0.21786423670909003,-0.014444893789455213,0.0,0.2179930778672177,0.0,0.0,0.0,0.7568861293338693,0.0,0.8147475440700884,-0.805100322445964,0.0,-0.8008604933156964,0.5052509304148555,0.0,0.3305619561930549,0.636946510966661,-2.26897314534434,-1.952747060924408,-0.18289416807421846,0.1340361887397955,0.07046210722596495,-0.10491,0.06994,0.03766,0.0003685339360145034,0.0,-7.878702190034779e-05,8.227067025325737e-05,0.0,-5.0054136227320486e-05
1127,11.270118799991906,step,0.468854814478757,0.010457037858080002,3.6820999812334776,9.85849997960031,124371.0,124371.0,0.0,0.0,8.77,0.0002,1e-05,100.0,0.01,-0.013994089183187453,0.0,0.21786423670909003,-0.014444893789455213,0.0,0.2179930778672177,0.0,0.0,0.0,0.7554017242923332,0.0,0.8150644851247059,-0.8036922509734112,0.0,-0.8011902542894324,0.5042545333039816,0.0,0.33069565500563214,0.636946510966661,-2.26897314534434,-1.952747060924408,-0.18304848636328913,0.13398293617550291,0.07053116188409872,-0.10222,0.06994,0.03497,0.00034963097714283314,0.0,-8.188124943816874e-05,0.00010117362912492764,0.0,-4.6959908689499536e-05
1128,11.280239500105381,step,0.26786828247708,0.0019163419024130165,3.598500043153763,10.120700113475323,124371.0,124371.0,0.0,0.0,8.77,0.0002,1e-05,100.0,0.01,-0.014236986201213928,0.0,0.2178241759681493,-0.014444893789455213,0.0,0.2179930778672177,0.0,0.0,0.0,0.7807711756925146,0.0,0.8198106337926522,-0.80333102410257,0.0,-0.8016930301125035,0.521590617635009,0.0,0.3328684571033853,0.6354125301787753,-2.26897314534434,-1.952747060924408,-0.17916241766638985,0.13570203732087732,0.06973882992245548,-0.10222,0.07532,0.040350000000000004,8.969438432944251e-05,0.0,-0.00012484167581739962,0.00011821320391184326,0.0,-4.406022325100252e-05
1129,11.290047199930996,step,0.468854814478757,0.011429711325164557,3.8123000413179398,9.80769982561469,124371.0,124371.0,0.0,0.0,8.77,0.0002,1e-05,100.0,0.01,-0.013994089183187453,0.0,0.21786423670909003,-0.014444893789455213,0.0,0.2179930778672177,0.0,0.0,0.0,0.7536328933194159,0.0,0.8158970989820744,-0.8018531998162353,0.0,-0.8020123694989751,0.5030659106469751,0.0,0.33104076678262206,0.636946510966661,-2.26897314534434,-1.952747060924408,-0.1832277508167956,0.13394194715237492,0.0706346672203397,-0.09953000000000001,0.07263,0.03497,0.0003669509391734999,0.0,-7.92935187656834e-05,8.38536670942609e-05,0.0,-4.954763936198487e-05
1130,11.300528400111943,step,0.468854814478757,0.010389502027653647,4.266000119969249,10.48120018094778,124371.0,124371.0,0.0,0.0,8.77,0.0002,1e-05,100.0,0.01,-0.013994089183187453,0.0,0.21786423670909003,-0.014444893789455213,0.0,0.2179930778672177,0.0,0.0,0.0,0.752154601683572,0.0,0.8162163612894265,-0.800450640724598,0.0,-0.8023451282704546,0.5020736067046617,0.0,0.33117539601745816,0.636946510966661,-2.26897314534434,-1.952747060924408,-0.18338139670887227,0.1338890930003581,0.07070360662912484,-0.09953000000000001,0.07263,0.040350000000000004,0.0003482622262211447,0.0,-8.262561716008942e-05,0.0001025423800466161,0.0,-4.6215540967578856e-05
1131,11.310194400139153,step,0.3708990025367693,0.005709409004355592,4.364800173789263,9.66600002720952,124371.0,124371.0,0.0,0.0,8.77,0.0002,1e-05,100.0,0.01,-0.014076837336835846,0.0,0.2180389092731313,-0.014444893789455213,0.0,0.2179930778672177,0.0,0.0,0.0,0.7598743883238133,0.0,0.7972928170678529,-0.7994456184311328,0.0,-0.8019820690597065,0.5060071775911718,0.0,0.32228616066182614,0.636946510966661,-2.26897314534434,-1.9512130801365222,-0.18293956299177883,0.13334628972321275,0.06956140542068609,-0.10222,0.07263,0.03497,0.0002495519107972145,0.0,9.014936321693847e-05,0.00011850454182215313,0.0,-4.4317957303334005e-05
1132,11.32050559995696,step,0.468854814478757,0.010324749958857037,4.462399985641241,10.311199817806482,124371.0,124371.0,0.0,0.0,8.77,0.0002,1e-05,100.0,0.01,-0.013994089183187453,0.0,0.21786423670909003,-0.014444893789455213,0.0,0.2179930778672177,0.0,0.0,0.0,0.7497471795312688,0.0,0.816185724794245,-0.7980936528295807,0.0,-0.8024690382620091,0.5004592045793242,0.0,0.33116979800574436,0.636946510966661,-2.26897314534434,-1.952747060924408,-0.18363720578442194,0.13377582993275558,0.07079019675551049,-0.10222,0.06725,0.03497,0.0003356996172056689,0.0,-0.0001209168152031769,0.00011510498906209187,0.0,-7.924342924491376e-06
1133,11.330145300133154,step,0.3708990025367693,0.0049287651353927325,4.1998999658972025,9.63970017619431,124371.0,124371.0,0.0,0.0,8.77,0.0002,1e-05,100.0,0.01,-0.014076837336835846,0.0,0.2180389092731313,-0.014444893789455213,0.0,0.2179930778672177,0.0,0.0,0.0,0.7575174004624438,0.0,0.7974167271051471,-0.7971293091134526,0.0,-0.8022328302514701,0.5044276043243003,0.0,0.32234581124916023,0.636946510966661,-2.26897314534434,-1.9512130801365222,-0.18318843131597068,0.13324310671319145,0.06965326982527412,-0.10222,0.07532,0.03766,0.0002394512227139752,0.0,5.865159485407204e-05,0.00012860522990539242,0.0,-1.2820188940467576e-05
1134,11.34057360002771,step,0.3708990025367693,0.004918943191474274,4.327599890530109,10.428299894556403,124371.0,124371.0,0.0,0.0,8.77,0.0002,1e-05,100.0,0.01,-0.014076837336835846,0.0,0.2180389092731313,-0.014444893789455213,0.0,0.2179930778672177,0.0,0.0,0.0,0.7565532159623333,0.0,0.7971801830490425,-0.7961444492654456,0.0,-0.8021151879203201,0.5037825503780919,0.0,0.32225304836599705,0.636946510966661,-2.26897314534434,-1.9512130801365222,-0.18329311642764395,0.13318673948132007,0.06967744325609011,-0.09953000000000001,0.07532,0.04573,0.00024454547778259526,0.0,2.9211161503586304e-05,0.00012351097483677236,0.0,1.6620244410018158e-05
1135,11.350307899992913,step,0.3708990025367693,0.005030339638602108,3.7242998369038105,9.734299965202808,124371.0,124371.0,0.0,0.0,8.77,0.0002,1e-05,100.0,0.01,-0.014076837336835846,0.0,0.2180389092731313,-0.014444893789455213,0.0,0.2179930778672177,0.0,0.0,0.0,0.7555683561161624,0.0,0.7970625407476847,-0.795141655257998,0.0,-0.8020934599119559,0.5031231853154274,0.0,0.3222088663386522,0.636946510966661,-2.26897314534434,-1.9512130801365222,-0.1833988035730356,0.13313527421252333,0.06970792128034274,-0.10491,0.06725,0.040350000000000004,0.00024899861656971423,0.0,5.395169878687938e-06,0.00011905783604965339,0.0,4.0436236034916524e-05
1136,11.360208000056446,step,0.4665300455575253,0.015734522457269563,3.8700001314282417,9.90010006353259,124371.0,124371.0,0.0,0.0,8.77,0.0002,1e-05,100.0,0.01,-0.014100921340095107,0.0,0.21767790610850649,-0.014444893789455213,0.0,0.2179930778672177,0.0,0.0,0.0,0.7572206377080558,0.0,0.8368386273838793,-0.7942208232612243,0.0,-0.8036096963464119,0.5063017002009516,0.0,0.33997740673000193,0.636946510966661,-2.2705071261322254,-1.952747060924408,-0.18227843264938146,0.1357136475067928,0.0711978086962604,-0.09953000000000001,0.07263,0.040350000000000004,0.00022864705172434736,0.0,-0.00037648886188806506,0.00011532539763575874,0.0,6.131710317685711e-05
1137,11.370278000133112,step,0.468854814478757,0.011083536634869386,3.6754999309778214,10.070000076666474,124371.0,124371.0,0.0,0.0,8.77,0.0002,1e-05,100.0,0.01,-0.013994089183187453,0.0,0.21786423670909003,-0.014444893789455213,0.0,0.2179930778672177,0.0,0.0,0.0,0.7445224307028947,0.0,0.8178140467974256,-0.7928356427979537,0.0,-0.8041555739985898,0.4969506537623244,0.0,0.33184979459050995,0.636946510966661,-2.26897314534434,-1.952747060924408,-0.1841751588646594,0.133613716449079,0.07105716858649962,-0.10222,0.06994,0.040350000000000004,0.00034394702849456537,0.0,-0.00013554406907015278,0.00010685757777319541,0.0,6.702910942484508e-06
1138,11.38051429996267,step,0.3708990025367693,0.00515397836406338,4.343099892139435,10.236299829557538,124371.0,124371.0,0.0,0.0,8.77,0.0002,1e-05,100.0,0.01,-0.014076837336835846,0.0,0.2180389092731313,-0.014444893789455213,0.0,0.2179930778672177,0.0,0.0,0.0,0.7522593904191648,0.0,0.7991032629161454,-0.7918403743892383,0.0,-0.8039549837011531,0.5008984161905372,0.0,0.32305407801380936,0.636946510966661,-2.26897314534434,-1.9512130801365222,-0.18372947559611913,0.13308242863295508,0.06992401678252655,-0.09953000000000001,0.07801000000000001,0.03766,0.00024712997389807147,0.0,4.9807543910399846e-05,0.00012092647872129615,0.0,-3.976137996795384e-06
1139,11.390207699965686,step,0.3708990025367693,0.0051869213073940535,3.7867999635636806,9.693400003015995,124371.0,124371.0,0.0,0.0,8.77,0.0002,1e-05,100.0,0.01,-0.014076837336835846,0.0,0.2180389092731313,-0.014444893789455213,0.0,0.2179930778672177,0.0,0.0,0.0,0.7512642812242807,0.0,0.7989023365146694,-0.7908269194945994,0.0,-0.8038535271192508,0.5002325062289503,0.0,0.32297596333933487,0.636946510966661,-2.26897314534434,-1.9512130801365222,-0.18383708521876707,0.13302638305214434,0.06995098201600489,-0.09953000000000001,0.07263,0.03497,0.00025164576657490375,0.0,2.5192161448860474e-05,0.00011641068604446386,0.0,2.0639244464743987e-05
1140,11.400528599973768,step,0.3708990025367693,0.005297174700035773,4.395299823954701,10.32090000808239,124371.0,124371.0,0.0,0.0,8.77,0.0002,1e-05,100.0,0.01,-0.014076837336835846,0.0,0.2180389092731313,-0.014444893789455213,0.0,0.2179930778672177,0.0,0.0,0.0,0.7502508263325229,0.0,0.7988008799538537,-0.7897978565126319,0.0,-0.8038319790531808,0.4995539210086315,0.0,0.32293849408713715,0.636946510966661,-2.26897314534434,-1.9512130801365222,-0.18394564445904377,0.1329743896606746,0.0699832598155605,-0.09953000000000001,0.06994,0.040350000000000004,0.0002555213303729079,0.0,5.350489334135882e-06,0.00011253512224645973,0.0,4.048091657946858e-05
1141,11.410184300038964,step,0.29643554788852927,0.005025153356140902,3.7398000713437796,9.65570006519556,124371.0,124371.0,0.0,0.0,8.77,0.0002,1e-05,100.0,0.01,-0.014183937340638622,0.0,0.2178524515330089,-0.014444893789455213,0.0,0.2179930778672177,0.0,0.0,0.0,0.761028712735853,0.0,0.8193348596850334,-0.7891892170177625,0.0,-0.8046285897714827,0.507577806949458,0.0,0.3316660942605812,0.636946510966661,-2.2705071261322254,-1.9512130801365222,-0.18224239755505084,0.13505579552257416,0.0702665778715351,-0.09953000000000001,0.07532,0.04573,0.00015112813906606747,0.0,-0.00019780230568650068,0.00010982830975052375,0.0,5.717597147769635e-05
1142,11.420031900051981,step,0.468854814478757,0.012954544951033924,3.9562000893056393,9.847600013017654,124371.0,124371.0,0.0,0.0,8.77,0.0002,1e-05,100.0,0.01,-0.013994089183187453,0.0,0.21786423670909003,-0.014444893789455213,0.0,0.2179930778672177,0.0,0.0,0.0,0.739490984167552,0.0,0.8188326043996506,-0.7877191197557815,0.0,-0.8052841224026481,0.4935734884367145,0.0,0.3322802137358588,0.636946510966661,-2.26897314534434,-1.952747060924408,-0.18469879272005987,0.13343046287964253,0.07128863280885261,-0.10222,0.07263,0.04304,0.000365032281542922,0.0,-0.000162771932285443,8.577232472483878e-05,0.0,3.393077415777472e-05
1143,11.430126799969003,step,0.468854814478757,0.011530609767381399,3.8865001406520605,10.094899917021394,124371.0,124371.0,0.0,0.0,8.77,0.0002,1e-05,100.0,0.01,-0.013994089183187453,0.0,0.21786423670909003,-0.014444893789455213,0.0,0.2179930778672177,0.0,0.0,0.0,0.7380205216195177,0.0,0.8194881143397513,-0.7863174336790798,0.0,-0.8058684152195276,0.49258546927828595,0.0,0.3325521410042652,0.636946510966661,-2.26897314534434,-1.952747060924408,-0.18484819111827544,0.13339457760697834,0.07137296898741198,-0.10222,0.07532,0.04304,0.00034804545237768073,0.0,-0.00014508274081623642,0.00010275915389008005,0.0,1.624158268856814e-05
1144,11.440514600137249,step,0.3708990025367693,0.005267004034384857,4.495499888435006,10.38780016824603,124371.0,124371.0,0.0,0.0,8.77,0.0002,1e-05,100.0,0.01,-0.014076837336835846,0.0,0.2180389092731313,-0.014444893789455213,0.0,0.2179930778672177,0.0,0.0,0.0,0.7457411812786844,0.0,0.8008161041294716,-0.7853077127346996,0.0,-0.8056843923368285,0.4965248397292829,0.0,0.3237779439941254,0.636946510966661,-2.26897314534434,-1.9512130801365222,-0.1844039815025059,0.13286461331828275,0.07024201607950326,-0.10491,0.07532,0.03497,0.00025071860861241083,0.0,4.569377446307701e-05,0.00011733784400695679,0.0,1.3763145052745474e-07
1145,11.450216599972919,step,0.468854814478757,0.011090080984697184,3.709200071170926,9.701999835669994,124371.0,124371.0,0.0,0.0,8.77,0.0002,1e-05,100.0,0.01,-0.013994089183187453,0.0,0.21786423670909003,-0.014444893789455213,0.0,0.2179930778672177,0.0,0.0,0.0,0.7356092738327389,0.0,0.8198880481514808,-0.7839466018596177,0.0,-0.806288870113652,0.4909672650508091,0.0,0.3327223950303602,0.636946510966661,-2.26897314534434,-1.952747060924408,-0.18510003119727142,0.1333024005076044,0.07147978132648276,-0.1076,0.07263,0.03766,0.0003379704329865102,0.0,-0.00015009476428691013,0.00011283417328125059,0.0,2.1253606159241854e-05
1146,11.460096599999815,step,0.468854814478757,0.010048862261519638,3.836299991235137,9.880000026896596,124371.0,124371.0,0.0,0.0,8.77,0.0002,1e-05,100.0,0.01,-0.013994089183187453,0.0,0.21786423670909003,-0.014444893789455213,0.0,0.2179930778672177,0.0,0.0,0.0,0.7342480037578538,0.0,0.8204928620030874,-0.7826345573517521,0.0,-0.8068258167233663,0.4900526192569024,0.0,0.33297330489095145,0.636946510966661,-2.26897314534434,-1.952747060924408,-0.18523835620699258,0.1332690802318738,0.07155776073108773,-0.10222,0.07532,0.03497,0.0003257870159874006,0.0,-0.00013332644790225155,0.00012501759028036018,0.0,4.485289774583271e-06
1147,11.470026799943298,step,0.4665300455575253,0.011141531562227802,3.862600075080991,9.930199943482876,124371.0,124371.0,0.0,0.0,8.77,0.0002,1e-05,100.0,0.01,-0.014100921340095107,0.0,0.21767790610850649,-0.014444893789455213,0.0,0.2179930778672177,0.0,0.0,0.0,0.7447133805988299,0.0,0.8415713202137663,-0.7817949490485613,0.0,-0.8080600631370368,0.49789574568328016,0.0,0.34193922503355173,0.636946510966661,-2.2705071261322254,-1.952747060924408,-0.1835568636685608,0.13536741286526746,0.07187660165641839,-0.1076,0.07532,0.03228,0.00020847881459431662,0.0,-0.0003064693718027887,0.00013549363476578948,0.0,-8.702386908419229e-06
1148,11.480494500137866,step,0.3708990025367693,0.005739129928883721,4.458700073882937,10.467700194567442,124371.0,124371.0,0.0,0.0,8.77,0.0002,1e-05,100.0,0.01,-0.014076837336835846,0.0,0.2180389092731313,-0.014444893789455213,0.0,0.2179930778672177,0.0,0.0,0.0,0.7412189022460921,0.0,0.8030081104914324,-0.7808082474583632,0.0,-0.8076426353496565,0.493486611118869,0.0,0.32468955357638657,0.636946510966661,-2.26897314534434,-1.9512130801365222,-0.18486188705774315,0.1327629647260814,0.07050948470282774,-0.09953000000000001,0.07532,0.040350000000000004,0.000245002791302877,0.0,0.00010364934453486965,0.00012305366131649064,0.0,-5.781793862126519e-05
1149,11.490112400148064,step,0.468854814478757,0.009884960534183421,3.8536000065505505,9.617900010198355,124371.0,124371.0,0.0,0.0,8.77,0.0002,1e-05,100.0,0.01,-0.013994089183187453,0.0,0.21786423670909003,-0.014444893789455213,0.0,0.2179930778672177,0.0,0.0,0.0,0.7311098085809203,0.0,0.821846291084678,-0.779462895304488,0.0,-0.808051315773582,0.48794416386625517,0.0,0.3335350454873378,0.636946510966661,-2.26897314534434,-1.952747060924408,-0.18555765820041484,0.13319024697158588,0.07173562360390973,-0.10491,0.07532,0.03497,0.0003340574660658847,0.0,-0.00010147733175588087,0.0001167471402018761,0.0,-2.7363826371787407e-05
1150,11.50050550000742,step,0.46885482183489935,0.009183191259718698,4.438099917024374,10.39309985935688,124371.0,124371.0,0.0,0.0,8.77,0.0002,1e-05,100.0,0.01,-0.013994089183187453,0.0,0.21786423670909003,-0.014444893797105895,0.0,0.2179930778672177,0.0,0.0,0.0,0.7297636222764377,0.0,0.8222553075754224,-0.7781604805336781,0.0,-0.8084259542883133,0.48691978321973417,0.0,0.3337064657824574,0.636946510966661,-2.26897314534434,-1.952747060924408,-0.18571542754516696,0.13313962288488893,0.07181048397176955,-0.10491,0.07801000000000001,0.04304,0.0003233959055629296,0.0,-9.302456056677617e-05,0.00012740870835551338,0.0,-3.581659756089211e-05
1151,11.510190400062129,step,0.46891449683426495,0.008641512908932869,3.8244000170379877,9.684900054708123,124371.0,124371.0,0.0,0.0,8.77,0.0002,1e-05,100.0,0.01,-0.013994089183187453,0.0,0.21786423670909003,-0.014444955861168486,0.0,0.2179930778672177,0.0,0.0,0.0,0.7281846251595807,0.0,0.8226299460981713,-0.7768924610968169,0.0,-0.8087729835227139,0.48359963186605626,0.0,0.3338736779218637,0.636946510966661,-2.26897314534434,-1.952747060924408,-0.18623687425281088,0.1329283879542993,0.07200890751507215,-0.10222,0.07532,0.03766,0.0003148553772928664,0.0,-8.616904232896508e-05,0.0001360113006881672,0.0,-4.26721157987032e-05
1152,11.520677499938756,step,0.46934821000185867,0.00824890865119011,4.283299902454019,10.487099876627326,124371.0,124371.0,0.0,0.0,8.77,0.0002,1e-05,100.0,0.01,-0.013994089183187453,0.0,0.21786423670909003,-0.014445406918496259,0.0,0.2179930778672177,0.0,0.0,0.0,0.7260395325336807,0.0,0.8229769753202284,-0.7756498353219368,0.0,-0.8090980418464678,0.4798121886378416,0.0,0.33403161607294946,0.636946510966661,-2.26897314534434,-1.952747060924408,-0.1868325643503696,0.13268343953817407,0.07223152354777261,-0.09953000000000001,0.06994,0.040350000000000004,0.00030855000783912734,0.0,-8.071355863524948e-05,0.00014276772746967925,0.0,-4.8127599492418796e-05
1153,11.530202500056475,step,0.4676989360637951,0.008794589423564727,3.7475000135600567,9.525000117719173,124371.0,124371.0,0.0,0.0,8.77,0.0002,1e-05,100.0,0.01,-0.014100921340095107,0.0,0.21767790610850649,-0.014446477496611078,0.0,0.2179930778672177,0.0,0.0,0.0,0.735242066702144,0.0,0.8438435452420704,-0.7748561595212952,0.0,-0.8101605843671177,0.48475495918275785,0.0,0.342912705615416,0.636946510966661,-2.2705071261322254,-1.952747060924408,-0.18561003702169984,0.1345717631751961,0.07269962963549124,-0.10222,0.07532,0.03497,0.0001970735513942799,0.0,-0.0002638344622358676,0.00014848260512169076,0.0,-5.133729647534036e-05
1154,11.540495400084183,step,0.2997663973397742,0.001621395336885915,4.399299854412675,10.29290002770722,124371.0,124371.0,0.0,0.0,8.77,0.0002,1e-05,100.0,0.01,-0.014183937340638622,0.0,0.2178524515330089,-0.014448671409283104,0.0,0.2179930778672177,0.0,0.0,0.0,0.7415722516206151,0.0,0.8256641594061866,-0.7743234106726221,0.0,-0.8103617254410304,0.48562366722870126,0.0,0.3343563714589333,0.636946510966661,-2.2705071261322254,-1.9512130801365222,-0.18564844735148056,0.1338521921849553,0.07175900346949521,-0.09953000000000001,0.07263,0.03766,0.00013228412347250575,0.0,-4.9944304381185006e-05,0.00013244994517197582,0.0,-9.068202982761932e-05
1155,11.550173500087112,step,0.4756992159646874,0.010420478422252962,3.8970999885350466,9.678100002929568,124371.0,124371.0,0.0,0.0,8.77,0.0002,1e-05,100.0,0.01,-0.013994089183187453,0.0,0.21786423670909003,-0.01445200806251188,0.0,0.2179930778672177,0.0,0.0,0.0,0.7176326404183614,0.0,0.8245657398508452,-0.7728887737310046,0.0,-0.8105226991351457,0.46810822081964754,0.0,0.334730553091553,0.636946510966661,-2.26897314534434,-1.952747060924408,-0.18866788604925433,0.13195210281606395,0.07294345572430193,-0.09953000000000001,0.07801000000000001,0.04573,0.00035622731197981663,0.0,-3.997054912688815e-05,0.00010169156734461074,0.0,-8.887060900078012e-05
1156,11.560115300118923,step,0.3829215187789264,0.007168920870591151,3.754399949684739,9.941800031810999,124371.0,124371.0,0.0,0.0,8.77,0.0002,1e-05,100.0,0.01,-0.014076837336835846,0.0,0.2180389092731313,-0.014457006209543675,0.0,0.2179930778672177,0.0,0.0,0.0,0.7221867190130752,0.0,0.8054703878572602,-0.7718141696895272,0.0,-0.8099944848527199,0.46808193483119925,0.0,0.3258403909628181,0.636946510966661,-2.26897314534434,-1.9512130801365222,-0.1888595065276282,0.13112670851720026,0.07200877260848239,-0.09953000000000001,0.07532,0.03497,0.0002668293963673875,0.0,0.00013115816867630622,0.0001133394763404423,0.0,-8.532676276270176e-05
1157,11.570153800072148,step,0.48720117235861976,0.01125352380551607,3.803200088441372,10.038499953225255,124371.0,124371.0,0.0,0.0,8.77,0.0002,1e-05,100.0,0.01,-0.013994089183187453,0.0,0.21786423670909003,-0.014463945478579921,0.0,0.2179930778672177,0.0,0.0,0.0,0.7082103334633492,0.0,0.8241981405133728,-0.7703506145605681,0.0,-0.8103241985855255,0.45812628817673795,0.0,0.33462317851965795,0.636946510966661,-2.26897314534434,-1.952747060924408,-0.19025145829741175,0.1312429569674595,0.073470564713056,-0.10222,0.06725,0.03766,0.00036340783817792556,0.0,-8.186951928601817e-05,0.00010644845721454301,0.0,-4.697163884165011e-05
1158,11.580036600120366,step,0.4958390700089357,0.011148843634405008,3.92800010740757,9.882800048217177,124371.0,124371.0,0.0,0.0,8.77,0.0002,1e-05,100.0,0.01,-0.013994089183187453,0.0,0.21786423670909003,-0.014472896387936553,0.0,0.2179930778672177,0.0,0.0,0.0,0.7024111896987979,0.0,0.8245281903520335,-0.768892655512954,0.0,-0.8106468813126142,0.4525521057604051,0.0,0.334781833924258,0.636946510966661,-2.26897314534434,-1.952747060924408,-0.19113008533835785,0.13087349400226675,0.07378980122062348,-0.11029,0.06994,0.03766,0.000362018304033533,0.0,-8.012368645931644e-05,0.00011678890071556783,0.0,-4.871747166835184e-05
1159,11.590171300107613,step,0.4102482078708349,0.00720219250782272,3.7901001051068306,10.134699987247586,124371.0,124371.0,0.0,0.0,8.77,0.0002,1e-05,100.0,0.01,-0.014076837336835846,0.0,0.2180389092731313,-0.014484517449538457,0.0,0.2179930778672177,0.0,0.0,0.0,0.7049873274653373,0.0,0.805594570105503,-0.7677574564119192,0.0,-0.810257315525392,0.45144163404498294,0.0,0.3259870083544085,0.636946510966661,-2.26897314534434,-1.9512130801365222,-0.19149381834646767,0.12998117280066906,0.07292165489883032,-0.11029,0.07263,0.03497,0.00028187544360014697,0.0,9.67310747379786e-05,0.0001258046691024647,0.0,-5.089966882437414e-05
1160,11.600572400027886,step,0.521357915284828,0.013232211989227477,4.841300193220377,10.401099920272827,124371.0,124371.0,0.0,0.0,8.77,0.0002,1e-05,100.0,0.01,-0.013994089183187453,0.0,0.21786423670909003,-0.01449927630871864,0.0,0.2179930778672177,0.0,0.0,0.0,0.6888231449217628,0.0,0.824460971248072,-0.7661934399062202,0.0,-0.8107048585599115,0.4402048861075548,0.0,0.3348072570132397,0.636946510966661,-2.26897314534434,-1.952747060924408,-0.19308478250421932,0.13001552405125424,0.0744598244192555,-0.10222,0.06994,0.040350000000000004,0.00038835288535722044,0.0,-0.00011112710648757776,0.0001168342401739664,0.0,-1.771405164009052e-05
1161,11.610557399922982,step,0.5214783526744857,0.013699812401171966,4.442700184881687,9.984999895095825,124371.0,124371.0,0.0,0.0,8.77,0.0002,1e-05,100.0,0.01,-0.014100921340095107,0.0,0.21767790610850649,-0.014516380645947052,0.0,0.2179930778672177,0.0,0.0,0.0,0.6927062738766603,0.0,0.8454503619870521,-0.7650289214770423,0.0,-0.8118812340562302,0.44214204188246314,0.0,0.3437167030603785,0.636946510966661,-2.2705071261322254,-1.952747060924408,-0.1923294739792744,0.13170571435620676,0.07510092497512548,-0.11029,0.07532,0.04304,0.000289155575005144,0.0,-0.0002920997422944662,0.00012630373084680042,0.0,-2.307201641674173e-05
1162,11.620495999930426,step,0.5574813404574602,0.015275477025514328,4.348700167611241,9.93860000744462,124371.0,124371.0,0.0,0.0,8.77,0.0002,1e-05,100.0,0.01,-0.013994089183187453,0.0,0.21786423670909003,-0.014536477790120312,0.0,0.2179930778672177,0.0,0.0,0.0,0.6728164961853069,0.0,0.8260855843784478,-0.7633002584492239,0.0,-0.8121397288170218,0.42666023103717415,0.0,0.335528716129525,0.636946510966661,-2.26897314534434,-1.952747060924408,-0.19521101779341568,0.12915855804995074,0.07527377391318517,-0.11029,0.07532,0.040350000000000004,0.00042923541549429764,0.0,-6.418550305404065e-05,0.00011315319143856179,0.0,-6.465565507362762e-05
1163,11.630173099925742,step,0.4845176047388055,0.011391637042953894,5.0946001429110765,9.677099995315075,124371.0,124371.0,0.0,0.0,8.77,0.0002,1e-05,100.0,0.01,-0.014076837336835846,0.0,0.2180389092731313,-0.014559182432730695,0.0,0.2179930778672177,0.0,0.0,0.0,0.672819840482023,0.0,0.8070874176060046,-0.7618567128360727,0.0,-0.8116987033400448,0.4242434687125646,0.0,0.32675277229881206,0.636946510966661,-2.26897314534434,-1.9512130801365222,-0.19578581711082255,0.12817274532657175,0.07447366928529403,-0.11029,0.07263,0.040350000000000004,0.00035843937833731287,0.0,0.00010950876533333914,0.00012390571755753683,0.0,-6.367735941973468e-05
1164,11.640526399947703,step,0.5123157516465893,0.012974921648762901,4.377100151032209,10.353300021961331,124371.0,124371.0,0.0,0.0,8.77,0.0002,1e-05,100.0,0.01,-0.014076837336835846,0.0,0.2180389092731313,-0.01458709894779359,0.0,0.2179930778672177,0.0,0.0,0.0,0.6627835113134821,0.0,0.8066460560459856,-0.7602740263093972,0.0,-0.8113985572289046,0.416269640489467,0.0,0.32661873260144547,0.636946510966661,-2.26897314534434,-1.9512130801365222,-0.1970534744714715,0.12759899698260263,0.0748878397934033,-0.1076,0.07532,0.040350000000000004,0.00039298874213334744,0.0,7.452773539492154e-05,0.00011727286882439673,0.0,-2.8696329481317078e-05
1165,11.650188100058585,step,0.45504139609432864,0.009904401780987167,4.588300129398704,9.66170011088252,124371.0,124371.0,0.0,0.0,8.77,0.0002,1e-05,100.0,0.01,-0.014183937340638622,0.0,0.2178524515330089,-0.014616703913153724,0.0,0.2179930778672177,0.0,0.0,0.0,0.6643462772725803,0.0,0.8269014377361124,-0.7589879376595136,0.0,-0.8119702707418095,0.4169540151969118,0.0,0.33520119748085075,0.636946510966661,-2.2705071261322254,-1.9512130801365222,-0.19650033422501312,0.12916692861807041,0.07556543960736202,-0.1076,0.06994,0.040350000000000004,0.00031934205053947296,0.0,-0.00014195923861754875,0.00011342452197562943,0.0,1.332904408744422e-06
1166,11.660115099977702,step,0.6338489871444313,0.02474609542573824,4.650700138881803,9.926999919116497,124371.0,124371.0,0.0,0.0,8.77,0.0002,1e-05,100.0,0.01,-0.014100921340095107,0.0,0.21767790610850649,-0.014650858882926023,0.0,0.2179930778672177,0.0,0.0,0.0,0.6443615067685361,0.0,0.8467157968772767,-0.7571356463667593,0.0,-0.813202437959331,0.4036812271476693,0.0,0.34436688830595996,0.636946510966661,-2.2705071261322254,-1.952747060924408,-0.1983961546872176,0.12910975501897273,0.0772596591547691,-0.11029,0.06725,0.040350000000000004,0.0004599329133944637,0.0,-0.0003059530973128891,9.000462943645226e-05,0.0,-9.218661398318836e-06
1167,11.670133200008422,step,0.6674948840233786,0.02590741386080204,4.974399926140904,10.018100030720234,124371.0,124371.0,0.0,0.0,8.77,0.0002,1e-05,100.0,0.01,-0.014100921340095107,0.0,0.21767790610850649,-0.014689322719009423,0.0,0.2179930778672177,0.0,0.0,0.0,0.6322082779729248,0.0,0.8479482999160011,-0.7551212230488911,0.0,-0.8142624292180634,0.3945354662578632,0.0,0.3449019253985845,0.636946510966661,-2.2705071261322254,-1.952747060924408,-0.19982884703344242,0.12853868104024557,0.07781626516017642,-0.1076,0.06994,0.04304,0.0005001910817273678,0.0,-0.0002632009715256783,8.82102971869476e-05,0.0,-5.197078718552963e-05
1168,11.680529800010845,step,0.5674062540410753,0.017431125308911617,4.231099970638752,10.396600002422929,124371.0,124371.0,0.0,0.0,8.77,0.0002,1e-05,100.0,0.01,-0.014183937340638622,0.0,0.2178524515330089,-0.014733640980113493,0.0,0.2179930778672177,0.0,0.0,0.0,0.62794852249502,0.0,0.8297660042807979,-0.7532660788624655,0.0,-0.8144737704335273,0.3895603047727571,0.0,0.336505267356556,0.636946510966661,-2.2705071261322254,-1.9512130801365222,-0.20080404974332666,0.12741548079698328,0.07719398081740082,-0.11029,0.07263,0.04304,0.000460641300732365,0.0,-5.247704900891542e-05,8.906233874250599e-05,0.0,-8.81492851998889e-05
1169,11.690365700051188,step,0.7962356892068377,0.04111451346576658,3.6790999583899975,9.835900040343404,124371.0,124371.0,0.0,0.0,8.77,0.0002,1e-05,100.0,0.01,-0.013994089183187453,0.0,0.21786423670909003,-0.014779831652918476,0.0,0.2179930778672177,0.0,0.0,0.0,0.5937198111677988,0.0,0.8286777848479061,-0.750404259224034,0.0,-0.8146551293325109,0.3662146268351704,0.0,0.33684615915477445,0.636946510966661,-2.26897314534434,-1.952747060924408,-0.20474919403426575,0.1251032272304251,0.07868965547111101,-0.11298000000000001,0.06994,0.04304,0.000710603698814683,0.0,-4.503229438362354e-05,7.513877091634095e-05,0.0,-8.380886374404473e-05
1170,11.700102699920535,step,0.8455432894104147,0.043775171789544445,3.750900039449334,9.736999869346619,124371.0,124371.0,0.0,0.0,8.77,0.0002,1e-05,100.0,0.01,-0.013994089183187453,0.0,0.21786423670909003,-0.014829758621565634,0.0,0.2179930778672177,0.0,0.0,0.0,0.5788964698236825,0.0,0.8288591210574673,-0.7474526501715625,0.0,-0.8148625862178557,0.3555284743024615,0.0,0.33696597383491617,0.636946510966661,-2.26897314534434,-1.952747060924408,-0.20643838395006947,0.1243725555111973,0.07928067434271177,-0.11298000000000001,0.06994,0.04304,0.0007328988458862677,0.0,-5.151255099757716e-05,0.000102770592491914,0.0,-7.732860713009112e-05
1171,11.710048099979758,step,0.7152028534012206,0.026938555059885592,3.8176998496055603,9.945400059223175,124371.0,124371.0,0.0,0.0,8.77,0.0002,1e-05,100.0,0.01,-0.014183937340638622,0.0,0.2178524515330089,-0.014885178636941287,0.0,0.2179930778672177,0.0,0.0,0.0,0.5840110007450294,0.0,0.8303658027206845,-0.7451483221485564,0.0,-0.8151414829269904,0.35783926951862227,0.0,0.3369070474905384,0.636946510966661,-2.2705071261322254,-1.9512130801365222,-0.20581663325513144,0.12525258678631254,0.07895362526309255,-0.11298000000000001,0.06994,0.04304,0.0005721758263311865,0.0,-6.92514057968381e-05,0.00012906546997147822,0.0,-7.137492841196623e-05
1172,11.720508099999279,step,0.8727685058529527,0.04736220196830758,4.315200028941035,10.460000019520521,124371.0,124371.0,0.0,0.0,8.77,0.0002,1e-05,100.0,0.01,-0.014076837336835846,0.0,0.2180389092731313,-0.014948401647165713,0.0,0.2179930778672177,0.0,0.0,0.0,0.5556711839499929,0.0,0.8100891943530563,-0.7421057223108215,0.0,-0.8146777732968586,0.33751712204582496,0.0,0.3284773081010164,0.636946510966661,-2.26897314534434,-1.9512130801365222,-0.20949034707746428,0.12231909850639339,0.07934085098421899,-0.11567000000000001,0.06994,0.040350000000000004,0.0007554922992604469,0.0,0.00011514135060174536,0.00011607201106942082,0.0,-6.93099446881409e-05
1173,11.730215399991721,step,0.935979175272683,0.05306170779876575,3.702899906784296,9.707299992442131,124371.0,124371.0,0.0,0.0,8.77,0.0002,1e-05,100.0,0.01,-0.014076837336835846,0.0,0.2180389092731313,-0.015011693742267244,0.0,0.2179930778672177,0.0,0.0,0.0,0.5387858264453957,0.0,0.8096251259942121,-0.7388628432014374,0.0,-0.8143678109738687,0.3256652381240541,0.0,0.3283563715163921,0.636946510966661,-2.26897314534434,-1.9512130801365222,-0.2113724854709622,0.12147582122974251,0.07996537088023772,-0.11567000000000001,0.06187,0.048420000000000005,0.0008052226139590387,0.0,7.696514841535706e-05,0.00012963379147235931,0.0,-3.11337425017526e-05
1174,11.740623899968341,step,1.098081750944315,0.07412964675834223,4.717099945992231,10.408499976620078,124371.0,124371.0,0.0,0.0,8.77,0.0002,1e-05,100.0,0.01,-0.013994089183187453,0.0,0.21786423670909003,-0.015084586082646251,0.0,0.2179930778672177,0.0,0.0,0.0,0.5109022948016817,0.0,0.828571466708909,-0.7350483238514337,0.0,-0.8148925694708139,0.307530228860105,0.0,0.3370540426368231,0.636946510966661,-2.26897314534434,-1.952747060924408,-0.21403730018502432,0.12103600003285811,0.0818840794709771,-0.11567000000000001,0.06725,0.04573,0.000947163658712714,0.0,-0.00013030008037755403,0.0001433332407460849,0.0,1.458922249885752e-06
1175,11.750527400057763,step,0.9849994524627902,0.0532619043960553,4.279399989172816,9.903500089421868,124371.0,124371.0,0.0,0.0,8.77,0.0002,1e-05,100.0,0.01,-0.014183937340638622,0.0,0.2178524515330089,-0.01515884664692254,0.0,0.2179930778672177,0.0,0.0,0.0,0.5126086023775226,0.0,0.8303957860923518,-0.7318301219640931,0.0,-0.8154362214656865,0.3078317860370312,0.0,0.3371670066805541,0.636946510966661,-2.2705071261322254,-1.9512130801365222,-0.2137286341043054,0.12179742210638145,0.08168515683792436,-0.12105,0.06187,0.048420000000000005,0.0007990951400172316,0.0,-0.00013499142756466713,0.00017581416626668623,0.0,-5.6349066441372015e-06
1176,11.76008479995653,step,1.159175117391404,0.07968184472212342,3.893699962645769,9.557399898767471,124371.0,124371.0,0.0,0.0,8.77,0.0002,1e-05,100.0,0.01,-0.014076837336835846,0.0,0.2180389092731313,-0.015235106059978864,0.0,0.2179930778672177,0.0,0.0,0.0,0.4821262064669648,0.0,0.8103839330102014,-0.7278456466153138,0.0,-0.8151906097000994,0.2864227227558495,0.0,0.32889219107133777,0.636946510966661,-2.26897314534434,-1.9512130801365222,-0.21757997857539974,0.11879741664467308,0.08213985353331582,-0.12105,0.06456,0.04573,0.0009893645576596183,0.0,6.098659284979989e-05,0.00016890416548339987,0.0,-1.5155186936195425e-05
1177,11.770331700099632,step,1.2459398064093974,0.09083889636185244,3.5957000218331814,10.246900143101811,124371.0,124371.0,0.0,0.0,8.77,0.0002,1e-05,100.0,0.01,-0.014076837336835846,0.0,0.2180389092731313,-0.015321933912779844,0.0,0.2179930778672177,0.0,0.0,0.0,0.4609354611448453,0.0,0.8101379624950291,-0.7235853553847651,0.0,-0.815057576233331,0.27191727095055884,0.0,0.3288755166982176,0.636946510966661,-2.26897314534434,-1.9512130801365222,-0.2198800918981168,0.11778129193794591,0.08291916067240666,-0.11836,0.06187,0.04573,0.0010578509790766506,0.0,3.303285513952971e-05,0.0001872455968673478,0.0,1.2798550774074753e-05
1178,11.780039499979466,step,1.3330240892637713,0.10266016237385214,4.023600136861205,9.707799879834056,124371.0,124371.0,0.0,0.0,8.77,0.0002,1e-05,100.0,0.01,-0.014076837336835846,0.0,0.2180389092731313,-0.015409073316228945,0.0,0.2179930778672177,0.0,0.0,0.0,0.4397780330028266,0.0,0.810004929053812,-0.7190543190480839,0.0,-0.8150158366784117,0.25750902814733667,0.0,0.3289043471323823,0.636946510966661,-2.26897314534434,-1.9512130801365222,-0.22216360719021602,0.11677749200639115,0.08369841597727613,-0.12105,0.06187,0.048420000000000005,0.001125078302304885,0.0,1.0364133963659594e-05,0.00020715767708821397,0.0,3.546727194994487e-05
1179,11.79012309992686,step,1.4285471158900669,0.11680934102968832,3.766499925404787,10.08359994739294,124371.0,124371.0,0.0,0.0,8.77,0.0002,1e-05,100.0,0.01,-0.014076837336835846,0.0,0.2180389092731313,-0.015504649069715853,0.0,0.2179930778672177,0.0,0.0,0.0,0.4170908685341584,0.0,0.8099631895397372,-0.7142210061613502,0.0,-0.8150467356245283,0.24212606644821086,0.0,0.32897603629205974,0.636946510966661,-2.26897314534434,-1.9512130801365222,-0.22460053573291097,0.11571075520192549,0.0845350478482382,-0.12374,0.05918,0.04573,0.001200135036016444,0.0,-7.67235821050991e-06,0.00022767669686356382,0.0,5.350376412411437e-05
1180,11.800224700011313,step,1.5294455201097639,0.13273503575083467,3.750199917703867,10.101600084453821,124371.0,124371.0,0.0,0.0,8.77,0.0002,1e-05,100.0,0.01,-0.014076837336835846,0.0,0.2180389092731313,-0.015605596010144294,0.0,0.2179930778672177,0.0,0.0,0.0,0.3934612300554462,0.0,0.8099940885183556,-0.7090693670015981,0.0,-0.8151340346387014,0.22617063807321747,0.0,0.3290806550892368,0.636946510966661,-2.26897314534434,-1.9512130801365222,-0.2271273638171954,0.11460799724178887,0.08540626154057057,-0.12643000000000001,0.06456,0.04304,0.0012791769937970895,0.0,-2.1676768703784912e-05,0.0002495816795113593,0.0,6.750817461738937e-05
1181,11.810043999925256,step,1.632535087795381,0.14984560232351732,3.8330000825226307,9.819299913942814,124371.0,124371.0,0.0,0.0,8.77,0.0002,1e-05,100.0,0.01,-0.014076837336835846,0.0,0.2180389092731313,-0.01570872896777065,0.0,0.2179930778672177,0.0,0.0,0.0,0.36946602351396424,0.0,0.8100813875577588,-0.7035964969618953,0.0,-0.8152637034214826,0.21002944803788534,0.0,0.32920934995792905,0.636946510966661,-2.26897314534434,-1.9512130801365222,-0.22968301452469492,0.11349517758760586,0.0862902221336555,-0.12374,0.06456,0.04304,0.0013589401795691654,0.0,-3.219738778353147e-05,0.0002729514513656389,0.0,7.802879369713593e-05
1182,11.820504799950868,step,1.7478042552709085,0.1706415416249588,4.319899948313832,10.460800025612116,124371.0,124371.0,0.0,0.0,8.77,0.0002,1e-05,100.0,0.01,-0.014076837336835846,0.0,0.2180389092731313,-0.015824040586882925,0.0,0.2179930778672177,0.0,0.0,0.0,0.34330992112775677,0.0,0.8102110563595033,-0.6977567449061791,0.0,-0.8154237167107754,0.1924953904977468,0.0,0.329363359564421,0.636946510966661,-2.26897314534434,-1.9512130801365222,-0.23245882879887583,0.11228805607882486,0.08725208069201972,-0.12912,0.06456,0.04573,0.0014500387638778003,0.0,-3.9732075950553035e-05,0.00029716448616927925,0.0,8.55634818641575e-05
1183,11.83026840002276,step,1.8604598669804893,0.19153343609521298,3.551900153979659,9.763600071892142,124371.0,124371.0,0.0,0.0,8.77,0.0002,1e-05,100.0,0.01,-0.014076837336835846,0.0,0.2180389092731313,-0.015936732602402442,0.0,0.2179930778672177,0.0,0.0,0.0,0.3176108601178581,0.0,0.8103710696623682,-0.6915701274141399,0.0,-0.8156038589496794,0.17532198093037357,0.0,0.3295276663881707,0.636946510966661,-2.26897314534434,-1.9512130801365222,-0.23517719781796156,0.11110739912446585,0.08819568912827194,-0.13181,0.06187,0.048420000000000005,0.001536167134349524,0.0,-4.473019178388509e-05,0.0003237281312170727,0.0,9.056159769748955e-05
1184,11.840543900150806,step,1.9848694591252376,0.2235155042640164,4.2860000394284725,10.275500128045678,124371.0,124371.0,0.0,0.0,8.77,0.0002,1e-05,100.0,0.01,-0.014100921340095107,0.0,0.21767790610850649,-0.016060608440700456,0.0,0.2179930778672177,0.0,0.0,0.0,0.29261384150800324,0.0,0.8503490265119272,-0.6850917922038644,0.0,-0.8172574229055359,0.1601276949739916,0.0,0.34669550234741775,0.636946510966661,-2.2705071261322254,-1.952747060924408,-0.23686016345935845,0.11245344854020958,0.0907264134851901,-0.13181,0.06187,0.0538,0.0016086020589005721,0.0,-0.0004105879516230728,0.00035108504170477646,0.0,9.541619291186484e-05
1185,11.850114700151607,step,2.1045031305791992,0.24228021214346165,5.170699907466769,9.570800000801682,124371.0,124371.0,0.0,0.0,8.77,0.0002,1e-05,100.0,0.01,-0.014076837336835846,0.0,0.2180389092731313,-0.016180841355094754,0.0,0.2179930778672177,0.0,0.0,0.0,0.26297837394474555,0.0,0.8122054704242798,-0.6781311982005115,0.0,-0.8171788509691945,0.13895929111179983,0.0,0.3304855971689142,0.636946510966661,-2.26897314534434,-1.9512130801365222,-0.24091711919507303,0.10868161330306106,0.09026315847366549,-0.12912,0.056490000000000005,0.05111,0.001728349256643088,0.0,1.9509792943423385e-05,0.0003756547616158199,0.0,2.6321612970181077e-05
1186,11.860246600117534,step,2.2368327880682046,0.2717122884485411,3.70860006660223,10.131899965927005,124371.0,124371.0,0.0,0.0,8.77,0.0002,1e-05,100.0,0.01,-0.014076837336835846,0.0,0.2180389092731313,-0.016313200546157838,0.0,0.2179930778672177,0.0,0.0,0.0,0.23379290466661157,0.0,0.812126203862111,-0.6707595264841503,0.0,-0.8171486219118559,0.11960985178963973,0.0,0.3305648544063962,0.636946510966661,-2.26897314534434,-1.9512130801365222,-0.2439826914222672,0.10733849335546505,0.0913142712925106,-0.13181,0.056490000000000005,0.04573,0.00183042184690742,0.0,7.506021577344958e-06,0.0004059413624145718,0.0,3.8325384336259504e-05
1187,11.870079000014812,step,2.4559037641090384,0.33183205603545457,3.766999812796712,9.832399897277355,124371.0,124371.0,0.0,0.0,8.77,0.0002,1e-05,100.0,0.01,-0.013994089183187453,0.0,0.21786423670909003,-0.01644661099849048,0.0,0.2179930778672177,0.0,0.0,0.0,0.19523282243626977,0.0,0.8313522777720634,-0.662644382717738,0.0,-0.8178633616250034,0.09486916304227641,0.0,0.33910033561877856,0.636946510966661,-2.26897314534434,-1.952747060924408,-0.2476620160304443,0.10645412976354851,0.09360723741684593,-0.13988,0.05918,0.05111,0.002015029563493344,0.0,-0.00017747333795316625,0.0004374922518096849,0.0,4.8632179825497976e-05
1188,11.880346700083464,step,2.6002126167295665,0.3632605770165452,3.7431998644024134,10.26770006865263,124371.0,124371.0,0.0,0.0,8.77,0.0002,1e-05,100.0,0.01,-0.013994089183187453,0.0,0.21786423670909003,-0.016591107783076937,0.0,0.2179930778672177,0.0,0.0,0.0,0.16356634410139678,0.0,0.8320673535637854,-0.6541426331871922,0.0,-0.8184735831611477,0.07393763284416766,0.0,0.3394819915114126,0.636946510966661,-2.26897314534434,-1.952747060924408,-0.2509669010362754,0.10504076877721427,0.09478162628253042,-0.13988,0.0538,0.056490000000000005,0.0021110256501394075,0.0,-0.00015152096758906745,0.0004859929497500774,0.0,2.2679809461399172e-05
1189,11.890128700062633,step,2.6572063264088017,0.3655166597978111,3.8298999425023794,9.781999979168177,124371.0,124371.0,0.0,0.0,8.77,0.0002,1e-05,100.0,0.01,-0.014076837336835846,0.0,0.2180389092731313,-0.016733648384565612,0.0,0.2179930778672177,0.0,0.0,0.0,0.14128193278966938,0.0,0.8134212720826981,-0.6455945965712268,0.0,-0.8182881054760318,0.05851695702627317,0.0,0.3314454191744988,0.636946510966661,-2.26897314534434,-1.9512130801365222,-0.25364532997848527,0.10317438044529181,0.09470479932717203,-0.13988,0.056490000000000005,0.04573,0.0021225189579862406,0.0,4.605500896038455e-05,0.000534292089743526,0.0,-2.2360304678008865e-07
1190,11.900417699944228,step,2.70837631855071,0.3731751923846363,6.227799924090505,10.288999881595373,124371.0,124371.0,0.0,0.0,8.77,0.0002,1e-05,100.0,0.01,-0.014183937340638622,0.0,0.2178524515330089,-0.016888660342539795,0.0,0.2179930778672177,0.0,0.0,0.0,0.119972897479639,0.0,0.8337909860578064,-0.636978335909515,0.0,-0.8189166678725893,0.04505794916895072,0.0,0.33985354452639566,0.636946510966661,-2.2705071261322254,-1.9512130801365222,-0.255269171232502,0.10380218537432753,0.09618882205880798,-0.14257,0.0538,0.0538,0.0021394593194976217,0.0,-0.00015607509220057062,0.0005652636824035511,0.0,1.5448757991766296e-05
1191,11.910462100058794,step,2.8644714211257605,0.42398977751785993,5.573499947786331,10.044400114566088,124371.0,124371.0,0.0,0.0,8.77,0.0002,1e-05,100.0,0.01,-0.014183937340638622,0.0,0.2178524515330089,-0.017044954774450102,0.0,0.2179930778672177,0.0,0.0,0.0,0.08691888741193037,0.0,0.8344199071933486,-0.6277852768854298,0.0,-0.8194511033535021,0.023331017068446525,0.0,0.3402176935200563,0.636946510966661,-2.2705071261322254,-1.9512130801365222,-0.2587001493404735,0.10233155511781691,0.09740419430912751,-0.14257,0.05918,0.048420000000000005,0.002282681150904661,0.0,-0.00013270292243944287,0.0005783362829068191,0.0,-7.923411769361459e-06
1192,11.920340599957854,step,3.211886106227723,0.5546332524442046,3.798200050368905,9.878499899059534,124371.0,124371.0,0.0,0.0,8.77,0.0002,1e-05,100.0,0.01,-0.013994089183187453,0.0,0.21786423670909003,-0.017203390090760783,0.0,0.2179930778672177,0.0,0.0,0.0,0.03234157414856488,0.0,0.8336551178892012,-0.6172610280844718,0.0,-0.8198595610188418,-0.012414526177502404,0.0,0.3405001826476548,0.636946510966661,-2.26897314534434,-1.952747060924408,-0.26461552783741255,0.09914246165305257,0.09956319497314337,-0.14257,0.056490000000000005,0.056490000000000005,0.0026132220300596333,0.0,-0.00010142201971843578,0.0005960788775136974,0.0,-2.7419138409232497e-05
1193,11.930464900098741,step,3.3789224043734967,0.6010710132997287,4.897699924185872,10.124300140887499,124371.0,124371.0,0.0,0.0,8.77,0.0002,1e-05,100.0,0.01,-0.013994089183187453,0.0,0.21786423670909003,-0.017370554283073648,0.0,0.2179930778672177,0.0,0.0,0.0,-0.0036617551383585118,0.0,0.8340635528454095,-0.6063024959915972,0.0,-0.8202127989406236,-0.0360319124718881,0.0,0.3407681144648566,0.636946510966661,-2.26897314534434,-1.952747060924408,-0.26834871254762405,0.0975279895806763,0.10086975770090925,-0.14795,0.056490000000000005,0.048420000000000005,0.0027210566781363447,0.0,-8.771068952386494e-05,0.0006554084217498504,0.0,-4.113046860380334e-05
1194,11.940479200100526,step,3.548840828283038,0.6514286473457507,4.400599980726838,10.014300001785159,124371.0,124371.0,0.0,0.0,8.77,0.0002,1e-05,100.0,0.01,-0.013994089183187453,0.0,0.21786423670909003,-0.01754059044223995,0.0,0.2179930778672177,0.0,0.0,0.0,-0.040217857257761704,0.0,0.8344167907409161,-0.5948923959195548,0.0,-0.8205215801173922,-0.059984610291000745,0.0,0.34101494086577405,0.636946510966661,-2.26897314534434,-1.952747060924408,-0.272135547227585,0.09588757140642026,0.10219203518193257,-0.14795,0.05111,0.05111,0.0028331831979050287,0.0,-7.667186407889426e-05,0.00071331806114747,0.0,-5.216929404877401e-05
1195,11.950192000018433,step,3.5287473625276045,0.6160844230245912,4.023900022730231,9.712799917906523,124371.0,124371.0,0.0,0.0,8.77,0.0002,1e-05,100.0,0.01,-0.014183937340638622,0.0,0.2178524515330089,-0.01770988149542504,0.0,0.2179930778672177,0.0,0.0,0.0,-0.05588422644122733,0.0,0.836024796665567,-0.5837967413377195,0.0,-0.8208430361882876,-0.07027786148803686,0.0,0.34133600176972917,0.636946510966661,-2.2705071261322254,-1.9512130801365222,-0.27349406303201446,0.09594065818955694,0.10258924496312147,-0.15333,0.056490000000000005,0.0538,0.002755104857321949,0.0,-7.981910177606613e-05,0.0007708392974644703,0.0,-6.080723243273819e-05
1196,11.960361799923703,step,3.571665803157471,0.6279515019490055,3.5866000689566135,10.169799905270338,124371.0,124371.0,0.0,0.0,8.77,0.0002,1e-05,100.0,0.01,-0.014320002201757442,0.0,0.2179987213926517,-0.017891663546295188,0.0,0.2179930778672177,0.0,0.0,0.0,-0.0787098371859081,0.0,0.8202211515004282,-0.5725942315259496,0.0,-0.8205363208365366,-0.08492577036904421,0.0,0.3349896546845796,0.6354125301787753,-2.26897314534434,-1.9512130801365222,-0.27518512797515393,0.0939364557338093,0.10283668271179616,-0.15064,0.048420000000000005,0.056490000000000005,0.0027816375292658902,0.0,7.61589097057711e-05,0.0007900238152718556,0.0,-7.051538427176962e-05
1197,11.970232299994677,step,3.650102697238973,0.662840745123648,3.6396998912096024,9.87050007097423,124371.0,124371.0,0.0,0.0,8.77,0.0002,1e-05,100.0,0.01,-0.014426816057072966,0.0,0.2178120995826221,-0.018072429388310395,0.0,0.2179930778672177,0.0,0.0,0.0,-0.10441404431433388,0.0,0.8404877699212757,-0.5610927552658383,0.0,-0.8210694182599295,-0.10117801764372282,0.0,0.34324368376763015,0.6354125301787753,-2.2705071261322254,-1.9512130801365222,-0.27722563094007246,0.09438157580942855,0.10448082389141183,-0.15064,0.05111,0.0538,0.0028558723486653507,0.0,-0.00013237067626637483,0.0007897409825720781,0.0,-4.8607608329220565e-05
1198,11.980041299946606,step,3.8336593370209546,0.7561028871884664,3.950699931010604,9.808999951928854,124371.0,124371.0,0.0,0.0,8.77,0.0002,1e-05,100.0,0.01,-0.014426816057072966,0.0,0.2178120995826221,-0.018256201226108954,0.0,0.2179930778672177,0.0,0.0,0.0,-0.1423361123999461,0.0,0.841021226414334,-0.5488042766001219,0.0,-0.8215318785500338,-0.12591005167427383,0.0,0.34356891668474726,0.6354125301787753,-2.2705071261322254,-1.9512130801365222,-0.281132416303921,0.09270133238885832,0.10585842415569716,-0.15602000000000002,0.04573,0.05918,0.003051288863699709,0.0,-0.00011483113341243029,0.0007780963053362787,0.0,-6.614715118316511e-05
1199,11.990048700012267,step,4.371234087386444,1.0491799120781429,3.78839997574687,10.007400065660477,124371.0,124371.0,0.0,0.0,8.77,0.0002,1e-05,100.0,0.01,-0.014076837336835846,0.0,0.2180389092731313,-0.018447831151629134,0.0,0.2179930778672177,0.0,0.0,0.0,-0.2204587166309822,0.0,0.8164796676273158,-0.5343276226260826,0.0,-0.8210195582092698,-0.1780957030983338,0.0,0.3340574488935036,0.636946510966661,-2.26897314534434,-1.9512130801365222,-0.29108952956198947,0.08694977592925188,0.10774536227156001,-0.15871000000000002,0.048420000000000005,0.056490000000000005,0.0035946234075220785,0.0,0.0001272116258607046,0.00077637040727121,0.0,-8.138021994710015e-05
1200,12.000113599933684,step,4.324670338377577,0.976357945986985,3.756399964913726,10.064899921417236,124371.0,124371.0,0.0,0.0,8.77,0.0002,1e-05,100.0,0.01,-0.014320002201757442,0.0,0.2179987213926517,-0.01864466885784361,0.0,0.2179930778672177,0.0,0.0,0.0,-0.23581945099433416,0.0,0.8203973147572697,-0.520355407039691,0.0,-0.8207986944395108,-0.18729200193106524,0.0,0.33559042504524694,0.6354125301787753,-2.26897314534434,-1.9512130801365222,-0.29139423251622937,0.08687201621261197,0.10843598958784192,-0.16409,0.040350000000000004,0.06456,0.003469368908855277,0.0,5.484154543397014e-05,0.0008552977472308888,0.0,-4.919801999996865e-05
1201,12.010499600088224,step,4.522432328576202,1.0733072283781977,4.341799998655915,10.386000154539943,124371.0,124371.0,0.0,0.0,8.77,0.0002,1e-05,100.0,0.01,-0.014343532404978973,0.0,0.2176376817083808,-0.018851978671358904,0.0,0.2179930778672177,0.0,0.0,0.0,-0.2760461790096659,0.0,0.8599783689454445,-0.5057635529912552,0.0,-0.8221174973454786,-0.2126056105340299,0.0,0.35178972581197077,0.6354125301787753,-2.2705071261322254,-1.952747060924408,-0.2945672720575332,0.08753363809460943,0.11153337473917627,-0.16409,0.05111,0.05918,0.0036232281448264534,0.0,-0.0003274651590209376,0.0008852181215534779,0.0,-2.793099981595828e-05
1202,12.020469000097364,step,4.724707058496032,1.1727340535353223,3.459499916061759,9.969400009140372,124371.0,124371.0,0.0,0.0,8.77,0.0002,1e-05,100.0,0.01,-0.014343532404978973,0.0,0.2176376817083808,-0.01905485391373702,0.0,0.2179930778672177,0.0,0.0,0.0,-0.3185719065508255,0.0,0.8612978665147337,-0.4904888395361713,0.0,-0.8232265237528028,-0.2403112889646764,0.0,0.35240802764591006,0.6354125301787753,-2.2705071261322254,-1.952747060924408,-0.29893229556045775,0.08568706279534202,0.1131102780501659,-0.16409,0.04573,0.056490000000000005,0.0037927854480255233,0.0,-0.0002753766367889221,0.0009185360607325238,0.0,-8.001952204797383e-05
1203,12.030089300125837,step,4.83068630579853,1.2140701722753873,5.668299971148372,9.620300028473139,124371.0,124371.0,0.0,0.0,8.77,0.0002,1e-05,100.0,0.01,-0.014426816057072966,0.0,0.2178120995826221,-0.01925411106002589,0.0,0.2179930778672177,0.0,0.0,0.0,-0.35182654322394924,0.0,0.8431786674686581,-0.47490806704931937,0.0,-0.8234579609322634,-0.2623392941234733,0.0,0.3450427187111136,0.6354125301787753,-2.2705071261322254,-1.9512130801365222,-0.30269186822545724,0.08339362903171656,0.11342124623580396,-0.16409,0.040350000000000004,0.06725,0.003868781390295717,0.0,-5.74669743541434e-05,0.0009585136126572078,0.0,-0.000123511310241452
1204,12.040039800107479,step,5.143685925025869,1.4034388189763436,3.9905000012367964,9.95049998164177,124371.0,124371.0,0.0,0.0,8.77,0.0002,1e-05,100.0,0.01,-0.014320002201757442,0.0,0.2179987213926517,-0.019463685030813867,0.0,0.2179930778672177,0.0,0.0,0.0,-0.4074687060127823,0.0,0.8228361537964143,-0.4581626833470161,0.0,-0.8229289160779224,-0.2988896932505512,0.0,0.33716179109758926,0.6354125301787753,-2.26897314534434,-1.9512130801365222,-0.3090409655448791,0.07928194155192722,0.11464455941606351,-0.16678,0.040350000000000004,0.06994,0.004157960004582662,0.0,0.00013136440371192307,0.0009857228244737623,0.0,-0.0001257208782779216
1205,12.05046320008114,step,5.366869968622519,1.5180348468330545,4.531400045379996,10.423399973660707,124371.0,124371.0,0.0,0.0,8.77,0.0002,1e-05,100.0,0.01,-0.014320002201757442,0.0,0.2179987213926517,-0.01968686920315807,0.0,0.2179930778672177,0.0,0.0,0.0,-0.45403267798009744,0.0,0.8223067498652086,-0.440742645966327,0.0,-0.8225425651726492,-0.3291206624795768,0.0,0.33710205913125535,0.6354125301787753,-2.26897314534434,-1.9512130801365222,-0.3138341076601955,0.07716682033747,0.11627116177120694,-0.17485,0.04573,0.06456,0.0043254797856484735,0.0,9.593280395474017e-05,0.0010413872157521535,0.0,-9.028927852073869e-05
1206,12.060214400058612,step,5.578906042455562,1.6256049815332165,4.831500118598342,9.751199977472425,124371.0,124371.0,0.0,0.0,8.77,0.0002,1e-05,100.0,0.01,-0.014320002201757442,0.0,0.2179987213926517,-0.019898905389765624,0.0,0.2179930778672177,0.0,0.0,0.0,-0.49950154847412687,0.0,0.821920398998931,-0.42271348121315516,0.0,-0.8222775847778474,-0.3586556322437641,0.0,0.33709707931640903,0.6354125301787753,-2.26897314534434,-1.9512130801365222,-0.31851549367348403,0.07510688589825933,0.11786639105932567,-0.17485,0.040350000000000004,0.05918,0.004476729067092613,0.0,6.579591744038578e-05,0.0011021741209155684,0.0,-6.015239200638429e-05
1207,12.070239400025457,step,5.800024598524289,1.7427536011654376,3.727799979969859,10.024999966844916,124371.0,124371.0,0.0,0.0,8.77,0.0002,1e-05,100.0,0.01,-0.014320002201757442,0.0,0.2179987213926517,-0.020120024054656578,0.0,0.2179930778672177,0.0,0.0,0.0,-0.5465005721171825,0.0,0.821655418658429,-0.40404467754014756,0.0,-0.8221148283592788,-0.389166275905539,0.0,0.33714664518981513,0.6354125301787753,-2.26897314534434,-1.9512130801365222,-0.32335008710941965,0.0729855555265704,0.11952054551986513,-0.18023,0.04573,0.07263,0.004635554513755011,0.0,4.041320825656902e-05,0.0011644673391441249,0.0,-3.4769682822567537e-05
1208,12.080253000138327,step,5.771432699816366,1.6740574094994687,3.694399958476424,10.013600112870336,124371.0,124371.0,0.0,0.0,8.77,0.0002,1e-05,100.0,0.01,-0.014586081480986432,0.0,0.21759708519501453,-0.02034391312250488,0.0,0.2179930778672177,0.0,0.0,0.0,-0.5648870782822443,0.0,0.8657699553876809,-0.38581248957864367,0.0,-0.8236636356540339,-0.3996974542061323,0.0,0.35444854187799774,0.6338785493908897,-2.2705071261322254,-1.952747060924408,-0.3229564385637435,0.0752994888488662,0.1220651308610186,-0.18023,0.040350000000000004,0.06187,0.004527140714580308,0.0,-0.0003845763645004745,0.0012306909269381395,0.0,-1.1416307702691439e-05
1209,12.09046890004538,step,5.769635552541493,1.6573584067113323,4.448099993169308,10.215899907052517,124371.0,124371.0,0.0,0.0,8.77,0.0002,1e-05,100.0,0.01,-0.014806145559033174,0.0,0.21791722683873077,-0.020575282498873332,0.0,0.2179930778672177,0.0,0.0,0.0,-0.5885913183273105,0.0,0.8320263883766359,-0.3676061335804526,0.0,-0.8236804466444491,-0.4147052191869534,0.0,0.3410014166557228,0.632344568603004,-2.26897314534434,-1.9512130801365222,-0.32504663493763614,0.07251682380399277,0.12145843035616938,-0.18561,0.03766,0.06187,0.004520726512779736,0.0,-4.174250469636342e-06,0.001248410427060422,0.0,-7.167677801728659e-05
1210,12.100174400024116,step,5.839678732936216,1.7156458345952166,3.8209001068025827,9.705499978736043,124371.0,124371.0,0.0,0.0,8.77,0.0002,1e-05,100.0,0.01,-0.014965304540802915,0.0,0.21770175881430004,-0.020797712355189242,0.0,0.2179930778672177,-0.0037938085225973,0.0,-0.0006466502206361669,-0.5612336152758022,0.0,0.865398238345148,-0.34910632027472294,0.0,-0.8246217619859749,-0.39463756919655824,0.0,0.35413979930943146,0.6308105878151185,-2.26897314534434,-1.952747060924408,-0.3202492062568038,0.07574768939968127,0.12207996219209395,-0.18292,0.040350000000000004,0.06725,0.004593593385793227,0.0,-0.0002337331655903495,0.0012388144285930998,0.0,-5.758588732730508e-05
1211,12.11047439998947,step,5.59842389071742,1.5495292315281057,4.372700117528439,10.2999999653548,124371.0,124371.0,0.0,0.0,8.77,0.0002,1e-05,100.0,0.01,-0.015450533792812374,0.0,0.21761828589826626,-0.02103639818788724,0.0,0.2179930778672177,-0.007583613545257825,0.0,-0.0013165728361428804,-0.5000668903821143,0.0,0.8854898023369627,-0.3315408175374552,0.0,-0.8257875063373062,-0.3518404304617288,0.0,0.3618388697449174,0.6277426262393471,-2.26897314534434,-1.952747060924408,-0.3108947406025144,0.08049015278811834,0.12084303266872418,-0.18023,0.04304,0.05918,0.0043615995393345664,0.0,-0.0002894599774227423,0.0012242648557402981,0.0,-8.533199152869e-05
1212,12.120099799940363,step,5.346051880858866,1.4225914629858911,3.7188001442700624,9.625399950891733,124371.0,124371.0,0.0,0.0,8.77,0.0002,1e-05,100.0,0.01,-0.01593550466994327,0.0,0.21753332471270664,-0.02126175079172095,0.0,0.2179930778672177,-0.01136930800230796,0.0,-0.002009749256268243,-0.43611010321869426,0.0,0.9063149042455366,-0.3147284205895853,0.0,-0.8271519115060275,-0.3071909641994049,0.0,0.3699437403322994,0.6246746646635758,-2.26897314534434,-1.952747060924408,-0.30127651503127045,0.08531930123940559,0.11948878615506744,-0.17216,0.040350000000000004,0.06456,0.0041745997185358855,0.0,-0.00033878842207769427,0.0011516464032417925,0.0,-0.00012096473243335576
1213,12.130494999932125,step,5.165849123010836,1.3752867396788448,4.295499995350838,10.395199991762638,124371.0,124371.0,0.0,0.0,8.77,0.0002,1e-05,100.0,0.01,-0.01636755915754745,0.0,0.21747588128766832,-0.021507452625296977,0.0,0.2179930778672177,-0.01894195896720914,0.0,-0.003401387205293241,-0.32326032899173335,0.0,0.9346763527690164,-0.29820548060375224,0.0,-0.8285836245220781,-0.2303718440649317,0.0,0.38109614905403955,0.6231406838756902,-2.2705071261322254,-1.9512130801365222,-0.2872491323565703,0.09296118562067375,0.11649518643235665,-0.16678,0.04573,0.06994,0.004102726150716015,0.0,-0.0003555012870776975,0.0010371673170335109,0.0,-0.00016169529247168077
1214,12.14041079999879,step,5.35164455322828,1.5878361541076775,3.4511000849306583,9.915800066664815,124371.0,124371.0,0.0,0.0,8.77,0.0002,1e-05,100.0,0.01,-0.016420212607465054,0.0,0.21744687605730822,-0.021743910852759347,0.0,0.2179930778672177,-0.026513873566774725,0.0,-0.004770780801708837,-0.250539909871566,0.0,0.9596397226085226,-0.28043998036191825,0.0,-0.829981562996737,-0.17970823579684778,0.0,0.39157244919265355,0.6216067030878045,-2.26897314534434,-1.952747060924408,-0.27796272332028354,0.0969247764618342,0.11494912722771755,-0.15871000000000002,0.048420000000000005,0.056490000000000005,0.00441125988989963,0.0,-0.0003471149046109512,0.0009124383553946631,0.0,-0.0001990869052985178
1215,12.150569400051609,step,5.171519733417298,1.4947767210640142,4.300399916246533,10.158600052818656,124371.0,124371.0,0.0,0.0,8.77,0.0002,1e-05,100.0,0.01,-0.01685208882779421,0.0,0.2173881073781224,-0.021988101586778393,0.0,0.2179930778672177,-0.02650400831763644,0.0,-0.004843278031714542,-0.25050878688102374,0.0,0.9685931226618397,-0.2632168937379979,0.0,-0.8315049248571423,-0.17855402860524888,0.0,0.39474037424366687,0.6200727222999189,-2.2705071261322254,-1.9512130801365222,-0.27625875840077135,0.09881159019889245,0.11537028988067632,-0.15602000000000002,0.048420000000000005,0.05918,0.0042765759573412145,0.0,-0.0003782581397164869,0.0008594368016429689,0.0,-0.00022671234937881538
1216,12.160253900103271,step,5.252236781488729,1.5997560930947372,8.674399927258492,9.684500051662326,124371.0,124371.0,0.0,0.0,8.77,0.0002,1e-05,100.0,0.01,-0.016990602328435064,0.0,0.21753206059417335,-0.02222256699601242,0.0,0.2179930778672177,-0.030317912155563762,0.0,-0.005561748242741229,-0.22405725266778653,0.0,0.9649152782981181,-0.24534945532067617,0.0,-0.8323450814033668,-0.15973104096731516,0.0,0.39331447945012693,0.6185387415120333,-2.26897314534434,-1.9512130801365222,-0.27211064878604807,0.09952973635953974,0.11402059270052745,-0.15602000000000002,0.05111,0.06187,0.004436571633371935,0.0,-0.0002086149459990594,0.0007953930342054216,0.0,-0.00025240232704528575
1217,12.170074800029397,step,5.25324841148506,1.6106006812955727,4.454300040379167,9.820899926126003,124371.0,124371.0,0.0,0.0,8.77,0.0002,1e-05,100.0,0.01,-0.017232986269340445,0.0,0.21748740365226116,-0.0224618401075251,0.0,0.2179930778672177,-0.030309344871589598,0.0,-0.005608248768646601,-0.2438799663763913,0.0,0.9713687786283393,-0.22743474064009203,0.0,-0.8334328011155986,-0.17148997079726322,0.0,0.3958288609185476,0.6170047607241477,-2.26897314534434,-1.9512130801365222,-0.27311906102682637,0.0993579546390248,0.11519901069055846,-0.15333,0.056490000000000005,0.06725,0.004448310558875582,0.0,-0.00027008608103938153,0.000780543279309074,0.0,-0.00023558813391715477
1218,12.180503800045699,step,5.270954183131439,1.620620206483287,4.615300102159381,10.42900001630187,124371.0,124371.0,0.0,0.0,8.77,0.0002,1e-05,100.0,0.01,-0.017475301422205353,0.0,0.21744237495072716,-0.022717408279036833,0.0,0.2179930778672177,-0.026513117987185756,0.0,-0.004947894098856141,-0.3216613694122171,0.0,0.967615193826952,-0.2094803692839038,0.0,-0.834761180015139,-0.22201371880533738,0.0,0.3940646733349711,0.615470779936262,-2.26897314534434,-1.9512130801365222,-0.2800858794037662,0.09620550032261958,0.11778521793631447,-0.15064,0.056490000000000005,0.06456,0.0044581575038013,0.0,-0.00032984292467785827,0.0007839493530301805,0.0,-0.0002208599918126781
1219,12.190494700102136,step,5.044770769217425,1.4458618559162626,4.490700084716082,9.990900056436658,124371.0,124371.0,0.0,0.0,8.77,0.0002,1e-05,100.0,0.01,-0.01795972308321306,0.0,0.21735120269349595,-0.02296349249989387,0.0,0.2179930778672177,-0.026497813286252742,0.0,-0.005029211909510925,-0.3152569664253224,0.0,0.9802021115749788,-0.19256511057326753,0.0,-0.8365065722161921,-0.21574428148009583,0.0,0.398963839047449,0.6124028183604907,-2.26897314534434,-1.9512130801365222,-0.27670050938246116,0.098175177347533,0.11823295058038513,-0.15602000000000002,0.048420000000000005,0.06187,0.004200140793209772,0.0,-0.00043338935036112353,0.0008036286234710411,0.0,-0.00020848582336062188
1220,12.200131200021133,step,4.7468442180806,1.2551118307245916,3.9695999585092068,9.636499918997288,124371.0,124371.0,0.0,0.0,8.77,0.0002,1e-05,100.0,0.01,-0.018545774179116625,0.0,0.21706920118148357,-0.02320184354074368,0.0,0.2179930778672177,-0.026450474885946474,0.0,-0.005127589828930215,-0.2959271358899422,0.0,1.0144969699791855,-0.17698733823251916,0.0,-0.8393971387773931,-0.20035502723673457,0.0,0.41261648008166546,0.6093348567847194,-2.2705071261322254,-1.9512130801365222,-0.27154398049284856,0.10219798446236507,0.11895564243021144,-0.15333,0.056490000000000005,0.06187,0.003868036439464605,0.0,-0.0007177416991886889,0.0007880329221624485,0.0,-0.00020613498654543743
1221,12.210515399929136,step,4.322564206213602,1.0286136218811348,4.510700004175305,10.384199908003211,124371.0,124371.0,0.0,0.0,8.77,0.0002,1e-05,100.0,0.01,-0.019270572555111706,0.0,0.21692696329805747,-0.023459601206513286,0.0,0.2179930778672177,-0.026426598011363753,0.0,-0.005249258664249385,-0.26159143245421523,0.0,1.0348753509286654,-0.16302612387727977,0.0,-0.842684572138434,-0.17476571130747004,0.0,0.4207896832641749,0.6047329144210625,-2.2705071261322254,-1.9512130801365222,-0.2635386108998754,0.10627259816685497,0.11844601961210499,-0.15333,0.05918,0.06725,0.0034666372497935702,0.0,-0.0008162856507766192,0.0007223914016080092,0.0,-0.0002498289183836067
1222,12.220504800090566,step,3.6942001874209756,0.7437860354736814,4.622999811545014,9.98940016143024,124371.0,124371.0,0.0,0.0,8.77,0.0002,1e-05,100.0,0.01,-0.020235937582884014,0.0,0.21673212715385118,-0.02370827373066718,0.0,0.2179930778672177,-0.03393500360397817,0.0,-0.006957399094989205,-0.08595880062946275,0.0,1.0850060525836198,-0.1514561202679151,0.0,-0.8465436165245515,-0.053812655334904064,0.0,0.4420843403774644,0.5985969912695199,-2.2705071261322254,-1.9512130801365222,-0.23915069724794466,0.11843998776964186,0.11432066662974602,-0.14795,0.06187,0.06456,0.0028728880219088845,0.0,-0.0009582194411692538,0.0005994481258742826,0.0,-0.0003027312721972617
1223,12.230226200073957,step,3.119877010801282,0.5551875124361423,3.765400033444166,9.721399983391166,124371.0,124371.0,0.0,0.0,8.77,0.0002,1e-05,100.0,0.01,-0.02110138681719373,0.0,0.21672240740360285,-0.02395077782851934,0.0,0.2179930778672177,-0.041473551556984574,0.0,-0.008731783823337511,0.08245487761858901,0.0,1.1162845940321915,-0.14156045767725292,0.0,-0.8501648544867679,0.061574531605268684,0.0,0.4561519281666163,0.5924610681179774,-2.26897314534434,-1.9512130801365222,-0.21565708045731838,0.12852075023833642,0.1092157454186823,-0.12912,0.06725,0.06456,0.0024571410247923274,0.0,-0.0008991709525235521,0.0003922499865332829,0.0,-0.00037149951109129034
1224,12.240467299940065,step,2.7755692881811256,0.48772879001448416,4.58369986154139,10.241099866107106,124371.0,124371.0,0.0,0.0,8.77,0.0002,1e-05,100.0,0.01,-0.02182456221267111,0.0,0.2165684124517947,-0.024206601953647718,0.0,0.2179930778672177,-0.0527328191982672,0.0,-0.01135597217811371,0.29087334748341215,0.0,1.175848754176643,-0.13256333427598382,0.0,-0.854238860930704,0.20424632375890697,0.0,0.48253663326809393,0.5878591257543204,-2.26897314534434,-1.9512130801365222,-0.18918221534674706,0.14137782950400346,0.10388276271778728,-0.12105,0.07263,0.05918,0.0022340293852822265,0.0,-0.0010115955628994297,0.00014801035569438244,0.0,-0.00041306985252356353
1225,12.250150700099766,step,2.5305625151372033,0.42925058090808044,3.863800084218383,9.683400159701705,124371.0,124371.0,0.0,0.0,8.77,0.0002,1e-05,100.0,0.01,-0.02264396097580193,0.0,0.2162191546974381,-0.024448661291847966,0.0,0.2179930778672177,-0.0601320712695696,0.0,-0.013292651650909062,0.4552752664125335,0.0,1.2471835824516813,-0.12497033732052121,0.0,-0.859548899858617,0.3185501964022335,0.0,0.5141108192527531,0.5832571833906636,-2.2705071261322254,-1.9512130801365222,-0.16705831723508383,0.15370407988827156,0.1007427186820971,-0.11029,0.08070000000000001,0.0538,0.0018853779774176773,0.0,-0.0013185084246234626,-8.06776613716414e-05,0.0,-0.00045541474515612725
1226,12.260477000148967,step,2.3520797689677555,0.3730561363618826,5.495500052347779,10.326300049200654,124371.0,124371.0,0.0,0.0,8.77,0.0002,1e-05,100.0,0.01,-0.02341611557944709,0.0,0.21602674818758438,-0.02470678472007941,0.0,0.2179930778672177,-0.06756552697991,0.0,-0.015287537378114845,0.6148745711137058,0.0,1.3033274122093637,-0.11854069377245612,0.0,-0.8653169940947752,0.42991798068795817,0.0,0.5409363911921626,0.5771212602391209,-2.26897314534434,-1.952747060924408,-0.14362864936814618,0.1644156518171509,0.09668030863406572,-0.09415,0.08877,0.056490000000000005,0.0015965116829720894,0.0,-0.001432245779671848,-0.00030584254233976984,0.0,-0.0005340838999614626
1227,12.270087799988687,step,2.3223092872117945,0.3769823157746931,3.847799962386489,9.61079983972013,124371.0,124371.0,0.0,0.0,8.77,0.0002,1e-05,100.0,0.01,-0.023844951049997856,0.0,0.21594883178022034,-0.024946848668320976,0.0,0.2179930778672177,-0.0712836658671481,0.0,-0.01633223773266175,0.6848545271798112,0.0,1.3331982557304807,-0.1120554688388986,0.0,-0.8710909286905343,0.4782516182908212,0.0,0.5533630280896676,0.5755872794512353,-2.2705071261322254,-1.9512130801365222,-0.13384184260009616,0.16931842153662996,0.09400819783050508,-0.07801000000000001,0.08608,0.04573,0.0016103128106133178,0.0,-0.0014336959692921117,-0.0005084151922901984,0.0,-0.0006105501177052417
1228,12.280485900118947,step,2.355915797677791,0.46807627131550616,4.282899899408221,10.39810013025999,124371.0,124371.0,0.0,0.0,8.77,0.0002,1e-05,100.0,0.01,-0.023749486322224192,0.0,0.21614150607901803,-0.025206202203544522,0.0,0.2179930778672177,-0.06761506277178582,0.0,-0.01543143845974923,0.5854729954241236,0.0,1.304355803231703,-0.10364440141794196,0.0,-0.8758731038340462,0.4114864672439995,0.0,0.5399369599270947,0.5755872794512353,-2.26897314534434,-1.9512130801365222,-0.14421003775933525,0.16245483355682733,0.0953548234622939,-0.07263,0.09415,0.05111,0.00208850884243253,0.0,-0.001187437286306961,-0.0006317929611122002,0.0,-0.0006641345018927076
1229,12.290168300038204,step,2.512069022054873,0.5429274123156943,4.5877001248300076,9.682399919256568,124371.0,124371.0,0.0,0.0,8.77,0.0002,1e-05,100.0,0.01,-0.023749486322224192,0.0,0.21614150607901803,-0.025447182609759395,0.0,0.2179930778672177,-0.06010227801936518,0.0,-0.01371683418644376,0.43983991416258245,0.0,1.2836777485021966,-0.09442152886557993,0.0,-0.8807232692277236,0.314884578604358,0.0,0.5297351061217231,0.5755872794512353,-2.26897314534434,-1.9512130801365222,-0.16064268096114462,0.15534068926402905,0.1005802543431705,-0.08070000000000001,0.09146,0.05111,0.002290083994600246,0.0,-0.0012043195952415073,-0.0005923877070650434,0.0,-0.0006472521929581612
1230,12.300371099961922,step,2.649029661893637,0.5268825179579432,3.8342999760061502,10.202799923717976,124371.0,124371.0,0.0,0.0,8.77,0.0002,1e-05,100.0,0.01,-0.024084898284799983,0.0,0.21589366226592455,-0.025700389628831033,0.0,0.2179930778672177,-0.048755835407382694,0.0,-0.011249492689816764,0.27241232760545675,0.0,1.2792136245523023,-0.08608631052054405,0.0,-0.8867149834008268,0.20532615026647288,0.0,0.5262736163788655,0.5740532986633496,-2.2705071261322254,-1.9512130801365222,-0.1773294778623761,0.1495783172891518,0.10723998925536707,-0.08877,0.08070000000000001,0.05918,0.002069675148940054,0.0,-0.001487771694788189,-0.00045418380490900353,0.0,-0.0006116439065049586
1231,12.310484500136226,step,2.609345599583131,0.44095981653965827,4.50089992955327,10.113400174304843,124371.0,124371.0,0.0,0.0,8.77,0.0002,1e-05,100.0,0.01,-0.02456453745623098,0.0,0.21578221933983502,-0.02595046278970431,0.0,0.2179930778672177,-0.0412255402277966,0.0,-0.009645325082869234,0.17904010665174586,0.0,1.273671395829664,-0.07924630160011671,0.0,-0.8931497515610953,0.1448913946424946,0.0,0.5230604829665728,0.5709853370875784,-2.2705071261322254,-1.9512130801365222,-0.18415823514380353,0.1466707914589968,0.11030645617429016,-0.09415,0.08339,0.06187,0.0016984073955984432,0.0,-0.0015977841490415362,-0.0003124820621251147,0.0,-0.0006130743783411391
1232,12.32014980004169,step,2.547017976343396,0.3516455187659506,3.9562000893056393,9.665299905464053,124371.0,124371.0,0.0,0.0,8.77,0.0002,1e-05,100.0,0.01,-0.025283349504681196,0.0,0.21561229718021646,-0.026188437286179957,0.0,0.2179930778672177,-0.03369331360007851,0.0,-0.008046768954439443,0.11501797063187266,0.0,1.275102240306899,-0.07476120567893756,0.0,-0.9002358660345576,0.1046669730587722,0.0,0.5230976422392126,0.5663833947239215,-2.2705071261322254,-1.9512130801365222,-0.18709631507580116,0.14555672471579134,0.11270146003140638,-0.09684000000000001,0.08070000000000001,0.06187,0.0011136710742802908,0.0,-0.0017595165982669022,-0.0002085832927815304,0.0,-0.0006212640887343305
1233,12.330539100104943,step,2.419776098864601,0.280340683114566,4.341399995610118,10.389300063252449,124371.0,124371.0,0.0,0.0,8.77,0.0002,1e-05,100.0,0.01,-0.02590857628593049,0.0,0.21563304276475156,-0.02644294571223038,0.0,0.2179930778672177,-0.03369779106324647,0.0,-0.008181710041847546,0.15351389776584362,0.0,1.2819052152688366,-0.0718339430077468,0.0,-0.9071278374416927,0.13243795702851788,0.0,0.5267015980577405,0.5617814523602646,-2.26897314534434,-1.9512130801365222,-0.17899581703114073,0.14821001998867459,0.11117486011169808,-0.10491,0.08339,0.06187,0.0007268535213107621,0.0,-0.0017113099331162534,-0.00019248409501087106,0.0,-0.0006487251693498759
1234,12.340152099961415,step,2.689634824870995,0.32873315587977703,4.349300172179937,9.612999856472015,124371.0,124371.0,0.0,0.0,8.77,0.0002,1e-05,100.0,0.01,-0.027104974957992786,0.0,0.21533769804684844,-0.026677080694494718,0.0,0.2179930778672177,-0.03737116396946223,0.0,-0.009377695191617803,0.3133522347831755,0.0,1.3391155563105475,-0.07266156499202331,0.0,-0.9151939190819377,0.24396870370801768,0.0,0.5536429985250662,0.5541115484208363,-2.26897314534434,-1.9512130801365222,-0.1551154298965779,0.16025465362934146,0.10775357218777204,-0.09146,0.08339,0.06456,-0.0002055025534626436,0.0,-0.0020028471995672554,-0.0002223917100354251,0.0,-0.0006525326208020026
1235,12.350501700071618,step,3.1118166119590027,0.4371387181965197,4.5779999345541,10.349600110203028,124371.0,124371.0,0.0,0.0,8.77,0.0002,1e-05,100.0,0.01,-0.02806044095709552,0.0,0.21509482083067233,-0.02692752049361219,0.0,0.2179930778672177,-0.04477550402564304,0.0,-0.011528188564293005,0.5044133533405888,0.0,1.4058898517928347,-0.07562120531271428,0.0,-0.9240634327558346,0.37623040834720156,0.0,0.5855415016748724,0.5479756252692938,-2.26897314534434,-1.9512130801365222,-0.1284093559314309,0.17298594531078837,0.102442263792936,-0.08339,0.08070000000000001,0.05918,-0.0007348930487445677,0.0,-0.0022023432709451607,-0.000398027414738763,0.0,-0.0006959137656002046
1236,12.36057829996571,step,3.647879718262878,0.5826973731275247,4.33199992403388,10.076599894091487,124371.0,124371.0,0.0,0.0,8.77,0.0002,1e-05,100.0,0.01,-0.02901439870323852,0.0,0.21484608555743445,-0.027169550243044894,0.0,0.2179930778672177,-0.055879906874410364,0.0,-0.014753386106440744,0.7534980554607207,0.0,1.4900714115219302,-0.08051585245981986,0.0,-0.9336853818271421,0.547698670555883,0.0,0.6264560891191994,0.5418397021177512,-2.26897314534434,-1.9512130801365222,-0.09523466975188365,0.18912033963238667,0.09581413106396235,-0.07801000000000001,0.09415,0.05111,-0.0012153646303972325,0.0,-0.00238917663016137,-0.0006294838297963934,0.0,-0.000757815679621872
1237,12.370509200030938,step,3.971078776778777,0.648357286476404,4.505299963057041,9.930900065228343,124371.0,124371.0,0.0,0.0,8.77,0.0002,1e-05,100.0,0.01,-0.029391330151561756,0.0,0.21455380333677926,-0.027406170874410347,0.0,0.2179930778672177,-0.06692972321744907,0.0,-0.017866767606506184,0.9408965208012331,0.0,1.5781458927579337,-0.08491261567507115,0.0,-0.9441896633601311,0.6790301390465099,0.0,0.6694856997902291,0.53877174054198,-2.26897314534434,-1.952747060924408,-0.07136366695875151,0.2007460112229974,0.09093661439227113,-0.056490000000000005,0.09953000000000001,0.0538,-0.0010917376348993754,0.0,-0.0026082640605623758,-0.0008934216422520343,0.0,-0.0008310104698760596
1238,12.380486499983817,step,3.9362192424051976,0.5589723165049129,4.585999995470047,9.977299952879548,124371.0,124371.0,0.0,0.0,8.77,0.0002,1e-05,100.0,0.01,-0.029728855613967084,0.0,0.2146556953777548,-0.027641824219064876,0.0,0.2179930778672177,-0.07069446682818899,0.0,-0.019013154449769795,1.0156396356754973,0.0,1.594440636816669,-0.08904431185968384,0.0,-0.9539222657838942,0.7289583649716503,0.0,0.6763195471867366,0.5372377597540943,-2.26897314534434,-1.9512130801365222,-0.06019560958070169,0.20553155815774815,0.08767542645069895,-0.040350000000000004,0.1076,0.048420000000000005,-0.0010259202053604422,0.0,-0.0024166523943518273,-0.0010611111895417655,0.0,-0.0009207300951110595
1239,12.390192900085822,step,3.4384160470639293,0.38034437535666615,3.6959999706596136,9.706400102004409,124371.0,124371.0,0.0,0.0,8.77,0.0002,1e-05,100.0,0.01,-0.02940219187745295,0.0,0.21491544590478368,-0.027868931815848506,0.0,0.2179930778672177,-0.07081281841992466,0.0,-0.01886431480382104,0.9638349389190695,0.0,1.573327561398539,-0.09062102378992758,0.0,-0.9625003106986961,0.6929748404818853,0.0,0.6653403027006062,0.53877174054198,-2.2674391645564542,-1.9512130801365222,-0.06746263626154073,0.20008624430159389,0.08775524828272266,-0.02152,0.11298000000000001,0.048420000000000005,-0.0003915052208567809,0.0,-0.002129970164156613,-0.0011417548407476644,0.0,-0.0009476617982774058
1240,12.400528100086376,step,3.193755385623613,0.36423556290034875,4.37949993647635,10.335200000554323,124371.0,124371.0,0.0,0.0,8.77,0.0002,1e-05,100.0,0.01,-0.02916373895111403,0.0,0.214978773193014,-0.028108257641817826,0.0,0.2179930778672177,-0.06199238191152433,0.0,-0.013721722425621693,0.7855831326699954,0.0,1.498562523918265,-0.0907237981999846,0.0,-0.9710347438960858,0.5729135017495713,0.0,0.6305582381577514,0.5403057213298655,-2.2674391645564542,-1.9512130801365222,-0.08976952141004158,0.18858600413418025,0.09261868672482068,-0.02959,0.11836,0.048420000000000005,-2.5519384572413517e-05,0.0,-0.002119141163164144,-0.0010299619247237902,0.0,-0.0008951635110395445
1241,12.410401500063017,step,2.914226166794767,0.32306406784822467,3.7179000210016966,9.87339997664094,124371.0,124371.0,0.0,0.0,8.77,0.0002,1e-05,100.0,0.01,-0.02907452941039658,0.0,0.215174422260252,-0.028334330301675065,0.0,0.2179930778672177,-0.04713464748665743,0.0,-0.009747489096118332,0.5341852897832582,0.0,1.426515078277365,-0.09051336048264272,0.0,-0.9790701984281434,0.4034536078791971,0.0,0.5954128744979404,0.5403057213298655,-2.2659051837685684,-1.9512130801365222,-0.11753268899650536,0.1749179896587813,0.10009812330111131,-0.048420000000000005,0.1076,0.056490000000000005,5.225270604237509e-05,0.0,-0.0019952423400332337,-0.0007924518147638899,0.0,-0.0008234132669324695
1242,12.42030300013721,step,2.8655238810839028,0.35773650088502223,3.587899962440133,9.901500074192882,124371.0,124371.0,0.0,0.0,8.77,0.0002,1e-05,100.0,0.01,-0.02907452941039658,0.0,0.215174422260252,-0.028558382452270353,0.0,0.2179930778672177,-0.030804879511725183,0.0,-0.00274996021244315,0.2709075229813487,0.0,1.3306450480340184,-0.09054516923576408,0.0,-0.9875287023372415,0.22682708213388633,0.0,0.5508718430864616,0.5403057213298655,-2.2659051837685684,-1.9512130801365222,-0.14760000569083606,0.1592797694935315,0.10693341633688741,-0.06456,0.09415,0.05111,-7.898267703241625e-06,0.0,-0.002100287552550906,-0.0005082486904229846,0.0,-0.0007183680544147974
1243,12.43047170015052,step,2.63071679025426,0.32091099172441345,3.380300011485815,10.168700013309717,124371.0,124371.0,0.0,0.0,8.77,0.0002,1e-05,100.0,0.01,-0.028985019852845878,0.0,0.21536993425163148,-0.028785549547950755,0.0,0.2179930778672177,-0.01588614148942001,0.0,0.0011964835575519611,0.018951586445556,0.0,1.2589493894844852,-0.09042182565673541,0.0,-0.9955391320826669,0.05748860323255393,0.0,0.5163288381343463,0.5403057213298655,-2.264371202980683,-1.9512130801365222,-0.17579663251476196,0.14492043673225496,0.11404038741435579,-0.08339,0.08877,0.05918,3.062680900842854e-05,0.0,-0.0019890285641180365,-0.00023009711390355178,0.0,-0.0006341150514681789
1244,12.44008280010894,step,2.99715262923353,0.5016264987843714,3.776900004595518,9.6110999584198,124371.0,124371.0,0.0,0.0,8.77,0.0002,1e-05,100.0,0.01,-0.029551938502433775,0.0,0.2150476747464865,-0.028997389731532205,0.0,0.2179930778672177,-0.008415329381416125,0.0,0.003134243016820714,-0.04854775159179925,0.0,1.273712367016913,-0.09283750823880105,0.0,-1.005259717323257,0.015444069945482388,0.0,0.5213144275277325,0.5372377597540943,-2.2659051837685684,-1.9512130801365222,-0.17962994003710614,0.1446562512037835,0.11704623018469369,-0.09684000000000001,0.08070000000000001,0.06456,-0.0005998257035229552,0.0,-0.0024136684694750247,4.527693262138498e-05,0.0,-0.0005317346512561634
1245,12.450601000105962,step,3.3065605303505126,0.6773550072939519,4.123799968510866,10.518199997022748,124371.0,124371.0,0.0,0.0,8.77,0.0002,1e-05,100.0,0.01,-0.03026731741975215,0.0,0.21485480871375268,-0.029225871664428416,0.0,0.2179930778672177,-0.00470412751256819,0.0,0.004109088202538288,-0.04250656723038274,0.0,1.2902201377099096,-0.09775097440114683,0.0,-1.0158109661465136,0.02234536136334856,0.0,0.5284787094083347,0.5326358173904374,-2.2659051837685684,-1.9512130801365222,-0.1746293578375255,0.14708857043897283,0.11709109780792024,-0.09953000000000001,0.08070000000000001,0.05918,-0.0012200374831717918,0.0,-0.0026199262665725807,0.00017859172784805578,0.0,-0.0005183428868924369
1246,12.460209300043061,step,3.5730480908957687,0.8040415597494585,3.599800169467926,9.608299937099218,124371.0,124371.0,0.0,0.0,8.77,0.0002,1e-05,100.0,0.01,-0.03079421204731693,0.0,0.2146901410212675,-0.029431391130424908,0.0,0.2179930778672177,-0.009804668603361875,0.0,-8.782607413812614e-06,0.0783923686007056,0.0,1.380070376882714,-0.1039172260828235,0.0,-1.0268918348917029,0.10801562000839182,0.0,0.5692950074303735,0.5280338750267805,-2.264371202980683,-1.952747060924408,-0.15648359551686394,0.1574436673287064,0.11601831082742121,-0.09415,0.08608,0.06725,-0.0015311102048426424,0.0,-0.0027514334623571233,0.0001682892879506211,0.0,-0.0005515033835930818
1247,12.4704667001497,step,4.052926765420531,1.0561763166059905,6.538900081068277,10.25740010663867,124371.0,124371.0,0.0,0.0,8.77,0.0002,1e-05,100.0,0.01,-0.031847132024589594,0.0,0.2145891268566701,-0.02964728364716581,0.0,0.2179930778672177,-0.02096981437120473,0.0,-0.0032282817651106,0.347974154185575,0.0,1.4500935819955703,-0.11312717746781366,0.0,-1.038135146628345,0.290914358267202,0.0,0.6041259158588087,0.5218979518752379,-2.264371202980683,-1.9512130801365222,-0.12136937644189616,0.1739822575985719,0.1080372387015327,-0.07801000000000001,0.08877,0.06187,-0.002286875606061656,0.0,-0.002791768845140458,8.702722863787203e-05,0.0,-0.0006121821654071487
1248,12.480137699982151,step,4.722912168086126,1.3685829842824675,4.002300091087818,9.670999832451344,124371.0,124371.0,0.0,0.0,8.77,0.0002,1e-05,100.0,0.01,-0.032645364020479226,0.0,0.21418818372399256,-0.02984738619599471,0.0,0.2179930778672177,-0.03205970288080295,0.0,-0.006546837320193585,0.5930296988321072,0.0,1.5548147531727476,-0.1238484206439474,0.0,-1.0507356046206047,0.460405094121171,0.0,0.6547128404740178,0.517296009511581,-2.2659051837685684,-1.9512130801365222,-0.08950163475869272,0.19076358614057037,0.10204638483364846,-0.06994,0.09415,0.06725,-0.0026621366890289444,0.0,-0.003128754843881724,-0.00013584113545557107,0.0,-0.0006761392993434052
1249,12.490108700003475,step,4.789106345624389,1.2425139439758448,3.869700012728572,9.971000021323562,124371.0,124371.0,0.0,0.0,8.77,0.0002,1e-05,100.0,0.01,-0.03303534936629929,0.0,0.21424826513858386,-0.03005006592629534,0.0,0.2179930778672177,-0.04453189078730119,0.0,-0.012959817409260006,0.8151790821219884,0.0,1.65601768577427,-0.13421281423139644,0.0,-1.0626134046845734,0.6116909139101069,0.0,0.7023383833162832,0.5142280479358097,-2.264371202980683,-1.9512130801365222,-0.06084817881102844,0.20505983315249676,0.09646803759325415,-0.048420000000000005,0.10222,0.05111,-0.002573529205093017,0.0,-0.0029493153746974502,-0.00041175423491093127,0.0,-0.0007954973539363837
1250,12.50014859996736,step,4.659340003357685,1.0440001939347399,3.6853000055998564,10.039899963885546,124371.0,124371.0,0.0,0.0,8.77,0.0002,1e-05,100.0,0.01,-0.033188295948617885,0.0,0.21437677918928755,-0.030250297797003445,0.0,0.2179930778672177,-0.05199701879865746,0.0,-0.015171135964872184,0.936982535162723,0.0,1.6865636175887782,-0.1434855794862328,0.0,-1.0736956365588688,0.6935326234328635,0.0,0.7178678859360156,0.512694067147924,-2.2628372221927973,-1.9512130801365222,-0.046205952224722374,0.21084580555827892,0.0925073914817137,-0.03766,0.11567000000000001,0.0538,-0.0023024725946524703,0.0,-0.002751771933926664,-0.0006355255569619701,0.0,-0.0008645267440034825
1251,12.510479599935934,step,4.1285712880383905,0.7147313415394713,4.461899865418673,10.330999968573451,124371.0,124371.0,0.0,0.0,8.77,0.0002,1e-05,100.0,0.01,-0.032865677286114184,0.0,0.21464343456436255,-0.030452175551278955,0.0,0.2179930778672177,-0.05075555874328526,0.0,-0.011976004570571666,0.8761556337159093,0.0,1.620805287831331,-0.1501187339360874,0.0,-1.0836428738814758,0.6502300324761314,0.0,0.6881140708628156,0.5142280479358097,-2.2613032414049115,-1.9512130801365222,-0.055581363096559366,0.2031668464519552,0.09204134502086783,-0.0269,0.11836,0.0538,-0.0016470444271110606,0.0,-0.0024699472809215717,-0.0007664573077241687,0.0,-0.0008796960219335714
1252,12.520104200113565,step,3.501690577534994,0.4790622904015272,4.3496000580489635,9.624600177630782,124371.0,124371.0,0.0,0.0,8.77,0.0002,1e-05,100.0,0.01,-0.03235465195855193,0.0,0.21494197191887984,-0.030636341918770186,0.0,0.2179930778672177,-0.04577668258222712,0.0,-0.007671141542378495,0.7381145676253729,0.0,1.5339183331738122,-0.15408843386153417,0.0,-1.0925901606535768,0.5557921537330729,0.0,0.6492053714360418,0.5157620287236954,-2.2582352798291403,-1.952747060924408,-0.07385357287127248,0.19127163734322628,0.09478651682034378,-0.03766,0.11298000000000001,0.04573,-0.0009856957483710639,0.0,-0.0022216547085039534,-0.0007326142914106807,0.0,-0.0008294512398338977
1253,12.53004839993082,step,2.7689820666981118,0.29276744421228207,3.9669000543653965,9.94419981725514,124371.0,124371.0,0.0,0.0,8.77,0.0002,1e-05,100.0,0.01,-0.031891743703468936,0.0,0.21543884581561512,-0.03082255695071624,0.0,0.2179930778672177,-0.03331740418943807,0.0,-0.001302289783868716,0.49176584805823614,0.0,1.393518482641176,-0.15620946642486064,0.0,-1.0999423514636528,0.38570419508708387,0.0,0.5829628834124425,0.5188299902994666,-2.2567012990412545,-1.9512130801365222,-0.10587932187486498,0.17301726065075554,0.09978269997267886,-0.04573,0.10491,0.05111,-0.0005266626745325563,0.0,-0.0018255846433755446,-0.0005425240782201404,0.0,-0.0007286474082270284
1254,12.540068000089377,step,2.35788982102089,0.2510740095147971,3.9947000332176685,10.019600158557296,124371.0,124371.0,0.0,0.0,8.77,0.0002,1e-05,100.0,0.01,-0.03156507990679015,0.0,0.21570245325438514,-0.031005898995850198,0.0,0.2179930778672177,-0.017000123324478384,0.0,0.006012650806247463,0.20181883329858846,0.0,1.2631905412548232,-0.15743635139247436,0.0,-1.1069215745707903,0.18972729265061986,0.0,0.5227063703170072,0.5203639710873522,-2.255167318253369,-1.9512130801365222,-0.14119691009886437,0.15383489698003888,0.10695690060424846,-0.0538,0.09684000000000001,0.0538,-0.00030464148903675724,0.0,-0.0017329749534819926,-0.00025453942190319757,0.0,-0.000557649659350561
1255,12.550242500146851,step,2.1142531232952475,0.2467674620573461,3.6383001133799553,10.174500057473779,124371.0,124371.0,0.0,0.0,8.77,0.0002,1e-05,100.0,0.01,-0.031477373584882465,0.0,0.215898780788785,-0.031187570174564423,0.0,0.2179930778672177,-0.0006337804643072572,0.0,0.013255499508063885,-0.06297433564837027,0.0,1.1409775675420666,-0.15885326149742102,0.0,-1.113802407235953,0.011484252152863392,0.0,0.46695823980860257,0.5203639710873522,-2.2536333374654833,-1.9512130801365222,-0.17193971662353266,0.1363832862477427,0.11286401249190782,-0.07532,0.08608,0.0538,-0.0003518256524421658,0.0,-0.0017085441294508502,6.202224212412415e-05,0.0,-0.00038575294898184954
1256,12.560453000012785,step,2.3056563391154112,0.3923029570165838,3.472199896350503,10.210499865934253,124371.0,124371.0,0.0,0.0,8.77,0.0002,1e-05,100.0,0.01,-0.03195699366932382,0.0,0.2157646580440148,-0.03136521985640252,0.0,0.2179930778672177,0.008184318863214229,0.0,0.01843409107606271,-0.15234179822447996,0.0,1.0857476344533792,-0.16259657626891708,0.0,-1.1218303699865402,-0.04742871519156005,0.0,0.4425706509283909,0.517296009511581,-2.2536333374654833,-1.9512130801365222,-0.17915193883343028,0.13074916718142426,0.11352236599879098,-0.09415,0.07263,0.06187,-0.000929483216458232,0.0,-0.001993382094351761,0.00033770940353692854,0.0,-0.00023503772885114307
1257,12.570528500014916,step,2.5296627394445275,0.5395155583459506,4.3854000978171825,10.075500002130866,124371.0,124371.0,0.0,0.0,8.77,0.0002,1e-05,100.0,0.01,-0.032436200013799876,0.0,0.2156290644767701,-0.03153584771324276,0.0,0.2179930778672177,0.011871828954454116,0.0,0.01952473014585717,-0.1624292867449582,0.0,1.092528898876741,-0.16806782942630222,0.0,-1.1306603473679944,-0.05254890352316909,0.0,0.4452073847112585,0.5142280479358097,-2.2536333374654833,-1.9512130801365222,-0.17751299498336987,0.13149950359625676,0.11395000869450686,-0.09415,0.07263,0.06725,-0.0013585386998462706,0.0,-0.0021925262177424003,0.0004581863992891566,0.0,-0.0001714871727051888
1258,12.580328700132668,step,3.137546801805953,0.8661280469363759,3.4992999862879515,9.800200117751956,124371.0,124371.0,0.0,0.0,8.77,0.0002,1e-05,100.0,0.01,-0.033393353444902185,0.0,0.21535346999372212,-0.031697278503249264,0.0,0.2179930778672177,0.006678591131877088,0.0,0.015423863958458552,0.014711359511577631,0.0,1.1926340718065653,-0.17672234211861831,0.0,-1.1405762446771548,0.06937146063094851,0.0,0.49061023477224275,0.5080921247842671,-2.2536333374654833,-1.9512130801365222,-0.1514636562636867,0.1456354728427378,0.11043693856640899,-0.09146,0.06994,0.06725,-0.0021489574842560133,0.0,-0.0024621654035533905,0.00045288254260309217,0.0,-0.00017744246994217923
1259,12.590484000043944,step,3.631445972750554,1.0548113664806817,4.3299999088048935,10.155299911275506,124371.0,124371.0,0.0,0.0,8.77,0.0002,1e-05,100.0,0.01,-0.03411009893292821,0.0,0.21514292281518432,-0.031859762062063125,0.0,0.2179930778672177,-0.002178858308799704,0.0,0.010152031691798298,0.22318614098591133,0.0,1.3040423310835736,-0.18683218341526367,0.0,-1.1510047336498095,0.21201482358723647,0.0,0.5418689562369796,0.5034901824206102,-2.2536333374654833,-1.9512130801365222,-0.12373995912458252,0.1610959394031824,0.10667273843655611,-0.08877,0.08339,0.056490000000000005,-0.002510322636461749,0.0,-0.0025894444001641668,0.0002599857655966619,0.0,-0.00026071065186920395
1260,12.600128800142556,step,4.161738389440919,1.2167049201096862,3.8499999791383743,9.644800098612905,124371.0,124371.0,0.0,0.0,8.77,0.0002,1e-05,100.0,0.01,-0.034825867908834504,0.0,0.21492907945633027,-0.032009490774957426,0.0,0.2179930778672177,-0.018442093843542267,0.0,0.0025532699160569394,0.5441162303773798,0.0,1.4508786003198462,-0.19809653497145513,0.0,-1.1617961824886107,0.430099493979161,0.0,0.6111475960602079,0.4988882400569533,-2.2536333374654833,-1.9512130801365222,-0.08309046026156741,0.18282103316403098,0.09969386468382758,-0.07263,0.08608,0.056490000000000005,-0.0027969931343980107,0.0,-0.0026795690956346193,-1.9383999479067205e-05,0.0,-0.00038442931525280036
1261,12.610461800126359,step,4.487584961508427,1.21546233006308,3.3927999902516603,10.332999983802438,124371.0,124371.0,0.0,0.0,8.77,0.0002,1e-05,100.0,0.01,-0.03530249723286301,0.0,0.21478468823935234,-0.032164877947072804,0.0,0.2179930778672177,-0.035940784920240006,0.0,-0.008242596735355372,0.8581477683228115,0.0,1.6378945792620365,-0.20934405161169997,0.0,-1.172593674578908,0.6443173358471467,0.0,0.6970885879231331,0.49582027848118193,-2.2536333374654833,-1.9512130801365222,-0.043586972439539545,0.20577797654615143,0.09430157104908014,-0.04573,0.10222,0.056490000000000005,-0.0027928129431028436,0.0,-0.0026810696642966952,-0.0003448063426873616,0.0,-0.0005273199635686537
1262,12.620080500142649,step,4.1898914137902,0.8656785717651699,3.661500057205558,9.61870001628995,124371.0,124371.0,0.0,0.0,8.77,0.0002,1e-05,100.0,0.01,-0.035219331169223406,0.0,0.2149829817226663,-0.032304796684968724,0.0,0.2179930778672177,-0.04344080210530905,0.0,-0.010489364155729932,0.9632445618337473,0.0,1.6601946983133657,-0.21849864612613218,0.0,-1.18204508260255,0.7133695007932231,0.0,0.7082894534178356,0.49582027848118193,-2.252099356677598,-1.9512130801365222,-0.03189126263430006,0.2098597422180367,0.09035606922831174,-0.01883,0.11029,0.04573,-0.0022731302265677723,0.0,-0.002346830460737019,-0.0006414042576869091,0.0,-0.0006632656838143694
1263,12.630596400005743,step,3.671800122037419,0.5493065806294684,4.231699975207448,10.515899863094091,124371.0,124371.0,0.0,0.0,8.77,0.0002,1e-05,100.0,0.01,-0.034896993772055115,0.0,0.21525326970807174,-0.032452496403009436,0.0,0.2179930778672177,-0.047244173310378175,0.0,-0.011525244355612764,0.984866108621662,0.0,1.6552303080721527,-0.22512769349538342,0.0,-1.190164014004041,0.7258717268798341,0.0,0.7055067541464601,0.4973542592690676,-2.250565375889712,-1.9512130801365222,-0.031324330572889414,0.20909327162277136,0.08937974275044422,-0.0,0.12374,0.0538,-0.0016460246190739326,0.0,-0.002015970051657077,-0.0007984727499717472,0.0,-0.0007238381074888799
1264,12.64003870007582,step,3.1741601224300324,0.36927146262742044,3.754899837076664,9.44230007007718,124371.0,124371.0,0.0,0.0,8.77,0.0002,1e-05,100.0,0.01,-0.03457363496179339,0.0,0.21552280496919196,-0.03258038528046779,0.0,0.2179930778672177,-0.04357715677753349,0.0,-0.010311602680130465,0.8943662089994903,0.0,1.6156135252581247,-0.2299721083206766,0.0,-1.1972623192613516,0.6633858385930343,0.0,0.6857572359142011,0.4988882400569533,-2.2490313951018264,-1.9512130801365222,-0.04347608216325888,0.20262684776721737,0.0920288858031223,-0.03228,0.11836,0.048420000000000005,-0.001202891701215889,0.0,-0.0017625436290335224,-0.0007903579801097067,0.0,-0.0007077292689922103
1265,12.650056200101972,step,2.282329740908888,0.16103346650797049,3.7345997989177704,10.017500026151538,124371.0,124371.0,0.0,0.0,8.77,0.0002,1e-05,100.0,0.01,-0.03392386091332808,0.0,0.2160596036139485,-0.03271113408580989,0.0,0.2179930778672177,-0.031108957319723685,0.0,-0.0037461878023923824,0.6355731196688873,0.0,1.4660448944161382,-0.23218559617865706,0.0,-1.2024879450424584,0.4856661527305152,0.0,0.6162882735382998,0.5019562016327246,-2.245963433526055,-1.9512130801365222,-0.07736165562932587,0.18258439846737062,0.09720708731823312,-0.01614,0.11298000000000001,0.048420000000000005,-0.0005496197726927055,0.0,-0.0012975482307860864,-0.0006631070548254847,0.0,-0.0006359260224831154
1266,12.66033950005658,step,1.7890928776638053,0.11283468479812143,3.4807000774890184,10.283299954608083,124371.0,124371.0,0.0,0.0,8.77,0.0002,1e-05,100.0,0.01,-0.033751767313158515,0.0,0.2164537245124621,-0.03284004116232702,0.0,0.2179930778672177,-0.013419798241729406,0.0,0.006828547626978288,0.3497269486092561,0.0,1.2707982144197671,-0.23426821921240287,0.0,-1.206757560746352,0.29101175780251565,0.0,0.5291720626535635,0.5019562016327246,-2.242895471950284,-1.9512130801365222,-0.11285572708454272,0.16011639886927956,0.10209346740065878,-0.04304,0.10222,0.056490000000000005,-0.0005171254020143231,0.0,-0.0010601662910409277,-0.0003946007488171716,0.0,-0.0004791870637146794
1267,12.670033399946988,step,1.4343866541112376,0.10197760124756244,4.251499893143773,9.69389989040792,124371.0,124371.0,0.0,0.0,8.77,0.0002,1e-05,100.0,0.01,-0.03327002475603863,0.0,0.21659335030229285,-0.03295661158228553,0.0,0.2179930778672177,0.0030294651128169653,0.0,0.01428657414613521,0.048964810777914286,0.0,1.1489309060841217,-0.2350018886399378,0.0,-1.2112137081205547,0.0894661033708116,0.0,0.4726589009846489,0.5050241632084959,-2.242895471950284,-1.9512130801365222,-0.1500617480853082,0.14098695340493422,0.10953858497530644,-0.06187,0.08877,0.0538,-0.00018217367786296898,0.0,-0.0011064830096375814,-0.0001312394958901317,0.0,-0.00029324455528726497
1268,12.680593700148165,step,1.3188304661949461,0.12485685236755296,4.489999962970614,10.560300201177597,124371.0,124371.0,0.0,0.0,8.77,0.0002,1e-05,100.0,0.01,-0.03342414767204492,0.0,0.21672045122688793,-0.03307811987997185,0.0,0.2179930778672177,0.011926307660350586,0.0,0.019535932452936687,-0.07077279430374618,0.0,1.0614276838612104,-0.23707245595082257,0.0,-1.2157616880550537,0.008604420482218923,0.0,0.43435514676656223,0.5034901824206102,-2.2413614911623982,-1.9512130801365222,-0.16318257436442474,0.1314128574103138,0.11060439419804122,-0.08070000000000001,0.07801000000000001,0.06187,-0.000514131907546022,0.0,-0.001129285479835881,0.00016810411547294943,0.0,-0.00014334116049387943
1269,12.690474800067022,step,1.425263290729499,0.19727179416695864,4.544799914583564,9.881099918857217,124371.0,124371.0,0.0,0.0,8.77,0.0002,1e-05,100.0,0.01,-0.03366526728540206,0.0,0.21665058650692587,-0.03318663131157343,0.0,0.2179930778672177,0.015664926439519625,0.0,0.02064929492576454,-0.10206886184994583,0.0,1.0571449435709699,-0.2404684051927236,0.0,-1.221045804592359,-0.011700304584351675,0.0,0.432015751127574,0.5019562016327246,-2.2413614911623982,-1.9512130801365222,-0.16503080591575567,0.13038444963039952,0.11134649129638921,-0.08877,0.07263,0.0538,-0.0008432306704011299,0.0,-0.0013120717692869143,0.00036459469657249607,0.0,-3.0419591004911088e-05
1270,12.700453900033608,step,1.902346851265916,0.39477972465971833,4.298399901017547,9.979099966585636,124371.0,124371.0,0.0,0.0,8.77,0.0002,1e-05,100.0,0.01,-0.03438797912851811,0.0,0.21643877426592245,-0.03329113645177637,0.0,0.2179930778672177,0.01556973403497598,0.0,0.02072116510317917,-0.02151249160880515,0.0,1.0847125812038165,-0.24672191898348164,0.0,-1.2273584514382345,0.04308342380728655,0.0,0.4452078952201117,0.4973542592690676,-2.2413614911623982,-1.9512130801365222,-0.1517237001043881,0.13613537914315843,0.10856058538618976,-0.08877,0.06994,0.06187,-0.001552777809833141,0.0,-0.0015674608342713093,0.0004559351330914014,0.0,1.3157232976066576e-05
1271,12.710487599950284,step,2.5198274416852326,0.6168126252913992,4.362700041383505,10.033699916675687,124371.0,124371.0,0.0,0.0,8.77,0.0002,1e-05,100.0,0.01,-0.03500720444612529,0.0,0.21605977667540677,-0.033391074241713406,0.0,0.2179930778672177,0.006611592257574801,0.0,0.015431990334639586,0.1826213420611787,0.0,1.2113449853085068,-0.25473323522177344,0.0,-1.2350513921755835,0.18269839256066975,0.0,0.503127782501499,0.49275231690541066,-2.2413614911623982,-1.952747060924408,-0.123551019844913,0.1522844302533466,0.10556115837059803,-0.08877,0.07532,0.05918,-0.00198924868459712,0.0,-0.001910194503284013,0.0003731184801852366,0.0,-2.3106688526913603e-05
1272,12.720449900021777,step,3.3065135677895743,0.91931936352635,4.302500048652291,9.962300071492791,124371.0,124371.0,0.0,0.0,8.77,0.0002,1e-05,100.0,0.01,-0.03607045991468849,0.0,0.21593162838540142,-0.03348522143286598,0.0,0.2179930778672177,-0.006024997370620947,0.0,0.008929435329929453,0.4926346763690019,0.0,1.3297214779375588,-0.26589424151297825,0.0,-1.2427517695217243,0.38985299828952985,0.0,0.5588776025333634,0.4866163937538681,-2.2413614911623982,-1.9512130801365222,-0.08396048308654065,0.17219760578853213,0.09778913944545523,-0.06725,0.08339,0.056490000000000005,-0.0027713320037773682,0.0,-0.0019120410493217597,0.00018609352195485913,0.0,-0.00014940843249451456
1273,12.730171600123867,step,3.9460175454896427,1.0849524404941682,3.723300062119961,9.721700102090836,124371.0,124371.0,0.0,0.0,8.77,0.0002,1e-05,100.0,0.01,-0.03678983769725788,0.0,0.21570875523860122,-0.03357224160736362,0.0,0.2179930778672177,-0.019890079034600758,0.0,-0.0008142851903268361,0.7866890910701518,0.0,1.5066750676930882,-0.27823560104556766,0.0,-1.2507942400989909,0.5888978861767363,0.0,0.639943779710356,0.48201445139021115,-2.2413614911623982,-1.9512130801365222,-0.04579327046202428,0.19421325470861583,0.09298987549581328,-0.05111,0.09415,0.048420000000000005,-0.003064419439467585,0.0,-0.001996984458093214,-0.00015317665042667702,0.0,-0.00028733817052325594
1274,12.740283800056204,step,3.93541436638503,0.8575524726659667,3.7412000820040703,10.112199932336807,124371.0,124371.0,0.0,0.0,8.77,0.0002,1e-05,100.0,0.01,-0.036946844112706476,0.0,0.215832276507131,-0.03365770688276347,0.0,0.2179930778672177,-0.03619676351721411,0.0,-0.008634937584258219,1.0565846051575327,0.0,1.6172286803163154,-0.28934867415405624,0.0,-1.2577231722402793,0.7680221133286732,0.0,0.6919180578019648,0.48048047060232557,-2.2398275103745124,-1.9512130801365222,-0.013845718842227184,0.20986038890513256,0.08621894977922129,-0.02959,0.11029,0.0538,-0.002759429961986659,0.0,-0.0017204874627018622,-0.0005297072679563476,0.0,-0.0004403138973848382
1275,12.750238300068304,step,3.691864746034744,0.6026098724331601,3.5375000443309546,9.954500012099743,124371.0,124371.0,0.0,0.0,8.77,0.0002,1e-05,100.0,0.01,-0.036863982325190225,0.0,0.21603069733223684,-0.033736854579327825,0.0,0.2179930778672177,-0.043747058351040355,0.0,-0.010960650845244965,1.1692903575781313,0.0,1.6368176812758826,-0.2986892330910592,0.0,-1.2634917017956344,0.8407573798498175,0.0,0.7018994648321754,0.48048047060232557,-2.238293529586627,-1.9512130801365222,-0.001920410830230146,0.2141759162193103,0.08243470877833776,-0.00807,0.11298000000000001,0.05111,-0.002319306094799344,0.0,-0.0014323538715401616,-0.0008078216510630561,0.0,-0.0005300266634406894
1276,12.760493099922314,step,2.9650149857262598,0.2824249563749232,4.255800042301416,10.254799854010344,124371.0,124371.0,0.0,0.0,8.77,0.0002,1e-05,100.0,0.01,-0.036299748922414846,0.0,0.21637791065422785,-0.033813275769601026,0.0,0.2179930778672177,-0.04383271937136208,0.0,-0.010804286496651124,1.116744450746729,0.0,1.6019866165693961,-0.3048639325074507,0.0,-1.2677763346144648,0.8024942229912773,0.0,0.6843183078324009,0.48354843217809684,-2.2367595487987413,-1.9512130801365222,-0.011270946578615937,0.2084450809664291,0.08321532992369474,0.00269,0.11836,0.04573,-0.001533207818352014,0.0,-0.0010638951135272527,-0.0009532653344618061,0.0,-0.0005512720994625959
1277,12.770090300124139,step,2.1457604011116196,0.10182688896694127,3.7052000407129526,9.597200201824307,124371.0,124371.0,0.0,0.0,8.77,0.0002,1e-05,100.0,0.01,-0.03580499120463075,0.0,0.21704476581653914,-0.03388015563931185,0.0,0.2179930778672177,-0.03511856353706762,0.0,-0.005290394513371798,0.9384989087333454,0.0,1.4508803584850618,-0.3089874659250006,0.0,-1.269609869437624,0.6772280843235654,0.0,0.6155271355901946,0.48508241296598253,-2.2321576064350843,-1.9512130801365222,-0.03553533547404322,0.19180917656360222,0.08561756742173696,0.00269,0.11567000000000001,0.05111,-0.0010238933507014335,0.0,-0.0004552755910070366,-0.000900942214617469,0.0,-0.0004930364596715148
1278,12.78050890006125,step,1.0816161464080505,0.00729811120920075,4.214799962937832,10.41859993711114,124371.0,124371.0,0.0,0.0,8.77,0.0002,1e-05,100.0,0.01,-0.03496184042381964,0.0,0.21761687271162578,-0.03394775799665868,0.0,0.2179930778672177,-0.02113973460335405,0.0,0.004413102809005145,0.6420078983124337,0.0,1.2455566668727467,-0.3101732487375008,0.0,-1.2698412595053006,0.4755969793665113,0.0,0.524373832609003,0.4881503745417538,-2.2275556640714274,-1.952747060924408,-0.07579431073502682,0.1665223518020526,0.09087840390138058,-0.00807,0.10491,0.05111,-0.00029443562453687806,0.0,-5.7455276269594154e-05,-0.0007196468026240808,0.0,-0.00031874987932232465
1279,12.79017399996519,step,0.500536054805619,0.004392404327181758,3.643800038844347,9.665099903941154,124371.0,124371.0,0.0,0.0,8.77,0.0002,1e-05,100.0,0.01,-0.03448960420198513,0.0,0.21812177459333118,-0.03400589613419212,0.0,0.2179930778672177,-0.003199055775676067,0.0,0.015076937765402584,0.3250229421164594,0.0,1.031779647479418,-0.3105604695774494,0.0,-1.26898771343944,0.26068499327481176,0.0,0.428692777527793,0.4912183361175251,-2.226021683283542,-1.9512130801365222,-0.11757131412800487,0.1415992303877635,0.09589442591677483,-0.05111,0.09415,0.0538,-9.614881295468794e-05,0.0,0.0002119396286767948,-0.00038755925483831874,0.0,-8.324290256330843e-05
1280,12.800456600030884,step,0.5784524945921252,0.013783993718924548,4.393199924379587,10.28260006569326,124371.0,124371.0,0.0,0.0,8.77,0.0002,1e-05,100.0,0.01,-0.03431389049881266,0.0,0.21851429489138213,-0.034063011838458654,0.0,0.2179930778672177,0.01102541936838626,0.0,0.02452830966629123,0.09550001769509942,0.0,0.8473105399316234,-0.31145216263609765,0.0,-1.2675871127708185,0.10561372947687014,0.0,0.3488975725672622,0.4912183361175251,-2.2229537217077704,-1.9512130801365222,-0.14620564467269975,0.12175172493987393,0.09799319147713731,-0.056490000000000005,0.08070000000000001,0.056490000000000005,-0.00022141171203579802,0.0,0.0003477759402861355,-2.946694831820561e-05,0.0,0.0001734410838783032
1281,12.810115600004792,step,0.7261627742519278,0.01941764889285901,3.6816999781876802,9.658999973908067,124371.0,124371.0,0.0,0.0,8.77,0.0002,1e-05,100.0,0.01,-0.034225582265280705,0.0,0.21871035242262377,-0.034112314499008575,0.0,0.2179930778672177,0.023899897662878266,0.0,0.03090087167632693,-0.10355402745282147,0.0,0.729669774105131,-0.31299594164712935,0.0,-1.2663622551694338,-0.027385377305177858,0.0,0.2974998526377811,0.4912183361175251,-2.221419740919885,-1.9512130801365222,-0.16978426613259742,0.10711179248442751,0.10098199233841854,-0.07801000000000001,0.06456,0.048420000000000005,-0.000383327817259935,0.0,0.00030413808416739627,0.0002700600509878057,0.0,0.00041313647123867594
1282,12.82054330012761,step,0.7161817155200888,0.05151990398660943,4.393900046125054,10.42770012281835,124371.0,124371.0,0.0,0.0,8.77,0.0002,1e-05,100.0,0.01,-0.03446975340471829,0.0,0.21863925597666012,-0.03416093290584765,0.0,0.2179930778672177,0.032863226592969606,0.0,0.036232301951979996,-0.20682866682328502,0.0,0.657116593824555,-0.31619846333832163,0.0,-1.2661435416244378,-0.09651017255061044,0.0,0.26615550273988103,0.4896843553296394,-2.221419740919885,-1.9512130801365222,-0.17995084912685003,0.09950601406503706,0.10116180394032345,-0.09146,0.06187,0.05918,-0.0007952016712495164,0.0,5.4307634194676016e-05,0.00048638117237887585,0.0,0.0005918704752477486
1283,12.830513200024143,step,1.0874422533996986,0.20376280345782538,4.301000153645873,9.969899896532297,124371.0,124371.0,0.0,0.0,8.77,0.0002,1e-05,100.0,0.01,-0.0352016084391744,0.0,0.21842372049211267,-0.034203070716250235,0.0,0.2179930778672177,0.027520965328054623,0.0,0.03217887046062864,-0.04203754399543665,0.0,0.7408472015447676,-0.3225105787287686,0.0,-1.2670973550177425,0.012297294067376755,0.0,0.30314327497645155,0.48508241296598253,-2.221419740919885,-1.9512130801365222,-0.1568201545786675,0.11143883487389006,0.09734772956791914,-0.09684000000000001,0.0538,0.0538,-0.0015673288713103201,0.0,-0.00023683649247468542,0.0005687911483861544,0.0,0.0006674791173696634
1284,12.840234000002965,step,1.7054634600175047,0.3900963861980416,3.920799819752574,9.72079997882247,124371.0,124371.0,0.0,0.0,8.77,0.0002,1e-05,100.0,0.01,-0.035932463845701354,0.0,0.21820481934705327,-0.0342401957938928,0.0,0.2179930778672177,0.014605072160933341,0.0,0.025778205990121827,0.23841004693796927,0.0,0.8609759992844459,-0.3311751172003907,0.0,-1.268813469907075,0.1972834787553655,0.0,0.3575463237123122,0.48048047060232557,-2.221419740919885,-1.9512130801365222,-0.12163898037620187,0.1299105472979261,0.09147908312736809,-0.08877,0.05918,0.05111,-0.0021514469338924265,0.0,-0.00042611965183763365,0.0004591788820838723,0.0,0.0006378611316732091
1285,12.850462400121614,step,2.8775877771630687,0.8126688073904831,4.419600125402212,10.228400118649006,124371.0,124371.0,0.0,0.0,8.77,0.0002,1e-05,100.0,0.01,-0.037148292765397536,0.0,0.21783251748313437,-0.034275187863320115,0.0,0.2179930778672177,0.00036359949745110227,0.0,0.016175904097919636,0.5946688157231229,0.0,1.0463189620634437,-0.3436128681105452,0.0,-1.2716127758523135,0.43371060836040115,0.0,0.4413953980869336,0.47281056666289734,-2.221419740919885,-1.9512130801365222,-0.07426912859466603,0.15553859882677623,0.08467257943117,-0.06187,0.07263,0.05111,-0.0030883538861083636,0.0,-0.0006950812455429934,0.00021524898403094258,0.0,0.0005345208614596687
1286,12.860072599956766,step,3.451375565965026,0.8932016162709316,3.78140015527606,9.610199835151434,124371.0,124371.0,0.0,0.0,8.77,0.0002,1e-05,100.0,0.01,-0.037717896496943945,0.0,0.21748307884345908,-0.03430440938064987,0.0,0.2179930778672177,-0.01748330934136843,0.0,0.005226050427379936,0.9370417287600619,0.0,1.2502346901735084,-0.3565137905376898,0.0,-1.2751065594436346,0.6618631889279291,0.0,0.5333689361653827,0.46974260508712606,-2.2229537217077704,-1.9512130801365222,-0.03222608889348491,0.1805467502318348,0.07944019620294444,-0.04573,0.08070000000000001,0.04573,-0.0032033616206066603,0.0,-0.0008675234139533239,-0.000210125495687418,0.0,0.00035752439019470675
1287,12.87034390005283,step,3.815433286420984,0.8366062106497986,5.090499995276332,10.271300096064806,124371.0,124371.0,0.0,0.0,8.77,0.0002,1e-05,100.0,0.01,-0.038118877626162354,0.0,0.21752796866312635,-0.03433189933319595,0.0,0.2179930778672177,-0.033974598433538526,0.0,-0.002728112514440779,1.2414515317807253,0.0,1.366890941718831,-0.36921882078987406,0.0,-1.2775362607464786,0.8612047710411029,0.0,0.5879354588093507,0.4666746435113548,-2.221419740919885,-1.9512130801365222,0.004560491581137499,0.1983337168434516,0.07197156419833853,-0.01614,0.10491,0.048420000000000005,-0.003154720643297578,0.0,-0.0006033066198965963,-0.0006322576496688263,0.0,0.00013819741580525
1288,12.88028659997508,step,3.442596042917667,0.48390507649867665,3.6583999171853065,9.942699922248721,124371.0,124371.0,0.0,0.0,8.77,0.0002,1e-05,100.0,0.01,-0.037792329171112735,0.0,0.21780257276034615,-0.034355008220289515,0.0,0.2179930778672177,-0.04292118294003961,0.0,-0.008142911868645153,1.3534602334226111,0.0,1.4194514172026476,-0.37903495301546536,0.0,-1.2781878460666354,0.9322539998676856,0.0,0.6103143976644352,0.4682086242992405,-2.2198857601319992,-1.9512130801365222,0.015614977592382617,0.20358105810021754,0.06923698044563696,-0.0,0.11029,0.04304,-0.0024373932493460615,0.0,-0.00016179179581366372,-0.000999927701477158,0.0,-2.8713311057883154e-05
1289,12.890459700021893,step,2.7837753452403864,0.22140355448934784,4.526100121438503,10.173100046813488,124371.0,124371.0,0.0,0.0,8.77,0.0002,1e-05,100.0,0.01,-0.03713615132760793,0.0,0.218349497158552,-0.03437528724882155,0.0,0.2179930778672177,-0.04437638363003066,0.0,-0.011055131922387334,1.3151265503462934,0.0,1.4030516549718421,-0.3854289174507201,0.0,-1.276344498649959,0.9019912108237668,0.0,0.5997780485901305,0.47127658587501176,-2.216817798556228,-1.9512130801365222,0.008259282186149908,0.19935419698769,0.07047563564786405,0.00269,0.11029,0.040350000000000004,-0.0015876523861830891,0.0,0.00045771210557787477,-0.0011732116926032928,0.0,-0.00010129281424356028
1290,12.900126500055194,step,2.081852835954867,0.1253458496558489,3.6766999401152134,9.666800033301115,124371.0,124371.0,0.0,0.0,8.77,0.0002,1e-05,100.0,0.01,-0.03623131544259277,0.0,0.21896752712047482,-0.03439159810468459,0.0,0.2179930778672177,-0.0355229496591365,0.0,-0.005417392171181263,1.092783532361929,0.0,1.2493609074445298,-0.3882954564184622,0.0,-1.272239364757187,0.7495198213496582,0.0,0.5296878004652417,0.4758785282386686,-2.213749836980457,-1.9512130801365222,-0.023695301767188676,0.18037720671608248,0.0744257824425062,0.00269,0.11298000000000001,0.04304,-0.0007117755311757895,0.0,0.0010193246594436144,-0.0011279418067323887,0.0,-4.487540618648852e-05
1291,12.910447400063276,step,1.9649218628609109,0.22497429326005067,4.395599942654371,10.32090000808239,124371.0,124371.0,0.0,0.0,8.77,0.0002,1e-05,100.0,0.01,-0.03523202245392795,0.0,0.2197759676146366,-0.03440605509640266,0.0,0.2179930778672177,-0.017510988913212164,0.0,0.005451207470639861,0.7206574025661263,0.0,0.9947443254843222,-0.38809402492128975,0.0,-1.2655345691597093,0.49828399378767146,0.0,0.4168670491330758,0.48048047060232557,-2.2091478946168,-1.9512130801365222,-0.07411976775134592,0.15002194869335683,0.08085194067315314,0.00807,0.09953000000000001,0.04304,5.001641788543259e-05,0.0,0.0016648332715947158,-0.0008759837754107236,0.0,0.00011805647582419847
1292,12.920051000081003,step,2.3913790432594717,0.35093360343959623,3.792000003159046,9.603600017726421,124371.0,124371.0,0.0,0.0,8.77,0.0002,1e-05,100.0,0.01,-0.03431402583366859,0.0,0.22038223965867196,-0.03441698049745629,0.0,0.2179930778672177,0.004608031622281519,0.0,0.017195732809378046,0.2932010271026848,0.0,0.7468083536681313,-0.3857971145631107,0.0,-1.2574778375957059,0.21415443587753138,0.0,0.3087354537061841,0.48508241296598253,-2.2060799330410283,-1.9512130801365222,-0.12978193895096085,0.11836876003696534,0.08912915851932404,-0.05111,0.08070000000000001,0.04573,0.0005703339841717865,0.0,0.0020005255302795633,-0.00046737932038408577,0.0,0.0003886362611747007
1293,12.930523500079289,step,2.8130693140807272,0.3720446687323285,4.210700048133731,10.472499998286366,124371.0,124371.0,0.0,0.0,8.77,0.0002,1e-05,100.0,0.01,-0.03372922164759623,0.0,0.22071839166268997,-0.03442637563491259,0.0,0.2179930778672177,0.02543992058308878,0.0,0.02569826247665141,-0.08040035796862151,0.0,0.5754390930781209,-0.383070988991564,0.0,-1.2492938793165707,-0.03236483711109451,0.0,0.23441285914284013,0.4881503745417538,-2.204545952253143,-1.9512130801365222,-0.17545533781438374,0.09370844036825526,0.09694602754628664,-0.06456,0.06456,0.0538,0.0006769102037597485,0.0,0.0020321165408193425,2.0243783556611063e-05,0.0,0.0006931972546529359
1294,12.940155599964783,step,2.8147035867555514,0.2565053131641741,3.6700000055134296,9.632099885493517,124371.0,124371.0,0.0,0.0,8.77,0.0002,1e-05,100.0,0.01,-0.03372922164759623,0.0,0.22071839166268997,-0.0344329410501304,0.0,0.2179930778672177,0.04232956591400764,0.0,0.03312929795750725,-0.33176933564724237,0.0,0.45691194965070586,-0.382167193927827,0.0,-1.242188654681445,-0.19803884752444859,0.0,0.18341854093006396,0.4881503745417538,-2.204545952253143,-1.9512130801365222,-0.20331869474842498,0.07742509021082611,0.10060227488063836,-0.09684000000000001,0.0538,0.048420000000000005,0.00022441669860577074,0.0,0.0017642617441107182,0.0004793027039284004,0.0,0.0009610520513615602
1295,12.950050299987197,step,2.694770622964685,0.19816871921125254,4.06829989515245,9.894700022414327,124371.0,124371.0,0.0,0.0,8.77,0.0002,1e-05,100.0,0.01,-0.03397647366343359,0.0,0.22064805426152392,-0.03443787268388137,0.0,0.2179930778672177,0.050007622645707156,0.0,0.03539929914988995,-0.41741056037733965,0.0,0.4238534986159641,-0.3834524313407873,0.0,-1.2360257082566755,-0.2554688106573984,0.0,0.16888274822555993,0.4866163937538681,-2.204545952253143,-1.9512130801365222,-0.21177258431991755,0.07237687999937872,0.1019370123962059,-0.11029,0.04573,0.05918,-0.0003191306842820976,0.0,0.0015302894935188662,0.0007805297047298742,0.0,0.0011246869007873637
1296,12.960122799966484,step,2.457272235561948,0.2400336118352555,3.8647998590022326,10.072499979287386,124371.0,124371.0,0.0,0.0,8.77,0.0002,1e-05,100.0,0.01,-0.034717578262486365,0.0,0.2204347675429021,-0.03444128427536422,0.0,0.2179930778672177,0.04598483984119138,0.0,0.03450872966461491,-0.27288979424618565,0.0,0.4544275806342608,-0.3881950997747707,0.0,-1.2309745877381817,-0.16294145625952985,0.0,0.18262501182155746,0.48201445139021115,-2.204545952253143,-1.9512130801365222,-0.19196616656044607,0.08031812065999458,0.09670607797397895,-0.11298000000000001,0.04304,0.05111,-0.0011776275786852908,0.0,0.0012542177275600538,0.000901333591563146,0.0,0.0011874719481243404
1297,12.970084600150585,step,2.4941537490738077,0.4237433221185398,3.807400120422244,9.961800184100866,124371.0,124371.0,0.0,0.0,8.77,0.0002,1e-05,100.0,0.01,-0.03570417598695973,0.0,0.22014508432007698,-0.034443354369572514,0.0,0.2179930778672177,0.031439873341406396,0.0,0.025234689205798282,0.05807464014089325,0.0,0.6190204775896058,-0.3964645973944067,0.0,-1.226929334527004,0.05219521861456774,0.0,0.25388335583739013,0.4758785282386686,-2.204545952253143,-1.9512130801365222,-0.14969813981111688,0.10341065422463522,0.09085460279579473,-0.11029,0.048420000000000005,0.05111,-0.0020533563740142077,0.0,0.0010044559957245011,0.0007925347566269947,0.0,0.0011475504571347886
1298,12.980099299922585,step,3.0257923000643987,0.782228368787314,3.673400031402707,10.014699772000313,124371.0,124371.0,0.0,0.0,8.77,0.0002,1e-05,100.0,0.01,-0.037021996706227134,0.0,0.2195778806251717,-0.03444443598695971,0.0,0.2179930778672177,0.009276153939660052,0.0,0.013473337185099589,0.5418630496387602,0.0,0.8521481382534211,-0.4087686086877663,0.0,-1.2246805615615088,0.3685120409383552,0.0,0.35702883561045107,0.4682086242992405,-2.2060799330410283,-1.9512130801365222,-0.08809771566965963,0.1370485544129883,0.0817124117518885,-0.07801000000000001,0.06187,0.05111,-0.0030551456904917545,0.0,0.0005583812360554826,0.0004775849712243315,0.0,0.0010264215218985188
1299,12.990539900027215,step,3.989527703374407,1.1637747870637656,4.36019990593195,10.440600104629993,124371.0,124371.0,0.0,0.0,8.77,0.0002,1e-05,100.0,0.01,-0.038248324723725385,0.0,0.2191971818441738,-0.03444484409295173,0.0,0.2179930778672177,-0.01131152531543851,0.0,0.0044343334667280845,0.9958062585829953,0.0,1.0260887447263587,-0.4239382231667644,0.0,-1.2230564451951957,0.664524843506543,0.0,0.437242767030433,0.46053872035981225,-2.2060799330410283,-1.9512130801365222,-0.031456648309603735,0.1653752318613406,0.0715072824061328,-0.05111,0.07801000000000001,0.048420000000000005,-0.003766688862431753,0.0,0.00040327597229014415,-3.6791768341900514e-05,0.0,0.0008008280046659671
1300,13.000427199993283,step,4.178440690100721,0.9320106447632194,4.37820004299283,9.887299966067076,124371.0,124371.0,0.0,0.0,8.77,0.0002,1e-05,100.0,0.01,-0.03840794743997092,0.0,0.21931730306099084,-0.034444893789455214,0.0,0.2179930778672177,-0.03698978781253701,0.0,-0.009003468323075197,1.4100958389360223,0.0,1.2107586610993357,-0.4372222752058295,0.0,-1.2199042887307967,0.9328661960965935,0.0,0.5196146571905409,0.45900473957192656,-2.204545952253143,-1.9512130801365222,0.016599365373499986,0.18997372889477454,0.06256321184470974,-0.02152,0.08877,0.03497,-0.003298494561795576,0.0,0.0007826957411167287,-0.0006645590887201288,0.0,0.00054152945265642
1301,13.010092000011355,step,4.165286404981459,0.7137082201004352,3.8069000001996756,9.664800018072128,124371.0,124371.0,0.0,0.0,8.77,0.0002,1e-05,100.0,0.01,-0.038322354272510656,0.0,0.21951456103763622,-0.034444893789455214,0.0,0.2179930778672177,-0.052381485546022975,0.0,-0.01381208103653037,1.6424943406918437,0.0,1.2572632825213774,-0.44822820044375566,0.0,-1.2152554981700951,1.0826054253764508,0.0,0.5415840897705384,0.45900473957192656,-2.203011971465257,-1.9512130801365222,0.04196784654342392,0.20002694799225296,0.05506357155975319,0.00269,0.10491,0.02959,-0.0027328246259552295,0.0,0.001154317247350969,-0.0011446358571002126,0.0,0.00036716592306756143
1302,13.020532000111416,step,3.660697129189158,0.4702330406788162,4.410700174048543,10.440000100061297,124371.0,124371.0,0.0,0.0,8.77,0.0002,1e-05,100.0,0.01,-0.03741154073199085,0.0,0.22013777117629424,-0.034444893789455214,0.0,0.2179930778672177,-0.05641933844089537,0.0,-0.014701593358809903,1.6130484357363724,0.0,1.1971185841443055,-0.4543723656003248,0.0,-1.2077524426148853,1.0588146801405938,0.0,0.5125378060760868,0.4636066819355835,-2.199944009889486,-1.9512130801365222,0.033943648560039175,0.19270739866357028,0.053178660684084965,0.02152,0.11298000000000001,0.02959,-0.0015256260135174395,0.0,0.0018630450914321605,-0.0014410209290181967,0.0,0.00028164821764438473
1303,13.030154200037941,step,3.5491349646361714,0.5755191634646867,3.688399912789464,9.622199926525354,124371.0,124371.0,0.0,0.0,8.77,0.0002,1e-05,100.0,0.01,-0.03640594793662863,0.0,0.22095122350748914,-0.034444893789455214,0.0,0.2179930778672177,-0.0475479886948066,0.0,-0.008971260740616147,1.3766036184470065,0.0,1.0148491090927085,-0.45651853194580666,0.0,-1.197240649108996,0.8991335692507166,0.0,0.4304760681662781,0.4682086242992405,-2.195342067525829,-1.9512130801365222,0.0004369763149399686,0.1718373913226445,0.056626389163140695,0.02152,0.1076,0.02959,-0.0005329035145648824,0.0,0.0026101293198738714,-0.0014281506326085337,0.0,0.0003480163203975709
1304,13.04003920010291,step,3.934743384160929,0.9506086121500128,3.813699819147587,9.885000064969063,124371.0,124371.0,0.0,0.0,8.77,0.0002,1e-05,100.0,0.01,-0.03489320172025784,0.0,0.22190219867609245,-0.034444893789455214,0.0,0.2179930778672177,-0.025437450413518303,0.0,0.0031730921305081973,0.8836639635588346,0.0,0.7191687555876456,-0.45361894978603723,0.0,-1.1837605101731856,0.5744473525588852,0.0,0.3006906247428569,0.4758785282386686,-2.190740125162172,-1.9512130801365222,-0.06610514179436353,0.13420836194238014,0.06593408267910371,-0.07263,0.09684000000000001,0.03228,0.0007199803160476104,0.0,0.0033471838894684335,-0.0011682882468502349,0.0,0.0005619369194063274
1305,13.050180700141937,step,4.537269307702886,1.1598822819061003,3.7556998431682587,10.141500039026141,124371.0,124371.0,0.0,0.0,8.77,0.0002,1e-05,100.0,0.01,-0.03396004854005634,0.0,0.2225043679105155,-0.034444893789455214,0.0,0.2179930778672177,0.006262067827714744,0.0,0.020116891918186663,0.3071874604889678,0.0,0.3877064761893112,-0.44906248576595315,0.0,-1.169227269240245,0.1997075565190817,0.0,0.16001109596608049,0.48048047060232557,-2.187672163586401,-1.9512130801365222,-0.13869565221215333,0.09327930078180637,0.07657588280861106,-0.01345,0.07801000000000001,0.03228,0.001131392119442661,0.0,0.003608674223918725,-0.0006465468700437868,0.0,0.0009026158193790861
1306,13.060211200034246,step,5.091114698460225,1.2435230923508436,3.9021000266075134,10.030499892309308,124371.0,124371.0,0.0,0.0,8.77,0.0002,1e-05,100.0,0.01,-0.03311544367349212,0.0,0.22290754744816368,-0.034444893789455214,0.0,0.2179930778672177,0.03283744919243992,0.0,0.032610412619967416,-0.18509667488047624,0.0,0.14320965291586732,-0.4434313888394443,0.0,-1.1544965066708994,-0.1182851513945278,0.0,0.05764413158198446,0.48508241296598253,-2.186138182798515,-1.9512130801365222,-0.19919730807396946,0.06008536786189258,0.08572247099742504,-0.08608,0.048420000000000005,0.03497,0.00139822868311651,0.0,0.0036577198044089798,-6.877856715341388e-05,0.0,0.0012567497765370106
1307,13.070053600007668,step,5.22800499054119,1.0412308444603509,3.899900009855628,9.842399973422289,124371.0,124371.0,0.0,0.0,8.77,0.0002,1e-05,100.0,0.01,-0.03286472665291877,0.0,0.22297656138798244,-0.034444893789455214,0.0,0.2179930778672177,0.053965160907308,0.0,0.04095952744218768,-0.5320920309836727,0.0,-0.003105377087018509,-0.43908246333224343,0.0,-1.1407366732480382,-0.3417924347430651,0.0,-0.0033283153434933103,0.4866163937538681,-2.186138182798515,-1.9512130801365222,-0.23811169179631683,0.03846899229698269,0.09124253964828222,-0.11029,0.03497,0.05111,0.001079859299931311,0.0,0.0034166333873918457,0.0005003078366051313,0.0,0.001566850133372902
1308,13.080431200098246,step,5.091114698460225,0.8175769425142307,4.570299992337823,10.377600090578198,124371.0,124371.0,0.0,0.0,8.77,0.0002,1e-05,100.0,0.01,-0.03311544367349212,0.0,0.22290754744816368,-0.034444893789455214,0.0,0.2179930778672177,0.06565820918525359,0.0,0.044287977267469476,-0.682431127577414,0.0,-0.05868122062042331,-0.4374369211602699,0.0,-1.1280556804058708,-0.4385881512826113,0.0,-0.026830364623859248,0.48508241296598253,-2.186138182798515,-1.9512130801365222,-0.252951952544002,0.02952369945700479,0.09303129746019717,-0.13181,0.024210000000000002,0.05111,0.00040859610377151417,0.0,0.0031487520377857297,0.000920854012191582,0.0,0.0017657175431602607
1309,13.090094800107181,step,4.537269307702886,0.6081096219381619,3.7094999570399523,9.663600008934736,124371.0,124371.0,0.0,0.0,8.77,0.0002,1e-05,100.0,0.01,-0.03396004854005634,0.0,0.2225043679105155,-0.034444893789455214,0.0,0.2179930778672177,0.06389378785481932,0.0,0.0416097157797993,-0.564766506584834,0.0,0.01285398687752905,-0.43997297900371657,0.0,-1.1173230043648117,-0.36290788441794475,0.0,0.0019328872374531822,0.48048047060232557,-2.187672163586401,-1.9512130801365222,-0.23397537535722326,0.03920750357878899,0.08963355842273771,-0.13719,0.02152,0.048420000000000005,-0.0006297154648602693,0.0,0.00266497552485037,0.0011145607142591435,0.0,0.0018463145184474407
1310,13.100451299920678,step,4.234981617505204,0.7648550124938632,4.283500136807561,10.356499813497066,124371.0,124371.0,0.0,0.0,8.77,0.0002,1e-05,100.0,0.01,-0.035397134363875926,0.0,0.22211961481592346,-0.034444893789455214,0.0,0.2179930778672177,0.04900091630967018,0.0,0.03269425720328314,-0.1826600659203442,0.0,0.1769220626124792,-0.44792032452928615,0.0,-1.1078461535378765,-0.1160917312436703,0.0,0.07078159906439437,0.47281056666289734,-2.1892061443742863,-1.9496790993486368,-0.18571078192481638,0.06462634530369156,0.08159642242893175,-0.12643000000000001,0.01076,0.05111,-0.0019733644463083896,0.0,0.0023531480322169437,0.0010211238718876772,0.0,0.001773388916488823
1311,13.110352300107479,step,4.40442757153333,1.203741259959438,4.27310005761683,9.901000186800957,124371.0,124371.0,0.0,0.0,8.77,0.0002,1e-05,100.0,0.01,-0.037229720011176026,0.0,0.2214053681754563,-0.034444893789455214,0.0,0.2179930778672177,0.017214107693240766,0.0,0.01579838483586181,0.49931508784677786,0.0,0.4970699935987483,-0.461612376662576,0.0,-1.1005471152196349,0.32614100900942605,0.0,0.20790043274593037,0.46207270114769783,-2.190740125162172,-1.9496790993486368,-0.09953170047319929,0.11176188113785046,0.06970206465256618,-0.1076,0.024210000000000002,0.048420000000000005,-0.0033998029643864903,0.0,0.001812386621812128,0.0006149767426656778,0.0,0.0015999036864264855
1312,13.120436100056395,step,5.159355595084418,1.7118523268865193,4.273800179362297,10.08379994891584,124371.0,124371.0,0.0,0.0,8.77,0.0002,1e-05,100.0,0.01,-0.03895112786271439,0.0,0.22050560739610425,-0.034444893789455214,0.0,0.2179930778672177,-0.017955335626549888,0.0,-0.0030306568722646998,1.2250086545180883,0.0,0.8685537613088278,-0.479470319734522,0.0,-1.0957031153624466,0.8006448517394688,0.0,0.3727056158823695,0.45133483563249843,-2.192274105950058,-1.9512130801365222,-0.00843092285756386,0.16238902890627405,0.0583620302331815,-0.06187,0.05918,0.04304,-0.004434213893053536,0.0,0.0012027886626224536,-7.20201802056385e-05,0.0,0.0013097408662641054
1313,13.130172400036827,step,5.878705103436315,1.7987836964670294,3.6279000341892242,9.736299980431795,124371.0,124371.0,0.0,0.0,8.77,0.0002,1e-05,100.0,0.01,-0.03987881565793243,0.0,0.22023621558489204,-0.034444893789455214,0.0,0.2179930778672177,-0.05144455122404617,0.0,-0.01926252186195513,1.8424173393445789,0.0,1.1344348655028749,-0.49766545182682415,0.0,-1.0903464459273329,1.202319080930436,0.0,0.4910902135804906,0.44673289326884147,-2.1938080867379433,-1.9496790993486368,0.06626137389560835,0.20095350036747306,0.04431741306107845,-0.00807,0.08608,0.03228,-0.004517939562500723,0.0,0.0013300870057644616,-0.0009159823059764916,0.0,0.0009130507119098812
1314,13.140431100036949,step,5.914204172555099,1.390121722133244,4.3073000852018595,10.25870000012219,124371.0,124371.0,0.0,0.0,8.77,0.0002,1e-05,100.0,0.01,-0.03985279008005274,0.0,0.22038733531052024,-0.034444893789455214,0.0,0.2179930778672177,-0.07597744278090074,0.0,-0.029795525523458627,2.2220315101897548,0.0,1.2688225717777573,-0.512636860476087,0.0,-1.0830060598691322,1.4476830174672999,0.0,0.5527532743912178,0.4451989124809558,-2.190740125162172,-1.9512130801365222,0.11116633255234487,0.219701814675547,0.03286258751963546,0.03497,0.11298000000000001,0.02152,-0.0037174733934186026,0.0,0.0018226534662204423,-0.001690422897178925,0.0,0.000571603977082102
1315,13.150152100017294,step,5.592979257143775,1.1128994814709845,3.5903998650610447,9.720999980345368,124371.0,124371.0,0.0,0.0,8.77,0.0002,1e-05,100.0,0.01,-0.03903903302282455,0.0,0.22118295273549343,-0.034444893789455214,0.0,0.2179930778672177,-0.08414969488749341,0.0,-0.03185681344527294,2.2686424969098167,0.0,1.2043797194698695,-0.5222936415871884,0.0,-1.0716338800048109,1.4705150034754562,0.0,0.5188707628943305,0.44980085484461274,-2.187672163586401,-1.9496790993486368,0.11317046798576239,0.2153297578622521,0.026459603917136067,0.0538,0.11836,0.01614,-0.0023978255946112293,0.0,0.0028237674263781845,-0.0021963136387581055,0.0,0.00036610744189755377
1316,13.160452699987218,step,5.216592609393728,1.3404392887751104,4.2415999341756105,10.300599969923496,124371.0,124371.0,0.0,0.0,8.77,0.0002,1e-05,100.0,0.01,-0.03719032264237926,0.0,0.2224287806149132,-0.034444893789455214,0.0,0.2179930778672177,-0.07423616159562954,0.0,-0.022412864849951548,1.9272884688569116,0.0,0.915432150665144,-0.5239613931901941,0.0,-1.0553456492124351,1.2411157530044212,0.0,0.38801325322211905,0.45900473957192656,-2.181536240434858,-1.9496790993486368,0.06277439255353368,0.18215845475843306,0.0284391588674053,0.056490000000000005,0.11836,0.01345,-0.0004141108132340041,0.0,0.004044446719414034,-0.002331318039690041,0.0,0.00039125602828146873
1317,13.170472400030121,step,5.764863855519575,2.2239794130132258,4.222700139507651,10.019700042903423,124371.0,124371.0,0.0,0.0,8.77,0.0002,1e-05,100.0,0.01,-0.035066395480448195,0.0,0.22372434220598003,-0.034444893789455214,0.0,0.2179930778672177,-0.04827367564944079,0.0,-0.008610299038500944,1.3092939777051178,0.0,0.5513637761022371,-0.5184575556887728,0.0,-1.034986286369738,0.8379350349012429,0.0,0.22854591012485237,0.46974260508712606,-2.175400317283316,-1.9496790993486368,-0.021378456528945017,0.1364522388449437,0.04141527906797077,0.03766,0.10222,0.01345,0.0013666295505360055,0.0,0.00505532855643535,-0.001988131241528987,0.0,0.0006759357823269878
1318,13.18050520005636,step,7.077852005604416,3.354332697440272,5.4471001494675875,10.032800026237965,124371.0,124371.0,0.0,0.0,8.77,0.0002,1e-05,100.0,0.01,-0.03275861959638467,0.0,0.22486712095400604,-0.034444893789455214,0.0,0.2179930778672177,-0.0028211418137166254,0.0,0.01481743623748568,0.37445465581804505,0.0,0.0571449051099832,-0.5066106477105758,0.0,-1.0119533249699486,0.23860119532957713,0.0,0.022733362021664427,0.48201445139021115,-2.170798374919659,-1.9496790993486368,-0.14326766376875905,0.07212911439851913,0.06149002441647872,0.02152,0.08339,0.01883,0.0029416447199438426,0.0,0.0057191960476992675,-0.0012553705268732954,0.0,0.0011548470390890832
1319,13.190514600137249,step,8.267034077237708,3.8243166217636935,5.332699976861477,10.009400080889463,124371.0,124371.0,0.0,0.0,8.77,0.0002,1e-05,100.0,0.01,-0.030946918257778178,0.0,0.2254836065277328,-0.034444893789455214,0.0,0.2179930778672177,0.043316038056946664,0.0,0.037062276778766404,-0.5222075175615354,0.0,-0.36416378341281336,-0.4915624155155586,0.0,-0.9887495745800313,-0.3312584174014753,0.0,-0.1465911582086205,0.4912183361175251,-2.1677304133438877,-1.9512130801365222,-0.2529728990914711,0.013645604164175346,0.07943385545694143,-0.08877,0.040350000000000004,0.02959,0.003736549052497887,0.0,0.00576160378243974,-0.00023857352082085103,0.0,0.0017289248780753708
1320,13.20025680004619,step,8.267034077237708,2.795974879212651,3.737000050023198,9.742199908941984,124371.0,124371.0,0.0,0.0,8.77,0.0002,1e-05,100.0,0.01,-0.030946918257778178,0.0,0.2254836065277328,-0.034444893789455214,0.0,0.2179930778672177,0.08621088899043658,0.0,0.053331893500506634,-1.174199388899081,0.0,-0.6289545814033506,-0.4809015986134327,0.0,-0.9676417097230194,-0.7455478037985893,0.0,-0.25217209444413174,0.4912183361175251,-2.1677304133438877,-1.9512130801365222,-0.3223776084806651,-0.02717128200768377,0.08703480453253505,-0.1345,0.0269,0.040350000000000004,0.002647132552066959,0.0,0.005241185237548145,0.0008508429796100772,0.0,0.002249343422966966
1321,13.210427999962121,step,8.170311226540239,2.1772934339938734,3.3827999141067266,10.171199915930629,124371.0,124371.0,0.0,0.0,8.77,0.0002,1e-05,100.0,0.01,-0.031136054499884783,0.0,0.225463390316796,-0.034444893789455214,0.0,0.2179930778672177,0.1091861688561142,0.0,0.06461528095795045,-1.505167934720389,0.0,-0.8153796937157346,-0.473988014822124,0.0,-0.947952599891457,-0.9553224178095221,0.0,-0.3259497128444763,0.4912183361175251,-2.169264394131773,-1.9496790993486368,-0.3598158022412493,-0.05033048565642747,0.08950104984178256,-0.17485,-0.01076,0.048420000000000005,0.0017166763929475348,0.0,0.0048889014823955,0.0015921628966228962,0.0,0.0025814109671827984
1322,13.220073099946603,step,7.580204395750793,1.5421845888605246,3.8656999822705984,9.64509998448193,124371.0,124371.0,0.0,0.0,8.77,0.0002,1e-05,100.0,0.01,-0.03158704903872876,0.0,0.22501391984393992,-0.034444893789455214,0.0,0.2179930778672177,0.11363240938517315,0.0,0.06104898935683832,-1.528385692121471,0.0,-0.7325639924703348,-0.4704703506714086,0.0,-0.930746119812868,-0.9729048209762011,0.0,-0.29429019291249536,0.4896843553296394,-2.1723323557075442,-1.9496790993486368,-0.35614794494946006,-0.04491586726376954,0.09163637016008794,-0.19099000000000002,-0.0269,0.048420000000000005,0.0008734530726947289,0.0,0.004272452471577605,0.0019843916780317226,0.0,0.002748389505144626
1323,13.230466299923137,step,6.4253186840757355,1.0141341802868729,4.3828000780195,10.393199976533651,124371.0,124371.0,0.0,0.0,8.77,0.0002,1e-05,100.0,0.01,-0.03282690642448724,0.0,0.22421134427183054,-0.034444893789455214,0.0,0.2179930778672177,0.1004237085653955,0.0,0.05078830611048132,-1.1990850553638894,0.0,-0.5089329045822856,-0.47219797275221254,0.0,-0.9166095658479411,-0.7662693749908472,0.0,-0.2065666118421789,0.48508241296598253,-2.178468278859087,-1.948145118560751,-0.31255295430329233,-0.017940666579171517,0.08645814609376962,-0.19099000000000002,-0.024210000000000002,0.05111,-0.0004289769433010165,0.0,0.003510174925445633,0.0020469643082689903,0.0,0.0027080914791672104
1324,13.240493700141087,step,4.747555509550307,1.2373018940938516,4.234399879351258,10.027400217950344,124371.0,124371.0,0.0,0.0,8.77,0.0002,1e-05,100.0,0.01,-0.03606028482472817,0.0,0.22245735777773196,-0.034444893789455214,0.0,0.2179930778672177,0.05899509640809556,0.0,0.025289477250025196,-0.2257345275179987,0.0,0.04892295316434201,-0.48570471449228253,0.0,-0.9085455528031958,-0.1444513979000172,0.0,0.018482522491071178,0.4682086242992405,-2.186138182798515,-1.948145118560751,-0.18698328652096763,0.05492772330457671,0.07198128844619343,-0.17485,-0.00807,0.04573,-0.0033537894948154337,0.0,0.0020023335572699717,0.0017383984595424748,0.0,0.002461946353244291
1325,13.250189600046724,step,5.277901435762548,2.439522395350569,3.72190005145967,9.695899905636907,124371.0,124371.0,0.0,0.0,8.77,0.0002,1e-05,100.0,0.01,-0.03907902244180546,0.0,0.22051916084271372,-0.034444893789455214,0.0,0.2179930778672177,0.000733606842238031,0.0,-0.007314694653330642,0.9856865700333272,0.0,0.738667940020355,-0.5076532390552592,0.0,-0.906062258906267,0.6440962133900268,0.0,0.3141877067741498,0.452868816420384,-2.195342067525829,-1.948145118560751,-0.03957828894061255,0.14721812564632591,0.060909503325834106,-0.11298000000000001,0.11029,0.03766,-0.00544992512055155,0.0,0.0006166139209837257,0.0008157964682013056,0.0,0.0019094690545123044
1326,13.26043889997527,step,8.089376294341927,4.740453606764563,4.30270005017519,10.249299928545952,124371.0,124371.0,0.0,0.0,8.77,0.0002,1e-05,100.0,0.01,-0.042526132606544406,0.0,0.21835582848766097,-0.034444893789455214,0.0,0.2179930778672177,-0.05749294929538944,0.0,-0.046188990801863464,2.252256522717605,0.0,1.551917747459024,-0.5382895955321219,0.0,-0.9091451768707133,1.485884868381792,0.0,0.6818479567551321,0.4344610469657564,-2.204545952253143,-1.948145118560751,0.11988079420126957,0.24635806882090194,0.04909525834377376,-0.02959,0.08339,0.03497,-0.007607155929153821,0.0,-0.0007655034857047725,-0.00047408288793537173,0.0,0.0011282541061480476
1327,13.270514399977401,step,9.851154984436528,4.986080571662089,4.544500028714538,10.075500002130866,124371.0,124371.0,0.0,0.0,8.77,0.0002,1e-05,100.0,0.01,-0.04421460579739009,0.0,0.2167289648147569,-0.034444893789455214,0.0,0.2179930778672177,-0.11404282516425764,0.0,-0.08641624153217319,3.3087423082355776,0.0,2.3316829250334052,-0.5693300377668927,0.0,-0.9149509550444187,2.202538065649634,0.0,1.0429105900233002,0.42679114302632815,-2.213749836980457,-1.948145118560751,0.2573840891327738,0.32942868982847806,0.032375379421778386,0.05111,0.13719,0.024210000000000002,-0.0077074923830490125,0.0,-0.001441602884168342,-0.0020622196248858624,0.0,0.00017748983170754514
1328,13.28033720003441,step,9.370673394083678,2.738909815195472,3.6259000189602375,9.822800057008862,124371.0,124371.0,0.0,0.0,8.77,0.0002,1e-05,100.0,0.01,-0.04370214659642703,0.0,0.21653953380995622,-0.034444893789455214,0.0,0.2179930778672177,-0.14894083819335885,0.0,-0.10928005399055014,3.801489075334156,0.0,2.6978782990780505,-0.5925688861467368,0.0,-0.9177326611787392,2.5363648341361307,0.0,1.2109105782100897,0.4298591046020994,-2.2152838177683423,-1.9496790993486368,0.33113242330406906,0.3627393176946053,0.010001545740625284,0.13719,0.17485,0.00807,-0.005770318783597737,0.0,-0.0006907111271159336,-0.0034869340233740793,0.0,-0.0007628329301455408
1329,13.290521600050852,step,7.002674365930825,0.7473877013158239,4.411499947309494,10.184400016441941,124371.0,124371.0,0.0,0.0,8.77,0.0002,1e-05,100.0,0.01,-0.04144754924562065,0.0,0.21800935169593566,-0.034444893789455214,0.0,0.2179930778672177,-0.1597936064958066,0.0,-0.11834480590035835,3.737328315411337,0.0,2.673226742496579,-0.6033939163512209,0.0,-0.9120496812091131,2.476741346028254,0.0,1.1765558619736691,0.4421309509051845,-2.2091478946168,-1.9496790993486368,0.33533163687573736,0.35526196015623546,-0.0022677875182217505,0.18023,0.20175,-0.0,-0.002687907511635782,0.0,0.0014111114944054249,-0.004314747944529653,0.0,-0.0013948376656874584
1330,13.300040900008753,step,4.3377919346450415,1.0364413351259971,3.8884999230504036,9.51929995790124,124371.0,124371.0,0.0,0.0,8.77,0.0002,1e-05,100.0,0.01,-0.03825125231607758,0.0,0.22007348014444217,-0.034444893789455214,0.0,0.2179930778672177,-0.14010073773985032,0.0,-0.09964824398553364,3.1033677642268636,0.0,2.162366323401507,-0.6013306082296911,0.0,-0.8978007855810012,2.0337728108461177,0.0,0.9278533019804646,0.45900473957192656,-2.199944009889486,-1.9496790993486368,0.2430912959840382,0.29913832420049846,0.006383056423516484,0.17754,0.19368000000000002,-0.0,0.0005123294156150855,0.0,0.003538069905380145,-0.004318687942237452,0.0,-0.0014576676281556704
1331,13.310427200049162,step,4.792758438954451,4.073518109189822,3.3946000039577484,10.386300040408969,124371.0,124371.0,0.0,0.0,8.77,0.0002,1e-05,100.0,0.01,-0.03380506465746359,0.0,0.22274293598468015,-0.034444893789455214,0.0,0.2179930778672177,-0.08309886022439418,0.0,-0.06001387358937817,1.7647303694661494,0.0,1.2653028828610766,-0.5845508709605679,0.0,-0.8747108735192985,1.1392598421210471,0.0,0.5236139789853759,0.48201445139021115,-2.187672163586401,-1.9496790993486368,0.054329898674721294,0.19494197666296384,0.0350532637052092,0.12643000000000001,0.16678,-0.00538,0.004166490161872066,0.0,0.005733337173318101,-0.0035266610298804457,0.0,-0.0009834790558556489
1332,13.320307899964973,step,8.46977716362459,7.654964185028119,3.443799912929535,9.88069991581142,124371.0,124371.0,0.0,0.0,8.77,0.0002,1e-05,100.0,0.01,-0.02966298797919517,0.0,0.2249838218922309,-0.034444893789455214,0.0,0.2179930778672177,-0.0008458852880490162,0.0,-0.013598891994087614,0.06994885094388208,0.0,0.30595819985636447,-0.5574484171843298,0.0,-0.8464894306732551,0.04363764176698716,0.0,0.12455622680791516,0.5019562016327246,-2.175400317283316,-1.9512130801365222,-0.17921318154792687,0.07358605226365432,0.08052632491778847,0.02152,0.1076,0.01076,0.006729670745743993,0.0,0.007007521159955507,-0.0019477649354839501,0.0,-1.6777134942300327e-05
1333,13.33043420012109,step,12.898472649083946,11.84687266076504,4.488799953833222,10.126300156116486,124371.0,124371.0,0.0,0.0,8.77,0.0002,1e-05,100.0,0.01,-0.024829735616422405,0.0,0.22659071300641306,-0.034444893789455214,0.0,0.2179930778672177,0.1049995029789592,0.0,0.038084476208936464,-2.061672303551365,0.0,-0.6668538463568128,-0.518974070464569,0.0,-0.8166716645490023,-1.3069435196788997,0.0,-0.25065025439214966,0.5280338750267805,-2.169264394131773,-1.952747060924408,-0.45369218711834614,-0.06583473047958838,0.1333045764466072,-0.11836,0.04304,0.03766,0.009553366928296043,0.0,0.0074038959736461435,6.179124473676585e-05,0.0,0.0011937391655492263
1334,13.34010130004026,step,15.231774163120706,11.438616128120813,3.6666998639702797,9.667099919170141,124371.0,124371.0,0.0,0.0,8.77,0.0002,1e-05,100.0,0.01,-0.022262363589155357,0.0,0.2271359932706923,-0.034444893789455214,0.0,0.2179930778672177,0.2064829359885352,0.0,0.0770981355319914,-3.890103145093626,0.0,-1.336097311874697,-0.4795754704615218,0.0,-0.7895520490756212,-2.4590401823545607,0.0,-0.49166223394718567,0.5433736829056368,-2.169264394131773,-1.952747060924408,-0.6615181382095794,-0.18366833813434025,0.160551118536619,-0.2152,-0.03497,0.06725,0.009782863502058061,0.0,0.0067339320783954175,0.002399666698241796,0.0,0.0024089833250791988
1335,13.350540400017053,step,14.480728142921988,6.426373532108967,4.362799925729632,10.439099976792932,124371.0,124371.0,0.0,0.0,8.77,0.0002,1e-05,100.0,0.01,-0.022775294864051845,0.0,0.22656698878752923,-0.034444893789455214,0.0,0.2179930778672177,0.2661553302637672,0.0,0.10325732605704488,-4.759030894940188,0.0,-1.6889250205387374,-0.4504918152646785,0.0,-0.7685898042813983,-3.0164451971561257,0.0,-0.6279511934969866,0.5433736829056368,-2.175400317283316,-1.9512130801365222,-0.7360006203204416,-0.24918956701191983,0.1447962950394112,-0.35777000000000003,-0.10222,0.08877,0.00722161266922261,0.0,0.005205027069559545,0.004447986256180758,0.0,0.0033688838507519945
1336,13.36046400014311,step,11.15037316187729,1.6227451518030795,4.236700013279915,9.923600126057863,124371.0,124371.0,0.0,0.0,8.77,0.0002,1e-05,100.0,0.01,-0.026149339661828364,0.0,0.22544389012929533,-0.034444893789455214,0.0,0.2179930778672177,0.2725321529026157,0.0,0.11142715161909168,-4.510844271335226,0.0,-1.7073873801672195,-0.4396861254342301,0.0,-0.7541750168168272,-2.8705786042270827,0.0,-0.6485742064773564,0.529567855814666,-2.186138182798515,-1.9450771569849798,-0.6902855693589619,-0.24713567387077778,0.11055780628041643,-0.38736000000000004,-0.1345,0.07532,0.0026831052029432055,0.0,0.003579261653108763,0.005612448924683645,0.0,0.0038715506089688754
1337,13.370753100141883,step,6.551149975753726,0.5570139064704981,4.340100102126598,10.289099998772144,124371.0,124371.0,0.0,0.0,8.77,0.0002,1e-05,100.0,0.01,-0.030953943519462054,0.0,0.22353661755024087,-0.034444893789455214,0.0,0.2179930778672177,0.21911593086222014,0.0,0.09454235611082483,-3.19880774287979,0.0,-1.2608199907122728,-0.4478978023892014,0.0,-0.7475439427800445,-2.0514468401474315,0.0,-0.4968830007878682,0.5080921247842671,-2.199944009889486,-1.938941233833437,-0.5269026750885404,-0.15587485505354706,0.08365163601294547,-0.36046,-0.14526,0.05918,-0.0020389992224918406,0.0,0.0016465278504532695,0.005529949492485,0.0,0.0038970118325699103
1338,13.380484000081196,step,4.579902587028464,6.465372367757136,5.11190015822649,9.730899939313531,124371.0,124371.0,0.0,0.0,8.77,0.0002,1e-05,100.0,0.01,-0.03883712192736438,0.0,0.2192907063545857,-0.034444893789455214,0.0,0.2179930778672177,0.11905627399682836,0.0,0.055584596989323797,-0.8357587786307094,0.0,-0.2208917841745729,-0.48281358205220315,0.0,-0.7561441058061821,-0.5440005909402719,0.0,-0.0982512177966398,0.46974260508712606,-2.2229537217077704,-1.9343392914697801,-0.2289292919352634,0.018375747833557506,0.04497693913476207,-0.18561,-0.09146,0.048420000000000005,-0.008669757465612033,0.0,-0.002135462198495445,0.004277529327702865,0.0,0.0034330906858634474
1339,13.390322300139815,step,12.23100955934093,17.03061088844719,3.534700023010373,9.838300058618188,124371.0,124371.0,0.0,0.0,8.77,0.0002,1e-05,100.0,0.01,-0.04627665416167795,0.0,0.21489355510798702,-0.034444893789455214,0.0,0.2179930778672177,-0.01729918477914043,0.0,-0.023254678243675088,2.0440440091199212,0.0,1.4431389633066707,-0.537121145048703,0.0,-0.777517237983536,1.3678344246062633,0.0,0.6327880669682344,0.4329270661778707,-2.245963433526055,-1.9282033683182378,0.10367580899698894,0.2499432467724651,0.04021791504374747,-0.11567000000000001,-0.01345,0.024210000000000002,-0.013484831336217177,0.0,-0.005307052399992057,0.001653070963994441,0.0,0.0022075296407613855
1340,13.400327699957415,step,18.99178460448255,25.040427685845394,3.4551999997347593,10.005399817600846,124371.0,124371.0,0.0,0.0,8.77,0.0002,1e-05,100.0,0.01,-0.051839938828621375,0.0,0.21037072320816114,-0.034444893789455214,0.0,0.2179930778672177,-0.15768936594000385,0.0,-0.12243060793506558,4.79630970280847,0.0,3.4357762088965456,-0.5999408698835674,0.0,-0.8101020152398102,3.274969644156027,0.0,1.587358545508624,0.40378143120804355,-2.2674391645564542,-1.926669387530352,0.44102692521174974,0.47559391455128264,0.022050986800019504,0.00269,0.14257,0.0269,-0.015598442412897765,0.0,-0.008090958260406237,-0.001796602626268396,0.0,0.00046860360134967985
1341,13.410511299967766,step,20.238248700576356,17.729741198313675,4.219699883833528,10.183600010350347,124371.0,124371.0,0.0,0.0,8.77,0.0002,1e-05,100.0,0.01,-0.05239977972763244,0.0,0.20865451366208282,-0.034444893789455214,0.0,0.2179930778672177,-0.27584945352950013,0.0,-0.20863167752349931,6.675403428478726,0.0,4.937557758651632,-0.6506346116937269,0.0,-0.8413444988310297,4.607520949964215,0.0,2.3216828071758893,0.40224745042015786,-2.2781770300716535,-1.9282033683182378,0.712012847411806,0.6023755451164378,-0.0568003521722322,0.23403000000000002,0.25824,0.03766,-0.012587502005122205,0.0,-0.007757660231951142,-0.005367383933055022,0.0,-0.001580903973183733
1342,13.420169899938628,step,17.637127670992157,6.867058667442981,3.586200065910816,9.65859997086227,124371.0,124371.0,0.0,0.0,8.77,0.0002,1e-05,100.0,0.01,-0.04982317316295297,0.0,0.2093572920897953,-0.034444893789455214,0.0,0.2179930778672177,-0.33805793504174486,0.0,-0.253972470109625,7.365777395921771,0.0,5.564590461548719,-0.6806644048368677,0.0,-0.8630613875876811,5.089508519187411,0.0,2.5871054786798897,0.4191212390868999,-2.2797110108595393,-1.9297373491061236,0.8458773571382923,0.6410493639263013,-0.1253488134021205,0.38198000000000004,0.32011,-0.03497,-0.007456543310972053,0.0,-0.0053924088261833834,-0.007921736062525702,0.0,-0.003243376951239
1343,13.430510699981824,step,12.32020503463458,0.5413350232105152,4.6848999336361885,10.340800043195486,124371.0,124371.0,0.0,0.0,8.77,0.0002,1e-05,100.0,0.01,-0.045252267625177325,0.0,0.21207800196995447,-0.034444893789455214,0.0,0.2179930778672177,-0.3310785161087948,0.0,-0.24596163637401797,6.788264591650483,0.0,5.167421470795723,-0.6880282179664065,0.0,-0.8704126637241989,4.640128214738173,0.0,2.3080992322038543,0.44826687405672705,-2.2735750877079965,-1.9282033683182378,0.7999787785232357,0.5993206185895532,-0.14147393226474847,0.23403000000000002,0.33894,-0.05918,-0.001828470521677639,0.0,-0.0018253575254940082,-0.008978903314044473,0.0,-0.00408971837176922
1344,13.440496199997142,step,3.9398164789995835,2.388594697328906,4.263699986040592,9.985500015318394,124371.0,124371.0,0.0,0.0,8.77,0.0002,1e-05,100.0,0.01,-0.037850508828661436,0.0,0.21601218410607625,-0.034444893789455214,0.0,0.2179930778672177,-0.2707435260290338,0.0,-0.19464662770344182,5.083731176774103,0.0,3.979088296688903,-0.6676126153891263,0.0,-0.8626074019814811,3.4134149483526817,0.0,1.6907199839636657,0.4896843553296394,-2.2582352798291403,-1.931271329894009,0.5594132352457816,0.464937595493539,-0.10696811996029768,0.09146,0.31742000000000004,-0.08070000000000001,0.005069293155349404,0.0,0.0019380843537825897,-0.008474908194555627,0.0,-0.003918978114924029
1345,13.450420700013638,step,4.922138248723689,11.300855952345513,4.251600010320544,9.924500016495585,124371.0,124371.0,0.0,0.0,8.77,0.0002,1e-05,100.0,0.01,-0.029844877764330646,0.0,0.21974444804743257,-0.034444893789455214,0.0,0.2179930778672177,-0.12597782603973415,0.0,-0.11354309036271606,2.031143023865015,0.0,2.3555291625757673,-0.6237086117320677,0.0,-0.8443698129590778,1.3406744464746665,0.0,0.962688490057033,0.5280338750267805,-2.235225568010856,-1.9404752146213229,0.1146592144983018,0.268004354968279,0.024200229379255277,0.11298000000000001,0.26093,-0.06456,0.010901577084912746,0.0,0.004528481824201999,-0.0063015610597881785,0.0,-0.0027771116439871263
1346,13.460053800139576,step,14.218972746074424,24.257446053137603,3.655900014564395,9.633100125938654,124371.0,124371.0,0.0,0.0,8.77,0.0002,1e-05,100.0,0.01,-0.021515175805613088,0.0,0.22390929108277347,-0.034444893789455214,0.0,0.2179930778672177,0.07043567085674135,0.0,-0.02236650375393062,-1.8475749986503827,0.0,0.5242745459693647,-0.5598989342919236,0.0,-0.8164446580694037,-1.2007030878223552,0.0,0.23121818015953247,0.5648494139360358,-2.2060799330410283,-1.948145118560751,-0.4226211887217384,0.014619133976949084,0.171006783133547,0.08339,0.15602000000000002,-0.01614,0.015844252447015955,0.0,0.00693395142310594,-0.002914534463173829,0.0,-0.0010177382075501687
1347,13.470435900148004,step,20.22611742334535,28.27546977090367,3.284200094640255,10.382100008428097,124371.0,124371.0,0.0,0.0,8.77,0.0002,1e-05,100.0,0.01,-0.015554471154554134,0.0,0.22522133897883861,-0.034444893789455214,0.0,0.2179930778672177,0.27835595798909335,0.0,0.0502194577387384,-5.655901839796835,0.0,-0.7261225557913824,-0.48871271340696987,0.0,-0.7922038678533379,-3.6453243532652695,0.0,-0.23556069398316154,0.5863251449664348,-2.1846042020106298,-1.965018907227493,-0.877667129535913,-0.22296125959922738,0.2792995564114653,-0.22865000000000002,0.03497,0.10491,0.0176758839677297,0.0,0.00601910580191822,0.0012145386671713818,0.0,0.001209155309702701
1348,13.48005439992994,step,18.535060414640792,12.907980589342671,3.8770001847296953,9.618499781936407,124371.0,124371.0,0.0,0.0,8.77,0.0002,1e-05,100.0,0.01,-0.01692396871983866,0.0,0.22404003158617952,-0.034444893789455214,0.0,0.2179930778672177,0.4224299412584569,0.0,0.11068011062533602,-7.715463643754092,0.0,-1.517908983704401,-0.4392491533300826,0.0,-0.7805869688528001,-5.003688377896217,0.0,-0.5992031985854627,0.5755872794512353,-2.1846042020106298,-1.9726888111669212,-1.041558981161915,-0.4057421084451686,0.22319447191762642,-0.46537,-0.10222,0.14795,0.012282041913179942,0.0,0.0028845323750251537,0.005238883156436613,0.0,0.0031624213439366746
1349,13.490136600099504,step,11.064735403385734,0.9925653999222362,3.8328999653458595,10.082200169563293,124371.0,124371.0,0.0,0.0,8.77,0.0002,1e-05,100.0,0.01,-0.023714823093812232,0.0,0.2206938096964524,-0.034444893789455214,0.0,0.2179930778672177,0.4428326978549405,0.0,0.14656810787901342,-7.319253581007068,0.0,-1.693526596633452,-0.42677656104830003,0.0,-0.7871404047269707,-4.8142190283517925,0.0,-0.7867607424552986,0.5403057213298655,-2.201477990677372,-1.974222791954807,-0.9204190348036088,-0.4291182064101125,0.11761684690323951,-0.12374,-0.20982,0.11567000000000001,0.003097005167697951,0.0,-0.0016272499180565413,0.007633065527945031,0.0,0.004327981747291234
1350,13.500436699949205,step,3.681584244283299,4.241501661708693,4.254800034686923,10.300099849700928,124371.0,124371.0,0.0,0.0,8.77,0.0002,1e-05,100.0,0.01,-0.03105512060879491,0.0,0.21655658897710015,-0.034444893789455214,0.0,0.2179930778672177,0.3639561022121903,0.0,0.13573105188441323,-5.3512824105807955,0.0,-1.069956041222493,-0.4439796898632521,0.0,-0.8106425895470657,-3.5613810627567513,0.0,-0.594781523783922,0.5034901824206102,-2.224487702495656,-1.9726888111669212,-0.6859792220263627,-0.2822083559509756,0.10193740974980563,-0.040350000000000004,-0.22865000000000002,0.06187,-0.004271620336559704,0.0,-0.005835706499148403,0.007661393517220009,0.0,0.004399217609030854
1351,13.510164099978283,step,8.144748600984693,17.178251929344984,3.5741999745368958,9.727400029078126,124371.0,124371.0,0.0,0.0,8.77,0.0002,1e-05,100.0,0.01,-0.039000012005973736,0.0,0.21124120199404117,-0.034444893789455214,0.0,0.2179930778672177,0.220216573883202,0.0,0.07939844930754243,-2.3238387450349856,0.0,0.3760058906508695,-0.48569989486260384,0.0,-0.851813876637477,-1.5244009188533727,0.0,0.04948925444612514,0.46207270114769783,-2.252099356677598,-1.9711548303790358,-0.33867158459394675,-0.036573939830352564,0.09442685786890802,-0.0538,-0.15064,0.05111,-0.010359329284669292,0.0,-0.010223030305096801,0.00580421106815077,0.0,0.0034711544319202797
1352,13.520461200037971,step,17.569860225369467,34.14882814583441,4.679200006648898,10.297100059688091,124371.0,124371.0,0.0,0.0,8.77,0.0002,1e-05,100.0,0.01,-0.0467652940474182,0.0,0.2054667964628022,-0.034444893789455214,0.0,0.2179930778672177,0.04157802684082414,0.0,-0.03196759084538907,1.226536005811077,0.0,2.7074257520114267,-0.5455336458441515,0.0,-0.9088199102887058,0.9921702167327974,0.0,1.239785493124102,0.4237231814505569,-2.285846934011082,-1.9634849264396077,0.06817663092427506,0.2808445575665812,0.10377477001296868,-0.20175,-0.01076,0.05111,-0.014857010620259122,0.0,-0.014154874689977996,0.0025366103622961357,0.0,0.0016285932855624949
1353,13.530538700055331,step,24.307907735688012,41.44834942280248,4.24950011074543,10.077500017359853,124371.0,124371.0,0.0,0.0,8.77,0.0002,1e-05,100.0,0.01,-0.05125654159434278,0.0,0.20043623086751014,-0.034444893789455214,0.0,0.2179930778672177,-0.13923210043730194,0.0,-0.17356683353080438,4.466335197194786,0.0,5.4216095029038165,-0.6068958838552659,0.0,-0.976083166460466,3.4202045192374015,0.0,2.7446408027462237,0.3976455080565009,-2.3103906266172523,-1.965018907227493,0.47711111731807543,0.5801862470580748,0.08818015390745484,-0.024210000000000002,0.11567000000000001,0.05918,-0.015236541364340415,0.0,-0.016701792799272093,-0.0015751064405471506,0.0,-0.0008550542004354608
1354,13.540029700146988,step,24.72111736072216,27.813109106687577,3.767400048673153,9.491000091657043,124371.0,124371.0,0.0,0.0,8.77,0.0002,1e-05,100.0,0.01,-0.05086796599131356,0.0,0.19951562287430413,-0.034444893789455214,0.0,0.2179930778672177,-0.28626665287303976,0.0,-0.29586773810106337,6.668167801554331,0.0,7.40640371106604,-0.6509177818779859,0.0,-1.0362886007319232,5.082976707779758,0.0,3.8133768026862747,0.40378143120804355,-2.3211284921324515,-1.9634849264396077,0.8578059347714984,0.7690814297732873,-0.028305457481332896,0.23134000000000002,0.29859,0.056490000000000005,-0.010930850827808113,0.0,-0.014949301384166985,-0.005492221374050234,0.0,-0.0035281536087465766
1355,13.550038099987432,step,20.001482605491315,10.625992371024088,3.691599937155843,10.008399840444326,124371.0,124371.0,0.0,0.0,8.77,0.0002,1e-05,100.0,0.01,-0.045926849795406795,0.0,0.20161553248657033,-0.034444893789455214,0.0,0.2179930778672177,-0.3603252806102537,0.0,-0.341550787808023,7.26716183056238,0.0,7.9134600745609545,-0.6644231998688737,0.0,-1.0803658302171826,5.504916390682472,0.0,3.9940206897439023,0.43752900854152765,-2.319594511344566,-1.965018907227493,1.0106535763546873,0.7922455747166617,-0.14020469631655147,0.12643000000000001,0.42233000000000004,-0.01076,-0.0033534608014720146,0.0,-0.010944589898367751,-0.008128495204479566,0.0,-0.005432955482279617
1356,13.560207900125533,step,13.188261594939755,4.568588030416876,3.7257999647408724,10.169800138100982,124371.0,124371.0,0.0,0.0,8.77,0.0002,1e-05,100.0,0.01,-0.03906111420980285,0.0,0.20563910065632207,-0.034444893789455214,0.0,0.2179930778672177,-0.3335158289032374,0.0,-0.3058069783255529,6.12568199719576,0.0,6.98321782135282,-0.6476556101207016,0.0,-1.1055166858710241,4.577462674533874,0.0,3.3559948837526554,0.48048047060232557,-2.3057886842535953,-1.9665528880153789,0.8713827094728892,0.7076552630334119,-0.12899330651890079,0.00269,0.42771000000000003,-0.07263,0.004163473873492663,0.0,-0.006245079464815169,-0.008779694293840299,0.0,-0.006108897746080454
1357,13.570407500024885,step,7.893850190642766,8.120429965167643,4.2975000105798244,10.199599899351597,124371.0,124371.0,0.0,0.0,8.77,0.0002,1e-05,100.0,0.01,-0.03216795181556027,0.0,0.21043474431544676,-0.034444893789455214,0.0,0.2179930778672177,-0.23176781876729532,0.0,-0.22188125012079982,3.838147065062878,0.0,5.233480454484525,-0.6082256635149805,0.0,-1.1138452694062668,2.8233458347124696,0.0,2.3774073073537707,0.5157620287236954,-2.2781770300716535,-1.9711548303790358,0.49803233361545085,0.5284213288810027,-0.01930045267787714,0.01614,0.39005,-0.06725,0.009790647015563316,0.0,-0.002068027693483138,-0.007513705041668374,0.0,-0.005490305858287797
1358,13.580250700004399,step,11.795287335689435,21.926316102603998,3.638399997726083,9.843199979513884,124371.0,124371.0,0.0,0.0,8.77,0.0002,1e-05,100.0,0.01,-0.022940627485187395,0.0,0.2153891077959681,-0.034444893789455214,0.0,0.2179930778672177,-0.0592236357095693,0.0,-0.10785971375556085,0.21938316206607314,0.0,3.0025315415873854,-0.5421835493297363,0.0,-1.1089767609628145,0.23076591787797074,0.0,1.2719343189927157,0.5571795099966076,-2.2413614911623982,-1.983426676682121,-0.06873468218757628,0.24301331451516645,0.1324453161522154,0.11298000000000001,0.30666,-0.00538,0.016398577320300894,0.0,0.0012088742634821644,-0.004894311016033076,0.0,-0.003812844334731765
1359,13.590434100013226,step,19.9343124904838,36.33038122351468,4.259699955582619,10.183400008827448,124371.0,124371.0,0.0,0.0,8.77,0.0002,1e-05,100.0,0.01,-0.014661346132231148,0.0,0.22044012845161573,-0.034444893789455214,0.0,0.2179930778672177,0.1651841260007679,0.0,0.002081193031011996,-4.091599896522397,0.0,0.8083193310780943,-0.45837556941420143,0.0,-1.0934108126402664,-2.7043409748002696,0.0,0.3074423570604141,0.593995048905863,-2.2060799330410283,-1.986494638257892,-0.7097970833111626,-0.08126006402406696,0.3013664285035096,-0.06994,0.15333,0.00269,0.020809927962757293,0.0,0.003865100478387547,-0.0010263803055332275,0.0,-0.0014180498939895107
1360,13.600448000011966,step,24.310558313003742,35.057401470664736,4.243100062012672,10.013899998739362,124371.0,124371.0,0.0,0.0,8.77,0.0002,1e-05,100.0,0.01,-0.010466213824267448,0.0,0.22199634560958245,-0.034444893789455214,0.0,0.2179930778672177,0.3806277333503671,0.0,0.0962264171011276,-7.83699872562483,0.0,-0.7767684012800077,-0.37528507899602226,0.0,-1.083044969876679,-5.180018433232241,0.0,-0.3767983428102279,0.6047329144210625,-2.181536240434858,-2.0003004653488627,-1.1386174149229036,-0.3633997355234939,0.353533361250504,-0.3497,-0.06456,0.16678,0.02063177184004613,0.0,0.002573889042558083,0.0033469081251416358,0.0,0.0014293786998066747
1361,13.610484499949962,step,21.298501413628788,15.642585191949026,4.330700030550361,10.036499937996268,124371.0,124371.0,0.0,0.0,8.77,0.0002,1e-05,100.0,0.01,-0.013465185064519797,0.0,0.22166431529936728,-0.034444893789455214,0.0,0.2179930778672177,0.5107040110062943,0.0,0.17688053770739165,-9.520976281916127,0.0,-1.9481568042774375,-0.3193554473629718,0.0,-1.0836721411300752,-6.304545208171627,0.0,-0.9397084150315836,0.5832571833906636,-2.176934298071201,-2.0033684269246343,-1.2412439586884303,-0.567317291236493,0.2317360825020145,-0.49496,-0.18561,0.19637000000000002,0.013887598847273842,0.0,-0.00015572966460520145,0.007092109877661575,0.0,0.003826967096754789
1362,13.620399900013581,step,13.033999899380005,2.8645169269175956,4.417800111696124,9.915400063619018,124371.0,124371.0,0.0,0.0,8.77,0.0002,1e-05,100.0,0.01,-0.021459013587116993,0.0,0.21911203664552825,-0.034444893789455214,0.0,0.2179930778672177,0.49131433715598916,0.0,0.22597192825344675,-8.40774028032216,0.0,-2.395114107663393,-0.30267230958439606,0.0,-1.1008353663294537,-5.619272917450278,0.0,-1.22805011704585,0.5403057213298655,-2.190740125162172,-2.0003004653488627,-1.0128803375899817,-0.5521050555303129,0.08219096309151003,-0.02152,-0.29859,0.12912,0.004142504039768199,0.0,-0.004261712075241664,0.008843376162570022,0.0,0.0053806708535522225
1363,13.630494799930602,step,6.1592626415736005,4.239794054406048,4.290100187063217,10.094899917021394,124371.0,124371.0,0.0,0.0,8.77,0.0002,1e-05,100.0,0.01,-0.02839985098940538,0.0,0.21681241117697447,-0.034444893789455214,0.0,0.2179930778672177,0.37392980846051665,0.0,0.2217266009036544,-5.916215504646465,0.0,-2.0613962503480607,-0.31082105149955375,0.0,-1.1287917040023565,-3.978409042317859,0.0,-1.0697370087751292,0.5065581439963814,-2.207613913828914,-1.991096580621549,-0.754185888605121,-0.37083889920464763,0.07845034202267197,-0.03497,-0.2959,0.0538,-0.00202337214681032,0.0,-0.006941694259448269,0.008068414946860152,0.0,0.005761027569205049
1364,13.640306600136682,step,6.796311899997405,16.367864048732507,3.527000080794096,9.811800206080079,124371.0,124371.0,0.0,0.0,8.77,0.0002,1e-05,100.0,0.01,-0.03704597588297734,0.0,0.2117142063615405,-0.034444893789455214,0.0,0.2179930778672177,0.19539654677237114,0.0,0.16526204545230685,-2.3038736224010163,0.0,-0.6329675823934293,-0.34407192035583817,0.0,-1.1753529811546068,-1.5608109283857639,0.0,-0.3855240472102513,0.4651406627234691,-2.2398275103745124,-1.983426676682121,-0.30515256475370056,-0.08291512025925284,0.02826151088814899,-0.07263,-0.22327,0.03766,-0.008256352035877044,0.0,-0.011561390984114427,0.005655269942354919,0.0,0.005282519478437241
1365,13.650417400058359,step,15.63621328018855,31.389163325927164,4.304800182580948,10.110799921676517,124371.0,124371.0,0.0,0.0,8.77,0.0002,1e-05,100.0,0.01,-0.044794162847216316,0.0,0.20627199448241007,-0.034444893789455214,0.0,0.2179930778672177,-0.016040235095986285,0.0,0.050136958614753334,1.7231652926288312,0.0,1.7230373335721012,-0.39330659348937447,0.0,-1.2374317990123855,1.2601601617441547,0.0,0.8614652019486072,0.42679114302632815,-2.272041106920111,-1.9757567727426928,0.13800324006194847,0.2634805498779909,0.036651543746009804,-0.17485,-0.06456,0.01345,-0.012225208174822918,0.0,-0.01541447161637224,0.0018759391170618152,0.0,0.003693388231564617
1366,13.660101799992844,step,20.71432599172823,33.374540722141575,5.45039982534945,9.684399934485555,124371.0,124371.0,0.0,0.0,8.77,0.0002,1e-05,100.0,0.01,-0.047792563351682936,0.0,0.2021525280488191,-0.034444893789455214,0.0,0.2179930778672177,-0.20401556931003753,0.0,-0.10279385850269097,4.894187880781383,0.0,4.510111955007865,-0.4368065544560352,0.0,-1.3065885885585127,3.62856861217502,0.0,2.3927381805450354,0.4099173543595861,-2.29351683795051,-1.978824734318464,0.5074875853744042,0.5416795636747957,0.02819167162583583,0.024210000000000002,0.11298000000000001,0.01883,-0.010801251324889266,0.0,-0.017171966321594942,-0.002546418237338456,0.0,0.0013314165031963615
1367,13.670430399943143,step,20.541873849040716,21.631083475481276,4.331100033596158,10.328599950298667,124371.0,124371.0,0.0,0.0,8.77,0.0002,1e-05,100.0,0.01,-0.04689361152591763,0.0,0.20165300418477095,-0.034444893789455214,0.0,0.2179930778672177,-0.34023668390859013,0.0,-0.22778513726355187,6.861324540732726,0.0,6.490326407977107,-0.4614955410261999,0.0,-1.3675530916503487,5.123011449710371,0.0,3.4193033700932207,0.4206552198747856,-2.3042547034657095,-1.9757567727426928,0.821497279808987,0.7063156816818424,-0.06037249727535713,0.28245000000000003,0.28783000000000003,0.01614,-0.006130395130826609,0.0,-0.015137781854484696,-0.0063183226056358075,0.0,-0.0012022918279620525
1368,13.680141699966043,step,15.971799717082385,10.394602100361407,5.110900150611997,9.711300022900105,124371.0,124371.0,0.0,0.0,8.77,0.0002,1e-05,100.0,0.01,-0.041621446990287116,0.0,0.20372438940757914,-0.034444893789455214,0.0,0.2179930778672177,-0.3903163605157875,0.0,-0.27119714569214,7.048430049212458,0.0,6.96756366050393,-0.4555602053504432,0.0,-1.412760305792434,5.266754209436939,0.0,3.54469482998952,0.457470758784041,-2.3042547034657095,-1.9757567727426928,0.9001108613612103,0.7088879641957333,-0.1381371748646833,0.06725,0.37929,-0.03497,0.0014737726404068195,0.0,-0.011225170570175734,-0.008650325841238721,0.0,-0.0030435178894628167
1369,13.690434999996796,step,11.221917657169211,10.550784919227187,6.276699947193265,10.293300030753016,124371.0,124371.0,0.0,0.0,8.77,0.0002,1e-05,100.0,0.01,-0.03472617578465417,0.0,0.2067746859885453,-0.034444893789455214,0.0,0.2179930778672177,-0.3388694405744936,0.0,-0.2443688451998475,5.518414351887627,0.0,6.278131374354349,-0.4206895433350605,0.0,-1.442663381126827,4.1294898581407935,0.0,3.03206697147271,0.5004222208448389,-2.2950508187383956,-1.978824734318464,0.7013342320892717,0.6216692948086032,-0.08672306613881114,0.00269,0.37929,-0.08070000000000001,0.008658554534844027,0.0,-0.007425078664356094,-0.008939836530042987,0.0,-0.0037933132143163125
1370,13.700409499928355,step,9.916928320752694,17.517619538766407,4.4114000629633665,9.974499931558967,124371.0,124371.0,0.0,0.0,8.77,0.0002,1e-05,100.0,0.01,-0.0275591147855931,0.0,0.2108564459705231,-0.034444893789455214,0.0,0.2179930778672177,-0.22050429520583187,0.0,-0.1806201796907304,2.9358347901172985,0.0,4.911453801839023,-0.3633175347701866,0.0,-1.4572227952972294,2.215271842404021,0.0,2.226856401162804,0.5372377597540943,-2.2705071261322254,-1.9849606574700063,0.33471436170704777,0.4589650892828419,0.03152642015254641,0.02152,0.33087,-0.056490000000000005,0.014245748036368248,0.0,-0.0036151731657460134,-0.007359969032506134,0.0,-0.0035214587309485706
1371,13.71049730014056,step,16.455069451378957,34.540451593200665,4.34260000474751,10.087800212204456,124371.0,124371.0,0.0,0.0,8.77,0.0002,1e-05,100.0,0.01,-0.01825816410133939,0.0,0.215033501435771,-0.034444893789455214,0.0,0.2179930778672177,-0.03835705024989784,0.0,-0.09768251553721292,-0.8515836129989278,0.0,3.2339886183657622,-0.2802422439055322,0.0,-1.4597891870041229,-0.48126010225249094,0.0,1.3517474360081732,0.5817232026027779,-2.2398275103745124,-1.995698522985206,-0.21269481357275682,0.2028450342709373,0.1978700630033637,0.13719,0.26631,0.09415,0.02062799771717338,0.0,-0.000637247510302657,-0.004441268029057553,0.0,-0.0023223289211440463
1372,13.720343200024217,step,23.785025226559565,47.28912838964439,4.4825999066233635,9.845899883657694,124371.0,124371.0,0.0,0.0,8.77,0.0002,1e-05,100.0,0.01,-0.010699691776765552,0.0,0.21936887087658855,-0.034444893789455214,0.0,0.2179930778672177,0.18622218733491805,0.0,-0.0026617844425544782,-5.102683379906065,0.0,1.3476568921639103,-0.1832806029612427,0.0,-1.4522881295240362,-3.397448619674899,0.0,0.5099686192093789,0.6139367991483764,-2.2060799330410283,-2.0003004653488627,-0.8317105937452545,-0.11523440198069423,0.35948599988433594,-0.08608,0.13181,0.08339,0.024076045804170297,0.0,0.0018625489596864721,-0.0003308437914806353,0.0,-0.00048675595031562064
1373,13.730462400009856,step,27.522515224613983,43.96705645433748,4.462399985641241,10.11919998563826,124371.0,124371.0,0.0,0.0,8.77,0.0002,1e-05,100.0,0.01,-0.007128842680154068,0.0,0.22135792497862647,-0.034444893789455214,0.0,0.2179930778672177,0.3946800253612054,0.0,0.07590548314913088,-8.688681933869814,0.0,-0.045766581300408095,-0.08972782641736685,0.0,-1.4458624551003567,-5.775105507154765,0.0,-0.07524096097407174,0.6246746646635758,-2.1846042020106298,-2.006436388500405,-1.256672037738209,-0.3967065768124139,0.40687088917320335,-0.41964,-0.04304,0.1883,0.023229608237259485,0.0,0.0015955261301330563,0.00408644287204166,0.0,0.0017693209812757189
1374,13.740506200119853,step,23.961538730662948,20.931586208738786,5.266799824312329,10.043800109997392,124371.0,124371.0,0.0,0.0,8.77,0.0002,1e-05,100.0,0.01,-0.010657553340814183,0.0,0.22087713277680365,-0.034444893789455214,0.0,0.2179930778672177,0.5067955408339864,0.0,0.1489589961420277,-10.058024880898971,0.0,-1.0839547169353163,-0.02513082665637993,0.0,-1.4495427898170388,-6.695995579791473,0.0,-0.5881803155042092,0.6016649528452912,-2.183070221222744,-2.007970369288291,-1.3087851187123862,-0.5700927040124424,0.2767451892375704,-0.45192000000000004,-0.19906000000000001,0.22058,0.016039748398555684,0.0,-0.0009138449633337379,0.007747592050085347,0.0,0.003797899872919697
1375,13.750421599950641,step,16.226311865480056,5.345853420128669,4.455799935385585,9.915399830788374,124371.0,124371.0,0.0,0.0,8.77,0.0002,1e-05,100.0,0.01,-0.018235106199816623,0.0,0.21872518650302084,-0.034444893789455214,0.0,0.2179930778672177,0.47885830693947173,0.0,0.19456201147823998,-8.872424036271422,0.0,-1.52019336311582,0.002526528044778268,0.0,-1.4669853072660786,-5.940344218201175,0.0,-0.860064064971703,0.5617814523602646,-2.196876048313715,-2.0033684269246343,-1.0916729275438528,-0.537085453393729,0.15358209112067767,-0.02959,-0.31473,0.13988,0.0068674553372076175,0.0,-0.004331061695670007,0.009342332252430974,0.0,0.005063170331473148
1376,13.76053009997122,step,8.461693795202933,4.333563311274959,4.397100070491433,10.108500020578504,124371.0,124371.0,0.0,0.0,8.77,0.0002,1e-05,100.0,0.01,-0.026215812004681108,0.0,0.21602267819626897,-0.034444893789455214,0.0,0.2179930778672177,0.35672330767953586,0.0,0.19685134518408748,-6.206697384380508,0.0,-1.238813708037537,0.0012221433536640407,0.0,-1.496396380739051,-4.172755071433742,0.0,-0.7302938862259009,0.5249659134510092,-2.2198857601319992,-1.991096580621549,-0.7818645799146626,-0.34805480501287367,0.11357279836644793,-0.04304,-0.27976,0.08070000000000001,-0.0003238850463305222,0.0,-0.007302912215480652,0.008552966831104628,0.0,0.0053325125445319276
1377,13.77045840001665,step,6.939039345060969,14.257223054606975,4.443999845534563,9.92830004543066,124371.0,124371.0,0.0,0.0,8.77,0.0002,1e-05,100.0,0.01,-0.034805297378398395,0.0,0.2110634042612402,-0.034444893789455214,0.0,0.2179930778672177,0.16784624465801237,0.0,0.14636421324034182,-2.4538486896415805,0.0,0.08699640648786575,-0.024257699627354582,0.0,-1.5433242212240343,-1.6367674633110862,0.0,-0.08374371903083232,0.48508241296598253,-2.2536333374654833,-1.9818926958942351,-0.3257017058569183,-0.03893996206305792,0.07643546256211771,-0.08608,-0.18023,0.06456,-0.0063267686140598516,0.0,-0.011652410437818552,0.00596636502511667,0.0,0.004722736831841065
1378,13.78009680006653,step,14.344016021393239,26.49118282268477,3.8978001102805138,9.638400049880147,124371.0,124371.0,0.0,0.0,8.77,0.0002,1e-05,100.0,0.01,-0.04268982451440593,0.0,0.20625544978643623,-0.034444893789455214,0.0,0.2179930778672177,-0.039266822845624924,0.0,0.03274502378598207,1.5162485397459502,0.0,2.3510843820756318,-0.06592112373647518,0.0,-1.6030100290516955,1.1633607089422937,0.0,1.1048614183783336,0.44826687405672705,-2.285846934011082,-1.96962084959115,0.11345618400630753,0.30234877966910156,0.07993163093724684,-0.2152,-0.0269,0.03497,-0.010345230314182684,0.0,-0.014820275617481787,0.0021002995892319687,0.0,0.003082647536700322
1379,13.79010730003938,step,20.500053781703322,32.08019610390875,3.7898998707532883,10.010499972850084,124371.0,124371.0,0.0,0.0,8.77,0.0002,1e-05,100.0,0.01,-0.04676244569911786,0.0,0.2016061892056842,-0.034444893789455214,0.0,0.2179930778672177,-0.23590303542710267,0.0,-0.11527847246868803,4.926727798050191,0.0,5.121302633524138,-0.1059998495805253,0.0,-1.6723622817584334,3.7107272805650635,0.0,2.621089421644888,0.4283251238142137,-2.3134585881930234,-1.9680868688032642,0.5148570490645988,0.5983970641169006,0.06068391317396507,-0.01076,0.12643000000000001,0.048420000000000005,-0.009951742047646974,0.0,-0.0172205007725599,-0.0023658098620156724,0.0,0.0008336121110264182
1380,13.800431299954653,step,20.014679129696198,19.626580156898992,4.352099960669875,10.323999915271997,124371.0,124371.0,0.0,0.0,8.77,0.0002,1e-05,100.0,0.01,-0.04599687878639062,0.0,0.20164868973871083,-0.034444893789455214,0.0,0.2179930778672177,-0.37449809133566664,0.0,-0.2346785885297921,6.9404008190719315,0.0,6.958937194318751,-0.12705133857116524,0.0,-1.7313720338563432,5.201563248958736,0.0,3.512571622493361,0.4421309509051845,-2.3257304344961085,-1.9588829840759507,0.8462198459701497,0.7489436303756165,-0.059001667887924866,0.269,0.33625,0.04304,-0.005227186836450539,0.0,-0.014652407700260587,-0.0063247981604848645,0.0,-0.0016919804282462727
1381,13.810081799980253,step,15.400318788484569,9.239590344734117,3.6545000039041042,9.650500025600195,124371.0,124371.0,0.0,0.0,8.77,0.0002,1e-05,100.0,0.01,-0.041120648615874826,0.0,0.2041148893584646,-0.034444893789455214,0.0,0.2179930778672177,-0.4275152337984662,0.0,-0.272775147949853,7.211135784265615,0.0,7.31176499921937,-0.1185987043596742,0.0,-1.7735202371849972,5.35580368132161,0.0,3.550149283015614,0.4774125090265543,-2.3241964537082227,-1.9558150225001791,0.9221581544958546,0.7391862565096616,-0.14371704103694494,0.06187,0.40888,-0.03228,0.0020988300781613397,0.0,-0.010465603346040723,-0.008774584904580952,0.0,-0.0034125851627123584
1382,13.820423300145194,step,10.257629528408357,10.502270775620097,4.295299993827939,10.341500164940953,124371.0,124371.0,0.0,0.0,8.77,0.0002,1e-05,100.0,0.01,-0.03411571607469789,0.0,0.20774073152239583,-0.034444893789455214,0.0,0.2179930778672177,-0.3815081883681361,0.0,-0.239206449058277,5.747289985881113,0.0,6.455736332521572,-0.08033549476394514,0.0,-1.7987468292369833,4.21726966449412,0.0,2.9617857495717437,0.5218979518752379,-2.3134585881930234,-1.9558150225001791,0.7195915834549904,0.6329458567300594,-0.1086472966222071,0.00269,0.39274000000000003,-0.07801000000000001,0.009500940556179773,0.0,-0.006263885179869217,-0.00917176284142245,0.0,-0.003988461164952644
1383,13.830070900032297,step,9.379008522293201,17.751955412456933,3.570999950170517,9.647599887102842,124371.0,124371.0,0.0,0.0,8.77,0.0002,1e-05,100.0,0.01,-0.027515896612218274,0.0,0.21167209701144135,-0.034444893789455214,0.0,0.2179930778672177,-0.25851627434417424,0.0,-0.16848182382287416,3.155150262101222,0.0,4.997375933910187,-0.021865705511974483,0.0,-1.8102217944796986,2.299416886753454,0.0,2.1712930013272245,0.555645529208722,-2.2904488763747386,-1.960416964863836,0.32523233682568287,0.4624443228184136,0.02294028642292157,0.0269,0.34163,-0.06187,0.014518332306272056,0.0,-0.0028492895344418854,-0.007589335129035117,0.0,-0.003471691321334457
1384,13.840419700136408,step,16.139184520688993,35.23830851330934,4.293899983167648,10.348800104111433,124371.0,124371.0,0.0,0.0,8.77,0.0002,1e-05,100.0,0.01,-0.018342118434484855,0.0,0.2169096098888231,-0.034444893789455214,0.0,0.2179930778672177,-0.07493589636575651,0.0,-0.0715877470627258,-0.6406257143532255,0.0,2.9926830399818276,0.061977990408218046,0.0,-1.8059913858582812,-0.3965233370346422,0.0,1.2302407092266106,0.5985969912695199,-2.255167318253369,-1.9665528880153789,-0.2300300367257792,0.18163127291601627,0.16812669110498285,0.13181,0.23941,0.0269,0.020818796419970937,0.0,0.0010504309822697618,-0.004716021065000579,0.0,-0.002133898960664354
1385,13.850184000097215,step,23.599188599475436,47.55116813136944,4.03740000911057,9.764299960806966,124371.0,124371.0,0.0,0.0,8.77,0.0002,1e-05,100.0,0.01,-0.011055262384572523,0.0,0.22113104620634041,-0.034444893789455214,0.0,0.2179930778672177,0.1649782331799187,0.0,0.027398569639844713,-5.090254607324438,0.0,1.0532274217618365,0.15866481788656678,0.0,-1.793267745716957,-3.3739791040885363,0.0,0.4716950878617767,0.632344568603004,-2.2275556640714274,-1.9665528880153789,-0.867538652521791,-0.13750516651479355,0.3362466769352373,-0.07263,0.11029,0.08070000000000001,0.024007808287466202,0.0,0.0031593415690469853,-0.0006181768825835113,0.0,-2.13732299242644e-05
1386,13.860448200022802,step,27.431357137687776,43.91709635614615,4.233899991959333,10.264199925586581,124371.0,124371.0,0.0,0.0,8.77,0.0002,1e-05,100.0,0.01,-0.00772387668369745,0.0,0.2241952225970007,-0.034444893789455214,0.0,0.2179930778672177,0.38320448890007003,0.0,0.11708082737185746,-8.79462922931723,0.0,-0.6289867407631697,0.251111523891957,0.0,-1.7778721028274194,-5.72178596372704,0.0,-0.10736417292458246,0.6415484533303178,-2.203011971465257,-1.9665528880153789,-1.3191709088463384,-0.4382768574869837,0.3777590321134956,-0.43578,-0.0,0.18292,0.022954965557042024,0.0,0.0038228128132250716,0.003766051548715739,0.0,0.002379331916557933
1387,13.870485000079498,step,24.07492293959787,21.0557264353245,4.243399947881699,10.036800056695938,124371.0,124371.0,0.0,0.0,8.77,0.0002,1e-05,100.0,0.01,-0.010973081191754233,0.0,0.22334806880334274,-0.034444893789455214,0.0,0.2179930778672177,0.49538570470125187,0.0,0.1894309796977838,-10.194655445449397,0.0,-1.6253152728770177,0.3159466406543277,0.0,-1.775123844929284,-6.654429538742037,0.0,-0.5830758900792066,0.6185387415120333,-2.199944009889486,-1.9726888111669212,-1.2963921402809626,-0.5652181344899855,0.24231061266673917,-0.48958,-0.21251,0.22058,0.016098874005096946,0.0,0.0006824057678148556,0.007372938592604034,0.0,0.004672585168310187
1388,13.880420699948445,step,16.391573045349784,4.673474361516805,6.2917000614106655,9.935699868947268,124371.0,124371.0,0.0,0.0,8.77,0.0002,1e-05,100.0,0.01,-0.018379026547723498,0.0,0.22124447397844274,-0.034444893789455214,0.0,0.2179930778672177,0.46643705260212753,0.0,0.234111509174604,-9.013193338161079,0.0,-2.0596143309552133,0.34441256083113414,0.0,-1.7862767037910758,-5.926454951927213,0.0,-0.8611128270662725,0.5817232026027779,-2.2152838177683423,-1.9665528880153789,-1.0885415033678156,-0.5363395167223042,0.12165838488493352,-0.04573,-0.30666,0.14257,0.0070682260671353705,0.0,-0.0027693089575311827,0.008997641174596345,0.0,0.006020705068756229
1389,13.89005809999071,step,8.371447760821349,2.8726272907494,3.6865000147372484,9.637400042265654,124371.0,124371.0,0.0,0.0,8.77,0.0002,1e-05,100.0,0.01,-0.02608126455931961,0.0,0.21835480112190575,-0.034444893789455214,0.0,0.2179930778672177,0.3408032186604186,0.0,0.225387150031301,-6.327020994361021,0.0,-1.6003509942869987,0.34471241005305875,0.0,-1.8102440888923752,-4.200065948913523,0.0,-0.7428153811329317,0.5433736829056368,-2.23369158722297,-1.960416964863836,-0.774079454090891,-0.3379153434163479,0.09447511330212524,-0.0538,-0.30666,0.07801000000000001,7.445401636250494e-05,0.0,-0.00595121798564259,0.008289175213773098,0.0,0.006312941240330647
1390,13.900039100088179,step,4.4656207906817,11.795711246340678,3.7559999618679285,9.981000097468495,124371.0,124371.0,0.0,0.0,8.77,0.0002,1e-05,100.0,0.01,-0.035304310192286026,0.0,0.21361093541258275,-0.034444893789455214,0.0,0.2179930778672177,0.15746183453228288,0.0,0.17084080391897158,-2.588129718818986,0.0,-0.24345598471258564,0.31769779005648924,0.0,-1.8506093283405574,-1.7281500843140603,0.0,-0.17402025350226086,0.5019562016327246,-2.2674391645564542,-1.948145118560751,-0.3414690046668349,-0.049080921410054684,0.05842343204631262,-0.09415,-0.20713,0.048420000000000005,-0.006707861192173526,0.0,-0.010022884765420952,0.005848444789342714,0.0,0.005640742310786005
1391,13.910422400105745,step,13.320048951842224,25.262624272214875,4.1560998652130365,10.383300017565489,124371.0,124371.0,0.0,0.0,8.77,0.0002,1e-05,100.0,0.01,-0.04327011174564301,0.0,0.20801614286165343,-0.034444893789455214,0.0,0.2179930778672177,-0.05121048101720494,0.0,0.04431456941807025,1.4156158442093418,0.0,2.2924660279853866,0.2741109245198984,0.0,-1.906758326614241,1.0539683956964736,0.0,1.0096232594350534,0.4651406627234691,-2.302720722677824,-1.938941233833437,0.0922482675799984,0.30281719675003693,0.08165458077657453,-0.20713,-0.01345,0.03497,-0.010822830151174093,0.0,-0.013942068648283349,0.0019976121949862938,0.0,0.0039651336427190854
1392,13.920418699970469,step,19.406325770806088,29.54378275414153,4.534699954092503,9.996299864724278,124371.0,124371.0,0.0,0.0,8.77,0.0002,1e-05,100.0,0.01,-0.04751785289498536,0.0,0.20365072031527426,-0.034444893789455214,0.0,0.2179930778672177,-0.24572806612988693,0.0,-0.11020456672420671,4.815865424815306,0.0,5.124311460146601,0.2313502628110851,0.0,-1.9706354145335625,3.5491779870007876,0.0,2.4230069918076795,0.4451989124809558,-2.3287983960718797,-1.935873272257666,0.4833740086004622,0.5920189772203835,0.06929153915742872,0.04304,0.11836,0.040350000000000004,-0.01061767973284957,0.0,-0.015860990796001718,-0.0024552793726805786,0.0,0.0015186332440582824
1393,13.930065100081265,step,19.810856596710174,19.20812456507184,5.178599851205945,9.646400110796094,124371.0,124371.0,0.0,0.0,8.77,0.0002,1e-05,100.0,0.01,-0.04725588248084187,0.0,0.20288186984652729,-0.034444893789455214,0.0,0.2179930778672177,-0.3825623295336735,0.0,-0.2411875694427703,6.86159254671711,0.0,7.217907794125405,0.20562161444761462,0.0,-2.0270239024225214,5.074339407464562,0.0,3.4082664499189703,0.452868816420384,-2.3410702423749647,-1.931271329894009,0.8033081069952861,0.7508771205704244,-0.026351028855679248,0.23134000000000002,0.31204000000000004,0.03497,-0.006388548197469302,0.0,-0.014001535081512365,-0.006422440493917356,0.0,-0.0011096729391780434
1394,13.940125700086355,step,14.766334556521267,6.999229130977104,8.872199803590775,10.060600005090237,124371.0,124371.0,0.0,0.0,8.77,0.0002,1e-05,100.0,0.01,-0.04259624631277381,0.0,0.20568047910514875,-0.034444893789455214,0.0,0.2179930778672177,-0.43378284276400775,0.0,-0.28545848518407674,7.134205555393373,0.0,7.623152945325787,0.20890277934486975,0.0,-2.064294263074284,5.19841451573836,0.0,3.4474071947454794,0.4866163937538681,-2.3380022807991936,-1.926669387530352,0.9213678826208305,0.7533542529985401,-0.12931121042143195,0.16678,0.41964,-0.01345,0.000814729160810504,0.0,-0.009254411347115575,-0.008966081684129101,0.0,-0.003058187414953369
1395,13.950284200021997,step,8.873650706876624,7.175038704941753,4.282199777662754,10.158499935641885,124371.0,124371.0,0.0,0.0,8.77,0.0002,1e-05,100.0,0.01,-0.035953839636542,0.0,0.20924866483384538,-0.034444893789455214,0.0,0.2179930778672177,-0.39137865800308697,0.0,-0.253882023847975,5.768995257114365,0.0,6.798184797858982,0.24096312556651048,0.0,-2.0844720216499257,4.12906709302228,0.0,2.924902261536121,0.5280338750267805,-2.3272644152839943,-1.926669387530352,0.7214830700334093,0.6497174390630568,-0.09269440107433254,0.00269,0.41426,-0.05111,0.007960739490509213,0.0,-0.005010235335969197,-0.009469685337596,0.0,-0.0037341776974031144
1396,13.960428999969736,step,6.846007457872463,14.89212473009004,4.427999956533313,10.144799947738647,124371.0,124371.0,0.0,0.0,8.77,0.0002,1e-05,100.0,0.01,-0.02894488753666763,0.0,0.2139165904904995,-0.034444893789455214,0.0,0.2179930778672177,-0.2743524835523469,0.0,-0.1785491502313147,3.2265396401673976,0.0,5.185148900602938,0.2954467017609467,0.0,-2.0876287400540723,2.2420462172977036,0.0,2.1255220916040414,0.5633154331481501,-2.3011867418899383,-1.9297373491061236,0.34402491648054717,0.4718548494505952,0.01520671098941298,0.03497,0.36046,-0.05111,0.013528536267098957,0.0,-0.0007838284928858336,-0.008028530014311372,0.0,-0.0032926588838323684
1397,13.970501400064677,step,14.431661129364,31.66955306577513,4.436600022017956,10.072400094941258,124371.0,124371.0,0.0,0.0,8.77,0.0002,1e-05,100.0,0.01,-0.020038300228183356,0.0,0.21884331601804136,-0.034444893789455214,0.0,0.2179930778672177,-0.08795111045946463,0.0,-0.07911294251522337,-0.5776830062084087,0.0,3.168650313750719,0.374283287213034,0.0,-2.07673363071957,-0.40010157762567844,0.0,1.2792810486359716,0.6047329144210625,-2.26897314534434,-1.935873272257666,-0.22280341412575688,0.19663270714961711,0.16961429063206146,0.16140000000000002,0.28514,0.0538,0.01957550660141366,0.0,0.0027053084995708318,-0.005168913040141804,0.0,-0.0018550703487471695
1398,13.980392100056633,step,22.692273566855427,45.61085650346614,4.336499841883779,9.890699991956353,124371.0,124371.0,0.0,0.0,8.77,0.0002,1e-05,100.0,0.01,-0.01236221609318773,0.0,0.2232175037108656,-0.034444893789455214,0.0,0.2179930778672177,0.1487590368348759,0.0,0.02826086306710592,-5.0176386808453834,0.0,1.0811467347484947,0.46770110721917035,0.0,-2.0568519254105593,-3.2998006804427025,0.0,0.5563933510495762,0.6400144725424323,-2.2413614911623982,-1.935873272257666,-0.8607982593201791,-0.12448547967081146,0.32950752801282496,-0.11836,0.10491,0.07532,0.023196097874269083,0.0,0.004936723873720121,-0.0011134201780016,0.0,0.00028770196992778524
1399,13.990086300065741,step,26.48266037978521,41.119150184426104,4.070800030604005,9.69420000910759,124371.0,124371.0,0.0,0.0,8.77,0.0002,1e-05,100.0,0.01,-0.00925324261647599,0.0,0.22616082002585491,-0.034444893789455214,0.0,0.2179930778672177,0.36706869672958464,0.0,0.12137292448372373,-8.695463989028873,0.0,-0.6458310123838407,0.5557153049820367,0.0,-2.035004018667709,-5.568014776500791,0.0,0.029464147886577915,0.6492183572697461,-2.2198857601319992,-1.9343392914697801,-1.298701806960238,-0.41775750637129666,0.3633789390551786,-0.42233000000000004,-0.11567000000000001,0.17485,0.0218543522584729,0.0,0.0054249412277204805,0.003337298914506324,0.0,0.0027428009309167396
1400,14.000390300061554,step,23.661775500021417,19.814895671970085,4.376100143417716,10.303999995812774,124371.0,124371.0,0.0,0.0,8.77,0.0002,1e-05,100.0,0.01,-0.012066503386416003,0.0,0.22567990183961203,-0.034444893789455214,0.0,0.2179930778672177,0.4874799908474161,0.0,0.19995592276284557,-10.26132333629283,0.0,-1.7815366799883698,0.6177633643775752,0.0,-2.024373051654227,-6.56587940285192,0.0,-0.45079350126082135,0.6277426262393471,-2.213749836980457,-1.9404752146213229,-1.308446700935252,-0.5540530166483881,0.2431413623898008,-0.538,-0.22327,0.20175,0.015406834140989695,0.0,0.002639720679915898,0.006971556262049516,0.0,0.005047103292478443
1401,14.010426599998027,step,15.675828168573723,2.7296981248690675,4.342300118878484,10.03629993647337,124371.0,124371.0,0.0,0.0,8.77,0.0002,1e-05,100.0,0.01,-0.019952114593136325,0.0,0.22396726734675346,-0.034444893789455214,0.0,0.2179930778672177,0.4661243785052352,0.0,0.24972367710323953,-9.136943631253756,0.0,-2.3423591292266743,0.6410479881164867,0.0,-2.0263136500957217,-5.8761137802208205,0.0,-0.7811824096855037,0.5878591257543204,-2.226021683283542,-1.9328053106818948,-1.0976078724955067,-0.5411528420566194,0.10286246301957576,-0.056490000000000005,-0.29321,0.14257,0.005781685027308947,0.0,-0.000481860006801808,0.008711094169009942,0.0,0.006456049486337571
1402,14.020404200069606,step,7.5279667598552304,1.1010234302036808,4.397200187668204,9.977600071579218,124371.0,124371.0,0.0,0.0,8.77,0.0002,1e-05,100.0,0.01,-0.027725896123036192,0.0,0.22138797902868632,-0.034444893789455214,0.0,0.2179930778672177,0.3445832177451977,0.0,0.24375378031172748,-6.498473799625136,0.0,-1.9674271469000109,0.6358866285178862,0.0,-2.040226415929109,-4.219805901179884,0.0,-0.7335550798582047,0.551043586845065,-2.2444294527381694,-1.9236014259545808,-0.7927463141922715,-0.3492933774346485,0.0777926262679532,-0.040350000000000004,-0.28514,0.06187,-0.0012815906259166423,0.0,-0.003454607246795551,0.008000588292335664,0.0,0.006849508408264173
1403,14.030420700088143,step,3.0810223401013985,10.49918910324612,4.382799845188856,10.016500018537045,124371.0,124371.0,0.0,0.0,8.77,0.0002,1e-05,100.0,0.01,-0.03704972706069594,0.0,0.21634761674970648,-0.034444893789455214,0.0,0.2179930778672177,0.16028498022639212,0.0,0.18245295593004177,-2.728802618193472,0.0,-0.48760536410068184,0.6030939491527461,0.0,-2.0722338838187175,-1.8033336462616079,0.0,-0.21698419700802848,0.5096261055721527,-2.2781770300716535,-1.9128635604393815,-0.35058448421106797,-0.05482811262328044,0.045596470483834535,-0.10222,-0.19637000000000002,0.04304,-0.008142581362563912,0.0,-0.007947609544154629,0.005537748091323187,0.0,0.006302148426643419
1404,14.040413500042632,step,13.047038153440312,24.41042468058386,5.3575001657009125,9.992799954488873,124371.0,124371.0,0.0,0.0,8.77,0.0002,1e-05,100.0,0.01,-0.04497912868403786,0.0,0.21029534444996528,-0.034444893789455214,0.0,0.2179930778672177,-0.05594559325363262,0.0,0.06080890678805594,1.3889393801529588,0.0,2.0178991393403267,0.5540304216195437,0.0,-2.1219818003792676,0.9842605250668365,0.0,0.8390357796730822,0.47281056666289734,-2.3134585881930234,-1.9067276372878388,0.08206411445258358,0.2914809753506705,0.06878111490088823,-0.1883,-0.02152,0.024210000000000002,-0.012182711892038367,0.0,-0.012352649007477318,0.0016484769974557199,0.0,0.004654915590224906
1405,14.050091200042516,step,19.274553297707303,28.396257197528087,3.6915000528097153,9.677699999883771,124371.0,124371.0,0.0,0.0,8.77,0.0002,1e-05,100.0,0.01,-0.049496746356627104,0.0,0.2059535538266968,-0.034444893789455214,0.0,0.2179930778672177,-0.24815475699012124,0.0,-0.10104417784125307,4.79014076032584,0.0,4.949638906919661,0.50478442873489,0.0,-2.1790263761451567,3.4257572428130767,0.0,2.178853585292128,0.45133483563249843,-2.3380022807991936,-1.9036596757120676,0.4619113849376491,0.5764289527966481,0.06749314653475216,-0.02152,0.16678,0.040350000000000004,-0.0122280189239371,0.0,-0.014164444884014665,-0.0028238336432347896,0.0,0.002124920843493777
1406,14.060427200049162,step,19.990316301516863,18.2582633921681,4.257299937307835,10.336000006645918,124371.0,124371.0,0.0,0.0,8.77,0.0002,1e-05,100.0,0.01,-0.04952453387734868,0.0,0.20486992273385563,-0.034444893789455214,0.0,0.2179930778672177,-0.385489899157965,0.0,-0.23829625832190818,6.881734552072176,0.0,7.164193603376063,0.47166115863746594,0.0,-2.2295684542235925,4.955637385221957,0.0,3.1523178281209048,0.457470758784041,-2.3518081078901645,-1.8990577333484107,0.7757171127555643,0.7381377876426407,-0.016529427680825423,0.2421,0.31473,0.04304,-0.008224668645074673,0.0,-0.012549843164819507,-0.006854971442818795,0.0,-0.0005733119685425621
1407,14.070537599967793,step,14.997295798593878,5.346740937440927,4.128499887883663,10.11039991863072,124371.0,124371.0,0.0,0.0,8.77,0.0002,1e-05,100.0,0.01,-0.04496392420329469,0.0,0.20730341555153897,-0.034444893789455214,0.0,0.2179930778672177,-0.44413716576628853,0.0,-0.2902792009791928,7.282937919615309,0.0,7.7183589503733785,0.4675487618691768,0.0,-2.262009730097213,5.173439596434663,0.0,3.2739707981314474,0.4896843553296394,-2.3502741271022787,-1.8959897717726395,0.9105274166293887,0.7486334090483444,-0.12354506602934334,0.19906000000000001,0.40081,-0.00807,-0.001021128066666467,0.0,-0.00805532617097289,-0.009497902347173008,0.0,-0.0026343361447058317
1408,14.080039900029078,step,8.306113200869445,4.122722140879564,3.6555000115185976,9.502300061285496,124371.0,124371.0,0.0,0.0,8.77,0.0002,1e-05,100.0,0.01,-0.03849720263509257,0.0,0.21074253929927483,-0.034444893789455214,0.0,0.2179930778672177,-0.3978663805648241,0.0,-0.26625064464212855,5.887075634048475,0.0,7.014868349675506,0.4918612429656085,0.0,-2.277288725192165,4.093450622912266,0.0,2.834678022024608,0.5311018366025517,-2.3426042231628506,-1.8944557909847537,0.7284101782828494,0.6622516262520253,-0.08708433228111022,0.00269,0.41157,-0.06187,0.006036906995283142,0.0,-0.003793848599974842,-0.010089215840920499,0.0,-0.003456689967968018
1409,14.090380900073797,step,4.079010835294412,11.489576279172477,4.304100060835481,10.341000044718385,124371.0,124371.0,0.0,0.0,8.77,0.0002,1e-05,100.0,0.01,-0.03129754482226481,0.0,0.21539836711779403,-0.034444893789455214,0.0,0.2179930778672177,-0.28339255454619866,0.0,-0.19478251345020697,3.369243317748627,0.0,5.4556549854862855,0.5397484365079392,0.0,-2.275113420506872,2.250247938650944,0.0,2.127589055792379,0.5663833947239215,-2.3165265497687946,-1.8990577333484107,0.3639323420440431,0.4896761750037347,0.01292669975132521,0.03766,0.35239000000000004,-0.040350000000000004,0.011890622455747782,0.0,0.0005401387056890167,-0.008743273488557376,0.0,-0.0031348494551126788
1410,14.100185200106353,step,12.190986298864996,27.22682730562201,3.6619999445974827,9.804300032556057,124371.0,124371.0,0.0,0.0,8.77,0.0002,1e-05,100.0,0.01,-0.022409109857336518,0.0,0.21993216323884718,-0.034444893789455214,0.0,0.2179930778672177,-0.09876394097431979,0.0,-0.09768598460068774,-0.4000586227546339,0.0,3.5118835423693473,0.612017858387411,0.0,-2.2601971165970114,-0.32537161953656407,0.0,1.3898148610496792,0.6078008759968337,-2.2873809147989674,-1.9067276372878388,-0.19291508278088731,0.22923690166667804,0.16961444865248956,0.14795,0.28783000000000003,-0.01614,0.01794484802924061,0.0,0.003703790619313845,-0.005909064097121913,0.0,-0.001764705247684361
1411,14.110486400080845,step,20.984109315945684,41.66713972535645,4.192400025203824,10.301199974492192,124371.0,124371.0,0.0,0.0,8.77,0.0002,1e-05,100.0,0.01,-0.014605150015557483,0.0,0.22482809145679047,-0.034444893789455214,0.0,0.2179930778672177,0.13348484460120774,0.0,0.011045269438989978,-4.781298477855876,0.0,1.342685401262272,0.6994002075078606,0.0,-2.2337821017898385,-3.1372589162481557,0.0,0.7116331722511384,0.6430824341182035,-2.2582352798291403,-1.905193656499953,-0.8258837422372511,-0.08845970562058442,0.3251005328881907,-0.01883,0.12912,0.08339,0.021697461175484035,0.0,0.006558976314981417,-0.0018577174015863042,0.0,0.00027603727459136335
1412,14.120116000063717,step,25.029661621043676,37.71873762607982,3.6325000692158937,9.629599982872605,124371.0,124371.0,0.0,0.0,8.77,0.0002,1e-05,100.0,0.01,-0.011436231167892622,0.0,0.22784627050874537,-0.034444893789455214,0.0,0.2179930778672177,0.35390887514147645,0.0,0.10821678912191994,-8.491092520931794,0.0,-0.45935781864121905,0.7814454665874316,0.0,-2.2052808213311987,-5.37422754002737,0.0,0.21518598355480517,0.6522863188455174,-2.2367595487987413,-1.9036596757120676,-1.2687096438320729,-0.38022015659143377,0.3618329904586856,-0.40888,-0.13719,0.16947,0.02037223582828717,0.0,0.007077006196646113,0.002636426793275422,0.0,0.002776186444881562
1413,14.130457400111482,step,22.018613374552203,16.55888530991659,4.231099970638752,10.341400047764182,124371.0,124371.0,0.0,0.0,8.77,0.0002,1e-05,100.0,0.01,-0.014335950834620456,0.0,0.2269624562279075,-0.034444893789455214,0.0,0.2179930778672177,0.4761243249470304,0.0,0.1897897204095921,-10.068241310078598,0.0,-1.6016980216897252,0.8369079657730063,0.0,-2.1899286799146584,-6.369264811195343,0.0,-0.24887441461310658,0.6308105878151185,-2.2321576064350843,-1.9113295796514957,-1.2730174454433736,-0.5125993633731438,0.2421320773158013,-0.54876,-0.20444,0.20175,0.0137716075945216,0.0,0.0038120111864555677,0.006337335360313157,0.0,0.005157367174234244
1414,14.140085099963471,step,14.279365270958607,1.4804256889479532,3.7109998520463705,9.627699851989746,124371.0,124371.0,0.0,0.0,8.77,0.0002,1e-05,100.0,0.01,-0.02208702292088993,0.0,0.22514732836166673,-0.034444893789455214,0.0,0.2179930778672177,0.4623229994037373,0.0,0.2395958835103265,-9.064279878183967,0.0,-2.1565123443450713,0.8539545082219304,0.0,-2.1875833593978378,-5.766942339948383,0.0,-0.586295489256276,0.5909270873300917,-2.242895471950284,-1.905193656499953,-1.0866683534594666,-0.5082517500019123,0.11457151827580982,-0.06456,-0.269,0.13719,0.004232739182279701,0.0,0.0005823544613985628,0.008125131686285581,0.0,0.006571896033050475
1415,14.15039880014956,step,6.356187943773158,1.218188270594606,4.288299940526485,10.313700186088681,124371.0,124371.0,0.0,0.0,8.77,0.0002,1e-05,100.0,0.01,-0.02991332947949299,0.0,0.22245021260617767,-0.034444893789455214,0.0,0.2179930778672177,0.34438291640553265,0.0,0.23286317180546903,-6.467254001654639,0.0,-1.7615496496827574,0.8420708691541734,0.0,-2.1977034768193997,-4.160040179176146,0.0,-0.5636239440564158,0.5541115484208363,-2.2613032414049115,-1.8959897717726395,-0.7880627552186423,-0.32410809891761194,0.08697711676325448,-0.04573,-0.269,0.056490000000000005,-0.0029507652276629165,0.0,-0.002512874248127652,0.007482329537625141,0.0,0.00697000898708763
1416,14.160031799925491,step,4.726170377296971,11.8181812774783,4.6859001740813255,9.63299977593124,124371.0,124371.0,0.0,0.0,8.77,0.0002,1e-05,100.0,0.01,-0.039117185376626604,0.0,0.21728147561898709,-0.034444893789455214,0.0,0.2179930778672177,0.15580451342784174,0.0,0.17290073850639023,-2.6405318326944727,0.0,-0.2912413773144755,0.8028521944455215,0.0,-2.2264355461773944,-1.7353338434351158,0.0,-0.10804086213001665,0.512694067147924,-2.29351683795051,-1.8867858870453256,-0.343191245609089,-0.030556709583151195,0.054236003546610824,-0.09684000000000001,-0.19637000000000002,0.05111,-0.00973818717864808,0.0,-0.0071343121999052185,0.00506589559147669,0.0,0.00642270995167461
1417,14.170048600062728,step,13.982743880692938,25.584213966802288,3.8230998907238245,10.016800137236714,124371.0,124371.0,0.0,0.0,8.77,0.0002,1e-05,100.0,0.01,-0.046585007138972484,0.0,0.21105515495802302,-0.034444893789455214,0.0,0.2179930778672177,-0.03625805407970121,0.0,0.05665776163567302,1.073885262676685,0.0,2.149976013965137,0.7490407818113027,0.0,-2.2735648859104134,0.7575294879029628,0.0,0.8514863794447236,0.4774125090265543,-2.3272644152839943,-1.883717925469554,0.04524058438722199,0.28585390950887196,0.08242693947433558,-0.19906000000000001,-0.00538,0.024210000000000002,-0.013361634794453832,0.0,-0.011702443678571955,0.0012215214449365613,0.0,0.004764520769377278
1418,14.180051899980754,step,20.687344023065254,31.18385185557934,4.6588999684900045,10.003299918025732,124371.0,124371.0,0.0,0.0,8.77,0.0002,1e-05,100.0,0.01,-0.051706323268912974,0.0,0.20659091776246735,-0.034444893789455214,0.0,0.2179930778672177,-0.245356746562251,0.0,-0.10955174091141355,4.797173581090629,0.0,5.157283362135259,0.6921726426253222,0.0,-2.3283625602829616,3.3919693414592094,0.0,2.161647708882994,0.452868816420384,-2.3518081078901645,-1.8791159831058974,0.4603317367277212,0.5897366330120933,0.07774065255235607,-0.01883,0.13181,0.05111,-0.014120634825335387,0.0,-0.013606528368403984,-0.003140794654122373,0.0,0.0022043682636536423
1419,14.190055400133133,step,20.806269650649575,18.21350117136364,4.775200039148331,10.003500152379274,124371.0,124371.0,0.0,0.0,8.77,0.0002,1e-05,100.0,0.01,-0.0516552136217923,0.0,0.20630095453378477,-0.034444893789455214,0.0,0.2179930778672177,-0.3838412936005809,0.0,-0.24278946052494382,6.904761576990532,0.0,7.222487640578407,0.6518787190763154,0.0,-2.373296956454486,4.877832171250441,0.0,3.006173621577616,0.45900473957192656,-2.3610119926174784,-1.8729800599543547,0.7891572759851739,0.7393130310663778,-0.02546571184667315,0.22596000000000002,0.30397,0.05111,-0.010005176681704628,0.0,-0.011157428544654565,-0.007205143150632455,0.0,-0.0005346947887783539
1420,14.200416499981657,step,15.879824738429495,4.407390329523225,4.4067001435905695,10.361099848523736,124371.0,124371.0,0.0,0.0,8.77,0.0002,1e-05,100.0,0.01,-0.04742409419231694,0.0,0.2088438051843433,-0.034444893789455214,0.0,0.2179930778672177,-0.4428555169017582,0.0,-0.2942342085683732,7.354908161859166,0.0,7.750996045115029,0.6393334975446994,0.0,-2.400205978782087,5.110165808452869,0.0,3.1147913469677393,0.4881503745417538,-2.3579440310417072,-1.8699120983785835,0.9113376196985388,0.7488371785280686,-0.11873238566106825,0.27169,0.40081,0.00538,-0.003115039362753704,0.0,-0.00668164077871781,-0.009864161040108023,0.0,-0.002467631904156572
1421,14.210118300048634,step,8.12007102809972,1.8049437398591746,3.6873999051749706,9.70180006697774,124371.0,124371.0,0.0,0.0,8.77,0.0002,1e-05,100.0,0.01,-0.04070903162865089,0.0,0.21282624802359584,-0.034444893789455214,0.0,0.2179930778672177,-0.40012430086620304,0.0,-0.2608697295230719,5.992659972031226,0.0,6.8434491293679125,0.6565388736908241,0.0,-2.4082659899261363,4.040823869495409,0.0,2.6212600209102184,0.529567855814666,-2.3472061655265075,-1.8683781175906977,0.7343373988501205,0.6478174673037731,-0.10132166233415218,0.01076,0.41426,-0.05918,0.0042721783597916025,0.0,-0.00200133986591408,-0.010536316198987277,0.0,-0.0031654899777077707
1422,14.220414800103754,step,1.345435587350435,9.528609367531182,4.296500002965331,10.296500055119395,124371.0,124371.0,0.0,0.0,8.77,0.0002,1e-05,100.0,0.01,-0.033107639158346636,0.0,0.21784493276507905,-0.034444893789455214,0.0,0.2179930778672177,-0.2863005458950435,0.0,-0.18469589602256914,3.447299199269514,0.0,5.167138822810365,0.69901567030202,0.0,-2.398194067410681,2.207980308466752,0.0,1.9269297937312049,0.5648494139360358,-2.3180605305566804,-1.8745140407422405,0.3588049563155814,0.4683791436185995,-0.0014585568284368883,0.04304,0.35777000000000003,-0.0538,0.010547194652091006,0.0,0.0025009072191494674,-0.009209940020982427,0.0,-0.0026490523212881144
1423,14.230070299934596,step,11.497597080194577,25.51589972112872,3.684299997985363,9.655499830842018,124371.0,124371.0,0.0,0.0,8.77,0.0002,1e-05,100.0,0.01,-0.024113166714753012,0.0,0.22303789245968433,-0.034444893789455214,0.0,0.2179930778672177,-0.09602990013288189,0.0,-0.0765226772890244,-0.41206017290813085,0.0,2.9783266272619295,0.7660639122271082,0.0,-2.3735422277434153,-0.3672712937773954,0.0,1.1662744069373878,0.6062668952089482,-2.2873809147989674,-1.8791159831058974,-0.21396817397586457,0.19933546870365815,0.15290640223667762,0.15871000000000002,0.26631,0.06187,0.016648403718796452,0.0,0.006121171374638454,-0.00631667664409425,0.0,-0.001076356782171814
1424,14.240384000120685,step,20.804955352118633,40.2368890983979,5.472799995914102,10.313700186088681,124371.0,124371.0,0.0,0.0,8.77,0.0002,1e-05,100.0,0.01,-0.016106666161715064,0.0,0.22781934748884103,-0.034444893789455214,0.0,0.2179930778672177,0.14132953681381216,0.0,0.037070747500592555,-4.8862950241725285,0.0,0.7398132185672414,0.848807405402082,0.0,-2.338888336809169,-3.1405280597641845,0.0,0.5398597460275789,0.6400144725424323,-2.2567012990412545,-1.8806499638937828,-0.8497571358476389,-0.11828109295725864,0.30487531335423396,-0.09146,0.11298000000000001,0.09415,0.020545610741286097,0.0,0.008604729223848596,-0.002207383113545947,0.0,0.0012215403977747386
1425,14.250234700040892,step,24.943211615855407,35.94775376102018,3.4958000760525465,9.850699920207262,124371.0,124371.0,0.0,0.0,8.77,0.0002,1e-05,100.0,0.01,-0.012976115450162515,0.0,0.2306917141062656,-0.034444893789455214,0.0,0.2179930778672177,0.36743596578334875,0.0,0.13336364332753023,-8.67159793189771,0.0,-1.0413478825090585,0.9257830851819792,0.0,-2.3033314039461286,-5.357656627547485,0.0,0.10585663128190978,0.6492183572697461,-2.2367595487987413,-1.8791159831058974,-1.2782811830240985,-0.40179309853981704,0.3350683021254537,-0.47882,-0.11298000000000001,0.17754,0.019113434695817177,0.0,0.008828958915394546,0.002355343643475522,0.0,0.0038696773236533595
1426,14.260409099981189,step,22.138238054869362,15.362557144164322,4.2970001231879,10.174399940297008,124371.0,124371.0,0.0,0.0,8.77,0.0002,1e-05,100.0,0.01,-0.01582037079601653,0.0,0.22996089836390546,-0.034444893789455214,0.0,0.2179930778672177,0.4892965091885997,0.0,0.2160400498645553,-10.244522138781166,0.0,-2.2239955527225526,0.9762947356138834,0.0,-2.2805041264151136,-6.31832792233433,0.0,-0.3428167118721393,0.6277426262393471,-2.230623625647199,-1.8867858870453256,-1.2765163780390034,-0.5325528272048679,0.21109866441463535,-0.55145,-0.21789,0.1883,0.01254228783258219,0.0,0.005668123745316904,0.006082235160856493,0.0,0.00629969675137086
1427,14.27046149992384,step,14.235494981960935,0.8470334239638848,4.1924999095499516,10.052399942651391,124371.0,124371.0,0.0,0.0,8.77,0.0002,1e-05,100.0,0.01,-0.023857966057114488,0.0,0.22750970954925887,-0.034444893789455214,0.0,0.2179930778672177,0.47403979768545085,0.0,0.2591588065832337,-9.18241225790871,0.0,-2.616864757331294,0.9871872084273883,0.0,-2.2733794705778236,-5.727858835249708,0.0,-0.6416728610546539,0.5878591257543204,-2.2444294527381694,-1.8821839446816686,-1.0570512937579983,-0.5141489702434758,0.07528362247813472,-0.06187,-0.28245000000000003,0.11836,0.00270465383861751,0.0,0.0017690866058682206,0.007882273893723216,0.0,0.0077475450761729505
1428,14.280392199987546,step,7.496800761937172,1.4626425642303043,4.25189989618957,9.930700063705444,124371.0,124371.0,0.0,0.0,8.77,0.0002,1e-05,100.0,0.01,-0.03134601904748785,0.0,0.22481942366843363,-0.034444893789455214,0.0,0.2179930778672177,0.35248552737796457,0.0,0.2476017012115866,-6.562855209835864,0.0,-2.1557961829866965,0.9707720562510327,0.0,-2.2781827290419443,-4.144753849420648,0.0,-0.6247782281450114,0.5525775676329507,-2.2613032414049115,-1.8745140407422405,-0.7883947367106345,-0.3333430135710083,0.07006993810214436,-0.04573,-0.26631,0.048420000000000005,-0.004075961914747689,0.0,-0.0011926723770886265,0.007174836656715053,0.0,0.008019018178304565
1429,14.290252299979329,step,6.491582487002675,12.68162597519436,3.654800122603774,9.8600999917835,124371.0,124371.0,0.0,0.0,8.77,0.0002,1e-05,100.0,0.01,-0.040755687052575484,0.0,0.21951443633112935,-0.034444893789455214,0.0,0.2179930778672177,0.1679206608431414,0.0,0.18306739706096414,-2.7685087940867334,0.0,-0.6078971150280099,0.9262080780459138,0.0,-2.301642845017202,-1.7971553652915184,0.0,-0.19455779782378987,0.5096261055721527,-2.2919828571626244,-1.866844136802812,-0.3493126493956541,-0.04871026715530531,0.037305121957940404,-0.09684000000000001,-0.20713,0.040350000000000004,-0.011065451966710764,0.0,-0.0058252606009007845,0.004754658703590493,0.0,0.007346619064812444
1430,14.300048900069669,step,14.469070448829298,25.67472852505578,3.802299965173006,9.79660009033978,124371.0,124371.0,0.0,0.0,8.77,0.0002,1e-05,100.0,0.01,-0.048123769523735836,0.0,0.2132768973894058,-0.034444893789455214,0.0,0.2179930778672177,-0.032077455109704174,0.0,0.05462876879862998,1.0580913869433024,0.0,2.0103762526454814,0.8676818101378772,0.0,-2.342990416527121,0.7160673208395064,0.0,0.7683500127732272,0.4758785282386686,-2.3257304344961085,-1.8637761752270408,0.03321552420746368,0.27277847289560947,0.07930120290489842,-0.21251,-0.04304,0.024210000000000002,-0.014532356230549335,0.0,-0.010266802581610475,0.0008534804962687121,0.0,0.005550622103798588
1431,14.310922299977392,step,21.11190378138589,31.803331814419437,3.8276000414043665,10.87339990772307,124371.0,124371.0,0.0,0.0,8.77,0.0002,1e-05,100.0,0.01,-0.05307109015717346,0.0,0.20805440138864695,-0.034444893789455214,0.0,0.2179930778672177,-0.2426012536421577,0.0,-0.12830160833315324,4.788074470512673,0.0,5.3437796733631675,0.8069374442768896,0.0,-2.3946700873758253,3.3361670243614756,0.0,2.155404887076752,0.45133483563249843,-2.3518081078901645,-1.8637761752270408,0.43886425768414006,0.5862648101776842,0.09536575492812327,-0.01883,0.20713,0.05111,-0.0150831207121866,0.0,-0.012832312968101858,-0.0035430756555316495,0.0,0.0028936364895311116
1432,14.320470300037414,step,20.99005487300587,17.78575614962739,4.210700048133731,9.548000060021877,124371.0,124371.0,0.0,0.0,8.77,0.0002,1e-05,100.0,0.01,-0.05272255295939884,0.0,0.20767273006110315,-0.034444893789455214,0.0,0.2179930778672177,-0.376008507555822,0.0,-0.2569998410317305,6.791357775787349,0.0,7.3485730991087665,0.7639813691439934,0.0,-2.4360455250061688,4.736568964224116,0.0,2.9594507744773035,0.457470758784041,-2.3594780118295926,-1.8607082136512696,0.7718833916498994,0.731270932764593,-0.012771477991581133,0.21251,0.30935,0.056490000000000005,-0.010666201833993392,0.0,-0.010273721874489512,-0.0076114573359502315,0.0,-4.662593162503212e-05
1433,14.330398400081322,step,15.578689856293037,3.2395840271030125,4.276899853721261,9.928100043907762,124371.0,124371.0,0.0,0.0,8.77,0.0002,1e-05,100.0,0.01,-0.04813641881994537,0.0,0.2105608695831322,-0.034444893789455214,0.0,0.2179930778672177,-0.43380457700939024,0.0,-0.3067394259960649,7.186939774445056,0.0,7.810137307249888,0.7500421266818542,0.0,-2.45734374852369,4.910029126823295,0.0,3.032164424061885,0.4881503745417538,-2.3548760694659356,-1.8576402520754984,0.9046310315482843,0.7433389774810171,-0.11111894494932945,0.25555,0.39274000000000003,-0.00538,-0.0034611815221518745,0.0,-0.005288452216376189,-0.01023034350833828,0.0,-0.0021437560677093122
1434,14.340083200018853,step,7.665878491423154,1.4430326126362452,3.608700120821595,9.684799937531352,124371.0,124371.0,0.0,0.0,8.77,0.0002,1e-05,100.0,0.01,-0.04113270083307674,0.0,0.21424622185283038,-0.034444893789455214,0.0,0.2179930778672177,-0.3885276195843875,0.0,-0.2755628499615737,5.756461629763481,0.0,6.962218417904191,0.7666724502180019,0.0,-2.4608134547951637,3.8184316467437456,0.0,2.604592426891889,0.529567855814666,-2.3441382039507364,-1.8591742328633838,0.7058014487786569,0.6408981161929846,-0.07950716689115914,0.00538,0.40888,-0.05918,0.004129390007173174,0.0,-0.0008615448986368712,-0.0108171970507947,0.0,-0.0028853111157504463
1435,14.35039300005883,step,1.2080428559870682,9.132313820313907,4.255100153386593,10.309800039976835,124371.0,124371.0,0.0,0.0,8.77,0.0002,1e-05,100.0,0.01,-0.033790979360235285,0.0,0.21900883544713495,-0.034444893789455214,0.0,0.2179930778672177,-0.2734738972524241,0.0,-0.20042089691966905,3.222038346789232,0.0,5.324870599771707,0.807087302396158,0.0,-2.4469173226901293,2.016969660609103,0.0,1.9586088020513874,0.5633154331481501,-2.3165265497687946,-1.8653101560149266,0.3385849591864056,0.4725364099820986,0.02330267859826199,0.05111,0.34432,-0.040350000000000004,0.0100352038469432,0.0,0.0034504770113558425,-0.009381289417723272,0.0,-0.0024347194314385833
1436,14.360067500034347,step,11.285806532524003,24.69161788528979,3.6395001225173473,9.674499975517392,124371.0,124371.0,0.0,0.0,8.77,0.0002,1e-05,100.0,0.01,-0.024895519931139393,0.0,0.22400796672767687,-0.034444893789455214,0.0,0.2179930778672177,-0.098113597145525,0.0,-0.09587107879246388,-0.40294281690332123,0.0,3.2074059427580273,0.8715458921305212,0.0,-2.4189277927456128,-0.3809510236603642,0.0,1.2508516219533619,0.6031989336331769,-2.285846934011082,-1.8714460791664689,-0.19661198654287076,0.2154280728378661,0.16028024030997695,0.15602000000000002,0.28783000000000003,-0.01614,0.01600538051752259,0.0,0.006949936061504608,-0.006456006659206769,0.0,-0.000935047201045436
1437,14.370401100022718,step,20.960376903253376,40.68118925618069,4.25220001488924,10.333599988371134,124371.0,124371.0,0.0,0.0,8.77,0.0002,1e-05,100.0,0.01,-0.016641179228294403,0.0,0.22905495599668324,-0.034444893789455214,0.0,0.2179930778672177,0.1557837633560856,0.0,0.021380401652518182,-5.147477013820963,0.0,0.881964758561641,0.9527159820942507,0.0,-2.3795875544835456,-3.296233119410252,0.0,0.63456164678591,0.6384804917545466,-2.255167318253369,-1.8714460791664689,-0.8693483146716272,-0.1154103343664984,0.32258456024392845,-0.12105,0.11836,0.08070000000000001,0.02015492709140735,0.0,0.009768371998661865,-0.0023512125302465395,0.0,0.001293506130803682
1438,14.38011740008369,step,24.890772620129063,35.570048339453244,4.876699997112155,9.716300060972571,124371.0,124371.0,0.0,0.0,8.77,0.0002,1e-05,100.0,0.01,-0.013679710014371113,0.0,0.2317174250070255,-0.034444893789455214,0.0,0.2179930778672177,0.37567080025087723,0.0,0.1264087237275223,-8.820218087173703,0.0,-1.0104543462627966,1.0273277160182372,0.0,-2.3402543772822706,-5.417154762403384,0.0,0.16182497918006622,0.6461503956939748,-2.235225568010856,-1.8714460791664689,-1.2816866730393062,-0.4007763568229419,0.3366109072143727,-0.44923,-0.09146,0.16409,0.018526455472371646,0.0,0.009766618703014146,0.0022387283027124547,0.0,0.003957728436793656
1439,14.390140800038353,step,21.60469257625681,14.064704060739032,3.5999000538140535,10.023399954661727,124371.0,124371.0,0.0,0.0,8.77,0.0002,1e-05,100.0,0.01,-0.016869343016023747,0.0,0.23055742251089484,-0.034444893789455214,0.0,0.2179930778672177,0.4918869085771122,0.0,0.20432088554081315,-10.268889293043696,0.0,-2.0788208488527236,1.0741538974858083,0.0,-2.3153495676802294,-6.3157067754671745,0.0,-0.2577784227057595,0.6231406838756902,-2.230623625647199,-1.8806499638937828,-1.2628437136354356,-0.5220844145149128,0.21089069432306684,-0.49227000000000004,-0.2152,0.19637000000000002,0.011627168010650554,0.0,0.006183985036591922,0.005948382762780913,0.0,0.006380359607085223
1440,14.400203400058672,step,13.991074266427427,0.7729813832907266,4.305999958887696,10.062600020319223,124371.0,124371.0,0.0,0.0,8.77,0.0002,1e-05,100.0,0.01,-0.024741444188785072,0.0,0.22807242432301245,-0.034444893789455214,0.0,0.2179930778672177,0.4731703194052174,0.0,0.2460091549894442,-9.169962280614222,0.0,-2.448798139654223,1.0823651825838443,0.0,-2.3060130226181137,-5.705176258028267,0.0,-0.5561684213374367,0.5832571833906636,-2.242895471950284,-1.8775820023180116,-1.0595348769826693,-0.5022911414550916,0.09038324606284795,-0.06187,-0.27438,0.11029,0.002038901922513909,0.0,0.002318309430193663,0.007664547678156232,0.0,0.007761037025601089
1441,14.410479299956933,step,6.79981040994149,2.226099110693787,4.468000028282404,10.275899898260832,124371.0,124371.0,0.0,0.0,8.77,0.0002,1e-05,100.0,0.01,-0.03254780607203378,0.0,0.22452289255092484,-0.034444893789455214,0.0,0.2179930778672177,0.34787057102845786,0.0,0.23140943583263907,-6.457017186601656,0.0,-1.85003693125125,1.0621131195970823,0.0,-2.3119353335622455,-4.091520208463817,0.0,-0.5170396051337018,0.5464416444814081,-2.2628372221927973,-1.8729800599543547,-0.7573867038154318,-0.3087786337568984,0.07496920650979372,-0.05111,-0.26093,0.048420000000000005,-0.005028685481698634,0.0,-0.00147053853636178,0.006925773199120067,0.0,0.008000353220068921
1442,14.420164600014687,step,7.347010745125177,14.637772464523012,3.643699921667576,9.68530005775392,124371.0,124371.0,0.0,0.0,8.77,0.0002,1e-05,100.0,0.01,-0.04176323344359985,0.0,0.21864151567885348,-0.034444893789455214,0.0,0.2179930778672177,0.1591995139449403,0.0,0.1607687050231272,-2.61927453841418,0.0,-0.14680140922681975,1.0148088715616492,0.0,-2.338200569344679,-1.710421844213224,0.0,-0.029550752648909002,0.5050241632084959,-2.2965847995262814,-1.866844136802812,-0.33338473005941155,-0.01857150979870592,0.05919811750422138,-0.1076,-0.16678,0.040350000000000004,-0.01174587425853579,0.0,-0.006521785456565601,0.0044275346043911555,0.0,0.007170223268201389
1443,14.430471300147474,step,16.177765346291395,30.290874040922215,4.5547999907284975,10.306700132787228,124371.0,124371.0,0.0,0.0,8.77,0.0002,1e-05,100.0,0.01,-0.04917565288404984,0.0,0.21130541548812853,-0.034444893789455214,0.0,0.2179930778672177,-0.05217944737846149,0.0,0.024763306184100574,1.3839453711120833,0.0,2.707743927041486,0.9533808010881712,0.0,-2.385999805385539,0.9631100022229626,0.0,1.0538264692521397,0.4682086242992405,-2.3318663576476513,-1.8699120983785835,0.07276669536284891,0.3217506826352548,0.10359157630560101,-0.20444,-0.00807,0.02959,-0.015252887884096374,0.0,-0.011868782181453739,0.0005221287895017471,0.0,0.005181119802364579
1444,14.44039550004527,step,23.535345513973656,38.23249299615862,4.459100076928735,9.924199897795916,124371.0,124371.0,0.0,0.0,8.77,0.0002,1e-05,100.0,0.01,-0.054589282414714314,0.0,0.2058227822513893,-0.034444893789455214,0.0,0.2179930778672177,-0.2427933232882539,0.0,-0.155252557575706,4.872600204009126,0.0,6.0330029257576285,0.8878308194087199,0.0,-2.443876385286699,3.4710341523140507,0.0,2.477305976063652,0.4421309509051845,-2.3610119926174784,-1.866844136802812,0.47110864376545514,0.6315361304598819,0.11788643250804962,0.08070000000000001,0.15333,0.05111,-0.01627637843179407,0.0,-0.014371035546826807,-0.0038680101934650303,0.0,0.002200739930998421
1445,14.450379299931228,step,24.52298232411218,25.684233213911433,3.4724001307040453,9.983799885958433,124371.0,124371.0,0.0,0.0,8.77,0.0002,1e-05,100.0,0.01,-0.05453586470170386,0.0,0.20393144389843948,-0.034444893789455214,0.0,0.2179930778672177,-0.37178154172444644,0.0,-0.3093038355704518,6.847605684422139,0.0,8.586884459639956,0.8392261622491278,0.0,-2.4965492810223693,4.95473537288593,0.0,3.5706796017569467,0.44673289326884147,-2.3763518004963347,-1.866844136802812,0.8015491591508698,0.8018692696087764,0.031317779551881995,0.23134000000000002,0.33625,0.06725,-0.01206877215230598,0.0,-0.013078935525636583,-0.008022198759942664,0.0,-0.0009826984431416316
1446,14.460398900089785,step,19.994802131247887,8.253738800851966,3.4707000013440847,10.019600158557296,124371.0,124371.0,0.0,0.0,8.77,0.0002,1e-05,100.0,0.01,-0.050298656468740544,0.0,0.20580905877758005,-0.034444893789455214,0.0,0.2179930778672177,-0.42996131297578505,0.0,-0.3750139459930644,7.293000349675535,0.0,9.40829656484067,0.818760194978225,0.0,-2.531647599270353,5.222044173112344,0.0,3.8228592518432167,0.4758785282386686,-2.3763518004963347,-1.866844136802812,0.9869259492704482,0.8462470093274427,-0.079615407600795,0.31473,0.42771000000000003,0.01883,-0.00508179895309336,0.0,-0.008715082681751626,-0.01077196372619197,0.0,-0.0034689364078860224
1447,14.47005459992215,step,13.002816090943474,1.5564518204851692,3.7418000865727663,9.655699832364917,124371.0,124371.0,0.0,0.0,8.77,0.0002,1e-05,100.0,0.01,-0.04418688225459574,0.0,0.20938105795084688,-0.034444893789455214,0.0,0.2179930778672177,-0.3969400340826134,0.0,-0.35105575880768786,6.1493614341921425,0.0,8.693861651130183,0.8259349954513955,0.0,-2.5477663027624837,4.28902391106382,0.0,3.400081500266575,0.5142280479358097,-2.3671479157690207,-1.866844136802812,0.8620473631494445,0.7775382040090753,-0.06780204421629882,0.01076,0.45730000000000004,-0.03228,0.0017815377622072762,0.0,-0.0040023522683919075,-0.0115235262273478,0.0,-0.004609667647978904
1448,14.480378800071776,step,4.081789157412354,5.3552053649622735,4.268399905413389,10.32420014962554,124371.0,124371.0,0.0,0.0,8.77,0.0002,1e-05,100.0,0.01,-0.036764951938430254,0.0,0.21463475493591053,-0.034444893789455214,0.0,0.2179930778672177,-0.28160293507497053,0.0,-0.2710507022804064,3.6113462307098576,0.0,6.942814351410683,0.8583955064259455,0.0,-2.5436002134375206,2.3878012132319966,0.0,2.630206422579855,0.551043586845065,-2.3395362615870794,-1.8714460791664689,0.49821035710753137,0.6013783362952225,0.025930309552318384,0.03497,0.44116,-0.03497,0.00806010233984253,0.0,0.001034460188949449,-0.010380160488817571,0.0,-0.004392783120256616
1449,14.490175500046462,step,7.359591940165494,19.61195608623826,3.7377001717686653,9.796699974685907,124371.0,124371.0,0.0,0.0,8.77,0.0002,1e-05,100.0,0.01,-0.027475725610682275,0.0,0.22035830268142195,-0.034444893789455214,0.0,0.2179930778672177,-0.10225231664459249,0.0,-0.15113876878837207,-0.10834189461151444,0.0,4.527108372057767,0.9173414794714457,0.0,-2.5224397909708776,-0.18281414081644534,0.0,1.744200927685426,0.593995048905863,-2.3057886842535953,-1.8775820023180116,-0.08284549404656996,0.32001209651633244,0.17907727986355065,0.16678,0.34163,-0.01345,0.014636571052157238,0.0,0.005254235546974788,-0.007667402873384299,0.0,-0.002889010732770529
1450,14.500139300012961,step,17.28038345225442,35.00059143991663,3.5723999608308077,9.96379996649921,124371.0,124371.0,0.0,0.0,8.77,0.0002,1e-05,100.0,0.01,-0.01884229551840641,0.0,0.2254207679152214,-0.034444893789455214,0.0,0.2179930778672177,0.12276260153224638,0.0,-0.020930257228837363,-4.4602872115936325,0.0,2.014391376514023,0.9947869430188737,0.0,-2.4907803774591377,-2.952641859925637,0.0,0.9764072336492672,0.6292766070272328,-2.2705071261322254,-1.883717925469554,-0.7459174697933189,-0.014902782384677238,0.3407426496467806,0.00807,0.17754,0.09684000000000001,0.019230084284200543,0.0,0.007861185953729526,-0.0036274860131517393,0.0,-0.0004334959057258267
1451,14.510154200019315,step,22.160342470326313,32.947048509186644,3.5432998556643724,10.014900006353855,124371.0,124371.0,0.0,0.0,8.77,0.0002,1e-05,100.0,0.01,-0.014907925469280006,0.0,0.2284519328360285,-0.034444893789455214,0.0,0.2179930778672177,0.35480484982702215,0.0,0.0938175189867926,-8.417046803297994,0.0,-0.0553159583317611,1.069335144612252,0.0,-2.4586560044531107,-5.324903094563226,0.0,0.4120469384354457,0.6415484533303178,-2.247497414313941,-1.8852519062574398,-1.238826788803531,-0.3299022348050709,0.39169589771225366,-0.40619,-0.09146,0.19368000000000002,0.0185106800864884,0.0,0.007976637651664118,0.0010262882336868062,0.0,0.0024822173171466805
1452,14.52039620000869,step,19.975606229453135,13.933555063124716,4.5350999571383,10.241999989375472,124371.0,124371.0,0.0,0.0,8.77,0.0002,1e-05,100.0,0.01,-0.01746069799907947,0.0,0.22850792154595823,-0.034444893789455214,0.0,0.2179930778672177,0.4935600139093147,0.0,0.1906655447776555,-10.270543828845469,0.0,-1.5317033318377644,1.117616646309207,0.0,-2.43731103768078,-6.426888167624556,0.0,-0.10904012839494714,0.6231406838756902,-2.2413614911623982,-1.8867858870453256,-1.3167618774796717,-0.5133833153955238,0.2696749079282327,-0.6187,-0.16947,0.21789,0.011988531083316722,0.0,0.005300058793295293,0.004995664707059023,0.0,0.005214784885445239
1453,14.530077500035986,step,12.628562896050514,0.6049778906151321,3.676400054246187,9.681300027295947,124371.0,124371.0,0.0,0.0,8.77,0.0002,1e-05,100.0,0.01,-0.02500697507536953,0.0,0.2263839235436567,-0.034444893789455214,0.0,0.2179930778672177,0.4921687784385777,0.0,0.25489359583084215,-9.466255249226466,0.0,-2.2726104864466152,1.1272828955401955,0.0,-2.4320613516018375,-5.962166571238352,0.0,-0.5322860750270232,0.5832571833906636,-2.250565375889712,-1.883717925469554,-1.0987837073352855,-0.5137727051462131,0.11564061924639404,-0.08339,-0.27169,0.14795,0.0024001765747087263,0.0,0.0013035225194544245,0.007037742139376957,0.0,0.007087323156984572
1454,14.540418700082228,step,6.410594597719298,1.880077498140349,4.287600051611662,10.341200046241283,124371.0,124371.0,0.0,0.0,8.77,0.0002,1e-05,100.0,0.01,-0.03235532601465066,0.0,0.22405355883912134,-0.034444893789455214,0.0,0.2179930778672177,0.37908685629261324,0.0,0.25936179627433487,-6.986679215585335,0.0,-2.087304151445189,1.1091441607442696,0.0,-2.438917137452572,-4.436434442073991,0.0,-0.5976674332011953,0.5495096060571795,-2.2674391645564542,-1.8729800599543547,-0.8357628892443834,-0.35501570183937203,0.08797084697835897,-0.06187,-0.28783000000000003,0.056490000000000005,-0.004503935840229102,0.0,-0.0017023248839271353,0.0065935036150336565,0.0,0.007762805855830783
1455,14.550386500079185,step,7.520061317809257,14.69519606849924,3.463099943473935,9.967799996957183,124371.0,124371.0,0.0,0.0,8.77,0.0002,1e-05,100.0,0.01,-0.04189465244224051,0.0,0.21901895224493734,-0.034444893789455214,0.0,0.2179930778672177,0.19881626126768673,0.0,0.2089104164833637,-3.240081061532137,0.0,-0.7762762568844048,1.0615190217292927,0.0,-2.4648185919967474,-2.10591819279787,0.0,-0.2527235424597054,0.5065581439963814,-2.298118780314167,-1.8622421944391554,-0.3849728763528698,-0.08010512468682927,0.03287900244633672,-0.09684000000000001,-0.17754,0.03766,-0.011825553045387984,0.0,-0.006431456810415385,0.004375794392602685,0.0,0.007457331188135029
1456,14.560376400128007,step,16.372258060651827,30.474043361098968,4.3739997781813145,9.989900048822165,124371.0,124371.0,0.0,0.0,8.77,0.0002,1e-05,100.0,0.01,-0.050192444878488424,0.0,0.2135136282690117,-0.034444893789455214,0.0,0.2179930778672177,-0.017717539345918184,0.0,0.08655110208278952,0.9376082669407367,0.0,1.6734452798584367,0.9957356884465374,0.0,-2.5068585935955787,0.6280526364458915,0.0,0.6310052273116489,0.4682086242992405,-2.3287983960718797,-1.8530383097118415,0.038010402944668883,0.25363018414780214,0.057364500641955286,-0.2152,-0.048420000000000005,0.01076,-0.016334320766875337,0.0,-0.010438736331642731,0.000586769677842127,0.0,0.00595928673343675
1457,14.570042700041085,step,22.572973847812374,35.07871318037559,5.291400011628866,9.666299913078547,124371.0,124371.0,0.0,0.0,8.77,0.0002,1e-05,100.0,0.01,-0.05543888750099771,0.0,0.2096990211774105,-0.034444893789455214,0.0,0.2179930778672177,-0.20954613935551522,0.0,-0.06720725790172735,4.430226610012202,0.0,4.419161434535652,0.9270252635208284,0.0,-2.554760787100716,3.017842800738216,0.0,1.7155269394756363,0.4451989124809558,-2.3518081078901645,-1.8438344249845275,0.4183607697608951,0.5321612208790286,0.05442313462121215,-0.02152,0.08877,0.03228,-0.017061131821045177,0.0,-0.011894347019277,-0.0039328618904973175,0.0,0.0036002903294697942
1458,14.5804401000496,step,22.994282100549192,21.740996743943256,4.340599989518523,10.397400008514524,124371.0,124371.0,0.0,0.0,8.77,0.0002,1e-05,100.0,0.01,-0.055705289325649464,0.0,0.2092333637757528,-0.034444893789455214,0.0,0.2179930778672177,-0.38423579693424453,0.0,-0.2103061844898083,7.12226058565186,0.0,6.643263745015667,0.8743334204925463,0.0,-2.594406329436161,4.856002609454699,0.0,2.582955632426706,0.44673289326884147,-2.3579440310417072,-1.8407664634087564,0.778159133621078,0.7004134535241204,-0.04379224291117861,0.2152,0.27707000000000004,0.03228,-0.013083640230304753,0.0,-0.009844180481101411,-0.008176755305889497,0.0,0.0010844663896365184
1459,14.590250600129366,step,18.69856217150344,5.7689826270650855,3.5423999652266502,9.810500079765916,124371.0,124371.0,0.0,0.0,8.77,0.0002,1e-05,100.0,0.01,-0.05220943345613682,0.0,0.21215720966167406,-0.034444893789455214,0.0,0.2179930778672177,-0.45628168652750534,0.0,-0.2677122580325229,7.859370274944592,0.0,7.213001101720634,0.8472091948662099,0.0,-2.614853160720852,5.252079163519378,0.0,2.6851577985905677,0.47127658587501176,-2.3533420886780503,-1.8346305402572136,0.9393127890113919,0.7247924052356054,-0.14521620304911165,0.39274000000000003,0.38736000000000004,-0.02959,-0.006735076801737877,0.0,-0.00507704739488896,-0.011029462864943732,0.0,-0.0007588208106546713
1460,14.600413300096989,step,11.508471778778556,0.040423094294587084,4.311100114136934,10.162699967622757,124371.0,124371.0,0.0,0.0,8.77,0.0002,1e-05,100.0,0.01,-0.04592086562627902,0.0,0.21712879025110296,-0.034444893789455214,0.0,0.2179930778672177,-0.4267268167817474,0.0,-0.23211914486329768,6.754374042091814,0.0,6.1568544637422296,0.8491913940123781,0.0,-2.612814655041721,4.34816440383194,0.0,2.1457527098485927,0.5096261055721527,-2.3395362615870794,-1.8284946171056708,0.7969323249388065,0.6207960737828903,-0.15611402991132184,0.06994,0.39812000000000003,-0.08070000000000001,0.0004921896635758441,0.0,0.0005061708488515416,-0.01196816150039965,0.0,-0.0013704584649662755
1461,14.610104399966076,step,6.349317705345043,5.218167072528521,3.718799911439419,9.691099869087338,124371.0,124371.0,0.0,0.0,8.77,0.0002,1e-05,100.0,0.01,-0.03906095705654575,0.0,0.22235264151942252,-0.034444893789455214,0.0,0.2179930778672177,-0.33330517495256,0.0,-0.15449206446102065,4.608927768579715,0.0,4.426246576141991,0.8744186608603993,0.0,-2.5926350013805592,2.835185494219239,0.0,1.477529008583244,0.5418397021177512,-2.3134585881930234,-1.8300285978935567,0.4538835645378293,0.45535364365184294,-0.07291363435288503,0.06725,0.36584,-0.08608,0.006264052734998159,0.0,0.005010705894896815,-0.010880116002088693,0.0,-0.0006511422426919867
1462,14.62039460008964,step,11.49357274610066,22.036168995786184,4.909399896860123,10.290200123563409,124371.0,124371.0,0.0,0.0,8.77,0.0002,1e-05,100.0,0.01,-0.02891155002337696,0.0,0.22806702055299424,-0.034444893789455214,0.0,0.2179930778672177,-0.13059805582569312,0.0,-0.03411673293072623,0.4548319995129024,0.0,1.988657177375523,0.9299924604901209,0.0,-2.5563198999230003,0.18109471722014672,0.0,0.728137007873944,0.5863251449664348,-2.2797110108595393,-1.8376985018329848,-0.14852793727910119,0.16860097097067345,0.07112738021885666,0.15333,0.24748,-0.04573,0.013799244034718024,0.0,0.009017215855264195,-0.008265900268639772,0.0,0.0010567268305123542
1463,14.630092600127682,step,19.86671718662162,35.97346647752056,3.625999903306365,9.698000038042665,124371.0,124371.0,0.0,0.0,8.77,0.0002,1e-05,100.0,0.01,-0.020235413305685707,0.0,0.23187749777424227,-0.034444893789455214,0.0,0.2179930778672177,0.11327103069049568,0.0,0.0755195301760223,-4.178414271468972,0.0,-0.09571969727640117,1.0037802827819169,0.0,-2.5144862940906263,-2.591062770209179,0.0,0.24239413615824776,0.6231406838756902,-2.2536333374654833,-1.845368405772413,-0.7695945804490505,-0.11478632929813243,0.23695767836209422,-0.13181,0.09953000000000001,0.01076,0.01832187421733075,0.0,0.010387487261612415,-0.004112393733561242,0.0,0.0034969326454121607
1464,14.64055240014568,step,26.052534795915477,38.83909779322144,5.3224998991936445,10.459800017997622,124371.0,124371.0,0.0,0.0,8.77,0.0002,1e-05,100.0,0.01,-0.015265031687556288,0.0,0.23562451170126897,-0.034444893789455214,0.0,0.2179930778672177,0.3603027488713529,0.0,0.1639326877877668,-8.46830554313365,0.0,-1.8634769254291306,1.0784447630092173,0.0,-2.4676564430228365,-5.004487297453057,0.0,-0.07127249538097227,0.6400144725424323,-2.229089644859313,-1.8438344249845275,-1.2780737080479811,-0.40863171489459976,0.30877506442812086,-0.4304,0.00269,0.13181,0.018539552635355044,0.0,0.011628079190185969,0.000640309466543882,0.0,0.0060033546438653055
1465,14.650096599943936,step,24.8657483053081,20.175555868571166,3.8667998742312193,9.544199798256159,124371.0,124371.0,0.0,0.0,8.77,0.0002,1e-05,100.0,0.01,-0.016415648641740624,0.0,0.23511767299196568,-0.034444893789455214,0.0,0.2179930778672177,0.5097087034477782,0.0,0.2350213154921195,-10.63465020531654,0.0,-2.910025882322872,1.1314558356363447,0.0,-2.4326573379966265,-6.280479532982203,0.0,-0.36990174310525603,0.6277426262393471,-2.221419740919885,-1.8530383097118415,-1.316996143231226,-0.5494942187512422,0.20262611497822422,-0.71285,-0.22058,0.17485,0.013162906488270208,0.0,0.008690447557505197,0.004866338659444382,0.0,0.008434147567242785
1466,14.66010250011459,step,18.75806551615943,3.366528346506006,3.8077000062912703,10.005900170654058,124371.0,124371.0,0.0,0.0,8.77,0.0002,1e-05,100.0,0.01,-0.02347141843775892,0.0,0.23320648841890673,-0.034444893789455214,0.0,0.2179930778672177,0.5234695897635491,0.0,0.27460602804071255,-10.114159975402664,0.0,-3.3221214144011317,1.146048278008211,0.0,-2.4112011898118997,-6.0374078005748455,0.0,-0.6385514097522939,0.5924610681179774,-2.230623625647199,-1.8499703481360699,-1.1520538950742862,-0.5734897183844501,0.06406907674234363,-0.18023,-0.29052,0.11298000000000001,0.0036233742283882098,0.0,0.005327665677330668,0.007350101123308084,0.0,0.00988574487435837
1467,14.67015239992179,step,13.171577064616159,1.872685608760236,3.788999980315566,10.049899807199836,124371.0,124371.0,0.0,0.0,8.77,0.0002,1e-05,100.0,0.01,-0.031218781128886833,0.0,0.23076345920335808,-0.034444893789455214,0.0,0.2179930778672177,0.42493444025485694,0.0,0.266200163156218,-7.811526233932292,0.0,-2.949435288218972,1.1296275650492782,0.0,-2.4009592511442266,-4.721384931619579,0.0,-0.6812561490360061,0.5587134907844933,-2.2490313951018264,-1.8392324826208706,-0.9089503373310315,-0.4294087830286204,0.04140826220280244,-0.07532,-0.31204000000000004,0.03766,-0.004077342684036816,0.0,0.0025431230544879,0.007303455344605197,0.0,0.01022725828165249
1468,14.680371599970385,step,10.351083025798411,10.75024614255206,5.33799990080297,10.219200048595667,124371.0,124371.0,0.0,0.0,8.77,0.0002,1e-05,100.0,0.01,-0.04062535027823891,0.0,0.2262965035095188,-0.034444893789455214,0.0,0.2179930778672177,0.24405480137512559,0.0,0.20799547463505275,-4.072238481394199,0.0,-1.6029557593134165,1.083559860972218,0.0,-2.406233326378693,-2.5265577075560874,0.0,-0.428539500834745,0.5157620287236954,-2.2735750877079965,-1.8315625786814425,-0.49180705758606114,-0.16198198920669937,0.017065048478485154,-0.09415,-0.25017,0.01614,-0.011438834395238118,0.0,-0.0013095784650819734,0.0052583779064544235,0.0,0.009613004107383078
1469,14.690142499981448,step,15.427588262832465,25.721530483242052,4.277699859812856,9.770900011062622,124371.0,124371.0,0.0,0.0,8.77,0.0002,1e-05,100.0,0.01,-0.04971766836231718,0.0,0.22017317796905406,-0.034444893789455214,0.0,0.2179930778672177,0.02207047942409782,0.0,0.08582181979723358,0.27241712798983325,0.0,0.8915110545911215,1.0157384391659598,0.0,-2.429569153786909,0.15731521208448843,0.0,0.3194326709061286,0.4758785282386686,-2.3073226650414806,-1.8238926747420143,-0.0582614299207492,0.1745425111518653,0.04812620579187889,-0.22058,-0.09146,0.01345,-0.016840388033960863,0.0,-0.0057943991467845225,0.0015676134610988941,0.0,0.007974499248620886
1470,14.700552700087428,step,23.294826528420803,38.777830670695565,4.472499946132302,10.410200105980039,124371.0,124371.0,0.0,0.0,8.77,0.0002,1e-05,100.0,0.01,-0.05747386367723517,0.0,0.21448373478097754,-0.034444893789455214,0.0,0.2179930778672177,-0.19826468823804216,0.0,-0.07781546030095329,4.4670441929656155,0.0,3.971900342741637,0.9353155527651054,0.0,-2.465454045832091,2.917059129604087,0.0,1.4088394706556353,0.4421309509051845,-2.3395362615870794,-1.8131548092268146,0.3792833335732169,0.5058977531704462,0.06843533939764379,-0.0538,0.02959,0.02152,-0.019969392822085822,0.0,-0.008910392771239409,-0.003059577065694135,0.0,0.005401049684999257
1471,14.710060500074178,step,26.498887313407817,31.651763886203135,3.8352999836206436,9.507799986749887,124371.0,124371.0,0.0,0.0,8.77,0.0002,1e-05,100.0,0.01,-0.060284338701894216,0.0,0.2121182063396253,-0.034444893789455214,0.0,0.2179930778672177,-0.36731005862934957,0.0,-0.23612969935671127,7.367451557170932,0.0,6.619364763141262,0.8630439337153265,0.0,-2.4987281477307786,4.878255037832077,0.0,2.381792420469942,0.431393085389985,-2.3548760694659356,-1.8070188860752723,0.7652770747878652,0.7148355135768684,-0.0016860797836477787,0.1883,0.26362,0.03766,-0.017945393597286273,0.0,-0.00826212091300854,-0.00789405131515273,0.0,0.0023872493854161497
1472,14.720412000082433,step,24.652925978528746,14.137840103628792,4.495000001043081,10.351500008255243,124371.0,124371.0,0.0,0.0,8.77,0.0002,1e-05,100.0,0.01,-0.05875047001625542,0.0,0.21386927821325508,-0.034444893789455214,0.0,0.2179930778672177,-0.48372431179216696,0.0,-0.3262755518378742,8.999255476519393,0.0,7.798170708133897,0.8123248924851671,0.0,-2.5147014654017936,5.887058186125493,0.0,2.7215860493799084,0.4436649316930702,-2.3533420886780503,-1.8008829629237295,1.0692036335350439,0.79262691280729,-0.14630105498981233,0.4035,0.39543,0.00269,-0.012593783973834803,0.0,-0.003966252263747067,-0.011711792252965402,0.0,-0.0001575473902155509
