sample,t,mode,err_mm,nis,compute_ms,period_ms,q_pos,q_pos_z,q_vel,q_vel_z,r,observer_q_d,observer_r_y,observer_d_hat_max,dyn_armature_kg_m2,ee_0,ee_1,ee_2,p_d_0,p_d_1,p_d_2,ee_vel_0,ee_vel_1,ee_vel_2,u_0,u_1,u_2,d_hat_0,d_hat_1,d_hat_2,F_0,F_1,F_2,q_0,q_1,q_2,tau_0,tau_1,tau_2,cur_0,cur_1,cur_2,innovation_0,innovation_1,innovation_2,y_hat_0,y_hat_1,y_hat_2
0,4.00003045797348e-07,step,0.0,0.0,4.530099919065833,0.000400003045797348,124371.0,221497.0,0.0,0.0,8.77,5e-05,1e-05,100.0,0.01,-0.03348267528810765,0.0,0.22456805907043653,-0.03348267528810765,0.0,0.22456805907043653,0.0,0.0,0.0,0.0,0.0,0.0,0.0,0.0,0.0,0.0,0.0,0.0,0.5372377597540943,-2.2567012990412545,-1.8760480215301258,-0.20903985992385896,0.08195777782033789,0.06062913424818273,-0.07532,-0.0,0.024210000000000002,0.0,0.0,0.0,0.0,0.0,0.0
1,0.010464799823239446,step,0.0,0.0,4.576399922370911,10.464399820193648,124371.0,221497.0,0.0,0.0,8.77,5e-05,1e-05,100.0,0.01,-0.03348267528810765,0.0,0.22456805907043653,-0.03348267528810765,0.0,0.22456805907043653,0.0,0.0,0.0,0.0,0.0,0.0,0.0,0.0,0.0,0.0,0.0,0.0,0.5372377597540943,-2.2567012990412545,-1.8760480215301258,-0.20903985992385896,0.08195777782033789,0.06062913424818273,-0.11567000000000001,0.0538,0.03766,0.0,0.0,0.0,0.0,0.0,0.0
2,0.020535199902951717,step,0.22680585728360464,0.0009900966816546316,6.310000084340572,10.070400079712272,124371.0,221497.0,0.0,0.0,8.77,5e-05,1e-05,100.0,0.01,-0.03337915726852175,0.0,0.22476986322430648,-0.03348267528810765,0.0,0.22456805907043653,0.0,0.0,0.0,-0.011411395449045653,0.0,-0.029334134003114003,0.0002718602048312757,0.0,0.000530906011230166,-4.437120433378506e-05,0.0,-7.492602102026057e-05,0.5372377597540943,-2.255167318253369,-1.8760480215301258,-0.20931557859558683,0.08142543277770854,0.06078755412017763,-0.11836,0.04304,0.03228,0.00010408858935835152,0.0,0.00020327086057010015,-5.705697724522852e-07,0.0,-1.4667067001557135e-06
3,0.030453599989414215,step,0.22680585728360464,0.00011319859425101264,4.750400083139539,9.918400086462498,124371.0,221497.0,0.0,0.0,8.77,5e-05,1e-05,100.0,0.01,-0.03337915726852175,0.0,0.22476986322430648,-0.03348267528810765,0.0,0.22456805907043653,0.0,0.0,0.0,-0.011684081059502938,0.0,-0.029867604741713568,0.0001116430475732603,0.0,0.0002240527387158626,-6.742290731757446e-05,0.0,-0.00011311689508320335,0.5372377597540943,-2.255167318253369,-1.8760480215301258,-0.20932112141706644,0.08141885259267567,0.06078449572531067,-0.11567000000000001,0.03766,0.0269,-2.810041777621177e-05,0.0,-5.381886248152307e-05,0.000131618437362111,0.0,0.0002556230163514675
4,0.040492899948731065,step,0.4536115811433138,0.0006428699591605727,4.273699829354882,10.03929995931685,124371.0,221497.0,0.0,0.0,8.77,5e-05,1e-05,100.0,0.01,-0.03327532980715621,0.0,0.22497150834615326,-0.03348267528810765,0.0,0.22456805907043653,0.0,0.0,0.0,-0.022969404649051294,0.0,-0.05887177883491785,0.0007125413611523222,0.0,0.0014080822988289667,-0.00017558963389496275,0.0,-0.00029639716161365123,0.5372377597540943,-2.2536333374654833,-1.8760480215301258,-0.20961257133915923,0.08086744844598999,0.06093405924928758,-0.11836,0.03766,0.03497,5.734093966131587e-05,0.0,0.00011298645050154056,0.00015000454129012714,0.0,0.00029046282521518683
5,0.0504996997769922,step,0.4536115811433138,0.00010392781295181014,4.053800133988261,10.006799828261137,124371.0,221497.0,0.0,0.0,8.77,5e-05,1e-05,100.0,0.01,-0.03327532980715621,0.0,0.22497150834615326,-0.03348267528810765,0.0,0.22456805907043653,0.0016255591151110868,0.0,0.0031510860812327063,-0.04770846853578579,0.0,-0.11378690196541674,0.00032721847028385976,0.0,0.0007183970935970839,-0.0004589667114546854,0.0,-0.0007128336813102808,0.5372377597540943,-2.2536333374654833,-1.8760480215301258,-0.20957513564039573,0.08069591903794734,0.06098292458534038,-0.11567000000000001,0.04304,0.03497,-2.2890715912386115e-05,0.0,-4.097184069795656e-05,0.00023023619686382912,0.0,0.00044442111641468396
6,0.06040489999577403,step,0.8799467090564314,0.006895886878163358,4.050100222229958,9.905200218781829,124371.0,221497.0,0.0,0.0,8.77,5e-05,1e-05,100.0,0.01,-0.032917000912097344,0.0,0.2252420907544875,-0.03348267528810765,0.0,0.22456805907043653,0.0016352188614281117,0.0,0.0031460841070534073,-0.08696774750662571,0.0,-0.1523452689349451,0.007988237355168392,0.0,0.005246533570314371,-0.0010288688284267153,0.0,-0.0011270990373648665,0.53877174054198,-2.252099356677598,-1.8760480215301258,-0.21110941064744035,0.07976498933915013,0.0611775780216031,-0.11836,0.040350000000000004,0.0269,0.0003117143346885887,0.0,0.00018424247093346425,0.00025396004132171966,0.0,0.0004897892131175099
7,0.07042009988799691,step,0.6804170381549272,0.0014361748449116922,4.299799911677837,10.015199892222881,124371.0,221497.0,0.0,0.0,8.77,5e-05,1e-05,100.0,0.01,-0.03317119314832716,0.0,0.2251729939614862,-0.03348267528810765,0.0,0.22456805907043653,0.0032607818135658587,0.0,0.006297177596764407,-0.09074741813812069,0.0,-0.2005615902911539,0.0028680937514312006,0.0,0.0038113479257927013,-0.0012245059565538713,0.0,-0.0017468665518152156,0.5372377597540943,-2.252099356677598,-1.8760480215301258,-0.20980991386143133,0.07990448257193407,0.06109043695626516,-0.11567000000000001,0.048420000000000005,0.03497,-0.00015332519727798865,0.0,-4.29773340568432e-05,0.0004648073370584832,0.0,0.0006479122251065231
8,0.08038909989409149,step,0.6804170381549272,0.0012653949637393771,4.160899901762605,9.969000006094575,124371.0,221497.0,0.0,0.0,8.77,5e-05,1e-05,100.0,0.01,-0.03317119314832716,0.0,0.2251729939614862,-0.03348267528810765,0.0,0.22456805907043653,0.0032607818135658587,0.0,0.006297177596764407,-0.08562658717829551,0.0,-0.19912720931215863,-0.0025665201531732598,0.0,0.0007523559496547647,-0.001311178482821934,0.0,-0.0019834258933412417,0.5372377597540943,-2.252099356677598,-1.8760480215301258,-0.20992978482172409,0.07985353248426764,0.06112803215258632,-0.11836,0.048420000000000005,0.03497,-0.00012701482279406,0.0,-7.149308683150873e-05,0.00043849696257455454,0.0,0.0006764279778811886
9,0.09016989986412227,step,0.6804170381549272,0.0008305323197772083,4.478000104427338,9.780799970030785,124371.0,221497.0,0.0,0.0,8.77,5e-05,1e-05,100.0,0.01,-0.03317119314832716,0.0,0.2251729939614862,-0.03348267528810765,0.0,0.22456805907043653,0.0032607818135658587,0.0,0.006297177596764407,-0.08019199692925918,0.0,-0.19606823565821432,-0.007608510205720612,0.0,-0.002588992005388369,-0.0013688900270771905,0.0,-0.002194213238251784,0.5372377597540943,-2.252099356677598,-1.8760480215301258,-0.20994886758191778,0.07982193327598154,0.06110726755395892,-0.11567000000000001,0.04573,0.03228,-9.682766515099067e-05,0.0,-6.416809981217738e-05,0.0004083098049314852,0.0,0.0006691029908618573
10,0.10035399999469519,step,0.8799467090564314,0.0023523985997685247,4.081499995663762,10.184100130572915,124371.0,221497.0,0.0,0.0,8.77,5e-05,1e-05,100.0,0.01,-0.032917000912097344,0.0,0.2252420907544875,-0.03348267528810765,0.0,0.22456805907043653,0.0032704377228562234,0.0,0.006292168214106815,-0.1033144477016697,0.0,-0.20268534635881447,0.00391920959809234,0.0,-0.000588443890858032,-0.0020089520285863404,0.0,-0.0025036143858113155,0.53877174054198,-2.252099356677598,-1.8760480215301258,-0.21122413932896933,0.07942060628190217,0.06115309939471586,-0.11567000000000001,0.048420000000000005,0.02959,0.00019073145880456956,0.0,3.3099994342930994e-05,0.0003749429172057388,0.0,0.0006409316897080431
11,0.1103643998503685,step,0.6804170381549272,0.0013803377115204059,4.056799924001098,10.010399855673313,124371.0,221497.0,0.0,0.0,8.77,5e-05,1e-05,100.0,0.01,-0.03317119314832716,0.0,0.2251729939614862,-0.03348267528810765,0.0,0.22456805907043653,0.0016303909067829294,0.0,0.0031485887983822036,-0.06246938113933872,0.0,-0.14104229605197552,-0.005774739080714015,0.0,-0.002602181459341694,-0.001317846632873038,0.0,-0.0019267381011533313,0.5372377597540943,-2.252099356677598,-1.8760480215301258,-0.20999040789321285,0.07996453740920013,0.061026604592037834,-0.11567000000000001,0.048420000000000005,0.03228,-0.00014445557393970597,0.0,-3.0007959177175483e-05,0.0004559377137202005,0.0,0.0006349428502268554
12,0.12011399981565773,step,0.8799467090564314,0.00232261387999391,4.605599911883473,9.749599965289235,124371.0,221497.0,0.0,0.0,8.77,5e-05,1e-05,100.0,0.01,-0.032917000912097344,0.0,0.2252420907544875,-0.03348267528810765,0.0,0.22456805907043653,0.0016352188614281117,0.0,0.0031460841070534073,-0.08086736099158129,0.0,-0.1490272725536485,0.006444092963255008,0.0,0.0034993088055048607,-0.0018935787727011183,0.0,-0.002197425038286187,0.53877174054198,-2.252099356677598,-1.8760480215301258,-0.21125329359886338,0.07957270941524763,0.06107337415399018,-0.11567000000000001,0.04573,0.03497,0.00017088874642763542,0.0,8.533352606435846e-05,0.0003947856295826729,0.0,0.0005886981579866157
13,0.13011299981735647,step,0.6804170381549272,0.0013675702233872792,4.18239994905889,9.999000001698732,124371.0,221497.0,0.0,0.0,8.77,5e-05,1e-05,100.0,0.01,-0.03317119314832716,0.0,0.2251729939614862,-0.03348267528810765,0.0,0.22456805907043653,0.0,0.0,0.0,-0.04078468190304708,0.0,-0.09144242695990933,-0.004141288816790799,0.0,0.005400845042423328,-0.0010151643088387504,0.0,-0.0014723326507931943,0.5372377597540943,-2.252099356677598,-1.8760480215301258,-0.21007030591950487,0.080135487836726,0.061010886875508,-0.11567000000000001,0.04304,0.03497,-0.00014420551671252032,0.0,2.5904782774043922e-05,0.0004556876564930149,0.0,0.000579030108275636
14,0.14055259991437197,step,0.5849361894160201,0.0007942247589655567,3.8137000519782305,10.4396000970155,124371.0,221497.0,0.0,0.0,8.77,5e-05,1e-05,100.0,0.01,-0.03308710771994561,0.0,0.2249989611993555,-0.03348267528810765,0.0,0.22456805907043653,0.0,0.0,0.0,-0.03946779665287107,0.0,-0.06804421484668596,-0.0035228367639755787,0.0,-0.002722847361960719,-0.001093019412826516,0.0,-0.0011737263528558298,0.5372377597540943,-2.252099356677598,-1.8775820023180116,-0.21000566965383716,0.08001323972876401,0.06108636929819836,-0.11567000000000001,0.048420000000000005,0.02959,8.475260770859038e-06,0.0,-0.00011132699978275054,0.0003870923073911856,0.0,0.0005422291287017202
15,0.15021769981831312,step,0.5849361894160201,4.724882268275051e-05,4.001300083473325,9.665099903941154,124371.0,221497.0,0.0,0.0,8.77,5e-05,1e-05,100.0,0.01,-0.03308710771994561,0.0,0.2249989611993555,-0.03348267528810765,0.0,0.22456805907043653,0.0,0.0,0.0,-0.04008607298833602,0.0,-0.05991841664016457,-0.0017311394284770872,0.0,-0.0034195760535493903,-0.001199626241582543,0.0,-0.0010970087307233907,0.5372377597540943,-2.252099356677598,-1.8775820023180116,-0.21001985399756143,0.08001607664811061,0.061100922765004874,-0.11567000000000001,0.05111,0.03497,2.5366101247102418e-05,0.0,-9.863993310947421e-06,0.0003702014669149422,0.0,0.00044076612222991704
16,0.16054799989797175,step,0.6804170381549272,0.0037317472554522176,3.6943000741302967,10.330300079658628,124371.0,221497.0,0.0,0.0,8.77,5e-05,1e-05,100.0,0.01,-0.03317119314832716,0.0,0.2251729939614862,-0.03348267528810765,0.0,0.22456805907043653,0.0,0.0,0.0,-0.03260845268340799,0.0,-0.08451890505562294,-0.004809016314354937,0.0,0.012452559869134652,-0.0009835383575227377,0.0,-0.0016871901484438177,0.5372377597540943,-2.252099356677598,-1.8760480215301258,-0.21007477172298847,0.08010942804624802,0.0609847710641687,-0.11567000000000001,0.04573,0.03497,-4.597546439792069e-05,0.0,0.00023708837198151616,0.00035745760417841524,0.0,0.00036784651906816374
17,0.1703949999064207,step,0.6804170381549272,0.002896162684790737,3.850499866530299,9.847000008448958,124371.0,221497.0,0.0,0.0,8.77,5e-05,1e-05,100.0,0.01,-0.03317119314832716,0.0,0.2251729939614862,-0.03348267528810765,0.0,0.22456805907043653,0.0,0.0,0.0,-0.029530263026033492,0.0,-0.10039307299445549,-0.004848511102138482,0.0,0.025704565928478584,-0.0009054513850734168,0.0,-0.002142375129684061,0.5372377597540943,-2.252099356677598,-1.8760480215301258,-0.21008239606917747,0.08005497295131338,0.060928836861537675,-0.11567000000000001,0.05111,0.03497,-6.324172903905863e-07,0.0,0.0002122000961296869,0.00031211455707088514,0.0,0.000392734794919993
18,0.18067759997211397,step,0.6804170381549272,0.002417369117749096,3.5459999926388264,10.28260006569326,124371.0,221497.0,0.0,0.0,8.77,5e-05,1e-05,100.0,0.01,-0.03317119314832716,0.0,0.2251729939614862,-0.03348267528810765,0.0,0.22456805907043653,0.0,0.0,0.0,-0.029490534154197973,0.0,-0.11364510903440507,-0.0030137885067978883,0.0,0.036677924290275395,-0.0009350715658227816,0.0,-0.0025785000420778157,0.5372377597540943,-2.252099356677598,-1.8760480215301258,-0.21010700361585832,0.07999569765319146,0.06088096047067416,-0.11298000000000001,0.040350000000000004,0.03497,3.185637489700095e-05,0.0,0.0001905309384319463,0.0002796257648834936,0.0,0.0004144039526177336
19,0.19008199987001717,step,0.5849361894160201,0.0012571600550533323,4.1322000324726105,9.404399897903204,124371.0,221497.0,0.0,0.0,8.77,5e-05,1e-05,100.0,0.01,-0.03308710771994561,0.0,0.2249989611993555,-0.03348267528810765,0.0,0.22456805907043653,0.0,0.0,0.0,-0.04059433997377722,0.0,-0.0993211921060926,0.00429516053663143,0.0,0.03656448549194528,-0.0014672956780872207,0.0,-0.0023477575850047038,0.5372377597540943,-2.252099356677598,-1.8775820023180116,-0.2101205456595665,0.07983381183104814,0.06097377140250821,-0.11836,0.040350000000000004,0.03497,0.00013868810217626418,0.0,-2.15251352281672e-06,0.00025687946598578046,0.0,0.00043305464244178634
20,0.20002939994446933,step,0.6804170381549272,0.0035349631901161246,4.1698000859469175,9.947400074452162,124371.0,221497.0,0.0,0.0,8.77,5e-05,1e-05,100.0,0.01,-0.03317119314832716,0.0,0.2251729939614862,-0.03348267528810765,0.0,0.22456805907043653,0.0,0.0,0.0,-0.03863432768678703,0.0,-0.12450296084095544,0.005989091900341965,0.0,0.04754093877896033,-0.0014040430148974286,0.0,-0.0031150015437026025,0.5372377597540943,-2.252099356677598,-1.8760480215301258,-0.21020893393286957,0.07989337300361382,0.06084573684707578,-0.11567000000000001,0.048420000000000005,0.03497,3.530191128539584e-05,0.0,0.00022875175964491595,0.0002761802284950987,0.0,0.00037618313140476396
21,0.2100227999035269,step,0.8799467090564314,0.011265101670585635,4.162200028076768,9.99339995905757,124371.0,221497.0,0.0,0.0,8.77,5e-05,1e-05,100.0,0.01,-0.032917000912097344,0.0,0.2252420907544875,-0.03348267528810765,0.0,0.22456805907043653,0.0,0.0,0.0,-0.06834909764975781,0.0,-0.1455253760321323,0.019446373735930927,0.0,0.05935700936229424,-0.002757585447348451,0.0,-0.003774142414159789,0.53877174054198,-2.252099356677598,-1.8760480215301258,-0.21152301222860695,0.07941170130571233,0.060831023824623576,-0.11836,0.04304,0.03497,0.00030888529293660207,0.0,0.0002712145341149368,0.0002567890830737063,0.0,0.00040281714993603736
22,0.22007329994812608,step,0.8799467090564314,0.006858775011362271,4.53809997998178,10.050500044599175,124371.0,221497.0,0.0,0.0,8.77,5e-05,1e-05,100.0,0.01,-0.032917000912097344,0.0,0.2252420907544875,-0.03348267528810765,0.0,0.22456805907043653,0.0,0.0,0.0,-0.0818075522276514,0.0,-0.15734231815438815,0.028350780888979514,0.0,0.06827905810839134,-0.0034953582166933343,0.0,-0.004258583873331136,0.53877174054198,-2.252099356677598,-1.8760480215301258,-0.21166705188736518,0.0792978389325006,0.06081625059229074,-0.11298000000000001,0.04304,0.03497,0.00022537367527802616,0.0,0.00022582019019976826,0.0003403007007322822,0.0,0.00044821149385120587
23,0.23005159990862012,step,0.8799467090564314,0.004427601486952002,4.273500060662627,9.978299960494041,124371.0,221497.0,0.0,0.0,8.77,5e-05,1e-05,100.0,0.01,-0.032917000912097344,0.0,0.2252420907544875,-0.03348267528810765,0.0,0.22456805907043653,0.0,0.0,0.0,-0.09071231064502054,0.0,-0.16626439947611274,0.03426232582016329,0.0,0.07524397235760337,-0.004070324424437947,0.0,-0.004694347563513951,0.53877174054198,-2.252099356677598,-1.8760480215301258,-0.21178192118681985,0.07920146422847953,0.060798124314975284,-0.11836,0.048420000000000005,0.03497,0.00016499450177257327,0.0,0.0001943946243858313,0.0004006798742377351,0.0,0.0004796370596651428
24,0.2400640998966992,step,0.5849361894160201,0.0005023727646255787,4.619700135663152,10.012499988079071,124371.0,221497.0,0.0,0.0,8.77,5e-05,1e-05,100.0,0.01,-0.03308710771994561,0.0,0.2249989611993555,-0.03348267528810765,0.0,0.22456805907043653,0.0,0.0,0.0,-0.07787221976791488,0.0,-0.13788816535125262,0.03270212367936685,0.0,0.07294520299823411,-0.0036751560341631083,0.0,-0.004067293773070136,0.5372377597540943,-2.252099356677598,-1.8775820023180116,-0.2105634731683211,0.07945846584100648,0.060899975745380336,-0.11567000000000001,0.048420000000000005,0.03497,-4.7980795359862916e-05,0.0,-7.069390518533482e-05,0.00044354836352190755,0.0,0.0005015960341043044
25,0.2502925998996943,step,0.6804170381549272,0.002875069237943396,4.111799877136946,10.228500002995133,124371.0,221497.0,0.0,0.0,8.77,5e-05,1e-05,100.0,0.01,-0.03317119314832716,0.0,0.2251729939614862,-0.03348267528810765,0.0,0.22456805907043653,0.0,0.0,0.0,-0.06704197439206482,0.0,-0.16088370300271454,0.029715223463413237,0.0,0.07816027052591899,-0.003184107148597639,0.0,-0.00499465281113638,0.5372377597540943,-2.252099356677598,-1.8760480215301258,-0.21058874857782006,0.07952556039921274,0.060729827806572226,-0.11836,0.04304,0.03497,-0.00010106880202813911,0.0,0.00017646408966182444,0.00041255094180863366,0.0,0.00042847080138785546
26,0.2603717998135835,step,0.6804170381549272,0.0022813643929554166,4.008400021120906,10.07919991388917,124371.0,221497.0,0.0,0.0,8.77,5e-05,1e-05,100.0,0.01,-0.03317119314832716,0.0,0.2251729939614862,-0.03348267528810765,0.0,0.22456805907043653,0.0,0.0,0.0,-0.06405449587673187,0.0,-0.16610090256972565,0.02847598745265204,0.0,0.08284987002230071,-0.003133090018910744,0.0,-0.005377460808515274,0.5372377597540943,-2.252099356677598,-1.8760480215301258,-0.2105975883111886,0.07947876771553442,0.060683589421129606,-0.11836,0.040350000000000004,0.03497,-4.605488969556989e-05,0.0,0.00017428398274965857,0.00035753702947606444,0.0,0.00043065090830002133
27,0.27032199990935624,step,0.5849361894160201,0.00047536234329966464,4.0086000226438046,9.950200095772743,124371.0,221497.0,0.0,0.0,8.77,5e-05,1e-05,100.0,0.01,-0.03308710771994561,0.0,0.2249989611993555,-0.03348267528810765,0.0,0.22456805907043653,0.0,0.0,0.0,-0.07208435253347388,0.0,-0.1454932079387293,0.030486739299959736,0.0,0.08284307460353627,-0.00378484293829214,0.0,-0.0048584886688354915,0.5372377597540943,-2.252099356677598,-1.8775820023180116,-0.21061729892650086,0.07934721333534947,0.06081626865393112,-0.11836,0.040350000000000004,0.03497,8.19036193747212e-05,0.0,-2.7679665828470555e-07,0.00031366394878732344,0.0,0.0004311789255772543
28,0.28055719984695315,step,0.6804170381549272,0.003875351177894728,3.845999948680401,10.235199937596917,124371.0,221497.0,0.0,0.0,8.77,5e-05,1e-05,100.0,0.01,-0.03317119314832716,0.0,0.2251729939614862,-0.03348267528810765,0.0,0.22456805907043653,0.0,0.0,0.0,-0.0648263142043115,0.0,-0.17078154874734844,0.030589139768617102,0.0,0.08806887046897703,-0.003409288280517868,0.0,-0.005960475818063683,0.5372377597540943,-2.252099356677598,-1.8760480215301258,-0.21066968238772407,0.07938344214749124,0.06063253668554508,-0.11836,0.04304,0.02959,4.561329488756197e-06,0.0,0.00023277800478641665,0.00030692081029173835,0.0,0.00037215688626326325
29,0.2901768998708576,step,0.6804170381549272,0.0037453398074175845,4.253899911418557,9.619700023904443,124371.0,221497.0,0.0,0.0,8.77,5e-05,1e-05,100.0,0.01,-0.03317119314832716,0.0,0.2251729939614862,-0.03348267528810765,0.0,0.22456805907043653,0.0,0.0,0.0,-0.06492817438728712,0.0,-0.17600950239847787,0.03135299965226337,0.0,0.09269635768191341,-0.0035176076584274647,0.0,-0.006358924703719914,0.5372377597540943,-2.252099356677598,-1.8760480215301258,-0.21070562639494123,0.07932376302088959,0.06059324334941765,-0.11836,0.05111,0.02959,3.7121453002097354e-05,0.0,0.00022488293045687976,0.0002743606867783972,0.0,0.00038005196059280014
30,0.30053249979391694,step,1.0294445565010715,0.026050368266316553,3.8503999821841717,10.355599923059344,124371.0,221497.0,0.0,0.0,8.77,5e-05,1e-05,100.0,0.01,-0.03272869548652903,0.0,0.22526896602126606,-0.03348267528810765,0.0,0.22456805907043653,0.0,0.0,0.0,-0.11447108277969917,0.0,-0.1945874395887606,0.04094978806089156,0.0,0.09870014557897637,-0.006761255105924433,0.0,-0.007165401429311737,0.53877174054198,-2.250565375889712,-1.8775820023180116,-0.21253982245855718,0.07801759590277399,0.060865735117101895,-0.11836,0.048420000000000005,0.03497,0.0005075893824782726,0.0,0.0003175498782968723,0.00024639041910035216,0.0,0.0003833570725326551
31,0.31048139999620616,step,0.6804170381549272,0.0028739651460983184,3.8815001025795937,9.948900202289224,124371.0,221497.0,0.0,0.0,8.77,5e-05,1e-05,100.0,0.01,-0.03317119314832716,0.0,0.2251729939614862,-0.03348267528810765,0.0,0.22456805907043653,0.0,0.0,0.0,-0.07529170943417735,0.0,-0.1866419920663489,0.04011907655566924,0.0,0.10204881131249989,-0.004417680923356277,0.0,-0.007195270094796761,0.5372377597540943,-2.252099356677598,-1.8760480215301258,-0.2108925229467381,0.0791527605978798,0.0605475827253826,-0.11836,0.04573,0.03497,-4.7704343367719e-05,0.0,0.00019230009331936494,0.00035918648314821355,0.0,0.00041263479773031496
32,0.32053379993885756,step,0.6804170381549272,0.002965204388431278,3.859400050714612,10.052399942651391,124371.0,221497.0,0.0,0.0,8.77,5e-05,1e-05,100.0,0.01,-0.03317119314832716,0.0,0.2251729939614862,-0.03348267528810765,0.0,0.22456805907043653,0.0,0.0,0.0,-0.07445818448152648,0.0,-0.1899894652935471,0.040056089487455086,0.0,0.1052724545503599,-0.004493198247140112,0.0,-0.0075683245321227334,0.5372377597540943,-2.252099356677598,-1.8760480215301258,-0.2109218854419093,0.07909864578578026,0.060509376304504314,-0.11836,0.04304,0.02959,-3.917679661299175e-06,0.0,0.00020050467351979566,0.0003153998194417937,0.0,0.00040443021752988424
33,0.330484899925068,step,0.5849361894160201,0.0010909108342036554,3.846899839118123,9.951099986210465,124371.0,221497.0,0.0,0.0,8.77,5e-05,1e-05,100.0,0.01,-0.03308710771994561,0.0,0.2249989611993555,-0.03348267528810765,0.0,0.22456805907043653,0.0,0.0,0.0,-0.08366436401141338,0.0,-0.16791580882127963,0.04178556057276754,0.0,0.1057855565410371,-0.005373525296882138,0.0,-0.0068537213037856625,0.5372377597540943,-2.252099356677598,-1.8775820023180116,-0.2109701834752651,0.07897768112592317,0.06067721213378451,-0.11836,0.04304,0.03497,0.00011623044211185704,0.0,3.448341619085882e-05,0.0002793371260501876,0.0,0.0003964187127281108
34,0.34007549984380603,step,0.5849361894160201,0.0017367534756341828,4.192299908027053,9.590599918738008,124371.0,221497.0,0.0,0.0,8.77,5e-05,1e-05,100.0,0.01,-0.03308710771994561,0.0,0.2249989611993555,-0.03348267528810765,0.0,0.22456805907043653,0.0,0.0,0.0,-0.08539438460391366,0.0,-0.16842672416830623,0.04346991232322073,0.0,0.10704808526489412,-0.005653390227887909,0.0,-0.007069296691321417,0.5372377597540943,-2.252099356677598,-1.8775820023180116,-0.21102622050134373,0.07893041649497243,0.06066812899853871,-0.11836,0.03766,0.03228,0.00012202341835296221,0.0,9.146431000079714e-05,0.0002735441498090824,0.0,0.0003394378189181725
35,0.35019659996032715,step,0.8799467090564314,0.017695688390465446,4.107899963855743,10.12110011652112,124371.0,221497.0,0.0,0.0,8.77,5e-05,1e-05,100.0,0.01,-0.032917000912097344,0.0,0.2252420907544875,-0.03348267528810765,0.0,0.22456805907043653,0.0,0.0,0.0,-0.10583060638276996,0.0,-0.20503041402690692,0.047302904491121886,0.0,0.11195870862853854,-0.007190220663858464,0.0,-0.008833129615483023,0.53877174054198,-2.252099356677598,-1.8760480215301258,-0.21248492098965677,0.07844574917584836,0.0604982543270985,-0.11836,0.048420000000000005,0.03228,0.0002986384402789504,0.0,0.00038259950395859,0.00026703593573135795,0.0,0.00029143218009238415
36,0.36030839988961816,step,0.5849361894160201,0.0015452360036665679,4.110800102353096,10.11179992929101,124371.0,221497.0,0.0,0.0,8.77,5e-05,1e-05,100.0,0.01,-0.03308710771994561,0.0,0.2249989611993555,-0.03348267528810765,0.0,0.22456805907043653,0.0,0.0,0.0,-0.09091295774403908,0.0,-0.17460292354541007,0.04835970006303629,0.0,0.11330412599231665,-0.006392975514431934,0.0,-0.007756351865131354,0.5372377597540943,-2.252099356677598,-1.8775820023180116,-0.2111795984286193,0.0787901129201134,0.06063081515327834,-0.11567000000000001,0.03766,0.03497,8.835081474747045e-05,0.0,0.00011248033529309454,0.0003072167534145742,0.0,0.0003184217936258751
37,0.37011499982327223,step,0.5849361894160201,0.002657381275463468,5.39620011113584,9.80659993365407,124371.0,221497.0,0.0,0.0,8.77,5e-05,1e-05,100.0,0.01,-0.03308710771994561,0.0,0.2249989611993555,-0.03348267528810765,0.0,0.22456805907043653,0.0,0.0,0.0,-0.09196857695590605,0.0,-0.17594528461460512,0.04950794958624202,0.0,0.11505057508829604,-0.006645639612909023,0.0,-0.008027456009903202,0.5372377597540943,-2.252099356677598,-1.8775820023180116,-0.2112336373762291,0.07873740682541525,0.06061394113563591,-0.11567000000000001,0.04304,0.03497,0.0001027789157112465,0.0,0.0001563232910635282,0.00029278865245079813,0.0,0.0002745788378554414
38,0.38032839982770383,step,0.6804170381549272,0.010375775131918327,3.909599967300892,10.213400004431605,124371.0,221497.0,0.0,0.0,8.77,5e-05,1e-05,100.0,0.01,-0.03317119314832716,0.0,0.2251729939614862,-0.03348267528810765,0.0,0.22456805907043653,0.0,0.0,0.0,-0.08384759120103982,0.0,-0.20298902895703438,0.04983381741212842,0.0,0.11889327360229164,-0.006044583058055724,0.0,-0.009578594470683103,0.5372377597540943,-2.252099356677598,-1.8760480215301258,-0.21126971430001565,0.07872923074284514,0.06036612766591568,-0.11836,0.040350000000000004,0.03497,3.116135111342895e-05,0.0,0.0003674608786306356,0.0002803207886670656,0.0,0.0002374740124190443
39,0.39041639980860054,step,0.6804170381549272,0.009940690384559149,3.824099898338318,10.087999980896711,124371.0,221497.0,0.0,0.0,8.77,5e-05,1e-05,100.0,0.01,-0.03317119314832716,0.0,0.2251729939614862,-0.03348267528810765,0.0,0.22456805907043653,0.0,0.0,0.0,-0.08417283485433048,0.0,-0.20683392096969988,0.050457915108361,0.0,0.1223704539090499,-0.006217270720353394,0.0,-0.01002374265947857,0.5372377597540943,-2.252099356677598,-1.8760480215301258,-0.2113184318568664,0.0786590439552422,0.06032505700821088,-0.11567000000000001,0.04573,0.03497,6.362324231329493e-05,0.0,0.00035447893264046294,0.0002478588974671996,0.0,0.00025045595840921697
40,0.4003297998569906,step,0.5849361894160201,0.004596721995020682,3.8930000737309456,9.91340004839003,124371.0,221497.0,0.0,0.0,8.77,5e-05,1e-05,100.0,0.01,-0.03308710771994561,0.0,0.2249989611993555,-0.03348267528810765,0.0,0.22456805907043653,0.0,0.0,0.0,-0.09406613673654109,0.0,-0.18501380535154122,0.05207167340594747,0.0,0.1239429794721676,-0.007332839014501403,0.0,-0.009140385069504159,0.5372377597540943,-2.252099356677598,-1.8775820023180116,-0.2113975469157244,0.07854477593430251,0.0605254529795641,-0.11567000000000001,0.040350000000000004,0.03497,0.00017502246873797237,0.0,0.00017055051343318355,0.00022054509942407227,0.0,0.00026035161548578606
41,0.41033839993178844,step,0.5849361894160201,0.005714460585747011,3.8799999747425318,10.008600074797869,124371.0,221497.0,0.0,0.0,8.77,5e-05,1e-05,100.0,0.01,-0.03308710771994561,0.0,0.2249989611993555,-0.03348267528810765,0.0,0.22456805907043653,0.0,0.0,0.0,-0.0956805063259763,0.0,-0.1865841352779711,0.05360940254423646,0.0,0.12573512985966262,-0.007651429106757516,0.0,-0.009445234986312959,0.5372377597540943,-2.252099356677598,-1.8775820023180116,-0.21146401804608003,0.07848317133318697,0.06050837134643355,-0.11567000000000001,0.04304,0.03497,0.00017707319071467593,0.0,0.00020637040649914879,0.0002184943774473687,0.0,0.00022453172241982083
42,0.4200499998405576,step,0.6804170381549272,0.013826726245874034,4.172299988567829,9.71159990876913,124371.0,221497.0,0.0,0.0,8.77,5e-05,1e-05,100.0,0.01,-0.03317119314832716,0.0,0.2251729939614862,-0.03348267528810765,0.0,0.22456805907043653,0.0,0.0,0.0,-0.0879490141766731,0.0,-0.21367358321886112,0.05438730297340836,0.0,0.12910644497684573,-0.006999320681463779,0.0,-0.011137107783389583,0.5372377597540943,-2.252099356677598,-1.8760480215301258,-0.2114982884464181,0.07845969400303167,0.060241497180862406,-0.11567000000000001,0.04573,0.03497,9.49208307389914e-05,0.0,0.00041137402629614066,0.00021656130904150315,0.0,0.00019356086475353924
43,0.4300509998574853,step,0.8799467090564314,0.027730477936781933,4.158399999141693,10.00100001692772,124371.0,221497.0,0.0,0.0,8.77,5e-05,1e-05,100.0,0.01,-0.032917000912097344,0.0,0.2252420907544875,-0.03348267528810765,0.0,0.22456805907043653,0.0,0.0,0.0,-0.11674737933596406,0.0,-0.22709096709984883,0.057275226084634256,0.0,0.1327185308125617,-0.009736714494238106,0.0,-0.012016468993263998,0.53877174054198,-2.252099356677598,-1.8760480215301258,-0.21304996825891523,0.07785447974275371,0.06027561979948267,-0.11836,0.04304,0.03497,0.0003726965341842145,0.0,0.00046615225554802963,0.00019297784182609385,0.0,0.0002078794285029445
44,0.44003929989412427,step,0.5849361894160201,0.00504113436968829,7.289300207048655,9.988300036638975,124371.0,221497.0,0.0,0.0,8.77,5e-05,1e-05,100.0,0.01,-0.03308710771994561,0.0,0.2249989611993555,-0.03348267528810765,0.0,0.22456805907043653,0.0,0.0,0.0,-0.10088535168662165,0.0,-0.19536276092757324,0.05846510387810752,0.0,0.13415429605175117,-0.008657346051164666,0.0,-0.01060250521936074,0.5372377597540943,-2.252099356677598,-1.8775820023180116,-0.21168267422309364,0.07826310907670066,0.06043235276182189,-0.11836,0.04304,0.03497,0.00016210339632085992,0.0,0.00019560195414073932,0.00023346417184118471,0.0,0.0002353001747782303
45,0.450042299926281,step,0.5849361894160201,0.00642643750441051,4.133500158786774,10.003000032156706,124371.0,221497.0,0.0,0.0,8.77,5e-05,1e-05,100.0,0.01,-0.03308710771994561,0.0,0.2249989611993555,-0.03348267528810765,0.0,0.22456805907043653,0.0,0.0,0.0,-0.10207397055102421,0.0,-0.19679545366298135,0.05964666816802469,0.0,0.13576166895211092,-0.008962187328748619,0.0,-0.010921120156491305,0.5372377597540943,-2.252099356677598,-1.8775820023180116,-0.2117474905638571,0.07820063069117673,0.06041295520252165,-0.11836,0.03766,0.03497,0.00016961901230076994,0.0,0.0002307458054416651,0.0002259485558612747,0.0,0.0002001563234773045
46,0.46032519987784326,step,0.5849361894160201,0.0077801623228070035,5.275100003927946,10.282899951562285,124371.0,221497.0,0.0,0.0,8.77,5e-05,1e-05,100.0,0.01,-0.03308710771994561,0.0,0.2249989611993555,-0.03348267528810765,0.0,0.22456805907043653,0.0,0.0,0.0,-0.10325553472484826,0.0,-0.19840282366152623,0.06081740123626789,0.0,0.13748541433866301,-0.009276013923480828,0.0,-0.011260368309852224,0.5372377597540943,-2.252099356677598,-1.8775820023180116,-0.21181472425731743,0.07813483565615974,0.06039171095076519,-0.11567000000000001,0.04304,0.03497,0.00017677827293495542,0.0,0.0002602819897037157,0.00021878929522708922,0.0,0.00017062013921525392
47,0.4703487998340279,step,0.6804170381549272,0.017476444503711056,3.8630999624729156,10.023599956184626,124371.0,221497.0,0.0,0.0,8.77,5e-05,1e-05,100.0,0.01,-0.03317119314832716,0.0,0.2251729939614862,-0.03348267528810765,0.0,0.22456805907043653,0.0,0.0,0.0,-0.09515704111799463,0.0,-0.2254238684610178,0.06144222448807536,0.0,0.14038904163882643,-0.008506371751004238,0.0,-0.013145562347303998,0.5372377597540943,-2.252099356677598,-1.8760480215301258,-0.2118386903982179,0.0780935314420517,0.06009602827229541,-0.11836,0.048420000000000005,0.03497,9.906652505139779e-05,0.0,0.00046037381905914823,0.00021241561472909676,0.0,0.00014456107199053167
48,0.480160899925977,step,0.9072220948948029,0.037231567225153264,4.045599838718772,9.812100091949105,124371.0,221497.0,0.0,0.0,8.77,5e-05,1e-05,100.0,0.01,-0.03306674753707814,0.0,0.22537431959619036,-0.03348267528810765,0.0,0.22456805907043653,0.0,0.0,0.0,-0.1072948682173513,0.0,-0.25759427622175923,0.062818956578616,0.0,0.14428301606156474,-0.009744303558499853,0.0,-0.015336601760176856,0.5372377597540943,-2.250565375889712,-1.8760480215301258,-0.21240889542312716,0.07720036108386798,0.0600764855676349,-0.11836,0.04304,0.03497,0.00022881310473402635,0.0,0.0006471792032331806,0.0001871146462954865,0.0,0.00015908132252065183
49,0.4903293999377638,step,0.5849361894160201,0.007073225030165574,3.8989000022411346,10.168500011786819,124371.0,221497.0,0.0,0.0,8.77,5e-05,1e-05,100.0,0.01,-0.03308710771994561,0.0,0.2249989611993555,-0.03348267528810765,0.0,0.22456805907043653,0.0,0.0,0.0,-0.10642797419480236,0.0,-0.2069289274069889,0.06400813325831504,0.0,0.14552305362552198,-0.01017285745087489,0.0,-0.012515669007875716,0.5372377597540943,-2.252099356677598,-1.8775820023180116,-0.21201974880725344,0.07790930724650515,0.06029858639606772,-0.11567000000000001,0.03497,0.03497,0.0002068331585078455,0.0,0.0002156793775055856,0.00018873440965419913,0.0,0.000215222751413384
50,0.5003357999958098,step,0.8195797587291742,0.025487142114458062,3.9917000103741884,10.006400058045983,124371.0,221497.0,0.0,0.0,8.77,5e-05,1e-05,100.0,0.01,-0.03283318254545521,0.0,0.22506792921173363,-0.03348267528810765,0.0,0.22456805907043653,0.0,0.0,0.0,-0.13560865325764654,0.0,-0.21818936397458588,0.0665727302302534,0.0,0.1472961367261643,-0.013426960735934391,0.0,-0.01334897936731235,0.53877174054198,-2.252099356677598,-1.8775820023180116,-0.21365426726206713,0.07727515125297087,0.060366181008413955,-0.11567000000000001,0.04573,0.03497,0.00046605066448278414,0.0,0.0003222130285106679,0.00018344207816965691,0.0,0.0001776571127864306
51,0.5103950998745859,step,0.6804170381549272,0.01625879739587305,5.424499977380037,10.059299878776073,124371.0,221497.0,0.0,0.0,8.77,5e-05,1e-05,100.0,0.01,-0.03317119314832716,0.0,0.2251729939614862,-0.03348267528810765,0.0,0.22456805907043653,0.0,0.0,0.0,-0.10091433885415528,0.0,-0.23523546883623597,0.06697928711068485,0.0,0.14964579752466553,-0.009808263153733622,0.0,-0.014877585733398419,0.5372377597540943,-2.252099356677598,-1.8760480215301258,-0.21213261620764873,0.07777761146527623,0.059970704563686465,-0.12105,0.04573,0.03497,7.707090353867136e-05,0.0,0.00044542471045554366,0.00023441123624182318,0.0,0.00015951018059413624
52,0.5201909998431802,step,0.6804170381549272,0.016356774683795827,4.462199984118342,9.795899968594313,124371.0,221497.0,0.0,0.0,8.77,5e-05,1e-05,100.0,0.01,-0.03317119314832716,0.0,0.2251729939614862,-0.03348267528810765,0.0,0.22456805907043653,0.0,0.0,0.0,-0.10131829949728591,0.0,-0.23758646183138296,0.06752851486380204,0.0,0.15187302840441919,-0.01002933498659043,0.0,-0.01531775679122764,0.5372377597540943,-2.252099356677598,-1.8760480215301258,-0.2121891248919529,0.07770478864760576,0.05993284675533899,-0.11567000000000001,0.048420000000000005,0.03497,0.0001084447150476324,0.0,0.00043976550115929316,0.00020303742473286215,0.0,0.00016516938989038674
53,0.530472399899736,step,0.5849361894160201,0.009327378380917331,4.14440012536943,10.281400056555867,124371.0,221497.0,0.0,0.0,8.77,5e-05,1e-05,100.0,0.01,-0.03308710771994561,0.0,0.2249989611993555,-0.03348267528810765,0.0,0.22456805907043653,0.0,0.0,0.0,-0.11113674225177497,0.0,-0.21451639379156326,0.06859821717603584,0.0,0.15314768128150033,-0.011500554914997333,0.0,-0.014032730697126222,0.5372377597540943,-2.252099356677598,-1.8775820023180116,-0.2123078812821576,0.07762021504527442,0.06019943043860896,-0.11836,0.048420000000000005,0.03497,0.00021966144507982416,0.0,0.0002617476747994544,0.00017590612308222047,0.0,0.00016915445411951524
54,0.5402241998817772,step,0.6804170381549272,0.019357971095430984,4.237700020894408,9.75179998204112,124371.0,221497.0,0.0,0.0,8.77,5e-05,1e-05,100.0,0.01,-0.03317119314832716,0.0,0.2251729939614862,-0.03348267528810765,0.0,0.22456805907043653,0.0,0.0,0.0,-0.10293786445342552,0.0,-0.2410861411197225,0.06925757104040042,0.0,0.15535773674416575,-0.010583649220008914,0.0,-0.016141310749465815,0.5372377597540943,-2.252099356677598,-1.8760480215301258,-0.2123181607055217,0.07755897290479588,0.05986971512680331,-0.11567000000000001,0.04304,0.03497,0.00014060767583935557,0.0,0.0004712958835555275,0.00017087446394113898,0.0,0.0001336390074941524
55,0.5503408999647945,step,0.8195797587291742,0.030663074223853174,5.095199914649129,10.11670008301735,124371.0,221497.0,0.0,0.0,8.77,5e-05,1e-05,100.0,0.01,-0.03283318254545521,0.0,0.22506792921173363,-0.03348267528810765,0.0,0.22456805907043653,0.0,0.0,0.0,-0.14085744426926408,0.0,-0.2280262516369494,0.07153063537357898,0.0,0.1569870675365665,-0.0153331366033669,0.0,-0.015349688110993489,0.53877174054198,-2.252099356677598,-1.8775820023180116,-0.21405956699345877,0.07688319516187636,0.06024343456373407,-0.11836,0.04304,0.03497,0.0005026695945582363,0.0,0.0003603131846567912,0.0001468231480942048,0.0,0.00013955695664030732
56,0.5602121998090297,step,0.805788623919107,0.028393472691622006,4.21199994161725,9.871299844235182,124371.0,221497.0,0.0,0.0,8.77,5e-05,1e-05,100.0,0.01,-0.03298292917043602,0.0,0.2252001580534365,-0.03348267528810765,0.0,0.22456805907043653,0.0,0.0,0.0,-0.12662570307574544,0.0,-0.24887495850408095,0.07285505042796421,0.0,0.15922062542607338,-0.013776815703606537,0.0,-0.017197136740168865,0.5372377597540943,-2.250565375889712,-1.8775820023180116,-0.213093963964536,0.07652884757362145,0.060126097048327345,-0.11836,0.03497,0.03497,0.00030329999858432876,0.0,0.0005114998523177511,0.00019644611908730292,0.0,0.00012059913068220571
57,0.570038499776274,step,0.6804170381549272,0.018993454784617985,4.223200026899576,9.826299967244267,124371.0,221497.0,0.0,0.0,8.77,5e-05,1e-05,100.0,0.01,-0.03317119314832716,0.0,0.2251729939614862,-0.03348267528810765,0.0,0.22456805907043653,0.0,0.0,0.0,-0.10719553136940052,0.0,-0.24716163705396849,0.07329773405798512,0.0,0.16122439920114007,-0.011651450764014774,0.0,-0.01745204509151979,0.5372377597540943,-2.252099356677598,-1.8760480215301258,-0.2125542740184192,0.07731428167093213,0.05977939378365857,-0.11836,0.03766,0.03497,0.00010484126150521941,0.0,0.0004745559946256468,0.00020664087827527514,0.0,0.0001303788964240331
58,0.5800525997765362,step,0.9072220948948029,0.041521528143839304,4.920999985188246,10.01410000026226,124371.0,221497.0,0.0,0.0,8.77,5e-05,1e-05,100.0,0.01,-0.03306674753707814,0.0,0.22537431959619036,-0.03348267528810765,0.0,0.22456805907043653,0.0,0.0,0.0,-0.11915039228552576,0.0,-0.2784296446392339,0.07428155254981395,0.0,0.16399028386452827,-0.013116363842207084,0.0,-0.020007354200956288,0.5372377597540943,-2.250565375889712,-1.8760480215301258,-0.21317872924950332,0.07635766123907302,0.0597299522347486,-0.11567000000000001,0.04304,0.03228,0.00024064303648701094,0.0,0.0006765382939014702,0.0001752847145425019,0.0,0.00012972223185236226
59,0.5902205999009311,step,0.8195797587291742,0.027497078922460762,4.56200004555285,10.168000124394894,124371.0,221497.0,0.0,0.0,8.77,5e-05,1e-05,100.0,0.01,-0.03283318254545521,0.0,0.22506792921173363,-0.03348267528810765,0.0,0.22456805907043653,0.0,0.0,0.0,-0.14588225434200927,0.0,-0.2366613578155259,0.07618908120463808,0.0,0.16530108998406343,-0.017027994473842453,0.0,-0.017087141509840618,0.53877174054198,-2.252099356677598,-1.8775820023180116,-0.2144180766667608,0.07654012658628095,0.06013900091039815,-0.11836,0.03766,0.03228,0.00048127570415808056,0.0,0.0003307206613114661,0.0001682170384943605,0.0,0.0001691494799856324
60,0.6001871998887509,step,0.805788623919107,0.026559602802308582,4.333800170570612,9.96659998781979,124371.0,221497.0,0.0,0.0,8.77,5e-05,1e-05,100.0,0.01,-0.03298292917043602,0.0,0.2252001580534365,-0.03348267528810765,0.0,0.22456805907043653,0.0,0.0,0.0,-0.1312841775140019,0.0,-0.25718898532049045,0.07730871173938554,0.0,0.16720254963742623,-0.015307793115377857,0.0,-0.01903726697428258,0.5372377597540943,-2.250565375889712,-1.8775820023180116,-0.2134304216116794,0.07618346349746304,0.060001041342401154,-0.11836,0.040350000000000004,0.03228,0.0002910201382431146,0.0,0.0004942371916555131,0.00020872597942851707,0.0,0.00013786179134444372
61,0.6102265999652445,step,0.6804170381549272,0.018540448539417744,4.489300074055791,10.03940007649362,124371.0,221497.0,0.0,0.0,8.77,5e-05,1e-05,100.0,0.01,-0.03317119314832716,0.0,0.2251729939614862,-0.03348267528810765,0.0,0.22456805907043653,0.0,0.0,0.0,-0.11164920844679975,0.0,-0.25514356497072044,0.07768011119303826,0.0,0.1689542824443493,-0.013004790358593522,0.0,-0.01927982545893332,0.5372377597540943,-2.252099356677598,-1.8760480215301258,-0.21286104886092672,0.0769822913529475,0.05964601792121127,-0.12105,0.048420000000000005,0.03497,9.933258224694092e-05,0.0,0.00046850942134410385,0.00021214955753355363,0.0,0.00013642546970557605
62,0.6203514998778701,step,0.9072220948948029,0.042045418076773367,4.378600046038628,10.124899912625551,124371.0,221497.0,0.0,0.0,8.77,5e-05,1e-05,100.0,0.01,-0.03306674753707814,0.0,0.22537431959619036,-0.03348267528810765,0.0,0.22456805907043653,0.0,0.0,0.0,-0.12353277491024758,0.0,-0.28615953069416045,0.07855269907122744,0.0,0.17142712498860285,-0.01455911305280381,0.0,-0.021984742116912065,0.5372377597540943,-2.250565375889712,-1.8760480215301258,-0.21350715873520207,0.0759998653833447,0.05958407306170399,-0.11567000000000001,0.04573,0.02959,0.00023985803395555364,0.0,0.0006797380135250008,0.0001760697170739592,0.0,0.00012652251222883162
63,0.6305629999842495,step,0.805788623919107,0.027395039670985805,4.015699960291386,10.21150010637939,124371.0,221497.0,0.0,0.0,8.77,5e-05,1e-05,100.0,0.01,-0.03298292917043602,0.0,0.2252001580534365,-0.03348267528810765,0.0,0.22456805907043653,0.0,0.0,0.0,-0.13364596500366246,0.0,-0.2633189094502198,0.07973785150417469,0.0,0.17311298414760684,-0.016362659930493018,0.0,-0.02048214973276796,0.5372377597540943,-2.250565375889712,-1.8775820023180116,-0.21367020826849203,0.07592228186076687,0.059894787099656545,-0.12105,0.048420000000000005,0.03228,0.0003344429824846014,0.0,0.00047573944879323243,0.0001653031351870303,0.0,0.0001563595342067244
64,0.6400681999512017,step,0.9072220948948029,0.04042435588186925,4.497200017794967,9.505199966952205,124371.0,221497.0,0.0,0.0,8.77,5e-05,1e-05,100.0,0.01,-0.03306674753707814,0.0,0.22537431959619036,-0.03348267528810765,0.0,0.22456805907043653,0.0,0.0,0.0,-0.12559199139461905,0.0,-0.29031857986294074,0.08057982793233001,0.0,0.1754030013815249,-0.0152761582322723,0.0,-0.02301148162106802,0.5372377597540943,-2.250565375889712,-1.8760480215301258,-0.21367236992651287,0.07581627141460363,0.059506576167394486,-0.11836,0.040350000000000004,0.03497,0.0002436544400809348,0.0,0.0006626941660688199,0.00017227331094857805,0.0,0.0001435663596850126
65,0.6503532999195158,step,0.9072220948948029,0.03877234644283298,4.085000138729811,10.28509996831417,124371.0,221497.0,0.0,0.0,8.77,5e-05,1e-05,100.0,0.01,-0.03306674753707814,0.0,0.22537431959619036,-0.03348267528810765,0.0,0.22456805907043653,0.0,0.0,0.0,-0.12643330934605954,0.0,-0.292610808180752,0.08144031512149483,0.0,0.17756995388323585,-0.015623346968797861,0.0,-0.023566831845835263,0.5372377597540943,-2.250565375889712,-1.8760480215301258,-0.21375498745034374,0.07571973978192535,0.05946244137364745,-0.11836,0.040350000000000004,0.03228,0.00025508477952787014,0.0,0.0006423763283249029,0.0001608429715016427,0.0,0.00016388419742892953
66,0.6603135999757797,step,0.9072220948948029,0.03782344646632872,4.050000105053186,9.960300056263804,124371.0,221497.0,0.0,0.0,8.77,5e-05,1e-05,100.0,0.01,-0.03306674753707814,0.0,0.22537431959619036,-0.03348267528810765,0.0,0.22456805907043653,0.0,0.0,0.0,-0.1272937947275979,0.0,-0.294777762760168,0.08231509376524825,0.0,0.17964221954865225,-0.015969423087096885,0.0,-0.02410546209568145,0.5372377597540943,-2.250565375889712,-1.8760480215301258,-0.21383666690449438,0.07562547753839961,0.05942014489610989,-0.11836,0.04573,0.03228,0.00026537415133117396,0.0,0.000628645596482604,0.0001505535996983389,0.0,0.00017761492927122842
67,0.6703068998176605,step,1.0294445565010715,0.05221380232254813,3.9874999783933163,9.993299841880798,124371.0,221497.0,0.0,0.0,8.77,5e-05,1e-05,100.0,0.01,-0.03272869548652903,0.0,0.22526896602126606,-0.03348267528810765,0.0,0.22456805907043653,0.0,0.0,0.0,-0.16543402273671026,0.0,-0.2815358953314307,0.08429662353385091,0.0,0.18130077155574795,-0.021791992210282576,0.0,-0.02312410047010921,0.53877174054198,-2.250565375889712,-1.8775820023180116,-0.2157452639963285,0.07490162388168548,0.05987317166016212,-0.12105,0.048420000000000005,0.03228,0.0006145413757491289,0.0,0.0005143747262050043,0.00013943842582949588,0.0,0.00018653222462452308
68,0.6803123999852687,step,0.9072220948948029,0.03686169982761926,3.9413999766111374,10.005500167608261,124371.0,221497.0,0.0,0.0,8.77,5e-05,1e-05,100.0,0.01,-0.03306674753707814,0.0,0.22537431959619036,-0.03348267528810765,0.0,0.22456805907043653,0.0,0.0,0.0,-0.13015278066454736,0.0,-0.2985072440750333,0.0849912989482751,0.0,0.183308980364488,-0.016842262064613676,0.0,-0.02514127242794227,0.5372377597540943,-2.250565375889712,-1.8760480215301258,-0.21402812907877564,0.07543007019135205,0.059350116932305026,-0.12105,0.040350000000000004,0.03497,0.00022004288951290416,0.0,0.0006361130102563152,0.0001958848615166087,0.0,0.00017014751549751723
69,0.6903071999549866,step,0.9072220948948029,0.037244353041265985,3.9311000145971775,9.99479996971786,124371.0,221497.0,0.0,0.0,8.77,5e-05,1e-05,100.0,0.01,-0.03306674753707814,0.0,0.22537431959619036,-0.03348267528810765,0.0,0.22456805907043653,0.0,0.0,0.0,-0.1308447928648171,0.0,-0.3005167905861707,0.08573053503295514,0.0,0.18526653587664754,-0.017177652330164623,0.0,-0.025683642057815884,0.5372377597540943,-2.250565375889712,-1.8760480215301258,-0.214108204546068,0.07533604602571307,0.05930681278921851,-0.12105,0.03766,0.02959,0.00023893682748564094,0.0,0.0006327235823517551,0.0001769909235438719,0.0,0.00017353694340207734
70,0.7003182999324054,step,0.6804170381549272,0.016931568231536534,3.920000046491623,10.01109997741878,124371.0,221497.0,0.0,0.0,8.77,5e-05,1e-05,100.0,0.01,-0.03317119314832716,0.0,0.2251729939614862,-0.03348267528810765,0.0,0.22456805907043653,0.0,0.0,0.0,-0.12007037468112032,0.0,-0.27320977035314414,0.08618759297874978,0.0,0.18657223809907011,-0.016058569355678447,0.0,-0.023689403277313892,0.5372377597540943,-2.252099356677598,-1.8760480215301258,-0.2135661634616471,0.07619571283947538,0.05931268610581013,-0.12105,0.040350000000000004,0.03228,0.00015061214289370747,0.0,0.0004302618770979569,0.00016086999688678708,0.0,0.000174673013951723
71,0.7103046998381615,step,0.5849361894160201,0.012969009389336619,4.279900109395385,9.986399905756116,124371.0,221497.0,0.0,0.0,8.77,5e-05,1e-05,100.0,0.01,-0.03308710771994561,0.0,0.2249989611993555,-0.03348267528810765,0.0,0.22456805907043653,0.0,0.0,0.0,-0.12979582793845773,0.0,-0.24921561458193695,0.08698922688067927,0.0,0.18744928776101155,-0.017993626662392806,0.0,-0.021824639070894908,0.5372377597540943,-2.252099356677598,-1.8775820023180116,-0.2137337925235531,0.07615750674690312,0.059672236592005774,-0.12105,0.048420000000000005,0.03497,0.0002690805099397871,0.0,0.0002943949472567093,0.00012648705822225752,0.0,0.00013650718166226033
72,0.7203194999601692,step,0.9072220948948029,0.05191860226478827,3.863499965518713,10.014800122007728,124371.0,221497.0,0.0,0.0,8.77,5e-05,1e-05,100.0,0.01,-0.03306674753707814,0.0,0.22537431959619036,-0.03348267528810765,0.0,0.22456805907043653,0.0,0.0,0.0,-0.1328425440793293,0.0,-0.30465232877065634,0.0878752969481907,0.0,0.18960976026004958,-0.018201410550717424,0.0,-0.027167674586922617,0.5372377597540943,-2.250565375889712,-1.8760480215301258,-0.21434490026369757,0.07507154469223903,0.05919411008813799,-0.12105,0.048420000000000005,0.03228,0.0003027153598414399,0.0,0.0007380998794041742,0.00011321239118807294,0.0,6.81606463496582e-05
73,0.7300901999697089,step,0.805788623919107,0.03747561520732516,4.081000108271837,9.770700009539723,124371.0,221497.0,0.0,0.0,8.77,5e-05,1e-05,100.0,0.01,-0.03298292917043602,0.0,0.2252001580534365,-0.03348267528810765,0.0,0.22456805907043653,0.0,0.0,0.0,-0.14296856222560805,0.0,-0.28150154750253753,0.08901093674664491,0.0,0.19119520315493171,-0.020268180757426958,0.0,-0.02535192239314383,0.5372377597540943,-2.250565375889712,-1.8775820023180116,-0.21453641032558718,0.07501818466211495,0.059555840303894665,-0.11836,0.040350000000000004,0.03228,0.00039456981563046225,0.0,0.0005508506408262269,0.00010517630204116943,0.0,8.124834217372991e-05
74,0.7400938998907804,step,0.805788623919107,0.03907635702179457,4.123600199818611,10.00369992107153,124371.0,221497.0,0.0,0.0,8.77,5e-05,1e-05,100.0,0.01,-0.03298292917043602,0.0,0.2252001580534365,-0.03348267528810765,0.0,0.22456805907043653,0.0,0.0,0.0,-0.14410486818112853,0.0,-0.28308477980211266,0.09010391765912425,0.0,0.19282109485549162,-0.02071388796514831,0.0,-0.025841449147370743,0.5372377597540943,-2.250565375889712,-1.8775820023180116,-0.2146322844276787,0.0749236893393816,0.05952467481130981,-0.12105,0.03766,0.03228,0.0003859072100491747,0.0,0.0005740661367835642,0.00011383890762245696,0.0,5.80328462163926e-05
75,0.7503080999013036,step,1.1024718522710633,0.08236384377247802,3.906800178810954,10.2142000105232,124371.0,221497.0,0.0,0.0,8.77,5e-05,1e-05,100.0,0.01,-0.032812246594198985,0.0,0.22544325593482414,-0.03348267528810765,0.0,0.22456805907043653,0.0,0.0,0.0,-0.16401318927495248,0.0,-0.32004723647706046,0.09164018954197772,0.0,0.1951622616020559,-0.023793056647690415,0.0,-0.029536838579577708,0.53877174054198,-2.250565375889712,-1.8760480215301258,-0.2164342238289945,0.07407460058240771,0.05921019679947215,-0.12105,0.03766,0.02959,0.0005508189879709529,0.0,0.0008394081232669347,0.00011960970593771444,0.0,3.578874112067712e-05
76,0.7604079998563975,step,1.1340266179392822,0.08428080797980356,4.226000048220158,10.09989995509386,124371.0,221497.0,0.0,0.0,8.77,5e-05,1e-05,100.0,0.01,-0.03296199321917981,0.0,0.22557548477652697,-0.03348267528810765,0.0,0.22456805907043653,0.0,0.0,0.0,-0.14904337806530438,0.0,-0.3416121991485547,0.09264149489622052,0.0,0.1977671671006043,-0.021493015714976874,0.0,-0.032146907724247914,0.5372377597540943,-2.2490313951018264,-1.8760480215301258,-0.2153822920891804,0.07367144195943176,0.05896604120726736,-0.11567000000000001,0.03766,0.03228,0.00036431263483683663,0.0,0.0009477628194595825,0.00015636943409100745,0.0,5.966288663085981e-05
77,0.7703278998378664,step,1.1340266179392822,0.07790737233345893,4.228199832141399,9.919899981468916,124371.0,221497.0,0.0,0.0,8.77,5e-05,1e-05,100.0,0.01,-0.03296199321917981,0.0,0.22557548477652697,-0.03348267528810765,0.0,0.22456805907043653,0.0,0.0,0.0,-0.15004350109794193,0.0,-0.3442187870644839,0.09362419179706594,0.0,0.2002231239009006,-0.02191704780465941,0.0,-0.032815842656678786,0.5372377597540943,-2.2490313951018264,-1.8760480215301258,-0.21548279007194346,0.07355475389287898,0.0589130680560872,-0.12105,0.04573,0.03228,0.0003625793850396196,0.0,0.0009061586594699015,0.00015810268388822445,0.0,0.0001012670466205408
78,0.7804352999664843,step,1.1340266179392822,0.07334720314832954,3.91409988515079,10.107400128617883,124371.0,221497.0,0.0,0.0,8.77,5e-05,1e-05,100.0,0.01,-0.03296199321917981,0.0,0.22557548477652697,-0.03348267528810765,0.0,0.22456805907043653,0.0,0.0,0.0,-0.15102619874430157,0.0,-0.34667474606179477,0.09459261686120247,0.0,0.20256272618862164,-0.022348448101266506,0.0,-0.03348432217975826,0.5372377597540943,-2.2490313951018264,-1.8760480215301258,-0.2155844912571314,0.07343762161457193,0.058860547348110664,-0.11836,0.04304,0.02959,0.0003621150349336068,0.0,0.0008748277956893141,0.0001585670339942373,0.0,0.00013259791040112821
79,0.7903237999416888,step,1.3608304738650514,0.10957989795528347,4.349299939349294,9.888499975204468,124371.0,221497.0,0.0,0.0,8.77,5e-05,1e-05,100.0,0.01,-0.03285693044112921,0.0,0.22577648902913489,-0.03348267528810765,0.0,0.22456805907043653,0.0016448632155423905,0.0,0.0031410525192617804,-0.1880003234040567,0.0,-0.4317896717851586,0.09583253110194763,0.0,0.20535501440757217,-0.02808361704351623,0.0,-0.04221988206251585,0.5372377597540943,-2.247497414313941,-1.8760480215301258,-0.21714160044880026,0.07127209365743585,0.05844591680542344,-0.12105,0.040350000000000004,0.02959,0.0004695720761130896,0.0,0.0010574768262123736,0.00015617277086535364,0.0,0.0001509531324859802
80,0.8003308000043035,step,1.3608304738650514,0.10134820215168602,3.984800074249506,10.00700006261468,124371.0,221497.0,0.0,0.0,8.77,5e-05,1e-05,100.0,0.01,-0.03285693044112921,0.0,0.22577648902913489,-0.03348267528810765,0.0,0.22456805907043653,0.0016448632155423905,0.0,0.0031410525192617804,-0.1892414863662433,0.0,-0.43458612745695996,0.09702105121371979,0.0,0.2080026835033047,-0.028627410739075335,0.0,-0.043031167017670034,0.5372377597540943,-2.247497414313941,-1.8760480215301258,-0.21722097287924552,0.07113551728491391,0.05835328881039888,-0.12105,0.03766,0.02959,0.0004556084874189725,0.0,0.0010149601171611422,0.00017013635955947072,0.0,0.0001934698415372116
81,0.8103022999130189,step,1.5876335292493928,0.14150082976878556,3.987999865785241,9.971499908715487,124371.0,221497.0,0.0,0.0,8.77,5e-05,1e-05,100.0,0.01,-0.03275155945014914,0.0,0.2259773318810318,-0.03348267528810765,0.0,0.22456805907043653,0.0016496795925474341,0.0,0.0031385256364437823,-0.20211718733119538,0.0,-0.4663851138062523,0.09844834060396765,0.0,0.21107663605957486,-0.03084168822706583,0.0,-0.04674744822609946,0.5372377597540943,-2.245963433526055,-1.8760480215301258,-0.21807115022600695,0.06996608882777075,0.05823545129621685,-0.12105,0.03228,0.03228,0.0005535128188288248,0.0,0.0011921003238675356,0.00017760301912968777,0.0,0.0002171724867277389
82,0.8203111998736858,step,1.5876335292493928,0.13087685623905312,4.005200229585171,10.008899960666895,124371.0,221497.0,0.0,0.0,8.77,5e-05,1e-05,100.0,0.01,-0.03275155945014914,0.0,0.2259773318810318,-0.03348267528810765,0.0,0.22456805907043653,0.0016496795925474341,0.0,0.0031385256364437823,-0.20354532102647782,0.0,-0.4694616187152528,0.09980405261293139,0.0,0.21400074364962596,-0.03144515008521932,0.0,-0.04763623505503668,0.5372377597540943,-2.245963433526055,-1.8760480215301258,-0.21816395583621978,0.06981521971745905,0.0581370648974799,-0.12105,0.04304,0.03228,0.0005315938556162967,0.0,0.0011465839483271278,0.00019952198234221585,0.0,0.0002626888622681467
83,0.830454699927941,step,1.5876335292493928,0.12478318672108754,3.9359000511467457,10.143500054255128,124371.0,221497.0,0.0,0.0,8.77,5e-05,1e-05,100.0,0.01,-0.03275155945014914,0.0,0.2259773318810318,-0.03348267528810765,0.0,0.22456805907043653,0.0016496795925474341,0.0,0.0031385256364437823,-0.20490103903046983,0.0,-0.47238572878901225,0.10110931004841044,0.0,0.21682766582809318,-0.03204778442215554,0.0,-0.04852488801669863,0.5372377597540943,-2.245963433526055,-1.8760480215301258,-0.21830404939857864,0.06965745976385063,0.058068472607143366,-0.12374,0.02959,0.02959,0.0005172284837410554,0.0,0.0011202117163086162,0.00021388735421745719,0.0,0.0002890610942866583
84,0.8405063999816775,step,1.5876335292493928,0.12226174543498075,3.985700197517872,10.051700053736567,124371.0,221497.0,0.0,0.0,8.77,5e-05,1e-05,100.0,0.01,-0.03275155945014914,0.0,0.2259773318810318,-0.03348267528810765,0.0,0.22456805907043653,0.0016496795925474341,0.0,0.0031385256364437823,-0.206206300350092,0.0,-0.47521265205189767,0.10238159302671268,0.0,0.21960056238661183,-0.03264391900487998,0.0,-0.04940543216088527,0.5372377597540943,-2.245963433526055,-1.8760480215301258,-0.2184426980169711,0.06950120819225296,0.05800045213601426,-0.12105,0.03228,0.02959,0.0005092495203473931,0.0,0.0011098916408383388,0.0002218663176111194,0.0,0.00029938116975693576
85,0.8502926998771727,step,1.8144356506698194,0.1726289769001729,4.052099771797657,9.786299895495176,124371.0,221497.0,0.0,0.0,8.77,5e-05,1e-05,100.0,0.01,-0.032645880494187776,0.0,0.22617801285961503,-0.03348267528810765,0.0,0.22456805907043653,0.0016544920877641115,0.0,0.003135991367777944,-0.2191996530513485,0.0,-0.5071132078015397,0.10389820638531788,0.0,0.2228546567543484,-0.03497840238362678,0.0,-0.05332580103140883,0.5372377597540943,-2.2444294527381694,-1.8760480215301258,-0.21932244251895697,0.06829616476427094,0.05786388380130735,-0.12105,0.03228,0.03228,0.0006128850094277315,0.0,0.0013150257749827195,0.00022390978449214464,0.0,0.0002949280141957781
86,0.8603131999261677,step,1.8144356506698194,0.16655269078199156,4.0287000592797995,10.020500048995018,124371.0,221497.0,0.0,0.0,8.77,5e-05,1e-05,100.0,0.01,-0.032645880494187776,0.0,0.22617801285961503,-0.03348267528810765,0.0,0.22456805907043653,0.0016544920877641115,0.0,0.003135991367777944,-0.22071711280317508,0.0,-0.5103698518431796,0.10535947428038625,0.0,0.22602831937030193,-0.0356379502264534,0.0,-0.054299713527751606,0.5372377597540943,-2.2444294527381694,-1.8760480215301258,-0.21942843187215808,0.068130245892079,0.05775864406025165,-0.12374,0.04304,0.03228,0.000595932419863914,0.0,0.001294279063366627,0.0002408623740559621,0.0,0.0003156747258118706
87,0.8703268999233842,step,1.8144356506698194,0.16458023647004277,4.11719991825521,10.013699997216463,124371.0,221497.0,0.0,0.0,8.77,5e-05,1e-05,100.0,0.01,-0.032645880494187776,0.0,0.22617801285961503,-0.03348267528810765,0.0,0.22456805907043653,0.0016544920877641115,0.0,0.003135991367777944,-0.2221783854455672,0.0,-0.5135435161677403,0.10678399221795833,0.0,0.22916242343955712,-0.03629336148837792,0.0,-0.05527249976253252,0.5372377597540943,-2.2444294527381694,-1.8760480215301258,-0.21958110541690068,0.06795781553708236,0.05768313169461815,-0.12374,0.040350000000000004,0.03228,0.0005860206162551966,0.0,0.0012893130719036057,0.00025077417766467946,0.0,0.0003206407172748919
88,0.8803577998187393,step,2.041236704704437,0.22422165854749596,3.986499970778823,10.030899895355105,124371.0,221497.0,0.0,0.0,8.77,5e-05,1e-05,100.0,0.01,-0.03253989382191795,0.0,0.2263785314926628,-0.03348267528810765,0.0,0.22456805907043653,0.003318601379754392,0.0,0.006266899440506164,-0.2599962294148504,0.0,-0.5992093825014473,0.10844700582463666,0.0,0.23278345504750794,-0.042843629367819235,0.0,-0.06520762429090374,0.5372377597540943,-2.242895471950284,-1.8760480215301258,-0.22137075453266677,0.06556994948993754,0.057193783466685674,-0.12374,0.03497,0.03228,0.0006898297052654536,0.0,0.0015020293020084486,0.00025295176092424805,0.0,0.00030844312021781274
89,0.8903154998552054,step,2.041236704704437,0.22062589983681558,4.05799993313849,9.957700036466122,124371.0,221497.0,0.0,0.0,8.77,5e-05,1e-05,100.0,0.01,-0.03253989382191795,0.0,0.2263785314926628,-0.03348267528810765,0.0,0.22456805907043653,0.003318601379754392,0.0,0.006266899440506164,-0.2616605066406583,0.0,-0.6028345697880374,0.11006259373201954,0.0,0.23635616944543705,-0.04360761922004584,0.0,-0.06634326745201752,0.5372377597540943,-2.242895471950284,-1.8760480215301258,-0.221453997129887,0.06538254442140665,0.0570457000444221,-0.12105,0.03766,0.02959,0.0006754750644389848,0.0,0.001493746937034562,0.0002673064017507168,0.0,0.00031672548519169944
90,0.9003949000034481,step,2.041236704704437,0.22282261329451114,4.075399832800031,10.079400148242712,124371.0,221497.0,0.0,0.0,8.77,5e-05,1e-05,100.0,0.01,-0.03253989382191795,0.0,0.2263785314926628,-0.03348267528810765,0.0,0.22456805907043653,0.003318601379754392,0.0,0.006266899440506164,-0.2632760990585338,0.0,-0.6064072860279303,0.11165387867599368,0.0,0.2399282645143265,-0.044375068145050066,0.0,-0.06749135193706146,0.5372377597540943,-2.242895471950284,-1.8760480215301258,-0.22163320344060597,0.06517942823344938,0.05695602449078103,-0.12374,0.03228,0.0269,0.0006703455094702049,0.0,0.0015047825959130145,0.0002724359567194967,0.0,0.0003056898263132468
91,0.9103134998586029,step,2.268036557932154,0.29668669176123375,3.9592001121491194,9.918599855154753,124371.0,221497.0,0.0,0.0,8.77,5e-05,1e-05,100.0,0.01,-0.032433599682736444,0.0,0.22657888730833547,-0.03348267528810765,0.0,0.22456805907043653,0.003328210773811719,0.0,0.0062618013997192195,-0.2767274958170578,0.0,-0.6390160598335598,0.1134916336615993,0.0,0.24401354905989373,-0.04699332883767617,0.0,-0.07188819393761936,0.5372377597540943,-2.2413614911623982,-1.8760480215301258,-0.22262996400619314,0.0638840522334084,0.056805076373041365,-0.11836,0.040350000000000004,0.02959,0.0007797534338943288,0.0,0.0017333728803851937,0.00026932217147687925,0.0,0.0002774553575137491
92,0.9201081998180598,step,2.268036557932154,0.2969247933860268,4.282499896362424,9.79469995945692,124371.0,221497.0,0.0,0.0,8.77,5e-05,1e-05,100.0,0.01,-0.032433599682736444,0.0,0.22657888730833547,-0.03348267528810765,0.0,0.22456805907043653,0.003328210773811719,0.0,0.0062618013997192195,-0.2785661032581584,0.0,-0.643103888238353,0.11529361005417421,0.0,0.24808283100412093,-0.04781615489618405,0.0,-0.07312581651545307,0.5372377597540943,-2.2413614911623982,-1.8760480215301258,-0.22272761620767473,0.06367917558379595,0.056648283976026885,-0.12105,0.0269,0.03228,0.0007698246834114029,0.0,0.0017384432433934964,0.00027925092195980514,0.0,0.0002723849945054464
93,0.9303091999609023,step,2.268036557932154,0.3030753704015237,4.025500034913421,10.201000142842531,124371.0,221497.0,0.0,0.0,8.77,5e-05,1e-05,100.0,0.01,-0.032433599682736444,0.0,0.22657888730833547,-0.03348267528810765,0.0,0.22456805907043653,0.003328210773811719,0.0,0.0062618013997192195,-0.28036808289631415,0.0,-0.6471731711705823,0.11708042139140208,0.0,0.25217649159317185,-0.04865995377193406,0.0,-0.07440397782832753,0.5372377597540943,-2.2413614911623982,-1.8760480215301258,-0.22292539049306687,0.06345374686537053,0.0565476265011215,-0.12374,0.02959,0.03228,0.0007683436016367104,0.0,0.001760307792623179,0.00028073200373449764,0.0,0.0002505204452757639
94,0.9403210999444127,step,2.4948350769324015,0.3915932981754661,3.943700110539794,10.011899983510375,124371.0,221497.0,0.0,0.0,8.77,5e-05,1e-05,100.0,0.01,-0.03232699832676364,0.0,0.22677907983517642,-0.03348267528810765,0.0,0.22456805907043653,0.0033378123373993553,0.0,0.006256688621182275,-0.29404875537243735,0.0,-0.6802795233576241,0.11911658026987297,0.0,0.25679262858247043,-0.05140673366979321,0.0,-0.07903420168471868,0.5372377597540943,-2.2398275103745124,-1.8760480215301258,-0.22395438648265972,0.062118390360333536,0.056374722443804044,-0.12643000000000001,0.03228,0.03228,0.0008810287037573193,0.0,0.001997363384090209,0.00027464825758669335,0.0,0.0002136573806496814
95,0.9500389997847378,step,2.7216321282854117,0.4807539589255864,4.196600057184696,9.717899840325117,124371.0,221497.0,0.0,0.0,8.77,5e-05,1e-05,100.0,0.01,-0.032220090004842925,0.0,0.2269791086021133,-0.03348267528810765,0.0,0.22456805907043653,0.0033474060475540473,0.0,0.006251561122866572,-0.3080133510005071,0.0,-0.7138868388566768,0.1213703372503347,0.0,0.26187175745229674,-0.05422040582272626,0.0,-0.08377649956284215,0.5372377597540943,-2.238293529586627,-1.8760480215301258,-0.22490506098158836,0.0607769988121499,0.05613118606108363,-0.12374,0.03766,0.0269,0.0009809817884237444,0.0,0.002210767605181685,0.00028160349484098336,0.0,0.0002002819264950717
96,0.9600496999919415,step,2.6088620463598042,0.42750329769999695,4.269399913027883,10.010700207203627,124371.0,221497.0,0.0,0.0,8.77,5e-05,1e-05,100.0,0.01,-0.03213841517960947,0.0,0.22680393159310797,-0.03348267528810765,0.0,0.22456805907043653,0.0033390042690714964,0.0,0.006247643863927041,-0.3191467056680184,0.0,-0.6934380886017831,0.12375702338146924,0.0,0.26650293448009343,-0.05751687640147173,0.0,-0.08218112502238933,0.5372377597540943,-2.238293529586627,-1.8775820023180116,-0.22511793055778945,0.06068277061598085,0.056469540843555203,-0.12643000000000001,0.0269,0.02959,0.0010447309786741003,0.0,0.0020272184287437574,0.00029952912982408224,0.0,0.00020865409392767636
97,0.9700391998048872,step,2.7216321282854117,0.4870828610864823,4.204200115054846,9.989499812945724,124371.0,221497.0,0.0,0.0,8.77,5e-05,1e-05,100.0,0.01,-0.032220090004842925,0.0,0.2269791086021133,-0.03348267528810765,0.0,0.22456805907043653,0.0033474060475540473,0.0,0.006251561122866572,-0.31265531021284737,0.0,-0.7235974581319741,0.12589251901420545,0.0,0.27160496465373596,-0.056207770084688476,0.0,-0.08669872167351277,0.5372377597540943,-2.238293529586627,-1.8760480215301258,-0.2253648623599781,0.060218879714650286,0.0558570521701803,-0.12374,0.03766,0.03497,0.0009398287051907223,0.0,0.0022453964964538747,0.00032275657807400544,0.0,0.00016565303522288188
98,0.9800565999466926,step,2.7216321282854117,0.4954463470865036,4.209200153127313,10.01740014180541,124371.0,221497.0,0.0,0.0,8.77,5e-05,1e-05,100.0,0.01,-0.032220090004842925,0.0,0.2269791086021133,-0.03348267528810765,0.0,0.22456805907043653,0.0033474060475540473,0.0,0.006251561122866572,-0.3147901599051876,0.0,-0.7287017158189247,0.1280225157315279,0.0,0.27672913040524516,-0.05717414926966971,0.0,-0.08821271872030258,0.5372377597540943,-2.238293529586627,-1.8760480215301258,-0.22550113606094352,0.06000632807074753,0.055721777506154674,-0.12643000000000001,0.03497,0.02959,0.0009422384107596671,0.0,0.0022667573874200824,0.0003203468725050606,0.0,0.00014429214425667417
99,0.9903095997869968,step,2.7216321282854117,0.5098682873983206,3.9696001913398504,10.252999840304255,124371.0,221497.0,0.0,0.0,8.77,5e-05,1e-05,100.0,0.01,-0.032220090004842925,0.0,0.2269791086021133,-0.03348267528810765,0.0,0.22456805907043653,0.0033474060475540473,0.0,0.006251561122866572,-0.31692015667225143,0.0,-0.7338258820322451,0.13016217300123611,0.0,0.28190591729079734,-0.05816101311342551,0.0,-0.0897633045522362,0.5372377597540943,-2.238293529586627,-1.8760480215301258,-0.2257349821828573,0.05973534038188953,0.05559709879503414,-0.12374,0.02959,0.02959,0.0009511611954109177,0.0,0.00230128388885424,0.0003114240878538101,0.0,0.00010976564282251652
100,1.0003239999059588,step,2.9484275785723906,0.6284374144262023,4.038400016725063,10.01440011896193,124371.0,221497.0,0.0,0.0,8.77,5e-05,1e-05,100.0,0.01,-0.032112874968539803,0.0,0.22717897313845908,-0.03348267528810765,0.0,0.22456805907043653,0.0033569918796485364,0.0,0.006246418912093728,-0.3310210891423352,0.0,-0.7679671818505753,0.13256499722068865,0.0,0.28760995443256504,-0.06115357098529146,0.0,-0.09486889291750447,0.5372377597540943,-2.2367595487987413,-1.8760480215301258,-0.226826941267607,0.058319689962652674,0.055378174239752734,-0.12643000000000001,0.040350000000000004,0.03228,0.0010731516136578188,0.0,0.002547542435062869,0.0002966487059100299,0.0,6.337163295968293e-05
101,1.0104840998537838,step,2.9484275785723906,0.6364309275931079,5.854800110682845,10.160099947825074,124371.0,221497.0,0.0,0.0,8.77,5e-05,1e-05,100.0,0.01,-0.032112874968539803,0.0,0.22717897313845908,-0.03348267528810765,0.0,0.22456805907043653,0.0033569918796485364,0.0,0.006246418912093728,-0.3334247720547708,0.0,-0.773673756414036,0.13495625111995221,0.0,0.2933309822891845,-0.06222174883829324,0.0,-0.09654522035449153,0.5372377597540943,-2.2367595487987413,-1.8760480215301258,-0.2269852304412393,0.058040281666975974,0.0551835012714339,-0.12374,0.03228,0.03228,0.0010727531170301036,0.0,0.0025665407038937445,0.0002970472025377452,0.0,4.43733641288073e-05
102,1.02038719994016,step,2.9484275785723906,0.6510997609574848,4.076499957591295,9.903100086376071,124371.0,221497.0,0.0,0.0,8.77,5e-05,1e-05,100.0,0.01,-0.032112874968539803,0.0,0.22717897313845908,-0.03348267528810765,0.0,0.22456805907043653,0.0033569918796485364,0.0,0.006246418912093728,-0.3358160273407558,0.0,-0.7793947848885355,0.13735111785874343,0.0,0.2990982966362048,-0.06328012525801513,0.0,-0.09821318648778822,0.5372377597540943,-2.2367595487987413,-1.8760480215301258,-0.22723627669401075,0.0577489702364016,0.055048893226464196,-0.12374,0.03497,0.03228,0.0010789486617200864,0.0,0.0025983224851907024,0.00029085165784776233,0.0,1.2591582831849354e-05
103,1.0303566998336464,step,2.9484275785723906,0.6699178094204286,4.989699926227331,9.9694998934865,124371.0,221497.0,0.0,0.0,8.77,5e-05,1e-05,100.0,0.01,-0.032112874968539803,0.0,0.22717897313845908,-0.03348267528810765,0.0,0.22456805907043653,0.0016784959398242682,0.0,0.003123209456046864,-0.3132874775933104,0.0,-0.7319088759239883,0.13975908379623472,0.0,0.3049290830535129,-0.05955451811772096,0.0,-0.09315513634411297,0.5372377597540943,-2.2367595487987413,-1.8760480215301258,-0.22649766115920997,0.058766596844151975,0.05535097149860038,-0.12374,0.03497,0.02959,0.0010892553247108289,0.0,0.002637585130843417,0.0002805449948570199,0.0,-2.6671062820865076e-05
104,1.0401043999008834,step,2.9484275785723906,0.690706275397753,4.404100123792887,9.74770006723702,124371.0,221497.0,0.0,0.0,8.77,5e-05,1e-05,100.0,0.01,-0.032112874968539803,0.0,0.22717897313845908,-0.03348267528810765,0.0,0.22456805907043653,0.0016784959398242682,0.0,0.003123209456046864,-0.3156950234684112,0.0,-0.7377380587481662,0.14218490026219385,0.0,0.3108305016439089,-0.06057746680295894,0.0,-0.09478642433287762,0.5372377597540943,-2.2367595487987413,-1.8760480215301258,-0.2267411489474379,0.058482541996457506,0.055218679504608126,-0.12374,0.02959,0.02959,0.0011015795535367202,0.0,0.0026798738269225896,0.0002682207660311285,0.0,-6.895975890003781e-05
105,1.0502934998366982,step,2.9484275785723906,0.7129828721442827,3.927400102838874,10.189099935814738,124371.0,221497.0,0.0,0.0,8.77,5e-05,1e-05,100.0,0.01,-0.032112874968539803,0.0,0.22717897313845908,-0.03348267528810765,0.0,0.22456805907043653,0.0016784959398242682,0.0,0.003123209456046864,-0.31812083818520404,0.0,-0.7436394760597725,0.14463215659529619,0.0,0.31680734430407714,-0.06163811286904726,0.0,-0.09648183903408775,0.5372377597540943,-2.2367595487987413,-1.8760480215301258,-0.2269937866074262,0.05818749686518282,0.05508105379044982,-0.12643000000000001,0.03497,0.02959,0.0011154201256266573,0.0,0.0027241488767155157,0.00025438019394119146,0.0,-0.00011323480869296397
106,1.0600685998797417,step,2.9484275785723906,0.736319991132085,4.174399888142943,9.775100043043494,124371.0,221497.0,0.0,0.0,8.77,5e-05,1e-05,100.0,0.01,-0.032112874968539803,0.0,0.22717897313845908,-0.03348267528810765,0.0,0.22456805907043653,0.0016784959398242682,0.0,0.003123209456046864,-0.320568092868006,0.0,-0.7496163178782812,0.14710345359377977,0.0,0.3228624223536409,-0.06268722628086733,0.0,-0.09816380924350497,0.5372377597540943,-2.2367595487987413,-1.8760480215301258,-0.22724389740860346,0.05789500992279533,0.05494435403959831,-0.12374,0.03228,0.03228,0.001130345567261087,0.0,0.0027695297800887785,0.00023945475230676186,0.0,-0.0001586157120662267
107,1.0703174998052418,step,2.8351729258248404,0.6956674118654387,4.11920016631484,10.248899925500154,124371.0,221497.0,0.0,0.0,8.77,5e-05,1e-05,100.0,0.01,-0.03203146895746163,0.0,0.22700367104799435,-0.03348267528810765,0.0,0.22456805907043653,0.0,0.0,0.0,-0.30708983150896907,0.0,-0.6769363627224714,0.14977620250980467,0.0,0.3286063448232686,-0.06140070120919306,0.0,-0.08946286918600876,0.5372377597540943,-2.2367595487987413,-1.8775820023180116,-0.22666474362299188,0.059080169268490274,0.05584555548384638,-0.12643000000000001,0.03497,0.0269,0.0012265956548639472,0.0,0.002636038986258125,0.00022461067578207383,0.0,-0.00020042700870030825
108,1.0803499999456108,step,2.9484275785723906,0.790339740574635,3.902000142261386,10.032500140368938,124371.0,221497.0,0.0,0.0,8.77,5e-05,1e-05,100.0,0.01,-0.032112874968539803,0.0,0.22717897313845908,-0.03348267528810765,0.0,0.22456805907043653,0.0,0.0,0.0,-0.30078895171247355,0.0,-0.7081582622574448,0.1522590613549424,0.0,0.33486247232786265,-0.05988487580545059,0.0,-0.09453461205266699,0.5372377597540943,-2.2367595487987413,-1.8760480215301258,-0.22671682785167824,0.0586626090436836,0.05512981418383426,-0.12374,0.03766,0.0269,0.0011431027501467193,0.0,0.002880307339974145,0.00022669756942112949,0.0,-0.00026939327195159334
109,1.0900137999560684,step,2.8351729258248404,0.7402019209426745,4.141600104048848,9.663800010457635,124371.0,221497.0,0.0,0.0,8.77,5e-05,1e-05,100.0,0.01,-0.03203146895746163,0.0,0.22700367104799435,-0.03348267528810765,0.0,0.22456805907043653,0.0,0.0,0.0,-0.31224501932552573,0.0,-0.6889348063690736,0.15494066363724063,0.0,0.34077662282134813,-0.06357253225837253,0.0,-0.09272760562486378,0.5372377597540943,-2.2367595487987413,-1.8775820023180116,-0.22717228443785406,0.058503610186896725,0.05558804307586211,-0.12374,0.03497,0.02152,0.0012383795296440423,0.0,0.002731189093443684,0.00021282680100197866,0.0,-0.0002955771158858673
110,1.1000282999593765,step,2.9484275785723906,0.8315189154355027,4.726000130176544,10.014500003308058,124371.0,221497.0,0.0,0.0,8.77,5e-05,1e-05,100.0,0.01,-0.032112874968539803,0.0,0.22717897313845908,-0.03348267528810765,0.0,0.22456805907043653,0.0,0.0,0.0,-0.30595341178308766,0.0,-0.720328537865254,0.15743221604328847,0.0,0.34717067227776444,-0.062022453222521784,0.0,-0.09791084436170416,0.5372377597540943,-2.2367595487987413,-1.8760480215301258,-0.22722418995174792,0.05807328001417483,0.05485709430096157,-0.12374,0.03228,0.03497,0.0011539706698463661,0.0,0.0029614249800009327,0.00021582964972148263,0.0,-0.0003505109119783809
111,1.1103116997983307,step,2.9484275785723906,0.8412869299971786,3.878100076690316,10.28339983895421,124371.0,221497.0,0.0,0.0,8.77,5e-05,1e-05,100.0,0.01,-0.032112874968539803,0.0,0.22717897313845908,-0.03348267528810765,0.0,0.22456805907043653,0.0,0.0,0.0,-0.3084443136430577,0.0,-0.7267248143172863,0.1599438486509404,0.0,0.3535791932345013,-0.06310510442406257,0.0,-0.09970658726705221,0.5372377597540943,-2.2367595487987413,-1.8760480215301258,-0.22748494317577878,0.05776362814847279,0.05470916492876513,-0.12374,0.03228,0.0269,0.0011665094311768816,0.0,0.0029763907799067045,0.0002032908883909672,0.0,-0.00036547671188415275
112,1.1202947997953743,step,2.9484275785723906,0.8497660304867103,3.9576999843120575,9.98309999704361,124371.0,221497.0,0.0,0.0,8.77,5e-05,1e-05,100.0,0.01,-0.032112874968539803,0.0,0.22717897313845908,-0.03348267528810765,0.0,0.22456805907043653,0.0,0.0,0.0,-0.3109559443302238,0.0,-0.7331333358212747,0.16247197800942928,0.0,0.3599984714766068,-0.0641846194398873,0.0,-0.1014929277402308,0.5372377597540943,-2.2367595487987413,-1.8760480215301258,-0.2277447557590944,0.057455420346584574,0.05456214428379977,-0.12912,0.0269,0.0269,0.001177290407449045,0.0,0.0029893069639816126,0.00019250991211880366,0.0,-0.0003783928959590608
113,1.1302913997787982,step,2.9484275785723906,0.8570791793412578,3.889200044795871,9.996599983423948,124371.0,221497.0,0.0,0.0,8.77,5e-05,1e-05,100.0,0.01,-0.032112874968539803,0.0,0.22717897313845908,-0.03348267528810765,0.0,0.22456805907043653,0.0,0.0,0.0,-0.31348407241873244,0.0,-0.7395526139436256,0.1650134371420037,0.0,0.3664252692147758,-0.06527784457417905,0.0,-0.103297707601531,0.5372377597540943,-2.2367595487987413,-1.8760480215301258,-0.2280076806554192,0.05714385142375293,0.05441374202340836,-0.12643000000000001,0.03497,0.0269,0.0011864979178132428,0.0,0.00300039533857076,0.00018330240175460592,0.0,-0.0003894812705482081
114,1.1403037998825312,step,2.9484275785723906,0.8633440313837368,3.8454001769423485,10.012400103732944,124371.0,221497.0,0.0,0.0,8.77,5e-05,1e-05,100.0,0.01,-0.032112874968539803,0.0,0.22717897313845908,-0.03348267528810765,0.0,0.22456805907043653,0.0,0.0,0.0,-0.3160255305252443,0.0,-0.7459794115979146,0.1675654408307565,0.0,0.3728567819374621,-0.06638431206391966,0.0,-0.10512077435525186,0.5372377597540943,-2.2367595487987413,-1.8760480215301258,-0.22827363270370687,0.056828973980937086,0.05426395079841835,-0.12643000000000001,0.0269,0.0269,0.0011943029727803987,0.0,0.003009860368945247,0.00017549734678745004,0.0,-0.00039894630092269503
115,1.1502642999403179,step,2.9484275785723906,0.8686719845264755,3.937500063329935,9.960500057786703,124371.0,221497.0,0.0,0.0,8.77,5e-05,1e-05,100.0,0.01,-0.032112874968539803,0.0,0.22717897313845908,-0.03348267528810765,0.0,0.22456805907043653,0.0,0.0,0.0,-0.31857753340232026,0.0,-0.7524109242680044,0.1701255523992645,0.0,0.3792905975919274,-0.06749951282222351,0.0,-0.1069555177056065,0.5372377597540943,-2.2367595487987413,-1.8760480215301258,-0.22854156422574695,0.05651196453410791,0.05411328740196344,-0.12643000000000001,0.0269,0.0269,0.001200863505758302,0.0,0.00301788973467534,0.00016893681380954683,0.0,-0.00040697566665278805
116,1.1603430998511612,step,3.133863152271814,0.9643050978317315,3.880599979311228,10.078799910843372,124371.0,221497.0,0.0,0.0,8.77,5e-05,1e-05,100.0,0.01,-0.03185560684516085,0.0,0.22724644413221046,-0.03348267528810765,0.0,0.22456805907043653,0.0,0.0,0.0,-0.3494978110505845,0.0,-0.7686522841622021,0.17324193051371023,0.0,0.3858692259342435,-0.07533346866737302,0.0,-0.10987925164094,0.53877174054198,-2.2367595487987413,-1.8760480215301258,-0.23102266278939432,0.05527466338848515,0.054158010854856366,-0.12643000000000001,0.02959,0.0269,0.0014650108592760339,0.0,0.0030926163664027535,0.00016205758367076576,0.0,-0.0004142313046288288
117,1.1700919999275357,step,2.9484275785723906,0.8625151629345786,6.71899993903935,9.748900076374412,124371.0,221497.0,0.0,0.0,8.77,5e-05,1e-05,100.0,0.01,-0.032112874968539803,0.0,0.22717897313845908,-0.03348267528810765,0.0,0.22456805907043653,0.0,0.0,0.0,-0.3242560829856498,0.0,-0.7654242260922086,0.17571736971034144,0.0,0.39227763218816514,-0.06989232183961547,0.0,-0.11067861724731035,0.5372377597540943,-2.2367595487987413,-1.8760480215301258,-0.2291070246093426,0.05585959579291941,0.05381443607616568,-0.12912,0.0269,0.0269,0.001166152725345832,0.0,0.003018931116669782,0.0002036475942220168,0.0,-0.00040801704864723044
118,1.1800744999200106,step,2.9484275785723906,0.8682816865934082,6.011300021782517,9.982499992474914,124371.0,221497.0,0.0,0.0,8.77,5e-05,1e-05,100.0,0.01,-0.032112874968539803,0.0,0.22717897313845908,-0.03348267528810765,0.0,0.22456805907043653,0.0,0.0,0.0,-0.3267294693606523,0.0,-0.7718317750493486,0.17821259423197902,0.0,0.3986879640589331,-0.07101851541848209,0.0,-0.11256056885713382,0.5372377597540943,-2.2367595487987413,-1.8760480215301258,-0.22937888188829453,0.055535668623513425,0.05365895824583911,-0.12912,0.03228,0.0269,0.0011778332618171256,0.0,0.0030259008883584213,0.00019196705775072318,0.0,-0.00041498682033586955
119,1.1902329998556525,step,2.9484275785723906,0.87318270441007,4.051099997013807,10.158499935641885,124371.0,221497.0,0.0,0.0,8.77,5e-05,1e-05,100.0,0.01,-0.032112874968539803,0.0,0.22717897313845908,-0.03348267528810765,0.0,0.22456805907043653,0.0,0.0,0.0,-0.3292246911745008,0.0,-0.7782421066258832,0.1807241611578911,0.0,0.40509838938589954,-0.07216980385874809,0.0,-0.11447543755900273,0.5372377597540943,-2.2367595487987413,-1.8760480215301258,-0.2296563991154033,0.05520569793381055,0.053501046883634905,-0.12643000000000001,0.0269,0.02959,0.0011878194312910646,0.0,0.003031743923545196,0.00018198088827678415,0.0,-0.0004208298555226442
120,1.2003287998959422,step,2.9484275785723906,0.8773126755098939,4.040899919345975,10.09580004028976,124371.0,221497.0,0.0,0.0,8.77,5e-05,1e-05,100.0,0.01,-0.032112874968539803,0.0,0.22717897313845908,-0.03348267528810765,0.0,0.22456805907043653,0.0,0.0,0.0,-0.3317362568420036,0.0,-0.7846525319517137,0.1832490230645184,0.0,0.4115073605948555,-0.07333062663321481,0.0,-0.11640016007857089,0.5372377597540943,-2.2367595487987413,-1.8760480215301258,-0.22993594973010878,0.054873776565598345,0.053342514170931804,-0.12643000000000001,0.03228,0.0269,0.0011962916853421452,0.0,0.0030366013082722644,0.0001735086342257036,0.0,-0.0004256872402497126
121,1.2102931998670101,step,2.9484275785723906,0.8807600090623973,4.059499828144908,9.964399971067905,124371.0,221497.0,0.0,0.0,8.77,5e-05,1e-05,100.0,0.01,-0.032112874968539803,0.0,0.22717897313845908,-0.03348267528810765,0.0,0.22456805907043653,0.0,0.0,0.0,-0.33426111772524975,0.0,-0.7910615031768955,0.185784495822173,0.0,0.417913584738946,-0.07449601500714462,0.0,-0.11832766690795625,0.5372377597540943,-2.2367595487987413,-1.8760480215301258,-0.23021638872375488,0.05454117301386467,0.05318390504541923,-0.12374,0.02959,0.02959,0.001203417235594437,0.0,0.0030406008216042435,0.00016638308397341176,0.0,-0.0004296867535816917
122,1.2203072998672724,step,2.9484275785723906,0.883606771180491,3.922699950635433,10.01410000026226,124371.0,221497.0,0.0,0.0,8.77,5e-05,1e-05,100.0,0.01,-0.032112874968539803,0.0,0.22717897313845908,-0.03348267528810765,0.0,0.22456805907043653,0.0,0.0,0.0,-0.33679658966612486,0.0,-0.7974677273516386,0.1883282276289715,0.0,0.4243159956933314,-0.07567642858304531,0.0,-0.12027531947417033,0.5372377597540943,-2.2367595487987413,-1.8760480215301258,-0.23050023581420892,0.05420489406313091,0.05302378890909301,-0.12643000000000001,0.024210000000000002,0.0269,0.0012093503156319707,0.0,0.003043857724229355,0.00016045000393587801,0.0,-0.0004329436562068032
123,1.2302955999039114,step,2.9484275785723906,0.885928565857171,4.014300182461739,9.988300036638975,124371.0,221497.0,0.0,0.0,8.77,5e-05,1e-05,100.0,0.01,-0.032112874968539803,0.0,0.22717897313845908,-0.03348267528810765,0.0,0.22456805907043653,0.0,0.0,0.0,-0.33934032083717264,0.0,-0.8038701383485671,0.19087816944566377,0.0,0.43071372846115935,-0.07686669069684915,0.0,-0.12223558548786517,0.5372377597540943,-2.2367595487987413,-1.8760480215301258,-0.23078629071281737,0.05386628303367,0.05286275258849874,-0.12643000000000001,0.024210000000000002,0.02959,0.0012142325590129564,0.0,0.0030464755625827,0.0001555677605548924,0.0,-0.00043556149456014815
124,1.240418299799785,step,2.9484275785723906,0.8877945560856302,3.9715999737381935,10.122699895873666,124371.0,221497.0,0.0,0.0,8.77,5e-05,1e-05,100.0,0.01,-0.032112874968539803,0.0,0.22717897313845908,-0.03348267528810765,0.0,0.22456805907043653,0.0,0.0,0.0,-0.3418902621758348,0.0,-0.810267871168587,0.19343254694735124,0.0,0.43710609553003515,-0.07807637754444466,0.0,-0.12422432111981543,0.5372377597540943,-2.2367595487987413,-1.8760480215301258,-0.23107685860755248,0.053522604583750966,0.052699490762743266,-0.12643000000000001,0.02959,0.0269,0.0012181934678672035,0.0,0.0030485469756798456,0.00015160685170064522,0.0,-0.0004376329076572938
125,1.250291399890557,step,2.9484275785723906,0.8892675954215998,3.9838000666350126,9.873100090771914,124371.0,221497.0,0.0,0.0,8.77,5e-05,1e-05,100.0,0.01,-0.032112874968539803,0.0,0.22717897313845908,-0.03348267528810765,0.0,0.22456805907043653,0.0,0.0,0.0,-0.3444446393360684,0.0,-0.8166602382973296,0.1959898340679651,0.0,0.44349256520394725,-0.0792809094742677,0.0,-0.12620298016219514,0.5372377597540943,-2.2367595487987413,-1.8760480215301258,-0.2313661176236329,0.05318059929604324,0.05253710777975601,-0.12643000000000001,0.03228,0.0269,0.0012213509500484658,0.0,0.0030501544941171485,0.0001484493695193829,0.0,-0.0004392404260945967
126,1.2603031999897212,step,2.9484275785723906,0.8904044442197505,4.012299934402108,10.011800099164248,124371.0,221497.0,0.0,0.0,8.77,5e-05,1e-05,100.0,0.01,-0.032112874968539803,0.0,0.22717897313845908,-0.03348267528810765,0.0,0.22456805907043653,0.0,0.0,0.0,-0.3470019262326962,0.0,-0.8230467080370393,0.19854872817973862,0.0,0.4498727418248959,-0.0805043714021732,0.0,-0.12821038565353268,0.5372377597540943,-2.2367595487987413,-1.8760480215301258,-0.23165981889086246,0.0528335251622221,0.05237244143285879,-0.12912,0.03497,0.024210000000000002,0.0012238119058945185,0.0,0.003051371322674681,0.0001459884136733303,0.0,-0.00044045725465212925
127,1.2702834999654442,step,2.8351729258248404,0.8221062435371795,3.9117999840527773,9.980299975723028,124371.0,221497.0,0.0,0.0,8.77,5e-05,1e-05,100.0,0.01,-0.03203146895746163,0.0,0.22700367104799435,-0.03348267528810765,0.0,0.22456805907043653,0.0,0.0,0.0,-0.3585346799222643,0.0,-0.8039450751910553,0.2012790524889896,0.0,0.4558776288002114,-0.08488505437767405,0.0,-0.12618674773365043,0.5372377597540943,-2.2367595487987413,-1.8775820023180116,-0.23221546530991027,0.0526606926338699,0.052898612620162676,-0.12912,0.03228,0.0269,0.0013075275524757532,0.0,0.00287568591874774,0.00014367877817026775,0.0,-0.00044007394118992333
128,1.280290899798274,step,2.9484275785723906,0.9039415435052018,3.9108998607844114,10.007399832829833,124371.0,221497.0,0.0,0.0,8.77,5e-05,1e-05,100.0,0.01,-0.032112874968539803,0.0,0.22717897313845908,-0.03348267528810765,0.0,0.22456805907043653,0.0,0.0,0.0,-0.3522917968839549,0.0,-0.8354295428321442,0.2038086303757483,0.0,0.46230599800687916,-0.08303026680668657,0.0,-0.1322022384318979,0.5372377597540943,-2.2367595487987413,-1.8760480215301258,-0.23225945054111974,0.05213683944452137,0.052049917294518695,-0.12912,0.02959,0.0269,0.0012129224683222369,0.0,0.003082377295537255,0.0001568778512456119,0.0,-0.00047146322751470335
129,1.2902982998639345,step,2.9484275785723906,0.9018645304227391,3.935599932447076,10.007400065660477,124371.0,221497.0,0.0,0.0,8.77,5e-05,1e-05,100.0,0.01,-0.032112874968539803,0.0,0.22717897313845908,-0.03348267528810765,0.0,0.22456805907043653,0.0,0.0,0.0,-0.35482072504845974,0.0,-0.8418601396636469,0.20634233826851842,0.0,0.4687151566550066,-0.08427349896947146,0.0,-0.13426388620796653,0.5372377597540943,-2.2367595487987413,-1.8760480215301258,-0.23255885964415768,0.05178131713242998,0.051880097419346835,-0.12912,0.02959,0.0269,0.0012163685946577026,0.0,0.003076873746972398,0.0001534317249101461,0.0,-0.00046595967894984616
130,1.3003084999509156,step,2.9484275785723906,0.899947220875403,3.8554000202566385,10.010200086981058,124371.0,221497.0,0.0,0.0,8.77,5e-05,1e-05,100.0,0.01,-0.032112874968539803,0.0,0.22717897313845908,-0.03348267528810765,0.0,0.22456805907043653,0.0,0.0,0.0,-0.3573544322483166,0.0,-0.848269299234742,0.20887890923302496,0.0,0.4751066742594889,-0.08552776940691179,0.0,-0.13633812502046888,0.5372377597540943,-2.2367595487987413,-1.8760480215301258,-0.23286067506057126,0.051423382386827955,0.0517094229551483,-0.13181,0.03228,0.0269,0.0012191461266793592,0.0,0.003071940048254608,0.00015065419288848953,0.0,-0.00046102598023205644
131,1.3103180998004973,step,2.9484275785723906,0.8981897649626677,5.445600021630526,10.009599849581718,124371.0,221497.0,0.0,0.0,8.77,5e-05,1e-05,100.0,0.01,-0.032112874968539803,0.0,0.22717897313845908,-0.03348267528810765,0.0,0.22456805907043653,0.0,0.0,0.0,-0.35989100299227855,0.0,-0.8546608170362866,0.21141725584713544,0.0,0.4814820354954497,-0.08679230621263348,0.0,-0.1384251859293685,0.5372377597540943,-2.2367595487987413,-1.8760480215301258,-0.23316477755061157,0.051063059143216995,0.051537826590954045,-0.12912,0.02959,0.03228,0.001221341906314524,0.0,0.003067546331965689,0.00014845841325332476,0.0,-0.0004566322639431371
132,1.3204267998225987,step,2.9484275785723906,0.8965902482052465,4.37680003233254,10.108700022101402,124371.0,221497.0,0.0,0.0,8.77,5e-05,1e-05,100.0,0.01,-0.032112874968539803,0.0,0.22717897313845908,-0.03348267528810765,0.0,0.22456805907043653,0.0,0.0,0.0,-0.3624293494696944,0.0,-0.8610361784524939,0.21395645220701048,0.0,0.4878426378951838,-0.08807345650540586,0.0,-0.14053587835480477,0.5372377597540943,-2.2367595487987413,-1.8760480215301258,-0.2334727082272355,0.05069849535112454,0.0513644088706669,-0.13181,0.0269,0.024210000000000002,0.0012230345481203924,0.0,0.003063660851386471,0.00014676577144745635,0.0,-0.00045274678336391927
133,1.3304659998975694,step,2.9484275785723906,0.8951450591223696,4.081499995663762,10.039200074970722,124371.0,221497.0,0.0,0.0,8.77,5e-05,1e-05,100.0,0.01,-0.032112874968539803,0.0,0.22717897313845908,-0.03348267528810765,0.0,0.22456805907043653,0.0,0.0,0.0,-0.3649685457641431,0.0,-0.8673967810168922,0.21649571711837012,0.0,0.4941897910018179,-0.08935976904948706,0.0,-0.14265254937043131,0.5372377597540943,-2.2367595487987413,-1.8760480215301258,-0.23378176823765967,0.050332791597896206,0.05119058117892989,-0.12912,0.024210000000000002,0.02959,0.001224294918344089,0.0,0.003060250728327208,0.0001455054012237597,0.0,-0.00044933666030465627
134,1.3404668997973204,step,2.9484275785723906,0.893849216279347,4.10420005209744,10.000899899750948,124371.0,221497.0,0.0,0.0,8.77,5e-05,1e-05,100.0,0.01,-0.032112874968539803,0.0,0.22717897313845908,-0.03348267528810765,0.0,0.22456805907043653,0.0,0.0,0.0,-0.36750781067021054,0.0,-0.873743934273572,0.21903439846997338,0.0,0.50052471672957,-0.09065302595762816,0.0,-0.1447785847043047,0.5372377597540943,-2.2367595487987413,-1.8760480215301258,-0.23409240575891865,0.04996538219792655,0.05101605087750258,-0.12912,0.024210000000000002,0.0269,0.0012251866257635032,0.0,0.0030572825817408718,0.0001446136938043456,0.0,-0.00044636851371832
135,1.3502977997995913,step,2.9484275785723906,0.8926966577700268,4.108699969947338,9.830900002270937,124371.0,221497.0,0.0,0.0,8.77,5e-05,1e-05,100.0,0.01,-0.032112874968539803,0.0,0.22717897313845908,-0.03348267528810765,0.0,0.22456805907043653,0.0,0.0,0.0,-0.3700464920667156,0.0,-0.8800788601377271,0.22157195877226227,0.0,0.5068485507108107,-0.09194400606282004,0.0,-0.14689973665393197,0.5372377597540943,-2.2367595487987413,-1.8760480215301258,-0.23440244608807834,0.04959876815996876,0.0508419582170999,-0.12912,0.02959,0.0269,0.0012257665160740137,0.0,0.0030547230504922094,0.00014403380349383506,0.0,-0.0004438089824696577
136,1.3603191999718547,step,2.9484275785723906,0.8916804959571288,3.9266999810934067,10.021400172263384,124371.0,221497.0,0.0,0.0,8.77,5e-05,1e-05,100.0,0.01,-0.032112874968539803,0.0,0.22717897313845908,-0.03348267528810765,0.0,0.22456805907043653,0.0,0.0,0.0,-0.3725840524552781,0.0,-0.8864026942427204,0.22410796183277784,0.0,0.5131623444375611,-0.0932570151155836,0.0,-0.14905526718846268,0.5372377597540943,-2.2367595487987413,-1.8760480215301258,-0.23471769674676418,0.04922613485340783,0.05066510251254824,-0.13181,0.02152,0.0269,0.0012260851630237868,0.0,0.00305253922256211,0.000143715156544062,0.0,-0.0004416251545395584
137,1.370354199782014,step,2.9484275785723906,0.8907932401814269,3.977400017902255,10.034999810159206,124371.0,221497.0,0.0,0.0,8.77,5e-05,1e-05,100.0,0.01,-0.032112874968539803,0.0,0.22717897313845908,-0.03348267528810765,0.0,0.22456805907043653,0.0,0.0,0.0,-0.3751200556356472,0.0,-0.8927164880814779,0.2266420605310057,0.0,0.5194670680298659,-0.0945799622509465,0.0,-0.15122625150576252,0.5372377597540943,-2.2367595487987413,-1.8760480215301258,-0.23503529552372263,0.048850793281610516,0.05048700666110036,-0.12912,0.02152,0.02959,0.0012261873507479972,0.0,0.0030506989819507778,0.0001436129688198516,0.0,-0.000439784913928226
138,1.3803186998702586,step,2.9484275785723906,0.8900269900455088,4.188099876046181,9.964500088244677,124371.0,221497.0,0.0,0.0,8.77,5e-05,1e-05,100.0,0.01,-0.032112874968539803,0.0,0.22717897313845908,-0.03348267528810765,0.0,0.22456805907043653,0.0,0.0,0.0,-0.37765415448044687,0.0,-0.8990212117749684,0.22917398564842573,0.0,0.5257636134858441,-0.09590689975564029,0.0,-0.15340351431085741,0.5372377597540943,-2.2367595487987413,-1.8760480215301258,-0.2353538403638601,0.048474354714511586,0.050308404466692665,-0.13181,0.024210000000000002,0.03228,0.0012261125428471012,0.0,0.003049171283568035,0.0001436877767207476,0.0,-0.00043825721554548343
139,1.390292099909857,step,2.9484275785723906,0.8893736017749688,4.023200133815408,9.973400039598346,124371.0,221497.0,0.0,0.0,8.77,5e-05,1e-05,100.0,0.01,-0.032112874968539803,0.0,0.22717897313845908,-0.03348267528810765,0.0,0.22456805907043653,0.0,0.0,0.0,-0.3801860797651622,0.0,-0.9053177573221876,0.2317035357044351,0.0,0.5320527982883217,-0.09724318084776336,0.0,-0.15559590604689427,0.5372377597540943,-2.2367595487987413,-1.8760480215301258,-0.23567461930778244,0.04809529180081203,0.05012856776557554,-0.12912,0.0269,0.0269,0.0012258953347098948,0.0,0.00304792636546945,0.0001439049848579539,0.0,-0.00043701229744689835
140,1.4002963998354971,step,2.9484275785723906,0.8888248300562734,3.9993999525904655,10.004299925640225,124371.0,221497.0,0.0,0.0,8.77,5e-05,1e-05,100.0,0.01,-0.032112874968539803,0.0,0.22717897313845908,-0.03348267528810765,0.0,0.22456805907043653,0.0,0.0,0.0,-0.38271563000397385,0.0,-0.9116069422067765,0.23423056774522533,0.0,0.5383353692609497,-0.0985902829916073,0.0,-0.15780604645168536,0.5372377597540943,-2.2367595487987413,-1.8760480215301258,-0.23599799565935156,0.04771315993911879,0.0499472753468972,-0.12912,0.02959,0.024210000000000002,0.0012255658864114248,0.0,0.0030469359069162523,0.00014423443315642395,0.0,-0.0004360218388937006
141,1.410306799924001,step,2.9484275785723906,0.888372447644273,4.211300052702427,10.010400088503957,124371.0,221497.0,0.0,0.0,8.77,5e-05,1e-05,100.0,0.01,-0.032112874968539803,0.0,0.22717897313845908,-0.03348267528810765,0.0,0.22456805907043653,0.0,0.0,0.0,-0.3852426622385738,0.0,-0.9178895132531996,0.23675498903039574,0.0,0.5446120065827874,-0.09994642417810382,0.0,-0.1600313037178417,0.5372377597540943,-2.2367595487987413,-1.8760480215301258,-0.23632355451652637,0.04732842661882029,0.0497647336662739,-0.12912,0.024210000000000002,0.024210000000000002,0.0012251503342311004,0.0,0.003046173139907462,0.00014464998533674834,0.0,-0.00043525907188491026
142,1.4203123999759555,step,2.9484275785723906,0.8880083449223314,4.542300011962652,10.005600051954389,124371.0,221497.0,0.0,0.0,8.77,5e-05,1e-05,100.0,0.01,-0.032112874968539803,0.0,0.22717897313845908,-0.03348267528810765,0.0,0.22456805907043653,0.0,0.0,0.0,-0.3877670837246915,0.0,-0.9241661506412309,0.23927674956087158,0.0,0.5508833278846247,-0.10131078262113716,0.0,-0.16227054773197822,0.5372377597540943,-2.2367595487987413,-1.8760480215301258,-0.2366511082305044,0.04694129654286942,0.04958102837923628,-0.13181,0.0269,0.024210000000000002,0.001224671179448981,0.0,0.003045612921055312,0.00014512914011886782,0.0,-0.00043469885303276017
143,1.4304934998508543,step,2.9484275785723906,0.887724611484076,4.063499858602881,10.181099874898791,124371.0,221497.0,0.0,0.0,8.77,5e-05,1e-05,100.0,0.01,-0.032112874968539803,0.0,0.22717897313845908,-0.03348267528810765,0.0,0.22456805907043653,0.0,0.0,0.0,-0.3902888444599658,0.0,-0.9304374720023745,0.24179583539138544,0.0,0.5571498923629866,-0.10269625569018999,0.0,-0.16454459890279757,0.5372377597540943,-2.2367595487987413,-1.8760480215301258,-0.2369837378670429,0.04654815537841713,0.04939446261228324,-0.13181,0.0269,0.0269,0.0012241476535988396,0.0,0.003045231769950363,0.00014565266596900913,0.0,-0.00043431770192781105
144,1.4405041998252273,step,2.9484275785723906,0.8875136016881263,3.8206998724490404,10.010699974372983,124371.0,221497.0,0.0,0.0,8.77,5e-05,1e-05,100.0,0.01,-0.032112874968539803,0.0,0.22717897313845908,-0.03348267528810765,0.0,0.22456805907043653,0.0,0.0,0.0,-0.3928079304963507,0.0,-0.9367040365338045,0.24431226267121992,0.0,0.5634122048589447,-0.10407806550180766,0.0,-0.16681389388455267,0.5372377597540943,-2.2367595487987413,-1.8760480215301258,-0.23731554344316275,0.046155890052820905,0.049208246489939836,-0.12912,0.02152,0.024210000000000002,0.0012235960597951233,0.0,0.0030450078794902044,0.0001462042597727255,0.0,-0.0004340938114676526
145,1.4502230999059975,step,2.9484275785723906,0.887367986016572,4.098600009456277,9.718900080770254,124371.0,221497.0,0.0,0.0,8.77,5e-05,1e-05,100.0,0.01,-0.032112874968539803,0.0,0.22717897313845908,-0.03348267528810765,0.0,0.22456805907043653,0.0,0.0,0.0,-0.3953243579808156,0.0,-0.9429663490771986,0.24682607235795595,0.0,0.5696707198586868,-0.10544713076454118,0.0,-0.16906395981508893,0.5372377597540943,-2.2367595487987413,-1.8760480215301258,-0.23764436377768006,0.0457670211087843,0.049023553413865696,-0.1345,0.024210000000000002,0.024210000000000002,0.001223030090116472,0.0,0.003044921103024423,0.0001467702294513768,0.0,-0.00043400703500187134
146,1.4602328999899328,step,3.133863152271814,0.9794099389492312,3.99719993583858,10.00980008393526,124371.0,221497.0,0.0,0.0,8.77,5e-05,1e-05,100.0,0.01,-0.03185560684516085,0.0,0.22724644413221046,-0.03348267528810765,0.0,0.22456805907043653,0.0,0.0,0.0,-0.42619833457290357,0.0,-0.9590324083847278,0.24986873416863187,0.0,0.5760654557191855,-0.11523856244855893,0.0,-0.17269443266188658,0.53877174054198,-2.2367595487987413,-1.8760480215301258,-0.2404713982569272,0.04429945068481657,0.04907909415418177,-0.13181,0.0269,0.024210000000000002,0.0014811472510436053,0.0,0.0031129142935617847,0.00014592119190319432,0.0,-0.0004345292317878601
147,1.4703003999311477,step,2.9484275785723906,0.872780273589681,4.016099963337183,10.067499941214919,124371.0,221497.0,0.0,0.0,8.77,5e-05,1e-05,100.0,0.01,-0.032112874968539803,0.0,0.22717897313845908,-0.03348267528810765,0.0,0.22456805907043653,0.0,0.0,0.0,-0.40088289231392527,0.0,-0.9556204579287786,0.2522862304241747,0.0,0.5822943027292793,-0.10842043529237859,0.0,-0.17370037812519307,0.5372377597540943,-2.2367595487987413,-1.8760480215301258,-0.23834745016903125,0.04495507298101572,0.04865104672017376,-0.12912,0.02152,0.0269,0.001177441721953818,0.0,0.0030337603760650996,0.00019235859761403086,0.0,-0.0004228463080425478
148,1.480187399778515,step,2.9484275785723906,0.8754835894819976,4.17339988052845,9.886999847367406,124371.0,221497.0,0.0,0.0,8.77,5e-05,1e-05,100.0,0.01,-0.032112874968539803,0.0,0.22717897313845908,-0.03348267528810765,0.0,0.22456805907043653,0.0,0.0,0.0,-0.40329833453470393,0.0,-0.9618484475937149,0.25471777698114123,0.0,0.5885251175701751,-0.10979912043436489,0.0,-0.1760114530511065,0.5372377597540943,-2.2367595487987413,-1.8760480215301258,-0.23868057483720911,0.04455758503372042,0.048459888772269394,-0.1345,0.01883,0.0269,0.001184881696570635,0.0,0.0030362480366851537,0.00018491862299721377,0.0,-0.0004253339686626019
149,1.4902960998006165,step,2.9484275785723906,0.8779064130633032,3.9562000893056393,10.108700022101402,124371.0,221497.0,0.0,0.0,8.77,5e-05,1e-05,100.0,0.01,-0.032112874968539803,0.0,0.22717897313845908,-0.03348267528810765,0.0,0.22456805907043653,0.0,0.0,0.0,-0.4057298788248368,0.0,-0.968079262139916,0.2571615029863666,0.0,0.5947575985402703,-0.11120805347980946,0.0,-0.178364595217277,0.5372377597540943,-2.2367595487987413,-1.8760480215301258,-0.2390206271496889,0.044152501192877294,0.04826552426100378,-0.1345,0.024210000000000002,0.024210000000000002,0.0011913898522284893,0.0,0.0030385217352932436,0.00017841046733935943,0.0,-0.0004276076672706918
150,1.5003104999195784,step,2.9484275785723906,0.8800687770176466,4.090800182893872,10.01440011896193,124371.0,221497.0,0.0,0.0,8.77,5e-05,1e-05,100.0,0.01,-0.032112874968539803,0.0,0.22717897313845908,-0.03348267528810765,0.0,0.22456805907043653,0.0,0.0,0.0,-0.4081736038921109,0.0,-0.9743117430913326,0.2596157119730191,0.0,0.6009914653197829,-0.11262268543481926,0.0,-0.1807221041379068,0.5372377597540943,-2.2367595487987413,-1.8760480215301258,-0.23936182767956626,0.04374644975035955,0.04807096247573696,-0.1345,0.0269,0.024210000000000002,0.001197050706327754,0.0,0.0030405946160872717,0.0001727496132400948,0.0,-0.0004296805480647199
151,1.5102985999546945,step,2.9484275785723906,0.8819905840815259,7.032100111246109,9.988100035116076,124371.0,221497.0,0.0,0.0,8.77,5e-05,1e-05,100.0,0.01,-0.032112874968539803,0.0,0.22717897313845908,-0.03348267528810765,0.0,0.22456805907043653,0.0,0.0,0.0,-0.4106278120718502,0.0,-0.9805456098553846,0.2620788723495145,0.0,0.607226459184894,-0.11404756480240473,0.0,-0.1830919822316543,0.5372377597540943,-2.2367595487987413,-1.8760480215301258,-0.23970529212484903,0.04333807012433037,0.04787552956431908,-0.1345,0.01883,0.0269,0.0012019443718778078,0.0,0.003042479838655768,0.00016785594769004098,0.0,-0.00043156577063321617
152,1.5203053997829556,step,2.9484275785723906,0.8836913521240362,4.4461998622864485,10.006799828261137,124371.0,221497.0,0.0,0.0,8.77,5e-05,1e-05,100.0,0.01,-0.032112874968539803,0.0,0.22717897313845908,-0.03348267528810765,0.0,0.22456805907043653,0.0,0.0,0.0,-0.4130909717593222,0.0,-0.9867806037079172,0.26454960751043577,0.0,0.61346234289191,-0.1154856526292875,0.0,-0.18547963669177595,0.5372377597540943,-2.2367595487987413,-1.8760480215301258,-0.24005175551765112,0.0429264508406019,0.04767876425573153,-0.1345,0.0269,0.02152,0.0012061463391907206,0.0,0.003044190419029697,0.00016365398037712815,0.0,-0.000433276351007145
153,1.5304819999728352,step,2.9484275785723906,0.8851900108102704,4.035399993881583,10.176600189879537,124371.0,221497.0,0.0,0.0,8.77,5e-05,1e-05,100.0,0.01,-0.032112874968539803,0.0,0.22717897313845908,-0.03348267528810765,0.0,0.22456805907043653,0.0,0.0,0.0,-0.4155617063371819,0.0,-0.9930164874050094,0.26702668576016003,0.0,0.6196989002925654,-0.1169481351574491,0.0,-0.1879036410561849,0.5372377597540943,-2.2367595487987413,-1.8760480215301258,-0.24040391288769725,0.04250838996119072,0.04747913588154776,-0.1345,0.0269,0.0269,0.0012097273535384553,0.0,0.003045739100218279,0.00016007296602939345,0.0,-0.0004348250321957272
154,1.5402983999811113,step,2.9484275785723906,0.8865047439198235,5.088699981570244,9.816400008276105,124371.0,221497.0,0.0,0.0,8.77,5e-05,1e-05,100.0,0.01,-0.032112874968539803,0.0,0.22717897313845908,-0.03348267528810765,0.0,0.22456805907043653,0.0,0.0,0.0,-0.4180387840986494,0.0,-0.9992530447981446,0.26950901020816076,0.0,0.6259359357339758,-0.11839415471604006,0.0,-0.19029888900170486,0.5372377597540943,-2.2367595487987413,-1.8760480215301258,-0.2407520412355995,0.04209522655099736,0.04728192271619669,-0.13181,0.024210000000000002,0.0269,0.0012127533733120991,0.0,0.0030471382486401562,0.00015704694625574963,0.0,-0.00043622418061760445
155,1.5503028999082744,step,2.9484275785723906,0.8876528715867109,4.774800036102533,10.004499927163124,124371.0,221497.0,0.0,0.0,8.77,5e-05,1e-05,100.0,0.01,-0.032112874968539803,0.0,0.22717897313845908,-0.03348267528810765,0.0,0.22456805907043653,0.0,0.0,0.0,-0.42052110814282767,0.0,-1.005490080234223,0.2719956087670332,0.0,0.6321732732898565,-0.11986529942727038,0.0,-0.19273269106149912,0.5372377597540943,-2.2367595487987413,-1.8760480215301258,-0.24110608327611943,0.041675283347020024,0.04708163320013919,-0.13181,0.01883,0.02152,0.001215285595008974,0.0,0.003048399773185591,0.00015451472455887483,0.0,-0.0004374857051630391
156,1.560310599859804,step,2.9484275785723906,0.8886507670165685,4.03139996342361,10.007699951529503,124371.0,221497.0,0.0,0.0,8.77,5e-05,1e-05,100.0,0.01,-0.032112874968539803,0.0,0.22717897313845908,-0.03348267528810765,0.0,0.22456805907043653,0.0,0.0,0.0,-0.4230077063726994,0.0,-1.011727417786737,0.2744856243597248,0.0,0.6384107558633884,-0.12134716046010403,0.0,-0.19518233601606533,0.5372377597540943,-2.2367595487987413,-1.8760480215301258,-0.24146262109407815,0.0412525267292383,0.046880100285679974,-0.1345,0.024210000000000002,0.02959,0.0012173805329558248,0.0,0.0030495350639394457,0.000152419786612024,0.0,-0.0004386209959168939
157,1.5703078999649733,step,2.9484275785723906,0.8895138026059776,4.081799881532788,9.997300105169415,124371.0,221497.0,0.0,0.0,8.77,5e-05,1e-05,100.0,0.01,-0.032112874968539803,0.0,0.22717897313845908,-0.03348267528810765,0.0,0.22456805907043653,0.0,0.0,0.0,-0.4254977217023627,0.0,-1.0179649003586468,0.2769783054209428,0.0,0.6446482441964911,-0.12283842353550736,0.0,-0.1976461030890975,0.5372377597540943,-2.2367595487987413,-1.8760480215301258,-0.24182135840412677,0.040827272798419904,0.04667745106018942,-0.1345,0.024210000000000002,0.0269,0.0012190901431293377,0.0,0.0030505549478737444,0.00015071017643851102,0.0,-0.0004396408798511926
158,1.580531599931419,step,2.9484275785723906,0.8902563208063726,4.0559000335633755,10.223699966445565,124371.0,221497.0,0.0,0.0,8.77,5e-05,1e-05,100.0,0.01,-0.032112874968539803,0.0,0.22717897313845908,-0.03348267528810765,0.0,0.22456805907043653,0.0,0.0,0.0,-0.4279904025584027,0.0,-1.0242023886916887,0.2794729967589778,0.0,0.6508856158152172,-0.1243574790247746,0.0,-0.20015394063723163,0.5372377597540943,-2.2367595487987413,-1.8760480215301258,-0.24218669999295184,0.0403943339448901,0.04647123616795792,-0.13719,0.02152,0.0269,0.0012204619817638516,0.0,0.003051469659081823,0.00014933833780399718,0.0,-0.00044055559105927143
159,1.590414699865505,step,2.9484275785723906,0.8908916255168161,4.074899945408106,9.883099934086204,124371.0,221497.0,0.0,0.0,8.77,5e-05,1e-05,100.0,0.01,-0.032112874968539803,0.0,0.22717897313845908,-0.03348267528810765,0.0,0.22456805907043653,0.0,0.0,0.0,-0.43048509374169197,0.0,-1.030439760311711,0.28196913082795616,0.0,0.6571227639364603,-0.12585956481427946,0.0,-0.2026341182340177,0.5372377597540943,-2.2367595487987413,-1.8760480215301258,-0.24254797595997038,0.03996618522676712,0.04626728428955114,-0.13719,0.01883,0.0269,0.001221539390645822,0.0,0.0030522888213730423,0.00014826092892202686,0.0,-0.0004413747533504905
160,1.6003437999170274,step,2.9484275785723906,0.8914319902370289,3.986799856647849,9.929100051522255,124371.0,221497.0,0.0,0.0,8.77,5e-05,1e-05,100.0,0.01,-0.032112874968539803,0.0,0.22717897313845908,-0.03348267528810765,0.0,0.22456805907043653,0.0,0.0,0.0,-0.4329812276996113,0.0,-1.0366769084354512,0.28446621944657574,0.0,0.663359596357152,-0.12737480834809617,0.0,-0.2051353891535676,0.5372377597540943,-2.2367595487987413,-1.8760480215301258,-0.24291238869115406,0.039534368407589525,0.04606161813301014,-0.13719,0.0269,0.02152,0.0012223617020913843,0.0,0.00305302144127749,0.00014743861747646444,0.0,-0.0004421073732549384
161,1.6103048999793828,step,2.9484275785723906,0.8918886796503009,4.0843000169843435,9.9611000623554,124371.0,221497.0,0.0,0.0,8.77,5e-05,1e-05,100.0,0.01,-0.032112874968539803,0.0,0.22717897313845908,-0.03348267528810765,0.0,0.22456805907043653,0.0,0.0,0.0,-0.4354783162447483,0.0,-1.042913740859673,0.28696384598744856,0.0,0.6695960343435498,-0.1289019964594217,0.0,-0.20765604328076465,0.5372377597540943,-2.2367595487987413,-1.8760480215301258,-0.24327965932584478,0.03909919112246112,0.04585436892392705,-0.1345,0.02152,0.0269,0.00122296445759358,0.0,0.003053675909724158,0.00014683586197426876,0.0,-0.00044276184170160627
162,1.620309699792415,step,2.9484275785723906,0.8922719817250726,4.103499930351973,10.00479981303215,124371.0,221497.0,0.0,0.0,8.77,5e-05,1e-05,100.0,0.01,-0.032112874968539803,0.0,0.22717897313845908,-0.03348267528810765,0.0,0.22456805907043653,0.0,0.0,0.0,-0.4379759427442088,0.0,-1.0491501788504631,0.28946165805106366,0.0,0.6758320115350684,-0.1304419796447843,0.0,-0.21019766241057158,0.5372377597540943,-2.2367595487987413,-1.8760480215301258,-0.2436500002519504,0.038660387832884356,0.04564540089169003,-0.13719,0.02152,0.02959,0.0012233796350159965,0.0,0.0030542600108539497,0.00014642068455185224,0.0,-0.00044334594283139796
163,1.6303309998475015,step,2.9484275785723906,0.892591247817108,3.987999865785241,10.021300055086613,124371.0,221497.0,0.0,0.0,8.77,5e-05,1e-05,100.0,0.01,-0.032112874968539803,0.0,0.22717897313845908,-0.03348267528810765,0.0,0.22456805907043653,0.0,0.0,0.0,-0.4404737547935371,0.0,-1.0553861560471278,0.29195936062989025,0.0,0.6820674728743386,-0.13199249890231737,0.0,-0.21275678932077893,0.5372377597540943,-2.2367595487987413,-1.8760480215301258,-0.2440228801743466,0.03821856691472672,0.04543498958177201,-0.1345,0.024210000000000002,0.0269,0.0012236358800063697,0.0,0.003054780936610978,0.00014616443956147907,0.0,-0.00044386686858842624
164,1.6403489999938756,step,2.9484275785723906,0.8928549386169616,3.9854999631643295,10.018000146374106,124371.0,221497.0,0.0,0.0,8.77,5e-05,1e-05,100.0,0.01,-0.032112874968539803,0.0,0.22717897313845908,-0.03348267528810765,0.0,0.22456805907043653,0.0,0.0,0.0,-0.4429714573807827,0.0,-1.061621617392147,0.2944567097610846,0.0,0.6883023735727523,-0.13355186478151349,0.0,-0.21533085519507583,0.5372377597540943,-2.2367595487987413,-1.8760480215301258,-0.24439790248983428,0.037774181175082994,0.04522333915248425,-0.1345,0.02152,0.02152,0.0012237587380136616,0.0,0.0030552453059224543,0.00014604158155418715,0.0,-0.00044433123789990253
165,1.6503072998020798,step,2.9484275785723906,0.8930706741175867,4.066199995577335,9.958299808204174,124371.0,221497.0,0.0,0.0,8.77,5e-05,1e-05,100.0,0.01,-0.032112874968539803,0.0,0.22717897313845908,-0.03348267528810765,0.0,0.22456805907043653,0.0,0.0,0.0,-0.44546880653917653,0.0,-1.0678565180968165,0.2969535066604766,0.0,0.6945366781186515,-0.13511537028096432,0.0,-0.21791239828158016,0.5372377597540943,-2.2367595487987413,-1.8760480215301258,-0.2447739487739228,0.03732853187436399,0.04501105324964468,-0.1345,0.01883,0.02152,0.0012237708839218397,0.0,0.003055659187429684,0.00014602943564600906,0.0,-0.00044474511940713205
166,1.6603335998952389,step,2.9484275785723906,0.8932452860737533,3.9576999843120575,10.02630009315908,124371.0,221497.0,0.0,0.0,8.77,5e-05,1e-05,100.0,0.01,-0.032112874968539803,0.0,0.22717897313845908,-0.03348267528810765,0.0,0.22456805907043653,0.0,0.0,0.0,-0.4479656034810706,0.0,-1.0740908226493706,0.2994495923258367,0.0,0.7007703593334954,-0.13669337599598963,0.0,-0.22051823513408567,0.5372377597540943,-2.2367595487987413,-1.8760480215301258,-0.24515349810713166,0.036878703690009035,0.04479675831960722,-0.1345,0.02152,0.02152,0.0012236923468693355,0.0,0.003056028124870985,0.00014610797269851324,0.0,-0.00044511405684843344
167,1.6704080000054091,step,2.9484275785723906,0.8933848716888729,4.248100100085139,10.074400110170245,124371.0,221497.0,0.0,0.0,8.77,5e-05,1e-05,100.0,0.01,-0.032112874968539803,0.0,0.22717897313845908,-0.03348267528810765,0.0,0.22456805907043653,0.0,0.0,0.0,-0.4504616892011694,0.0,-1.0803245038711669,0.3019448425937269,0.0,0.7070033974797778,-0.13828426855606138,0.0,-0.22314585995633351,0.5372377597540943,-2.2367595487987413,-1.8760480215301258,-0.24553616942327033,0.036425135896435264,0.044580655347017294,-0.1345,0.02152,0.024210000000000002,0.001223540728311143,0.0,0.003056357164342408,0.00014625959125670585,0.0,-0.0004454430963198564
168,1.6804445998277515,step,2.9484275785723906,0.8934948474972344,4.295299993827939,10.036599822342396,124371.0,221497.0,0.0,0.0,8.77,5e-05,1e-05,100.0,0.01,-0.032112874968539803,0.0,0.22717897313845908,-0.03348267528810765,0.0,0.22456805907043653,0.0,0.0,0.0,-0.4529569395333583,0.0,-1.0865575420246254,0.3044391636313869,0.0,0.7132357794231365,-0.1398809152860504,0.0,-0.22578383860061202,0.5372377597540943,-2.2367595487987413,-1.8760480215301258,-0.24592026232956885,0.03596981689089932,0.04436367358734088,-0.1345,0.02152,0.02152,0.0012233314118066225,0.0,0.0030566508827748243,0.0001464689077612263,0.0,-0.00044573681475227256
169,1.690478399861604,step,2.9484275785723906,0.8935800026123353,4.587499890476465,10.033800033852458,124371.0,221497.0,0.0,0.0,8.77,5e-05,1e-05,100.0,0.01,-0.032112874968539803,0.0,0.22717897313845908,-0.03348267528810765,0.0,0.22456805907043653,0.0,0.0,0.0,-0.45545126064253894,0.0,-1.092789923975308,0.3069324878429885,0.0,0.7194674978499705,-0.141486155519932,0.0,-0.2284368099805877,0.5372377597540943,-2.2367595487987413,-1.8760480215301258,-0.2463064575584512,0.03551194377731888,0.04414543315074745,-0.13719,0.0269,0.02152,0.0012230777633859167,0.0,0.003056913417066984,0.00014672255618193206,0.0,-0.0004459993490444321
170,1.7005539999809116,step,2.9484275785723906,0.893644550687237,4.282600013539195,10.075600119307637,124371.0,221497.0,0.0,0.0,8.77,5e-05,1e-05,100.0,0.01,-0.032112874968539803,0.0,0.22717897313845908,-0.03348267528810765,0.0,0.22456805907043653,0.0,0.0,0.0,-0.45794458493086615,0.0,-1.0990216424095405,0.30942477016810327,0.0,0.7256985505409375,-0.14310370870942773,0.0,-0.2311108263979395,0.5372377597540943,-2.2367595487987413,-1.8760480215301258,-0.24669564576819009,0.03505046798077721,0.0439254391984124,-0.1345,0.01614,0.02152,0.0012227913216668112,0.0,0.0030571484934043503,0.00014700899790103753,0.0,-0.0004462344253817986
171,1.710549599956721,step,2.9484275785723906,0.8936921800830596,4.011699929833412,9.995599975809455,124371.0,221497.0,0.0,0.0,8.77,5e-05,1e-05,100.0,0.01,-0.032112874968539803,0.0,0.22717897313845908,-0.03348267528810765,0.0,0.22456805907043653,0.0,0.0,0.0,-0.4604368673361724,0.0,-1.1052526951079382,0.3119159847492751,0.0,0.7319289396999279,-0.14472330447937512,0.0,-0.23378933576747635,0.5372377597540943,-2.2367595487987413,-1.8760480215301258,-0.2470853746727597,0.034588264065226734,0.043705039829900656,-0.13988,0.02152,0.02152,0.001222481977166897,0.0,0.003057359456373701,0.0001473183424009518,0.0,-0.00044644538835114916
172,1.720424999948591,step,2.9484275785723906,0.8937261018693421,3.830099944025278,9.875399991869926,124371.0,221497.0,0.0,0.0,8.77,5e-05,1e-05,100.0,0.01,-0.032112874968539803,0.0,0.22717897313845908,-0.03348267528810765,0.0,0.22456805907043653,0.0,0.0,0.0,-0.4629280819995282,0.0,-1.1114830842743268,0.3144061219450916,0.0,0.7381586713374755,-0.1463413983309701,0.0,-0.23646662633987187,0.5372377597540943,-2.2367595487987413,-1.8760480215301258,-0.24747479797255634,0.03412632400727488,0.043484700221280814,-0.13719,0.01345,0.02152,0.0012221581404877125,0.0,0.0030575492975543697,0.00014764217908013627,0.0,-0.00044663522953181795
173,1.730132799828425,step,2.9484275785723906,0.8937490953874617,4.028599942103028,9.707799879834056,124371.0,221497.0,0.0,0.0,8.77,5e-05,1e-05,100.0,0.01,-0.032112874968539803,0.0,0.22717897313845908,-0.03348267528810765,0.0,0.22456805907043653,0.0,0.0,0.0,-0.46541821927826893,0.0,-1.1177128159192145,0.3168951856650276,0.0,0.7443877547070521,-0.14795376266346957,0.0,-0.2391358676652238,0.5372377597540943,-2.2367595487987413,-1.8760480215301258,-0.24786290547704584,0.03366583329314591,0.04326497724704076,-0.13719,0.01345,0.024210000000000002,0.0012218268992425564,0.0,0.003057720683329404,0.0001479734203252924,0.0,-0.000446806615306852
174,1.7402604999952018,step,2.9484275785723906,0.8937635511980111,3.9277002215385437,10.127700166776776,124371.0,221497.0,0.0,0.0,8.77,5e-05,1e-05,100.0,0.01,-0.032112874968539803,0.0,0.22717897313845908,-0.03348267528810765,0.0,0.22456805907043653,0.0,0.0,0.0,-0.4679072830808318,0.0,-1.1239418992960184,0.3193831910025312,0.0,0.7506162017922996,-0.1496106712849869,0.0,-0.24187832820353208,0.5372377597540943,-2.2367595487987413,-1.8760480215301258,-0.24826171203216474,0.03319268887089121,0.043039243853822455,-0.13719,0.01614,0.02152,0.001221494163761925,0.0,0.0030578759817145133,0.00014830615580592368,0.0,-0.00044696191369196156
175,1.7502657999284565,step,2.9484275785723906,0.8937715113071095,4.718099953606725,10.005299933254719,124371.0,221497.0,0.0,0.0,8.77,5e-05,1e-05,100.0,0.01,-0.032112874968539803,0.0,0.22717897313845908,-0.03348267528810765,0.0,0.22456805907043653,0.0,0.0,0.0,-0.4703952884998004,0.0,-1.130170346388369,0.3218701621432713,0.0,0.7568440268429438,-0.1512658272740449,0.0,-0.24461918751028797,0.5372377597540943,-2.2367595487987413,-1.8760480215301258,-0.24866015407274525,0.032719875661943384,0.04281360065731485,-0.13719,0.01883,0.02152,0.0012211648017438053,0.0,0.003058017288050191,0.00014863551782404345,0.0,-0.00044710322002763925
176,1.7600278998725116,step,2.9484275785723906,0.8937747066271916,4.558499902486801,9.76209994405508,124371.0,221497.0,0.0,0.0,8.77,5e-05,1e-05,100.0,0.01,-0.032112874968539803,0.0,0.22717897313845908,-0.03348267528810765,0.0,0.22456805907043653,0.0,0.0,0.0,-0.4728822597201416,0.0,-1.1363981714459515,0.3243561305261245,0.0,0.7630712459569156,-0.15290857115699857,0.0,-0.24734118665970853,0.5372377597540943,-2.2367595487987413,-1.8760480215301258,-0.24905568288835697,0.03225038752187939,0.04258945594826018,-0.13988,0.01614,0.02152,0.0012208427621237861,0.0,0.003058146449443455,0.0001489575574440626,0.0,-0.0004472323814209032
177,1.7700262998696417,step,2.9484275785723906,0.8937745916766584,4.1553000919520855,9.998399997130036,124371.0,221497.0,0.0,0.0,8.77,5e-05,1e-05,100.0,0.01,-0.032112874968539803,0.0,0.22717897313845908,-0.03348267528810765,0.0,0.22456805907043653,0.0,0.0,0.0,-0.47536822818018,0.0,-1.1426253905666823,0.3268411332352964,0.0,0.7692978767060504,-0.1545804527717478,0.0,-0.25011151908380014,0.5372377597540943,-2.2367595487987413,-1.8760480215301258,-0.24945822960861894,0.031772565118336565,0.04236132952577542,-0.13719,0.02152,0.024210000000000002,0.001220531188525324,0.0,0.003058265087880932,0.00014926913104252476,0.0,-0.00044735101985838004
178,1.7802776999305934,step,2.9484275785723906,0.8937723765616293,4.005499882623553,10.25140006095171,124371.0,221497.0,0.0,0.0,8.77,5e-05,1e-05,100.0,0.01,-0.032112874968539803,0.0,0.22717897313845908,-0.03348267528810765,0.0,0.22456805907043653,0.0,0.0,0.0,-0.4778532309636808,0.0,-1.1488520213223783,0.32932521160291284,0.0,0.7755239378026505,-0.15628326729176228,0.0,-0.25293310548538406,0.5372377597540943,-2.2367595487987413,-1.8760480215301258,-0.24986822408697357,0.031285902415405166,0.04212898260521486,-0.13988,0.01883,0.01883,0.0012202325227163547,0.0,0.0030583746219650433,0.00014956779685149405,0.0,-0.0004474605539424915
179,1.790418499847874,step,2.9484275785723906,0.8937690563133103,3.9766000118106604,10.140799917280674,124371.0,221497.0,0.0,0.0,8.77,5e-05,1e-05,100.0,0.01,-0.032112874968539803,0.0,0.22717897313845908,-0.03348267528810765,0.0,0.22456805907043653,0.0,0.0,0.0,-0.48033730940244473,0.0,-1.1550780824253417,0.331808410002448,0.0,0.7817494488041462,-0.15798528436603368,0.0,-0.2557545937737855,0.5372377597540943,-2.2367595487987413,-1.8760480215301258,-0.2502780805223903,0.030799308306341366,0.04189660465162216,-0.13719,0.01345,0.024210000000000002,0.0012199485985474416,0.0,0.003058476287250397,0.00014985172102040712,0.0,-0.0004475622192278454
180,1.8005410998594016,step,2.9484275785723906,0.8937654376776085,3.666799981147051,10.122600011527538,124371.0,221497.0,0.0,0.0,8.77,5e-05,1e-05,100.0,0.01,-0.032112874968539803,0.0,0.22717897313845908,-0.03348267528810765,0.0,0.22456805907043653,0.0,0.0,0.0,-0.48282050786971137,0.0,-1.1613035934329776,0.33429077481444686,0.0,0.787974429853101,-0.1596945595068159,0.0,-0.2585890000506183,0.5372377597540943,-2.2367595487987413,-1.8760480215301258,-0.25068972383255533,0.030310523771337194,0.04166313445341276,-0.13988,0.01345,0.024210000000000002,0.0012196807268811214,0.0,0.0030585711551787006,0.00015011959268672738,0.0,-0.0004476570871561488
181,1.8100449999328703,step,2.9484275785723906,0.8937621634706371,4.15279995650053,9.503900073468685,124371.0,221497.0,0.0,0.0,8.77,5e-05,1e-05,100.0,0.01,-0.032112874968539803,0.0,0.22717897313845908,-0.03348267528810765,0.0,0.22456805907043653,0.0,0.0,0.0,-0.48530287274587414,0.0,-1.1675285744878325,0.3367723535471283,0.0,0.7941989014498331,-0.16135754791327814,0.0,-0.2613495788259643,0.5372377597540943,-2.2367595487987413,-1.8760480215301258,-0.25109034908729605,0.02983459412603076,0.04143565189749282,-0.13988,0.01614,0.02152,0.0012194297720441955,0.0,0.003058660150627986,0.0001503705475236533,0.0,-0.0004477460826054344
182,1.8205337999388576,step,2.9484275785723906,0.8937597346257378,3.6913000512868166,10.488800005987287,124371.0,221497.0,0.0,0.0,8.77,5e-05,1e-05,100.0,0.01,-0.032112874968539803,0.0,0.22717897313845908,-0.03348267528810765,0.0,0.22456805907043653,0.0,0.0,0.0,-0.4877844515390612,0.0,-1.1737530460902617,0.33925319409560023,0.0,0.8004228842549964,-0.16311710179667493,0.0,-0.26426767873004076,0.5372377597540943,-2.2367595487987413,-1.8760480215301258,-0.251514115051909,0.029331390345279443,0.041195277662540254,-0.13719,0.01614,0.024210000000000002,0.001219196220346321,0.0,0.003058744068106174,0.00015060409922152784,0.0,-0.0004478300000836221
183,1.8300614999607205,step,2.9484275785723906,0.8937585300654516,4.094599978998303,9.527700021862984,124371.0,221497.0,0.0,0.0,8.77,5e-05,1e-05,100.0,0.01,-0.032112874968539803,0.0,0.22717897313845908,-0.03348267528810765,0.0,0.22456805907043653,0.0,0.0,0.0,-0.49026529214435166,0.0,-1.17997702890087,0.34173334412456235,0.0,0.8066463989195443,-0.16479933268860428,0.0,-0.26706159938388935,0.5372377597540943,-2.2367595487987413,-1.8760480215301258,-0.2519194376729716,0.02884977148327255,0.0409650029496077,-0.14257,0.01883,0.024210000000000002,0.0012189802412110832,0.0,0.0030588235866303576,0.0001508200783567656,0.0,-0.0004479095186078058
184,1.8402642998844385,step,2.9484275785723906,0.8937588245362245,6.086200010031462,10.202799923717976,124371.0,221497.0,0.0,0.0,8.77,5e-05,1e-05,100.0,0.01,-0.032112874968539803,0.0,0.22717897313845908,-0.03348267528810765,0.0,0.22456805907043653,0.0,0.0,0.0,-0.4927454422264631,0.0,-1.1862005435706395,0.3442128505605025,0.0,0.8128694659396045,-0.1665510313793769,0.0,-0.26996915286220075,0.5372377597540943,-2.2367595487987413,-1.8760480215301258,-0.2523414212537902,0.028348491056187156,0.040725418206298145,-0.13988,0.01076,0.024210000000000002,0.0012187817414612786,0.0,0.0030588992833420476,0.00015101857810657015,0.0,-0.0004479852153194959
185,1.8503680999856442,step,2.9484275785723906,0.8937608045452256,6.479900097474456,10.103800101205707,124371.0,221497.0,0.0,0.0,8.77,5e-05,1e-05,100.0,0.01,-0.032112874968539803,0.0,0.22717897313845908,-0.03348267528810765,0.0,0.22456805907043653,0.0,0.0,0.0,-0.4952249487119445,0.0,-1.1924236105956918,0.346691759180496,0.0,0.819092105533911,-0.16830271889002152,0.0,-0.27287774459336867,0.5372377597540943,-2.2367595487987413,-1.8760480215301258,-0.25276344876025486,0.027847076191880156,0.0404857141777184,-0.14257,0.01076,0.024210000000000002,0.0012186004132897646,0.0,0.0030589716459152915,0.00015119990627808413,0.0,-0.0004480575778927397
186,1.8602006000000983,step,2.9484275785723906,0.8937645825379881,6.866500014439225,9.832500014454126,124371.0,221497.0,0.0,0.0,8.77,5e-05,1e-05,100.0,0.01,-0.032112874968539803,0.0,0.22717897313845908,-0.03348267528810765,0.0,0.22456805907043653,0.0,0.0,0.0,-0.4977038573779496,0.0,-1.198646250194767,0.34917011428578754,0.0,0.82531433754156,-0.17003852469870118,0.0,-0.2757616056686777,0.5372377597540943,-2.2367595487987413,-1.8760480215301258,-0.2531817222989121,0.027349993805507802,0.040247995929267144,-0.13988,0.01614,0.01614,0.0012184357764320807,0.0,0.00305904108381941,0.0001513645431357681,0.0,-0.00044812701579685817
187,1.870301099959761,step,2.9484275785723906,0.8937702094531423,4.890399985015392,10.100499959662557,124371.0,221497.0,0.0,0.0,8.77,5e-05,1e-05,100.0,0.01,-0.032112874968539803,0.0,0.22717897313845908,-0.03348267528810765,0.0,0.22456805907043653,0.0,0.0,0.0,-0.5001822125258488,0.0,-1.204868482206967,0.35164795844936125,0.0,0.8315361813379919,-0.17180763475046726,0.0,-0.27870047421599914,0.5372377597540943,-2.2367595487987413,-1.8760480215301258,-0.25360800679658746,0.026843416295269873,0.04000575371910283,-0.14257,0.01614,0.02152,0.0012182872150381635,0.0,0.0030591079385012677,0.0001515131045296853,0.0,-0.00044819387047871596
188,1.8802484998013824,step,2.9484275785723906,0.893777685786694,4.141200101003051,9.947399841621518,124371.0,221497.0,0.0,0.0,8.77,5e-05,1e-05,100.0,0.01,-0.032112874968539803,0.0,0.22717897313845908,-0.03348267528810765,0.0,0.22456805907043653,0.0,0.0,0.0,-0.5026600567287486,0.0,-1.211090326007726,0.35412533232768617,0.0,0.8377576557672333,-0.17357155271067642,0.0,-0.28163189806249056,0.5372377597540943,-2.2367595487987413,-1.8760480215301258,-0.254033092282525,0.02633817177779027,0.03976408750501475,-0.14257,0.01614,0.02152,0.001218154009718755,0.0,0.003059172492553861,0.00015164630984909372,0.0,-0.0004482584245313094
189,1.890103799989447,step,2.9484275785723906,0.8937869712934222,4.418700002133846,9.855300188064575,124371.0,221497.0,0.0,0.0,8.77,5e-05,1e-05,100.0,0.01,-0.032112874968539803,0.0,0.22717897313845908,-0.03348267528810765,0.0,0.22456805907043653,0.0,0.0,0.0,-0.5051374306432734,0.0,-1.2173118004411008,0.3566022745277514,0.0,0.8439787790885696,-0.1753357423765135,0.0,-0.28456470952554,0.5372377597540943,-2.2367595487987413,-1.8760480215301258,-0.254458284539539,0.02583272752263842,0.039522277053957014,-0.13988,0.01345,0.02152,0.001218035365218288,0.0,0.003059234977938692,0.00015176495434956073,0.0,-0.00044832090991614015
190,1.9001599999610335,step,2.9484275785723906,0.8937979934473113,4.2074997909367085,10.056199971586466,124371.0,221497.0,0.0,0.0,8.77,5e-05,1e-05,100.0,0.01,-0.032112874968539803,0.0,0.22717897313845908,-0.03348267528810765,0.0,0.22456805907043653,0.0,0.0,0.0,-0.5076143728765646,0.0,-1.22353292376635,0.3590788215213825,0.0,0.850199568935953,-0.17712740370331806,0.0,-0.28754303638114354,0.5372377597540943,-2.2367595487987413,-1.8760480215301258,-0.25489009103127613,0.02531943261246221,0.03927671875962684,-0.14257,0.01076,0.02152,0.001217930434140824,0.0,0.003059295583329134,0.00015186988542702467,0.0,-0.00044838151530658243
191,1.9102172998245806,step,2.9484275785723906,0.8938106547767326,3.9962001610547304,10.057299863547087,124371.0,221497.0,0.0,0.0,8.77,5e-05,1e-05,100.0,0.01,-0.032112874968539803,0.0,0.22717897313845908,-0.03348267528810765,0.0,0.22456805907043653,0.0,0.0,0.0,-0.5100909199006174,0.0,-1.2297537136174415,0.3615550075996505,0.0,0.8564200422885837,-0.1789281057506304,0.0,-0.2905369565766283,0.5372377597540943,-2.2367595487987413,-1.8760480215301258,-0.2553241013287971,0.024803474070734362,0.0390298568212809,-0.14257,-0.00269,0.024210000000000002,0.0012178383371295328,0.0,0.003059354460640973,0.00015196198243831597,0.0,-0.0004484403926184213
192,1.9200800999533385,step,2.9484275785723906,0.8938248391835242,5.335999885573983,9.862800128757954,124371.0,221497.0,0.0,0.0,8.77,5e-05,1e-05,100.0,0.01,-0.032112874968539803,0.0,0.22717897313845908,-0.03348267528810765,0.0,0.22456805907043653,0.0,0.0,0.0,-0.5125671060066639,0.0,-1.2359741869736138,0.3640308648609498,0.0,0.8626402154512283,-0.18071945116325147,0.0,-0.2935165742309832,0.5372377597540943,-2.2367595487987413,-1.8760480215301258,-0.2557559117892123,0.02429003316164656,0.03878413422560893,-0.13988,0.01614,0.024210000000000002,0.0012177581798737556,0.0,0.00305941173081461,0.00015204213969409312,0.0,-0.0004484976627920582
193,1.9304661999922246,step,2.9484275785723906,0.8938404173483512,3.7205000407993793,10.38610003888607,124371.0,221497.0,0.0,0.0,8.77,5e-05,1e-05,100.0,0.01,-0.032112874968539803,0.0,0.22717897313845908,-0.03348267528810765,0.0,0.22456805907043653,0.0,0.0,0.0,-0.5150429632932756,0.0,-1.2421943601396086,0.3665064232270326,0.0,0.8688601040429693,-0.18256907102653128,0.0,-0.2965917228136276,0.5372377597540943,-2.2367595487987413,-1.8760480215301258,-0.25620170779357093,0.02376007169727313,0.0385305779734689,-0.13988,0.01076,0.02152,0.001217689067291246,0.0,0.003059467488911267,0.00015211125227660273,0.0,-0.00044855342088871535
194,1.9403053999412805,step,2.9484275785723906,0.8938572513178827,3.8606999441981316,9.83919994905591,124371.0,221497.0,0.0,0.0,8.77,5e-05,1e-05,100.0,0.01,-0.032112874968539803,0.0,0.22717897313845908,-0.03348267528810765,0.0,0.22456805907043653,0.0,0.0,0.0,-0.5175185216823639,0.0,-1.248414248734515,0.36898171048194195,0.0,0.8750797229931909,-0.1843759894959168,0.0,-0.2995983668299449,0.5372377597540943,-2.2367595487987413,-1.8760480215301258,-0.25663732173867954,0.023242020925648865,0.03828259080055918,-0.14257,0.01076,0.01883,0.0012176301152070843,0.0,0.0030595218085829492,0.0001521702043607645,0.0,-0.00044860774056039747
195,1.9500390999019146,step,2.9484275785723906,0.893875198362517,4.234699998050928,9.733699960634112,124371.0,221497.0,0.0,0.0,8.77,5e-05,1e-05,100.0,0.01,-0.032112874968539803,0.0,0.22717897313845908,-0.03348267528810765,0.0,0.22456805907043653,0.0,0.0,0.0,-0.5199938089581416,0.0,-1.2546338676877586,0.3714567523293906,0.0,0.8812990865437258,-0.18618161789321747,0.0,-0.30260373999627277,0.5372377597540943,-2.2367595487987413,-1.8760480215301258,-0.2570726633049789,0.022724225963061048,0.03803468056200273,-0.14257,0.01076,0.02152,0.0012175804598252569,0.0,0.003059574745973101,0.00015221985974259188,0.0,-0.00044866067795054903
196,1.9600492999888957,step,2.9484275785723906,0.8938941141866745,5.17509994097054,10.010200086981058,124371.0,221497.0,0.0,0.0,8.77,5e-05,1e-05,100.0,0.01,-0.032112874968539803,0.0,0.22717897313845908,-0.03348267528810765,0.0,0.22456805907043653,0.0,0.0,0.0,-0.5224688508244814,0.0,-1.2608532312411367,0.373931572464684,0.0,0.88751820825619,-0.188022466310261,0.0,-0.3056671729751414,0.5372377597540943,-2.2367595487987413,-1.8760480215301258,-0.257516471713275,0.02219640425508447,0.037781998917935315,-0.14257,0.01345,0.01883,0.0012175392652642159,0.0,0.0030596263431018206,0.00015226105430363288,0.0,-0.0004487122750792688
197,1.9701557999942452,step,2.9484275785723906,0.8939138555671512,4.42110002040863,10.106500005349517,124371.0,221497.0,0.0,0.0,8.77,5e-05,1e-05,100.0,0.01,-0.032112874968539803,0.0,0.22717897313845908,-0.03348267528810765,0.0,0.22456805907043653,0.0,0.0,0.0,-0.5249436709768416,0.0,-1.2670723529562977,0.3764061926577891,0.0,0.8937371010236368,-0.1898815499202805,0.0,-0.3087610660093808,0.5372377597540943,-2.2367595487987413,-1.8760480215301258,-0.2579646814606189,0.02166333915635766,0.037526801199349764,-0.14257,0.01345,0.01883,0.0012175057294040112,0.0,0.0030596766307863454,0.0001522945901638376,0.0,-0.0004487625627637936
198,1.9801656999625266,step,2.9484275785723906,0.8939342824887321,3.9864000864326954,10.009899968281388,124371.0,221497.0,0.0,0.0,8.77,5e-05,1e-05,100.0,0.01,-0.032112874968539803,0.0,0.22717897313845908,-0.03348267528810765,0.0,0.22456805907043653,0.0,0.0,0.0,-0.5274182911853323,0.0,-1.2732912457263046,0.37888063284460977,0.0,0.8999557770857506,-0.19174032806905014,0.0,-0.31185526386995865,0.5372377597540943,-2.2367595487987413,-1.8760480215301258,-0.2584128534353002,0.021130255737950236,0.037271552449471425,-0.14526,0.01076,0.01883,0.0012174790882699875,0.0,0.003059725631144264,0.00015232123129786126,0.0,-0.00044881156312171237
199,1.9902653999160975,step,2.9484275785723906,0.893955259840211,3.990800119936466,10.099699953570962,124371.0,221497.0,0.0,0.0,8.77,5e-05,1e-05,100.0,0.01,-0.032112874968539803,0.0,0.22717897313845908,-0.03348267528810765,0.0,0.22456805907043653,0.0,0.0,0.0,-0.5298927313860092,0.0,-1.2795099217908255,0.38135491122394083,0.0,0.9061742480468925,-0.19361681018192303,0.0,-0.31497904479519695,0.5372377597540943,-2.2367595487987413,-1.8760480215301258,-0.2588652989865359,0.02059208032856087,0.03701385973760998,-0.14257,0.01345,0.02152,0.00121745861915661,0.0,0.0030597733597236597,0.00015234170041123884,0.0,-0.00044885929170110795
200,2.0002819998189807,step,2.9484275785723906,0.8939766587282347,3.921499941498041,10.016599902883172,124371.0,221497.0,0.0,0.0,8.77,5e-05,1e-05,100.0,0.01,-0.032112874968539803,0.0,0.22717897313845908,-0.03348267528810765,0.0,0.22456805907043653,0.0,0.0,0.0,-0.532367009777799,0.0,-1.2857283927542646,0.383829044357945,0.0,0.9123925248963869,-0.19549422613929854,0.0,-0.3181051217796215,0.5372377597540943,-2.2367595487987413,-1.8760480215301258,-0.25931800240963065,0.02005354052268552,0.03675595401638206,-0.14257,0.01076,0.01614,0.001217443642674796,0.0,0.003059819827301168,0.00015235667689305265,0.0,-0.0004489057592786164
201,2.0102986998390406,step,2.9484275785723906,0.8939983574609396,3.8982999976724386,10.016700020059943,124371.0,221497.0,0.0,0.0,8.77,5e-05,1e-05,100.0,0.01,-0.032112874968539803,0.0,0.22717897313845908,-0.03348267528810765,0.0,0.22456805907043653,0.0,0.0,0.0,-0.5348411429229796,0.0,-1.2919466696059152,0.38630304727433223,0.0,0.9186106180305144,-0.1973806382156593,0.0,-0.32124659992336735,0.5372377597540943,-2.2367595487987413,-1.8760480215301258,-0.2597728936821349,0.019512365236235285,0.03649676425817153,-0.14257,0.01076,0.024210000000000002,0.0012174335238872265,0.0,0.0030598650413857604,0.00015236679568062222,0.0,-0.00044895097336320865
202,2.0203090999275446,step,2.9484275785723906,0.8940202422482372,3.9776000194251537,10.010400088503957,124371.0,221497.0,0.0,0.0,8.77,5e-05,1e-05,100.0,0.01,-0.032112874968539803,0.0,0.22717897313845908,-0.03348267528810765,0.0,0.22456805907043653,0.0,0.0,0.0,-0.5373151458493901,0.0,-1.2981647627420891,0.38877693356871557,0.0,0.9248285372757441,-0.19927542059365944,0.0,-0.32440245344598406,0.5372377597540943,-2.2367595487987413,-1.8760480215301258,-0.26022982261751393,0.018968731867580232,0.03623637457376442,-0.14257,0.00807,0.024210000000000002,0.0012174276726784866,0.0,0.003059909007462986,0.00015237264688936218,0.0,-0.00044899493944043417
203,2.0304405000060797,step,2.9484275785723906,0.8940422076608313,4.327300004661083,10.13140007853508,124371.0,221497.0,0.0,0.0,8.77,5e-05,1e-05,100.0,0.01,-0.032112874968539803,0.0,0.22717897313845908,-0.03348267528810765,0.0,0.22456805907043653,0.0,0.0,0.0,-0.5397890321527485,0.0,-1.3043826819892645,0.39125071550588375,0.0,0.9310462919128002,-0.2011911834120979,0.0,-0.3275932080607778,0.5372377597540943,-2.2367595487987413,-1.8760480215301258,-0.26069180911911766,0.018419084568558494,0.03597310656148744,-0.13988,0.00538,0.024210000000000002,0.0012174255434905413,0.0,0.0030599517300114645,0.0001523747760773075,0.0,-0.0004490376619889127
204,2.0404500998556614,step,3.069910152439105,0.9699576325491253,5.046299891546369,10.009599849581718,124371.0,221497.0,0.0,0.0,8.77,5e-05,1e-05,100.0,0.01,-0.032194011973906464,0.0,0.22735439989788042,-0.03348267528810765,0.0,0.22456805907043653,0.0,0.0,0.0,-0.5333186084659844,0.0,-1.336100367972066,0.3935586331890929,0.0,0.9376229309171069,-0.19769243917865906,0.0,-0.3370555558584456,0.5372377597540943,-2.2367595487987413,-1.8745140407422405,-0.2606489738332903,0.017524584851672437,0.03460620426151066,-0.14526,0.01076,0.02152,0.001135842418890696,0.0,0.0032366949693090953,0.00015282089531049232,0.0,-0.0004503541418652058
205,2.0501123999711126,step,2.9484275785723906,0.8821489644865244,4.098900128155947,9.662300115451217,124371.0,221497.0,0.0,0.0,8.77,5e-05,1e-05,100.0,0.01,-0.032112874968539803,0.0,0.22717897313845908,-0.03348267528810765,0.0,0.22456805907043653,0.0,0.0,0.0,-0.5445700811981711,0.0,-1.3171793062749688,0.39606068483832785,0.0,0.9437806381365564,-0.20491021729318745,0.0,-0.3340242720974238,0.5372377597540943,-2.2367595487987413,-1.8760480215301258,-0.26159910562523503,0.017321209726294265,0.035434945533524206,-0.14526,0.00807,0.01345,0.001231430938637213,0.0,0.003030629357079201,0.00013836938093063572,0.0,-0.00041971528905664903
206,2.0603253999724984,step,2.9484275785723906,0.8846052367976596,3.879199968650937,10.213000001385808,124371.0,221497.0,0.0,0.0,8.77,5e-05,1e-05,100.0,0.01,-0.032112874968539803,0.0,0.22717897313845908,-0.03348267528810765,0.0,0.22456805907043653,0.0,0.0,0.0,-0.5470727808803245,0.0,-1.3233347842311782,0.39855755015246624,0.0,0.9499501709538086,-0.2068749869633458,0.0,-0.3372580262385063,0.5372377597540943,-2.2367595487987413,-1.8760480215301258,-0.2620712063781398,0.016762532114992734,0.035169358243279755,-0.14795,0.00269,0.01614,0.0012289216893501475,0.0,0.0030365565372496347,0.00014087863021770126,0.0,-0.0004256424692270829
207,2.0702596998307854,step,2.9484275785723906,0.8867561796246143,3.959900001063943,9.934299858286977,124371.0,221497.0,0.0,0.0,8.77,5e-05,1e-05,100.0,0.01,-0.032112874968539803,0.0,0.22717897313845908,-0.03348267528810765,0.0,0.22456805907043653,0.0,0.0,0.0,-0.5495696469675452,0.0,-1.3295043162073792,0.4010498457142897,0.0,0.9561300270521804,-0.20881811273782294,0.0,-0.3404653873338992,0.5372377597540943,-2.2367595487987413,-1.8760480215301258,-0.262538513631717,0.01620880680229774,0.03490564149169016,-0.14526,0.01076,0.02152,0.0012267138073027576,0.0,0.003041739879948398,0.0001430865122650912,0.0,-0.00043082581192584613
208,2.080365799833089,step,2.9484275785723906,0.8886278855690996,3.882999997586012,10.10610000230372,124371.0,221497.0,0.0,0.0,8.77,5e-05,1e-05,100.0,0.01,-0.032112874968539803,0.0,0.22717897313845908,-0.03348267528810765,0.0,0.22456805907043653,0.0,0.0,0.0,-0.5520619428812646,0.0,-1.335684172190329,0.4035381361424835,0.0,0.9623188392598387,-0.21078546188270483,0.0,-0.3437191774107434,0.5372377597540943,-2.2367595487987413,-1.8760480215301258,-0.26301193075102397,0.015647339209213323,0.03463790035840313,-0.14526,0.00538,0.02152,0.0012247818427074913,0.0,0.0030462460225627423,0.00014501847686035742,0.0,-0.00043533195454019055
209,2.090093599865213,step,2.9484275785723906,0.8902455020095176,4.143700003623962,9.727800032123923,124371.0,221497.0,0.0,0.0,8.77,5e-05,1e-05,100.0,0.01,-0.032112874968539803,0.0,0.22717897313845908,-0.03348267528810765,0.0,0.22456805907043653,0.0,0.0,0.0,-0.5545502336177454,0.0,-1.341872984298074,0.40602293623315083,0.0,0.9685153687949248,-0.21272153219460174,0.0,-0.34692814216753987,0.5372377597540943,-2.2367595487987413,-1.8760480215301258,-0.26347812569399554,0.015093898874001033,0.034373626472339186,-0.14526,0.00538,0.01883,0.0012231013895544608,0.0,0.003050138284059555,0.00014669893001338793,0.0,-0.00043922421603700317
210,2.100090199848637,step,2.9484275785723906,0.891633061342894,4.1779999155551195,9.996599983423948,124371.0,221497.0,0.0,0.0,8.77,5e-05,1e-05,100.0,0.01,-0.032112874968539803,0.0,0.22717897313845908,-0.03348267528810765,0.0,0.22456805907043653,0.0,0.0,0.0,-0.5570350339770749,0.0,-1.348069513747064,0.4085047133423856,0.0,0.9747184981036495,-0.21469219153055563,0.0,-0.35019900685527017,0.5372377597540943,-2.2367595487987413,-1.8760480215301258,-0.26395285107291777,0.014529975830318148,0.03410410874824446,-0.14526,0.00807,0.01614,0.0012216492051863779,0.0,0.003053476463085142,0.0001481511143814709,0.0,-0.00044256239506259036
211,2.11007809988223,step,2.9484275785723906,0.8928133561689005,4.103600047528744,9.987900033593178,124371.0,221497.0,0.0,0.0,8.77,5e-05,1e-05,100.0,0.01,-0.032112874968539803,0.0,0.22717897313845908,-0.03348267528810765,0.0,0.22456805907043653,0.0,0.0,0.0,-0.5595168113189966,0.0,-1.3542726429821539,0.4109838899379723,0.0,0.98092722345187,-0.21666952240787477,0.0,-0.3534856193402876,0.5372377597540943,-2.2367595487987413,-1.8760480215301258,-0.2644293898096583,0.013963534865454208,0.03383314420155954,-0.14526,0.00538,0.01614,0.001220403294409054,0.0,0.0030563167152100243,0.00014939702515879465,0.0,-0.0004454026471874726
212,2.120044499868527,step,2.7757980087828007,0.8132484376554895,4.127899883314967,9.966399986296892,124371.0,221497.0,0.0,0.0,8.77,5e-05,1e-05,100.0,0.01,-0.032370039290062796,0.0,0.2271111075798868,-0.03348267528810765,0.0,0.22456805907043653,0.0,0.0,0.0,-0.5336472640952696,0.0,-1.3506164702904877,0.4129355668760206,0.0,0.9870017842836977,-0.2065873623030679,0.0,-0.354836608593821,0.5357037789662087,-2.2367595487987413,-1.8760480215301258,-0.2618133963899285,0.014801271261373615,0.03322347322287948,-0.14795,0.00538,0.01614,0.0009607612056201182,0.0,0.00299035269343076,0.00015187479242473757,0.0,-0.0004473041839804801
213,2.130246799904853,step,2.9484275785723906,0.9094636083571983,3.905500052496791,10.20230003632605,124371.0,221497.0,0.0,0.0,8.77,5e-05,1e-05,100.0,0.01,-0.032112874968539803,0.0,0.22717897313845908,-0.03348267528810765,0.0,0.22456805907043653,0.0,0.0,0.0,-0.5639456031632738,0.0,-1.3665550661017576,0.4155007801538251,0.0,0.9932422143634702,-0.22043343326044348,0.0,-0.36011677434227357,0.5372377597540943,-2.2367595487987413,-1.8760480215301258,-0.26535303782800973,0.012836459533177441,0.0332744864173823,-0.14795,0.00807,0.01614,0.0012628219044079078,0.0,0.0030720844406386546,0.00010697841515994091,0.0,-0.0004611703726161028
214,2.1402622999157757,step,2.9484275785723906,0.9073354542813898,3.9512999355793,10.015500010922551,124371.0,221497.0,0.0,0.0,8.77,5e-05,1e-05,100.0,0.01,-0.032112874968539803,0.0,0.22717897313845908,-0.03348267528810765,0.0,0.22456805907043653,0.0,0.0,0.0,-0.5665128705224992,0.0,-1.3727963585514213,0.41804822135938235,0.0,0.9994812096450737,-0.22247751820549438,0.0,-0.3634625430127994,0.5372377597540943,-2.2367595487987413,-1.8760480215301258,-0.26584337936769664,0.012257641863051907,0.03300029582727512,-0.14526,0.00538,0.01345,0.0012541035518346952,0.0,0.003071453082202652,0.00011569676773315351,0.0,-0.00046053901418010006
215,2.1502384999766946,step,2.9484275785723906,0.9054302581490127,3.982699941843748,9.976200060918927,124371.0,221497.0,0.0,0.0,8.77,5e-05,1e-05,100.0,0.01,-0.032112874968539803,0.0,0.22717897313845908,-0.03348267528810765,0.0,0.22456805907043653,0.0,0.0,0.0,-0.5690603142810466,0.0,-1.3790353541233684,0.42058008866299873,0.0,1.0057187307019517,-0.2245179722792422,0.0,-0.36681693307732965,0.5372377597540943,-2.2367595487987413,-1.8760480215301258,-0.2663334924010877,0.011677955498147319,0.03272492727398125,-0.15064,0.01076,0.01614,0.0012464655925094805,0.0,0.0030707989193772297,0.00012333472705836827,0.0,-0.000459884851354678
216,2.1602489999495447,step,2.9484275785723906,0.9037307585423089,3.9173001423478127,10.010499972850084,124371.0,221497.0,0.0,0.0,8.77,5e-05,1e-05,100.0,0.01,-0.032112874968539803,0.0,0.22717897313845908,-0.03348267528810765,0.0,0.22456805907043653,0.0,0.0,0.0,-0.5715921827838908,0.0,-1.3852728751967918,0.4230983869918646,0.0,1.0119547627836225,-0.22656425531537466,0.0,-0.3701925861568126,0.5372377597540943,-2.2367595487987413,-1.8760480215301258,-0.26682552080162625,0.011095091897159987,0.03244743675858227,-0.15064,0.00538,0.01614,0.0012398130502771234,0.0,0.0030701342522370056,0.00012998726929072538,0.0,-0.0004592201842144538
217,2.170248399954289,step,2.9484275785723906,0.902220493564368,3.917600028216839,9.99940000474453,124371.0,221497.0,0.0,0.0,8.77,5e-05,1e-05,100.0,0.01,-0.032112874968539803,0.0,0.22717897313845908,-0.03348267528810765,0.0,0.22456805907043653,0.0,0.0,0.0,-0.5741104821572074,0.0,-1.3915089072950664,0.42560493712505154,0.0,1.0181893116868912,-0.22861245541753453,0.0,-0.37358171201059065,0.5372377597540943,-2.2367595487987413,-1.8760480215301258,-0.2673184649766358,0.010510339450161041,0.03216850760499952,-0.15064,0.00269,0.02152,0.0012340554077569779,0.0,0.003069469342399267,0.00013574491181087087,0.0,-0.00045855527437671517
218,2.180253400001675,step,2.9484275785723906,0.9008838225521739,5.320300115272403,10.005000047385693,124371.0,221497.0,0.0,0.0,8.77,5e-05,1e-05,100.0,0.01,-0.032112874968539803,0.0,0.22717897313845908,-0.03348267528810765,0.0,0.22456805907043653,0.0,0.0,0.0,-0.5766170331946955,0.0,-1.397743456214886,0.4281013854740307,0.0,1.0244224000966788,-0.23066507796952362,0.0,-0.376987127218647,0.5372377597540943,-2.2367595487987413,-1.8760480215301258,-0.26781286927374026,0.009923155972035469,0.031887950559413805,-0.15064,0.00538,0.01883,0.0012291069459153317,0.0,0.00306881264421391,0.00014069337365251702,0.0,-0.00045789857619135807
219,2.1902293998282403,step,2.9484275785723906,0.8997059358165794,3.9654001593589783,9.975999826565385,124371.0,221497.0,0.0,0.0,8.77,5e-05,1e-05,100.0,0.01,-0.032112874968539803,0.0,0.22717897313845908,-0.03348267528810765,0.0,0.22456805907043653,0.0,0.0,0.0,-0.5791134823212457,0.0,-1.4039765446409618,0.4305892143068507,0.0,1.0306540643593403,-0.23271914234203556,0.0,-0.3804027983663362,0.5372377597540943,-2.2367595487987413,-1.8760480215301258,-0.26830796775281224,0.009334535865308358,0.03160629744489418,-0.14795,0.00538,0.02152,0.0012248869644108304,0.0,0.003068171017725017,0.00014491335515701836,0.0,-0.0004572569497024652
220,2.2002432998269796,step,2.9484275785723906,0.8986728553542946,3.948899917304516,10.013899998739362,124371.0,221497.0,0.0,0.0,8.77,5e-05,1e-05,100.0,0.01,-0.032112874968539803,0.0,0.22717897313845908,-0.03348267528810765,0.0,0.22456805907043653,0.0,0.0,0.0,-0.5816013118175396,0.0,-1.4102082089195254,0.4330697522112368,0.0,1.036884351652533,-0.23478237305218028,0.0,-0.3838402997551024,0.5372377597540943,-2.2367595487987413,-1.8760480215301258,-0.2688055662286614,0.008742431054463928,0.03132263433988311,-0.14795,0.00538,0.02152,0.001221319900984616,0.0,0.0030675499239795744,0.00014848041858323284,0.0,-0.00045663585595702265
221,2.2102373999077827,step,2.9484275785723906,0.8977714286520148,4.037100123241544,9.994100080803037,124371.0,221497.0,0.0,0.0,8.77,5e-05,1e-05,100.0,0.01,-0.032112874968539803,0.0,0.22717897313845908,-0.03348267528810765,0.0,0.22456805907043653,0.0,0.0,0.0,-0.5840818502831427,0.0,-1.416438496228062,0.43554418462488986,0.0,1.0431133175170915,-0.23684920421573746,0.0,-0.38728958557022075,0.5372377597540943,-2.2367595487987413,-1.8760480215301258,-0.26930428826976804,0.008148539458545323,0.03103781479563819,-0.15064,0.00538,0.02152,0.0012183353661497872,0.0,0.0030669536033629003,0.00015146495341806154,0.0,-0.00045603953534034854
222,2.220259599853307,step,2.9484275785723906,0.8969893171130301,3.953400067985058,10.022199945524335,124371.0,221497.0,0.0,0.0,8.77,5e-05,1e-05,100.0,0.01,-0.032112874968539803,0.0,0.22717897313845908,-0.03348267528810765,0.0,0.22456805907043653,0.0,0.0,0.0,-0.5865562831667595,0.0,-1.4226674621073858,0.4380135642906062,0.0,1.0493410237179466,-0.2389252729974728,0.0,-0.3907590228235687,0.5372377597540943,-2.2367595487987413,-1.8760480215301258,-0.2698054482030804,0.00755137681292084,0.03075118095793624,-0.14795,0.00538,0.01883,0.001215868107629594,0.0,0.0030663852377314543,0.00015393221193825478,0.0,-0.0004554711697089026
223,2.2300888998433948,step,2.9484275785723906,0.8963149802124247,4.053300013765693,9.829299990087748,124371.0,221497.0,0.0,0.0,8.77,5e-05,1e-05,100.0,0.01,-0.032112874968539803,0.0,0.22717897313845908,-0.03348267528810765,0.0,0.22456805907043653,0.0,0.0,0.0,-0.589025663221409,0.0,-1.428895168322286,0.4404788215197893,0.0,1.055567536402839,-0.24098719247601177,0.0,-0.39420959831653635,0.5372377597540943,-2.2367595487987413,-1.8760480215301258,-0.27030340354928445,0.0069576610370374325,0.030465953752843278,-0.15064,0.00538,0.01076,0.0012138579173265873,0.0,0.003065847097179207,0.0001559424022412614,0.0,-0.0004549330291566552
224,2.2402861998416483,step,2.9484275785723906,0.8957376561894876,4.22689993865788,10.197299998253584,124371.0,221497.0,0.0,0.0,8.77,5e-05,1e-05,100.0,0.01,-0.032112874968539803,0.0,0.22717897313845908,-0.03348267528810765,0.0,0.22456805907043653,0.0,0.0,0.0,-0.5914909207679144,0.0,-1.4351216810204932,0.4429407741707597,0.0,1.0617929245293702,-0.24309597386572548,0.0,-0.39774043962776195,0.5372377597540943,-2.2367595487987413,-1.8760480215301258,-0.27081275740863997,0.006350211600822525,0.03017403335121882,-0.14795,0.00269,0.01345,0.0012122494920721225,0.0,0.003065340672317389,0.00015755082749572625,0.0,-0.0004544266042948372
225,2.250264899805188,step,2.9484275785723906,0.8952473398833458,3.8707000203430653,9.978699963539839,124371.0,221497.0,0.0,0.0,8.77,5e-05,1e-05,100.0,0.01,-0.032112874968539803,0.0,0.22717897313845908,-0.03348267528810765,0.0,0.22456805907043653,0.0,0.0,0.0,-0.5939528736732599,0.0,-1.4413470691595751,0.44540013726825006,0.0,1.0680172585327872,-0.24518855878503892,0.0,-0.4012477964160293,0.5372377597540943,-2.2367595487987413,-1.8760480215301258,-0.271318359490645,0.0057469543806176054,0.029883939595278235,-0.15064,0.00269,0.01345,0.0012109922580025856,0.0,0.003064866792972527,0.00015880806156526317,0.0,-0.00045395272494997514
226,2.2603070999030024,step,2.9484275785723906,0.8948347581843533,3.8750001695007086,10.042200097814202,124371.0,221497.0,0.0,0.0,8.77,5e-05,1e-05,100.0,0.01,-0.032112874968539803,0.0,0.22717897313845908,-0.03348267528810765,0.0,0.22456805907043653,0.0,0.0,0.0,-0.5964122369700827,0.0,-1.447571403174733,0.44785753220785446,0.0,1.0742406092087562,-0.24729583640041028,0.0,-0.40478168065043096,0.5372377597540943,-2.2367595487987413,-1.8760480215301258,-0.2718275954307526,0.005139213894881964,0.029591591655874903,-0.15333,0.00269,0.01076,0.0012100401671300543,0.0,0.003064425734217087,0.00015976015243779449,0.0,-0.00045351166619453506
227,2.2702513998374343,step,2.9484275785723906,0.8944913434891538,3.8987998850643635,9.94429993443191,124371.0,221497.0,0.0,0.0,8.77,5e-05,1e-05,100.0,0.01,-0.032112874968539803,0.0,0.22717897313845908,-0.03348267528810765,0.0,0.22456805907043653,0.0,0.0,0.0,-0.5988696320611917,0.0,-1.4537947538616798,0.4503134955042281,0.0,1.0804630467872405,-0.24940044173318257,0.0,-0.40831321196643616,0.5372377597540943,-2.2367595487987413,-1.8760480215301258,-0.27233627949126293,0.004531966889792183,0.029299371122122636,-0.15333,0.00269,0.01345,0.0012093514735148382,0.0,0.0030640173106435175,0.00016044884605301052,0.0,-0.0004531032426209657
228,2.2802595999091864,step,2.9484275785723906,0.8942092054958439,4.379100166261196,10.008200071752071,124371.0,221497.0,0.0,0.0,8.77,5e-05,1e-05,100.0,0.01,-0.032112874968539803,0.0,0.22717897313845908,-0.03348267528810765,0.0,0.22456805907043653,0.0,0.0,0.0,-0.6013255954677679,0.0,-1.4600171914503581,0.45276848705472833,0.0,1.0866846401754209,-0.2515203351913723,0.0,-0.4118713923634542,0.5372377597540943,-2.2367595487987413,-1.8760480215301258,-0.27284870261652366,0.003920179101674803,0.029004914045951333,-0.15064,0.00269,0.01883,0.0012088884953990468,0.0,0.003063640959778252,0.0001609118241688019,0.0,-0.0004527268917557002
229,2.290264999959618,step,2.9484275785723906,0.8939811016454531,3.9582999888807535,10.00540005043149,124371.0,221497.0,0.0,0.0,8.77,5e-05,1e-05,100.0,0.01,-0.032112874968539803,0.0,0.22717897313845908,-0.03348267528810765,0.0,0.22456805907043653,0.0,0.0,0.0,-0.6037805870930734,0.0,-1.4662387848479572,0.45522289790116927,0.0,1.0929054563493787,-0.253648427659437,0.0,-0.41544427559909997,0.5372377597540943,-2.2367595487987413,-1.8760480215301258,-0.27336314912782333,0.0033059025729865466,0.028709210533248694,-0.15064,0.00269,0.01076,0.0012086173687173279,0.0,0.003063295815509382,0.00016118295085052088,0.0,-0.0004523817474868302
230,2.3002829998731613,step,2.9484275785723906,0.8938004064983385,3.877399954944849,10.017999913543463,124371.0,221497.0,0.0,0.0,8.77,5e-05,1e-05,100.0,0.01,-0.032112874968539803,0.0,0.22717897313845908,-0.03348267528810765,0.0,0.22456805907043653,0.0,0.0,0.0,-0.6062349979842244,0.0,-1.4724596010305884,0.4576770574816297,0.0,1.0991255598759777,-0.2557866104085358,0.0,-0.4190346670168894,0.5372377597540943,-2.2367595487987413,-1.8760480215301258,-0.2738800599033355,0.002688639565768272,0.028412040078563655,-0.15064,0.00269,0.01076,0.0012085077965564303,0.0,0.0030629807723720668,0.0001612925230114184,0.0,-0.000452066704349515
231,2.310247999848798,step,2.9484275785723906,0.8936610803228724,4.8462999984622,9.964999975636601,124371.0,221497.0,0.0,0.0,8.77,5e-05,1e-05,100.0,0.01,-0.032112874968539803,0.0,0.22717897313845908,-0.03348267528810765,0.0,0.22456805907043653,0.0,0.0,0.0,-0.6086891575840282,0.0,-1.4786797045651314,0.4601312403719911,0.0,1.1053450125480238,-0.2579277322840808,0.0,-0.42263060266787467,0.5372377597540943,-2.2367595487987413,-1.8760480215301258,-0.27439770808061803,0.002070448770855021,0.02811439152511727,-0.15333,0.00269,0.01345,0.0012085327983823821,0.0,0.0030626945415008176,0.00016126752118546662,0.0,-0.00045178047347826586
232,2.3202567999251187,step,2.9484275785723906,0.8935576371648248,4.7562001273036,10.008800076320767,124371.0,221497.0,0.0,0.0,8.77,5e-05,1e-05,100.0,0.01,-0.032112874968539803,0.0,0.22717897313845908,-0.03348267528810765,0.0,0.22456805907043653,0.0,0.0,0.0,-0.6111433404726018,0.0,-1.4848991572444483,0.4625856725232666,0.0,1.111563873117357,-0.2600827044621143,0.0,-0.4262497513472443,0.5372377597540943,-2.2367595487987413,-1.8760480215301258,-0.27491870265581864,0.0014482653347149405,0.027814823061343724,-0.15064,-0.0,0.01076,0.0012086684621861515,0.0,0.0030624356990189812,0.00016113185738169723,0.0,-0.00045152163099642945
233,2.3302980998996645,step,2.9484275785723906,0.8934851126564247,4.762000171467662,10.041299974545836,124371.0,221497.0,0.0,0.0,8.77,5e-05,1e-05,100.0,0.01,-0.032112874968539803,0.0,0.22717897313845908,-0.03348267528810765,0.0,0.22456805907043653,0.0,0.0,0.0,-0.6135977726046974,0.0,-1.4911180178203725,0.46504053700596654,0.0,1.1177821971120008,-0.2622504241398255,0.0,-0.4298901386595266,0.5372377597540943,-2.2367595487987413,-1.8760480215301258,-0.2754427716158338,0.0008224235870055024,0.027513501972505974,-0.15064,-0.0,0.01345,0.001208893702108958,0.0,0.003062202727594195,0.00016090661745889081,0.0,-0.00045128865957164317
234,2.3403487999457866,step,2.9484275785723906,0.8934390318127629,4.5535999815911055,10.050700046122074,124371.0,221497.0,0.0,0.0,8.77,5e-05,1e-05,100.0,0.01,-0.032112874968539803,0.0,0.22717897313845908,-0.03348267528810765,0.0,0.22456805907043653,0.0,0.0,0.0,-0.6160526370541246,0.0,-1.4973363418210024,0.4674959792768841,0.0,1.124000036724896,-0.26442841586051435,0.0,-0.4335475698791904,0.5372377597540943,-2.2367595487987413,-1.8760480215301258,-0.2759693148372231,0.00019364310477376634,0.02721077664741358,-0.15333,-0.0,0.01345,0.0012091900235905553,0.0,0.003061994051845301,0.0001606102959772935,0.0,-0.000451079983822749
235,2.3502548998221755,step,2.9484275785723906,0.8934153770492387,4.145399900153279,9.906099876388907,124371.0,221497.0,0.0,0.0,8.77,5e-05,1e-05,100.0,0.01,-0.032112874968539803,0.0,0.22717897313845908,-0.03348267528810765,0.0,0.22456805907043653,0.0,0.0,0.0,-0.6185080792805729,0.0,-1.5035541814393054,0.4699521119869008,0.0,1.1302174407630448,-0.2665992971809939,0.0,-0.4371934292536125,0.5372377597540943,-2.2367595487987413,-1.8760480215301258,-0.2764941553266441,-0.00043313260587378444,0.026908997499494977,-0.15871000000000002,-0.0,0.01345,0.0012095412976315775,0.0,0.003061808068242037,0.0001602590219362712,0.0,-0.0004508940002194853
236,2.360243699979037,step,2.9484275785723906,0.8934105566370759,4.017699975520372,9.988800156861544,124371.0,221497.0,0.0,0.0,8.77,5e-05,1e-05,100.0,0.01,-0.032112874968539803,0.0,0.22717897313845908,-0.03348267528810765,0.0,0.22456805907043653,0.0,0.0,0.0,-0.6209642119374491,0.0,-1.5097715854823117,0.47240901935083607,0.0,1.1364344546471057,-0.26878881808092775,0.0,-0.4408698496805665,0.5372377597540943,-2.2367595487987413,-1.8760480215301258,-0.27702346941749756,-0.001065193165244574,0.026604712155797253,-0.15871000000000002,-0.0,0.01076,0.0012099335453685275,0.0,0.0030616431700944183,0.00015986677419932123,0.0,-0.00045072910207186656
237,2.3702635997906327,step,2.7757980087828007,0.8132130232218062,3.9150998927652836,10.019899811595678,124371.0,221497.0,0.0,0.0,8.77,5e-05,1e-05,100.0,0.01,-0.032370039290062796,0.0,0.2271111075798868,-0.03348267528810765,0.0,0.22456805907043653,0.0,0.0,0.0,-0.5950723952222746,0.0,-1.5061237013932491,0.47434168596146997,0.0,1.1425123113244489,-0.25755433508748066,0.0,-0.44239393910675173,0.5357037789662087,-2.2367595487987413,-1.8760480215301258,-0.2742409493467517,-0.00016854709649298527,0.02593026370108159,-0.15333,-0.0,0.01614,0.0009517729760975856,0.0,0.002993138964713631,0.0001608630219472702,0.0,-0.0004500904552633511
238,2.380273099988699,step,2.9484275785723906,0.9082165570035088,3.895499976351857,10.009500198066235,124371.0,221497.0,0.0,0.0,8.77,5e-05,1e-05,100.0,0.01,-0.032112874968539803,0.0,0.22717897313845908,-0.03348267528810765,0.0,0.22456805907043653,0.0,0.0,0.0,-0.6253517237120215,0.0,-1.522065593105754,0.47689039933330835,0.0,1.1487517642291352,-0.2729403241289252,0.0,-0.4482500008314809,0.5372377597540943,-2.2367595487987413,-1.8760480215301258,-0.2780451493736933,-0.002316945148597774,0.025980964330873386,-0.15333,-0.0,0.01076,0.0012551653687197363,0.0,0.003072744582522911,0.00011463495084811245,0.0,-0.0004618305145003593
239,2.3904831998515874,step,2.9484275785723906,0.9054550452449022,3.7910998798906803,10.210099862888455,124371.0,221497.0,0.0,0.0,8.77,5e-05,1e-05,100.0,0.01,-0.032112874968539803,0.0,0.22717897313845908,-0.03348267528810765,0.0,0.22456805907043653,0.0,0.0,0.0,-0.6279024909720391,0.0,-1.528305908428,0.4794238187044193,0.0,1.154986318303486,-0.27522829083891187,0.0,-0.4520187790798668,0.5372377597540943,-2.2367595487987413,-1.8760480215301258,-0.2785950449259174,-0.002967924729065194,0.025671336390929812,-0.15333,-0.0,0.01345,0.0012476432009355769,0.0,0.0030703558559742367,0.00012215711863227188,0.0,-0.0004594417879516849
240,2.400480799842626,step,2.9484275785723906,0.903051296631602,3.6892001517117023,9.997599991038442,124371.0,221497.0,0.0,0.0,8.77,5e-05,1e-05,100.0,0.01,-0.032112874968539803,0.0,0.22717897313845908,-0.03348267528810765,0.0,0.22456805907043653,0.0,0.0,0.0,-0.6304359127053981,0.0,-1.5345404628313288,0.4819438772143953,0.0,1.1612165894935607,-0.2774925888120653,0.0,-0.45576168540963724,0.5372377597540943,-2.2367595487987413,-1.8760480215301258,-0.2791398304439423,-0.0036138781561389083,0.025363412136740225,-0.15333,-0.0,0.01076,0.0012410725133924435,0.0,0.0030682693653235984,0.00012872780617540522,0.0,-0.00045735529730104663
241,2.4102494998369366,step,2.9484275785723906,0.90097074059332,3.882399993017316,9.768699994310737,124371.0,221497.0,0.0,0.0,8.77,5e-05,1e-05,100.0,0.01,-0.032112874968539803,0.0,0.22717897313845908,-0.03348267528810765,0.0,0.22456805907043653,0.0,0.0,0.0,-0.6329559722442579,0.0,-1.540770734069296,0.48445233406098087,0.0,1.1674431384938615,-0.27973290043581023,0.0,-0.4594754318588944,0.5372377597540943,-2.2367595487987413,-1.8760480215301258,-0.27967930762936527,-0.004254354982196978,0.025057550620331055,-0.15333,-0.0,0.01345,0.0012353676902707635,0.0,0.0030664579569425793,0.00013443262929708523,0.0,-0.0004555438889200275
242,2.4202259997837245,step,2.7216321282854117,0.7798809364129308,3.888899926096201,9.976499946787953,124371.0,221497.0,0.0,0.0,8.77,5e-05,1e-05,100.0,0.01,-0.032220090004842925,0.0,0.2269791086021133,-0.03348267528810765,0.0,0.22456805907043653,0.0,0.0,0.0,-0.623645490805617,0.0,-1.517945090779064,0.486731880940322,0.0,1.1732576948368083,-0.2776710977731784,0.0,-0.4546611824722779,0.5372377597540943,-2.238293529586627,-1.8760480215301258,-0.2788463399538441,-0.0029509406317516085,0.025420371763780966,-0.15602000000000002,-0.0,0.01076,0.0011226414319927642,0.0,0.0028635786868025565,0.00013994385127196352,0.0,-0.0004525291551257999
243,2.4302571997977793,step,2.7216321282854117,0.7978109438455874,3.8560000248253345,10.031200014054775,124371.0,221497.0,0.0,0.0,8.77,5e-05,1e-05,100.0,0.01,-0.032220090004842925,0.0,0.2269791086021133,-0.03348267528810765,0.0,0.22456805907043653,0.0,0.0,0.0,-0.6259241787492048,0.0,-1.5237571057752084,0.4890404212647384,0.0,1.1791375146894354,-0.27983338229097837,0.0,-0.4582967089826009,0.5372377597540943,-2.238293529586627,-1.8760480215301258,-0.2793692407469315,-0.0035757265140354405,0.0251199934088098,-0.15602000000000002,-0.0,0.00807,0.001136927589058894,0.0,0.0028957386355544295,0.00012565769420583382,0.0,-0.0004846891038776729
244,2.4402267998084426,step,2.4948350769324015,0.6991961856941091,5.073399981483817,9.969600010663271,124371.0,221497.0,0.0,0.0,8.77,5e-05,1e-05,100.0,0.01,-0.03232699832676364,0.0,0.22677907983517642,-0.03348267528810765,0.0,0.22456805907043653,0.0,0.0,0.0,-0.6164475880857793,0.0,-1.5005608592966306,0.49115422427012767,0.0,1.1846602795508319,-0.27763671159091147,0.0,-0.45329349161226273,0.5372377597540943,-2.2398275103745124,-1.8760480215301258,-0.27850515816220967,-0.0022383227930201505,0.025496405902908283,-0.15602000000000002,-0.0,0.01076,0.0010410282810183879,0.0,0.0027199102260097407,0.00011464868032562479,0.0,-0.0005088894612698502
245,2.450374099891633,step,2.4948350769324015,0.726800318524518,3.9486000314354897,10.147300083190203,124371.0,221497.0,0.0,0.0,8.77,5e-05,1e-05,100.0,0.01,-0.03232699832676364,0.0,0.22677907983517642,-0.03348267528810765,0.0,0.22456805907043653,-0.0016689061686996777,0.0,-0.0031283443105911374,-0.5937795110785479,0.0,-1.4527403039278441,0.4933217116182906,0.0,1.1902862224745892,-0.2683372709466623,0.0,-0.44075567762482415,0.5372377597540943,-2.2398275103745124,-1.8760480215301258,-0.2764904569270412,0.00014370279735659297,0.026348659440288726,-0.15602000000000002,-0.0,0.01076,0.0010674736032014998,0.0,0.0027707407700991583,8.820335814251285e-05,0.0,-0.0005597200053592678
246,2.460242899833247,step,2.268036557932154,0.6377761752607441,4.013099940493703,9.86879994161427,124371.0,221497.0,0.0,0.0,8.77,5e-05,1e-05,100.0,0.01,-0.032433599682736444,0.0,0.22657888730833547,-0.03348267528810765,0.0,0.22456805907043653,-0.0016641053869058595,0.0,-0.0031309006998596098,-0.5842665727059717,0.0,-1.4292211820478866,0.49530977637135515,0.0,1.19557244366478,-0.26597843870340726,0.0,-0.4354839959864266,0.5372377597540943,-2.2413614911623982,-1.8760480215301258,-0.2756351399634063,0.0015198154577703155,0.02677269562049149,-0.15333,-0.0,0.01076,0.000979114632126223,0.0,0.002603444635288304,6.996097324498502e-05,0.0,-0.0005926163973893612
247,2.4702446998562664,step,2.268036557932154,0.6648090450501899,4.035399993881583,10.001800023019314,124371.0,221497.0,0.0,0.0,8.77,5e-05,1e-05,100.0,0.01,-0.032433599682736444,0.0,0.22657888730833547,-0.03348267528810765,0.0,0.22456805907043653,-0.003328210773811719,0.0,-0.0062618013997192195,-0.56154404478103,0.0,-1.3811204904403844,0.49735768722898405,0.0,1.2009626390982935,-0.2564695233927916,0.0,-0.42262195378316514,0.5372377597540943,-2.2413614911623982,-1.8760480215301258,-0.2735179120519216,0.003965613492275449,0.027616081133718773,-0.15602000000000002,-0.0,0.01345,0.0010085940366313347,0.0,0.0026546658270143256,4.048156873987332e-05,0.0,-0.0006438375891153827
248,2.4802370998077095,step,2.041236704704437,0.5771028618927174,4.041800042614341,9.992399951443076,124371.0,221497.0,0.0,0.0,8.77,5e-05,1e-05,100.0,0.01,-0.03253989382191795,0.0,0.2263785314926628,-0.03348267528810765,0.0,0.22456805907043653,-0.003318601379754392,0.0,-0.006266899440506164,-0.5520167983947869,0.0,-1.3572985469847092,0.4992259855671038,0.0,1.2059996008166738,-0.25398171699562183,0.0,-0.41712496676585264,0.5372377597540943,-2.242895471950284,-1.8760480215301258,-0.2726788695935335,0.005372421347066572,0.028084383428769802,-0.15064,0.00538,0.01883,0.0009201397713941661,0.0,0.0024807113026370183,2.2641694795535452e-05,0.0,-0.000670238880410757
249,2.4900771998800337,step,2.041236704704437,0.5972752074019623,4.178100032731891,9.840100072324276,124371.0,221497.0,0.0,0.0,8.77,5e-05,1e-05,100.0,0.01,-0.03253989382191795,0.0,0.2263785314926628,-0.03348267528810765,0.0,0.22456805907043653,-0.004977902069631589,0.0,-0.009400349160759245,-0.5292458510972073,0.0,-1.3089051298319438,0.5011474721269057,0.0,1.2111160405540426,-0.24426540919906856,0.0,-0.4039321894744114,0.5372377597540943,-2.242895471950284,-1.8760480215301258,-0.27045916947126447,0.007882721257190986,0.028919620339081527,-0.15333,-0.0,0.01614,0.000946339688005346,0.0,0.0025198666938679695,-3.5582218156443796e-06,0.0,-0.0007093942716417082
250,2.5001665998715907,step,2.041236704704437,0.6040108917814749,4.102199804037809,10.089399991557002,124371.0,221497.0,0.0,0.0,8.77,5e-05,1e-05,100.0,0.01,-0.03253989382191795,0.0,0.2263785314926628,-0.03348267528810765,0.0,0.22456805907043653,-0.004977902069631589,0.0,-0.009400349160759245,-0.5311669188124262,0.0,-1.3140199597311544,0.50309507253586,0.0,1.216255445982812,-0.24613548440952057,0.0,-0.40715770270640356,0.5372377597540943,-2.242895471950284,-1.8760480215301258,-0.27091490889319136,0.007331864428250109,0.028652323570024493,-0.14795,0.00269,0.01345,0.0009592053502851815,0.0,0.0025311892326039843,-1.6423884095479878e-05,0.0,-0.000720716810377723
251,2.5100277999881655,step,2.041236704704437,0.6006904889345039,4.251100122928619,9.861200116574764,124371.0,221497.0,0.0,0.0,8.77,5e-05,1e-05,100.0,0.01,-0.03253989382191795,0.0,0.2263785314926628,-0.03348267528810765,0.0,0.22456805907043653,-0.003318601379754392,0.0,-0.006266899440506164,-0.5577529093003372,0.0,-1.3725871919133397,0.5050486453855132,0.0,1.2213763700533713,-0.25967090926817366,0.0,-0.42690323351721193,0.5372377597540943,-2.242895471950284,-1.8760480215301258,-0.27396906338463844,0.0037148389939308107,0.027215457917774813,-0.15333,0.00269,0.01076,0.000962151115313438,0.0,0.0025220983219535306,-1.936964912373641e-05,0.0,-0.0007116258997272693
252,2.5200702999718487,step,2.041236704704437,0.5904756714026966,6.400099955499172,10.042499983683228,124371.0,221497.0,0.0,0.0,8.77,5e-05,1e-05,100.0,0.01,-0.03253989382191795,0.0,0.2263785314926628,-0.03348267528810765,0.0,0.22456805907043653,-0.003318601379754392,0.0,-0.006266899440506164,-0.5597068959517546,0.0,-1.3777097243304641,0.5069940143039254,0.0,1.2264502990681783,-0.26161459350318345,0.0,-0.43021433464807146,0.5372377597540943,-2.242895471950284,-1.8760480215301258,-0.2744408986484207,0.0031477056231890427,0.02694235618359679,-0.15333,-0.0,0.01614,0.0009581147005704326,0.0,0.0024989635296040506,-1.5333234380731048e-05,0.0,-0.0006884911073777892
253,2.5300737000070512,step,2.041236704704437,0.5761375991495913,6.138900062069297,10.003400035202503,124371.0,221497.0,0.0,0.0,8.77,5e-05,1e-05,100.0,0.01,-0.03253989382191795,0.0,0.2263785314926628,-0.03348267528810765,0.0,0.22456805907043653,-0.001659300689877196,0.0,-0.003133449720253082,-0.586290658333083,0.0,-1.4362114818641472,0.5089220959939996,0.0,1.2314597345287022,-0.27531863250788097,0.0,-0.4501853516336939,0.5372377597540943,-2.242895471950284,-1.8760480215301258,-0.27752692291478476,-0.0005097616577735137,0.025486646862167305,-0.14795,-0.0,0.01883,0.0009496044308498467,0.0,0.002467209835485069,-6.822964660145136e-06,0.0,-0.0006567374132588075
254,2.540380499791354,step,2.041236704704437,0.5599926087030441,5.7604999747127295,10.306799784302711,124371.0,221497.0,0.0,0.0,8.77,5e-05,1e-05,100.0,0.01,-0.03253989382191795,0.0,0.2263785314926628,-0.03348267528810765,0.0,0.22456805907043653,-0.001659300689877196,0.0,-0.003133449720253082,-0.5882191556157609,0.0,-1.441222526184867,0.5108281182772254,0.0,1.2363964753165946,-0.2773415829687449,0.0,-0.45359963892618754,0.5372377597540943,-2.242895471950284,-1.8760480215301258,-0.27801658191062284,-0.001095862481594545,0.025206037776147903,-0.15602000000000002,-0.0,0.01076,0.0009387435526325893,0.0,0.0024314162674997867,4.037913557112258e-06,0.0,-0.0006209438452735253
255,2.5502577999141067,step,2.041236704704437,0.5439060321862572,4.049099981784821,9.877300122752786,124371.0,221497.0,0.0,0.0,8.77,5e-05,1e-05,100.0,0.01,-0.03253989382191795,0.0,0.2263785314926628,-0.03348267528810765,0.0,0.22456805907043653,0.0,0.0,0.0,-0.6147635724285608,0.0,-1.4995870957783322,0.5127109220294118,0.0,1.2412600863207257,-0.2911690303690546,0.0,-0.4737284642699331,0.5372377597540943,-2.242895471950284,-1.8760480215301258,-0.2811239177198839,-0.004781800587287777,0.023736772856744567,-0.15333,-0.0,0.01345,0.0009273115401523858,0.0,0.0023954077028503825,1.5469926037315783e-05,0.0,-0.0005849352806241211
256,2.5602911999449134,step,2.041236704704437,0.5293358514938424,5.329699954017997,10.03340003080666,124371.0,221497.0,0.0,0.0,8.77,5e-05,1e-05,100.0,0.01,-0.03253989382191795,0.0,0.2263785314926628,-0.03348267528810765,0.0,0.22456805907043653,0.0,0.0,0.0,-0.6166467922300597,0.0,-1.5044523157389462,0.5145723409285508,0.0,1.24605653974937,-0.2932024683844332,0.0,-0.4771383346448877,0.5372377597540943,-2.242895471950284,-1.8760480215301258,-0.2816151301343802,-0.005368049938841865,0.02345723025199071,-0.15602000000000002,-0.00538,0.01076,0.0009167824092975086,0.0,0.002362339896962375,2.5999056892192962e-05,0.0,-0.0005518674747361134
257,2.5702692999038845,step,2.041236704704437,0.5161841811704672,4.031900083646178,9.978099958971143,124371.0,221497.0,0.0,0.0,8.77,5e-05,1e-05,100.0,0.01,-0.03253989382191795,0.0,0.2263785314926628,-0.03348267528810765,0.0,0.22456805907043653,0.0,0.0,0.0,-0.6185082131462516,0.0,-1.5092487704092001,0.5164141517786103,0.0,1.2507915917150525,-0.2952265432951906,0.0,-0.4805279113416219,0.5372377597540943,-2.242895471950284,-1.8760480215301258,-0.2821038761694531,-0.005950999761299036,0.02317949835390882,-0.15602000000000002,-0.0,0.01614,0.0009071281701746549,0.0,0.0023321064837752425,3.565329601504675e-05,0.0,-0.0005216340615489812
258,2.5802996999118477,step,1.8144356506698194,0.4161244443727021,3.9314001332968473,10.03040000796318,124371.0,221497.0,0.0,0.0,8.77,5e-05,1e-05,100.0,0.01,-0.032645880494187776,0.0,0.22617801285961503,-0.03348267528810765,0.0,0.22456805907043653,0.0,0.0,0.0,-0.6086664960638288,0.0,-1.4848365516132445,0.5180216842818997,0.0,1.2550606628582806,-0.2926254853841722,0.0,-0.4747339993291597,0.5372377597540943,-2.2444294527381694,-1.8760480215301258,-0.2811363016941832,-0.0044821867787250835,0.023626475560970833,-0.15871000000000002,-0.00269,0.01076,0.0007917440305053091,0.0,0.0021026085547489436,4.505076341456695e-05,0.0,-0.0004926547655704459
259,2.5903571997769177,step,1.8144356506698194,0.42048319501751547,4.16009989567101,10.057499865069985,124371.0,221497.0,0.0,0.0,8.77,5e-05,1e-05,100.0,0.01,-0.032645880494187776,0.0,0.22617801285961503,-0.03348267528810765,0.0,0.22456805907043653,0.0,0.0,0.0,-0.6102731800872779,0.0,-1.4891030736798767,0.519650075358425,0.0,1.2593473058246742,-0.2945319190849149,0.0,-0.47795777396525674,0.5372377597540943,-2.2444294527381694,-1.8760480215301258,-0.28159799053226275,-0.005035291582259224,0.023361927889333,-0.15871000000000002,-0.00269,0.01345,0.000802019806087555,0.0,0.002111269590109537,3.477498783232115e-05,0.0,-0.0005013158009310394
260,2.6005296998191625,step,1.5876335292493928,0.34165238937091275,3.798099933192134,10.172500042244792,124371.0,221497.0,0.0,0.0,8.77,5e-05,1e-05,100.0,0.01,-0.03275155945014914,0.0,0.2259773318810318,-0.03348267528810765,0.0,0.22456805907043653,-0.0016496795925474341,0.0,-0.0031385256364437823,-0.5757564289385424,0.0,-1.410704469801496,0.5210759639866522,0.0,1.2632269499476323,-0.2797140990929411,0.0,-0.45477307449983945,0.5372377597540943,-2.245963433526055,-1.8760480215301258,-0.27796230540096395,-0.00035817232699962565,0.025074074708016154,-0.15602000000000002,-0.00269,0.01345,0.0007022848012849673,0.0,0.001910819013498545,2.8831036673545272e-05,0.0,-0.0005015462029032704
261,2.610238299937919,step,1.3608304738650514,0.27961674382242185,4.088100045919418,9.708600118756294,124371.0,221497.0,0.0,0.0,8.77,5e-05,1e-05,100.0,0.01,-0.03285693044112921,0.0,0.22577648902913489,-0.03348267528810765,0.0,0.22456805907043653,-0.0016448632155423905,0.0,-0.0031410525192617804,-0.5656369147429293,0.0,-1.3853424662905913,0.5223280812283616,0.0,1.2667504058855865,-0.27673921710595417,0.0,-0.44839363581068126,0.5372377597540943,-2.247497414313941,-1.8760480215301258,-0.276906689080196,0.0012120392286945059,0.025560816355189864,-0.15602000000000002,-0.00538,0.01076,0.0006166999126914689,0.0,0.0017353925790066216,9.044934286974327e-06,0.0,-0.0005269626203082678
262,2.620252799941227,step,1.3608304738650514,0.2956045283915548,4.099000012502074,10.014500003308058,124371.0,221497.0,0.0,0.0,8.77,5e-05,1e-05,100.0,0.01,-0.03285693044112921,0.0,0.22577648902913489,-0.03348267528810765,0.0,0.22456805907043653,-0.003289726431084781,0.0,-0.006282105038523561,-0.5424641689200356,0.0,-1.3353059038808404,0.5236419291993168,0.0,1.2703636798433118,-0.26623813859750733,0.0,-0.43393080181428195,0.5372377597540943,-2.247497414313941,-1.8760480215301258,-0.2745548986950691,0.003933036689108008,0.026521743588054154,-0.15602000000000002,-0.0,0.01345,0.0006471056290848495,0.0,0.0017796350636898664,-2.136078210640622e-05,0.0,-0.0005712051049915126
263,2.630230999784544,step,1.3608304738650514,0.30394276429519934,4.061800194904208,9.97819984331727,124371.0,221497.0,0.0,0.0,8.77,5e-05,1e-05,100.0,0.01,-0.03285693044112921,0.0,0.22577648902913489,-0.03348267528810765,0.0,0.22456805907043653,-0.003289726431084781,0.0,-0.006282105038523561,-0.5437776009964593,0.0,-1.3389175639812587,0.5249944618881593,0.0,1.274020110005399,-0.26788878477668276,0.0,-0.43676558001606036,0.5372377597540943,-2.247497414313941,-1.8760480215301258,-0.274956521795066,0.003448513120116223,0.026288777193631874,-0.15064,-0.0,0.01614,0.0006661606149731515,0.0,0.0018008953021806976,-4.041576799470822e-05,0.0,-0.0005924653434823438
264,2.6402356999460608,step,1.198220099612009,0.2621921261021155,4.048099974170327,10.004700161516666,124371.0,221497.0,0.0,0.0,8.77,5e-05,1e-05,100.0,0.01,-0.03311194250439971,0.0,0.22570748375430044,-0.03348267528810765,0.0,0.22456805907043653,-0.003280085935795614,0.0,-0.006287144022479852,-0.5171618107486338,0.0,-1.3324575079876249,0.5258456021408799,0.0,1.277539564138292,-0.25463243107254674,0.0,-0.43703281786903253,0.5357037789662087,-2.247497414313941,-1.8760480215301258,-0.27189131738877326,0.0046175138901898005,0.025693609608334327,-0.15064,-0.0,0.01076,0.0004192116868675359,0.0,0.0017334349999156857,-4.847890315959151e-05,0.0,-0.0005940103160517757
265,2.650250499835238,step,1.3608304738650514,0.3101616679702431,3.883600002154708,10.014799889177084,124371.0,221497.0,0.0,0.0,8.77,5e-05,1e-05,100.0,0.01,-0.03285693044112921,0.0,0.22577648902913489,-0.03348267528810765,0.0,0.22456805907043653,-0.003289726431084781,0.0,-0.006282105038523561,-0.5459792266953989,0.0,-1.346092567230105,0.5273096261828017,0.0,1.281195557641179,-0.27097257385291373,0.0,-0.44246781757719283,0.5372377597540943,-2.247497414313941,-1.8760480215301258,-0.2756301894282127,0.002504076973992811,0.025747686542887345,-0.15333,-0.0,0.01076,0.000721076731393955,0.0,0.0018006889023479905,-9.533188441551179e-05,0.0,-0.0005922589436496368
266,2.660250899847597,step,1.3608304738650514,0.30006829032102017,3.863199846819043,10.000400012359023,124371.0,221497.0,0.0,0.0,8.77,5e-05,1e-05,100.0,0.01,-0.03285693044112921,0.0,0.22577648902913489,-0.03348267528810765,0.0,0.22456805907043653,-0.003289726431084781,0.0,-0.006282105038523561,-0.5474452848776631,0.0,-1.3497494405289516,0.528747064068019,0.0,1.2847925896133245,-0.2727242494518283,0.0,-0.4453444585383594,0.5372377597540943,-2.247497414313941,-1.8760480215301258,-0.2761453680414544,0.0019931675455837766,0.025575085559190518,-0.15064,-0.0,0.01076,0.0007079838241347275,0.0,0.0017716525196424134,-8.223897715628427e-05,0.0,-0.0005632225609440596
267,2.6702878999058157,step,1.3608304738650514,0.2876683214893657,4.431899869814515,10.037000058218837,124371.0,221497.0,0.0,0.0,8.77,5e-05,1e-05,100.0,0.01,-0.03285693044112921,0.0,0.22577648902913489,-0.03348267528810765,0.0,0.22456805907043653,-0.0016448632155423905,0.0,-0.0031410525192617804,-0.5733067412891022,0.0,-1.406903934753514,0.5301513286422938,0.0,1.288315768121846,-0.2868678547138351,0.0,-0.46587976727491315,0.5372377597540943,-2.247497414313941,-1.8760480215301258,-0.27932782761467956,-0.0017661221522934922,0.02409104834951393,-0.15602000000000002,-0.0,0.01345,0.0006916463983804605,0.0,0.0017352810652001087,-6.59015514020173e-05,0.0,-0.000526851106501755
268,2.6803577998653054,step,1.3608304738650514,0.27457473221412415,3.782799933105707,10.069899959489703,124371.0,221497.0,0.0,0.0,8.77,5e-05,1e-05,100.0,0.01,-0.03285693044112921,0.0,0.22577648902913489,-0.03348267528810765,0.0,0.22456805907043653,-0.0016448632155423905,0.0,-0.0031410525192617804,-0.5747114190746244,0.0,-1.4104287261284514,0.5315198805343808,0.0,1.2917591697261364,-0.2886530214027084,0.0,-0.4688091149121206,0.5372377597540943,-2.247497414313941,-1.8760480215301258,-0.27975606040732215,-0.002272259465801091,0.02385461693376774,-0.15333,-0.0,0.01076,0.0006740581113019753,0.0,0.0016959917963376636,-4.831326432353205e-05,0.0,-0.00048756183763930976
269,2.690531199797988,step,1.3608304738650514,0.262038421887351,3.635699860751629,10.173399932682514,124371.0,221497.0,0.0,0.0,8.77,5e-05,1e-05,100.0,0.01,-0.03285693044112921,0.0,0.22577648902913489,-0.03348267528810765,0.0,0.22456805907043653,0.0,0.0,0.0,-0.600503989390441,0.0,-1.4674295904311545,0.5328535486844732,0.0,1.2951243376869876,-0.3029275067672786,0.0,-0.4895353984112324,0.5372377597540943,-2.247497414313941,-1.8760480215301258,-0.28296252567661295,-0.006064849992654539,0.022353757033982118,-0.15333,-0.0,0.01345,0.0006568779737095812,0.0,0.0016574623238646245,-3.113312673113798e-05,0.0,-0.00044903236516627074
270,2.7002648999914527,step,1.3608304738650514,0.250993227138156,3.8840000052005053,9.733700193464756,124371.0,221497.0,0.0,0.0,8.77,5e-05,1e-05,100.0,0.01,-0.03285693044112921,0.0,0.22577648902913489,-0.03348267528810765,0.0,0.22456805907043653,0.0,0.0,0.0,-0.6018380708832857,0.0,-1.4707963713073187,0.5341559284497824,0.0,1.298418951367071,-0.3046958654251738,0.0,-0.4924348637461522,0.5372377597540943,-2.247497414313941,-1.8760480215301258,-0.283386623260521,-0.0065659203913156355,0.022119813478618647,-0.15602000000000002,-0.00269,0.01076,0.0006414685545703154,0.0,0.0016227149188922292,-1.572370759187218e-05,0.0,-0.00041428496019387537
271,2.7102359998971224,step,1.3608304738650514,0.24128701437914343,3.902300028130412,9.97109990566969,124371.0,221497.0,0.0,0.0,8.77,5e-05,1e-05,100.0,0.01,-0.03285693044112921,0.0,0.22577648902913489,-0.03348267528810765,0.0,0.22456805907043653,0.0,0.0,0.0,-0.6031404534247387,0.0,-1.4740909862681,0.5354303717134381,0.0,1.301650216351666,-0.30647966288948375,0.0,-0.49536166704744966,0.5372377597540943,-2.247497414313941,-1.8760480215301258,-0.28381451425221144,-0.007071630526846742,0.02188359724762154,-0.15871000000000002,-0.0,0.01345,0.0006277099504477206,0.0,0.0015915162653419859,-1.965103469277348e-06,0.0,-0.0003830863066436321
272,2.7202580999583006,step,1.3608304738650514,0.2327807220431274,3.896899987012148,10.022100061178207,124371.0,221497.0,0.0,0.0,8.77,5e-05,1e-05,100.0,0.01,-0.03285693044112921,0.0,0.22577648902913489,-0.03348267528810765,0.0,0.22456805907043653,0.0,0.0,0.0,-0.6044148988388862,0.0,-1.4773222519595974,0.536679988043506,0.0,1.3048248581508197,-0.30825969936887626,0.0,-0.49828465837382274,0.5372377597540943,-2.247497414313941,-1.8760480215301258,-0.28424160888704036,-0.007576583394018621,0.02164761074216627,-0.15602000000000002,-0.0,0.01345,0.0006154828267188146,0.0,0.0015636299409249022,1.0262020259628642e-05,0.0,-0.0003551999822265484
273,2.7302119999658316,step,1.3608304738650514,0.2253478265480715,4.151300061494112,9.953900007531047,124371.0,221497.0,0.0,0.0,8.77,5e-05,1e-05,100.0,0.01,-0.03285693044112921,0.0,0.22577648902913489,-0.03348267528810765,0.0,0.22456805907043653,0.0,0.0,0.0,-0.605664517079951,0.0,-1.4804968943904506,0.5379076486947711,0.0,1.3079491231241402,-0.310023933378039,0.0,-0.5011840489221292,0.5372377597540943,-2.247497414313941,-1.8760480215301258,-0.28466501728414073,-0.008077361084152287,0.021413452115619347,-0.15871000000000002,-0.00538,0.01345,0.0006046698179245022,0.0,0.001538819974900154,2.1075029053941067e-05,0.0,-0.00033039001620180017
274,2.740224399836734,step,1.1340266179392822,0.16217256899996665,4.037200007587671,10.0123998709023,124371.0,221497.0,0.0,0.0,8.77,5e-05,1e-05,100.0,0.01,-0.03296199321917981,0.0,0.22557548477652697,-0.03348267528810765,0.0,0.22456805907043653,0.0,0.0,0.0,-0.5953104962311097,0.0,-1.4544032991031806,0.5389015086074976,0.0,1.3106177209997423,-0.3068577319514592,0.0,-0.4943008396964768,0.5372377597540943,-2.2490313951018264,-1.8760480215301258,-0.28355373764010877,-0.006426913620223296,0.02195515855028707,-0.15602000000000002,-0.00269,0.00807,0.0004895147750431186,0.0,0.001314388549159055,3.1167293884725496e-05,0.0,-0.00030696284306861257
275,2.7504980999510735,step,1.1340266179392822,0.16609579863815394,3.6455998197197914,10.27370011433959,124371.0,221497.0,0.0,0.0,8.77,5e-05,1e-05,100.0,0.01,-0.03296199321917981,0.0,0.22557548477652697,-0.03348267528810765,0.0,0.22456805907043653,0.0,0.0,0.0,-0.5963035151807093,0.0,-1.4570693416011422,0.5399152707227054,0.0,1.3133154252429085,-0.3085152782040674,0.0,-0.4970663196148517,0.5372377597540943,-2.2490313951018264,-1.8760480215301258,-0.28395335692693663,-0.006902791028848096,0.021730967892631813,-0.15602000000000002,-0.00269,0.01345,0.0004993181281758113,0.0,0.0013287265452739175,2.1363940752032744e-05,0.0,-0.00032130083918347515
276,2.7602419999893755,step,0.9072220948948029,0.11969722080904985,3.854299895465374,9.743900038301945,124371.0,221497.0,0.0,0.0,8.77,5e-05,1e-05,100.0,0.01,-0.03306674753707814,0.0,0.22537431959619036,-0.03348267528810765,0.0,0.22456805907043653,0.0,0.0,0.0,-0.585769595452325,0.0,-1.4305257915234788,0.5407306692393069,0.0,1.3156220141548514,-0.3051478919679229,0.0,-0.489886494235089,0.5372377597540943,-2.250565375889712,-1.8760480215301258,-0.2827951848666594,-0.005199784983561481,0.0222937101240756,-0.15602000000000002,-0.00269,0.01076,0.0004016167430913357,0.0,0.0011360883146146299,1.4311007938177167e-05,0.0,-0.0003298277888607974
277,2.770255699986592,step,0.6804170381549272,0.08606158292810562,3.9349000435322523,10.013699997216463,124371.0,221497.0,0.0,0.0,8.77,5e-05,1e-05,100.0,0.01,-0.03317119314832716,0.0,0.2251729939614862,-0.03348267528810765,0.0,0.22456805907043653,-0.0016303909067829294,0.0,-0.0031485887983822036,-0.5508613825989868,0.0,-1.3498792846407837,0.5413787433361587,0.0,1.3175926309457862,-0.28881135464003166,0.0,-0.4641478268806499,0.5372377597540943,-2.252099356677598,-1.8760480215301258,-0.27879420224300844,-8.707885871186982e-05,0.02419774358226577,-0.15871000000000002,-0.00269,0.01345,0.0003192031327785301,0.0,0.0009706097747589132,-7.720992998035538e-06,0.0,-0.00036567488370923325
278,2.7802711999975145,step,0.4536115811433138,0.0606257599514753,3.908199956640601,10.015500010922551,124371.0,221497.0,0.0,0.0,8.77,5e-05,1e-05,100.0,0.01,-0.03327532980715621,0.0,0.22497150834615326,-0.03348267528810765,0.0,0.22456805907043653,-0.0032511182302221737,0.0,-0.006302172162465413,-0.5159629868291219,0.0,-1.2687867702183093,0.541879920918891,0.0,1.319260047570619,-0.272253913033665,0.0,-0.43803451308179514,0.5372377597540943,-2.2536333374654833,-1.8760480215301258,-0.2747347070741001,0.005088751269670566,0.02612005864569275,-0.15333,-0.0,0.00807,0.0002468508808565016,0.0,0.0008212722930477598,-3.950539990505857e-05,0.0,-0.00041782301733103244
279,2.7902841998729855,step,0.5904900884823868,0.0959412135492237,3.980299923568964,10.012999875470996,124371.0,221497.0,0.0,0.0,8.77,5e-05,1e-05,100.0,0.01,-0.03335941523553773,0.0,0.22514554110828394,-0.03348267528810765,0.0,0.22456805907043653,-0.003259465128523934,0.0,-0.006306205038394754,-0.5070697510859564,0.0,-1.2956785407970466,0.542288383752754,0.0,1.321411901307043,-0.26595225812030365,0.0,-0.44860374227020183,0.5372377597540943,-2.2536333374654833,-1.8745140407422405,-0.2741307264350807,0.004266572420133979,0.02438062890895249,-0.15602000000000002,-0.01076,0.01076,0.0002011852455799115,0.0,0.001059879104104062,-7.792519300999081e-05,0.0,-0.00048239706625665215
280,2.8002185998484492,step,0.4536115811433138,0.07386804310995286,3.9764000102877617,9.934399975463748,124371.0,221497.0,0.0,0.0,8.77,5e-05,1e-05,100.0,0.01,-0.03327532980715621,0.0,0.22497150834615326,-0.03348267528810765,0.0,0.22456805907043653,-0.0048766773453332605,0.0,-0.00945325824369812,-0.49273332316524393,0.0,-1.218875524108065,0.5429482207099413,0.0,1.3232169512777052,-0.26166735508429456,0.0,-0.42390142319287605,0.5372377597540943,-2.2536333374654833,-1.8760480215301258,-0.27247105198072985,0.007698224409638257,0.027015627945682845,-0.15064,-0.0,0.01076,0.0003249980319254668,0.0,0.0008890646114958878,-0.00011765255097402377,0.0,-0.00048561533577916045
281,2.8102302998304367,step,0.4536115811433138,0.07611889384445322,3.888400038704276,10.011699981987476,124371.0,221497.0,0.0,0.0,8.77,5e-05,1e-05,100.0,0.01,-0.03327532980715621,0.0,0.22497150834615326,-0.03348267528810765,0.0,0.22456805907043653,-0.0048766773453332605,0.0,-0.00945325824369812,-0.49339342408425807,0.0,-1.2206767466394308,0.5436263215954877,0.0,1.3250462432096275,-0.2629501467879355,0.0,-0.4260475220304045,0.5372377597540943,-2.2536333374654833,-1.8760480215301258,-0.27264180814460326,0.00740823056923931,0.026821864961756182,-0.15333,0.00538,0.01883,0.00033399417773800037,0.0,0.0009010058350724508,-0.00012664869678655736,0.0,-0.0004975565593557234
282,2.8202104999218136,step,0.4536115811433138,0.07431705710947646,3.9576999843120575,9.9802000913769,124371.0,221497.0,0.0,0.0,8.77,5e-05,1e-05,100.0,0.01,-0.03327532980715621,0.0,0.22497150834615326,-0.03348267528810765,0.0,0.22456805907043653,-0.0048766773453332605,0.0,-0.00945325824369812,-0.4940715235893213,0.0,-1.2225060371030336,0.5443010092399903,0.0,1.3268520178476415,-0.264242534828756,0.0,-0.4282029812138137,0.5372377597540943,-2.2536333374654833,-1.8760480215301258,-0.27295325066854803,0.007037397164169568,0.026648369998925524,-0.15333,0.00538,0.01614,0.0003323133662846073,0.0,0.0008894235037493783,-0.00012496788533316428,0.0,-0.00048597422803265094
283,2.8302370999008417,step,0.4536115811433138,0.0697552169950793,3.9399999659508467,10.026599979028106,124371.0,221497.0,0.0,0.0,8.77,5e-05,1e-05,100.0,0.01,-0.03327532980715621,0.0,0.22497150834615326,-0.03348267528810765,0.0,0.22456805907043653,-0.0032511182302221737,0.0,-0.006302172162465413,-0.5188835867714447,0.0,-1.2780403535860123,0.5449569063899309,0.0,1.328600650034025,-0.27865905625387954,0.0,-0.44918176825202377,0.5372377597540943,-2.2536333374654833,-1.8760480215301258,-0.2762044301951898,0.0032038622586100796,0.025147804773011137,-0.15333,-0.0,0.01883,0.0003230585531254942,0.0,0.0008612792175310793,-0.00011571307217405117,0.0,-0.00045782994181435186
284,2.8402152999769896,step,0.4536115811433138,0.06406276081235994,3.9726998656988144,9.978200076147914,124371.0,221497.0,0.0,0.0,8.77,5e-05,1e-05,100.0,0.01,-0.03327532980715621,0.0,0.22497150834615326,-0.03348267528810765,0.0,0.22456805907043653,-0.0016255591151110868,0.0,-0.0031510860812327063,-0.5436772664808384,0.0,-1.3335191451846182,0.5455864701918748,0.0,1.3302760375125493,-0.2931564444159091,0.0,-0.4702706989978531,0.5372377597540943,-2.2536333374654833,-1.8760480215301258,-0.2794676392185457,-0.0006489334112618622,0.02363698858424044,-0.15602000000000002,-0.0,0.01076,0.0003100885115701168,0.0,0.0008252037488729054,-0.0001027430306186738,0.0,-0.00042175447315617796
285,2.8502442999742925,step,0.4536115811433138,0.058087856220632804,4.026700044050813,10.02899999730289,124371.0,221497.0,0.0,0.0,8.77,5e-05,1e-05,100.0,0.01,-0.03327532980715621,0.0,0.22497150834615326,-0.03348267528810765,0.0,0.22456805907043653,-0.0016255591151110868,0.0,-0.0031510860812327063,-0.5443072385110796,0.0,-1.3351961511672006,0.5461862594779211,0.0,1.331871268902221,-0.29452886811959006,0.0,-0.47252622443955106,0.5372377597540943,-2.2536333374654833,-1.8760480215301258,-0.2797968558971947,-0.001038340827651349,0.023456539273939946,-0.15333,-0.0,0.01345,0.00029542349971782675,0.0,0.000785724005013649,-8.807801876638374e-05,0.0,-0.0003822747292969216
286,2.860233899904415,step,0.4536115811433138,0.052450488562586065,4.132499918341637,9.989599930122495,124371.0,221497.0,0.0,0.0,8.77,5e-05,1e-05,100.0,0.01,-0.03327532980715621,0.0,0.22497150834615326,-0.03348267528810765,0.0,0.22456805907043653,0.0,0.0,0.0,-0.569044405727793,0.0,-1.3905199255293856,0.5467562569839017,0.0,1.333387094968944,-0.30914111763624325,0.0,-0.493769895366836,0.5372377597540943,-2.2536333374654833,-1.8760480215301258,-0.28307973867799635,-0.004918561601364141,0.021932280830213556,-0.15602000000000002,-0.0,0.01614,0.0002807499450933027,0.0,0.0007466139422335045,-7.340446414185972e-05,0.0,-0.00034316466651677707
287,2.8702517999336123,step,0.4536115811433138,0.047568075490352496,3.9214000571519136,10.017900029197335,124371.0,221497.0,0.0,0.0,8.77,5e-05,1e-05,100.0,0.01,-0.03327532980715621,0.0,0.22497150834615326,-0.03348267528810765,0.0,0.22456805907043653,0.0,0.0,0.0,-0.569614811365107,0.0,-1.3920373696738941,0.5472992681971306,0.0,1.334830573554848,-0.31053142568952835,0.0,-0.4960414385265488,0.5372377597540943,-2.2536333374654833,-1.8760480215301258,-0.28341263991441645,-0.005311286054568709,0.021750996845832073,-0.15602000000000002,-0.00269,0.00538,0.00026745818594308974,0.0,0.000710980095121691,-6.0112704991646736e-05,0.0,-0.00030753081940496356
288,2.8802676999475807,step,0.4536115811433138,0.043348115270304785,3.8762998301535845,10.015900013968349,124371.0,221497.0,0.0,0.0,8.77,5e-05,1e-05,100.0,0.01,-0.03327532980715621,0.0,0.22497150834615326,-0.03348267528810765,0.0,0.22456805907043653,0.0,0.0,0.0,-0.5701578250190104,0.0,-1.3934808495620647,0.5478179405252694,0.0,1.3362084201462283,-0.3119088737100581,0.0,-0.4982898916960751,0.5372377597540943,-2.2536333374654833,-1.8760480215301258,-0.28374236777489775,-0.005700104749970236,0.021571625445455184,-0.15871000000000002,-0.0,0.00807,0.00025547036626728196,0.0,0.0006786538518897647,-4.812488531583895e-05,0.0,-0.00027520457617303726
289,2.8902754997834563,step,0.22680585728360464,0.018046121862801336,4.001300083473325,10.00779983587563,124371.0,221497.0,0.0,0.0,8.77,5e-05,1e-05,100.0,0.01,-0.03337915726852175,0.0,0.22476986322430648,-0.03348267528810765,0.0,0.22456805907043653,0.0,0.0,0.0,-0.5592309921983433,0.0,-1.3655476796847608,0.5481027993144648,0.0,1.3371146165723224,-0.30801893032768063,0.0,-0.49014980749019715,0.5372377597540943,-2.255167318253369,-1.8760480215301258,-0.2824536769788637,-0.003835606263283123,0.02221170211966475,-0.15602000000000002,-0.00269,0.01614,0.0001403063787234177,0.0,0.0004463444477754544,-3.678835913751847e-05,0.0,-0.00024454029390550997
290,2.900368799921125,step,0.22680585728360464,0.01880289792807978,3.7898998707532883,10.093300137668848,124371.0,221497.0,0.0,0.0,8.77,5e-05,1e-05,100.0,0.01,-0.03337915726852175,0.0,0.22476986322430648,-0.03348267528810765,0.0,0.22456805907043653,0.0,0.0,0.0,-0.5595150201249383,0.0,-1.3664513127479059,0.5484044923163754,0.0,1.3380361134430017,-0.3092458065148516,0.0,-0.4921893303478576,0.5372377597540943,-2.255167318253369,-1.8760480215301258,-0.28274899446702423,-0.0041867291991073,0.022048144108612597,-0.16140000000000002,-0.00269,0.00807,0.00014859813282766106,0.0,0.00045388097676213226,-4.508011324176183e-05,0.0,-0.0002520768228921878
291,2.9104689999949187,step,0.22680585728360464,0.019220605614470625,3.692900063470006,10.10020007379353,124371.0,221497.0,0.0,0.0,8.77,5e-05,1e-05,100.0,0.01,-0.03337915726852175,0.0,0.22476986322430648,-0.03348267528810765,0.0,0.22456805907043653,0.0,0.0,0.0,-0.5598167113523845,0.0,-1.3673728086325039,0.5487186388819577,0.0,1.3389647531766564,-0.31048496332557046,0.0,-0.4942384784158872,0.5372377597540943,-2.255167318253369,-1.8760480215301258,-0.28304677835609393,-0.004539947864722033,0.021884171686341644,-0.15602000000000002,-0.0,0.01076,0.00015473221480283707,0.0,0.00045739950228642615,-5.121419521693783e-05,0.0,-0.0002555953484164817
292,2.920097499853,step,0.22680585728360464,0.019343549697109177,3.983600065112114,9.62849985808134,124371.0,221497.0,0.0,0.0,8.77,5e-05,1e-05,100.0,0.01,-0.03337915726852175,0.0,0.22476986322430648,-0.03348267528810765,0.0,0.22456805907043653,0.0,0.0,0.0,-0.5601308569591305,0.0,-1.368301448286193,0.5490414733397503,0.0,1.3398937223862433,-0.3116824724640842,0.0,-0.496212124600361,0.5372377597540943,-2.255167318253369,-1.8760480215301258,-0.2833342529282267,-0.00488042300300312,0.02172646174726066,-0.15871000000000002,-0.0,0.01614,0.0001590115257450552,0.0,0.0004575620966752313,-5.5493506159155976e-05,0.0,-0.00025575794280528687
293,2.9302407999057323,step,0.0,0.005373346247687595,3.902900032699108,10.14330005273223,124371.0,221497.0,0.0,0.0,8.77,5e-05,1e-05,100.0,0.01,-0.03348267528810765,0.0,0.22456805907043653,-0.03348267528810765,0.0,0.22456805907043653,-0.0016158840694427351,0.0,-0.0031560583962059706,-0.5250485814912906,0.0,-1.286082959953184,0.54915602142993,0.0,1.340399245463163,-0.29402579549945823,0.0,-0.4682159533533833,0.5372377597540943,-2.2567012990412545,-1.8760480215301258,-0.2790141589207987,0.000615874404390912,0.02380012094795484,-0.15602000000000002,-0.0,0.01345,5.6420490451538145e-05,0.0,0.0002489946352630884,-5.6420490451538145e-05,0.0,-0.0002489946352630884
294,2.9402615998405963,step,0.22680585728370464,0.00045146467127931317,3.9363999385386705,10.020799934864044,124371.0,221497.0,0.0,0.0,8.77,5e-05,1e-05,100.0,0.01,-0.033585883622326076,0.0,0.22436609635940785,-0.03348267528810765,0.0,0.22456805907043653,-0.0016110408367454763,0.0,-0.003158533417679107,-0.5138565543551201,0.0,-1.2571849144823246,0.5490920550806424,0.0,1.3405351945136443,-0.2897127241989259,0.0,-0.4594050060905679,0.5372377597540943,-2.2582352798291403,-1.8760480215301258,-0.2776256750538407,0.0025960524780233724,0.024484425115212607,-0.15871000000000002,-0.0,0.01345,-3.150654922931369e-05,0.0,6.696154305145454e-05,-7.170178498911055e-05,0.0,-0.0002689242540801349
295,2.950216299854219,step,0.22680585728370464,0.0009462893547477761,3.928199876099825,9.954700013622642,124371.0,221497.0,0.0,0.0,8.77,5e-05,1e-05,100.0,0.01,-0.033585883622326076,0.0,0.22436609635940785,-0.03348267528810765,0.0,0.22456805907043653,-0.0032220816734909526,0.0,-0.006317066835358214,-0.48986996002872435,0.0,-1.2034627677690442,0.5490816649713225,0.0,1.3407524678985994,-0.27699095339864754,0.0,-0.44131702696391284,0.5372377597540943,-2.2582352798291403,-1.8760480215301258,-0.27474683814506995,0.005938839190887307,0.025711419442921726,-0.15602000000000002,0.00538,0.01345,-5.1176390207454835e-06,0.0,0.00010701781076365884,-9.809069519767875e-05,0.0,-0.0003089805217923392
296,2.960228099953383,step,0.22680585728370464,0.0012977396664790282,3.905199933797121,10.011800099164248,124371.0,221497.0,0.0,0.0,8.77,5e-05,1e-05,100.0,0.01,-0.033585883622326076,0.0,0.22436609635940785,-0.03348267528810765,0.0,0.22456805907043653,-0.0032220816734909526,0.0,-0.006317066835358214,-0.48985916310666466,0.0,-1.2036784184154317,0.5491035464238261,0.0,1.3410062587000826,-0.2779182974891734,0.0,-0.44289667574781205,0.5372377597540943,-2.2582352798291403,-1.8760480215301258,-0.27497173543086917,0.005668483064147356,0.0255840696792869,-0.15064,-0.0,0.00807,1.0777695904229189e-05,0.0,0.00012500450238499402,-0.00011398603012265342,0.0,-0.0003269672134136744
297,2.9702274999581277,step,0.22680585728370464,0.0013055144307657835,3.9299000054597855,9.99940000474453,124371.0,221497.0,0.0,0.0,8.77,5e-05,1e-05,100.0,0.01,-0.033585883622326076,0.0,0.22436609635940785,-0.03348267528810765,0.0,0.22456805907043653,-0.0032220816734909526,0.0,-0.006317066835358214,-0.4898810417143445,0.0,-1.2039322083130084,0.5491397364229633,0.0,1.341259176728356,-0.278864131705216,0.0,-0.44448864096082447,0.5372377597540943,-2.2582352798291403,-1.8760480215301258,-0.2752002425667876,0.005395262557082239,0.02545635102780426,-0.15064,-0.0,0.01076,1.7825371358061543e-05,0.0,0.00012457468595204074,-0.00012103370557648578,0.0,-0.0003265373969807211
298,2.980229999870062,step,0.22680585728370464,0.0010040814634133778,3.901599906384945,10.002499911934137,124371.0,221497.0,0.0,0.0,8.77,5e-05,1e-05,100.0,0.01,-0.033585883622326076,0.0,0.22436609635940785,-0.03348267528810765,0.0,0.22456805907043653,-0.0032220816734909526,0.0,-0.006317066835358214,-0.489917230611614,0.0,-1.2041851263509418,0.5491752494785979,0.0,1.3414804096717823,-0.27981945509683087,0.0,-0.44608099529477524,0.5372377597540943,-2.2582352798291403,-1.8760480215301258,-0.2754303318844622,0.005121353312178292,0.02532911426839183,-0.15064,-0.0,0.01076,1.7491952122806093e-05,0.0,0.00010896826491724995,-0.00012070028634123033,0.0,-0.0003109309759459303
299,2.9902172998990864,step,0.22680585728370464,0.000590455802474898,3.9596999995410442,9.987300029024482,124371.0,221497.0,0.0,0.0,8.77,5e-05,1e-05,100.0,0.01,-0.033585883622326076,0.0,0.22436609635940785,-0.03348267528810765,0.0,0.22456805907043653,-0.0016110408367454763,0.0,-0.003158533417679107,-0.513874542009222,0.0,-1.2582618842822695,0.549200168843814,0.0,1.3416504168598702,-0.2946172228754726,0.0,-0.46762212122805874,0.5372377597540943,-2.2582352798291403,-1.8760480215301258,-0.27876140177880376,0.0011913680757780487,0.023796577018982065,-0.15333,-0.0,0.00807,1.2274036995351523e-05,0.0,8.373706544986841e-05,-0.00011548237121377576,0.0,-0.00028569977647854877
300,3.0002762998919934,step,0.22680585728370464,0.00023815330058049982,3.9011999033391476,10.058999992907047,124371.0,221497.0,0.0,0.0,8.77,5e-05,1e-05,100.0,0.01,-0.033585883622326076,0.0,0.22436609635940785,-0.03348267528810765,0.0,0.22456805907043653,-0.0016110408367454763,0.0,-0.003158533417679107,-0.5138998644030873,0.0,-1.2584335130557527,0.5492088792673414,0.0,1.3417591920212577,-0.295592656905752,0.0,-0.4692171938033741,0.5372377597540943,-2.2582352798291403,-1.8760480215301258,-0.2789949305724049,0.0009157497688142974,0.02367014727685706,-0.15602000000000002,-0.0,0.01345,4.2903224120785765e-06,0.0,5.357724699656509e-05,-0.00010749865663050281,0.0,-0.00025553995802524545
301,3.0102156999055296,step,0.22680585728370464,4.324623591415937e-05,3.8942000828683376,9.939400013536215,124371.0,221497.0,0.0,0.0,8.77,5e-05,1e-05,100.0,0.01,-0.033585883622326076,0.0,0.22436609635940785,-0.03348267528810765,0.0,0.22456805907043653,0.0,0.0,0.0,-0.5378303747245213,0.0,-1.3123978140309502,0.5491993811240993,0.0,1.3418047127756076,-0.3094839042984672,0.0,-0.4892865503348392,0.5372377597540943,-2.2582352798291403,-1.8760480215301258,-0.28210310437650427,-0.0027587910249667197,0.022251703937777763,-0.15333,-0.0,0.01076,-4.67831616529422e-06,0.0,2.2421274927328144e-05,-9.853001805313002e-05,0.0,-0.0002243839859560085
302,3.02020789985545,step,0.22680585728370464,1.771657758043094e-05,3.906100057065487,9.992199949920177,124371.0,221497.0,0.0,0.0,8.77,5e-05,1e-05,100.0,0.01,-0.033585883622326076,0.0,0.22436609635940785,-0.03348267528810765,0.0,0.22456805907043653,0.0,0.0,0.0,-0.5378212801963592,0.0,-1.3124449565049952,0.5491726801762471,0.0,1.341791563452448,-0.30947677880389285,0.0,-0.48930490138326055,0.5372377597540943,-2.2582352798291403,-1.8760480215301258,-0.28210276617278657,-0.002760729362744324,0.02224923249032556,-0.15602000000000002,-0.0,0.00807,-1.3151573583176991e-05,0.0,-6.476709817954682e-06,-9.005676063524724e-05,0.0,-0.00019548600121072567
303,3.0300709998700768,step,0.4481136938826259,0.007138240756000889,5.368500016629696,9.86310001462698,124371.0,221497.0,0.0,0.0,8.77,5e-05,1e-05,100.0,0.01,-0.033838731313537734,0.0,0.22429597454423178,-0.03348267528810765,0.0,0.22456805907043653,0.0,0.0,0.0,-0.5099217042652395,0.0,-1.3022389422123994,0.5486136462978095,0.0,1.3415808515967242,-0.2924010533316365,0.0,-0.486240824790729,0.5357037789662087,-2.2582352798291403,-1.8760480215301258,-0.27818934559715697,-0.0008990490765243137,0.021754456106132997,-0.15602000000000002,-0.0,0.01345,-0.0002753527047905524,0.0,-0.00010378633861531604,-8.070332063952969e-05,0.0,-0.00016829818758943617
304,3.040392099879682,step,0.22680585728370464,0.00019256699931375392,5.248000146821141,10.321100009605289,124371.0,221497.0,0.0,0.0,8.77,5e-05,1e-05,100.0,0.01,-0.033585883622326076,0.0,0.22436609635940785,-0.03348267528810765,0.0,0.22456805907043653,0.0,0.0,0.0,-0.5372335208284309,0.0,-1.312220205445444,0.548644253925713,0.0,1.3414876223841818,-0.3091055560120848,0.0,-0.48923463698600533,0.5372377597540943,-2.2582352798291403,-1.8760480215301258,-0.2820383610555842,-0.0027265358952225094,0.022236608846510554,-0.15333,-0.0,0.01076,1.5075824142856187e-05,0.0,-4.592016139566611e-05,-0.00011828415836128042,0.0,-0.00015604254963301424
305,3.0501313998829573,step,0.22680585728370464,0.00041213351808542885,4.1287001222372055,9.739300003275275,124371.0,221497.0,0.0,0.0,8.77,5e-05,1e-05,100.0,0.01,-0.033585883622326076,0.0,0.22436609635940785,-0.03348267528810765,0.0,0.22456805907043653,0.0,0.0,0.0,-0.537266149105494,0.0,-1.312127867874468,0.5486449088297346,0.0,1.3413440724618655,-0.30912902420332505,0.0,-0.4891982886238152,0.5372377597540943,-2.2582352798291403,-1.8760480215301258,-0.28204057319245457,-0.0027233250254687508,0.022242022563925358,-0.16140000000000002,-0.0,0.00807,3.22573888964116e-07,0.0,-7.070571438624076e-05,-0.00010353090810738835,0.0,-0.0001312569966424396
306,3.060123899951577,step,0.45361158114342703,0.008379055531494525,4.452900029718876,9.992500068619847,124371.0,221497.0,0.0,0.0,8.77,5e-05,1e-05,100.0,0.01,-0.03368878202831786,0.0,0.22416397556645826,-0.03348267528810765,0.0,0.22456805907043653,0.0,0.0,0.0,-0.5259237156537917,0.0,-1.2826041583220953,0.5484084932423787,0.0,1.3407415221179575,-0.303622928825123,0.0,-0.47834253442855057,0.5372377597540943,-2.259769260617026,-1.8760480215301258,-0.2803613369771614,-0.00039295312923205705,0.023094126277415514,-0.15602000000000002,-0.0,0.01076,-0.0001164468689162674,0.0,-0.00029678711838435025,-8.965987129394273e-05,0.0,-0.00010729638559392506
307,3.0702268998138607,step,0.45361158114342703,0.007622266074015456,4.160200012847781,10.102999862283468,124371.0,221497.0,0.0,0.0,8.77,5e-05,1e-05,100.0,0.01,-0.03368878202831786,0.0,0.22416397556645826,-0.03348267528810765,0.0,0.22456805907043653,0.0,0.0,0.0,-0.5256864770506421,0.0,-1.281999038414953,0.548183872311182,0.0,1.3401664878903392,-0.30348667806222035,0.0,-0.47811656590960633,0.5372377597540943,-2.259769260617026,-1.8760480215301258,-0.28032857715846027,-0.00035404154506767094,0.02311210154839189,-0.15871000000000002,-0.0,0.01345,-0.00011063743037123067,0.0,-0.0002832341090399031,-9.546930983897947e-05,0.0,-0.00012084939493837223
308,3.0803725998848677,step,0.45361158114342703,0.007147550593795827,3.9184000343084335,10.145700071007013,124371.0,221497.0,0.0,0.0,8.77,5e-05,1e-05,100.0,0.01,-0.03368878202831786,0.0,0.22416397556645826,-0.03348267528810765,0.0,0.22456805907043653,0.0,0.0,0.0,-0.525461854737162,0.0,-1.281424003063059,0.5479671466025875,0.0,1.3396093411122516,-0.3033577291438657,0.0,-0.4779018098165035,0.5372377597540943,-2.259769260617026,-1.8760480215301258,-0.2802975319725917,-0.00031709697701033657,0.023129214983883935,-0.15871000000000002,-0.0,0.01345,-0.00010674865964890168,0.0,-0.00027442370438770136,-9.935808056130846e-05,0.0,-0.00012965979959057394
309,3.090206299908459,step,0.45361158114342703,0.006893343608099245,4.105200059711933,9.833700023591518,124371.0,221497.0,0.0,0.0,8.77,5e-05,1e-05,100.0,0.01,-0.03368878202831786,0.0,0.22416397556645826,-0.03348267528810765,0.0,0.22456805907043653,0.0,0.0,0.0,-0.5252451284206037,0.0,-1.2808668560851368,0.5477550036619746,0.0,1.3390619224500822,-0.3032333752931741,0.0,-0.4776937101190933,0.5372377597540943,-2.259769260617026,-1.8760480215301258,-0.28026754755144445,-0.00028133758269152653,0.023145831248454284,-0.15602000000000002,-0.0,0.01076,-0.00010449144120335589,0.0,-0.0002696321866117586,-0.00010161529900685425,0.0,-0.0001344513173665167
310,3.100251799914986,step,0.45361158114342703,0.0068152556959214725,3.89509997330606,10.045500006526709,124371.0,221497.0,0.0,0.0,8.77,5e-05,1e-05,100.0,0.01,-0.03368878202831786,0.0,0.22416397556645826,-0.03348267528810765,0.0,0.22456805907043653,0.0,0.0,0.0,-0.5250329851271808,0.0,-1.2803194373144615,0.5475446559931106,0.0,1.3385173850102936,-0.3031117060416177,0.0,-0.477489222628797,0.5372377597540943,-2.259769260617026,-1.8760480215301258,-0.28023817022440706,-0.000246234136512688,0.02316218833412817,-0.15602000000000002,-0.0,0.01614,-0.00010360720732149398,0.0,-0.0002682131146172259,-0.00010249953288871615,0.0,-0.00013587038936104938
311,3.1102373998146504,step,0.22680585728370464,0.00035912827868575775,3.8385000079870224,9.985599899664521,124371.0,221497.0,0.0,0.0,8.77,5e-05,1e-05,100.0,0.01,-0.033585883622326076,0.0,0.22436609635940785,-0.03348267528810765,0.0,0.22456805907043653,0.0,0.0,0.0,-0.5361657291464641,0.0,-1.3091550603174333,0.5475438434531142,0.0,1.3383833851066282,-0.30850365801765883,0.0,-0.48808675363487625,0.5372377597540943,-2.2582352798291403,-1.8760480215301258,-0.2818868012059912,-0.0025349115295383445,0.022333139210018955,-0.15871000000000002,-0.0,0.01076,-4.002184778661793e-07,0.0,-6.600196631980563e-05,-0.00010280811574055806,0.0,-0.00013596074470887472
312,3.120204199803993,step,0.45361158114342703,0.009019834854710262,3.988400101661682,9.96679998934269,124371.0,221497.0,0.0,0.0,8.77,5e-05,1e-05,100.0,0.01,-0.03368878202831786,0.0,0.22416397556645826,-0.03348267528810765,0.0,0.22456805907043653,0.0,0.0,0.0,-0.5248226499157415,0.0,-1.2796434700428863,0.5472944958525129,0.0,1.3377598285287815,-0.3029946376588462,0.0,-0.47723533490370057,0.5372377597540943,-2.259769260617026,-1.8760480215301258,-0.2802072934581553,-0.00020492722103541972,0.02318438693098572,-0.15871000000000002,-0.00269,0.01345,-0.00012281677796366816,0.0,-0.0003071343361014684,-8.328996224654198e-05,0.0,-9.69491678768069e-05
313,3.1302343998104334,step,0.45361158114342703,0.00893062107024323,3.881300101056695,10.030200006440282,124371.0,221497.0,0.0,0.0,8.77,5e-05,1e-05,100.0,0.01,-0.03368878202831786,0.0,0.22416397556645826,-0.03348267528810765,0.0,0.22456805907043653,0.0,0.0,0.0,-0.5245724806557175,0.0,-1.27901734505992,0.5470476518658921,0.0,1.3371388582383525,-0.302850640147961,0.0,-0.4770016481292292,0.5372377597540943,-2.259769260617026,-1.8760480215301258,-0.28017290539143924,-0.00016447940140647266,0.023202804214037802,-0.15602000000000002,-0.0,0.01076,-0.00012158364830416223,0.0,-0.00030586053333683187,-8.452309190604791e-05,0.0,-9.822297064144344e-05
314,3.1402199999429286,step,0.45361158114342703,0.008977684840542484,3.9863998536020517,9.985600132495165,124371.0,221497.0,0.0,0.0,8.77,5e-05,1e-05,100.0,0.01,-0.03368878202831786,0.0,0.22416397556645826,-0.03348267528810765,0.0,0.22456805907043653,0.0,0.0,0.0,-0.5243256360021783,0.0,-1.2783963739236126,0.5468013194562876,0.0,1.3365157937242864,-0.30270864100867184,0.0,-0.47676985105689235,0.5372377597540943,-2.259769260617026,-1.8760480215301258,-0.2801389327227237,-0.00012441451784657442,0.023221118930744397,-0.15602000000000002,-0.0,0.01345,-0.00012133169983752069,0.0,-0.0003068921248383637,-8.477504037268945e-05,0.0,-9.719137913991163e-05
315,3.1502134997863322,step,0.22680585728370464,0.0009581234924590527,3.871799912303686,9.993499843403697,124371.0,221497.0,0.0,0.0,8.77,5e-05,1e-05,100.0,0.01,-0.033585883622326076,0.0,0.22436609635940785,-0.03348267528810765,0.0,0.22456805907043653,0.0,0.0,0.0,-0.5354223953793621,0.0,-1.3071534699075271,0.5467639099329608,0.0,1.3363001384629147,-0.3080810445903997,0.0,-0.4873384235516959,0.5372377597540943,-2.2582352798291403,-1.8760480215301258,-0.28178301329189404,-0.0024079570481367607,0.02239439438259544,-0.15871000000000002,-0.0,0.01345,-1.8426167060452917e-05,0.0,-0.00010622161204191003,-8.478216715797132e-05,0.0,-9.574109898677032e-05
316,3.1602945998311043,step,0.22680585728370464,0.0018374645727364863,3.7640000227838755,10.081100044772029,124371.0,221497.0,0.0,0.0,8.77,5e-05,1e-05,100.0,0.01,-0.033585883622326076,0.0,0.22436609635940785,-0.03348267528810765,0.0,0.22456805907043653,0.0,0.0,0.0,-0.5353858110388345,0.0,-1.306940384785075,0.5466879746309304,0.0,1.3360066968923723,-0.3080633718611477,0.0,-0.487257596673363,0.5372377597540943,-2.2582352798291403,-1.8760480215301258,-0.28177641509334195,-0.002396124014972384,0.02240256092813308,-0.15871000000000002,-0.0,0.01076,-3.7402157351958075e-05,0.0,-0.000144535512490051,-6.580617686646616e-05,0.0,-5.742719853862936e-05
317,3.170200299937278,step,0.45361158114342703,0.013994157997189971,3.827500157058239,9.905700106173754,124371.0,221497.0,0.0,0.0,8.77,5e-05,1e-05,100.0,0.01,-0.03368878202831786,0.0,0.22416397556645826,-0.03348267528810765,0.0,0.22456805907043653,0.0,0.0,0.0,-0.5239667873502222,0.0,-1.2772667844247527,0.5463688518403701,0.0,1.3352334730774225,-0.30250827990620544,0.0,-0.4763457835661941,0.5372377597540943,-2.259769260617026,-1.8760480215301258,-0.28008656533989507,-5.509677739999608e-05,0.02325792903730524,-0.15871000000000002,-0.0,0.01345,-0.00015718490728832996,0.0,-0.00038085375680196247,-4.892183292188018e-05,0.0,-2.3229747176312836e-05
318,3.180118499789387,step,0.45361158114342703,0.013512640508195064,3.9066001772880554,9.918199852108955,124371.0,221497.0,0.0,0.0,8.77,5e-05,1e-05,100.0,0.01,-0.03368878202831786,0.0,0.22416397556645826,-0.03348267528810765,0.0,0.22456805907043653,0.0,0.0,0.0,-0.5236468420144806,0.0,-1.2764909912785904,0.5460575059482009,0.0,1.33447274856915,-0.3023234512969995,0.0,-0.47605650347279255,0.5372377597540943,-2.259769260617026,-1.8760480215301258,-0.28004291387117175,-4.586201152470548e-06,0.023280362205703765,-0.15602000000000002,-0.0,0.01345,-0.0001533544038729249,0.0,-0.0003746972624717427,-5.275233633728524e-05,0.0,-2.9386241506532606e-05
319,3.1902108998037875,step,0.45361158114342703,0.013206368973580919,3.7986000534147024,10.092400014400482,124371.0,221497.0,0.0,0.0,8.77,5e-05,1e-05,100.0,0.01,-0.03368878202831786,0.0,0.22416397556645826,-0.03348267528810765,0.0,0.22456805907043653,0.0,0.0,0.0,-0.5233354950493226,0.0,-1.2757302658135605,0.5457518185554353,0.0,1.333719834707439,-0.30214374453365284,0.0,-0.47577277807449236,0.5372377597540943,-2.259769260617026,-1.8760480215301258,-0.28000035957320357,4.484913789612466e-05,0.02330245206047795,-0.15333,-0.0,0.01076,-0.00015056732181566775,0.0,-0.00037085017700632,-5.5539418394542385e-05,0.0,-3.323332697195529e-05
320,3.2002397999167442,step,0.45361158114342703,0.013044081292112812,3.801099956035614,10.028900112956762,124371.0,221497.0,0.0,0.0,8.77,5e-05,1e-05,100.0,0.01,-0.03368878202831786,0.0,0.22416397556645826,-0.03348267528810765,0.0,0.22456805907043653,0.0,0.0,0.0,-0.5230298072207932,0.0,-1.274977351864438,0.5454499731638979,0.0,1.332970769474642,-0.3019674651123672,0.0,-0.47549190024491356,0.5372377597540943,-2.259769260617026,-1.8760480215301258,-0.2799584997369514,9.367957098908863e-05,0.023324410488806388,-0.15602000000000002,-0.0,0.01345,-0.00014867495961660155,0.0,-0.0003689545918492835,-5.743178059360859e-05,0.0,-3.5128912128991796e-05
321,3.2101946999318898,step,0.45361158114342703,0.013000442482891714,3.8150998298078775,9.95490001514554,124371.0,221497.0,0.0,0.0,8.77,5e-05,1e-05,100.0,0.01,-0.03368878202831786,0.0,0.22416397556645826,-0.03348267528810765,0.0,0.22456805907043653,0.0,0.0,0.0,-0.5227279615334933,0.0,-1.2742282865887076,0.545150424676047,0.0,1.3322222389997878,-0.30179355152627485,0.0,-0.47521239719453734,0.5372377597540943,-2.259769260617026,-1.8760480215301258,-0.2799170922805151,0.00014217032983557254,0.023346345003339458,-0.15871000000000002,-0.0,0.01076,-0.00014754363857445062,0.0,-0.000368691261425608,-5.8563101635759516e-05,0.0,-3.5392242552667326e-05
322,3.2202100998256356,step,0.45361158114342703,0.013054626944961085,3.8630999624729156,10.01539989374578,124371.0,221497.0,0.0,0.0,8.77,5e-05,1e-05,100.0,0.01,-0.03368878202831786,0.0,0.22416397556645826,-0.03348267528810765,0.0,0.22456805907043653,0.0,0.0,0.0,-0.5224284128688191,0.0,-1.2734797561078803,0.5448518708863535,0.0,1.331471504812479,-0.30162109960335715,0.0,-0.4749330380081566,0.5372377597540943,-2.259769260617026,-1.8760480215301258,-0.2798759320803188,0.0001905442257838924,0.023368344515190563,-0.15602000000000002,-0.0,0.01345,-0.00014705372186772848,0.0,-0.00036977677118212623,-5.905301834248166e-05,0.0,-3.430673279614907e-05
323,3.230104199843481,step,0.45361158114342703,0.01318925876125586,3.869700012728572,9.89410001784563,124371.0,221497.0,0.0,0.0,8.77,5e-05,1e-05,100.0,0.01,-0.03368878202831786,0.0,0.22416397556645826,-0.03348267528810765,0.0,0.22456805907043653,0.0,0.0,0.0,-0.5221298590025352,0.0,-1.2727290219451766,0.5445532259679948,0.0,1.33071633673875,-0.3014493458515703,0.0,-0.47465280617847344,0.5372377597540943,-2.259769260617026,-1.8760480215301258,-0.27983484697374694,0.00023898638578401243,0.023390481513618756,-0.15333,-0.0,0.01345,-0.00014709863177997734,0.0,-0.0003719607586828376,-5.90081084302328e-05,0.0,-3.212274529543771e-05
324,3.2401362999808043,step,0.45361158114342703,0.013389628947420192,3.9256999734789133,10.032100137323141,124371.0,221497.0,0.0,0.0,8.77,5e-05,1e-05,100.0,0.01,-0.03368878202831786,0.0,0.22416397556645826,-0.03348267528810765,0.0,0.22456805907043653,0.0,0.0,0.0,-0.5218312140911641,0.0,-1.2719738539209202,0.5442535959331765,0.0,1.3299549512800248,-0.30127765221756553,0.0,-0.47437087455286997,0.5372377597540943,-2.259769260617026,-1.8760480215301258,-0.2797936941048028,0.00028764857558052914,0.023412814051443916,-0.15602000000000002,-0.0,0.01076,-0.00014758387760491516,0.0,-0.0003750232129392173,-5.852286260529498e-05,0.0,-2.9060291039058003e-05
325,3.2502615998964757,step,0.45361158114342703,0.013643123765395294,3.7646000273525715,10.125299915671349,124371.0,221497.0,0.0,0.0,8.77,5e-05,1e-05,100.0,0.01,-0.03368878202831786,0.0,0.22416397556645826,-0.03348267528810765,0.0,0.22456805907043653,0.0,0.0,0.0,-0.5215315841321534,0.0,-1.2712124685315704,0.5439522560247255,0.0,1.3291859552762375,-0.30110549196697106,0.0,-0.4740865823326315,0.5372377597540943,-2.259769260617026,-1.8760480215301258,-0.27975235654822217,0.00033665317724430877,0.02343538756074525,-0.15871000000000002,-0.0,0.01345,-0.00014842610440943884,0.0,-0.000378771871722277,-5.76806358007713e-05,0.0,-2.531163225599829e-05
326,3.260136199882254,step,0.45361158114342703,0.013938811320746064,3.960000118240714,9.874599985778332,124371.0,221497.0,0.0,0.0,8.77,5e-05,1e-05,100.0,0.01,-0.03368878202831786,0.0,0.22416397556645826,-0.03348267528810765,0.0,0.22456805907043653,0.0,0.0,0.0,-0.5212302443552967,0.0,-1.2704434726126914,0.5436486299800967,0.0,1.3284082946235893,-0.3009324366642562,0.0,-0.47379941404909265,0.5372377597540943,-2.259769260617026,-1.8760480215301258,-0.2797107402049719,0.00038609683247026183,0.023458236506161446,-0.15333,-0.0,-0.0,-0.00014955217078619555,0.0,-0.00038303973191995553,-5.655456942401459e-05,0.0,-2.1043772058319777e-05
327,3.2702462999150157,step,0.45361158114342703,0.01426714475900087,3.8419999182224274,10.110100032761693,124371.0,221497.0,0.0,0.0,8.77,5e-05,1e-05,100.0,0.01,-0.03368878202831786,0.0,0.22416397556645826,-0.03348267528810765,0.0,0.22456805907043653,0.0,0.0,0.0,-0.5209266184866183,0.0,-1.2696658120567157,0.5433422710960488,0.0,1.3276212077950553,-0.30075814422053004,0.0,-0.4735089804303071,0.5372377597540943,-2.259769260617026,-1.8760480215301258,-0.27966877095997394,0.0004360537651499491,0.023481385883801928,-0.15602000000000002,-0.0,0.01345,-0.0001508982619397594,0.0,-0.0003876826839560069,-5.520847827045073e-05,0.0,-1.6400820022268424e-05
328,3.2802474999334663,step,0.45361158114342703,0.014619749637300136,3.8138998206704855,10.001200018450618,124371.0,221497.0,0.0,0.0,8.77,5e-05,1e-05,100.0,0.01,-0.03368878202831786,0.0,0.22416397556645826,-0.03348267528810765,0.0,0.22456805907043653,0.0,0.0,0.0,-0.5206202598129084,0.0,-1.2688787253333393,0.543032845012525,0.0,1.3268241838964443,-0.3005823479698783,0.0,-0.47321500106335246,0.5372377597540943,-2.259769260617026,-1.8760480215301258,-0.27962639209123397,0.0004865787983651809,0.023504852574308212,-0.15333,-0.0,0.01076,-0.00015240904289809209,0.0,-0.0003925772778134068,-5.369769731211805e-05,0.0,-1.1506226164868512e-05
329,3.2900661998428404,step,0.45361158114342703,0.014989270665611346,4.291800083592534,9.818699909374118,124371.0,221497.0,0.0,0.0,8.77,5e-05,1e-05,100.0,0.01,-0.03368878202831786,0.0,0.22416397556645826,-0.03348267528810765,0.0,0.22456805907043653,0.0,0.0,0.0,-0.5203108339654585,0.0,-1.2680817015455932,0.5427201141272582,0.0,1.3260169249814986,-0.30040484672904205,0.0,-0.47291728875196165,0.5372377597540943,-2.259769260617026,-1.8760480215301258,-0.27958356191834727,0.0005377100820518343,0.023528646558894466,-0.15333,-0.0,0.01614,-0.00015403685530183985,0.0,-0.00039761862524862634,-5.2069884908370286e-05,0.0,-6.464878729648966e-06
330,3.300055200001225,step,0.45361158114342703,0.015369259187843515,4.201299976557493,9.989000158384442,124371.0,221497.0,0.0,0.0,8.77,5e-05,1e-05,100.0,0.01,-0.03368878202831786,0.0,0.22416397556645826,-0.03348267528810765,0.0,0.22456805907043653,0.0,0.0,0.0,-0.5199981033345588,0.0,-1.2672744427448461,0.5424039235479441,0.0,1.3251993123452839,-0.30022549579101665,0.0,-0.47261573546559943,0.5372377597540943,-2.259769260617026,-1.8760480215301258,-0.2795402516774995,0.0005894715483370089,0.023552772007365518,-0.15333,-0.0,0.01076,-0.0001557409600772801,0.0,-0.00040271844028887517,-5.036578013293004e-05,0.0,-1.365063689400133e-06
331,3.310452099889517,step,0.45361158114342703,0.015754087706214594,3.684900002554059,10.396899888291955,124371.0,221497.0,0.0,0.0,8.77,5e-05,1e-05,100.0,0.01,-0.03368878202831786,0.0,0.22416397556645826,-0.03348267528810765,0.0,0.22456805907043653,0.0,0.0,0.0,-0.5196819130215342,0.0,-1.2664568302241324,0.5420841884861216,0.0,1.32437137651509,-0.3000441988001763,0.0,-0.47231029977474814,0.5372377597540943,-2.259769260617026,-1.8760480215301258,-0.2794964436095262,0.0006418751119304927,0.023577228247098382,-0.15333,-0.0,0.01076,-0.00015748682732480472,0.0,-0.00040780321802230587,-4.8619912885405415e-05,0.0,3.719714044030564e-06
332,3.3203405998647213,step,0.45361158114342703,0.016138881630991368,3.6715997848659754,9.888499975204468,124371.0,221497.0,0.0,0.0,8.77,5e-05,1e-05,100.0,0.01,-0.03368878202831786,0.0,0.22416397556645826,-0.03348267528810765,0.0,0.22456805907043653,0.0,0.0,0.0,-0.51936217823253,0.0,-1.2656288945091188,0.5417608829958568,0.0,1.3235332706615377,-0.29986090045488273,0.0,-0.4720009956672071,0.5372377597540943,-2.259769260617026,-1.8760480215301258,-0.2794521292473251,0.0006949226330561636,0.02360201062187734,-0.15333,-0.0,-0.00269,-0.00015924547393544433,0.0,-0.00041281254997461997,-4.686126627476581e-05,0.0,8.729045996344663e-06
333,3.3304392998106778,step,0.45361158114342703,0.016519461436133087,3.8362001068890095,10.098699945956469,124371.0,221497.0,0.0,0.0,8.77,5e-05,1e-05,100.0,0.01,-0.03368878202831786,0.0,0.22416397556645826,-0.03348267528810765,0.0,0.22456805907043653,0.0,0.0,0.0,-0.5190388730170781,0.0,-1.2647907887690222,0.5414340299606749,0.0,1.3226852471588777,-0.29967557998269995,0.0,-0.4716878826413885,0.5372377597540943,-2.259769260617026,-1.8760480215301258,-0.27940730788883444,0.000748607660310055,0.023627111249292843,-0.15333,-0.0,0.01076,-0.00016099284876610947,0.0,-0.0004176975729716219,-4.5113891444100666e-05,0.0,1.361406899334658e-05
334,3.3402077998034656,step,0.45361158114342703,0.016892290675702172,4.4744000770151615,9.768499992787838,124371.0,221497.0,0.0,0.0,8.77,5e-05,1e-05,100.0,0.01,-0.03368878202831786,0.0,0.22416397556645826,-0.03348267528810765,0.0,0.22456805907043653,0.0,0.0,0.0,-0.518712020254952,0.0,-1.263942765377009,0.541103692233663,0.0,1.321827637032018,-0.2994882453334479,0.0,-0.47137105697535614,0.5372377597540943,-2.259769260617026,-1.8760480215301258,-0.27936198524193057,0.000802916970459755,0.02365251968510803,-0.15602000000000002,-0.0,0.01614,-0.00016270926464424988,0.0,-0.00042241954727662684,-4.339747556596026e-05,0.0,1.833604329835154e-05
335,3.350192899815738,step,0.45361158114342703,0.017254427003692726,4.165000049397349,9.985100012272596,124371.0,221497.0,0.0,0.0,8.77,5e-05,1e-05,100.0,0.01,-0.03368878202831786,0.0,0.22416397556645826,-0.03348267528810765,0.0,0.22456805907043653,0.0,0.0,0.0,-0.5183816827961584,0.0,-1.2630851553571094,0.5407699648380659,0.0,1.3209608320381232,-0.29929892803599123,0.0,-0.47105064407319364,0.5372377597540943,-2.259769260617026,-1.8760480215301258,-0.2793161722278415,0.0008578319217812241,0.023678223502712634,-0.15333,-0.0,0.01076,-0.00016437887602005136,0.0,-0.0004269485589282711,-4.172786419015878e-05,0.0,2.2865054949995785e-05
336,3.360191199928522,step,0.45361158114342703,0.017603474559993143,4.095199983566999,9.998300112783909,124371.0,221497.0,0.0,0.0,8.77,5e-05,1e-05,100.0,0.01,-0.03368878202831786,0.0,0.22416397556645826,-0.03348267528810765,0.0,0.22456805907043653,0.0,0.0,0.0,-0.5180479556614646,0.0,-1.2622183504657694,0.5404329681388287,0.0,1.320085269142242,-0.2991076786659982,0.0,-0.47072679179448046,0.5372377597540943,-2.259769260617026,-1.8760480215301258,-0.279269883930082,0.0009133296368867838,0.0237042087953844,-0.15602000000000002,-0.0,0.01614,-0.00016598920072585414,0.0,-0.00043126234055548027,-4.0117539484356e-05,0.0,2.717883657720496e-05
337,3.3701945999637246,step,0.45361158114342703,0.017937536938474684,4.060700070112944,10.003400035202503,124371.0,221497.0,0.0,0.0,8.77,5e-05,1e-05,100.0,0.01,-0.03368878202831786,0.0,0.22416397556645826,-0.03348267528810765,0.0,0.22456805907043653,0.0,0.0,0.0,-0.5177109592138704,0.0,-1.2613427876676349,0.540092841899221,0.0,1.3192014171589912,-0.2989145628735355,0.0,-0.470399664676977,0.5372377597540943,-2.259769260617026,-1.8760480215301258,-0.2792231386763829,0.000969384030319223,0.023730460608679928,-0.15871000000000002,-0.0,0.01076,-0.00016753068402608983,0.0,-0.0004353452044824579,-3.857605618412031e-05,0.0,3.1261700504182585e-05
338,3.3802037998102605,step,0.45361158114342703,0.018255170524059762,4.171299980953336,10.009199846535921,124371.0,221497.0,0.0,0.0,8.77,5e-05,1e-05,100.0,0.01,-0.03368878202831786,0.0,0.22416397556645826,-0.03348267528810765,0.0,0.22456805907043653,0.0,0.0,0.0,-0.5173708332151468,0.0,-1.2604589357768248,0.5397497401407924,0.0,1.3183097653454954,-0.29871965792143607,0.0,-0.4700694389669979,0.5372377597540943,-2.259769260617026,-1.8760480215301258,-0.2791759572416288,0.0010259666954706287,0.023756963309897162,-0.15333,-0.0,0.01614,-0.00016899630293572211,0.0,-0.0004391870816308863,-3.7110437274488024e-05,0.0,3.5103577652611e-05
339,3.390249399933964,step,0.45361158114342703,0.01855533834350394,4.112799884751439,10.04560012370348,124371.0,221497.0,0.0,0.0,8.77,5e-05,1e-05,100.0,0.01,-0.03368878202831786,0.0,0.22416397556645826,-0.03348267528810765,0.0,0.22456805907043653,0.0,0.0,0.0,-0.5170277316857459,0.0,-1.2595672840503602,0.539403826729297,0.0,1.3174108137443221,-0.29852304968765353,0.0,-0.4697362983777566,0.5372377597540943,-2.259769260617026,-1.8760480215301258,-0.27912836216045805,0.0010830476644677761,0.023783700901021956,-0.15602000000000002,-0.0,0.01345,-0.00017038120864099288,0.0,-0.0004427826595550246,-3.572553156921726e-05,0.0,3.8699155576749295e-05
340,3.400209699990228,step,0.45361158114342703,0.01883736477577953,3.8123000413179398,9.960300056263804,124371.0,221497.0,0.0,0.0,8.77,5e-05,1e-05,100.0,0.01,-0.03368878202831786,0.0,0.22416397556645826,-0.03348267528810765,0.0,0.22456805907043653,0.0,0.0,0.0,-0.5166818184906715,0.0,-1.2586683325306325,0.539055271613819,0.0,1.3165050650887948,-0.2983248300872963,0.0,-0.4694004304997739,0.5372377597540943,-2.259769260617026,-1.8760480215301258,-0.2790803771387602,0.0011405960539971755,0.02381065728127832,-0.15333,-0.0,0.01345,-0.00017168240476427647,0.0,-0.0004461306128866546,-3.4424335445933666e-05,0.0,4.20471089083793e-05
341,3.410214199917391,step,0.45361158114342703,0.019100891557212285,3.7677001673728228,10.004499927163124,124371.0,221497.0,0.0,0.0,8.77,5e-05,1e-05,100.0,0.01,-0.03368878202831786,0.0,0.22416397556645826,-0.03348267528810765,0.0,0.22456805907043653,0.0,0.0,0.0,-0.5163332635785263,0.0,-1.257762583950943,0.5387042476510052,0.0,1.3155930180966489,-0.29812509487254857,0.0,-0.4690620237938995,0.5372377597540943,-2.259769260617026,-1.8760480215301258,-0.2790320265540172,0.001198580609023378,0.02383781646481159,-0.15602000000000002,-0.0,0.01076,-0.00017289845916700742,0.0,-0.00044923291950178785,-3.320828104320272e-05,0.0,4.514941552351254e-05
342,3.4202418997883797,step,0.45361158114342703,0.01934583552901249,3.734900150448084,10.027699870988727,124371.0,221497.0,0.0,0.0,8.77,5e-05,1e-05,100.0,0.01,-0.03368878202831786,0.0,0.22416397556645826,-0.03348267528810765,0.0,0.22456805907043653,0.0,0.0,0.0,-0.5159822398057449,0.0,-1.2568505370290552,0.5383509279510192,0.0,1.3146751619913457,-0.29792394177147374,0.0,-0.46872126510155915,0.5372377597540943,-2.259769260617026,-1.8760480215301258,-0.2789833350350777,0.001256970155632267,0.02386516275872938,-0.15602000000000002,-0.0,0.01076,-0.00017402924697380157,0.0,-0.00045209425583275906,-3.207749323640857e-05,0.0,4.801075185448375e-05
343,3.430192800005898,step,0.45361158114342703,0.01957234853755129,3.788800211623311,9.95090021751821,124371.0,221497.0,0.0,0.0,8.77,5e-05,1e-05,100.0,0.01,-0.03368878202831786,0.0,0.22416397556645826,-0.03348267528810765,0.0,0.22456805907043653,0.0,0.0,0.0,-0.5156289202824673,0.0,-1.2559326809885591,0.5379954836864954,0.0,1.3137519721033608,-0.29772146892915435,0.0,-0.46837833761242337,0.5372377597540943,-2.259769260617026,-1.8760480215301258,-0.2789343271126141,0.0013157339733298051,0.023892680906230694,-0.15602000000000002,-0.0,0.01345,-0.00017507572252068197,0.0,-0.00045472146492300407,-3.103101768952817e-05,0.0,5.063796094472876e-05
344,3.4400746999308467,step,0.45361158114342703,0.019780779830947105,3.9233998395502567,9.881899924948812,124371.0,221497.0,0.0,0.0,8.77,5e-05,1e-05,100.0,0.01,-0.03368878202831786,0.0,0.22416397556645826,-0.03348267528810765,0.0,0.22456805907043653,0.0,0.0,0.0,-0.5152734761814723,0.0,-1.2550094911600862,0.5376380823103399,0.0,1.3128239064163048,-0.2975177736174852,0.0,-0.46803341923426023,0.5372377597540943,-2.259769260617026,-1.8760480215301258,-0.2788850269321926,0.001374842096333706,0.023920356199196004,-0.15602000000000002,-0.0,0.01614,-0.00017603971797511863,0.0,-0.0004571230910443624,-3.0067022235091503e-05,0.0,5.30395870660871e-05
345,3.4501884998753667,step,0.37147540732924617,0.012356381665147154,4.900299943983555,10.113799944519997,124371.0,221497.0,0.0,0.0,8.77,5e-05,1e-05,100.0,0.01,-0.033773933718768565,0.0,0.22433748911398216,-0.03348267528810765,0.0,0.22456805907043653,0.0,0.0,0.0,-0.5055293071567462,0.0,-1.2793032535067441,0.5371050556354675,0.0,1.312246235886364,-0.28926219882042165,0.0,-0.4766875848530191,0.5372377597540943,-2.259769260617026,-1.8745140407422405,-0.27807511471857316,0.0008535645799101627,0.022355089914505195,-0.15333,-0.0,0.00807,-0.0002625447952811097,0.0,-0.0002845343360339782,-2.8713635379802572e-05,0.0,5.3964379579604226e-05
346,3.4601795999333262,step,0.45361158114342703,0.022014245729207113,3.794600022956729,9.991100057959557,124371.0,221497.0,0.0,0.0,8.77,5e-05,1e-05,100.0,0.01,-0.03368878202831786,0.0,0.22416397556645826,-0.03348267528810765,0.0,0.22456805907043653,0.0,0.0,0.0,-0.5143823656266677,0.0,-1.2535059613635444,0.536774048080705,0.0,1.3112506712236063,-0.29698540735668827,0.0,-0.46748002962964136,0.5372377597540943,-2.259769260617026,-1.8760480215301258,-0.27877208169020673,0.0014834433896244448,0.023953330344429827,-0.15333,-0.0,0.01345,-0.000163039336994492,0.0,-0.0004903700843553576,-4.3067403215718125e-05,0.0,8.628658037708231e-05
347,3.470203199889511,step,0.45361158114342703,0.02178090799262527,3.7799000274389982,10.023599956184626,124371.0,221497.0,0.0,0.0,8.77,5e-05,1e-05,100.0,0.01,-0.03368878202831786,0.0,0.22416397556645826,-0.03348267528810765,0.0,0.22456805907043653,0.0,0.0,0.0,-0.5140520383021321,0.0,-1.2525081917893954,0.5364361917663079,0.0,1.3102633004351352,-0.2967998462737405,0.0,-0.46710580692087994,0.5372377597540943,-2.259769260617026,-1.8760480215301258,-0.2787244286848075,0.0015451996256679451,0.023985327306103664,-0.15602000000000002,-0.0,0.01345,-0.00016641273504200654,0.0,-0.0004863341793783031,-3.9694005168203596e-05,0.0,8.225067540002781e-05
348,3.480073999846354,step,0.45361158114342703,0.021585376661565178,3.9524000603705645,9.870799956843257,124371.0,221497.0,0.0,0.0,8.77,5e-05,1e-05,100.0,0.01,-0.03368878202831786,0.0,0.22416397556645826,-0.03348267528810765,0.0,0.22456805907043653,0.0,0.0,0.0,-0.5137141829072854,0.0,-1.2515208202081156,0.5360922657908953,0.0,1.3092830014077728,-0.2966091697893516,0.0,-0.46673577757014234,0.5372377597540943,-2.259769260617026,-1.8760480215301258,-0.2786761249464911,0.0016067457403744628,0.024016565721000728,-0.15871000000000002,-0.0,0.01614,-0.00016940238429066011,0.0,-0.0004828509749919755,-3.6704355919550024e-05,0.0,7.87674710137002e-05
349,3.4902428998611867,step,0.45361158114342703,0.021422728968807512,4.64780000038445,10.168900014832616,124371.0,221497.0,0.0,0.0,8.77,5e-05,1e-05,100.0,0.01,-0.03368878202831786,0.0,0.22416397556645826,-0.03348267528810765,0.0,0.22456805907043653,0.0,0.0,0.0,-0.5133702573992217,0.0,-1.2505405211016107,0.5357429876787286,0.0,1.3083087614224242,-0.29641440369364697,0.0,-0.46636862585200106,0.5372377597540943,-2.259769260617026,-1.8760480215301258,-0.27862727927204517,0.0016681864587382578,0.024047251389920483,-0.15333,-0.0,0.00807,-0.00017203861342328933,0.0,-0.0004798665887798286,-3.4068126786920806e-05,0.0,7.578308480155331e-05
350,3.5003854997921735,step,0.45361158114342703,0.021288629660487068,3.9905000012367964,10.142599930986762,124371.0,221497.0,0.0,0.0,8.77,5e-05,1e-05,100.0,0.01,-0.03368878202831786,0.0,0.22416397556645826,-0.03348267528810765,0.0,0.22456805907043653,0.0,0.0,0.0,-0.5130209796990266,0.0,-1.2495662810486574,0.5353890152971524,0.0,1.3073396704981826,-0.2962160364048274,0.0,-0.46600394349092883,0.5372377597540943,-2.259769260617026,-1.8760480215301258,-0.278577953432741,0.001729542883664767,0.02407745763143703,-0.15333,-0.0,0.01076,-0.00017435080668931854,0.0,-0.0004773304166965981,-3.1755933520891594e-05,0.0,7.32469127183228e-05
351,3.5100276998709887,step,0.6598293288906016,0.03983790902108183,4.072299925610423,9.642200078815222,124371.0,221497.0,0.0,0.0,8.77,5e-05,1e-05,100.0,0.01,-0.03394131954917294,0.0,0.22409369614497113,-0.03348267528810765,0.0,0.22456805907043653,0.0,0.0,0.0,-0.48482832289977706,0.0,-1.2383814143853042,0.5345154137941364,0.0,1.3062311941711935,-0.27893082839770006,0.0,-0.4625556598682949,0.5357037789662087,-2.259769260617026,-1.8760480215301258,-0.27461048504617147,0.003652451767041709,0.023606910273027595,-0.15333,-0.0,0.01076,-0.0004302966604981562,0.0,-0.0005459853950547252,-2.834760056713234e-05,0.0,7.162246958932047e-05
352,3.520041799871251,step,0.45361158114342703,0.01906031821979694,4.2086998000741005,10.01410000026226,124371.0,221497.0,0.0,0.0,8.77,5e-05,1e-05,100.0,0.01,-0.03368878202831786,0.0,0.22416397556645826,-0.03348267528810765,0.0,0.22456805907043653,0.0,0.0,0.0,-0.511791381507659,0.0,-1.247487820051599,0.5342422598491312,0.0,1.3052939617471224,-0.29548155334856746,0.0,-0.4652388840290637,0.5372377597540943,-2.259769260617026,-1.8760480215301258,-0.2784220558977145,0.0018795825938184574,0.0241231283337157,-0.15064,-0.0,0.01076,-0.00013454330725855333,0.0,-0.00046163839955556143,-7.15634329516568e-05,0.0,5.755489557728613e-05
353,3.530274499906227,step,0.45361158114342703,0.019342840293512378,5.067500052973628,10.232700034976006,124371.0,221497.0,0.0,0.0,8.77,5e-05,1e-05,100.0,0.01,-0.03368878202831786,0.0,0.22416397556645826,-0.03348267528810765,0.0,0.22456805907043653,0.0,0.0,0.0,-0.5115202448456383,0.0,-1.2465514806762987,0.5339501585971035,0.0,1.3043549087124522,-0.29533238225961234,0.0,-0.46488666184032496,0.5372377597540943,-2.259769260617026,-1.8760480215301258,-0.2783814001903612,0.0019360015216195597,0.024154660857455316,-0.15333,-0.0,0.01345,-0.00014387590166988675,0.0,-0.0004625351693672118,-6.223083854032339e-05,0.0,5.8451665388936495e-05
354,3.540214299922809,step,0.45361158114342703,0.019609474540694533,6.38689985498786,9.939800016582012,124371.0,221497.0,0.0,0.0,8.77,5e-05,1e-05,100.0,0.01,-0.03368878202831786,0.0,0.22416397556645826,-0.03348267528810765,0.0,0.22456805907043653,0.0,0.0,0.0,-0.5112281462157455,0.0,-1.2456124279460485,0.5336414467076366,0.0,1.3034140727170427,-0.2951698144781319,0.0,-0.46453395874806785,0.5372377597540943,-2.259769260617026,-1.8760480215301258,-0.27833851655846087,0.0019933811262198287,0.024185502941116717,-0.15602000000000002,-0.0,0.01345,-0.00015205755848233493,0.0,-0.00046341339376761777,-5.4049181727875204e-05,0.0,5.932988978934247e-05
355,3.5503598998766392,step,0.45361158114342703,0.01985761302822401,4.034799989312887,10.145599953830242,124371.0,221497.0,0.0,0.0,8.77,5e-05,1e-05,100.0,0.01,-0.03368878202831786,0.0,0.22416397556645826,-0.03348267528810765,0.0,0.22456805907043653,0.0,0.0,0.0,-0.5109194356053028,0.0,-1.2446715919706346,0.5333182564180933,0.0,1.3024715069064796,-0.29499662024058826,0.0,-0.4641810154609383,0.5372377597540943,-2.259769260617026,-1.8760480215301258,-0.2782938721578478,0.002051504133310525,0.02421578138450267,-0.15333,-0.0,0.01345,-0.00015918897162566197,0.0,-0.00046426544029230603,-4.691776858454816e-05,0.0,6.018193631403073e-05
356,3.5600441999267787,step,0.45361158114342703,0.020085700065268164,4.010300152003765,9.684300050139427,124371.0,221497.0,0.0,0.0,8.77,5e-05,1e-05,100.0,0.01,-0.03368878202831786,0.0,0.22416397556645826,-0.03348267528810765,0.0,0.22456805907043653,0.0,0.0,0.0,-0.5105962464302111,0.0,-1.2437290261793679,0.5329825249997018,0.0,1.3015272765414685,-0.2948141689613446,0.0,-0.4638277954158286,0.5372377597540943,-2.259769260617026,-1.8760480215301258,-0.27824769081121126,0.0021102836414213233,0.02424557645718204,-0.15602000000000002,-0.0,0.01076,-0.0001653661724906466,0.0,-0.00046508534160862947,-4.0740567719563546e-05,0.0,6.1001837630354164e-05
357,3.570296299876645,step,0.45361158114342703,0.020293019942285467,3.7072000559419394,10.252099949866533,124371.0,221497.0,0.0,0.0,8.77,5e-05,1e-05,100.0,0.01,-0.03368878202831786,0.0,0.22416397556645826,-0.03348267528810765,0.0,0.22456805907043653,0.0,0.0,0.0,-0.5102605159771489,0.0,-1.242784795832916,0.5326360049787128,0.0,1.300581456060784,-0.2946237037138096,0.0,-0.46347427183894624,0.5372377597540943,-2.259769260617026,-1.8760480215301258,-0.27820017598469865,0.002169639920813149,0.024274960297659166,-0.15333,-0.0,0.01076,-0.00017068015801201242,0.0,-0.00046586857704050515,-3.5426582198197715e-05,0.0,6.178507306222984e-05
358,3.5801888999994844,step,0.45361158114342703,0.020479513524859123,3.8266999181360006,9.892600122839212,124371.0,221497.0,0.0,0.0,8.77,5e-05,1e-05,100.0,0.01,-0.03368878202831786,0.0,0.22416397556645826,-0.03348267528810765,0.0,0.22456805907043653,0.0,0.0,0.0,-0.5099139967866028,0.0,-1.2418389753699763,0.5322802748531524,0.0,1.2996341265462634,-0.29442634861568046,0.0,-0.4631204264226277,0.5372377597540943,-2.259769260617026,-1.8760480215301258,-0.27815151194354426,0.002229500093241521,0.024303997473584936,-0.15602000000000002,-0.0,0.01345,-0.00017521664655663593,0.0,-0.00046661187454099867,-3.0890093653574205e-05,0.0,6.252837056272336e-05
359,3.59036079980433,step,0.6598293288906016,0.039324839373536195,4.384499974548817,10.171899804845452,124371.0,221497.0,0.0,0.0,8.77,5e-05,1e-05,100.0,0.01,-0.03394131954917294,0.0,0.22409369614497113,-0.03348267528810765,0.0,0.22456805907043653,0.0,0.0,0.0,-0.4817195825909719,0.0,-1.2306758701906182,0.5314012148557207,0.0,1.2985416531331664,-0.2771361177740912,0.0,-0.4596799383772237,0.5357037789662087,-2.259769260617026,-1.8760480215301258,-0.27418297255117885,0.004151649817434683,0.02383173260010088,-0.15333,-0.0,0.01345,-0.0004329853972328686,0.0,-0.0005381032422339141,-2.5658863832419946e-05,0.0,6.374031676850938e-05
360,3.600217599887401,step,0.6598293288906016,0.035601841534469894,3.7801999133080244,9.856800083070993,124371.0,221497.0,0.0,0.0,8.77,5e-05,1e-05,100.0,0.01,-0.03394131954917294,0.0,0.22409369614497113,-0.03348267528810765,0.0,0.22456805907043653,0.0,0.0,0.0,-0.48083849821029573,0.0,-1.2295825031533834,0.5306040838080536,0.0,1.2974717575881272,-0.2765987150745481,0.0,-0.4592834880975826,0.5357037789662087,-2.259769260617026,-1.8760480215301258,-0.2740763060055603,0.004239833656498382,0.023846554462826734,-0.15333,-0.0,0.01345,-0.0003926308951751848,0.0,-0.0005269824162815704,-6.601336589010377e-05,0.0,5.2619490816165656e-05
361,3.6100958997849375,step,0.45361158114342703,0.017419704264344738,3.921099938452244,9.878299897536635,124371.0,221497.0,0.0,0.0,8.77,5e-05,1e-05,100.0,0.01,-0.03368878202831786,0.0,0.22416397556645826,-0.03348267528810765,0.0,0.22456805907043653,0.0,0.0,0.0,-0.5078800444710384,0.0,-1.238728382753936,0.5303896461564048,0.0,1.2965634609486487,-0.29320263398682794,0.0,-0.461980633790051,0.5372377597540943,-2.259769260617026,-1.8760480215301258,-0.27789793449064265,0.00246170264574494,0.024364839682222646,-0.15333,-0.0,0.00807,-0.00010562234376882523,0.0,-0.00044738607777795793,-0.00010048439644138491,0.0,4.330257379968263e-05
362,3.6201804999727756,step,0.45361158114342703,0.018107660756333736,3.875899827107787,10.084600187838078,124371.0,221497.0,0.0,0.0,8.77,5e-05,1e-05,100.0,0.01,-0.03368878202831786,0.0,0.22416397556645826,-0.03348267528810765,0.0,0.22456805907043653,0.0,0.0,0.0,-0.5076676266326702,0.0,-1.2378209795549486,0.5301408973824828,0.0,1.2956450339476726,-0.2930904190238162,0.0,-0.4616379497600474,0.5372377597540943,-2.259769260617026,-1.8760480215301258,-0.27786379991276444,0.0025143890566595717,0.024397348370552664,-0.15333,-0.0,0.01345,-0.00012252246296471476,0.0,-0.00045237585069739066,-8.358427724549538e-05,0.0,4.829234671911535e-05
363,3.6301929999608546,step,0.45361158114342703,0.018750217651010228,3.8156998343765736,10.012499988079071,124371.0,221497.0,0.0,0.0,8.77,5e-05,1e-05,100.0,0.01,-0.03368878202831786,0.0,0.22416397556645826,-0.03348267528810765,0.0,0.22456805907043653,0.0,0.0,0.0,-0.5074188816639443,0.0,-1.2369025529511806,0.5298623350107678,0.0,1.2947177179569116,-0.29295515667758015,0.0,-0.4612920055287984,0.5372377597540943,-2.259769260617026,-1.8760480215301258,-0.27782572130651384,0.002569048880328273,0.02442894432618039,-0.15333,-0.0,0.00807,-0.00013720730449617944,0.0,-0.000456754179414827,-6.88994357140307e-05,0.0,5.267067543655168e-05
364,3.640342199942097,step,0.45361158114342703,0.019339103962253426,3.7151998840272427,10.149199981242418,124371.0,221497.0,0.0,0.0,8.77,5e-05,1e-05,100.0,0.01,-0.03368878202831786,0.0,0.22416397556645826,-0.03348267528810765,0.0,0.22456805907043653,0.0,0.0,0.0,-0.507140321587532,0.0,-1.2359752370596788,0.5295580363260952,0.0,1.2937826465414566,-0.29280097420707674,0.0,-0.4609434462017961,0.5372377597540943,-2.259769260617026,-1.8760480215301258,-0.277784407756843,0.0026253206463969087,0.024459784069898453,-0.15602000000000002,-0.0,0.01345,-0.00014988385930984077,0.0,-0.00046057416458926924,-5.6222880900369364e-05,0.0,5.649066061099394e-05
365,3.6501966000068933,step,0.45361158114342703,0.019869729101546663,3.8043002132326365,9.85440006479621,124371.0,221497.0,0.0,0.0,8.77,5e-05,1e-05,100.0,0.01,-0.03368878202831786,0.0,0.22416397556645826,-0.03348267528810765,0.0,0.22456805907043653,0.0,0.0,0.0,-0.5068360248838799,0.0,-1.2350401657307477,0.5292316816249174,0.0,1.2928408503384317,-0.2926304619391235,0.0,-0.4605925979706402,0.5372377597540943,-2.259769260617026,-1.8760480215301258,-0.27774030070056077,0.002682987862767397,0.02448997473345687,-0.15602000000000002,-0.0,0.01076,-0.00016074766586316087,0.0,-0.00046388650388270276,-4.5359074347049266e-05,0.0,5.980299990442745e-05
366,3.6601746999658644,step,0.45361158114342703,0.020340365721129704,3.8362001068890095,9.978099958971143,124371.0,221497.0,0.0,0.0,8.77,5e-05,1e-05,100.0,0.01,-0.03368878202831786,0.0,0.22416397556645826,-0.03348267528810765,0.0,0.22456805907043653,0.0,0.0,0.0,-0.5065096718804317,0.0,-1.2340983696027341,0.5288865783055021,0.0,1.2918932623550932,-0.29244595712532284,0.0,-0.46023975805400624,0.5372377597540943,-2.259769260617026,-1.8760480215301258,-0.2776937985783671,0.002741854806906849,0.0245196126543658,-0.15602000000000002,-0.0,0.01345,-0.0001699823968974458,0.0,-0.00046673928535943403,-3.612434331276435e-05,0.0,6.265578138115873e-05
367,3.670174199854955,step,0.45361158114342703,0.020751458600738314,3.809299785643816,9.999499889090657,124371.0,221497.0,0.0,0.0,8.77,5e-05,1e-05,100.0,0.01,-0.03368878202831786,0.0,0.22416397556645826,-0.03348267528810765,0.0,0.22456805907043653,0.0,0.0,0.0,-0.506164570004175,0.0,-1.2331507816840102,0.5285256853508904,0.0,1.290940723546981,-0.29224956001895636,0.0,-0.45988519616507595,0.5372377597540943,-2.259769260617026,-1.8760480215301258,-0.27764525954918395,0.0028017452556178962,0.02454878410379959,-0.15333,-0.0,0.01345,-0.00017775966597715273,0.0,-0.00046917784954397535,-2.834707423305741e-05,0.0,6.509434556570005e-05
368,3.6801985998172313,step,0.45361158114342703,0.021105048763928404,3.7706000730395317,10.02439996227622,124371.0,221497.0,0.0,0.0,8.77,5e-05,1e-05,100.0,0.01,-0.03368878202831786,0.0,0.22416397556645826,-0.03348267528810765,0.0,0.22456805907043653,0.0,0.0,0.0,-0.5058036782649598,0.0,-1.232198242931132,0.5281516378320527,0.0,1.289983988557767,-0.2920431494577078,0.0,-0.45952915599807864,0.5372377597540943,-2.259769260617026,-1.8760480215301258,-0.27759500412398624,0.002862501245388463,0.02457756598486554,-0.15602000000000002,-0.0,0.01345,-0.0001842390175377217,0.0,-0.0004712447097749265,-2.1867722672488433e-05,0.0,6.71612057966512e-05
369,3.6904809998814017,step,0.45361158114342703,0.021404300824346502,3.783100051805377,10.28240006417036,124371.0,221497.0,0.0,0.0,8.77,5e-05,1e-05,100.0,0.01,-0.03368878202831786,0.0,0.22416397556645826,-0.03348267528810765,0.0,0.22456805907043653,0.0,0.0,0.0,-0.505429631758684,0.0,-1.2312415079887293,0.5277667711238623,0.0,1.2890237315212314,-0.29182839845482467,0.0,-0.4591718567763918,0.5372377597540943,-2.259769260617026,-1.8760480215301258,-0.27754331780383557,0.0029239818240620885,0.024606026524381187,-0.15333,-0.0,0.01076,-0.00018956806833492822,0.0,-0.0004729795216036621,-1.6538671875281915e-05,0.0,6.889601762538681e-05
370,3.700226099928841,step,0.45361158114342703,0.02165312118503435,3.810300026088953,9.745100047439337,124371.0,221497.0,0.0,0.0,8.77,5e-05,1e-05,100.0,0.01,-0.03368878202831786,0.0,0.22416397556645826,-0.03348267528810765,0.0,0.22456805907043653,0.0,0.0,0.0,-0.5050447658832996,0.0,-1.230281250991475,0.5273731445840552,0.0,1.288060551842508,-0.291606789604089,0.0,-0.4588134948321586,0.5372377597540943,-2.259769260617026,-1.8760480215301258,-0.27749045368869485,0.0029860618108245585,0.024634225950736423,-0.15602000000000002,-0.0,0.01345,-0.00019388277195053153,0.0,-0.0004744190930033219,-1.2223968259678607e-05,0.0,7.03355890250466e-05
371,3.7101836998481303,step,0.45361158114342703,0.021855854923744308,3.8574999198317528,9.95759991928935,124371.0,221497.0,0.0,0.0,8.77,5e-05,1e-05,100.0,0.01,-0.03368878202831786,0.0,0.22416397556645826,-0.03348267528810765,0.0,0.22456805907043653,0.0,0.0,0.0,-0.5046511400177837,0.0,-1.2293180713453662,0.526972564495882,0.0,1.2870949798905578,-0.29137963014026647,0.0,-0.45845424519233036,0.5372377597540943,-2.259769260617026,-1.8760480215301258,-0.27743663502980587,0.003048630578419212,0.02466221715187468,-0.15333,-0.0,0.01345,-0.00019730778146152594,0.0,-0.0004755974280938245,-8.798958748684196e-06,0.0,7.151392411554921e-05
372,3.7205409999005497,step,0.45361158114342703,0.02201704981270599,3.5151001065969467,10.357300052419305,124371.0,221497.0,0.0,0.0,8.77,5e-05,1e-05,100.0,0.01,-0.03368878202831786,0.0,0.22416397556645826,-0.03348267528810765,0.0,0.22456805907043653,0.0,0.0,0.0,-0.5042505604648638,0.0,-1.228352499420112,0.5265666061192918,0.0,1.2861274825468771,-0.29114806652885217,0.0,-0.458094263150277,0.5372377597540943,-2.259769260617026,-1.8760480215301258,-0.2773820577038997,0.0031115908687913557,0.024690046308736238,-0.15333,-0.0,0.01076,-0.0001999568885351146,0.0,-0.0004765457979541711,-6.149851675095545e-06,0.0,7.246229397589579e-05
373,3.730227399850264,step,0.6598293288906016,0.04189476866108777,3.7745998706668615,9.686399949714541,124371.0,221497.0,0.0,0.0,8.77,5e-05,1e-05,100.0,0.01,-0.03394131954917294,0.0,0.22409369614497113,-0.03348267528810765,0.0,0.22456805907043653,0.0,0.0,0.0,-0.4760059177232691,0.0,-1.2171692264162368,0.5256410996681794,0.0,1.285014748195086,-0.27382027451730084,0.0,-0.4546462088648132,0.5357037789662087,-2.259769260617026,-1.8760480215301258,-0.2734059494776751,0.005037099386654434,0.024215543786098456,-0.15602000000000002,-0.0,0.01076,-0.0004558629751758122,0.0,-0.0005480830431577445,-2.7812858894763577e-06,0.0,7.372011769233981e-05
374,3.7401728997938335,step,0.45361158114342703,0.020012256860446047,3.9005998987704515,9.945499943569303,124371.0,221497.0,0.0,0.0,8.77,5e-05,1e-05,100.0,0.01,-0.03368878202831786,0.0,0.22416397556645826,-0.03348267528810765,0.0,0.22456805907043653,0.0,0.0,0.0,-0.5029170713768318,0.0,-1.2262713741229982,0.5253167505597831,0.0,1.2840684865075451,-0.29034689880907666,0.0,-0.45733096022384345,0.5372377597540943,-2.259769260617026,-1.8760480215301258,-0.277215259861033,0.003265865466123438,0.024731810929998183,-0.15064,-0.0,0.01345,-0.00015975982848249548,0.0,-0.0004660860812862026,-4.6346911727714653e-05,0.0,6.200257730792729e-05
375,3.750228099990636,step,0.45361158114342703,0.020462713886306685,3.7938999012112617,10.055200196802616,124371.0,221497.0,0.0,0.0,8.77,5e-05,1e-05,100.0,0.01,-0.03368878202831786,0.0,0.22416397556645826,-0.03348267528810765,0.0,0.22456805907043653,0.0,0.0,0.0,-0.5025947394968031,0.0,-1.2253260055374686,0.524974674394187,0.0,1.283116583015736,-0.29016507337519504,0.0,-0.45697664120506953,0.5372377597540943,-2.259769260617026,-1.8760480215301258,-0.2771691313578136,0.003324747915981266,0.024761765059478448,-0.15333,-0.0,0.01345,-0.00016849138460688998,0.0,-0.0004688649882038643,-3.761535560332016e-05,0.0,6.478148422558902e-05
376,3.760177999967709,step,0.45361158114342703,0.020854465143180175,3.8349998649209738,9.949899977073073,124371.0,221497.0,0.0,0.0,8.77,5e-05,1e-05,100.0,0.01,-0.03368878202831786,0.0,0.22416397556645826,-0.03348267528810765,0.0,0.22456805907043653,0.0,0.0,0.0,-0.5022526658594338,0.0,-1.224374102392699,0.524617613197369,0.0,1.282159905845706,-0.28997073753406616,0.0,-0.45662034161580406,0.5372377597540943,-2.259769260617026,-1.8760480215301258,-0.27712085235134737,0.0033847293574389564,0.024791247592016424,-0.15602000000000002,-0.0,0.01076,-0.0001758723417782487,0.0,-0.0004712162949051527,-3.0234398431961437e-05,0.0,6.71327909268774e-05
377,3.7701592999510467,step,0.45361158114342703,0.021190038039288626,4.020800115540624,9.981299983337522,124371.0,221497.0,0.0,0.0,8.77,5e-05,1e-05,100.0,0.01,-0.03368878202831786,0.0,0.22416397556645826,-0.03348267528810765,0.0,0.22456805907043653,0.0,0.0,0.0,-0.5018956058165213,0.0,-1.2234174252760297,0.5242480132116262,0.0,1.2811992298430124,-0.28976689977454756,0.0,-0.4562626101537943,0.5372377597540943,-2.259769260617026,-1.8760480215301258,-0.2770709433007017,0.0034455359612759057,0.024820363749010012,-0.15333,-0.0,0.01614,-0.00018204838971448635,0.0,-0.0004731859471699799,-2.4058350495723786e-05,0.0,6.910244319170461e-05
378,3.780185899930075,step,0.45361158114342703,0.021472880906975893,3.9028001483529806,10.026599979028106,124371.0,221497.0,0.0,0.0,8.77,5e-05,1e-05,100.0,0.01,-0.03368878202831786,0.0,0.22416397556645826,-0.03348267528810765,0.0,0.22456805907043653,0.0,0.0,0.0,-0.5015260067959432,0.0,-1.222456749317952,0.5238680465125364,0.0,1.2802352433481015,-0.2895551119742114,0.0,-0.45590367892797506,0.5372377597540943,-2.259769260617026,-1.8760480215301258,-0.2770196703489819,0.0035070331902992274,0.02484917356551615,-0.15602000000000002,-0.0,0.00807,-0.0001871545706004045,0.0,-0.00047481655353428663,-1.8952169609805642e-05,0.0,7.073304955601133e-05
379,3.790216299938038,step,0.45361158114342703,0.021707034223395597,3.803800093010068,10.03040000796318,124371.0,221497.0,0.0,0.0,8.77,5e-05,1e-05,100.0,0.01,-0.03368878202831786,0.0,0.22416397556645826,-0.03348267528810765,0.0,0.22456805907043653,0.0,0.0,0.0,-0.5011460408948291,0.0,-1.2214927628599654,0.523479632228943,0.0,1.279268554854363,-0.2893367514164898,0.0,-0.4555437540935252,0.5372377597540943,-2.259769260617026,-1.8760480215301258,-0.27696726970413227,0.003569101622387952,0.024877730304286312,-0.15602000000000002,-0.0,0.00807,-0.00019131547461850653,0.0,-0.000476147443077765,-1.4791265591703606e-05,0.0,7.206393909948972e-05
380,3.8002158999443054,step,0.45361158114342703,0.021896869627903614,3.933300031349063,9.999600006267428,124371.0,221497.0,0.0,0.0,8.77,5e-05,1e-05,100.0,0.01,-0.03368878202831786,0.0,0.22416397556645826,-0.03348267528810765,0.0,0.22456805907043653,0.0,0.0,0.0,-0.5007576272614876,0.0,-1.220526074396363,0.5230844571724472,0.0,1.2782996994868798,-0.28911303498665014,0.0,-0.45518301791814564,0.5372377597540943,-2.259769260617026,-1.8760480215301258,-0.27691395007090813,0.0036316357273074307,0.02490608101138503,-0.15333,-0.0,0.01076,-0.0001946455307977294,0.0,-0.00047721475374049705,-1.1461209412480728e-05,0.0,7.313124976222174e-05
381,3.8103482997976243,step,0.45361158114342703,0.022046886940202036,3.935999935492873,10.13239985331893,124371.0,221497.0,0.0,0.0,8.77,5e-05,1e-05,100.0,0.01,-0.03368878202831786,0.0,0.22416397556645826,-0.03348267528810765,0.0,0.22456805907043653,0.0,0.0,0.0,-0.5003624527254076,0.0,-1.2195572190530555,0.522683995724318,0.0,1.2773291452530329,-0.2888850322544416,0.0,-0.4548216307174693,0.5372377597540943,-2.259769260617026,-1.8760480215301258,-0.2768598948935425,0.0036945427353430454,0.024934267024707905,-0.15871000000000002,-0.0,0.01076,-0.00019724937277444476,0.0,-0.0004780515446972969,-8.85736743576538e-06,0.0,7.396804071902157e-05
382,3.8202750999480486,step,0.45361158114342703,0.022161560077881816,3.784300060942769,9.926800150424242,124371.0,221497.0,0.0,0.0,8.77,5e-05,1e-05,100.0,0.01,-0.03368878202831786,0.0,0.22416397556645826,-0.03348267528810765,0.0,0.22456805907043653,0.0,0.0,0.0,-0.49996199168420613,0.0,-1.2185866648381827,0.5222795288636511,0.0,1.2763572990275225,-0.2886536780853928,0.0,-0.45445973272273527,0.5372377597540943,-2.259769260617026,-1.8760480215301258,-0.27680526451770454,0.0037577415464323805,0.024962324463953064,-0.15333,-0.0,0.01076,-0.00019922226177322155,0.0,-0.00047868792717098966,-6.884478436988592e-06,0.0,7.460442319271436e-05
383,3.830183899961412,step,0.6598293288906016,0.04196669243391604,3.8496998604387045,9.908800013363361,124371.0,221497.0,0.0,0.0,8.77,5e-05,1e-05,100.0,0.01,-0.03394131954917294,0.0,0.22409369614497113,-0.03348267528810765,0.0,0.22456805907043653,0.0,0.0,0.0,-0.4717188403528582,0.0,-1.2073990429453965,0.5213566272529969,0.0,1.2752407918911064,-0.27132273391460715,0.0,-0.45100906345014286,0.5357037789662087,-2.259769260617026,-1.8760480215301258,-0.272827774778879,0.0056836738112983065,0.024487198661775837,-0.15602000000000002,-0.0,0.01076,-0.0004545800066067951,0.0,-0.0005499414190952907,-4.064254458493468e-06,0.0,7.557849362988596e-05
384,3.8401774999219924,step,0.45361158114342703,0.020090491830402468,3.8879001513123512,9.993599960580468,124371.0,221497.0,0.0,0.0,8.77,5e-05,1e-05,100.0,0.01,-0.03368878202831786,0.0,0.22416397556645826,-0.03348267528810765,0.0,0.22456805907043653,0.0,0.0,0.0,-0.49863259876117766,0.0,-1.2164974178611216,0.5210357683387388,0.0,1.2742912790783196,-0.2878553596699229,0.0,-0.45369320216598796,0.5372377597540943,-2.259769260617026,-1.8760480215301258,-0.27663878838611455,0.003912250748202548,0.02500461244829056,-0.15064,-0.0,0.00807,-0.0001580407349369135,0.0,-0.0004676874978269092,-4.806600527329665e-05,0.0,6.360399384863389e-05
385,3.850166499847546,step,0.45361158114342703,0.020511950854561582,3.849499858915806,9.988999925553799,124371.0,221497.0,0.0,0.0,8.77,5e-05,1e-05,100.0,0.01,-0.03368878202831786,0.0,0.22416397556645826,-0.03348267528810765,0.0,0.22456805907043653,0.0,0.0,0.0,-0.49831375700714076,0.0,-1.215548798144522,0.5206978690132746,0.0,1.2733365948316586,-0.28767586382275967,0.0,-0.4533375416133574,0.5372377597540943,-2.259769260617026,-1.8760480215301258,-0.2765929821888578,0.003971153998934315,0.025034847783948343,-0.15333,-0.0,0.01076,-0.00016643408011498425,0.0,-0.00047023471909874055,-3.9672660095225884e-05,0.0,6.615121512046525e-05
386,3.860179799841717,step,0.45361158114342703,0.02087827451928499,3.8358999881893396,10.013299994170666,124371.0,221497.0,0.0,0.0,8.77,5e-05,1e-05,100.0,0.01,-0.03368878202831786,0.0,0.22416397556645826,-0.03348267528810765,0.0,0.22456805907043653,0.0,0.0,0.0,-0.49797586015704065,0.0,-1.2145941142396457,0.5203454989124618,0.0,1.272377559144873,-0.28748428620426386,0.0,-0.4529800627029901,0.5372377597540943,-2.259769260617026,-1.8760480215301258,-0.27654510348055106,0.00403110615011644,0.025064617012040935,-0.15602000000000002,-0.0,0.01614,-0.00017356173778515014,0.0,-0.00047237804800271603,-3.254500242506e-05,0.0,6.829454402444072e-05
387,3.8701103997882456,step,0.6598293288906016,0.03997215968038069,3.911999985575676,9.930599946528673,124371.0,221497.0,0.0,0.0,8.77,5e-05,1e-05,100.0,0.01,-0.03394131954917294,0.0,0.22409369614497113,-0.03348267528810765,0.0,0.22456805907043653,0.0,0.0,0.0,-0.4697848063915438,0.0,-1.2034193029198308,0.5194654208101006,0.0,1.2712711816015114,-0.2701847379958248,0.0,-0.44953247449733935,0.5357037789662087,-2.259769260617026,-1.8760480215301258,-0.2725726313794907,0.005954450729933156,0.024590564917758385,-0.15602000000000002,-0.0,0.00807,-0.00043348708023618367,0.0,-0.0005449520555322496,-2.515718082910488e-05,0.0,7.05891300668449e-05
388,3.8802032999228686,step,0.6598293288906016,0.036419486679146476,5.368800135329366,10.09290013462305,124371.0,221497.0,0.0,0.0,8.77,5e-05,1e-05,100.0,0.01,-0.03394131954917294,0.0,0.22409369614497113,-0.03348267528810765,0.0,0.22456805907043653,0.0,0.0,0.0,-0.4689027042429449,0.0,-1.202312031776846,0.5186636748408897,0.0,1.270185742341069,-0.269647047698019,0.0,-0.4491307141623308,0.5357037789662087,-2.259769260617026,-1.8760480215301258,-0.2724656735460607,0.006043354256419553,0.02460597069884661,-0.15333,-0.0,0.01076,-0.0003949041809418619,0.0,-0.0005346387990313702,-6.374008012342667e-05,0.0,6.0275873565965483e-05
389,3.8900686998385936,step,0.45361158114342703,0.018097798486338044,7.29819992557168,9.865399915724993,124371.0,221497.0,0.0,0.0,8.77,5e-05,1e-05,100.0,0.01,-0.03368878202831786,0.0,0.22416397556645826,-0.03348267528810765,0.0,0.22456805907043653,0.0,0.0,0.0,-0.4959396358590055,0.0,-1.211442367680297,0.5184417141758477,0.0,1.2692607430450835,-0.28626021269015695,0.0,-0.4518245311839313,0.5372377597540943,-2.259769260617026,-1.8760480215301258,-0.27629074784162294,0.004265407340909064,0.02512721887383499,-0.15333,-0.0,0.01076,-0.00010932789024560504,0.0,-0.00045561325692382716,-9.67788499646051e-05,0.0,5.1529752945551855e-05
390,3.9001458999700844,step,0.45361158114342703,0.018854568407358364,4.277799976989627,10.077200131490827,124371.0,221497.0,0.0,0.0,8.77,5e-05,1e-05,100.0,0.01,-0.03368878202831786,0.0,0.22416397556645826,-0.03348267528810765,0.0,0.22456805907043653,0.0,0.0,0.0,-0.495719695231101,0.0,-1.210518261837702,0.5181831385829333,0.0,1.268324865172881,-0.2861436107449637,0.0,-0.45147563599497753,0.5372377597540943,-2.259769260617026,-1.8760480215301258,-0.2762556071055306,0.004319206300059011,0.02516018595881154,-0.15333,-0.0,0.01345,-0.00012736276606361096,0.0,-0.00046097156022332727,-7.874397414659918e-05,0.0,5.6888056245051966e-05
391,3.9101921999827027,step,0.45361158114342703,0.01955074974241786,4.288499942049384,10.046300012618303,124371.0,221497.0,0.0,0.0,8.77,5e-05,1e-05,100.0,0.01,-0.03368878202831786,0.0,0.22416397556645826,-0.03348267528810765,0.0,0.22456805907043653,0.0,0.0,0.0,-0.4954611236207161,0.0,-1.2095823843710658,0.5178929720629898,0.0,1.2673796978948655,-0.2860025010747857,0.0,-0.4511232549864067,0.5372377597540943,-2.259769260617026,-1.8760480215301258,-0.27621627156715717,0.004375106222701555,0.02519218463125481,-0.15871000000000002,-0.0,0.00807,-0.00014292304409178061,0.0,-0.00046554710921237983,-6.318369611842952e-05,0.0,6.146360523410452e-05
392,3.9202314999420196,step,0.45361158114342703,0.020177995280811992,4.186199977993965,10.03929995931685,124371.0,221497.0,0.0,0.0,8.77,5e-05,1e-05,100.0,0.01,-0.03368878202831786,0.0,0.22416397556645826,-0.03348267528810765,0.0,0.22456805907043653,0.0,0.0,0.0,-0.4951709595328903,0.0,-1.2086372171967947,0.5175757479483777,0.0,1.2664266664544526,-0.2858413399294027,0.0,-0.4507681527045132,0.5372377597540943,-2.259769260617026,-1.8760480215301258,-0.2761735099414966,0.004432707859316862,0.02522337619761699,-0.15333,-0.0,0.01614,-0.00015625040560396088,0.0,-0.0004694206469767525,-4.985633460624926e-05,0.0,6.533714299847721e-05
393,3.9301939997822046,step,0.45361158114342703,0.020732370922518385,3.8586000446230173,9.962499840185046,124371.0,221497.0,0.0,0.0,8.77,5e-05,1e-05,100.0,0.01,-0.03368878202831786,0.0,0.22416397556645826,-0.03348267528810765,0.0,0.22456805907043653,0.0,0.0,0.0,-0.49485373750100126,0.0,-1.2076841858441163,0.5172355388690901,0.0,1.265467043286663,-0.2856630028728416,0.0,-0.4504107551203557,0.5372377597540943,-2.259769260617026,-1.8760480215301258,-0.27612781519245244,0.004491762460816243,0.025253872365858132,-0.15602000000000002,-0.0,0.01076,-0.00016757177191799107,0.0,-0.0004726674400835583,-3.8534968292219064e-05,0.0,6.858393610528301e-05
394,3.9401638999115676,step,0.6598293288906016,0.039904472688696214,5.142400041222572,9.96990012936294,124371.0,221497.0,0.0,0.0,8.77,5e-05,1e-05,100.0,0.01,-0.03394131954917294,0.0,0.22409369614497113,-0.03348267528810765,0.0,0.22456805907043653,0.0,0.0,0.0,-0.46667484541195214,0.0,-1.196508787068186,0.5163604522153886,0.0,1.2643582387382861,-0.26836828897594633,0.0,-0.4469619447371287,0.5357037789662087,-2.259769260617026,-1.8760480215301258,-0.2721555617923362,0.006414840624277149,0.02477969272753905,-0.15602000000000002,-0.0,0.01614,-0.00043102853802924916,0.0,-0.0005461475174207613,-2.7615723036039392e-05,0.0,7.178459195535656e-05
395,3.9501886998768896,step,0.45361158114342703,0.019533986159589085,3.865000093355775,10.024799965322018,124371.0,221497.0,0.0,0.0,8.77,5e-05,1e-05,100.0,0.01,-0.03368878202831786,0.0,0.22416397556645826,-0.03348267528810765,0.0,0.22456805907043653,0.0,0.0,0.0,-0.49363642004289066,0.0,-1.205614864622376,0.5160732603745478,0.0,1.2634126064584432,-0.284936166384429,0.0,-0.44964887601939046,0.5372377597540943,-2.259769260617026,-1.8760480215301258,-0.2759733220785031,0.004640870802053956,0.025299608589034107,-0.15064,-0.0,0.00807,-0.00014145785393414234,0.0,-0.00046577616037354717,-6.46488862760678e-05,0.0,6.169265639527187e-05
396,3.960129699902609,step,0.45361158114342703,0.020203488244215237,4.33230004273355,9.941000025719404,124371.0,221497.0,0.0,0.0,8.77,5e-05,1e-05,100.0,0.01,-0.03368878202831786,0.0,0.22416397556645826,-0.03348267528810765,0.0,0.22456805907043653,0.0,0.0,0.0,-0.49335124645128015,0.0,-1.204670125481358,0.5157569476765109,0.0,1.2624586038691694,-0.28477820047181807,0.0,-0.44929380455518625,0.5372377597540943,-2.259769260617026,-1.8760480215301258,-0.2759310880005964,0.004698254365350499,0.025330974316233067,-0.15333,-0.0,0.01614,-0.00015580148643323815,0.0,-0.0004698990030829232,-5.0305253776971985e-05,0.0,6.58154991046479e-05
397,3.9704221999272704,step,0.45361158114342703,0.020796151118906266,3.741599852219224,10.292500024661422,124371.0,221497.0,0.0,0.0,8.77,5e-05,1e-05,100.0,0.01,-0.03368878202831786,0.0,0.22416397556645826,-0.03348267528810765,0.0,0.22456805907043653,0.0,0.0,0.0,-0.49303493715849156,0.0,-1.2037161232695524,0.5154159378293838,0.0,1.26149760434422,-0.2846004758766918,0.0,-0.4489360098237976,0.5372377597540943,-2.259769260617026,-1.8760480215301258,-0.27588547595671375,0.004757320294693765,0.025361549441198512,-0.15333,-0.0,0.01076,-0.00016796619830064768,0.0,-0.0004733453832324666,-3.8140541909562455e-05,0.0,6.92618792541913e-05
398,3.980391299817711,step,0.45361158114342703,0.021310490554678412,3.8865001406520605,9.969099890440702,124371.0,221497.0,0.0,0.0,8.77,5e-05,1e-05,100.0,0.01,-0.03368878202831786,0.0,0.22416397556645826,-0.03348267528810765,0.0,0.22456805907043653,0.0,0.0,0.0,-0.4926939292128469,0.0,-1.2027551238227678,0.5150541838239899,0.0,1.2605308268057336,-0.28440706815874334,0.0,-0.44857618950549083,0.5372377597540943,-2.259769260617026,-1.8760480215301258,-0.2758371889208785,0.004817703652381017,0.025391481665734364,-0.15602000000000002,-0.0,0.01345,-0.00017818384377360423,0.0,-0.0004761913767725972,-2.7922896436605903e-05,0.0,7.210787279432192e-05
399,3.9901662999764085,step,0.45361158114342703,0.02174797755603746,3.9168999064713717,9.775000158697367,124371.0,221497.0,0.0,0.0,8.77,5e-05,1e-05,100.0,0.01,-0.03368878202831786,0.0,0.22416397556645826,-0.03348267528810765,0.0,0.22456805907043653,0.0,0.0,0.0,-0.4923321768042251,0.0,-1.2017883463487318,0.5146752015919314,0.0,1.2595593477369447,-0.2842004854972978,0.0,-0.44821470588712836,0.5372377597540943,-2.259769260617026,-1.8760480215301258,-0.27578665645231526,0.004879188690560157,0.02542086947312027,-0.15333,-0.0,0.01076,-0.00018666969864220017,0.0,-0.0004785071427307582,-1.9437041568009963e-05,0.0,7.442363875248287e-05
400,4.000176799949259,step,0.45361158114342703,0.022112184430403532,3.853800008073449,10.010499972850084,124371.0,221497.0,0.0,0.0,8.77,5e-05,1e-05,100.0,0.01,-0.03368878202831786,0.0,0.22416397556645826,-0.03348267528810765,0.0,0.22456805907043653,0.0,0.0,0.0,-0.49195319589829944,0.0,-1.2008168673323956,0.5142821031716619,0.0,1.2585841128512802,-0.2839829583054244,0.0,-0.4478518781858309,0.5372377597540943,-2.259769260617026,-1.8760480215301258,-0.2757342604043487,0.004941583942860844,0.025449800773584115,-0.15602000000000002,-0.0,0.01076,-0.0001936227025792567,0.0,-0.00048035709246167004,-1.2484037630953445e-05,0.0,7.627358848339474e-05
401,4.010169999906793,step,0.45361158114342703,0.02240809822920991,3.7791000213474035,9.99319995753467,124371.0,221497.0,0.0,0.0,8.77,5e-05,1e-05,100.0,0.01,-0.03368878202831786,0.0,0.22416397556645826,-0.03348267528810765,0.0,0.22456805907043653,0.0,0.0,0.0,-0.49156009856462074,0.0,-1.1998416324886443,0.513877629057615,0.0,1.2576059483334672,-0.28375646096795426,0.0,-0.44748798621943464,0.5372377597540943,-2.259769260617026,-1.8760480215301258,-0.2756803386715705,0.005004720284603401,0.025478353697849947,-0.15602000000000002,-0.0,0.00807,-0.00019922586152983568,0.0,-0.0004818001004549684,-6.880878680374462e-06,0.0,7.77165964766931e-05
402,4.020049399929121,step,0.45361158114342703,0.022641578122280223,3.9591998793184757,9.8794000223279,124371.0,221497.0,0.0,0.0,8.77,5e-05,1e-05,100.0,0.01,-0.03368878202831786,0.0,0.22416397556645826,-0.03348267528810765,0.0,0.22456805907043653,0.0,0.0,0.0,-0.49115562532622414,0.0,-1.1988634680035088,0.5134641794747514,0.0,1.2566255715884345,-0.283522732327246,0.0,-0.4471232738567233,0.5372377597540943,-2.259769260617026,-1.8760480215301258,-0.27562518872074415,0.0050684491059101305,0.025506597345965505,-0.15333,0.00269,0.00807,-0.00020364677700081298,0.0,-0.0004828897467731904,-2.459963209397155e-06,0.0,7.880624279491509e-05
403,4.030084899859503,step,0.45361158114342703,0.022818934742531372,4.8189000226557255,10.035499930381775,124371.0,221497.0,0.0,0.0,8.77,5e-05,1e-05,100.0,0.01,-0.03368878202831786,0.0,0.22416397556645826,-0.03348267528810765,0.0,0.22456805907043653,0.0,0.0,0.0,-0.49074217643425794,0.0,-1.1978830912831533,0.5130438443794635,0.0,1.2556436014511747,-0.28328329549138476,0.0,-0.44675795230744625,0.5372377597540943,-2.259769260617026,-1.8760480215301258,-0.27556907100281824,0.005132640551317125,0.0255345925165745,-0.15602000000000002,0.00269,0.01345,-0.0002070382733994664,0.0,-0.0004836745825585752,9.315331892562507e-07,0.0,7.959107858029988e-05
404,4.040547899901867,step,0.45361158114342703,0.02294661142394998,3.8554000202566385,10.463000042364001,124371.0,221497.0,0.0,0.0,8.77,5e-05,1e-05,100.0,0.01,-0.03368878202831786,0.0,0.22416397556645826,-0.03348267528810765,0.0,0.22456805907043653,0.0,0.0,0.0,-0.4903218418689902,0.0,-1.1969011211636782,0.5126184320385303,0.0,1.2546605678256415,-0.2830394768384295,0.0,-0.4463922032394083,0.5372377597540943,-2.259769260617026,-1.8760480215301258,-0.27551221222465794,0.005197181836027853,0.025562392411044778,-0.15602000000000002,0.00269,0.01076,-0.00020953909842150536,0.0,-0.0004841984112648034,3.4323582112952245e-06,0.0,8.011490728652808e-05
405,4.050227499799803,step,0.45361158114342703,0.023030949356894353,5.903100129216909,9.679599897935987,124371.0,221497.0,0.0,0.0,8.77,5e-05,1e-05,100.0,0.01,-0.03368878202831786,0.0,0.22416397556645826,-0.03348267528810765,0.0,0.22456805907043653,0.0,0.0,0.0,-0.48989642991889376,0.0,-1.1959180875500042,0.512189496081496,0.0,1.2536769207334422,-0.2827924241222665,0.0,-0.4460261817144148,0.5372377597540943,-2.259769260617026,-1.8760480215301258,-0.27545480846456616,0.0052619756462167905,0.02559004330813048,-0.15333,0.00269,0.01076,-0.000211274674973959,0.0,-0.0004845005793646562,5.167934763748868e-06,0.0,8.04170753863809e-05
406,4.060160299995914,step,0.45361158114342703,0.023078020853446832,4.411899950355291,9.932800196111202,124371.0,221497.0,0.0,0.0,8.77,5e-05,1e-05,100.0,0.01,-0.03368878202831786,0.0,0.22416397556645826,-0.03348267528810765,0.0,0.22456805907043653,0.0,0.0,0.0,-0.4894674942331056,0.0,-1.1949344404646316,0.5117583609591485,0.0,1.2526930387637873,-0.2825431236133054,0.0,-0.44566001893850105,0.5372377597540943,-2.259769260617026,-1.8760480215301258,-0.27539702812039335,0.005326938628457595,0.025617585205973466,-0.15602000000000002,0.00269,0.01076,-0.0002123578862580202,0.0,-0.0004846162712646145,6.251146047810054e-06,0.0,8.05327672863392e-05
407,4.070055399788544,step,0.45361158114342703,0.023093517045706193,3.971399972215295,9.89509979262948,124371.0,221497.0,0.0,0.0,8.77,5e-05,1e-05,100.0,0.01,-0.03368878202831786,0.0,0.22416397556645826,-0.03348267528810765,0.0,0.22456805907043653,0.0,0.0,0.0,-0.4890363592800597,0.0,-1.1939505584976045,0.5113261457723657,0.0,1.251709236925078,-0.2822924162310682,0.0,-0.44529382482491314,0.5372377597540943,-2.259769260617026,-1.8760480215301258,-0.2753390146830937,0.005391999971354408,0.025645052429229216,-0.15333,-0.0,0.00807,-0.00021288987845303328,0.0,-0.0004845768040306622,6.7831382428231465e-06,0.0,8.049330005238691e-05
408,4.080189100001007,step,0.6804170381550652,0.047276592591385586,3.835699986666441,10.133700212463737,124371.0,221497.0,0.0,0.0,8.77,5e-05,1e-05,100.0,0.01,-0.03379137026395303,0.0,0.2239616971671976,-0.03348267528810765,0.0,0.22456805907043653,0.0,0.0,0.0,-0.47729524423866554,0.0,-1.1635636866217354,0.5106843608777445,0.0,1.2503121177041912,-0.276442647918385,0.0,-0.434100965327946,0.5372377597540943,-2.2613032414049115,-1.8760480215301258,-0.27358881339859537,0.0077885698254948205,0.026505848963678066,-0.15333,-0.0,0.01345,-0.0003161145485892755,0.0,-0.0006881584710664178,7.419572743900529e-06,0.0,8.179656782748997e-05
409,4.090207799803466,step,0.45361158114342703,0.01984421787748024,3.9407999720424414,10.018699802458286,124371.0,221497.0,0.0,0.0,8.77,5e-05,1e-05,100.0,0.01,-0.03368878202831786,0.0,0.22416397556645826,-0.03348267528810765,0.0,0.22456805907043653,0.0,0.0,0.0,-0.48796153668463205,0.0,-1.1915670653564883,0.5102885658696769,0.0,1.249398029447357,-0.2816655460502121,0.0,-0.44440751782818194,0.5372377597540943,-2.259769260617026,-1.8760480215301258,-0.2751952974597636,0.005550814044127134,0.02571041562387793,-0.15333,0.00269,0.01076,-0.00019495092788137332,0.0,-0.0004502390131327693,-1.1155812328836817e-05,0.0,4.615550915449399e-05
410,4.100266899913549,step,0.6804170381550652,0.043407821336067604,3.813199931755662,10.059100110083818,124371.0,221497.0,0.0,0.0,8.77,5e-05,1e-05,100.0,0.01,-0.03379137026395303,0.0,0.2239616971671976,-0.03348267528810765,0.0,0.22456805907043653,0.0,0.0,0.0,-0.4762576610596783,0.0,-1.161252477548329,0.5096781478802812,0.0,1.248057215803036,-0.27583597355685435,0.0,-0.43324104888742865,0.5372377597540943,-2.2613032414049115,-1.8760480215301258,-0.2734496619513196,0.007942518080909691,0.0265691723493544,-0.15333,-0.0,0.01345,-0.00030066461517597393,0.0,-0.0006604248652493598,-8.030360669401045e-06,0.0,5.406296201043205e-05
411,4.110155700007454,step,0.6804170381550652,0.03962265947938709,3.9053999353200197,9.888800093904138,124371.0,221497.0,0.0,0.0,8.77,5e-05,1e-05,100.0,0.01,-0.03379137026395303,0.0,0.2239616971671976,-0.03348267528810765,0.0,0.22456805907043653,0.0,0.0,0.0,-0.4756464213347965,0.0,-1.1599090927906275,0.5090997395065366,0.0,1.2467740256477737,-0.27547810628985236,0.0,-0.4327414380708833,0.5372377597540943,-2.2613032414049115,-1.8760480215301258,-0.2733679286293239,0.008032321820155452,0.026605662592135336,-0.15333,0.00269,0.01614,-0.00028489811019926335,0.0,-0.0006320421122083639,-2.3796865646111623e-05,0.0,2.5680208969436086e-05
412,4.120175899937749,step,0.45361158114342703,0.01592387563265325,3.8217001128941774,10.020199930295348,124371.0,221497.0,0.0,0.0,8.77,5e-05,1e-05,100.0,0.01,-0.03368878202831786,0.0,0.22416397556645826,-0.03348267528810765,0.0,0.22456805907043653,0.0,0.0,0.0,-0.4863769099621725,0.0,-1.188028971211114,0.5087574072062073,0.0,1.2459500095843645,-0.28074198623222624,0.0,-0.4430915795435149,0.5372377597540943,-2.259769260617026,-1.8760480215301258,-0.2749830968110063,0.005786131159474059,0.025807862448007195,-0.15333,0.00269,0.01614,-0.00016861758944215717,0.0,-0.00040587348065018915,-3.748915076805297e-05,0.0,1.7899766719138414e-06
413,4.130175299942493,step,0.6804170381550652,0.0387379019002879,3.8093000184744596,9.99940000474453,124371.0,221497.0,0.0,0.0,8.77,5e-05,1e-05,100.0,0.01,-0.03379137026395303,0.0,0.2239616971671976,-0.03348267528810765,0.0,0.22456805907043653,0.0,0.0,0.0,-0.474726498280779,0.0,-1.1578044566801977,0.5081916163985689,0.0,1.2446784844852476,-0.2749416829723049,0.0,-0.43195772657811676,0.5372377597540943,-2.2613032414049115,-1.8760480215301258,-0.27324382031695027,0.008171526319826289,0.026664293873032756,-0.15333,0.00269,0.01076,-0.0002786832626456233,0.0,-0.0006262964303656544,-3.001171319975168e-05,0.0,1.993452712672659e-05
414,4.140124299796298,step,0.6804170381550652,0.0362182642650897,3.903399920091033,9.948999853804708,124371.0,221497.0,0.0,0.0,8.77,5e-05,1e-05,100.0,0.01,-0.03379137026395303,0.0,0.2239616971671976,-0.03348267528810765,0.0,0.22456805907043653,0.0,0.0,0.0,-0.4741598864179309,0.0,-1.1565303606998691,0.5076499981360257,0.0,1.2434465903875243,-0.27461069913512537,0.0,-0.43148354113074766,0.5372377597540943,-2.2613032414049115,-1.8760480215301258,-0.27316767255194374,0.008256180871511129,0.026699410724247523,-0.15064,0.00538,0.01883,-0.0002667769480475764,0.0,-0.000606775972001658,-4.191802779779857e-05,0.0,4.1406876273022367e-07
415,4.1501628998667,step,0.45361158114342703,0.014377431710841515,3.7884998600929976,10.038600070402026,124371.0,221497.0,0.0,0.0,8.77,5e-05,1e-05,100.0,0.01,-0.03368878202831786,0.0,0.22416397556645826,-0.03348267528810765,0.0,0.22456805907043653,0.0,0.0,0.0,-0.48492716575975,0.0,-1.1847015353786223,0.5073375391463852,0.0,1.2426584019328655,-0.27989946051301356,0.0,-0.44185290789025494,0.5372377597540943,-2.259769260617026,-1.8760480215301258,-0.2747877697773904,0.006005835951864824,0.0259010779382128,-0.15333,0.00538,0.01883,-0.00015390333305231958,0.0,-0.000388226404959251,-5.220340715789056e-05,0.0,-1.5857099019024297e-05
416,4.160151899792254,step,0.6804170381550652,0.03706975130389539,3.846100065857172,9.988999925553799,124371.0,221497.0,0.0,0.0,8.77,5e-05,1e-05,100.0,0.01,-0.03379137026395303,0.0,0.2239616971671976,-0.03348267528810765,0.0,0.22456805907043653,0.0,0.0,0.0,-0.4733066279214528,0.0,-1.1545128486290273,0.506795549259038,0.0,1.2414095085382046,-0.2741148633035841,0.0,-0.43073152308362106,0.5372377597540943,-2.2613032414049115,-1.8760480215301258,-0.2730516906127077,0.008388494220494605,0.026756724694211552,-0.15064,0.00269,0.00807,-0.0002669599950749738,0.0,-0.0006151490687763554,-4.1734980770401177e-05,0.0,8.787165537427633e-06
417,4.170165699906647,step,0.6804170381550652,0.03526161430914674,3.8145999424159527,10.013800114393234,124371.0,221497.0,0.0,0.0,8.77,5e-05,1e-05,100.0,0.01,-0.03379137026395303,0.0,0.2239616971671976,-0.03348267528810765,0.0,0.22456805907043653,0.0,0.0,0.0,-0.472763817446305,0.0,-1.1532613845003503,0.5062724309201992,0.0,1.2401890872641268,-0.2737985926427418,0.0,-0.43026540053672196,0.5372377597540943,-2.2613032414049115,-1.8760480215301258,-0.2729783318129134,0.008471102657554477,0.02679175111648901,-0.15064,0.00269,0.01883,-0.00025766471428255124,0.0,-0.0006011249760190848,-5.103026156282373e-05,0.0,-5.236927219843049e-06
418,4.18018259992823,step,0.8790277209193438,0.057039414564362,3.8149000611156225,10.016900021582842,124371.0,221497.0,0.0,0.0,8.77,5e-05,1e-05,100.0,0.01,-0.0340435973730515,0.0,0.22389126061538,-0.03348267528810765,0.0,0.22456805907043653,0.0,0.0,0.0,-0.44443623090264395,0.0,-1.1418023460362041,0.5052495456941583,0.0,1.238845332524269,-0.25637148539538573,0.0,-0.42669530387525995,0.5357037789662087,-2.2613032414049115,-1.8760480215301258,-0.26897754426663584,0.010415488981138005,0.02631679135948472,-0.15064,0.00269,0.01076,-0.0005038275481810706,0.0,-0.000661873530581331,-5.709453676277837e-05,0.0,-1.4924924475195433e-05
419,4.190162499900907,step,0.6804170381550652,0.030316196505713825,3.813300048932433,9.97989997267723,124371.0,221497.0,0.0,0.0,8.77,5e-05,1e-05,100.0,0.01,-0.03379137026395303,0.0,0.2239616971671976,-0.03348267528810765,0.0,0.22456805907043653,0.0,0.0,0.0,-0.4712157882966991,0.0,-1.1506963114817879,0.5048417788188402,0.0,1.2376836371546387,-0.2728703101653768,0.0,-0.4293214237251912,0.5372377597540943,-2.2613032414049115,-1.8760480215301258,-0.2727824389095077,0.008657615541678598,0.026846635869219128,-0.15064,0.00269,0.01076,-0.00020084773951478855,0.0,-0.0005721992224431425,-0.00010784723633058642,0.0,-3.416268079578532e-05
420,4.20006709988229,step,0.8790277209193438,0.051191809657785525,3.892200067639351,9.90459998138249,124371.0,221497.0,0.0,0.0,8.77,5e-05,1e-05,100.0,0.01,-0.0340435973730515,0.0,0.22389126061538,-0.03348267528810765,0.0,0.22456805907043653,0.0,0.0,0.0,-0.4430055687592197,0.0,-1.1392968949864568,0.5039122612271707,0.0,1.236381489796933,-0.255516006679685,0.0,-0.425770766065834,0.5357037789662087,-2.2613032414049115,-1.8760480215301258,-0.26879434199545793,0.01059449738231108,0.026373312656306602,-0.15333,0.00269,0.01076,-0.00045783882601660165,0.0,-0.0006413795961428507,-0.00010308325892724733,0.0,-3.541885891367581e-05
421,4.210175399901345,step,0.8790277209193438,0.0471062018569824,3.797100158408284,10.108300019055605,124371.0,221497.0,0.0,0.0,8.77,5e-05,1e-05,100.0,0.01,-0.0340435973730515,0.0,0.22389126061538,-0.03348267528810765,0.0,0.22456805907043653,0.0,0.0,0.0,-0.44207403036280646,0.0,-1.1379938522354245,0.503063680312055,0.0,1.2351027323104424,-0.2549505082281296,0.0,-0.42529476940450145,0.5357037789662087,-2.2613032414049115,-1.8760480215301258,-0.26867946239349433,0.010694985012681582,0.026395416415446148,-0.14795,0.00269,0.01076,-0.0004179730369282132,0.0,-0.0006298587920165533,-0.0001429490480156358,0.0,-4.693966303997315e-05
422,4.2201939998194575,step,0.6804170381550652,0.026515086479214623,3.806099994108081,10.018599918112159,124371.0,221497.0,0.0,0.0,8.77,5e-05,1e-05,100.0,0.01,-0.03379137026395303,0.0,0.2239616971671976,-0.03348267528810765,0.0,0.22456805907043653,0.0,0.0,0.0,-0.469029908334771,0.0,-1.1469537102580512,0.5027946896014275,0.0,1.2339831795329879,-0.27156269938331007,0.0,-0.42794219467256195,0.5372377597540943,-2.2613032414049115,-1.8760480215301258,-0.27250423023278303,0.008926875302810874,0.026929542405547367,-0.15064,0.00269,0.01345,-0.00013249280347979263,0.0,-0.0005514416679391542,-0.00017620217236558234,0.0,-5.492023529977356e-05
423,4.23017909983173,step,0.6804170381550652,0.02766244077188613,3.7903001066297293,9.985100012272596,124371.0,221497.0,0.0,0.0,8.77,5e-05,1e-05,100.0,0.01,-0.03379137026395303,0.0,0.2239616971671976,-0.03348267528810765,0.0,0.22456805907043653,0.0,0.0,0.0,-0.4687629351384228,0.0,-1.1458350529493764,0.5024878404314572,0.0,1.2328478532692728,-0.27142033562996715,0.0,-0.4275198168877301,0.5372377597540943,-2.2613032414049115,-1.8760480215301258,-0.272461475590744,0.008992100289331548,0.026969325173636496,-0.15333,0.00269,0.01614,-0.00015114018899725688,0.0,-0.0005592109833247452,-0.0001575547868481181,0.0,-4.7150919914182624e-05
424,4.240407499950379,step,0.6804170381550652,0.028876729355865237,3.6090000066906214,10.228400118649006,124371.0,221497.0,0.0,0.0,8.77,5e-05,1e-05,100.0,0.01,-0.03379137026395303,0.0,0.2239616971671976,-0.03348267528810765,0.0,0.22456805907043653,0.0,0.0,0.0,-0.46845609004522565,0.0,-1.1446997271464754,0.502146677651446,0.0,1.2316957054816016,-0.271252767591368,0.0,-0.42709208639486773,0.5372377597540943,-2.2613032414049115,-1.8760480215301258,-0.2724143307013403,0.009059714426040436,0.027008307065599015,-0.15064,-0.0,0.01883,-0.0001680415402036905,0.0,-0.0005674965152301129,-0.00014065343564168448,0.0,-3.886538800881487e-05
425,4.250153899891302,step,0.6804170381550652,0.03013003140759461,3.8528000004589558,9.746399940922856,124371.0,221497.0,0.0,0.0,8.77,5e-05,1e-05,100.0,0.01,-0.03379137026395303,0.0,0.2239616971671976,-0.03348267528810765,0.0,0.22456805907043653,0.0,0.0,0.0,-0.4681149299068615,0.0,-1.1435475795465668,0.501774548992336,0.0,1.2305260807852054,-0.2710635728431907,0.0,-0.42665879868608925,0.5372377597540943,-2.2613032414049115,-1.8760480215301258,-0.2723633745740433,0.009129505794736772,0.027046710710633616,-0.15064,0.00538,0.01883,-0.00018329394878326274,0.0,-0.0005761048603715631,-0.00012540102706211224,0.0,-3.025704286736472e-05
426,4.260164299979806,step,0.6804170381550652,0.031398781995847065,3.8115999195724726,10.010400088503957,124371.0,221497.0,0.0,0.0,8.77,5e-05,1e-05,100.0,0.01,-0.03379137026395303,0.0,0.2239616971671976,-0.03348267528810765,0.0,0.22456805907043653,0.0,0.0,0.0,-0.4677428036312718,0.0,-1.1423779550451636,0.5013745981764706,0.0,1.2293386556114811,-0.2708549222081146,0.0,-0.42621961452439644,0.5372377597540943,-2.2613032414049115,-1.8760480215301258,-0.27230894869190814,0.009201374187493297,0.02708469550516092,-0.15333,0.00538,0.01614,-0.00019699790024536905,0.0,-0.0005848725809348088,-0.00011169707560000592,0.0,-2.148932230411902e-05
427,4.270163299981505,step,0.6804170381550652,0.032663313485626656,3.859899938106537,9.999000001698732,124371.0,221497.0,0.0,0.0,8.77,5e-05,1e-05,100.0,0.01,-0.03379137026395303,0.0,0.2239616971671976,-0.03348267528810765,0.0,0.22456805907043653,0.0,0.0,0.0,-0.4673428549569514,0.0,-1.1411905300700365,0.5009497617672809,0.0,1.2281333839418593,-0.2706288458756776,0.0,-0.4257743273036213,0.5372377597540943,-2.2613032414049115,-1.8760480215301258,-0.27225137748257233,0.009275211291132374,0.027122398017109958,-0.15333,0.00269,0.01614,-0.00020925543180471052,0.0,-0.0005936629681757766,-9.943954404066446e-05,0.0,-1.2698935063151155e-05
428,4.28016659989953,step,0.8790277209193438,0.05587728526237366,3.822099883109331,10.003299918025732,124371.0,221497.0,0.0,0.0,8.77,5e-05,1e-05,100.0,0.01,-0.0340435973730515,0.0,0.22389126061538,-0.03348267528810765,0.0,0.22456805907043653,0.0,0.0,0.0,-0.4391135541838127,0.0,-1.1297466425447267,0.4999878679231836,0.0,1.2267664074769014,-0.2532593272667002,0.0,-0.4222063143487279,0.5357037789662087,-2.2613032414049115,-1.8760480215301258,-0.26825924344215685,0.01121530631500521,0.026649490754584962,-0.15333,0.00269,0.01614,-0.0004737859270305447,0.0,-0.0006733115256464446,-8.713615791330426e-05,0.0,-3.486929410081909e-06
429,4.290198699804023,step,0.6804170381550652,0.032447629556883385,3.8738001603633165,10.032099904492497,124371.0,221497.0,0.0,0.0,8.77,5e-05,1e-05,100.0,0.01,-0.03379137026395303,0.0,0.2239616971671976,-0.03348267528810765,0.0,0.22456805907043653,0.0,0.0,0.0,-0.46595410583039604,0.0,-1.1386173866935927,0.4996095950870851,0.0,1.2255501463092129,-0.2698032063792955,0.0,-0.4248230775206244,0.5372377597540943,-2.2613032414049115,-1.8760480215301258,-0.27207203237869215,0.009455829513004874,0.027183828948348115,-0.15064,0.00269,0.01076,-0.00018632029682758093,0.0,-0.0005990759054254331,-0.00012237467901779405,0.0,-7.285997813494694e-06
430,4.300393499899656,step,0.6804170381550652,0.034030529951906266,4.894200013950467,10.194800095632672,124371.0,221497.0,0.0,0.0,8.77,5e-05,1e-05,100.0,0.01,-0.03379137026395303,0.0,0.2239616971671976,-0.03348267528810765,0.0,0.22456805907043653,0.0,0.0,0.0,-0.4655778490360704,0.0,-1.1374020208046522,0.4991981417191531,0.0,1.2243123124300188,-0.26959309849712737,0.0,-0.42436644464069745,0.5372377597540943,-2.2613032414049115,-1.8760480215301258,-0.2720165678345093,0.009530096984917052,0.02722370391908302,-0.15064,0.00269,0.01076,-0.00020266354446012654,0.0,-0.0006097016599260691,-0.00010603143138524843,0.0,3.3397566871413206e-06
431,4.3100365998689085,step,1.1012493185250625,0.09307644579145805,4.022799897938967,9.643099969252944,124371.0,221497.0,0.0,0.0,8.77,5e-05,1e-05,100.0,0.01,-0.03414556454450393,0.0,0.22368866843180868,-0.03348267528810765,0.0,0.22456805907043653,0.0,0.0,0.0,-0.42612149669670457,0.0,-1.0964768898555872,0.4980344691865874,0.0,1.2224958078859325,-0.24658188535746334,0.0,-0.40991653062060296,0.5357037789662087,-2.2628372221927973,-1.8760480215301258,-0.26632369093855396,0.013807778581421515,0.027576686083172028,-0.15333,0.00269,0.01345,-0.0005731730949220491,0.0,-0.0008947289742916986,-8.971616147422992e-05,0.0,1.5338335663845834e-05
432,4.320141599979252,step,0.9072220948948859,0.05715919312209331,3.9168999064713717,10.105000110343099,124371.0,221497.0,0.0,0.0,8.77,5e-05,1e-05,100.0,0.01,-0.03389364808783166,0.0,0.22375926163760648,-0.03348267528810765,0.0,0.22456805907043653,0.0,0.0,0.0,-0.45272520753616446,0.0,-1.1049183010195072,0.49748364805471873,0.0,1.220897510081088,-0.2630173648957616,0.0,-0.4123886921825417,0.5372377597540943,-2.2628372221927973,-1.8760480215301258,-0.27011165485443306,0.012077832316399612,0.028126584759140323,-0.14795,-0.0,0.01345,-0.0002713098783509406,0.0,-0.0007872500852133404,-0.0001396629213730642,0.0,-2.1547347616709196e-05
433,4.330149799818173,step,0.6804170381550652,0.028992225884405146,4.8964000307023525,10.008199838921428,124371.0,221497.0,0.0,0.0,8.77,5e-05,1e-05,100.0,0.01,-0.03379137026395303,0.0,0.2239616971671976,-0.03348267528810765,0.0,0.22456805907043653,0.0,0.0,0.0,-0.46345107862445367,0.0,-1.1327468093261428,0.4971330158762694,0.0,1.2197456991436373,-0.2683474233443503,0.0,-0.422635377370723,0.5372377597540943,-2.2613032414049115,-1.8760480215301258,-0.27173243404239933,0.009841634123592416,0.02734981715253751,-0.15064,0.00807,0.01345,-0.0001727057447101825,0.0,-0.0005673306043886376,-0.00013598923113519246,0.0,-3.9031298850290244e-05
434,4.340136599959806,step,0.9072220948948859,0.05930273650017446,4.15409984998405,9.986800141632557,124371.0,221497.0,0.0,0.0,8.77,5e-05,1e-05,100.0,0.01,-0.03389364808783166,0.0,0.22375926163760648,-0.03348267528810765,0.0,0.22456805907043653,0.0,0.0,0.0,-0.45182658694982575,0.0,-1.1021716619765742,0.4965284117602016,0.0,1.2181333744813125,-0.2625095072632873,0.0,-0.41135774197711866,0.5372377597540943,-2.2628372221927973,-1.8760480215301258,-0.269980920468773,0.012247746761416795,0.02821456716016408,-0.15064,0.00538,0.01076,-0.0002978009739079209,0.0,-0.0007941590901148283,-0.00011317182581608388,0.0,-1.4638342715221305e-05
435,4.35021929978393,step,0.9072220948948859,0.057628478224484254,4.021700005978346,10.082699824124575,124371.0,221497.0,0.0,0.0,8.77,5e-05,1e-05,100.0,0.01,-0.03389364808783166,0.0,0.22375926163760648,-0.03348267528810765,0.0,0.22456805907043653,0.0,0.0,0.0,-0.45122116666410156,0.0,-1.100556764577254,0.49592038783206155,0.0,1.216548530345861,-0.26216130465547843,0.0,-0.4107535693643387,0.5372377597540943,-2.2628372221927973,-1.8760480215301258,-0.26989599728023284,0.012350689841988907,0.028263298249244256,-0.15064,0.00538,0.01614,-0.00029948542082635125,0.0,-0.0007806234111571368,-0.00011148737889765355,0.0,-2.8174021672912764e-05
436,4.36023459979333,step,0.9072220948948859,0.05657593929880285,3.9103999733924866,10.015300009399652,124371.0,221497.0,0.0,0.0,8.77,5e-05,1e-05,100.0,0.01,-0.03389364808783166,0.0,0.22375926163760648,-0.03348267528810765,0.0,0.22456805907043653,0.0,0.0,0.0,-0.450613142527856,0.0,-1.0989719193169436,0.49530788562390354,0.0,1.2149821210372411,-0.261810654627419,0.0,-0.41016099608268564,0.5372377597540943,-2.2628372221927973,-1.8760480215301258,-0.26981120441587014,0.012452264528998405,0.02831058286146318,-0.14795,0.00538,0.01614,-0.00030169122175375835,0.0,-0.0007715432398278895,-0.00010928157797024645,0.0,-3.7254193002160063e-05
437,4.370219399919733,step,0.9072220948948859,0.056035036268167505,3.7671001628041267,9.98480012640357,124371.0,221497.0,0.0,0.0,8.77,5e-05,1e-05,100.0,0.01,-0.03389364808783166,0.0,0.22375926163760648,-0.03348267528810765,0.0,0.22456805907043653,0.0,0.0,0.0,-0.45000064066418816,0.0,-1.0974055098023834,0.4946900881002556,0.0,1.2134264610039058,-0.2614566493374885,0.0,-0.40957561245897517,0.5372377597540943,-2.2628372221927973,-1.8760480215301258,-0.26972619037830137,0.012553113419387349,0.02835686805895212,-0.14795,0.00538,0.01076,-0.0003042994578421976,0.0,-0.0007662486277631024,-0.0001066733418818072,0.0,-4.2548805066947135e-05
438,4.380197399994358,step,1.1012493185250625,0.08341021149621652,6.120400037616491,9.978000074625015,124371.0,221497.0,0.0,0.0,8.77,5e-05,1e-05,100.0,0.01,-0.03414556454450393,0.0,0.22368866843180868,-0.03348267528810765,0.0,0.22456805907043653,0.0,0.0,0.0,-0.42161262229860885,0.0,-1.0855884624632257,0.493552120344681,0.0,1.2117307192449749,-0.24395471867514384,0.0,-0.40585291471314977,0.5357037789662087,-2.2628372221927973,-1.8760480215301258,-0.265704822089071,0.014519033214560245,0.02788768910221543,-0.15333,0.00538,0.01345,-0.0005605120741004286,0.0,-0.00083524662784242,-0.00010237718229585047,0.0,-4.4144010785432744e-05
439,4.390154199907556,step,0.9072220948948859,0.052594844658785896,5.498300073668361,9.956799913197756,124371.0,221497.0,0.0,0.0,8.77,5e-05,1e-05,100.0,0.01,-0.03389364808783166,0.0,0.22375926163760648,-0.03348267528810765,0.0,0.22456805907043653,0.0,0.0,0.0,-0.44824285624365945,0.0,-1.0941532102125127,0.49301033097916347,0.0,1.210202253803025,-0.2604087969011875,0.0,-0.4083726726688778,0.5372377597540943,-2.2628372221927973,-1.8760480215301258,-0.26949886361539527,0.012781683049795378,0.028434058724927797,-0.14526,0.00807,0.01883,-0.00026686123552068484,0.0,-0.0007528537882978754,-0.00014411156420331996,0.0,-5.594364453217419e-05
440,4.400172299938276,step,0.9072220948948859,0.053726092749130074,3.8858000189065933,10.018100030720234,124371.0,221497.0,0.0,0.0,8.77,5e-05,1e-05,100.0,0.01,-0.03389364808783166,0.0,0.22375926163760648,-0.03348267528810765,0.0,0.22456805907043653,0.0,0.0,0.0,-0.44770307941495247,0.0,-1.092625641859438,0.492446082026364,0.0,1.2086634465228903,-0.26010060186413025,0.0,-0.4078003272459037,0.5372377597540943,-2.2628372221927973,-1.8760480215301258,-0.26942197270673585,0.01287776090479259,0.028481434708293417,-0.15064,0.00807,0.01614,-0.0002779238249846958,0.0,-0.0007579477163183213,-0.000133048974739309,0.0,-5.084971651172826e-05
441,4.410163699882105,step,0.9072220948948859,0.055025398436469114,3.976399777457118,9.991399943828583,124371.0,221497.0,0.0,0.0,8.77,5e-05,1e-05,100.0,0.01,-0.03389364808783166,0.0,0.22375926163760648,-0.03348267528810765,0.0,0.22456805907043653,0.0,0.0,0.0,-0.4471388333517481,0.0,-1.0910868349800376,0.4918611162579312,0.0,1.2071113237641073,-0.25977694641982524,0.0,-0.4072242972440168,0.5372377597540943,-2.2628372221927973,-1.8760480215301258,-0.26934237318422904,0.012975354446700421,0.028528361767309822,-0.15064,0.00807,0.01614,-0.000288128003003436,0.0,-0.0007645063267590399,-0.0001228447967205688,0.0,-4.429110607100963e-05
442,4.420177599880844,step,1.1012493185250625,0.08363473373979782,3.7944000214338303,10.013899998739362,124371.0,221497.0,0.0,0.0,8.77,5e-05,1e-05,100.0,0.01,-0.03414556454450393,0.0,0.22368866843180868,-0.03348267528810765,0.0,0.22456805907043653,0.0,0.0,0.0,-0.41878364792888745,0.0,-1.0792733251840414,0.49074286019840113,0.0,1.2053992372597946,-0.2422933176227835,0.0,-0.40350147956809695,0.5357037789662087,-2.2628372221927973,-1.8760480215301258,-0.2653235305602811,0.014939974837030384,0.02805973049815675,-0.14795,0.00538,0.01614,-0.0005508029749626592,0.0,-0.000843297321693163,-0.00011208628143361985,0.0,-3.609331693468971e-05
443,4.430194599786773,step,0.9072220948948859,0.054418985710765255,3.7869999650865793,10.01699990592897,124371.0,221497.0,0.0,0.0,8.77,5e-05,1e-05,100.0,0.01,-0.03389364808783166,0.0,0.22375926163760648,-0.03348267528810765,0.0,0.22456805907043653,0.0,0.0,0.0,-0.44543359457987813,0.0,-1.0878217284097231,0.49020972237906524,0.0,1.2038382396847163,-0.258763242300625,0.0,-0.40601509378735773,0.5372377597540943,-2.2628372221927973,-1.8760480215301258,-0.2691203681361676,0.013202477622856562,0.02860816997996967,-0.14795,0.00269,0.01076,-0.0002625998711553812,0.0,-0.000768877665816436,-0.0001483729285686236,0.0,-3.991976701361356e-05
444,4.440088799921796,step,0.9072220948948859,0.05657936757747064,3.8844000082463026,9.894200135022402,124371.0,221497.0,0.0,0.0,8.77,5e-05,1e-05,100.0,0.01,-0.03389364808783166,0.0,0.22375926163760648,-0.03348267528810765,0.0,0.22456805907043653,0.0,0.0,0.0,-0.44490247014870143,0.0,-1.086261628104134,0.4896449000884743,0.0,1.2022539593317954,-0.2584614513245039,0.0,-0.4054300421232465,0.5372377597540943,-2.2628372221927973,-1.8760480215301258,-0.2690439460180698,0.013299806596489508,0.028657338758764875,-0.15064,0.00538,0.01345,-0.0002782062263266237,0.0,-0.0007803457224898297,-0.0001327665733973811,0.0,-2.845171034021989e-05
445,4.450185399968177,step,0.9072220948948859,0.05873020962842104,3.7525000516325235,10.096600046381354,124371.0,221497.0,0.0,0.0,8.77,5e-05,1e-05,100.0,0.01,-0.03389364808783166,0.0,0.22375926163760648,-0.03348267528810765,0.0,0.22456805907043653,0.0,0.0,0.0,-0.4443376514577859,0.0,-1.0846773482963183,0.48905176341286277,0.0,1.2006462592843585,-0.25813859474606576,0.0,-0.4048365766248093,0.5372377597540943,-2.2628372221927973,-1.8760480215301258,-0.26896367753813755,0.013399648764228445,0.028706278968925032,-0.15064,0.00807,0.01076,-0.0002921526275913113,0.0,-0.0007918812181915916,-0.00011882017213269352,0.0,-1.6916214638458007e-05
446,4.460045599844307,step,0.9072220948948859,0.06084588526137351,3.863000078126788,9.860199876129627,124371.0,221497.0,0.0,0.0,8.77,5e-05,1e-05,100.0,0.01,-0.03389364808783166,0.0,0.22375926163760648,-0.03348267528810765,0.0,0.22456805907043653,0.0,0.0,0.0,-0.4437445169620558,0.0,-1.0830696485102533,0.4884334416259064,0.0,1.1990153170698388,-0.2577981147569649,0.0,-0.40423485067823733,0.5372377597540943,-2.2628372221927973,-1.8760480215301258,-0.2688801351476823,0.013501754717350989,0.028755165861990194,-0.14795,0.00807,0.01345,-0.0003045576884536628,0.0,-0.0008033292718030593,-0.00010641511127034201,0.0,-5.468161026990254e-06
447,4.470159299904481,step,0.9072220948948859,0.06290551920275923,3.7898998707532883,10.11370006017387,124371.0,221497.0,0.0,0.0,8.77,5e-05,1e-05,100.0,0.01,-0.03389364808783166,0.0,0.22375926163760648,-0.03348267528810765,0.0,0.22456805907043653,0.0,0.0,0.0,-0.4431261971136725,0.0,-1.08143870655505,0.48779282668148455,0.0,1.1973615672313125,-0.2574420216195772,0.0,-0.4036248521498678,0.5372377597540943,-2.2628372221927973,-1.8760480215301258,-0.26879364849405957,0.013605992227434735,0.02880411326926393,-0.14795,0.01076,0.01345,-0.0003155383020397439,0.0,-0.0008145632889005303,-9.543449768426092e-05,0.0,5.765856070480695e-06
448,4.480054399929941,step,0.9072220948948859,0.06489245538016154,3.9069000631570816,9.895100025460124,124371.0,221497.0,0.0,0.0,8.77,5e-05,1e-05,100.0,0.01,-0.03389364808783166,0.0,0.22375926163760648,-0.03348267528810765,0.0,0.22456805907043653,0.0,0.0,0.0,-0.44248558388521997,0.0,-1.0797849569709599,0.48713257903580554,0.0,1.1956856507985563,-0.2570721655145931,0.0,-0.40300667354885483,0.5372377597540943,-2.2628372221927973,-1.8760480215301258,-0.2687045257321661,0.013712225908468323,0.028853214252369058,-0.14795,0.00538,0.01345,-0.00032520849375732144,0.0,-0.0008254815633599086,-8.576430596668336e-05,0.0,1.6684130529859048e-05
449,4.490229399874806,step,0.9072220948948859,0.06679376768348703,3.778599901124835,10.174999944865704,124371.0,221497.0,0.0,0.0,8.77,5e-05,1e-05,100.0,0.01,-0.03389364808783166,0.0,0.22375926163760648,-0.03348267528810765,0.0,0.22456805907043653,0.0,0.0,0.0,-0.44182533775072874,0.0,-1.0781090407855212,0.4864551353174686,0.0,1.1939883710733463,-0.25669024232406257,0.0,-0.40238049256690994,0.5372377597540943,-2.2628372221927973,-1.8760480215301258,-0.2686130535812561,0.013820319400969144,0.0289025436238268,-0.15064,0.00538,0.01614,-0.00033367851108475466,0.0,-0.0008360041672431151,-7.729428863925014e-05,0.0,2.7206734413065515e-05
450,4.500296899816021,step,0.9072220948948859,0.06859980791523011,3.67170013487339,10.067499941214919,124371.0,221497.0,0.0,0.0,8.77,5e-05,1e-05,100.0,0.01,-0.03389364808783166,0.0,0.22375926163760648,-0.03348267528810765,0.0,0.22456805907043653,0.0,0.0,0.0,-0.4411478953560282,0.0,-1.076411761298646,0.4857627174257952,0.0,1.1922706551682523,-0.25629779970332484,0.0,-0.4017465549139471,0.5372377597540943,-2.2628372221927973,-1.8760480215301258,-0.26851949753457727,0.013930137233766848,0.028952160224590597,-0.14795,0.00807,0.01076,-0.0003410541200693131,0.0,-0.0008460701168842858,-6.991867965469172e-05,0.0,3.727268405423619e-05
451,4.51015629991889,step,0.6804170381550652,0.03994677306502438,3.8133999332785606,9.859400102868676,124371.0,221497.0,0.0,0.0,8.77,5e-05,1e-05,100.0,0.01,-0.03379137026395303,0.0,0.2239616971671976,-0.03348267528810765,0.0,0.22456805907043653,0.0,0.0,0.0,-0.4517301600551887,0.0,-1.1041199560309283,0.4852661345848684,0.0,1.1909474982708472,-0.26156022966621667,0.0,-0.41195473195898824,0.5372377597540943,-2.2613032414049115,-1.8760480215301258,-0.2701271192620536,0.011703806674133607,0.028178047833310606,-0.14795,0.00538,0.01076,-0.00024459452300231853,0.0,-0.0006517279766936668,-6.410045284305644e-05,0.0,4.5366073454738954e-05
452,4.520111599937081,step,0.9072220948948859,0.077885450348808,3.8573001511394978,9.955300018191338,124371.0,221497.0,0.0,0.0,8.77,5e-05,1e-05,100.0,0.01,-0.03389364808783166,0.0,0.22375926163760648,-0.03348267528810765,0.0,0.22456805907043653,0.0,0.0,0.0,-0.43995971689261987,0.0,-1.0733734630156422,0.4845138003474963,0.0,1.1891231447451176,-0.2556110640452255,0.0,-0.40061111451137,0.5372377597540943,-2.2628372221927973,-1.8760480215301258,-0.26835458534016543,0.014125754868383314,0.029041932431590117,-0.14795,0.00269,0.01345,-0.00037056623556741975,0.0,-0.0008985950456477563,-4.040656415658505e-05,0.0,8.97976128177067e-05
453,4.530049399938434,step,1.1012493185250625,0.11002753620869332,3.9586001075804234,9.937800001353025,124371.0,221497.0,0.0,0.0,8.77,5e-05,1e-05,100.0,0.01,-0.03414556454450393,0.0,0.22368866843180868,-0.03348267528810765,0.0,0.22456805907043653,0.0,0.0,0.0,-0.411436345372668,0.0,-1.0612851500207723,0.48324414414319117,0.0,1.1871510012327633,-0.238018494833554,0.0,-0.3967856351624411,0.5357037789662087,-2.2628372221927973,-1.8760480215301258,-0.26431174666720536,0.016110999804171397,0.028577479815578483,-0.15064,0.00807,0.01345,-0.0006253759259130759,0.0,-0.0009713897911025867,-3.751333048320317e-05,0.0,9.199915247473395e-05
454,4.540123899932951,step,0.9072220948948859,0.07432692784934891,3.8532998878508806,10.074499994516373,124371.0,221497.0,0.0,0.0,8.77,5e-05,1e-05,100.0,0.01,-0.03389364808783166,0.0,0.22375926163760648,-0.03348267528810765,0.0,0.22456805907043653,0.0,0.0,0.0,-0.4379348901784876,0.0,-1.0695734952843114,0.48257464722899057,0.0,1.1853432069029575,-0.25440539759229436,0.0,-0.3992048632860761,0.5372377597540943,-2.2628372221927973,-1.8760480215301258,-0.2680920054599499,0.014391671620290078,0.02913324817417968,-0.14795,0.00538,0.01345,-0.0003297642711177908,0.0,-0.0008904387262353713,-8.120852860621402e-05,0.0,8.164129340532177e-05
455,4.550140399951488,step,0.9072220948948859,0.07547788829380789,4.3669999577105045,10.016500018537045,124371.0,221497.0,0.0,0.0,8.77,5e-05,1e-05,100.0,0.01,-0.03389364808783166,0.0,0.22375926163760648,-0.03348267528810765,0.0,0.22456805907043653,0.0,0.0,0.0,-0.4372674054945282,0.0,-1.0677665980757385,0.48188755598491323,0.0,1.1835261212969395,-0.2540221781750949,0.0,-0.39852860428252623,0.5372377597540943,-2.2628372221927973,-1.8760480215301258,-0.2679980221287037,0.014506462635539466,0.029188158815959455,-0.14795,0.00538,0.01883,-0.00033843045214379926,0.0,-0.0008950151941675135,-7.254234758020554e-05,0.0,8.621776133746397e-05
456,4.560283099999651,step,0.9072220948948859,0.07655546715476177,3.952600061893463,10.142700048163533,124371.0,221497.0,0.0,0.0,8.77,5e-05,1e-05,100.0,0.01,-0.03389364808783166,0.0,0.22375926163760648,-0.03348267528810765,0.0,0.22456805907043653,0.0,0.0,0.0,-0.43658031676558545,0.0,-1.0659495128587375,0.48118528188416715,0.0,1.1817000368230444,-0.25362660272284043,0.0,-0.39784893893193124,0.5372377597540943,-2.2628372221927973,-1.8760480215301258,-0.26790185287456997,0.014622525936869357,0.02924276279105531,-0.14795,0.00807,0.01614,-0.0003459088491964585,0.0,-0.0008994476348046347,-6.506395052754629e-05,0.0,9.065020197458512e-05
457,4.570148199796677,step,0.9072220948948859,0.07755726545447564,4.067900124937296,9.865099797025323,124371.0,221497.0,0.0,0.0,8.77,5e-05,1e-05,100.0,0.01,-0.03389364808783166,0.0,0.22375926163760648,-0.03348267528810765,0.0,0.22456805907043653,0.0,0.0,0.0,-0.43587804383396805,0.0,-1.0641234284853271,0.48047000112567867,0.0,1.179865306115845,-0.25322148542111744,0.0,-0.39716620998511026,0.5372377597540943,-2.2628372221927973,-1.8760480215301258,-0.26780397568368064,0.014739628924501383,0.029297178838873665,-0.15064,0.00807,0.01614,-0.0003523153478750546,0.0,-0.000903706383392688,-5.8657451848950174e-05,0.0,9.490895056263847e-05
458,4.580303699942306,step,0.9072220948948859,0.07848260092091397,3.8735000416636467,10.155500145629048,124371.0,221497.0,0.0,0.0,8.77,5e-05,1e-05,100.0,0.01,-0.03389364808783166,0.0,0.22375926163760648,-0.03348267528810765,0.0,0.22456805907043653,0.0,0.0,0.0,-0.4351627640766506,0.0,-1.062288697874605,0.4797436689719827,0.0,1.178022327085777,-0.25280821861675645,0.0,-0.39648049697490423,0.5372377597540943,-2.2628372221927973,-1.8760480215301258,-0.2677046229119503,0.01485766840516109,0.029351475873159144,-0.14795,0.00807,0.01883,-0.0003577587715750237,0.0,-0.0009077691390647218,-5.321402814898108e-05,0.0,9.89717062346722e-05
459,4.590150499949232,step,1.1012493185250625,0.11085827697238912,3.9337000343948603,9.84680000692606,124371.0,221497.0,0.0,0.0,8.77,5e-05,1e-05,100.0,0.01,-0.03414556454450393,0.0,0.22368866843180868,-0.03348267528810765,0.0,0.22456805907043653,0.0,0.0,0.0,-0.4066662115241343,0.0,-1.050184331750643,0.47849376727356546,0.0,1.1760271680270964,-0.2352285234509151,0.0,-0.3926471341408585,0.5357037789662087,-2.2628372221927973,-1.8760480215301258,-0.2636626915148946,0.01684295380107835,0.028887794819590966,-0.15064,0.00538,0.01883,-0.0006156457401521979,0.0,-0.0009827262231567654,-4.72435162440811e-05,0.0,0.00010333558452891266
460,4.600153199862689,step,1.1012493185250625,0.1056398250219466,3.8304999470710754,10.002699913457036,124371.0,221497.0,0.0,0.0,8.77,5e-05,1e-05,100.0,0.01,-0.03414556454450393,0.0,0.22368866843180868,-0.03348267528810765,0.0,0.22456805907043653,0.0,0.0,0.0,-0.4054142905385443,0.0,-1.0481882751492317,0.47732436258896394,0.0,1.174048662529409,-0.23447311057137601,0.0,-0.39191294633032375,0.5357037789662087,-2.2628372221927973,-1.8760480215301258,-0.26350478176908376,0.016990092554237057,0.028928229856098275,-0.14795,0.01076,0.01614,-0.0005759965073420988,0.0,-0.0009745234232692914,-8.689274905418021e-05,0.0,9.513278464143868e-05
461,4.610148399835452,step,0.9072220948948859,0.07332288033696294,3.777100006118417,9.995199972763658,124371.0,221497.0,0.0,0.0,8.77,5e-05,1e-05,100.0,0.01,-0.03389364808783166,0.0,0.22375926163760648,-0.03348267528810765,0.0,0.22456805907043653,0.0,0.0,0.0,-0.4320150997459208,0.0,-1.0564711563662017,0.47673524736124195,0.0,1.1722268262822428,-0.2509316663498617,0.0,-0.39432883001859,0.5372377597540943,-2.2628372221927973,-1.8760480215301258,-0.2672976339760408,0.015266657115529964,0.029489416912004372,-0.14526,0.01076,0.01345,-0.0002901718439795037,0.0,-0.0008973551495402882,-0.00012080095574450107,0.0,8.855771671023864e-05
462,4.620575199835002,step,0.9072220948948859,0.0753019579423224,3.3970000222325325,10.426799999549985,124371.0,221497.0,0.0,0.0,8.77,5e-05,1e-05,100.0,0.01,-0.03389364808783166,0.0,0.22375926163760648,-0.03348267528810765,0.0,0.22456805907043653,0.0,0.0,0.0,-0.43142799943890914,0.0,-1.0546502176115984,0.4761111610857758,0.0,1.1703895418014982,-0.25060054455699604,0.0,-0.39364511888434306,0.5372377597540943,-2.2628372221927973,-1.8760480215301258,-0.2672118661566378,0.015378963626854147,0.029548083427326635,-0.14795,0.00538,0.01345,-0.0003073970199431446,0.0,-0.0009049642595438508,-0.00010357577978086023,0.0,9.616682671380122e-05
463,4.630142099922523,step,0.9072220948948859,0.07709618738931215,3.8572000339627266,9.56690008752048,124371.0,221497.0,0.0,0.0,8.77,5e-05,1e-05,100.0,0.01,-0.03389364808783166,0.0,0.22375926163760648,-0.03348267528810765,0.0,0.22456805907043653,0.0,0.0,0.0,-0.4308039170165711,0.0,-1.0528129335886622,0.4754567859396167,0.0,1.168538433327678,-0.25024603989885297,0.0,-0.3929560847051148,0.5372377597540943,-2.2628372221927973,-1.8760480215301258,-0.26712201319109585,0.01549352955913108,0.029606042789143278,-0.14795,0.00807,0.01883,-0.00032231596465978206,0.0,-0.0009117733412267886,-8.865683506422274e-05,0.0,0.00010297590839673906
464,4.640142299933359,step,0.9072220948948859,0.07870649857414025,3.8593998178839684,10.000200010836124,124371.0,221497.0,0.0,0.0,8.77,5e-05,1e-05,100.0,0.01,-0.03389364808783166,0.0,0.22375926163760648,-0.03348267528810765,0.0,0.22456805907043653,0.0,0.0,0.0,-0.4301495442022973,0.0,-1.0509618252691588,0.47477635732222717,0.0,1.16667501124223,-0.24987239459384133,0.0,-0.39226252310578696,0.5372377597540943,-2.2628372221927973,-1.8760480215301258,-0.267028808417207,0.01560996745559419,0.029663442496955066,-0.15333,0.00807,0.01614,-0.0003351487408089553,0.0,-0.0009178384764730736,-7.582405891504949e-05,0.0,0.00010904104364302402
465,4.6501436999533325,step,0.9072220948948859,0.08013768356918591,3.8171999622136354,10.001400019973516,124371.0,221497.0,0.0,0.0,8.77,5e-05,1e-05,100.0,0.01,-0.03389364808783166,0.0,0.22375926163760648,-0.03348267528810765,0.0,0.22456805907043653,0.0,0.0,0.0,-0.4294691175903436,0.0,-1.0490984033210669,0.4740736898071267,0.0,1.1648006733368121,-0.24948229662316038,0.0,-0.39156490503828667,0.5372377597540943,-2.2628372221927973,-1.8760480215301258,-0.26693271497448023,0.01572803619341266,0.029720379755987045,-0.15064,0.00807,0.01345,-0.0003461026284491699,0.0,-0.000923215121983139,-6.487017127483488e-05,0.0,0.00011441768915308943
466,4.660154099809006,step,0.9072220948948859,0.08139740558133025,4.5182001776993275,10.010399855673313,124371.0,221497.0,0.0,0.0,8.77,5e-05,1e-05,100.0,0.01,-0.03389364808783166,0.0,0.22375926163760648,-0.03348267528810765,0.0,0.22456805907043653,0.0,0.0,0.0,-0.4287664517870581,0.0,-1.0472240655374467,0.47335220375377296,0.0,1.162916707255739,-0.24907816526521853,0.0,-0.3908636689725369,0.5372377597540943,-2.2628372221927973,-1.8760480215301258,-0.2668341503747852,0.01584751682648025,0.029776940406452415,-0.15064,0.00807,0.01614,-0.00035537179981557303,0.0,-0.0009279575314176692,-5.5600999908431766e-05,0.0,0.00011916009858761961
467,4.670147500000894,step,0.9072220948948859,0.08249536629297141,3.787500085309148,9.993400191888213,124371.0,221497.0,0.0,0.0,8.77,5e-05,1e-05,100.0,0.01,-0.03389364808783166,0.0,0.22375926163760648,-0.03348267528810765,0.0,0.22456805907043653,0.0,0.0,0.0,-0.42804496718224266,0.0,-1.0453400995637814,0.4726149521336203,0.0,1.161024293875243,-0.24866216889986886,0.0,-0.39015922123009994,0.5372377597540943,-2.2628372221927973,-1.8760480215301258,-0.2667334894421741,0.015968211356077067,0.02983319988191832,-0.14795,0.01076,0.01076,-0.0003631372138253519,0.0,-0.0009321182939643016,-4.783558589865292e-05,0.0,0.00012332086113425202
468,4.680084199877456,step,0.9072220948948859,0.08344261717127624,3.8948000874370337,9.936699876561761,124371.0,221497.0,0.0,0.0,8.77,5e-05,1e-05,100.0,0.01,-0.03389364808783166,0.0,0.22375926163760648,-0.03348267528810765,0.0,0.22456805907043653,0.0,0.0,0.0,-0.4273077167756327,0.0,-1.0434476862775386,0.4718646472001051,0.0,1.1591245114131123,-0.2482362421877526,0.0,-0.38945193659236854,0.5372377597540943,-2.2628372221927973,-1.8760480215301258,-0.26663106716266094,0.016089941506887334,0.029889224101716544,-0.14795,0.00538,0.01076,-0.0003695666929527637,0.0,-0.0009357479745867565,-4.1406106771241116e-05,0.0,0.0001269505417567069
469,4.6901434999890625,step,0.9072220948948859,0.08425099924325459,3.866800107061863,10.059300111606717,124371.0,221497.0,0.0,0.0,8.77,5e-05,1e-05,100.0,0.01,-0.03389364808783166,0.0,0.22375926163760648,-0.03348267528810765,0.0,0.22456805907043653,0.0,0.0,0.0,-0.4265574128468928,0.0,-1.041547903897621,0.4711036866992687,0.0,1.1572183400894676,-0.24780210313018852,0.0,-0.3887421591928677,0.5372377597540943,-2.2628372221927973,-1.8760480215301258,-0.2665271815274167,0.016212547473461597,0.02994507032459557,-0.14795,0.00807,0.01614,-0.0003748151494901981,0.0,-0.0009388948425582707,-3.6157650233806726e-05,0.0,0.0001300974097282211
470,4.700476699974388,step,0.9072220948948859,0.08493269562538618,3.47020011395216,10.333199985325336,124371.0,221497.0,0.0,0.0,8.77,5e-05,1e-05,100.0,0.01,-0.03389364808783166,0.0,0.22375926163760648,-0.03348267528810765,0.0,0.22456805907043653,0.0,0.0,0.0,-0.42579645316626896,0.0,-1.0396417326452407,0.4703341793766947,0.0,1.155306667184087,-0.24736126981926182,0.0,-0.3880302036329583,0.5372377597540943,-2.2628372221927973,-1.8760480215301258,-0.2664220963353305,0.016335886657810425,0.030000787959819256,-0.14795,0.00807,0.01883,-0.0003790249321524032,0.0,-0.0009416046761396922,-3.194786757160158e-05,0.0,0.0001328072433096426
471,4.71010039979592,step,0.9072220948948859,0.08549988152550389,3.8834000006318092,9.623699821531773,124371.0,221497.0,0.0,0.0,8.77,5e-05,1e-05,100.0,0.01,-0.03389364808783166,0.0,0.22375926163760648,-0.03348267528810765,0.0,0.22456805907043653,0.0,0.0,0.0,-0.4250269465015898,0.0,-1.037730059801235,0.4695579695880731,0.0,1.1533902923579233,-0.24691507672485027,0.0,-0.3873163562677389,0.5372377597540943,-2.2628372221927973,-1.8760480215301258,-0.26631604392731933,0.016459832415356437,0.030056419333144853,-0.14795,0.00807,0.01614,-0.0003823262675897109,0.0,-0.0009439206324505528,-2.8646532134293887e-05,0.0,0.0001351231996205032
472,4.72010779986158,step,1.1012493185250625,0.11883180561990381,3.8283998146653175,10.007400065660477,124371.0,221497.0,0.0,0.0,8.77,5e-05,1e-05,100.0,0.01,-0.03414556454450393,0.0,0.22368866843180868,-0.03348267528810765,0.0,0.22456805907043653,0.0,0.0,0.0,-0.39648051597940404,0.0,-1.0255522978416272,0.46826239383225365,0.0,1.1513255711207817,-0.22929454499438087,0.0,-0.38345397174482043,0.5357037789662087,-2.2628372221927973,-1.8760480215301258,-0.26226417582484646,0.018451403070340877,0.02959191283344256,-0.14795,0.00807,0.01883,-0.0006381427424011082,0.0,-0.0010169894478536572,-2.474651399517083e-05,0.0,0.00013759880922580448
473,4.730043499963358,step,0.9072220948948859,0.0818859452530175,3.8981998804956675,9.935700101777911,124371.0,221497.0,0.0,0.0,8.77,5e-05,1e-05,100.0,0.01,-0.03389364808783166,0.0,0.22375926163760648,-0.03348267528810765,0.0,0.22456805907043653,0.0,0.0,0.0,-0.42295314186235405,0.0,-1.0337480662048872,0.46756561375186945,0.0,1.1494258883020025,-0.24568256014191436,0.0,-0.3858415101766819,0.5372377597540943,-2.2628372221927973,-1.8760480215301258,-0.2660459055959439,0.016736592471042783,0.03015397731070945,-0.14795,0.00807,0.01883,-0.00034320274165715775,0.0,-0.0009356988955891456,-6.777005806684705e-05,0.0,0.00012690146275909603
474,4.740171199897304,step,0.9072220948948859,0.08298239411633664,3.949100151658058,10.127699933946133,124371.0,221497.0,0.0,0.0,8.77,5e-05,1e-05,100.0,0.01,-0.03389364808783166,0.0,0.22375926163760648,-0.03348267528810765,0.0,0.22456805907043653,0.0,0.0,0.0,-0.42225837411736167,0.0,-1.0318492804999215,0.46685045353009796,0.0,1.1475186217784685,-0.2452841397952796,0.0,-0.3851306894759417,0.5372377597540943,-2.2628372221927973,-1.8760480215301258,-0.26594783920888404,0.016856958251564996,0.03021193955695598,-0.15064,0.00807,0.01614,-0.0003522559782999012,0.0,-0.0009394342899300965,-5.8716821424103594e-05,0.0,0.00013063685710004692
475,4.750146799953654,step,1.1012493185250625,0.11571164768454448,3.778300015255809,9.975600056350231,124371.0,221497.0,0.0,0.0,8.77,5e-05,1e-05,100.0,0.01,-0.03414556454450393,0.0,0.22368866843180868,-0.03348267528810765,0.0,0.22456805907043653,0.0,0.0,0.0,-0.39377299522173553,0.0,-1.0196806271604764,0.46560554366922485,0.0,1.145460520259869,-0.2277001153930372,0.0,-0.3812696122369354,0.5357037789662087,-2.2628372221927973,-1.8760480215301258,-0.26190159004902164,0.018845825612447395,0.029748864047219603,-0.14795,0.00807,0.01345,-0.0006131869861528677,0.0,-0.0010137288707003404,-4.97022702434113e-05,0.0,0.00013433823207248765
476,4.760536099784076,step,0.9072220948948859,0.08042383304815395,3.4149999264627695,10.389299830421805,124371.0,221497.0,0.0,0.0,8.77,5e-05,1e-05,100.0,0.01,-0.03389364808783166,0.0,0.22375926163760648,-0.03348267528810765,0.0,0.22456805907043653,0.0,0.0,0.0,-0.4202962877993392,0.0,-1.027883015270128,0.46495024129779106,0.0,1.1435653235735463,-0.24412312376650794,0.0,-0.38365901099985067,0.5372377597540943,-2.2628372221927973,-1.8760480215301258,-0.26568959087914973,0.01712854007798019,0.0303131399143357,-0.14526,0.00807,0.01076,-0.00032277267523249126,0.0,-0.0009334892275725327,-8.820012449151354e-05,0.0,0.0001246917947424831
477,4.770141299813986,step,0.9072220948948859,0.08184587284507834,3.800399834290147,9.60520002990961,124371.0,221497.0,0.0,0.0,8.77,5e-05,1e-05,100.0,0.01,-0.03389364808783166,0.0,0.22375926163760648,-0.03348267528810765,0.0,0.22456805907043653,0.0,0.0,0.0,-0.4196429984705432,0.0,-1.025988715721433,0.46426847004811633,0.0,1.1416607287005858,-0.2437512846600962,0.0,-0.38294884698689297,0.5372377597540943,-2.2628372221927973,-1.8760480215301258,-0.2655959208447807,0.017247049556155927,0.0303725150724783,-0.14795,0.01076,0.01076,-0.00033581006231290963,0.0,-0.0009381183546165571,-7.516273741109517e-05,0.0,0.00012932092178650752
478,4.7800452997908,step,0.9072220948948859,0.08308231141270087,3.868300002068281,9.903999976813793,124371.0,221497.0,0.0,0.0,8.77,5e-05,1e-05,100.0,0.01,-0.03389364808783166,0.0,0.22375926163760648,-0.03348267528810765,0.0,0.22456805907043653,0.0,0.0,0.0,-0.4189612304191184,0.0,-1.0240841212386833,0.46356413410152714,0.0,1.139748131913764,-0.2433613803277335,0.0,-0.38223546343290565,0.5372377597540943,-2.2628372221927973,-1.8760480215301258,-0.26549913567325234,0.017367186739623217,0.030431243080634385,-0.14526,0.00807,0.01076,-0.00034692442407607057,0.0,-0.0009420597400589027,-6.404837564793423e-05,0.0,0.00013326230722885313
479,4.790274899918586,step,0.9072220948948859,0.0841441881251284,3.7426999770104885,10.229600127786398,124371.0,221497.0,0.0,0.0,8.77,5e-05,1e-05,100.0,0.01,-0.03389364808783166,0.0,0.22375926163760648,-0.03348267528810765,0.0,0.22456805907043653,0.0,0.0,0.0,-0.41825689620986883,0.0,-1.022171524541229,0.46284073172701995,0.0,1.137828783473794,-0.2429571573642773,0.0,-0.3815195883743541,0.5372377597540943,-2.2628372221927973,-1.8760480215301258,-0.26539988418971905,0.01748860608995731,0.030489451342014945,-0.14526,0.00807,0.01614,-0.00035631569480247646,0.0,-0.0009453853029192211,-5.4657104921528336e-05,0.0,0.00013658787008917158
480,4.800122199812904,step,0.9072220948948859,0.08504412367112565,4.089500056579709,9.847299894317985,124371.0,221497.0,0.0,0.0,8.77,5e-05,1e-05,100.0,0.01,-0.03389364808783166,0.0,0.22375926163760648,-0.03348267528810765,0.0,0.22456805907043653,0.0,0.0,0.0,-0.4175334953029844,0.0,-1.0202521761765915,0.46210138319576377,0.0,1.135903797771176,-0.2425408359934179,0.0,-0.3808016118665241,0.5372377597540943,-2.2628372221927973,-1.8760480215301258,-0.2652985489875449,0.017611108304460776,0.03054722002697596,-0.14526,0.01345,0.01345,-0.0003641700593357974,0.0,-0.00094816196679513,-4.6802740388207425e-05,0.0,0.00013936453396508038
481,4.810146099887788,step,1.1012493185250625,0.11812444785090398,3.8324000779539347,10.023900074884295,124371.0,221497.0,0.0,0.0,8.77,5e-05,1e-05,100.0,0.01,-0.03414556454450393,0.0,0.22368866843180868,-0.03348267528810765,0.0,0.22456805907043653,0.0,0.0,0.0,-0.3890239267496813,0.0,-1.0080658033509498,0.4608345914472825,0.0,1.1338298013661066,-0.22493669483567336,0.0,-0.37693336978861397,0.5357037789662087,-2.2628372221927973,-1.8760480215301258,-0.2612477693515867,0.0196021431075194,0.0300829769196885,-0.14526,0.00538,0.01614,-0.0006239650269955454,0.0,-0.0010215579825406892,-3.892422940073362e-05,0.0,0.00014216734391283648
482,4.820150199811906,step,0.9072220948948859,0.08202826173818814,3.8127999287098646,10.004099924117327,124371.0,221497.0,0.0,0.0,8.77,5e-05,1e-05,100.0,0.01,-0.03389364808783166,0.0,0.22375926163760648,-0.03348267528810765,0.0,0.22456805907043653,0.0,0.0,0.0,-0.41552533726169805,0.0,-1.016252296553683,0.4601595798514756,0.0,1.1319204107690455,-0.24135103017792364,0.0,-0.3793182166900369,0.5372377597540943,-2.2628372221927973,-1.8760480215301258,-0.2650350339465757,0.01788615359093923,0.030648132588721778,-0.14526,0.01345,0.01614,-0.00033248055898050984,0.0,-0.0009404805146555812,-7.849224074349496e-05,0.0,0.00013168308182553165
483,4.8303523999638855,step,0.9072220948948859,0.08329839265430859,3.5902000963687897,10.202200151979923,124371.0,221497.0,0.0,0.0,8.77,5e-05,1e-05,100.0,0.01,-0.03389364808783166,0.0,0.22375926163760648,-0.03348267528810765,0.0,0.22456805907043653,0.0,0.0,0.0,-0.4148523385412956,0.0,-1.0143438030752827,0.45946013483547127,0.0,1.130003200211642,-0.240966870076655,0.0,-0.3786031117657073,0.5372377597540943,-2.2628372221927973,-1.8760480215301258,-0.26493911331824094,0.018006135613419336,0.0307073762920751,-0.14795,0.01076,0.01345,-0.00034451537035302667,0.0,-0.0009443322778992121,-6.645742937097813e-05,0.0,0.00013553484506916252
484,4.840046499855816,step,0.9072220948948859,0.08438790919740781,3.8967998698353767,9.694099891930819,124371.0,221497.0,0.0,0.0,8.77,5e-05,1e-05,100.0,0.01,-0.03389364808783166,0.0,0.22375926163760648,-0.03348267528810765,0.0,0.22456805907043653,0.0,0.0,0.0,-0.4141528965668666,0.0,-1.0124265928904757,0.45874002223385585,0.0,1.1280794452066156,-0.24056591430373087,0.0,-0.3778853406875002,0.5372377597540943,-2.2628372221927973,-1.8760480215301258,-0.26484031148575327,0.018127587765086578,0.03076598139178645,-0.14795,0.01076,0.01345,-0.0003546952998306036,0.0,-0.0009475557805511311,-5.627749989340123e-05,0.0,0.00013875834772108153
485,4.85016499995254,step,1.1012493185250625,0.11732481787086038,3.887200029566884,10.118500096723437,124371.0,221497.0,0.0,0.0,8.77,5e-05,1e-05,100.0,0.01,-0.03414556454450393,0.0,0.22368866843180868,-0.03348267528810765,0.0,0.22456805907043653,0.0,0.0,0.0,-0.3856625643070766,0.0,-1.000241450772671,0.4574883357111616,0.0,1.1260059163867016,-0.22297073971289272,0.0,-0.3740163481514584,0.5357037789662087,-2.2628372221927973,-1.8760480215301258,-0.260790374187529,0.02011802385955838,0.03030173357162423,-0.14526,0.00807,0.01345,-0.0006165248677889406,0.0,-0.0010213276714063522,-4.636438860733849e-05,0.0,0.0001419370327784995
486,4.860137899871916,step,0.9072220948948859,0.0817328419775791,4.1633001528680325,9.972899919375777,124371.0,221497.0,0.0,0.0,8.77,5e-05,1e-05,100.0,0.01,-0.03389364808783166,0.0,0.22375926163760648,-0.03348267528810765,0.0,0.22456805907043653,0.0,0.0,0.0,-0.412179080362838,0.0,-1.0084284115690572,0.45682483682960234,0.0,1.1240963584930008,-0.23939816804298159,0.0,-0.3764017155785118,0.5372377597540943,-2.2628372221927973,-1.8760480215301258,-0.2645804093785175,0.018401194824180428,0.030868154004858817,-0.14257,0.00807,0.01614,-0.00032680991035110305,0.0,-0.0009405629178815896,-8.416288937290175e-05,0.0,0.00013176548505154
487,4.870121799875051,step,1.1012493185250625,0.11411355827653298,3.8914999458938837,9.983900003135204,124371.0,221497.0,0.0,0.0,8.77,5e-05,1e-05,100.0,0.01,-0.03414556454450393,0.0,0.22368866843180868,-0.03348267528810765,0.0,0.22456805907043653,0.0,0.0,0.0,-0.38374737338371856,0.0,-0.996258363615219,0.45561953319788623,0.0,1.1220340973332548,-0.22183860047855264,0.0,-0.3725365579183501,0.5357037789662087,-2.2628372221927973,-1.8760480215301258,-0.26053620399844063,0.020388675685295107,0.03040514203336027,-0.14526,0.00807,0.01883,-0.0005936787277413695,0.0,-0.0010157777255223738,-6.921052865490956e-05,0.0,0.00013638708689452106
488,4.880129599943757,step,1.1012493185250625,0.1096673073030208,4.1362999472767115,10.007800068706274,124371.0,221497.0,0.0,0.0,8.77,5e-05,1e-05,100.0,0.01,-0.03414556454450393,0.0,0.22368866843180868,-0.03348267528810765,0.0,0.22456805907043653,0.0,0.0,0.0,-0.3825400530293005,0.0,-0.9941952052039139,0.4544791410954447,0.0,1.119988890439601,-0.2211135929630324,0.0,-0.37177549784732045,0.5357037789662087,-2.2628372221927973,-1.8760480215301258,-0.26038204643323,0.02053734678274445,0.030450314877136633,-0.14526,0.01076,0.01345,-0.0005617062080839995,0.0,-0.0010073775559494408,-0.00010118304831227955,0.0,0.00012798691732158812
489,4.89014029991813,step,0.9072220948948859,0.07781778252283908,4.1096999775618315,10.010699974372983,124371.0,221497.0,0.0,0.0,8.77,5e-05,1e-05,100.0,0.01,-0.03389364808783166,0.0,0.22375926163760648,-0.03348267528810765,0.0,0.22456805907043653,0.0,0.0,0.0,-0.40916987601896193,0.0,-1.0024113850205514,0.4539058305603516,0.0,1.1181015101996772,-0.237615852999557,0.0,-0.37416994173973966,0.5372377597540943,-2.2628372221927973,-1.8760480215301258,-0.2641852233822821,0.018814485423929286,0.03102041104890355,-0.14526,0.01076,0.01345,-0.0002823871596956209,0.0,-0.0009296391965502725,-0.00012858564002838388,0.0,0.00012084176372022292
490,4.900622299872339,step,0.9072220948948859,0.07995298278456123,4.292199853807688,10.481999954208732,124371.0,221497.0,0.0,0.0,8.77,5e-05,1e-05,100.0,0.01,-0.03389364808783166,0.0,0.22375926163760648,-0.03348267528810765,0.0,0.22456805907043653,0.0,0.0,0.0,-0.4085985814212387,0.0,-1.0005249022602691,0.45328646487449453,0.0,1.1162004485752894,-0.23729658680985485,0.0,-0.37346067237086894,0.5372377597540943,-2.2628372221927973,-1.8760480215301258,-0.26410022999487553,0.018929376827086675,0.031082626323084204,-0.14795,0.01076,0.01614,-0.00030507186969314917,0.0,-0.0009363780354594807,-0.00010590093003085563,0.0,0.00012758060262943113
491,4.910143699962646,step,1.1012493185250625,0.11214909472379482,3.81469982676208,9.521400090306997,124371.0,221497.0,0.0,0.0,8.77,5e-05,1e-05,100.0,0.01,-0.03414556454450393,0.0,0.22368866843180868,-0.03348267528810765,0.0,0.22456805907043653,0.0,0.0,0.0,-0.38020899919221035,0.0,-0.9883624538880744,0.452113347396611,0.0,1.1141434482988906,-0.21976051144658498,0.0,-0.36959655569674343,0.5357037789662087,-2.2628372221927973,-1.8760480215301258,-0.2600593372651042,0.02091503507858873,0.03062019861473072,-0.14795,0.01076,0.01614,-0.00057782526631065,0.0,-0.0010131864497114602,-8.506399008562906e-05,0.0,0.00013379581108360753
492,4.920192199992016,step,1.1012493185250625,0.10846947651001465,3.7587000988423824,10.048500029370189,124371.0,221497.0,0.0,0.0,8.77,5e-05,1e-05,100.0,0.01,-0.03414556454450393,0.0,0.22368866843180868,-0.03348267528810765,0.0,0.22456805907043653,0.0,0.0,0.0,-0.37903386475084105,0.0,-0.9863045561109597,0.4509948936169572,0.0,1.1121007699138403,-0.2190560890437336,0.0,-0.36883670050748535,0.5357037789662087,-2.2628372221927973,-1.8760480215301258,-0.2599086151420818,0.021062180732897645,0.03066639070152774,-0.14526,0.01076,0.01345,-0.000550900370435321,0.0,-0.0010061321258645964,-0.00011198888596095807,0.0,0.00012674148723674367
493,4.930086599895731,step,0.9072220948948859,0.07749967773095594,3.8788001984357834,9.894399903714657,124371.0,221497.0,0.0,0.0,8.77,5e-05,1e-05,100.0,0.01,-0.03389364808783166,0.0,0.22375926163760648,-0.03348267528810765,0.0,0.22456805907043653,0.0,0.0,0.0,-0.40568562685165477,0.0,-0.9945232644665859,0.45043480141476605,0.0,1.1102136343535707,-0.2355758251454223,0.0,-0.3712323329436723,0.5372377597540943,-2.2628372221927973,-1.8760480215301258,-0.2637153123289017,0.019338116194165783,0.031237939144422584,-0.14257,0.01076,0.01614,-0.000275876399453285,0.0,-0.0009295186785509889,-0.0001350964002707198,0.0,0.00012072124572093932
494,4.940097899874672,step,1.1012493185250625,0.10924663378020867,3.9192999247461557,10.011299978941679,124371.0,221497.0,0.0,0.0,8.77,5e-05,1e-05,100.0,0.01,-0.03414556454450393,0.0,0.22368866843180868,-0.03348267528810765,0.0,0.22456805907043653,0.0,0.0,0.0,-0.3773573300085583,0.0,-0.9823756392255367,0.44930703466524513,0.0,1.1081665696592287,-0.21807620367471012,0.0,-0.3673716620089897,0.5357037789662087,-2.2628372221927973,-1.8760480215301258,-0.2596801240395252,0.0213207783176836,0.03077667896240796,-0.14526,0.00807,0.01883,-0.0005554875234538421,0.0,-0.0010082926260176334,-0.00010740173294243691,0.0,0.00012890198738978067
495,4.950141999870539,step,1.1012493185250625,0.10646929294824353,3.782199928537011,10.044099995866418,124371.0,221497.0,0.0,0.0,8.77,5e-05,1e-05,100.0,0.01,-0.03414556454450393,0.0,0.22368866843180868,-0.03348267528810765,0.0,0.22456805907043653,0.0,0.0,0.0,-0.37622754852806933,0.0,-0.9803276773603684,0.44822189183545735,0.0,1.1061304140412904,-0.21740072384897785,0.0,-0.36661447268428454,0.5357037789662087,-2.2628372221927973,-1.8760480215301258,-0.25953427697752574,0.021465650810163855,0.03082419446742602,-0.14795,0.01076,0.01345,-0.0005344928846373632,0.0,-0.0010029193023514435,-0.00012839637175891588,0.0,0.00012352866372359076
496,4.960031199967489,step,0.9072220948948859,0.07672192501209886,3.906100057065487,9.889200096949935,124371.0,221497.0,0.0,0.0,8.77,5e-05,1e-05,100.0,0.01,-0.03389364808783166,0.0,0.22375926163760648,-0.03348267528810765,0.0,0.22456805907043653,0.0,0.0,0.0,-0.4029126225059454,0.0,-0.9885529085212743,0.44768477235601417,0.0,1.104246906960044,-0.23394433540026902,0.0,-0.36901240497227983,0.5372377597540943,-2.2628372221927973,-1.8760480215301258,-0.2633454444348675,0.019739801944891944,0.031397296513382036,-0.14526,0.00807,0.01614,-0.000264561062469079,0.0,-0.0009277314520395548,-0.00014641173725492577,0.0,0.0001189340192095052
497,4.970075399847701,step,0.9072220948948859,0.07949846960240106,3.889600047841668,10.044199880212545,124371.0,221497.0,0.0,0.0,8.77,5e-05,1e-05,100.0,0.01,-0.03389364808783166,0.0,0.22375926163760648,-0.03348267528810765,0.0,0.22456805907043653,0.0,0.0,0.0,-0.40237752043085984,0.0,-0.9866702989774403,0.44708543802610573,0.0,1.1023454018060381,-0.23364826407040915,0.0,-0.36830369278022684,0.5372377597540943,-2.2628372221927973,-1.8760480215301258,-0.26326428658888945,0.01985307562634113,0.031460746487716504,-0.14526,0.00538,0.01883,-0.0002952053186900412,0.0,-0.0009365964987602464,-0.0001157674810339636,0.0,0.0001277990659301968
498,4.980181699851528,step,0.9072220948948859,0.08198200884202325,3.7552998401224613,10.106300003826618,124371.0,221497.0,0.0,0.0,8.77,5e-05,1e-05,100.0,0.01,-0.03389364808783166,0.0,0.22375926163760648,-0.03348267528810765,0.0,0.22456805907043653,0.0,0.0,0.0,-0.40177819205114734,0.0,-0.9847687943096763,0.4464330490503435,0.0,1.100428766974919,-0.23331134038332507,0.0,-0.3675893784753862,0.5372377597540943,-2.2628372221927973,-1.8760480215301258,-0.2631761612634843,0.019969808576867254,0.03152254350799843,-0.14795,0.01076,0.01614,-0.0003213376673074809,0.0,-0.0009440487019150878,-8.963513241652389e-05,0.0,0.00013525126908503818
499,4.9901399000082165,step,0.9072220948948859,0.08415991780708322,4.837000044062734,9.95820015668869,124371.0,221497.0,0.0,0.0,8.77,5e-05,1e-05,100.0,0.01,-0.03389364808783166,0.0,0.22375926163760648,-0.03348267528810765,0.0,0.22456805907043653,0.0,0.0,0.0,-0.40112580715965385,0.0,-0.9828521596474525,0.4457358146495736,0.0,1.0984995546771128,-0.23294065679941622,0.0,-0.3668706201621096,0.5372377597540943,-2.2628372221927973,-1.8760480215301258,-0.26308228661059396,0.02008937573497467,0.031582953602906166,-0.14795,0.01076,0.02152,-0.0003434265204429291,0.0,-0.0009502438002195573,-6.754627928107568e-05,0.0,0.00014144636738950775
500,5.000136599875987,step,0.9072220949633005,0.08603285902154367,4.063899861648679,9.996699867770076,124371.0,221497.0,0.0,0.0,8.77,5e-05,1e-05,100.0,0.01,-0.03389364808783166,0.0,0.22375926163760648,-0.03348267528795663,0.0,0.22456805907043653,0.0,0.0,0.0,-0.4004285269464366,0.0,-0.9809229474899599,0.4450010582888937,0.0,1.096560024824141,-0.23251014908093592,0.0,-0.3661494344004793,0.5372377597540943,-2.2628372221927973,-1.8760480215301258,-0.26297847388506956,0.020213246065986568,0.03164029097507611,-0.14526,0.01076,0.01883,-0.0003619081618109074,0.0,-0.0009553257670567715,-4.90646380641224e-05,0.0,0.00014652833422672197
501,5.010160599835217,step,0.9072499699910714,0.0876158340119721,3.8552999030798674,10.023999959230423,124371.0,221497.0,0.0,0.0,8.77,5e-05,1e-05,100.0,0.01,-0.03389364808783166,0.0,0.22375926163760648,-0.03348261375751809,0.0,0.22456805907043653,0.0,0.0,0.0,-0.3994181961788728,0.0,-0.9789834177520909,0.44423512954373134,0.0,1.094612168344126,-0.22966277485964354,0.0,-0.3655207042068592,0.5372377597540943,-2.2628372221927973,-1.8760480215301258,-0.262481911575587,0.020485809914874906,0.031551981817191925,-0.14257,0.00807,0.01883,-0.00037726228595864756,0.0,-0.0009594270916338558,-3.377204435491823e-05,0.0,0.0001506296588038062
502,5.0201073999051005,step,0.907436062416846,0.08894742049712125,3.9983000606298447,9.946800069883466,124371.0,221497.0,0.0,0.0,8.77,5e-05,1e-05,100.0,0.01,-0.03389364808783166,0.0,0.22375926163760648,-0.033482203170470765,0.0,0.22456805907043653,0.0,0.0,0.0,-0.39783699322599514,0.0,-0.9770355613649734,0.44344295483653245,0.0,1.0926577297376028,-0.226555181941606,0.0,-0.3648991668413328,0.5372377597540943,-2.2628372221927973,-1.8760480215301258,-0.26194293604023067,0.020774747857854825,0.03144830300808843,-0.14526,0.01076,0.01883,-0.0003901898744725093,0.0,-0.0009626691531720502,-2.1255042888383192e-05,0.0,0.00015387172034200065
503,5.030112599954009,step,1.1021949314076964,0.12386078632951382,3.978000022470951,10.005200048908591,124371.0,221497.0,0.0,0.0,8.77,5e-05,1e-05,100.0,0.01,-0.03414556454450393,0.0,0.22368866843180868,-0.033481105537856784,0.0,0.22456805907043653,0.0,0.0,0.0,-0.3678939258746384,0.0,-0.9648197356459776,0.4421137446424502,0.0,1.0905538667221526,-0.20594592872718642,0.0,-0.36112967391366163,0.5357037789662087,-2.2628372221927973,-1.8760480215301258,-0.25740043028360365,0.022950570976906448,0.03080014822885328,-0.14795,0.01076,0.02152,-0.0006547095660659653,0.0,-0.0010362689422936421,-9.749440581181975e-06,0.0,0.0001568783036657894
504,5.040041799889877,step,1.1034525445775012,0.11865620163438656,4.015200072899461,9.929199935868382,124371.0,221497.0,0.0,0.0,8.77,5e-05,1e-05,100.0,0.01,-0.03414556454450393,0.0,0.22368866843180868,-0.033479021505512255,0.0,0.22456805907043653,0.0,0.0,0.0,-0.36462194438725815,0.0,-0.9627149750570401,0.4408522125862138,0.0,1.0884702768001195,-0.20193179016937304,0.0,-0.36048183749005325,0.5357037789662087,-2.2628372221927973,-1.8760480215301258,-0.2567114594413913,0.023302585664751102,0.0306479724896789,-0.14526,0.00807,0.01614,-0.0006213743385564552,0.0,-0.0010262833221129294,-4.516870043522138e-05,0.0,0.00014689268348507672
505,5.0501148998737335,step,0.9104557236797336,0.08357892719033834,4.023900022730231,10.073099983856082,124371.0,221497.0,0.0,0.0,8.77,5e-05,1e-05,100.0,0.01,-0.03389364808783166,0.0,0.22375926163760648,-0.03347558548793936,0.0,0.22456805907043653,0.0,0.0,0.0,-0.388567139209402,0.0,-0.9708927718092802,0.4401576440265715,0.0,1.0865476429601844,-0.2148200756956214,0.0,-0.36301625890042494,0.5372377597540943,-2.2628372221927973,-1.8760480215301258,-0.2599289226384459,0.021804574268700576,0.031004377763902326,-0.13988,0.01076,0.01614,-0.0003421134462759696,0.0,-0.0009470035459792702,-7.594915361632974e-05,0.0,0.00013820611314922066
506,5.0605112998746336,step,1.1087261603466367,0.11803177203530929,4.792200168594718,10.39640000090003,124371.0,221497.0,0.0,0.0,8.77,5e-05,1e-05,100.0,0.01,-0.03414556454450393,0.0,0.22368866843180868,-0.0334703269542213,0.0,0.22456805907043653,0.0,0.0,0.0,-0.35681711726718524,0.0,-0.9587096482281743,0.43889870944556814,0.0,1.0844699826578372,-0.19323432025438014,0.0,-0.3592905805364802,0.5357037789662087,-2.2628372221927973,-1.8760480215301258,-0.2552284622126745,0.02403723452059229,0.030294288539098317,-0.14257,0.01076,0.01345,-0.0006200949383323743,0.0,-0.0010233626564080014,-5.5142651950256145e-05,0.0,0.0001439720177801487
507,5.070425599813461,step,0.9161118516373751,0.08347107794537077,3.664500080049038,9.914299938827753,124371.0,221497.0,0.0,0.0,8.77,5e-05,1e-05,100.0,0.01,-0.03389364808783166,0.0,0.22375926163760648,-0.03346340671678747,0.0,0.22456805907043653,0.0,0.0,0.0,-0.37957306305940225,0.0,-0.9668924778862036,0.43819518141154445,0.0,1.0825520144075838,-0.20556111088046078,0.0,-0.3618545690903801,0.5372377597540943,-2.2628372221927973,-1.8760480215301258,-0.25835473773092515,0.02257434098886124,0.030617551713347135,-0.13988,0.01345,0.01345,-0.0003465264831638438,0.0,-0.0009447054849813281,-8.371488788034252e-05,0.0,0.00013590805215127854
508,5.080506999976933,step,0.9204763599036224,0.08619876744188083,5.542399827390909,10.081400163471699,124371.0,221497.0,0.0,0.0,8.77,5e-05,1e-05,100.0,0.01,-0.03389364808783166,0.0,0.22375926163760648,-0.033454189964924656,0.0,0.22456805907043653,0.0,0.0,0.0,-0.37442546111993963,0.0,-0.9649754068095387,0.4374296289710568,0.0,1.0806222818252709,-0.20065148961815774,0.0,-0.3613166936363407,0.5372377597540943,-2.2628372221927973,-1.8760480215301258,-0.25752360190059037,0.02297220142028264,0.03040361546593408,-0.14257,0.01614,0.01614,-0.00037707693518825947,0.0,-0.0009505000694765527,-6.238118771874129e-05,0.0,0.00014170263664650315
509,5.090033099986613,step,0.9257600563123137,0.08880841751630938,4.3246999848634005,9.526100009679794,124371.0,221497.0,0.0,0.0,8.77,5e-05,1e-05,100.0,0.01,-0.03389364808783166,0.0,0.22375926163760648,-0.033443227845712256,0.0,0.22456805907043653,0.0,0.0,0.0,-0.3688671734297039,0.0,-0.9630456746438231,0.436605461615441,0.0,1.078682908459481,-0.19564484924253553,0.0,-0.36077784237988414,0.5372377597540943,-2.2628372221927973,-1.8760480215301258,-0.25667648499920304,0.023376649581962165,0.030184361782671316,-0.14526,0.01345,0.01614,-0.00040594802408296094,0.0,-0.0009552486887973079,-4.447221803643997e-05,0.0,0.00014645125596725837
510,5.100128799909726,step,0.9327731725252492,0.0914363715006151,3.8286999333649874,10.095699923112988,124371.0,221497.0,0.0,0.0,8.77,5e-05,1e-05,100.0,0.01,-0.03389364808783166,0.0,0.22375926163760648,-0.0334289842264971,0.0,0.22456805907043653,0.0,0.0,0.0,-0.36232862227619167,0.0,-0.9611063013856781,0.4357220315254724,0.0,1.0767357644336706,-0.1899988767706155,0.0,-0.360260803018198,0.5372377597540943,-2.2628372221927973,-1.8760480215301258,-0.255725352907151,0.023820780772244872,0.029926878974130794,-0.14526,0.01345,0.01614,-0.00043513819979111655,0.0,-0.0009590761688400518,-2.9525661543439792e-05,0.0,0.00015027873601000219
511,5.1100690998137,step,1.1451223737808676,0.13044035231207762,3.8391000125557184,9.940299903973937,124371.0,221497.0,0.0,0.0,8.77,5e-05,1e-05,100.0,0.01,-0.03414556454450393,0.0,0.22368866843180868,-0.033412095147986785,0.0,0.22456805907043653,0.0,0.0,0.0,-0.3274033650232736,0.0,-0.9488977702606621,0.4342653470615013,0.0,1.074638125762137,-0.1668496784027918,0.0,-0.35657174677876197,0.5357037789662087,-2.2628372221927973,-1.8760480215301258,-0.25077094088133967,0.026147622069749375,0.029120389034149978,-0.14257,0.01345,0.01345,-0.0007174976973642307,0.0,-0.0010332031088082258,-1.597169915291529e-05,0.0,0.00015381247018037307
512,5.120526499813423,step,0.9522518425163241,0.09161101190433717,4.359500017017126,10.457399999722838,124371.0,221497.0,0.0,0.0,8.77,5e-05,1e-05,100.0,0.01,-0.03389364808783166,0.0,0.22375926163760648,-0.03339102468584638,0.0,0.22456805907043653,0.0,0.0,0.0,-0.34641986409018477,0.0,-0.9570606212134866,0.43334864774319043,0.0,1.0727041627426914,-0.1771036770520966,0.0,-0.35922678548180004,0.5372377597540943,-2.2628372221927973,-1.8760480215301258,-0.25355974208561355,0.024815769427574796,0.029322214522082224,-0.13719,0.00807,0.01345,-0.0004515251355731789,0.0,-0.0009525837939508119,-5.1098266412100135e-05,0.0,0.00014378636112076233
513,5.130133999977261,step,1.173533446269225,0.13252757894534573,3.8495000917464495,9.607500163838267,124371.0,221497.0,0.0,0.0,8.77,5e-05,1e-05,100.0,0.01,-0.03414556454450393,0.0,0.22368866843180868,-0.03336848484832971,0.0,0.22456805907043653,0.0,0.0,0.0,-0.31039824769351265,0.0,-0.944866168137177,0.43184118303857544,0.0,1.0706175556595812,-0.15344220968530023,0.0,-0.35555536746645505,0.5357037789662087,-2.2628372221927973,-1.8760480215301258,-0.2485226850484078,0.027171773103652548,0.02848266657997503,-0.13988,0.01076,0.01345,-0.000742509775610618,0.0,-0.0010277694411846893,-3.456992056360443e-05,0.0,0.00014837880255683653
514,5.1401047999970615,step,1.191450384497977,0.13055910235290408,3.8253001403063536,9.970800019800663,124371.0,221497.0,0.0,0.0,8.77,5e-05,1e-05,100.0,0.01,-0.03414556454450393,0.0,0.22368866843180868,-0.03334168263563045,0.0,0.22456805907043653,0.0,0.0,0.0,-0.3006285553039412,0.0,-0.9427786638018634,0.4303423976417261,0.0,1.0685483535285505,-0.14604642285979116,0.0,-0.35504691113599113,0.5357037789662087,-2.2628372221927973,-1.8760480215301258,-0.24728491765310234,0.02772981603479705,0.028124999687073902,-0.13988,0.01345,0.01614,-0.0007382347363256438,0.0,-0.0010191965392891142,-6.564717254783892e-05,0.0,0.0001398059006612615
515,5.1500551998615265,step,0.9966377459140437,0.09276702879008852,3.9563002064824104,9.950399864464998,124371.0,221497.0,0.0,0.0,8.77,5e-05,1e-05,100.0,0.01,-0.03389364808783166,0.0,0.22375926163760648,-0.03331129638204885,0.0,0.22456805907043653,0.0,0.0,0.0,-0.31799805550280874,0.0,-0.9509708483772009,0.42934879942668475,0.0,1.0666375646779773,-0.15553542250570707,0.0,-0.3577563945926328,0.5372377597540943,-2.2628372221927973,-1.8760480215301258,-0.2499494749167056,0.026445763463749924,0.02828161406406686,-0.13719,0.01614,0.01614,-0.0004894020970944946,0.0,-0.000941169233618643,-9.294960868831443e-05,0.0,0.00013237180078859347
516,5.1603042997885495,step,1.0176521842940454,0.09865420539791589,5.1928001921623945,10.249099927023053,124371.0,221497.0,0.0,0.0,8.77,5e-05,1e-05,100.0,0.01,-0.03389364808783166,0.0,0.22375926163760648,-0.03327602143616743,0.0,0.22456805907043653,0.0,0.0,0.0,-0.3071477928432834,0.0,-0.9490609569997233,0.42823879829577255,0.0,1.0647138682975028,-0.1475607414786934,0.0,-0.3573435265932363,0.5372377597540943,-2.2628372221927973,-1.8760480215301258,-0.24862061168063604,0.027031172482580808,0.027882093895137655,-0.13719,0.00807,0.01614,-0.0005467369737935928,0.0,-0.000947526906296011,-7.088967787063287e-05,0.0,0.0001387294734659614
517,5.170137799810618,step,1.0410231037057722,0.10475627731800027,3.8193000946193933,9.83350002206862,124371.0,221497.0,0.0,0.0,8.77,5e-05,1e-05,100.0,0.01,-0.03389364808783166,0.0,0.22375926163760648,-0.033238227753163346,0.0,0.22456805907043653,0.0,0.0,0.0,-0.2959204790119012,0.0,-0.9471372610487084,0.4270156520114442,0.0,1.0627795138733898,-0.13945700131683653,0.0,-0.35693052316880497,0.5372377597540943,-2.2628372221927973,-1.8760480215301258,-0.24727054307121898,0.027625191304045782,0.027475368976322294,-0.13719,0.01076,0.01345,-0.0006024672222324245,0.0,-0.000952776582523292,-5.295311243588624e-05,0.0,0.00014397914969324242
518,5.180056099779904,step,1.0680826575714488,0.111318574591393,3.8782001938670874,9.918299969285727,124371.0,221497.0,0.0,0.0,8.77,5e-05,1e-05,100.0,0.01,-0.03389364808783166,0.0,0.22375926163760648,-0.03319604700121237,0.0,0.22456805907043653,0.0,0.0,0.0,-0.28383997353567775,0.0,-0.9452029067435955,0.42567752681533266,0.0,1.0608364879615118,-0.1308657274863436,0.0,-0.35653288734713906,0.5372377597540943,-2.2628372221927973,-1.8760480215301258,-0.24584109781671518,0.02824963816093943,0.02703963464827277,-0.13988,0.01345,0.01345,-0.0006591006981315218,0.0,-0.0009570477700649943,-3.850038848776541e-05,0.0,0.00014825033723494477
519,5.190105999819934,step,1.0993803635411514,0.11846984270773903,3.839000128209591,10.04990004003048,124371.0,221497.0,0.0,0.0,8.77,5e-05,1e-05,100.0,0.01,-0.03389364808783166,0.0,0.22375926163760648,-0.03314901133317379,0.0,0.22456805907043653,0.0,0.0,0.0,-0.27083294423042115,0.0,-0.9432598809284659,0.4242211002116398,0.0,1.0588865357342367,-0.12173665154860705,0.0,-0.3561533846590198,0.5372377597540943,-2.2628372221927973,-1.8760480215301258,-0.24432414578081108,0.0289074944999866,0.02657176648378557,-0.13719,0.01076,0.01614,-0.0007173706870480905,0.0,-0.0009604593636537584,-2.726606760977343e-05,0.0,0.00015166193082370878
520,5.200124599970877,step,1.1347674651185453,0.126223832454939,3.7601999938488007,10.018600150942802,124371.0,221497.0,0.0,0.0,8.77,5e-05,1e-05,100.0,0.01,-0.03389364808783166,0.0,0.22375926163760648,-0.033097693370188065,0.0,0.22456805907043653,0.0,0.0,0.0,-0.25707735494993855,0.0,-0.9413099287784623,0.42264382966737263,0.0,1.0569311817360465,-0.11219717616379418,0.0,-0.3557876011687087,0.5372377597540943,-2.2628372221927973,-1.8760480215301258,-0.2427404114587846,0.029590861396005537,0.02607939018427665,-0.1345,0.01345,0.01614,-0.0007768930141448533,0.0,-0.0009631200347306592,-1.906170349873855e-05,0.0,0.00015432260190060968
521,5.210129899904132,step,1.1745642572390376,0.13469867586660988,3.7823000457137823,10.005299933254719,124371.0,221497.0,0.0,0.0,8.77,5e-05,1e-05,100.0,0.01,-0.03389364808783166,0.0,0.22375926163760648,-0.03304191579008135,0.0,0.22456805907043653,0.0,0.0,0.0,-0.24255606973194507,0.0,-0.9393545748405265,0.42094219515597864,0.0,1.0549717497294766,-0.10223322664085821,0.0,-0.3554366817721635,0.5372377597540943,-2.2628372221927973,-1.8760480215301258,-0.24108763549572867,0.030300524703545835,0.025561589101894343,-0.1345,0.01345,0.01076,-0.0008381491490850367,0.0,-0.0009651286795136222,-1.3583148665267768e-05,0.0,0.00015633124668357266
522,5.220038499915972,step,1.2186239806308807,0.1439336831850272,3.8753000553697348,9.908600011840463,124371.0,221497.0,0.0,0.0,8.77,5e-05,1e-05,100.0,0.01,-0.03389364808783166,0.0,0.22375926163760648,-0.03298211579612929,0.0,0.22456805907043653,0.0,0.0,0.0,-0.227388167200164,0.0,-0.9373951428794534,0.41911304363858926,0.0,1.053009381545062,-0.09192467189069004,0.0,-0.35509794728326605,0.5372377597540943,-2.2628372221927973,-1.8760480215301258,-0.23937881414235018,0.031031520968435027,0.025023133874085585,-0.13181,0.01345,0.01076,-0.0009009583301286274,0.0,-0.0009665749095793682,-1.0573961573742772e-05,0.0,0.00015777747674931863
523,5.230118699837476,step,1.2684308888031244,0.15432496591618816,3.8065998815000057,10.080199921503663,124371.0,221497.0,0.0,0.0,8.77,5e-05,1e-05,100.0,0.01,-0.03389364808783166,0.0,0.22375926163760648,-0.03291652801725824,0.0,0.22456805907043653,0.0,0.0,0.0,-0.21120329790623868,0.0,-0.9354327747277918,0.4171489486712865,0.0,1.0510450548764865,-0.08101647765019837,0.0,-0.3547820075582564,0.5372377597540943,-2.2628372221927973,-1.8760480215301258,-0.2375725425839067,0.03179942802750335,0.02444855910485129,-0.13181,0.01614,0.01076,-0.0009674254457120049,0.0,-0.0009675395714089949,-9.694624861415193e-06,0.0,0.00015874213857894532
524,5.24031739984639,step,1.3241552174441964,0.16599706524269686,3.6455998197197914,10.198700008913875,124371.0,221497.0,0.0,0.0,8.77,5e-05,1e-05,100.0,0.01,-0.03389364808783166,0.0,0.22375926163760648,-0.03284520459744593,0.0,0.22456805907043653,0.0,0.0,0.0,-0.19404692434204107,0.0,-0.9334684480810631,0.41504256780838633,0.0,1.049079599985539,-0.06954229459548154,0.0,-0.354487894522101,0.5372377597540943,-2.2628372221927973,-1.8760480215301258,-0.23567430382711327,0.03260213343985152,0.023839856631133714,-0.13181,0.01345,0.01076,-0.0010375091220573198,0.0,-0.0009680952833679866,-1.0934368328408342e-05,0.0,0.00015929785053793704
525,5.250123599776998,step,1.3829664512504856,0.17841214887322743,3.8167000748217106,9.806199930608273,124371.0,221497.0,0.0,0.0,8.77,5e-05,1e-05,100.0,0.01,-0.03389364808783166,0.0,0.22375926163760648,-0.032771844665688596,0.0,0.22456805907043653,0.0,0.0,0.0,-0.17670577080072422,0.0,-0.9315029932027025,0.4127940338732246,0.0,1.0471137153012178,-0.05802880896302887,0.0,-0.3541949173910042,0.5372377597540943,-2.2628372221927973,-1.8760480215301258,-0.23376966138874697,0.03340730540354398,0.02322882718452235,-0.12912,0.01614,0.01345,-0.001107527375562055,0.0,-0.0009683069804001873,-1.4276046581006112e-05,0.0,0.00015950954757013773
526,5.260141599923372,step,1.6988786830149394,0.2590307704435158,3.797900164499879,10.018000146374106,124371.0,221497.0,0.0,0.0,8.77,5e-05,1e-05,100.0,0.01,-0.03414556454450393,0.0,0.22368866843180868,-0.03269199621645868,0.0,0.22456805907043653,0.0,0.0,0.0,-0.13049546592512487,0.0,-0.9192757213372721,0.4098787232611893,0.0,1.0450036199086357,-0.02862269888987885,0.0,-0.3506633433460127,0.5357037789662087,-2.2628372221927973,-1.8760480215301258,-0.2278029905617453,0.03610249967130476,0.022030085428587358,-0.12912,0.01345,0.01614,-0.001435951782026919,0.0,-0.001039338733483965,-1.761654601833409e-05,0.0,0.00015994809485611237
527,5.270121899899095,step,1.7717436513930231,0.26529386837951396,3.8537001237273216,9.980299975723028,124371.0,221497.0,0.0,0.0,8.77,5e-05,1e-05,100.0,0.01,-0.03414556454450393,0.0,0.22368866843180868,-0.0326074658249982,0.0,0.22456805907043653,0.0,0.0,0.0,-0.11082446915950694,0.0,-0.9171647283130476,0.4068928223687121,0.0,1.0429181728852457,-0.015723857743880056,0.0,-0.3503619694355568,0.5357037789662087,-2.2628372221927973,-1.8760480215301258,-0.22567123994042937,0.03699842571784424,0.021340243179652225,-0.12912,0.02152,0.01345,-0.001470721400961013,0.0,-0.0010271980478646987,-6.737731854472139e-05,0.0,0.00014780740923684603
528,5.2801336999982595,step,1.5961164765523934,0.20548773228017592,3.8046000991016626,10.011800099164248,124371.0,221497.0,0.0,0.0,8.77,5e-05,1e-05,100.0,0.01,-0.03389364808783166,0.0,0.22375926163760648,-0.032517626823690166,0.0,0.22456805907043653,0.0,0.0,0.0,-0.11818612285300116,0.0,-0.9253406679151079,0.40432675937122947,0.0,1.0409973117989249,-0.019649385330824633,0.0,-0.3533673255102143,0.5372377597540943,-2.2628372221927973,-1.8760480215301258,-0.22742750438980025,0.03607161714760804,0.021175176818377342,-0.12374,0.024210000000000002,0.01345,-0.0012639280078488738,0.0,-0.000946130367247302,-0.00011209325629261773,0.0,0.00013733293441725244
529,5.290134099777788,step,1.6785438269706334,0.22785944984029477,4.151599947363138,10.00039977952838,124371.0,221497.0,0.0,0.0,8.77,5e-05,1e-05,100.0,0.01,-0.03389364808783166,0.0,0.22375926163760648,-0.0324228129197354,0.0,0.22456805907043653,0.0,0.0,0.0,-0.09761261486021562,0.0,-0.9234207042330334,0.40155662447359247,0.0,1.0390687566020884,-0.00628252614127851,0.0,-0.35316568666850917,0.5372377597540943,-2.2628372221927973,-1.8760480215301258,-0.22522262002669327,0.036988116408172914,0.02045015083515305,-0.12643000000000001,0.02152,0.00807,-0.001364444710095959,0.0,-0.0009499201424075769,-0.0001063904580002968,0.0,0.0001411227095775273
530,5.300314799882472,step,1.7683949073681644,0.25275782516115897,4.093300085514784,10.180700104683638,124371.0,221497.0,0.0,0.0,8.77,5e-05,1e-05,100.0,0.01,-0.03389364808783166,0.0,0.22375926163760648,-0.032321049200304014,0.0,0.22456805907043653,0.0,0.0,0.0,-0.07589600019155843,0.0,-0.9214921494074888,0.39857430549155265,0.0,1.0371339013738772,0.007765338031976547,0.0,-0.3529879238183252,0.5372377597540943,-2.2628372221927973,-1.8760480215301258,-0.22290697004413443,0.03794680051006973,0.01968433135755592,-0.12374,0.02152,0.01076,-0.0014689571119385844,0.0,-0.0009530232564554772,-0.00010364177558905871,0.0,0.00014422582362542762
531,5.310109899844974,step,2.118567198905755,0.36140977913357875,3.919099923223257,9.795099962502718,124371.0,221497.0,0.0,0.0,8.77,5e-05,1e-05,100.0,0.01,-0.03414556454450393,0.0,0.22368866843180868,-0.03221813125617121,0.0,0.22456805907043653,0.0,0.0,0.0,-0.02634191754325134,0.0,-0.9092959070637743,0.39486941352074567,0.0,1.0350496114587027,0.039047503829319354,0.0,-0.34950127357118266,0.5357037789662087,-2.2628372221927973,-1.8760480215301258,-0.21663868571895148,0.0407473687190132,0.018363749382317093,-0.12643000000000001,0.024210000000000002,0.01076,-0.0018248642892728997,0.0,-0.0010266281080970612,-0.00010256899905981831,0.0,0.00014723746946920845
532,5.320129599887878,step,1.9604959077420834,0.2943830118291418,3.8812998682260513,10.019700042903423,124371.0,221497.0,0.0,0.0,8.77,5e-05,1e-05,100.0,0.01,-0.03389364808783166,0.0,0.22375926163760648,-0.03210776149654962,0.0,0.22456805907043653,0.0,0.0,0.0,-0.030602951161046037,0.0,-0.9174721067611246,0.39154780072140044,0.0,1.0331297054688644,0.036885518349583674,0.0,-0.35261090307760706,0.5372377597540943,-2.2628372221927973,-1.8760480215301258,-0.21810640786883018,0.039935207856719494,0.01809780759825283,-0.11836,0.02152,0.00807,-0.0016360780903052414,0.0,-0.0009456599294292416,-0.00014980850097679626,0.0,0.00013686249659919207
533,5.330111099872738,step,2.065863489598117,0.32800787212962873,3.9779997896403074,9.98149998486042,124371.0,221497.0,0.0,0.0,8.77,5e-05,1e-05,100.0,0.01,-0.03389364808783166,0.0,0.22375926163760648,-0.031992690784181196,0.0,0.22456805907043653,0.0,0.0,0.0,-0.0069956768741727075,0.0,-0.9155530978924197,0.3879863313945227,0.0,1.0312019269940953,0.051987958731050596,0.0,-0.3524788588124454,0.5372377597540943,-2.2628372221927973,-1.8760480215301258,-0.2156196321696082,0.04095806313260828,0.01726782966882673,-0.12105,0.01614,0.00807,-0.0017542207015248663,0.0,-0.0009495375638566893,-0.00014673660212559435,0.0,0.00014074013102663972
534,5.340132499812171,step,2.177410623232969,0.36462867976302954,3.947800025343895,10.02139993943274,124371.0,221497.0,0.0,0.0,8.77,5e-05,1e-05,100.0,0.01,-0.03389364808783166,0.0,0.22375926163760648,-0.031872024053839355,0.0,0.22456805907043653,0.0,0.0,0.0,0.01748498300582211,0.0,-0.9136253197908318,0.384179736032128,0.0,1.0292676918110817,0.06760077147059457,0.0,-0.35236381615753004,0.5372377597540943,-2.2628372221927973,-1.8760480215301258,-0.21304980334959914,0.04201265117711023,0.016407380171769938,-0.11836,0.0269,0.00807,-0.0018749588369932752,0.0,-0.0009527178499301305,-0.0001466651969990265,0.0,0.0001439204171000809
535,5.3501135997939855,step,2.554932168920278,0.50446900140391,3.9007000159472227,9.981099981814623,124371.0,221497.0,0.0,0.0,8.77,5e-05,1e-05,100.0,0.01,-0.03414556454450393,0.0,0.22368866843180868,-0.03174674181398019,0.0,0.22456805907043653,0.0,0.0,0.0,0.07043182492101656,0.0,-0.9014296974940561,0.37961014090285916,0.0,1.0271838850936985,0.10087190139989732,0.0,-0.34891850641144606,0.5357037789662087,-2.2628372221927973,-1.8760480215301258,-0.2064609280856413,0.044927708346496224,0.014960107836716002,-0.11567000000000001,0.0269,0.00538,-0.002250778439397353,0.0,-0.0010263901064923597,-0.0001480442911263877,0.0,0.000146999467864507
536,5.360105199972168,step,2.4167516159554783,0.43008097431101205,3.917600028216839,9.991600178182125,124371.0,221497.0,0.0,0.0,8.77,5e-05,1e-05,100.0,0.01,-0.03389364808783166,0.0,0.22375926163760648,-0.031616251529067475,0.0,0.22456805907043653,0.0,0.0,0.0,0.06914660583399697,0.0,-0.9096063803907245,0.3753888367458565,0.0,1.0252643434978228,0.10041220803643695,0.0,-0.3521344550877848,0.5372377597540943,-2.2628372221927973,-1.8760480215301258,-0.20764969478937276,0.04422730471743232,0.014597683347897357,-0.11298000000000001,0.02152,0.00538,-0.002079225864443099,0.0,-0.0009454804452785958,-0.00019817069432108295,0.0,0.00013668301244854628
537,5.370124599896371,step,2.80656616075615,0.5882520656320294,3.965600160881877,10.019399924203753,124371.0,221497.0,0.0,0.0,8.77,5e-05,1e-05,100.0,0.01,-0.03414556454450393,0.0,0.22368866843180868,-0.03148032802228021,0.0,0.22456805907043653,0.0,0.0,0.0,0.12361936232216632,0.0,-0.8974263487314172,0.3703768588329279,0.0,1.023192464955714,0.13457446227920605,0.0,-0.3487098022902075,0.5357037789662087,-2.2628372221927973,-1.8760480215301258,-0.20091771872262115,0.04719215349506735,0.013092373584021086,-0.11567000000000001,0.02152,0.00807,-0.0024686764376796754,0.0,-0.0010205148201958899,-0.00019656008454404855,0.0,0.00014112418156803715
538,5.380126399919391,step,2.940522163539643,0.6259492811475754,4.8541000578552485,10.001800023019314,124371.0,221497.0,0.0,0.0,8.77,5e-05,1e-05,100.0,0.01,-0.03414556454450393,0.0,0.22368866843180868,-0.031339616808183535,0.0,0.22456805907043653,0.0,0.0,0.0,0.15157039155227317,0.0,-0.8953535729336827,0.3651733127142778,0.0,1.021138061913471,0.1522274868472485,0.0,-0.3486097207889082,0.5357037789662087,-2.2628372221927973,-1.8760480215301258,-0.19801467380761867,0.04837702436184956,0.012113033388272416,-0.11029,0.0269,0.00807,-0.0025630343785962286,0.0,-0.0010119071695914893,-0.00024291335772416798,0.0,0.00013251653096363661
539,5.390111699933186,step,3.079617313777741,0.6696927818428895,4.225300159305334,9.985300013795495,124371.0,221497.0,0.0,0.0,8.77,5e-05,1e-05,100.0,0.01,-0.03414556454450393,0.0,0.22368866843180868,-0.03119417251632243,0.0,0.22456805907043653,0.0,0.0,0.0,0.18014933243009743,0.0,-0.8932991694111131,0.35975841730882924,0.0,1.0190975847996646,0.17024058167493727,0.0,-0.3485308077055784,0.5357037789662087,-2.2628372221927973,-1.8760480215301258,-0.1950534862647407,0.04958299665198601,0.011111099126558152,-0.11029,0.0269,0.00807,-0.0026671355964422356,0.0,-0.0010050478793149783,-0.00028425643173926726,0.0,0.00012565724068712555
540,5.400131299858913,step,3.224501998736509,0.7199711490735202,3.8969998713582754,10.019599925726652,124371.0,221497.0,0.0,0.0,8.77,5e-05,1e-05,100.0,0.01,-0.03414556454450393,0.0,0.22368866843180868,-0.03104329356269892,0.0,0.22456805907043653,0.0,0.0,0.0,0.20948217103441,0.0,-0.8912586921418496,0.3541122612436772,0.0,1.0170679347919762,0.18869414946439558,0.0,-0.34847451856139205,0.5357037789662087,-2.2628372221927973,-1.8760480215301258,-0.19202102204723365,0.050815214465132694,0.010081894656216013,-0.1076,0.024210000000000002,0.00538,-0.002781044267152424,0.0,-0.0009997149304896856,-0.0003212267146525888,0.0,0.00012032429186183287
541,5.410120799904689,step,3.112562327591337,0.6492562093942013,3.891299944370985,9.989500045776367,124371.0,221497.0,0.0,0.0,8.77,5e-05,1e-05,100.0,0.01,-0.03389364808783166,0.0,0.22375926163760648,-0.03088800490278984,0.0,0.22456805907043653,0.0,0.0,0.0,0.21164876247842143,0.0,-0.8994904291992831,0.34873275202459636,0.0,1.015190785079794,0.19021726258041205,0.0,-0.3518449852702366,0.5372377597540943,-2.2628372221927973,-1.8760480215301258,-0.19288509801153422,0.050244160872828666,0.009606341651031164,-0.10491,0.02959,0.00538,-0.0026497059417585783,0.0,-0.0009246000970306132,-0.0003559372432832392,0.0,0.00011580266420056361
542,5.420110399834812,step,3.2674092923767306,0.7288578741955881,3.9160000160336494,9.989599930122495,124371.0,221497.0,0.0,0.0,8.77,5e-05,1e-05,100.0,0.01,-0.03389364808783166,0.0,0.22375926163760648,-0.03072792381105749,0.0,0.22456805907043653,0.0,0.0,0.0,0.24174420349148032,0.0,-0.8976141770262657,0.3430012123907026,0.0,1.0132954362606985,0.2090798671947855,0.0,-0.3518792911097396,0.5372377597540943,-2.2628372221927973,-1.8760480215301258,-0.18978831492489268,0.051495382306993326,0.008547225551224405,-0.1076,0.0269,0.00538,-0.002823100399120803,0.0,-0.0009335641641592895,-0.0003426238776533647,0.0,0.0001247667313292399
543,5.4302021998446435,step,3.3915385753414413,0.8013150992432997,3.742899978533387,10.091800009831786,124371.0,221497.0,0.0,0.0,8.77,5e-05,1e-05,100.0,0.01,-0.033807698802518577,0.0,0.22358614178919176,-0.030561412869206182,0.0,0.22456805907043653,0.0,0.0,0.0,0.26338792032085656,0.0,-0.870554228589012,0.33709048724898455,0.0,1.0110306883115991,0.22118808041963833,0.0,-0.34210389078782405,0.5372377597540943,-2.2628372221927973,-1.8775820023180116,-0.18729642817480097,0.05342558765976395,0.009001271862546206,-0.10491,0.03228,0.00538,-0.002911359176182586,0.0,-0.0011155136747628394,-0.0003349267571298082,0.0,0.00013359639351806312
544,5.440141499973834,step,3.593073503080177,0.9054859628469608,3.924200078472495,9.939300129190087,124371.0,221497.0,0.0,0.0,8.77,5e-05,1e-05,100.0,0.01,-0.03389364808783166,0.0,0.22375926163760648,-0.030392787634859506,0.0,0.22456805907043653,0.0,0.0,0.0,0.3041670274582819,0.0,-0.8934518796076959,0.33062540249475697,0.0,1.0091660228521522,0.24810886420185674,0.0,-0.3518430703918569,0.5372377597540943,-2.2628372221927973,-1.8760480215301258,-0.18337577839266148,0.05409846277076312,0.006367890232183017,-0.10491,0.03228,0.00538,-0.0031844119584064686,0.0,-0.0009184509118163215,-0.00031644849456568223,0.0,0.0001096534789862719
545,5.450114599894732,step,4.023781462305069,1.1556095843591565,3.960000118240714,9.973099920898676,124371.0,221497.0,0.0,0.0,8.77,5e-05,1e-05,100.0,0.01,-0.03414556454450393,0.0,0.22368866843180868,-0.030219053451805526,0.0,0.22456805907043653,0.0,0.0,0.0,0.36425586149697464,0.0,-0.8813280270589584,0.3233005306191824,0.0,1.0071345870939266,0.28557721611131015,0.0,-0.3484782663211583,0.5357037789662087,-2.2628372221927973,-1.8760480215301258,-0.17611409328335959,0.057244940673653606,0.004644706922477461,-0.09953000000000001,0.02959,0.00269,-0.003607904688220294,0.0,-0.0010005945114699923,-0.0003186064044781111,0.0,0.00012120387284213956
546,5.4601223999634385,step,3.9373758629731737,1.070868426261811,3.931300016120076,10.007800068706274,124371.0,221497.0,0.0,0.0,8.77,5e-05,1e-05,100.0,0.01,-0.03389364808783166,0.0,0.22375926163760648,-0.030040237209275976,0.0,0.22456805907043653,0.0,0.0,0.0,0.37011162337378833,0.0,-0.8895570818064644,0.3162293564235146,0.0,1.005252589001137,0.28926284467634483,0.0,-0.3519939901797871,0.5372377597540943,-2.2628372221927973,-1.8760480215301258,-0.1766227822055695,0.05681830489502793,0.00404854749938198,-0.09684000000000001,0.03497,-0.0,-0.0034829445436439176,0.0,-0.0009269881927736457,-0.00037046633491176354,0.0,0.00011819075994359612
547,5.4701172998175025,step,4.070632557358417,1.1566584195970124,3.8868000265210867,9.994899854063988,124371.0,221497.0,0.0,0.0,8.77,5e-05,1e-05,100.0,0.01,-0.033807698802518577,0.0,0.22358614178919176,-0.02985726998151456,0.0,0.22456805907043653,0.0,0.0,0.0,0.394308730405474,0.0,-0.8625113808951673,0.3089671064380202,0.0,1.0029958998018627,0.3029355012900626,0.0,-0.3421692594794327,0.5372377597540943,-2.2628372221927973,-1.8775820023180116,-0.17388580367149273,0.058845026831448814,0.004406496028782757,-0.09953000000000001,0.02959,-0.0,-0.003577059942490908,0.0,-0.0011115442946056289,-0.00037336887851310927,0.0,0.00012962701336085257
548,5.480097799794748,step,4.252322938935796,1.2714394917039382,3.9185001514852047,9.980499977245927,124371.0,221497.0,0.0,0.0,8.77,5e-05,1e-05,100.0,0.01,-0.033807698802518577,0.0,0.22358614178919176,-0.029670297585595997,0.0,0.22456805907043653,0.0,0.0,0.0,0.42845202732910365,0.0,-0.8602524909013154,0.3013077773634833,0.0,1.0007808032513852,0.3241880869296814,0.0,-0.3421219081629022,0.5372377597540943,-2.2628372221927973,-1.8775820023180116,-0.17039637983579006,0.06026245471893625,0.00321921140417826,-0.09684000000000001,0.03497,0.00269,-0.0037726433644881957,0.0,-0.0010910576137329743,-0.00036475785243438377,0.0,0.00010914033248819797
549,5.490099899936467,step,4.699938607006519,1.5761797594135372,4.032899858430028,10.002100141718984,124371.0,221497.0,0.0,0.0,8.77,5e-05,1e-05,100.0,0.01,-0.03405934979789703,0.0,0.2235156806315785,-0.029478746941169857,0.0,0.22456805907043653,0.0,0.0,0.0,0.49109104166683765,0.0,-0.8477952004480109,0.2927405851237567,0.0,0.9984543886031003,0.36320867567325305,0.0,-0.3385861157946857,0.5357037789662087,-2.2628372221927973,-1.8775820023180116,-0.16288175173518366,0.06351309504865452,0.0014071983386689246,-0.09684000000000001,0.03766,-0.00538,-0.004219816205980164,0.0,-0.0011458879362062318,-0.0003607866507470076,0.0,9.350949734820589e-05
550,5.500108599895611,step,4.8909127213842645,1.6774965007491986,3.9216000586748123,10.008699959143996,124371.0,221497.0,0.0,0.0,8.77,5e-05,1e-05,100.0,0.01,-0.03405934979789703,0.0,0.2235156806315785,-0.029282999007845572,0.0,0.22456805907043653,0.0,0.0,0.0,0.5271966521501734,0.0,-0.8454678894829504,0.2838699291091691,0.0,0.9961770465281984,0.3856603241560709,0.0,-0.3385448123733181,0.5357037789662087,-2.2628372221927973,-1.8775820023180116,-0.1591974269193353,0.06500480193957263,0.00014805647104344788,-0.09146,0.03228,-0.0,-0.004369288905954486,0.0,-0.0011217169786055681,-0.0004070618840969712,0.0,6.933853974754219e-05
551,5.510341199813411,step,4.829782781198752,1.595946069881236,3.6208999808877707,10.232599917799234,124371.0,221497.0,0.0,0.0,8.77,5e-05,1e-05,100.0,0.01,-0.033807698802518577,0.0,0.22358614178919176,-0.02907878347589696,0.0,0.22456805907043653,0.0,0.0,0.0,0.536747110500586,0.0,-0.8534327393145447,0.2751862841629182,0.0,0.9940814287296275,0.3915062612666496,0.0,-0.34210042336230295,0.5372377597540943,-2.2628372221927973,-1.8775820023180116,-0.1593494161666119,0.0647352446060556,-0.0005560434406719009,-0.08608,0.03228,-0.0,-0.004277175607383079,0.0,-0.0010322077176030911,-0.0004517397192385364,0.0,5.029043635831486e-05
552,5.520050799939781,step,5.023302184914752,1.7395016857303605,3.9663000497967005,9.709600126370788,124371.0,221497.0,0.0,0.0,8.77,5e-05,1e-05,100.0,0.01,-0.033807698802518577,0.0,0.22358614178919176,-0.028881300189559797,0.0,0.22456805907043653,0.0,0.0,0.0,0.5726283591465916,0.0,-0.8513380170469512,0.2660978731841818,0.0,0.9919895706596472,0.4137796432705019,0.0,-0.3421552806491559,0.5372377597540943,-2.2628372221927973,-1.8775820023180116,-0.15569717573485842,0.06620696915731153,-0.0018121423821392743,-0.08608,0.02959,0.00269,-0.0044765452743529425,0.0,-0.0010303558432487312,-0.000449853338605837,0.0,4.8438562003954915e-05
553,5.530096399830654,step,5.227438443158364,1.8946903290510622,3.931900020688772,10.045599890872836,124371.0,221497.0,0.0,0.0,8.77,5e-05,1e-05,100.0,0.01,-0.033807698802518577,0.0,0.22358614178919176,-0.02867330973177191,0.0,0.22456805907043653,0.0,0.0,0.0,0.6100743129860334,0.0,-0.849246159219976,0.25659214400571045,0.0,0.9898977701778541,0.43700586798519103,0.0,-0.3422479204180839,0.5372377597540943,-2.2628372221927973,-1.8775820023180116,-0.15189031774750122,0.06773697812735578,-0.003125974158254441,-0.08608,0.03497,-0.0,-0.004682097578213163,0.0,-0.001030327477884637,-0.00045229149253350233,0.0,4.841019663986068e-05
554,5.540115999989212,step,5.244731935667827,1.9012153440955673,4.028599942103028,10.019600158557296,124371.0,221497.0,0.0,0.0,8.77,5e-05,1e-05,100.0,0.01,-0.03361973735686771,0.0,0.22361532582955132,-0.02846226583986189,0.0,0.22456805907043653,0.0,0.0,0.0,0.6273432440377994,0.0,-0.8513965338080896,0.24705699452008614,0.0,0.9878626555598614,0.44698024587107354,0.0,-0.34365351925845644,0.5372377597540943,-2.2613032414049115,-1.8791159831058974,-0.15044082222597152,0.06761682866809307,-0.0036430844124573786,-0.08339,0.03497,-0.00269,-0.004696588707348858,0.0,-0.0010024065535034349,-0.00046088280965696574,0.0,4.967331261822305e-05
555,5.550118799787015,step,5.5938704266754415,2.210029391455513,3.91139998100698,10.002799797803164,124371.0,221497.0,0.0,0.0,8.77,5e-05,1e-05,100.0,0.01,-0.03372148405591169,0.0,0.22341315398896158,-0.028248132194098177,0.0,0.22456805907043653,0.0,0.0,0.0,0.6767059702103884,0.0,-0.8199742095839541,0.23683787598565104,0.0,0.9853986981798357,0.4770427529101342,0.0,-0.33229372170567173,0.5372377597540943,-2.2628372221927973,-1.8791159831058974,-0.14485535486377987,0.07149740699524902,-0.004267133855736016,-0.08339,0.03766,-0.0,-0.005033481308335543,0.0,-0.001213635341942944,-0.00043987055347796764,0.0,5.8730260467994505e-05
556,5.5601338997948915,step,5.75970798222257,2.3452377852290867,4.653099924325943,10.015100007876754,124371.0,221497.0,0.0,0.0,8.77,5e-05,1e-05,100.0,0.01,-0.033635004050882614,0.0,0.22324029864397302,-0.028030426610040547,0.0,0.22456805907043653,0.00135402002568796,0.0,-0.00270122167080829,0.6860919973674594,0.0,-0.7463235366676829,0.22636906157207565,0.0,0.9826299775268145,0.48008318603385447,0.0,-0.30383361593442143,0.5372377597540943,-2.2628372221927973,-1.8806499638937828,-0.14300707113329808,0.07512910341288559,-0.001166587140471062,-0.07801000000000001,0.04573,-0.0,-0.005156470344658284,0.0,-0.0013637481166380828,-0.00044810709618378283,0.0,3.598769017456823e-05
557,5.570126099977642,step,6.19155682355746,2.7339710738826,4.556500120088458,9.992200182750821,124371.0,221497.0,0.0,0.0,8.77,5e-05,1e-05,100.0,0.01,-0.03379911482215005,0.0,0.2229975135890061,-0.027810061241650086,0.0,0.22456805907043653,0.0013623008844993799,0.0,-0.0026970548838299415,0.7434015234746807,0.0,-0.7083311835844287,0.21511792907403043,0.0,0.9794502650828031,0.5147289798265494,0.0,-0.2897476878983292,0.5357037789662087,-2.2628372221927973,-1.8821839446816686,-0.13578562906445338,0.07919347142024533,-0.0016083324326982076,-0.08070000000000001,0.048420000000000005,0.01076,-0.005541805287422641,0.0,-0.0015661843141361643,-0.000447248293077321,0.0,-4.361167294265498e-06
558,5.580380499828607,step,6.153224991192696,2.644874365409619,3.74819990247488,10.254399850964546,124371.0,221497.0,0.0,0.0,8.77,5e-05,1e-05,100.0,0.01,-0.0335482589909271,0.0,0.2230675761609713,-0.0275807864245351,0.0,0.22456805907043653,0.002716324105906886,0.0,-0.005398282905808429,0.7366446191911635,0.0,-0.669274537268955,0.20399072211400043,0.0,0.9765469939003981,0.5087480915506717,0.0,-0.27486957156637304,0.5372377597540943,-2.2628372221927973,-1.8821839446816686,-0.13676332783770312,0.08061782678397886,0.0005058786631794987,-0.07801000000000001,0.04573,-0.0,-0.005480765103092005,0.0,-0.001430021697133481,-0.0004867074632999959,0.0,-7.046121233174178e-05
559,5.5902036998886615,step,6.328096136107652,2.8041504167859457,4.138000076636672,9.82320006005466,124371.0,221497.0,0.0,0.0,8.77,5e-05,1e-05,100.0,0.01,-0.03346124908016472,0.0,0.2228949869463892,-0.02735832925637903,0.0,0.22456805907043653,0.0027246017689987597,0.0,-0.005394109766994282,0.7666444837097062,0.0,-0.6413544560621856,0.19258970027751302,0.0,0.9733494601722066,0.5263206634022527,0.0,-0.26430682722562576,0.5372377597540943,-2.2628372221927973,-1.883717925469554,-0.13359671993734754,0.0828346960650545,0.0006950030383638117,-0.07532,0.040350000000000004,-0.0,-0.005615634080112888,0.0,-0.0015749622826680962,-0.00048728574367280265,0.0,-9.81098413792294e-05
560,5.600198599975556,step,6.6625764765856275,3.1295546926197466,4.030399955809116,9.994900086894631,124371.0,221497.0,0.0,0.0,8.77,5e-05,1e-05,100.0,0.01,-0.03361119836538458,0.0,0.22302698592416273,-0.027129299040018137,0.0,0.22456805907043653,0.00408690265349814,0.0,-0.008091164651489825,0.8035055026650539,0.0,-0.6113550774539787,0.18041025207520336,0.0,0.9704966061382204,0.5481988364082108,0.0,-0.2536075423604509,0.5357037789662087,-2.2613032414049115,-1.883717925469554,-0.128519380679615,0.08543952779132893,0.0008957217932472339,-0.07532,0.04573,-0.0,-0.005999052136114918,0.0,-0.001405188461934019,-0.0004828471892515231,0.0,-0.0001358846843397836
561,5.61010119994171,step,7.031434067426884,3.481284442290219,3.8739999290555716,9.902599966153502,124371.0,221497.0,0.0,0.0,8.77,5e-05,1e-05,100.0,0.01,-0.03371184026532349,0.0,0.22282505804896266,-0.026899864598623528,0.0,0.22456805907043653,0.004099309531025241,0.0,-0.008084885903735645,0.8555347846916398,0.0,-0.5792574557654908,0.16763312638391406,0.0,0.967208859005942,0.5802272605167352,0.0,-0.2417874215113702,0.5357037789662087,-2.2628372221927973,-1.883717925469554,-0.12275916101983632,0.08939448169135603,0.00018238638112097472,-0.07263,0.0538,-0.00269,-0.00629344136932493,0.0,-0.0016193973757546104,-0.0005185342973750336,0.0,-0.00012360364571926182
562,5.620080299908295,step,6.808447540921879,3.1819676435947657,3.81499994546175,9.979099966585636,124371.0,221497.0,0.0,0.0,8.77,5e-05,1e-05,100.0,0.01,-0.03327328763451384,0.0,0.22292417098674877,-0.026666276972664223,0.0,0.22456805907043653,0.004086902652998939,0.0,-0.008091164650491423,0.8493430523658826,0.0,-0.5902670857086413,0.15539958947118182,0.0,0.96413657047717,0.5753397648136048,0.0,-0.24624750719739436,0.5372377597540943,-2.2613032414049115,-1.8852519062574398,-0.1245796516866266,0.08787706416250783,0.00018477519763084038,-0.06994,0.04573,-0.0,-0.006025693818795204,0.0,-0.001513272092072525,-0.0005813168430544163,0.0,-0.00013061599161523626
563,5.630028099985793,step,7.183875664227628,3.6019204330800703,3.827200038358569,9.94780007749796,124371.0,221497.0,0.0,0.0,8.77,5e-05,1e-05,100.0,0.01,-0.03337397452333814,0.0,0.22272253140634574,-0.026431201503848194,0.0,0.22456805907043653,0.0027328730206834942,0.0,-0.005389923935823763,0.9218834372495657,0.0,-0.6039441593472556,0.1424554689962083,0.0,0.9605945700812887,0.621590568315616,0.0,-0.25246125581468365,0.5372377597540943,-2.2628372221927973,-1.8852519062574398,-0.11751283115218997,0.09041127226079584,-0.0034343609858659002,-0.06725,0.04573,-0.0,-0.006375695540250749,0.0,-0.001744631176081026,-0.0005670774792391944,0.0,-0.0001008964880097698
564,5.640461899805814,step,7.278912264125947,3.686361773110876,3.5317998845130205,10.433799820020795,124371.0,221497.0,0.0,0.0,8.77,5e-05,1e-05,100.0,0.01,-0.03327328763451384,0.0,0.22292417098674877,-0.02618243467332839,0.0,0.22456805907043653,0.002724601768665959,0.0,-0.005394109766994282,0.9543636925675025,0.0,-0.6296398222861885,0.12924641273399387,0.0,0.9574578645902082,0.6418267323483469,0.0,-0.26358418291705316,0.5372377597540943,-2.2613032414049115,-1.8852519062574398,-0.11463739488920488,0.09002115067341271,-0.0056121652285301485,-0.06187,0.048420000000000005,-0.0,-0.006506191074547478,0.0,-0.0015450010102485755,-0.0005846618866379742,0.0,-9.88870734391857e-05
565,5.650272599887103,step,7.5088152578016345,3.9464418335338793,3.6844999995082617,9.810700081288815,124371.0,221497.0,0.0,0.0,8.77,5e-05,1e-05,100.0,0.01,-0.03327328763451384,0.0,0.22292417098674877,-0.02594662819489854,0.0,0.22456805907043653,0.0013623008843329796,0.0,-0.002697054883497141,1.0164535756932,0.0,-0.6724926242889289,0.11557699429196737,0.0,0.9542222670944556,0.6817615439275619,0.0,-0.28140204940919983,0.5372377597540943,-2.2613032414049115,-1.8852519062574398,-0.10910041532209444,0.09033130177125884,-0.00994800430425908,-0.06456,0.04304,-0.0,-0.006732944920251092,0.0,-0.001593710794310496,-0.00059371451936421,0.0,-5.0177289377265196e-05
566,5.660125499824062,step,8.101924931444701,4.656882583423957,3.76180000603199,9.852899936959147,124371.0,221497.0,0.0,0.0,8.77,5e-05,1e-05,100.0,0.01,-0.03353649803556191,0.0,0.22248054961539437,-0.025708120689657155,0.0,0.22456805907043653,0.001374698106310881,0.0,-0.0026907571165108502,1.0876746884436215,0.0,-0.6048812512819827,0.10091925897727234,0.0,0.9499802245865056,0.7252997047627814,0.0,-0.2549018187031235,0.5357037789662087,-2.2628372221927973,-1.8867858870453256,-0.09992459070928733,0.09680892749369421,-0.009845734591295632,-0.06187,0.056490000000000005,-0.00269,-0.007219745664253976,0.0,-0.002089440650060659,-0.0006086316816507811,0.0,1.931195018501069e-06
567,5.6701268998440355,step,8.29755829211988,4.81317565397255,3.7650999147444963,10.001400019973516,124371.0,221497.0,0.0,0.0,8.77,5e-05,1e-05,100.0,0.01,-0.033448430775224164,0.0,0.22230849753253124,-0.025464455871233894,0.0,0.22456805907043653,0.002757648114936006,0.0,-0.005377290382689406,1.1011659446611635,0.0,-0.5298166383302602,0.08608707460147531,0.0,0.9454343375042737,0.7315186067962408,0.0,-0.22534626978656766,0.5357037789662087,-2.2628372221927973,-1.888319867833211,-0.09747031361327138,0.10078523630299352,-0.006886844433577129,-0.05918,0.048420000000000005,-0.00269,-0.007305671479240105,0.0,-0.002239100914811952,-0.0006783034247501646,0.0,-2.0460623093345072e-05
568,5.68050459981896,step,8.025054945387017,4.407349438334038,3.482299856841564,10.377699974924326,124371.0,221497.0,0.0,0.0,8.77,5e-05,1e-05,100.0,0.01,-0.03283427250637942,0.0,0.22206323814327075,-0.025210141146066106,0.0,0.22456805907043653,0.004148840290453987,0.0,-0.00805958081790845,1.0576996517479391,0.0,-0.4438812204277471,0.0721033252772241,0.0,0.940452146543092,0.700736145669703,0.0,-0.19004468005466005,0.5372377597540943,-2.2613032414049115,-1.892921810196868,-0.10201770057937132,0.10204169651573167,-0.0009211737009217277,-0.0538,0.06187,-0.00269,-0.006887770271919623,0.0,-0.0024540047161702356,-0.0007363610883936939,0.0,-5.081621099554392e-05
569,5.690116299781948,step,8.220233257795563,4.681464160441599,3.8957998622208834,9.611699962988496,124371.0,221497.0,0.0,0.0,8.77,5e-05,1e-05,100.0,0.01,-0.032745677812151736,0.0,0.22189145705666438,-0.024973417106768835,0.0,0.22456805907043653,0.0055482648621665515,0.0,-0.010737609461508806,1.0688588573682223,0.0,-0.36826200057736524,0.05772916149039556,0.0,0.9352122397240462,0.705802648413862,0.0,-0.16002423377005087,0.5372377597540943,-2.2613032414049115,-1.8944557909847537,-0.0998421607645083,0.10593514606362452,0.002160831285283972,-0.0538,0.05111,-0.01076,-0.007080070996633552,0.0,-0.0025809440357555022,-0.0006921897087493493,0.0,-9.5657978016648e-05
570,5.700118999928236,step,8.659616587834922,5.277911583475683,3.843200160190463,10.00270014628768,124371.0,221497.0,0.0,0.0,8.77,5e-05,1e-05,100.0,0.01,-0.032816224870041696,0.0,0.22147974697721276,-0.02472602784752404,0.0,0.22456805907043653,0.006997024746395147,0.0,-0.013389953821074555,1.0982110406314565,0.0,-0.25794800003450596,0.04263347958093394,0.0,0.92921090929784,0.722478080711446,0.0,-0.11534402363714139,0.5357037789662087,-2.2613032414049115,-1.8975237525605249,-0.09466207406924686,0.11209234194801902,0.006087853037095213,-0.056490000000000005,0.056490000000000005,-0.00269,-0.007435458594101393,0.0,-0.0029559872923401185,-0.0006547384284162619,0.0,-0.0001323248008836533
571,5.710108699975535,step,8.869181652083242,5.522982924923198,4.301300039514899,9.989700047299266,124371.0,221497.0,0.0,0.0,8.77,5e-05,1e-05,100.0,0.01,-0.03272657781465177,0.0,0.22130851273116112,-0.024478078506306872,0.0,0.22456805907043653,0.009824579012412073,0.0,-0.018730886678039935,1.0899534959130084,0.0,-0.13598237811446828,0.027221966401840568,0.0,0.9229952510222307,0.7147192409455421,0.0,-0.06674557912504736,0.5357037789662087,-2.2613032414049115,-1.8990577333484107,-0.09322225513960639,0.11775062212860646,0.01198467664917622,-0.05111,0.056490000000000005,-0.00269,-0.007591022969554535,0.0,-0.003061555617073295,-0.0006574763387903627,0.0,-0.00019799072220212047
572,5.720118199940771,step,8.80950838490389,5.409553270526242,4.081600112840533,10.009499965235591,124371.0,221497.0,0.0,0.0,8.77,5e-05,1e-05,100.0,0.01,-0.03229875746392456,0.0,0.22103460126596763,-0.02422893008487055,0.0,0.22456805907043653,0.011260914586509203,0.0,-0.021389478777645046,1.0652616465638582,0.0,-0.044615062436764136,0.01219945522571964,0.0,0.9163018347412458,0.6972604891632431,0.0,-0.02928965389825548,0.5372377597540943,-2.2613032414049115,-1.9021256949241818,-0.09542461221613319,0.12072928182899532,0.017208493997059163,-0.05111,0.06994,0.00269,-0.00739941795937502,0.0,-0.003296877869381694,-0.0006704094196789924,0.0,-0.00023657993508720407
573,5.730073499958962,step,9.27709877163581,6.086604168619546,4.053500015288591,9.955300018191338,124371.0,221497.0,0.0,0.0,8.77,5e-05,1e-05,100.0,0.01,-0.032456062108564,0.0,0.22079563791274037,-0.023980603405481728,0.0,0.22456805907043653,0.011326483587060688,0.0,-0.021354830115732207,1.1246776014430666,0.0,-0.003772010247904676,-0.0037286765355762797,0.0,0.9091867221596871,0.7348797016413996,0.0,-0.012473977353765106,0.5357037789662087,-2.2613032414049115,-1.9036596757120676,-0.0880239113659847,0.1249766706101722,0.016723846101084128,-0.048420000000000005,0.06994,0.00269,-0.00784548620615238,0.0,-0.003504586630145911,-0.0006299724969298908,0.0,-0.0002678345275502489
574,5.740098799811676,step,9.322444558333846,6.111827854193556,3.9902999997138977,10.025299852713943,124371.0,221497.0,0.0,0.0,8.77,5e-05,1e-05,100.0,0.01,-0.03226810066291322,0.0,0.22082482195309996,-0.023730176534262147,0.0,0.22456805907043653,0.012742294035443275,0.0,-0.02402418388019873,1.1268665256261174,0.0,0.04461857003235772,-0.01973857922332866,0.0,0.9021671489062807,0.734635131917002,0.0,0.006897698651749868,0.5357037789662087,-2.259769260617026,-1.905193656499953,-0.08653415882957154,0.12720673319578138,0.019063872531101443,-0.05111,0.06994,0.024210000000000002,-0.00788576291188274,0.0,-0.0034575282247844767,-0.0006521612167683308,0.0,-0.0002857088925520908
575,5.750116099836305,step,9.5376912375565,6.429444899861978,3.916800022125244,10.01730002462864,124371.0,221497.0,0.0,0.0,8.77,5e-05,1e-05,100.0,0.01,-0.03217740462152202,0.0,0.2206541409944756,-0.0234797727922464,0.0,0.22456805907043653,0.012779131664905782,0.0,-0.024004609189598874,1.1600644740469126,0.0,0.0761154638719252,-0.036044564886796276,0.0,0.89471147478803,0.7554035129139144,0.0,0.02005241469875702,0.5357037789662087,-2.259769260617026,-1.9067276372878388,-0.08308290159351377,0.129706126056194,0.019263371393399037,-0.05111,0.07532,0.01076,-0.008031600159895643,0.0,-0.003672332030466035,-0.0006660316693799778,0.0,-0.00024158604549488543
576,5.760271099861711,step,9.51618105731163,6.399459373733805,3.827099921181798,10.15500002540648,124371.0,221497.0,0.0,0.0,8.77,5e-05,1e-05,100.0,0.01,-0.03193014538544853,0.0,0.22072171865221618,-0.023225929895084034,0.0,0.22456805907043653,0.011326483585729486,0.0,-0.0213548301130698,1.198528158362885,0.0,0.02856939306714813,-0.052315326857780564,0.0,0.8872794310858672,0.7796553683357145,0.0,0.0005979403956303771,0.5372377597540943,-2.259769260617026,-1.9067276372878388,-0.08036075876122836,0.12910086061519185,0.015597528916471044,-0.04573,0.07532,0.00807,-0.008014250542410091,0.0,-0.0036606927430622126,-0.000689964947954402,0.0,-0.00018564767515813832
577,5.770140499807894,step,9.89990074574662,7.042222281561852,3.8973998744040728,9.869399946182966,124371.0,221497.0,0.0,0.0,8.77,5e-05,1e-05,100.0,0.01,-0.031936497580410464,0.0,0.2203516003848226,-0.02297940480830269,0.0,0.22456805907043653,0.009967952730932381,0.0,-0.018654982896195046,1.262451865185669,0.0,0.04376483475074169,-0.06909617982465012,0.0,0.8788821643993764,0.82132211970787,0.0,0.007891356719746246,0.5372377597540943,-2.2613032414049115,-1.9082616180757246,-0.07441894849279068,0.13221770572188887,0.013602662988535644,-0.04573,0.06994,-0.0,-0.008265498581557496,0.0,-0.00413611846925666,-0.0006915941905502772,0.0,-8.034021635727317e-05
578,5.780158699955791,step,9.956267900820642,7.123756916903433,3.9192999247461557,10.018200147897005,124371.0,221497.0,0.0,0.0,8.77,5e-05,1e-05,100.0,0.01,-0.031839449344057316,0.0,0.22055103769359183,-0.022729520158224742,0.0,0.22456805907043653,0.008519421110935592,0.0,-0.016003072791069113,1.3169275628882162,0.0,-0.02204186308580279,-0.08613586311850342,0.0,0.8707681617427792,0.8555551729980159,0.0,-0.019103933071775367,0.5372377597540943,-2.259769260617026,-1.9082616180757246,-0.06936406739317441,0.13114767843673064,0.008671677781336116,-0.04304,0.06994,0.00269,-0.008392986838856687,0.0,-0.003996595261358798,-0.0007169423469758872,0.0,-2.0426115485906032e-05
579,5.790200599934906,step,10.354310497621864,7.797815894632832,3.7940999027341604,10.041899979114532,124371.0,221497.0,0.0,0.0,8.77,5e-05,1e-05,100.0,0.01,-0.031936497580410464,0.0,0.2203516003848226,-0.022479583599958216,0.0,0.22456805907043653,0.007119966236380271,0.0,-0.013324987782996461,1.3920685604307805,0.0,-0.03060516135306443,-0.10383103251268828,0.0,0.8620062113397801,0.9041551430908821,0.0,-0.022279942671232664,0.5372377597540943,-2.2613032414049115,-1.9082616180757246,-0.06220380384318605,0.13391696393912284,0.005118273725125834,-0.03497,0.06994,-0.0,-0.008715850011748762,0.0,-0.004315745377832805,-0.0007410639687034856,0.0,9.928669221887215e-05
580,5.800087499897927,step,10.66533925164956,8.26713892530952,3.830400062724948,9.886899963021278,124371.0,221497.0,0.0,0.0,8.77,5e-05,1e-05,100.0,0.01,-0.032086446865630364,0.0,0.22048359936259612,-0.02223420599119956,0.0,0.22456805907043653,0.0056959729891042175,0.0,-0.01065999022639717,1.4733165364888152,0.0,-0.08646969059459121,-0.12221687880679835,0.0,0.8533276398941455,0.9557714552111544,0.0,-0.045067538569650324,0.5357037789662087,-2.259769260617026,-1.9082616180757246,-0.05385006996105571,0.1342096986908658,-0.0004120545043238902,-0.03766,0.08070000000000001,-0.0,-0.009056046600570637,0.0,-0.004274676627924688,-0.0007961942738601673,0.0,0.00019021692008427786
581,5.8101192999165505,step,10.875941792042923,8.582645436349091,3.814100055024028,10.031800018623471,124371.0,221497.0,0.0,0.0,8.77,5e-05,1e-05,100.0,0.01,-0.031995227609270704,0.0,0.22031319745876246,-0.021986118631474122,0.0,0.22456805907043653,0.004284238875774394,0.0,-0.007988430131165574,1.5285094643741666,0.0,-0.09857688517558805,-0.14074176417777418,0.0,0.8440561301016887,0.9913239353728317,0.0,-0.048886173141875475,0.5357037789662087,-2.259769260617026,-1.90979559886361,-0.048627763011292874,0.13563200216769586,-0.0031362575771458553,-0.02959,0.07532,-0.0,-0.009124531039059561,0.0,-0.004566731571400847,-0.0008845779387370214,0.0,0.0003118699597267757
582,5.820028599817306,step,11.014471123012978,8.786285342452713,3.8464998360723257,9.909299900755286,124371.0,221497.0,0.0,0.0,8.77,5e-05,1e-05,100.0,0.01,-0.03184527832405079,0.0,0.22018119848098894,-0.021742109104026894,0.0,0.22456805907043653,0.0028561592505162623,0.0,-0.005325620088109317,1.5769205026427071,0.0,-0.11552033309053278,-0.15931259494396216,0.0,0.8343381821805627,1.022646119119277,0.0,-0.05561228279987296,0.5372377597540943,-2.2613032414049115,-1.90979559886361,-0.044766497145188294,0.13710615145849292,-0.0060210533404285865,-0.03228,0.06725,-0.00538,-0.009147161688400273,0.0,-0.0047866270514853905,-0.0009560075316236236,0.0,0.00039976646203779623
583,5.8300863998010755,step,11.240937381033154,9.144892905809524,3.785999957472086,10.057799983769655,124371.0,221497.0,0.0,0.0,8.77,5e-05,1e-05,100.0,0.01,-0.03184527832405079,0.0,0.22018119848098894,-0.021495682806685873,0.0,0.22456805907043653,0.0028561592505162623,0.0,-0.005325620088109317,1.620684693667798,0.0,-0.10580207503284862,-0.1782945016274103,0.0,0.8244927840691254,1.0500348048577641,0.0,-0.052059020590780235,0.5372377597540943,-2.2613032414049115,-1.90979559886361,-0.04020985652643658,0.13929333305588018,-0.007257523026896917,-0.024210000000000002,0.06994,-0.0,-0.009349639322756868,0.0,-0.004849403322120226,-0.00099995619460805,0.0,0.0004625427326726316
584,5.840466799912974,step,11.289468780823787,9.197406083455213,3.451900091022253,10.38040011189878,124371.0,221497.0,0.0,0.0,8.77,5e-05,1e-05,100.0,0.01,-0.03165727233180601,0.0,0.22021009415787868,-0.02124284737532812,0.0,0.22456805907043653,0.0014280796252581311,0.0,-0.002662810043721858,1.6657137383811111,0.0,-0.14555998101718573,-0.19731056850420645,0.0,0.8145801908296907,1.0784249412081912,0.0,-0.0674695257110424,0.5372377597540943,-2.259769260617026,-1.9113295796514957,-0.03656846565702068,0.13853135702737715,-0.010537465755182378,-0.024210000000000002,0.08070000000000001,-0.00269,-0.009366465108096007,0.0,-0.004882500640613873,-0.001047959848381885,0.0,0.0005245357280560187
585,5.850530299823731,step,11.495840025389235,9.600133673119744,4.397999960929155,10.063499910756946,124371.0,221497.0,0.0,0.0,8.77,5e-05,1e-05,100.0,0.01,-0.031565791789625985,0.0,0.22003983238306293,-0.02099935904450814,0.0,0.22456805907043653,0.0014321626429506732,0.0,-0.002660616265204028,1.698931034021326,0.0,-0.11093737669465045,-0.21659941640650154,0.0,0.8041904348037505,1.099474009474503,0.0,-0.052519120458023684,0.5372377597540943,-2.259769260617026,-1.9128635604393815,-0.03269577792505113,0.1414330811496179,-0.010274254246483087,-0.02152,0.08339,-0.00269,-0.009500824856314124,0.0,-0.005117529714698342,-0.001065607888803723,0.0,0.0005893030273247434
586,5.8601179998368025,step,11.676330342751687,9.98600247972981,3.8321998436003923,9.587700013071299,124371.0,221497.0,0.0,0.0,8.77,5e-05,1e-05,100.0,0.01,-0.03138204770946955,0.0,0.21969973082272418,-0.020769033512475856,0.0,0.22456805907043653,0.0028806371167261215,0.0,-0.00531241986176486,1.6992351055571375,0.0,-0.005893119210812196,-0.23596285662263514,0.0,0.793038874060831,1.0996304029241195,0.0,-0.007945751151757574,0.5372377597540943,-2.259769260617026,-1.9159315220151527,-0.031016492412273194,0.14637944869862907,-0.0055504885325753026,-0.01614,0.08339,-0.00269,-0.009537565698129573,0.0,-0.005492760688963753,-0.0010754484988641198,0.0,0.0006244324412513977
587,5.870655799983069,step,11.881505522014352,10.414680389154434,4.24190005287528,10.537800146266818,124371.0,221497.0,0.0,0.0,8.77,5e-05,1e-05,100.0,0.01,-0.031197261077165597,0.0,0.2193601945818615,-0.020517920229608723,0.0,0.22456805907043653,0.00579384366987295,0.0,-0.010607114378275974,1.6795192567537005,0.0,0.14489769912177375,-0.25548481692731806,0.0,0.7812224835230931,1.0868990945273955,0.0,0.05503819636356112,0.5372377597540943,-2.259769260617026,-1.9189994835909239,-0.03056616477308713,0.15278797246218337,0.0020534863750569024,-0.01345,0.08339,-0.00269,-0.009615645612767933,0.0,-0.005820226148379999,-0.0010636952347889417,0.0,0.0006123616598049785
588,5.880446799797937,step,12.074258842266842,10.813148297346068,3.565100021660328,9.790999814867973,124371.0,221497.0,0.0,0.0,8.77,5e-05,1e-05,100.0,0.01,-0.03101143363199628,0.0,0.21902122685631933,-0.020286678204552225,0.0,0.22456805907043653,0.007282948213618101,0.0,-0.013236611497639106,1.6787821597996024,0.0,0.25082830921485594,-0.27514395182762785,0.0,0.7688057275112036,1.0872307334476499,0.0,0.10044243553645521,0.5372377597540943,-2.259769260617026,-1.922067445166695,-0.02880062233111147,0.1578540218168064,0.006818877782422288,-0.01883,0.08608,0.01345,-0.009683211691081732,0.0,-0.006115939363015591,-0.0010415437363623225,0.0,0.0005691071488983929
589,5.890109499916434,step,12.09073380433659,10.852231008494089,3.8346999790519476,9.662700118497014,124371.0,221497.0,0.0,0.0,8.77,5e-05,1e-05,100.0,0.01,-0.030730080054349476,0.0,0.21888056442945805,-0.020060579192726725,0.0,0.22456805907043653,0.010224542081745478,0.0,-0.018515593637080153,1.645333300911282,0.0,0.3737082101192811,-0.29475159120587097,0.0,0.7562298765079231,1.0655182106331285,0.0,0.15185139461781272,0.5372377597540943,-2.2582352798291403,-1.9251354067424666,-0.03003413321096199,0.16207617497837323,0.013979855038150968,-0.01614,0.08877,-0.00269,-0.009657847297191241,0.0,-0.006194302449109769,-0.0010116535644315097,0.0,0.0005068078081312891
590,5.900090599898249,step,12.046335743545702,10.83204130321158,3.7880002055317163,9.981099981814623,124371.0,221497.0,0.0,0.0,8.77,5e-05,1e-05,100.0,0.01,-0.030392239671228588,0.0,0.21877665433440108,-0.019829387971538163,0.0,0.22456805907043653,0.011685190950566261,0.0,-0.021160678442377314,1.6278146706360823,0.0,0.4464936875037077,-0.31424371920199573,0.0,0.7435153568016342,1.0541112370190333,0.0,0.18197764417827622,0.53877174054198,-2.2582352798291403,-1.926669387530352,-0.03130209317473026,0.16492512132950257,0.018050335148870084,-0.01614,0.08877,-0.0,-0.009600951550185786,0.0,-0.006262604457975616,-0.0009619001495046395,0.0,0.00047119972194016157
591,5.910333699779585,step,12.07376160294978,11.017711134837672,8.307300042361021,10.243099881336093,124371.0,221497.0,0.0,0.0,8.77,5e-05,1e-05,100.0,0.01,-0.030110539666241873,0.0,0.21863555816818886,-0.019594782333092017,0.0,0.22456805907043653,0.01318234192126046,0.0,-0.023785569783235896,1.6158664383184773,0.0,0.5244770443607489,-0.333787287985577,0.0,0.7305178772012989,1.0468125882863413,0.0,0.21578301221414228,0.53877174054198,-2.2567012990412545,-1.9297373491061236,-0.03168050741046863,0.16747347175684577,0.02238671344541207,-0.01883,0.09146,0.00269,-0.009626288984267487,0.0,-0.006401977862152852,-0.0008894683488823683,0.0,0.00046947695990517957
592,5.92063089995645,step,12.278235257321,11.56946178598422,5.747399991378188,10.297200176864862,124371.0,221497.0,0.0,0.0,8.77,5e-05,1e-05,100.0,0.01,-0.030016717312105687,0.0,0.21846657554356347,-0.019361814224539985,0.0,0.22456805907043653,0.016160306428128428,0.0,-0.023329378577609444,1.6022502729278354,0.0,0.5542624563356061,-0.35376993190386685,0.0,0.7171325482418778,1.0382101825741579,0.0,0.22946825056580042,0.53877174054198,-2.2567012990412545,-1.931271329894009,-0.032408421018770894,0.16817520329876667,0.024408463787633956,-0.02152,0.09684000000000001,0.00538,-0.0098425577824309,0.0,-0.006593015131464285,-0.0008123453051348019,0.0,0.0004915316045912207
593,5.9304867999162525,step,12.471802222433219,12.07505548615798,3.9211001712828875,9.855899959802628,124371.0,221497.0,0.0,0.0,8.77,5e-05,1e-05,100.0,0.01,-0.029922635852358007,0.0,0.2182977370393865,-0.01914168448884565,0.0,0.22456805907043653,0.01619674640940716,0.0,-0.02330907321789224,1.6312700680425476,0.0,0.5918457441451137,-0.3740986094045532,0.0,0.7033304597985006,1.0578442913622859,0.0,0.24653230817850486,0.53877174054198,-2.2567012990412545,-1.9328053106818948,-0.028703942736052118,0.1712151208971585,0.02491306666112139,-0.02152,0.09684000000000001,0.00807,-0.010012998468031008,0.0,-0.006798292236890349,-0.0007679528954813476,0.0,0.0005279702058403309
594,5.940082599874586,step,12.232486943783515,11.652575840192592,4.305499838665128,9.595799958333373,124371.0,221497.0,0.0,0.0,8.77,5e-05,1e-05,100.0,0.01,-0.0295845942130325,0.0,0.21855829417676126,-0.018930183729454236,0.0,0.22456805907043653,0.016138566668070533,0.0,-0.01764605692584798,1.6341074792426227,0.0,0.4712165718282592,-0.3942052484291636,0.0,0.6899756157649648,1.0569221391692372,0.0,0.1965194020979549,0.5403057213298655,-2.255167318253369,-1.9328053106818948,-0.031002574607853495,0.1650056619409574,0.01996477282857851,-0.01345,0.09953000000000001,0.01883,-0.00990363223303684,0.0,-0.006577999618723812,-0.0007507782505414232,0.0,0.0005682347250485385
595,5.9501041998155415,step,12.667097323357504,12.722335434295875,4.559200024232268,10.021599940955639,124371.0,221497.0,0.0,0.0,8.77,5e-05,1e-05,100.0,0.01,-0.029734456098732653,0.0,0.21832547858924156,-0.018712408034275013,0.0,0.22456805907043653,0.014721152701968717,0.0,-0.014967151866686918,1.7109749081418975,0.0,0.4727296570445755,-0.4151443984272491,0.0,0.6759161431898788,1.1080053627865238,0.0,0.20000661863733457,0.53877174054198,-2.255167318253369,-1.9343392914697801,-0.02314518660159695,0.1675524066306755,0.016807328630401797,-0.01345,0.08608,0.01076,-0.010313689950853463,0.0,-0.006925068162997185,-0.0007083581136041774,0.0,0.0006824876818022144
596,5.9601263999938965,step,12.610286390891222,12.649823965986716,3.9015000220388174,10.022200178354979,124371.0,221497.0,0.0,0.0,8.77,5e-05,1e-05,100.0,0.01,-0.0294907718588963,0.0,0.21838931155213587,-0.018497937740008227,0.0,0.22456805907043653,0.013229419064130615,0.0,-0.012349125065864964,1.7458266426712792,0.0,0.4328725345240866,-0.43597325043934293,0.0,0.6618218137565962,1.1296772507634354,0.0,0.18348885874867152,0.5403057213298655,-2.255167318253369,-1.9343392914697801,-0.020732659823249705,0.16730778622424153,0.013764927479629332,-0.01345,0.09684000000000001,0.00538,-0.010259362089899332,0.0,-0.006942237094315794,-0.0007334720289887409,0.0,0.0007634895760151297
597,5.97013819986023,step,13.038819475315949,13.614490498081718,3.8226000033318996,10.011799866333604,124371.0,221497.0,0.0,0.0,8.77,5e-05,1e-05,100.0,0.01,-0.029734456098732653,0.0,0.21832547858924156,-0.018287141905190048,0.0,0.22456805907043653,0.010302735040451863,0.0,-0.007052146871692539,1.8549952662001703,0.0,0.3659257086842239,-0.45771404137510946,0.0,0.6473974408271376,1.2004501083857808,0.0,0.15787131778442512,0.53877174054198,-2.255167318253369,-1.9343392914697801,-0.010096839697383814,0.16829755900586651,0.006209303211664449,-0.01076,0.09415,-0.0,-0.010708542467988637,0.0,-0.007104801777708059,-0.0007387717255539685,0.0,0.0008622212965130891
598,5.980347299948335,step,12.979853063871033,13.453251024631887,3.9405999705195427,10.209100088104606,124371.0,221497.0,0.0,0.0,8.77,5e-05,1e-05,100.0,0.01,-0.0294907718588963,0.0,0.21838931155213587,-0.018075884007288837,0.0,0.22456805907043653,0.007349088032247076,0.0,-0.007494858107619567,1.911501080445753,0.0,0.3786180308312277,-0.47924011621552814,0.0,0.6329305595733197,1.236755905683079,0.0,0.16255680552980192,0.5403057213298655,-2.255167318253369,-1.9343392914697801,-0.005073861460639734,0.1714583586098215,0.004586733869262484,-0.00807,0.09415,-0.0,-0.01060278291065419,0.0,-0.007125739479472186,-0.0008121049409532729,0.0,0.0009469919611715212
599,5.990065099904314,step,12.975077993855082,13.477164256550253,3.8987998850643635,9.71779995597899,124371.0,221497.0,0.0,0.0,8.77,5e-05,1e-05,100.0,0.01,-0.029302507881005163,0.0,0.21841647564408617,-0.017878381205618812,0.0,0.22456805907043653,0.00588098244998495,0.0,-0.004858781684118943,1.950405401264074,0.0,0.34418855415255334,-0.5007037759117907,0.0,0.6183302333685512,1.2615141528148792,0.0,0.14984263437614398,0.5403057213298655,-2.2536333374654833,-1.935873272257666,-0.002090339063193586,0.17068344003356828,0.001809178252282509,-0.00269,0.09146,-0.0,-0.010572039998692172,0.0,-0.00719146850141516,-0.0008520866766941783,0.0,0.0010398850750647998
600,6.000050899805501,step,13.150788825259864,13.902602610088515,3.8713000249117613,9.98579990118742,124371.0,221497.0,0.0,0.0,8.77,5e-05,1e-05,100.0,0.01,-0.029302507881005163,0.0,0.21841647564408617,-0.01767920077522708,0.0,0.22456805907043653,0.004412225449455013,0.0,-0.0022181905347447716,2.009865491427038,0.0,0.3137629856663062,-0.5225380023405436,0.0,0.603551982904533,1.299707394182513,0.0,0.1379284723909766,0.5403057213298655,-2.2536333374654833,-1.935873272257666,0.003393562646879955,0.17156735566018627,-0.001940436382178036,0.00269,0.09415,-0.0,-0.010754564618147904,0.0,-0.007279106043764489,-0.0008687424876301798,0.0,0.001127522617414129
601,6.010058999992907,step,13.25415186290714,14.188874366084221,3.8950000889599323,10.008100187405944,124371.0,221497.0,0.0,0.0,8.77,5e-05,1e-05,100.0,0.01,-0.029153167633129654,0.0,0.21828378800850656,-0.017483528443112063,0.0,0.22456805907043653,0.0029375140010598744,0.0,-0.005281182298748342,2.0527478191330135,0.0,0.4000537385896044,-0.544405187702159,0.0,0.5883444215392295,1.328783792581246,0.0,0.17328822940678218,0.5418397021177512,-2.255167318253369,-1.935873272257666,0.00837293081116175,0.17818480498137712,-8.276069484658422e-05,0.00269,0.08877,-0.0,-0.01077079871622701,0.0,-0.007490565416703207,-0.0008988404737905811,0.0,0.0012062943547732378
602,6.020098499953747,step,13.423678107705378,14.564095613729304,4.765499848872423,10.039499960839748,124371.0,221497.0,0.0,0.0,8.77,5e-05,1e-05,100.0,0.01,-0.029153167633129654,0.0,0.21828378800850656,-0.017291335095132913,0.0,0.22456805907043653,0.00527652306278636,0.0,-0.0016537042827422458,2.054923884664987,0.0,0.3534131513088954,-0.5666331975949461,0.0,0.5730434295156108,1.3292012318287163,0.0,0.15450726863991335,0.5418397021177512,-2.255167318253369,-1.935873272257666,0.007489215749429706,0.1759490199886654,-0.0023110254989272064,0.00269,0.10491,-0.0,-0.010948524762490794,0.0,-0.007536585185506113,-0.0009133077755059463,0.0,0.0012523141235761441
603,6.030103099998087,step,13.344509030632448,14.376466925241408,3.78509983420372,10.004600044339895,124371.0,221497.0,0.0,0.0,8.77,5e-05,1e-05,100.0,0.01,-0.02890954802973203,0.0,0.2183467293354631,-0.01710399943606785,0.0,0.22456805907043653,0.005273980104858403,0.0,-0.0016617964180488279,2.064698481444787,0.0,0.3597011444677205,-0.5886839785678823,0.0,0.5577926457731577,1.3348782051451429,0.0,0.1562910307115054,0.5433736829056368,-2.255167318253369,-1.935873272257666,0.007490035527132094,0.1765259154008274,-0.00220665665619435,0.00269,0.09146,-0.00269,-0.010861229713277097,0.0,-0.007511854828978394,-0.0009443188803870822,0.0,0.001290525094004953
604,6.040101099992171,step,13.016911124591925,13.72610410866039,4.026999929919839,9.997999994084239,124371.0,221497.0,0.0,0.0,8.77,5e-05,1e-05,100.0,0.01,-0.028422020604069093,0.0,0.21847149049705433,-0.01692107164950132,0.0,0.22456805907043653,0.009081124287246363,0.0,-0.0007086155833918837,1.9902030651679465,0.0,0.3405634242742361,-0.6101054387303713,0.0,0.5427119876326073,1.2847921372652653,0.0,0.14661416935820337,0.5464416444814081,-2.255167318253369,-1.935873272257666,-0.002949389147262199,0.17223099438506012,0.0002553381599058602,0.00269,0.09415,-0.0,-0.010551254393404904,0.0,-0.007428058556883727,-0.0009496945611628688,0.0,0.0013314899835015276
605,6.050094099948183,step,12.265145335049397,12.320476637521704,3.7682000547647476,9.992999956011772,124371.0,221497.0,0.0,0.0,8.77,5e-05,1e-05,100.0,0.01,-0.02759373582651571,0.0,0.21885080631015957,-0.016742615563382073,0.0,0.22456805907043653,0.012904409442532449,0.0,0.000192261289678276,1.876637010309064,0.0,0.28514420819972225,-0.6303124327760717,0.0,0.528300144463755,1.2076860897293746,0.0,0.12052614260819407,0.551043586845065,-2.2536333374654833,-1.935873272257666,-0.01950218261331149,0.16380086923245218,0.0032256837208787595,0.01076,0.09415,-0.0,-0.00995306263368722,0.0,-0.007098630177356124,-0.0008980576294464193,0.0,0.001381377417079165
606,6.060351299820468,step,12.111711494622954,12.42867746430493,3.563700011000037,10.257199872285128,124371.0,221497.0,0.0,0.0,8.77,5e-05,1e-05,100.0,0.01,-0.027201547541595497,0.0,0.21877684455348445,-0.01656409532089785,0.0,0.22456805907043653,0.020534192111338695,0.0,0.0020420108190147587,1.7530965363747923,0.0,0.27876209069720714,-0.6503957509977979,0.0,0.5135321316512527,1.1264992167994639,0.0,0.11718661586414403,0.5541115484208363,-2.255167318253369,-1.935873272257666,-0.034509958947603864,0.15847475297534658,0.007431137218733973,-0.01614,0.09415,0.00269,-0.009892145447319482,0.0,-0.007274063433955486,-0.0007453067733781647,0.0,0.0014828489170034048
607,6.0705236999783665,step,12.019755425655395,12.548844097546754,3.4759000409394503,10.172400157898664,124371.0,221497.0,0.0,0.0,8.77,5e-05,1e-05,100.0,0.01,-0.02695717389540242,0.0,0.21883679155378455,-0.016391801533524108,0.0,0.22456805907043653,0.026747192800405856,0.0,0.006539575895251782,1.6660039318657858,0.0,0.20812914279279493,-0.6706326160258517,0.0,0.4987703059266543,1.0682457812036552,0.0,0.0878495290217598,0.555645529208722,-2.255167318253369,-1.935873272257666,-0.046467910716544714,0.15097941284836788,0.007677505162797443,-0.03228,0.08070000000000001,0.00538,-0.009967775745284534,0.0,-0.0072710159508298415,-0.0005975966165937784,0.0,0.0015397484341778582
608,6.080044399946928,step,11.671306074336258,12.08718965400234,4.2143999598920345,9.52069996856153,124371.0,221497.0,0.0,0.0,8.77,5e-05,1e-05,100.0,0.01,-0.026468152168286976,0.0,0.21895556060962043,-0.016234909939737155,0.0,0.22456805907043653,0.030591005779422455,0.0,0.007379983869259866,1.5859133732585344,0.0,0.19129406702510818,-0.6904131748614092,0.0,0.48417273849704034,1.0147813095505491,0.0,0.07965473256616004,0.5587134907844933,-2.255167318253369,-1.935873272257666,-0.057478341372813546,0.14656968335485293,0.010507122695747287,-0.01345,0.08608,0.00538,-0.009743019697763672,0.0,-0.007190109652033637,-0.0004902225307861496,0.0,0.0015776111912175362
609,6.090413299854845,step,11.577704868783663,12.169306278854728,4.360800143331289,10.368899907916784,124371.0,221497.0,0.0,0.0,8.77,5e-05,1e-05,100.0,0.01,-0.02613254748218828,0.0,0.21884384075380167,-0.016068921163004977,0.0,0.22456805907043653,0.03439076929268304,0.0,0.008230049158641634,1.5232289302525357,0.0,0.20763493007723882,-0.7100796906985465,0.0,0.4692833641388283,0.9738845419594582,0.0,0.08707379297326324,0.5602474715723789,-2.255167318253369,-1.9374072530455517,-0.06447341283719368,0.14456243995866824,0.013421452948369945,-0.03497,0.08877,0.00538,-0.009686847210971237,0.0,-0.007333840710238735,-0.00037677910821206674,0.0,0.001609622393603875
610,6.100435699801892,step,11.713150604732743,12.54335719305076,3.579899901524186,10.022399947047234,124371.0,221497.0,0.0,0.0,8.77,5e-05,1e-05,100.0,0.01,-0.02613254748218828,0.0,0.21884384075380167,-0.01591338793980648,0.0,0.22456805907043653,0.03439076929268304,0.0,0.008230049158641634,1.5528384608884018,0.0,0.22252528742517294,-0.730238551952739,0.0,0.4544244216261446,0.9930290645735759,0.0,0.09314369068634183,0.5602474715723789,-2.255167318253369,-1.9374072530455517,-0.061559119874531915,0.14607657414668823,0.012729466675048276,-0.03766,0.08070000000000001,0.00807,-0.009929354570667896,0.0,-0.007318851342504429,-0.00028980497171390493,0.0,0.0015946330258695685
611,6.110057699959725,step,11.843735246027855,12.808005359076208,3.873300040140748,9.6220001578331,124371.0,221497.0,0.0,0.0,8.77,5e-05,1e-05,100.0,0.01,-0.026041328225828636,0.0,0.21867343884996804,-0.015768669512795944,0.0,0.22456805907043653,0.03435399189234195,0.0,0.008210361542744725,1.5724436406276268,0.0,0.2624894414844504,-0.750517213083339,0.0,0.43928585595061315,1.0067341396620424,0.0,0.11091156254933338,0.5602474715723789,-2.255167318253369,-1.938941233833437,-0.058395059635626245,0.1491197553363511,0.013683954215609619,-0.03228,0.08339,0.00807,-0.009988362638407083,0.0,-0.007456581221941681,-0.00028429607462560937,0.0,0.0015619610014731868
612,6.1205321999732405,step,11.97612028016728,12.904746454663458,4.378400044515729,10.474500013515353,124371.0,221497.0,0.0,0.0,8.77,5e-05,1e-05,100.0,0.01,-0.026041328225828636,0.0,0.21867343884996804,-0.015616314584519671,0.0,0.22456805907043653,0.028147851097079648,0.0,0.0037230267120790623,1.6939666002287375,0.0,0.35414283782687633,-0.7710251483400734,0.0,0.42429712971231237,1.0869276607690828,0.0,0.14830989971817707,0.5602474715723789,-2.255167318253369,-1.938941233833437,-0.04436439796346889,0.15856003044365313,0.013349976795719587,-0.02959,0.08339,-0.0,-0.010101292831418578,0.0,-0.007382777008393598,-0.00032372080989038696,0.0,0.0014881567879251045
613,6.130125299794599,step,12.093594221062045,12.897005666992168,3.7718000821769238,9.59309982135892,124371.0,221497.0,0.0,0.0,8.77,5e-05,1e-05,100.0,0.01,-0.026041328225828636,0.0,0.21867343884996804,-0.015481570953989988,0.0,0.22456805907043653,0.024330740886819434,0.0,0.00281076431844076,1.7788858124029097,0.0,0.3846886739050514,-0.7916301227903694,0.0,0.40945511801376355,1.1428255608599007,0.0,0.1609166972137098,0.5602474715723789,-2.255167318253369,-1.938941233833437,-0.03489550282547682,0.16367893760741692,0.011495961326634677,-0.01883,0.08877,0.00807,-0.010149090003492503,0.0,-0.007310511979756275,-0.00041066726834614563,0.0,0.001415891759287781
614,6.140506099909544,step,11.97477091466644,12.383045699058009,3.500599879771471,10.380800114944577,124371.0,221497.0,0.0,0.0,8.77,5e-05,1e-05,100.0,0.01,-0.02579711456698998,0.0,0.21873160621848775,-0.01534097012624509,0.0,0.22456805907043653,0.016698013693837797,0.0,0.0009606262415243881,1.8936353157859387,0.0,0.422622317502168,-0.8117898552742755,0.0,0.39486959535815697,1.2183239489501974,0.0,0.17587363248514465,0.5617814523602646,-2.255167318253369,-1.938941233833437,-0.02313073562774548,0.1703399783224564,0.009135063610535905,-0.01614,0.08608,-0.00538,-0.009929783699518694,0.0,-0.0071841769344024795,-0.000526360741226195,0.0,0.0013477240824536982
615,6.150118199875578,step,12.084359776830793,12.385730783184917,3.8530000019818544,9.612099966034293,124371.0,221497.0,0.0,0.0,8.77,5e-05,1e-05,100.0,0.01,-0.02579711456698998,0.0,0.21873160621848775,-0.015215641639137974,0.0,0.22456805907043653,0.012879508582197361,0.0,5.4220292076668514e-05,1.9770679266144353,0.0,0.4526629991638457,-0.8320275296876366,0.0,0.3803877766358868,1.2733195702640998,0.0,0.18823909538085207,0.5617814523602646,-2.255167318253369,-1.938941233833437,-0.01384250960468339,0.17523780152792467,0.007190060706009971,-0.00807,0.09953000000000001,-0.00269,-0.009968174412355757,0.0,-0.007133097009229553,-0.0006132985154962481,0.0,0.0012966441572807713
616,6.160193199990317,step,11.957524185373194,11.962321212978438,3.6708000116050243,10.075000114738941,124371.0,221497.0,0.0,0.0,8.77,5e-05,1e-05,100.0,0.01,-0.025461854211998064,0.0,0.21861885726777744,-0.015089324021392559,0.0,0.22456805907043653,0.012871397143113996,0.0,3.0100833343526485e-05,1.9667645569373682,0.0,0.48394566202985756,-0.8516333468202838,0.0,0.36576833768576755,1.267760058962202,0.0,0.20219676023506142,0.5633154331481501,-2.255167318253369,-1.9404752146213229,-0.01527430502069646,0.1763427836357911,0.009166980130541263,-0.03228,0.09146,-0.00269,-0.00965694974052941,0.0,-0.007200882586064261,-0.0007155804500760948,0.0,0.0012516807834051678
617,6.170080299954861,step,11.589833722102323,11.15802808933087,3.804400097578764,9.887099964544177,124371.0,221497.0,0.0,0.0,8.77,5e-05,1e-05,100.0,0.01,-0.024882812093717205,0.0,0.2185623588144938,-0.014970405214369008,0.0,0.22456805907043653,0.012863242777388468,0.0,-1.3738131921828851e-05,1.9282527568657577,0.0,0.5075266198598315,-0.870189700491607,0.0,0.3511545379438529,1.2434224782957408,0.0,0.21220699025602227,0.5663833947239215,-2.255167318253369,-1.9420091954092087,-0.0209730106765742,0.1756087373306527,0.01205209699953156,0.00538,0.10222,-0.0,-0.0091400309183289,0.0,-0.007198104964004071,-0.0007723759610192976,0.0,0.0011924047080613294
618,6.180491199949756,step,11.21693506282896,10.447721269196045,3.524000057950616,10.410899994894862,124371.0,221497.0,0.0,0.0,8.77,5e-05,1e-05,100.0,0.01,-0.024394642076721873,0.0,0.21867476510954403,-0.014850601082770216,0.0,0.22456805907043653,0.012863140091872395,0.0,-5.320193964320464e-05,1.8982705816400147,0.0,0.5064747384194709,-0.8880507592482054,0.0,0.33689380011027503,1.2231802487276562,0.0,0.21020894651080235,0.5694513562996928,-2.255167318253369,-1.9420091954092087,-0.02642794249759342,0.17383220270897237,0.013472859245849553,-0.04573,0.10222,0.00538,-0.00879755970170579,0.0,-0.0070242024390030815,-0.0007464812922458666,0.0,0.0011309084781105832
619,6.19011399988085,step,10.597919867411541,9.436487745744783,3.801500191912055,9.62279993109405,124371.0,221497.0,0.0,0.0,8.77,5e-05,1e-05,100.0,0.01,-0.023661746187564794,0.0,0.21884056507501443,-0.014744811846184907,0.0,0.22456805907043653,0.020504995123329442,0.0,0.001597999515454645,1.7261954765429077,0.0,0.4684791752582565,-0.9047813095291068,0.0,0.3230405306553884,1.1087387068982864,0.0,0.19235704943489618,0.5740532986633496,-2.255167318253369,-1.9420091954092087,-0.048582418798206184,0.16422726102281943,0.0189475382462821,-0.0,0.09146,0.00807,-0.008240721725652211,0.0,-0.00682350171700675,-0.0006762126157276761,0.0,0.001096007721584644
620,6.200085899792612,step,10.216428936857552,8.983559576520685,3.8133999332785606,9.971899911761284,124371.0,221497.0,0.0,0.0,8.77,5e-05,1e-05,100.0,0.01,-0.023172728392359704,0.0,0.2189492238833683,-0.01464019586312642,0.0,0.22456805907043653,0.028157248742809764,0.0,0.0032220255709328764,1.5793289426061372,0.0,0.43884396338827486,-0.9210187557464956,0.0,0.30941983613685214,1.0112676764173796,0.0,0.178915708096492,0.5771212602391209,-2.255167318253369,-1.9420091954092087,-0.06689153221644473,0.15596541868639668,0.02331575424059326,-0.0269,0.09415,0.01076,-0.007997840690602932,0.0,-0.006708945692331924,-0.000534691838630353,0.0,0.001090110505263685
621,6.2101045998279005,step,9.601103449021405,8.185733972228544,3.7388999480754137,10.01870003528893,124371.0,221497.0,0.0,0.0,8.77,5e-05,1e-05,100.0,0.01,-0.022438582402946272,0.0,0.21910939778611627,-0.01454021520320975,0.0,0.22456805907043653,0.03582690784289093,0.0,0.004744145029577855,1.4041655729053641,0.0,0.4032263010296879,-0.936258806838213,0.0,0.29611466641464973,0.8950123389599202,0.0,0.16275225092440643,0.5817232026027779,-2.255167318253369,-1.9420091954092087,-0.0893268869921936,0.1462799993829479,0.028964906113297988,-0.06187,0.08608,0.01345,-0.007506568404685394,0.0,-0.006553532271945014,-0.0003917987950511287,0.0,0.0010948709876247489
622,6.22011399990879,step,9.217499901673746,7.831778133281527,3.741699969395995,10.009400080889463,124371.0,221497.0,0.0,0.0,8.77,5e-05,1e-05,100.0,0.01,-0.021948745597048708,0.0,0.2192143027156869,-0.014445439836829856,0.0,0.22456805907043653,0.03967137463534259,0.0,0.00544832619725063,1.3112008232443557,0.0,0.3892728797943077,-0.9510602091734639,0.0,0.28298045933629273,0.8333868476867021,0.0,0.15614514117808506,0.5847911641785491,-2.255167318253369,-1.9420091954092087,-0.10157473386154425,0.14088550692486157,0.0317581387297778,-0.05111,0.08608,0.01614,-0.007290509621403727,0.0,-0.006469323710377194,-0.00021279613881512466,0.0,0.00111556735562756
623,6.23042679997161,step,8.86916593286748,7.547294970974463,3.5208999179303646,10.312800062820315,124371.0,221497.0,0.0,0.0,8.77,5e-05,1e-05,100.0,0.01,-0.021371314695801738,0.0,0.21914524881337016,-0.014353107427517844,0.0,0.22456805907043653,0.043479107132143764,0.0,0.0061080258721632336,1.2082408035202883,0.0,0.4011946172592953,-0.9651978436714431,0.0,0.2696578455029235,0.7662410158354758,0.0,0.16150840943034994,0.5878591257543204,-2.255167318253369,-1.943543176197094,-0.11392760276342545,0.1367977935371929,0.03626567505933784,-0.056490000000000005,0.07801000000000001,0.01883,-0.006963567234839185,0.0,-0.006562124461891118,-5.4640033444708705e-05,0.0,0.0011393142048247498
624,6.240160699933767,step,8.738012458401663,7.488827168005871,3.747900016605854,9.733899962157011,124371.0,221497.0,0.0,0.0,8.77,5e-05,1e-05,100.0,0.01,-0.021269246839504596,0.0,0.2193358885183755,-0.014270871811162097,0.0,0.22456805907043653,0.047358256474946694,0.0,0.006876832523535542,1.1553387343787085,0.0,0.37369772409507274,-0.9796029936917034,0.0,0.25673758965031923,0.7307385384718998,0.0,0.14980798811137502,0.5878591257543204,-2.2536333374654833,-1.943543176197094,-0.12116020769337647,0.13164318163326966,0.03690465199101428,-0.06187,0.06994,0.02152,-0.007095333431372966,0.0,-0.006363940893634568,9.695840303046606e-05,0.0,0.0011317703415735236
625,6.250069799833,step,8.77164700694785,7.649660709322847,3.843399928882718,9.909099899232388,124371.0,221497.0,0.0,0.0,8.77,5e-05,1e-05,100.0,0.01,-0.021126382784324008,0.0,0.21919625191855807,-0.014192013372652561,0.0,0.22456805907043653,0.04348842556929004,0.0,0.006041322601669365,1.2128423155811796,0.0,0.4211587696284058,-0.9940033509468639,0.0,0.24350457236806297,0.7697506635372493,0.0,0.16913810864670445,0.5893931065422061,-2.255167318253369,-1.943543176197094,-0.11416225891432835,0.13728055853048704,0.03647075061127761,-0.06456,0.06456,0.024210000000000002,-0.007092972729375555,0.0,-0.006517993203034157,0.0001586033177041089,0.0,0.0011461860511556964
626,6.2602080998476595,step,8.831585615686874,7.7121927034481965,3.680200083181262,10.138300014659762,124371.0,221497.0,0.0,0.0,8.77,5e-05,1e-05,100.0,0.01,-0.021126382784324008,0.0,0.21919625191855807,-0.014116347662426636,0.0,0.22456805907043653,0.03965877787067271,0.0,0.0052469246484724095,1.28506347327821,0.0,0.44793911145092635,-1.008557984497313,0.0,0.2303223010392267,0.8179622180795016,0.0,0.17989463526480026,0.5893931065422061,-2.255167318253369,-1.943543176197094,-0.10644887441228507,0.14147825229737995,0.034994383398867776,-0.06187,0.07801000000000001,0.024210000000000002,-0.007168962341014852,0.0,-0.006492998013168915,0.00015892721911747992,0.0,0.001121190861290454
627,6.270067699952051,step,8.886279492473706,7.681484382458661,3.847199957817793,9.859600104391575,124371.0,221497.0,0.0,0.0,8.77,5e-05,1e-05,100.0,0.01,-0.021126382784324008,0.0,0.21919625191855807,-0.014047565712144067,0.0,0.22456805907043653,0.03199948247343804,0.0,0.0036581287420784994,1.4138503127028288,0.0,0.4882120345083014,-1.0231160374493173,0.0,0.21720219001180197,0.9036584762529668,0.0,0.19604373431670444,0.5893931065422061,-2.255167318253369,-1.943543176197094,-0.09203817709870221,0.14917715122052497,0.03210563920689999,-0.05918,0.07801000000000001,0.02152,-0.007170646585479636,0.0,-0.0064623806253544325,9.182951329969602e-05,0.0,0.001090573473475972
628,6.280087899882346,step,8.938243019405643,7.5943088489283985,4.7512000892311335,10.020199930295348,124371.0,221497.0,0.0,0.0,8.77,5e-05,1e-05,100.0,0.01,-0.021126382784324008,0.0,0.21919625191855807,-0.01398244296116052,0.0,0.22456805907043653,0.02434018707620338,0.0,0.0020693328356845894,1.5422392070522992,0.0,0.5284232045197759,-1.0375828037482366,0.0,0.20414737805217875,0.9891642342020315,0.0,0.2121681910677858,0.5893931065422061,-2.255167318253369,-1.943543176197094,-0.07766341931081133,0.1568363120291786,0.029214181898148284,-0.0538,0.08877,0.01345,-0.007125682857885854,0.0,-0.006430217221422817,-1.8256965277633347e-05,0.0,0.0010584100695443565
629,6.290209400001913,step,8.791609807876045,7.159841247680845,3.773000091314316,10.121500119566917,124371.0,221497.0,0.0,0.0,8.77,5e-05,1e-05,100.0,0.01,-0.02102402261058442,0.0,0.2193867348291973,-0.013921467991217604,0.0,0.22456805907043653,0.016695024594990754,0.0,0.0004686316344647791,1.6586486074278888,0.0,0.5410835857396444,-1.0516944398643295,0.0,0.19154365683529012,1.065687922734091,0.0,0.2162608523490379,0.5893931065422061,-2.2536333374654833,-1.943543176197094,-0.06534346099376373,0.16203709990688345,0.025943902562457613,-0.040350000000000004,0.08608,0.01345,-0.006950761593258834,0.0,-0.006208030071480186,-0.00015179302610798112,0.0,0.0010267058302409482
630,6.300080299843103,step,8.804687323631779,7.070269810055691,3.918000031262636,9.870899841189384,124371.0,221497.0,0.0,0.0,8.77,5e-05,1e-05,100.0,0.01,-0.020881372923267708,0.0,0.2192468792430391,-0.013866562582893514,0.0,0.22456805907043653,0.011492585350020554,0.0,0.0023655672426854493,1.7336390097757037,0.0,0.5416707621804895,-1.065376489945194,0.0,0.17864733968311786,1.1169569879256924,0.0,0.216614932166511,0.5909270873300917,-2.255167318253369,-1.943543176197094,-0.05784406268677883,0.16586168094399095,0.02279471594482879,-0.040350000000000004,0.08877,0.01076,-0.006739166701632507,0.0,-0.006352149759133206,-0.00027564363874168704,0.0,0.001030969931735768
631,6.310114399995655,step,8.620270969593403,6.670745895408946,3.9371000602841377,10.034100152552128,124371.0,221497.0,0.0,0.0,8.77,5e-05,1e-05,100.0,0.01,-0.020636285689164702,0.0,0.21929713066768228,-0.013815260446413194,0.0,0.22456805907043653,0.007664133707974702,0.0,0.0015652900411224633,1.77615862708966,0.0,0.5609087330640555,-1.078460841507026,0.0,0.16590618435957863,1.1456038273129827,0.0,0.22365771155652084,0.5924610681179774,-2.255167318253369,-1.943543176197094,-0.054120462605711905,0.16844357694253148,0.022286795466393748,-0.03766,0.09684000000000001,0.01345,-0.006444767109958672,0.0,-0.0062757239733264155,-0.00037625813279283573,0.0,0.0010047955705721609
632,6.320042699808255,step,8.234625544752245,6.0354710773123355,4.304199945181608,9.928299812600017,124371.0,221497.0,0.0,0.0,8.77,5e-05,1e-05,100.0,0.01,-0.020287885980590892,0.0,0.2195370159139154,-0.013768862846753431,0.0,0.22456805907043653,0.007675638999552064,0.0,0.0015485802168330952,1.749377914740458,0.0,0.5390649975109969,-1.0908107820587687,0.0,0.153689289408916,1.1272988767657892,0.0,0.21326442983201746,0.593995048905863,-2.2536333374654833,-1.943543176197094,-0.05858533775305316,0.16547156287948445,0.02278388038378988,-0.03497,0.09415,0.01076,-0.006083029052047324,0.0,-0.0060174967320149935,-0.0004359940817901366,0.0,0.0009864535754938513
633,6.3300257998052984,step,8.243416659415063,6.096439290850931,4.003699868917465,9.98309999704361,124371.0,221497.0,0.0,0.0,8.77,5e-05,1e-05,100.0,0.01,-0.02014588140885508,0.0,0.21939650534535435,-0.01372646163061107,0.0,0.22456805907043653,0.007668899881481999,0.0,0.00154176944409143,1.7446005055087597,0.0,0.5718195144214511,-1.1029475526437267,0.0,0.14113856176817427,1.125928587537933,0.0,0.22680936488202535,0.5955290296937487,-2.255167318253369,-1.943543176197094,-0.05915421064806317,0.16730237994275704,0.024097177248265482,-0.040350000000000004,0.09415,0.00807,-0.005978031048572433,0.0,-0.006181927803061399,-0.00044138872967157666,0.0,0.0010103740779792147
634,6.340049999998882,step,7.63085818280536,5.2742908707065315,4.030900076031685,10.024200193583965,124371.0,221497.0,0.0,0.0,8.77,5e-05,1e-05,100.0,0.01,-0.019551065563038664,0.0,0.2196839077609336,-0.013688040525400808,0.0,0.22456805907043653,0.011524026261306044,0.0,0.0022698616456851887,1.6320978310426217,0.0,0.5301808281698391,-1.1139507920431029,0.0,0.1291952261262136,1.0509327619821773,0.0,0.20815621276451257,0.5985969912695199,-2.2536333374654833,-1.943543176197094,-0.07424505880115423,0.15944645536981056,0.02714150395743218,-0.03497,0.09684000000000001,0.01345,-0.0054197042206496045,0.0,-0.005882753636264483,-0.000443320816988251,0.0,0.0009986023267615565
635,6.350030799861997,step,7.640978421759065,5.4222440062548,3.9720998611301184,9.980799863114953,124371.0,221497.0,0.0,0.0,8.77,5e-05,1e-05,100.0,0.01,-0.01940970911423323,0.0,0.21954274518567954,-0.0136537755147677,0.0,0.22456805907043653,0.015351827569016242,0.0,0.0030129228132879785,1.5686441155814213,0.0,0.5499696579210805,-1.1248952103365428,0.0,0.11689352264530806,1.0108165882339866,0.0,0.21666790181375506,0.6001309720574056,-2.255167318253369,-1.943543176197094,-0.08111116189648562,0.15803586421037508,0.029827283450503637,-0.024210000000000002,0.09146,0.01345,-0.005390731571366112,0.0,-0.006059269625673141,-0.00036520202809941886,0.0,0.0010339557409161475
636,6.360051199793816,step,7.448209934514419,5.232779185580275,4.07300004735589,10.020399931818247,124371.0,221497.0,0.0,0.0,8.77,5e-05,1e-05,100.0,0.01,-0.01916416975912001,0.0,0.21959073875909832,-0.013623220946241538,0.0,0.22456805907043653,0.019195539090218865,0.0,0.0037367123383537084,1.4932256395124395,0.0,0.5429552640075767,-1.135519929363934,0.0,0.10469703524650838,0.9618062647935713,0.0,0.21356062800119757,0.6016649528452912,-2.255167318253369,-1.943543176197094,-0.0903712770303173,0.15420521914904575,0.032447433153107885,-0.040350000000000004,0.08608,0.01883,-0.005233261993667414,0.0,-0.006007444883561704,-0.00030768681921105896,0.0,0.0010301245722234911
637,6.370094399899244,step,7.254548185872502,5.040817663071204,3.9752000011503696,10.043200105428696,124371.0,221497.0,0.0,0.0,8.77,5e-05,1e-05,100.0,0.01,-0.018918557071704936,0.0,0.21963835562354458,-0.01359629314487383,0.0,0.22456805907043653,0.02304149825674172,0.0,0.0044487148429976225,1.4172946028328972,0.0,0.5360889976038483,-1.1458078371801876,0.0,0.09260572283143875,0.9125414356706979,0.0,0.21057388991181653,0.6031989336331769,-2.255167318253369,-1.943543176197094,-0.09949217607143024,0.1503789098308556,0.03496124755383112,-0.05111,0.08339,0.01345,-0.005067363836197232,0.0,-0.00595564038467431,-0.0002549000906338734,0.0,0.001025936937782362
638,6.3800598999951035,step,6.853843166625421,4.57509153177751,3.992800135165453,9.96550009585917,124371.0,221497.0,0.0,0.0,8.77,5e-05,1e-05,100.0,0.01,-0.01856760164247391,0.0,0.21987448604299087,-0.013573050772902901,0.0,0.22456805907043653,0.026921386179336676,0.0,0.005131253911668714,1.3288219409672668,0.0,0.5022177211752642,-1.1555163518278475,0.0,0.08100833864680879,0.8542036697461372,0.0,0.19607553956385482,0.6047329144210625,-2.2536333374654833,-1.943543176197094,-0.11086306160784376,0.14405321504243027,0.03717796807933381,-0.056490000000000005,0.07801000000000001,0.01614,-0.004781980642460929,0.0,-0.005712353401810081,-0.00021257022711008034,0.0,0.0010187803743644175
639,6.390170799801126,step,7.074846476914171,4.923371145995737,3.9047999307513237,10.110899806022644,124371.0,221497.0,0.0,0.0,8.77,5e-05,1e-05,100.0,0.01,-0.01867287162993851,0.0,0.21968559566697132,-0.013552812666828049,0.0,0.22456805907043653,0.026889677951477564,0.0,0.005148925136525864,1.3480383649217222,0.0,0.5409674386200417,-1.165585115916574,0.0,0.0689755273781884,0.8690774979088791,0.0,0.21236081719187072,0.6047329144210625,-2.255167318253369,-1.943543176197094,-0.10719013912412492,0.14739896293386368,0.03725689743639055,-0.056490000000000005,0.07532,0.01614,-0.004959423425024729,0.0,-0.005926825333142235,-0.00016063553808573407,0.0,0.001044361929677026
640,6.40007169987075,step,6.877898063141986,4.65686939883937,3.943299874663353,9.900900069624186,124371.0,221497.0,0.0,0.0,8.77,5e-05,1e-05,100.0,0.01,-0.018427114011942247,0.0,0.21973245877821818,-0.013536055682616167,0.0,0.22456805907043653,0.02305503828500216,0.0,0.0043780035790907685,1.3854180830036105,0.0,0.5593354765882267,-1.1751481327720263,0.0,0.057084683061442106,0.894903622198211,0.0,0.21907427740571916,0.6062668952089482,-2.255167318253369,-1.943543176197094,-0.10415200767860847,0.14990081981416195,0.03721760436251945,-0.05918,0.07532,0.024210000000000002,-0.0047103149293111326,0.0,-0.005856898754220073,-0.00018074340001494795,0.0,0.0010212984620017167
641,6.410080999834463,step,7.097193666956627,4.883457592773496,3.8868000265210867,10.009299963712692,124371.0,221497.0,0.0,0.0,8.77,5e-05,1e-05,100.0,0.01,-0.01867287162993851,0.0,0.21968559566697132,-0.013521977624029229,0.0,0.22456805907043653,0.019206912822483973,0.0,0.0036778036689470456,1.4766595868591565,0.0,0.5899770857367453,-1.1852210225148556,0.0,0.04513856352963269,0.9569035067331255,0.0,0.23152736375893915,0.6047329144210625,-2.255167318253369,-1.943543176197094,-0.09264401205149922,0.15554732204759233,0.03478099186916857,-0.0538,0.07532,0.024210000000000002,-0.004961455537946183,0.0,-0.005884124856053037,-0.0001894384679630998,0.0,0.0010016614525878275
642,6.420078699942678,step,6.896051755218244,4.555975252445055,3.877399954944849,9.997700108215213,124371.0,221497.0,0.0,0.0,8.77,5e-05,1e-05,100.0,0.01,-0.018427114011942247,0.0,0.21973245877821818,-0.013510560379106907,0.0,0.22456805907043653,0.015370025523334774,0.0,0.002918669052727179,1.5141263649489294,0.0,0.6080560196464433,-1.1946500374680693,0.0,0.033353299865419024,0.9829453648052132,0.0,0.23807004814007193,0.6062668952089482,-2.255167318253369,-1.943543176197094,-0.08927922152781378,0.15817241803767287,0.034616974802451655,-0.05111,0.08339,0.02152,-0.004644311578046061,0.0,-0.005804894441001788,-0.0002722420547892797,0.0,0.0009692941487834316
643,6.430083699990064,step,6.902486629385333,4.502055933974052,4.265099996700883,10.005000047385693,124371.0,221497.0,0.0,0.0,8.77,5e-05,1e-05,100.0,0.01,-0.018427114011942247,0.0,0.21973245877821818,-0.013501538768101073,0.0,0.22456805907043653,0.01152751914250108,0.0,0.0021890017895453842,1.578221660873754,0.0,0.6322824893197736,-1.2039977523622736,0.0,0.021617754588098337,1.0269215385091421,0.0,0.24751407489314664,0.6062668952089482,-2.255167318253369,-1.943543176197094,-0.08183789245309014,0.16221708261441947,0.03321465263781996,-0.0538,0.09146,0.02152,-0.004604266800598596,0.0,-0.005780405384506403,-0.00032130844324257824,0.0,0.000944805092288047
644,6.440060599939898,step,6.492174318113373,3.962226172053078,3.879699856042862,9.97689994983375,124371.0,221497.0,0.0,0.0,8.77,5e-05,1e-05,100.0,0.01,-0.018075435796457012,0.0,0.21996751137030712,-0.013494683867395055,0.0,0.22456805907043653,0.011544429406713352,0.0,0.0021637011915367856,1.5463194984121749,0.0,0.6102826974465413,-1.2125178379135397,0.0,0.010414208238735494,1.0062474036716096,0.0,0.23736495525300394,0.6078008759968337,-2.2536333374654833,-1.943543176197094,-0.08675828887256537,0.15909732294779014,0.033917556479141436,-0.040350000000000004,0.09146,0.01614,-0.0041966135559269,0.0,-0.005518366476637523,-0.0003841383731350567,0.0,0.0009178187765081138
645,6.450092799961567,step,6.089872526789557,3.566527826724788,3.8591998163610697,10.032200021669269,124371.0,221497.0,0.0,0.0,8.77,5e-05,1e-05,100.0,0.01,-0.0175829868689842,0.0,0.22005902631629262,-0.013489678791816832,0.0,0.22456805907043653,0.011551013218803889,0.0,0.0021282731983756904,1.498408777568447,0.0,0.6087847851830901,-1.2200242262729688,0.0,-0.0006302711575126799,0.9758876226930029,0.0,0.2359181339474908,0.610868837572605,-2.2536333374654833,-1.943543176197094,-0.0936519183897973,0.1566207011722911,0.03576867546632427,-0.048420000000000005,0.08339,0.02152,-0.003697311600416093,0.0,-0.005440017200949924,-0.00039599647675127346,0.0,0.0009309844468060142
646,6.46007279981859,step,5.702311345641603,3.2560187108995446,3.9633000269532204,9.979999857023358,124371.0,221497.0,0.0,0.0,8.77,5e-05,1e-05,100.0,0.01,-0.017090259495172358,0.0,0.22014903001957395,-0.013486298212047151,0.0,0.22456805907043653,0.011557488306874492,0.0,0.002092825174268095,1.4497140274860658,0.0,0.6073496492752675,-1.2266503544765424,0.0,-0.011534186077173715,0.9450863120258849,0.0,0.23457622191427582,0.6139367991483764,-2.2536333374654833,-1.943543176197094,-0.10073599998205143,0.15400650161457394,0.03762434497617855,-0.0538,0.09146,0.01614,-0.003263734768284945,0.0,-0.0053707814187062865,-0.00034022651484026147,0.0,0.0009517523678437036
647,6.470081999897957,step,5.118252609658754,2.7925994214780827,4.11719991825521,10.009200079366565,124371.0,221497.0,0.0,0.0,8.77,5e-05,1e-05,100.0,0.01,-0.01648939065238031,0.0,0.2204249407148958,-0.01348421510538475,0.0,0.22456805907043653,0.01929556333984888,0.0,0.0034159953060917516,1.2737107806193484,0.0,0.5555851089283759,-1.2322745716855188,0.0,-0.021926402003553565,0.8296366717115142,0.0,0.2133845276671584,0.6170047607241477,-2.252099356677598,-1.943543176197094,-0.12255110689728302,0.14274481940778597,0.04218073022467758,-0.056490000000000005,0.08070000000000001,0.01883,-0.0027702381670527414,0.0,-0.005118741351874259,-0.0002349373799428174,0.0,0.0009756229963335224
648,6.480142599903047,step,4.608896755032837,2.4896370150393987,3.808600129559636,10.060600005090237,124371.0,221497.0,0.0,0.0,8.77,5e-05,1e-05,100.0,0.01,-0.01574852429244926,0.0,0.22055434276488176,-0.013483130128716173,0.0,0.22456805907043653,0.02873751958898729,0.0,0.007578866782356364,1.0563214178038953,0.0,0.4761830370695619,-1.2367037717605582,0.0,-0.03216671632722229,0.6882400962651023,0.0,0.1820200204210525,0.6216067030878045,-2.252099356677598,-1.943543176197094,-0.1493379252712083,0.1286087093905982,0.046707508124864544,-0.07263,0.08339,0.01883,-0.002181626107506062,0.0,-0.005043921407723867,-8.376805622702446e-05,0.0,0.0010302051021690902
649,6.490121699869633,step,4.454965168927425,2.481162520263088,3.8392997812479734,9.979099966585636,124371.0,221497.0,0.0,0.0,8.77,5e-05,1e-05,100.0,0.01,-0.015501437474253782,0.0,0.22059671896313213,-0.013482731847256128,0.0,0.22456805907043653,0.03261234366308084,0.0,0.008194282215867368,0.9752530991333246,0.0,0.46976646143323914,-1.2410496097366095,0.0,-0.042422047540759275,0.6367451166401412,0.0,0.17988151716945752,0.6231406838756902,-2.252099356677598,-1.943543176197094,-0.15866317501548194,0.12420676490530583,0.04874550186084057,-0.07801000000000001,0.07532,0.024210000000000002,-0.0021405656612747573,0.0,-0.005051318056878633,0.00012186003427710297,0.0,0.0010799779495742276
650,6.500104199862108,step,4.175905417892372,2.32382599658713,3.9174999110400677,9.982499992474914,124371.0,221497.0,0.0,0.0,8.77,5e-05,1e-05,100.0,0.01,-0.01500707027881755,0.0,0.22068033403238646,-0.013482675288107652,0.0,0.22456805907043653,0.04036780430545395,0.0,0.009389493982205014,0.8096927847120279,0.0,0.4474873800663336,-1.244699782449038,0.0,-0.052564411121259126,0.5294965666459307,0.0,0.1720324773384527,0.6262086454514615,-2.252099356677598,-1.943543176197094,-0.17853803114919187,0.11546539095269565,0.05391257845307318,-0.09146,0.06725,0.024210000000000002,-0.0017979120273247317,0.0,-0.004995675247034759,0.0002735170366148338,0.0,0.001107950208984687
651,6.510575499851257,step,4.389595081201308,2.57683323630632,4.46099997498095,10.471299989148974,124371.0,221497.0,0.0,0.0,8.77,5e-05,1e-05,100.0,0.01,-0.015116658329684632,0.0,0.22049391567620683,-0.013482675288107652,0.0,0.22456805907043653,0.04031862918077217,0.0,0.009418402110447373,0.8261477422688657,0.0,0.48423282280952396,-1.2488709885664124,0.0,-0.06312105364347989,0.5406604845663376,0.0,0.18716169023888413,0.6262086454514615,-2.2536333374654833,-1.943543176197094,-0.17545503089014008,0.1181628937261594,0.05378975042240422,-0.09953000000000001,0.06725,0.03228,-0.0020545498083812306,0.0,-0.0051997305481585095,0.00042056676680425056,0.0,0.0011255871539288028
652,6.520108799915761,step,4.3102599232675916,2.48180254355491,3.9041000418365,9.533300064504147,124371.0,221497.0,0.0,0.0,8.77,5e-05,1e-05,100.0,0.01,-0.015254285942519416,0.0,0.2206387160852415,-0.013482675288107652,0.0,0.22456805907043653,0.04035335351209889,0.0,0.009451406360413216,0.8449756976718966,0.0,0.47318096818204053,-1.253393434070895,0.0,-0.07330130972262526,0.5527114304609293,0.0,0.18235603537341427,0.6246746646635758,-2.252099356677598,-1.943543176197094,-0.17366987655655175,0.11781999736577436,0.0530685192108491,-0.09684000000000001,0.06187,0.02959,-0.0022275546408380273,0.0,-0.005014339399234983,0.00045594398642626304,0.0,0.0010849964140399442
653,6.530158299952745,step,4.3102599232675916,2.440380255392165,3.8315998390316963,10.049500036984682,124371.0,221497.0,0.0,0.0,8.77,5e-05,1e-05,100.0,0.01,-0.015254285942519416,0.0,0.2206387160852415,-0.013482675288107652,0.0,0.22456805907043653,0.030913913420274754,0.0,0.005228641868558378,0.9896622735575948,0.0,0.555360884610672,-1.2578021651568172,0.0,-0.08342959205389257,0.6473398750785184,0.0,0.21405044633163003,0.6246746646635758,-2.252099356677598,-1.943543176197094,-0.15713960218413286,0.12881008548013986,0.05187241806904094,-0.09684000000000001,0.06456,0.02959,-0.0021715439978036814,0.0,-0.00498873945266365,0.0003999333433919172,0.0,0.0010593964674686113
654,6.540071099996567,step,4.3102599232675916,2.3785298294720567,4.02839994058013,9.912800043821335,124371.0,221497.0,0.0,0.0,8.77,5e-05,1e-05,100.0,0.01,-0.015254285942519416,0.0,0.2206387160852415,-0.013482675288107652,0.0,0.22456805907043653,0.02704967424274041,0.0,0.004575061634988581,1.051452145963943,0.0,0.5766354006017984,-1.262014768489258,0.0,-0.09348844211924927,0.6879101748876368,0.0,0.2219767747822079,0.6246746646635758,-2.252099356677598,-1.943543176197094,-0.1502947807605339,0.1326490177342952,0.050729902286510156,-0.08608,0.07532,0.02959,-0.0020749402273366967,0.0,-0.00495454021997,0.0003033295729249325,0.0,0.001025197234774961
655,6.550087499897927,step,4.175905417892372,2.1978665994097013,3.886899910867214,10.016399901360273,124371.0,221497.0,0.0,0.0,8.77,5e-05,1e-05,100.0,0.01,-0.01500707027881755,0.0,0.22068033403238646,-0.013482675288107652,0.0,0.22456805907043653,0.019326186051583132,0.0,0.003238258984574083,1.1430971591691566,0.0,0.6034385829480294,-1.2654785331385263,0.0,-0.10338266591018677,0.7478607353536737,0.0,0.231379964432273,0.6262086454514615,-2.252099356677598,-1.943543176197094,-0.14127989397648358,0.1379387718878184,0.049100945916546596,-0.08339,0.07532,0.02959,-0.0017060957421380903,0.0,-0.004873452670938827,0.00018170075142819237,0.0,0.0009857276328887558
656,6.5600722997915,step,4.175905417892372,2.1479077274240157,3.928899997845292,9.984799893572927,124371.0,221497.0,0.0,0.0,8.77,5e-05,1e-05,100.0,0.01,-0.01500707027881755,0.0,0.22068033403238646,-0.013482675288107652,0.0,0.22456805907043653,0.01159571163094988,0.0,0.0019429553907444497,1.2613480788911369,0.0,0.6354189283678373,-1.268771444798264,0.0,-0.11320875970032229,0.8255857992598179,0.0,0.24295948787574265,0.6262086454514615,-2.252099356677598,-1.943543176197094,-0.12823878678687792,0.1447039799733717,0.046343592264843664,-0.07801000000000001,0.07532,0.0269,-0.001621941191386281,0.0,-0.004839894875866333,9.754620067638307e-05,0.0,0.0009521698378162618
657,6.5700782998465,step,4.0529596659922,2.007695536381954,3.8884999230504036,10.006000055000186,124371.0,221497.0,0.0,0.0,8.77,5e-05,1e-05,100.0,0.01,-0.01475979106487052,0.0,0.22072157270663606,-0.013482675288107652,0.0,0.22456805907043653,0.0077324522949740624,0.0,0.0012834436753924813,1.294748129316071,0.0,0.6504964611063192,-1.2713828643146579,0.0,-0.12288167368363949,0.8471658664494783,0.0,0.2482018376904325,0.6277426262393471,-2.252099356677598,-1.943543176197094,-0.1255983877313193,0.14670487682215194,0.0460960956334693,-0.06725,0.07263,0.02152,-0.0012862686033813283,0.0,-0.0047644453454691454,9.152826618460215e-06,0.0,0.0009179589816686734
658,6.580102399922907,step,4.0529596659922,1.979179841835747,4.245300078764558,10.024100076407194,124371.0,221497.0,0.0,0.0,8.77,5e-05,1e-05,100.0,0.01,-0.01475979106487052,0.0,0.22072157270663606,-0.013482675288107652,0.0,0.22456805907043653,0.0038662261474870312,0.0,0.0006417218376962407,1.3547668249747886,0.0,0.6711110614895693,-1.2739132389957741,0.0,-0.1325022867652004,0.886553347422444,0.0,0.2558352453996721,0.6277426262393471,-2.252099356677598,-1.943543176197094,-0.11894923692127468,0.15035259562644315,0.044917904784926695,-0.06456,0.08608,0.024210000000000002,-0.0012463495377433146,0.0,-0.004738684257511084,-3.0766239019553495e-05,0.0,0.0008921978937106115
659,6.5901106998790056,step,3.7346354726454196,1.7173841100978031,5.038300063461065,10.008299956098199,124371.0,221497.0,0.0,0.0,8.77,5e-05,1e-05,100.0,0.01,-0.014402004108599403,0.0,0.22094834407704897,-0.013482675288107652,0.0,0.22456805907043653,0.0038716643118419185,0.0,0.0006331418117783892,1.3177764771071743,0.0,0.6479149467233029,-1.2756319549242654,0.0,-0.14160806630690706,0.8610008203701983,0.0,0.24572953451257137,0.6292766070272328,-2.250565375889712,-1.943543176197094,-0.12457529219025659,0.14674206426703,0.045638187976468125,-0.06994,0.07801000000000001,0.02152,-0.0008465626924634402,0.0,-0.004485100253055021,-7.276612802831119e-05,0.0,0.0008653852596674583
660,6.6000447999686,step,3.3686074039993343,1.480883196947802,3.9752000011503696,9.934100089594722,124371.0,221497.0,0.0,0.0,8.77,5e-05,1e-05,100.0,0.01,-0.013795264158606393,0.0,0.2212139863162585,-0.013482675288107652,0.0,0.22456805907043653,0.007756069263791061,0.0,0.001237183374412759,1.1949296341105409,0.0,0.6081048545419471,-1.276151084515248,0.0,-0.15019728421747713,0.778879705473443,0.0,0.22971803277757244,0.632344568603004,-2.2490313951018264,-1.943543176197094,-0.1406528462200111,0.13821438261679792,0.0487059963275033,-0.07263,0.07801000000000001,0.02152,-0.0002557000473402965,0.0,-0.00423066506802595,-5.688882315844511e-05,0.0,0.000876592313847911
661,6.610173899913207,step,3.3153209351896686,1.4816934961051198,3.8453000597655773,10.129099944606423,124371.0,221497.0,0.0,0.0,8.77,5e-05,1e-05,100.0,0.01,-0.013547167758377984,0.0,0.22125336547606234,-0.013482675288107652,0.0,0.22456805907043653,0.013383548779748556,0.0,0.0047323147483818865,1.0845332776675711,0.0,0.5513714623807492,-1.276375363996587,0.0,-0.15880160717280623,0.7066663905768615,0.0,0.20787460456972248,0.6338785493908897,-2.2490313951018264,-1.943543176197094,-0.1538540152959189,0.13006811590981665,0.04996265093786885,-0.08070000000000001,0.06994,0.0269,-0.0001104700540904843,0.0,-0.00423810513834195,4.5977583820151874e-05,0.0,0.0009234115439677535
662,6.620074899867177,step,3.2808399199603357,1.4761032653402137,3.9693000726401806,9.900999953970313,124371.0,221497.0,0.0,0.0,8.77,5e-05,1e-05,100.0,0.01,-0.01329901124319606,0.0,0.2212923640145725,-0.013482675288107652,0.0,0.22456805907043653,0.01727070650288269,0.0,0.00531847021732533,0.9996793169174915,0.0,0.5443102635855335,-1.276306136887101,0.0,-0.1673923213965722,0.6505844317380357,0.0,0.20590222890344786,0.6354125301787753,-2.2490313951018264,-1.943543176197094,-0.1641119002990999,0.12560072318288823,0.05267492910720045,-0.08339,0.06725,0.024210000000000002,3.409818180332536e-05,0.0,-0.0042314020850671786,0.0001495658631082665,0.0,0.0009557070292031478
663,6.630100499838591,step,3.265760157875672,1.4650202305565607,3.9731001015752554,10.025599971413612,124371.0,221497.0,0.0,0.0,8.77,5e-05,1e-05,100.0,0.01,-0.013050795196996937,0.0,0.22133098184002167,-0.013482675288107652,0.0,0.22456805907043653,0.02115968489292082,0.0,0.005892709744147333,0.9144986878177879,0.0,0.537495471210469,-1.2759308751162506,0.0,-0.17594277110002368,0.5942956321041134,0.0,0.2041010164559247,0.636946510966661,-2.2490313951018264,-1.943543176197094,-0.1744030981698816,0.12111220907504909,0.05539449512951078,-0.08877,0.06994,0.0269,0.0001848371856241696,0.0,-0.004211569580950045,0.00024704290548654566,0.0,0.0009744923505351864
664,6.640081799821928,step,3.2808399199603357,1.4944814446662817,4.142899997532368,9.981299983337522,124371.0,221497.0,0.0,0.0,8.77,5e-05,1e-05,100.0,0.01,-0.01329901124319606,0.0,0.2212923640145725,-0.013482675288107652,0.0,0.22456805907043653,0.02290167042609521,0.0,0.008816867031274031,0.915616599114877,0.0,0.5017993751582726,-1.2762425490721168,0.0,-0.18458145917047938,0.5958273774425096,0.0,0.18991229059159323,0.6354125301787753,-2.2490313951018264,-1.943543176197094,-0.17313270104004744,0.11942770771900552,0.0532414766150139,-0.09415,0.05918,0.03228,-0.00015351666838887053,0.0,-0.0042550318589865644,0.0003371807133004624,0.0,0.0009793368031225337
665,6.650084699969739,step,3.4623799983019197,1.6037103871391882,4.224499920383096,10.002900147810578,124371.0,221497.0,0.0,0.0,8.77,5e-05,1e-05,100.0,0.01,-0.013220845762009215,0.0,0.2211155932050145,-0.013482675288107652,0.0,0.22456805907043653,0.02287199665985933,0.0,0.008803745723976726,0.907753791106394,0.0,0.5363560836833632,-1.2763800336580506,0.0,-0.19353504042859487,0.5912464154288941,0.0,0.20516415467605598,0.6354125301787753,-2.2490313951018264,-1.9450771569849798,-0.17333367358905144,0.12097248380307099,0.0553189999386484,-0.09684000000000001,0.06994,0.0269,-6.77187656849372e-05,0.0,-0.0044101341771561,0.00032954829178337446,0.0,0.0009576683117340726
666,6.660065799951553,step,3.2808399199603357,1.4323592494501585,3.8785000797361135,9.981099981814623,124371.0,221497.0,0.0,0.0,8.77,5e-05,1e-05,100.0,0.01,-0.01329901124319606,0.0,0.2212923640145725,-0.013482675288107652,0.0,0.22456805907043653,0.01727070650288269,0.0,0.00531847021732533,0.9996789507783101,0.0,0.5790433568984119,-1.2766241111931989,0.0,-0.20199425957869485,0.6500555739286769,0.0,0.2200119597918521,0.6354125301787753,-2.2490313951018264,-1.943543176197094,-0.16400682899075153,0.12703158967160114,0.05420356407480702,-0.09415,0.06994,0.0269,-0.00012022169103092107,0.0,-0.004166633485578285,0.0003038857359425129,0.0,0.0008909384297142546
667,6.67007329990156,step,3.2808399199603357,1.4064501987318563,3.951100166887045,10.007499950006604,124371.0,221497.0,0.0,0.0,8.77,5e-05,1e-05,100.0,0.01,-0.01329901124319606,0.0,0.2212923640145725,-0.013482675288107652,0.0,0.22456805907043653,0.013390792309659302,0.0,0.004711779082866453,1.057536585503032,0.0,0.5978466889954268,-1.2767440117999198,0.0,-0.21037925413928762,0.6879022003448165,0.0,0.22676993406029283,0.6354125301787753,-2.2490313951018264,-1.943543176197094,-0.15739975132311365,0.13070896997239173,0.05309608245385261,-0.08877,0.06725,0.02959,-5.905768298940361e-05,0.0,-0.004130073768350775,0.00024272172790099547,0.0,0.0008543787124867443
668,6.680061999941245,step,3.2808399199603357,1.3798862029247763,3.871000139042735,9.988700039684772,124371.0,221497.0,0.0,0.0,8.77,5e-05,1e-05,100.0,0.01,-0.01329901124319606,0.0,0.2212923640145725,-0.013482675288107652,0.0,0.22456805907043653,0.007759828386446781,0.0,0.0012133822689177536,1.1412697370135536,0.0,0.6658824633397432,-1.2767240663901736,0.0,-0.2186855115592653,0.7420535709409668,0.0,0.25313393666707773,0.6354125301787753,-2.2490313951018264,-1.943543176197094,-0.14801011818125964,0.13788481930388732,0.0533723904205432,-0.08877,0.06994,0.0269,9.8242178926157e-06,0.0,-0.004091291370020198,0.00017383982701897616,0.0,0.0008155963141561673
669,6.6901112999767065,step,3.1049310545508106,1.236615342315519,3.9013000205159187,10.049300035461783,124371.0,221497.0,0.0,0.0,8.77,5e-05,1e-05,100.0,0.01,-0.013186860058115757,0.0,0.22147725169966448,-0.013482675288107652,0.0,0.22456805907043653,0.003884347952825749,0.0,0.0006040016568249391,1.1864338222807425,0.0,0.6577057787209141,-1.2763384737857635,0.0,-0.22653930589444216,0.7709090448880391,0.0,0.24855605354218477,0.6354125301787753,-2.247497414313941,-1.943543176197094,-0.1435697016424961,0.13896545460697143,0.05178424670846079,-0.08339,0.07532,0.02959,0.00018992569276416542,0.0,-0.003868428265676075,0.00010588953722772952,0.0,0.0007776208949040221
670,6.700083599891514,step,3.2808399199603357,1.354819905651071,3.9208000525832176,9.972299914807081,124371.0,221497.0,0.0,0.0,8.77,5e-05,1e-05,100.0,0.01,-0.01329901124319606,0.0,0.2212923640145725,-0.013482675288107652,0.0,0.22456805907043653,0.0,0.0,0.0,1.2560887530521876,0.0,0.702731414242809,-1.2761003994299198,0.0,-0.2347663537175499,0.8171676531368974,0.0,0.26635571756459514,0.6354125301787753,-2.2490313951018264,-1.943543176197094,-0.13535572219783165,0.1448473651135221,0.05119551048899057,-0.07801000000000001,0.07532,0.0269,0.00011726479306353694,0.0,-0.004052276260842874,6.639925184805492e-05,0.0,0.0007765812049788431
671,6.710370999993756,step,3.1049310545508106,1.215904765962733,3.6497002001851797,10.287400102242827,124371.0,221497.0,0.0,0.0,8.77,5e-05,1e-05,100.0,0.01,-0.013186860058115757,0.0,0.22147725169966448,-0.013482675288107652,0.0,0.22456805907043653,0.0,0.0,0.0,1.2434894747059644,0.0,0.684085956420478,-1.2755261350306155,0.0,-0.2425423075945915,0.8080646883371029,0.0,0.2583764922698557,0.6354125301787753,-2.247497414313941,-1.943543176197094,-0.13717612758180261,0.14281488177719528,0.0510637377137991,-0.07532,0.08339,0.0269,0.00028285699108398843,0.0,-0.003830087533080915,1.2958238907906513e-05,0.0,0.0007392801623088622
672,6.720044799847528,step,3.1005146536554267,1.2100165042046735,3.9210000541061163,9.673799853771925,124371.0,221497.0,0.0,0.0,8.77,5e-05,1e-05,100.0,0.01,-0.012938360529822265,0.0,0.2215156972698885,-0.013482675288107652,0.0,0.22456805907043653,0.0,0.0,0.0,1.2155207673655786,0.0,0.6862711353644055,-1.2743956278229882,0.0,-0.25023794133482263,0.7892882610135307,0.0,0.2592678252878108,0.636946510966661,-2.247497414313941,-1.943543176197094,-0.14125320307195086,0.14135389318346858,0.05226089823799651,-0.07532,0.07532,0.03228,0.0005568373514632067,0.0,-0.003790525421535876,-1.2522593177820176e-05,0.0,0.0007381636209878558
673,6.730054099811241,step,3.1005146536554267,1.209903603259632,3.9679999463260174,10.009299963712692,124371.0,221497.0,0.0,0.0,8.77,5e-05,1e-05,100.0,0.01,-0.012938360529822265,0.0,0.2215156972698885,-0.013482675288107652,0.0,0.22456805907043653,0.0,0.0,0.0,1.2143882708050753,0.0,0.6939662795205133,-1.2733129192418557,0.0,-0.25794007884926423,0.7884185109406963,0.0,0.2624129908273589,0.636946510966661,-2.247497414313941,-1.943543176197094,-0.14131568096431205,0.14166861420511062,0.05266788283383089,-0.08070000000000001,0.07263,0.0269,0.0005332938831850975,0.0,-0.0037937288901927096,1.1020875100288931e-05,0.0,0.0007413670896446894
674,6.74005929986015,step,3.1049310545508106,1.2165062419060466,3.8644999731332064,10.005200048908591,124371.0,221497.0,0.0,0.0,8.77,5e-05,1e-05,100.0,0.01,-0.013186860058115757,0.0,0.22147725169966448,-0.013482675288107652,0.0,0.22456805907043653,0.0,0.0,0.0,1.2406991106914496,0.0,0.7072568424518009,-1.2727781482364662,0.0,-0.265720781392553,0.8058626445877936,0.0,0.2678347128227023,0.6354125301787753,-2.247497414313941,-1.943543176197094,-0.13729458569876807,0.14379313427776447,0.052266400667453625,-0.07801000000000001,0.08608,0.02959,0.00026340430938552747,0.0,-0.003832426513954679,3.2410920606367475e-05,0.0,0.0007416191431826261
675,6.750085799954832,step,3.1049310545508106,1.2119270284443384,4.540699999779463,10.026500094681978,124371.0,221497.0,0.0,0.0,8.77,5e-05,1e-05,100.0,0.01,-0.013186860058115757,0.0,0.22147725169966448,-0.013482675288107652,0.0,0.22456805907043653,0.0,0.0,0.0,1.2401663291613725,0.0,0.7150380338514358,-1.2721905771637232,0.0,-0.2734829403484579,0.8053893697314458,0.0,0.2710045883049043,0.6354125301787753,-2.247497414313941,-1.943543176197094,-0.13729140624905242,0.14414036986294454,0.05265604786158476,-0.07532,0.08339,0.0269,0.00028941126401946997,0.0,-0.0038232927711392855,6.403965972424973e-06,0.0,0.0007324854003672326
676,6.760253599844873,step,3.1049310545508106,1.2066723897642213,4.031799966469407,10.167799890041351,124371.0,221497.0,0.0,0.0,8.77,5e-05,1e-05,100.0,0.01,-0.013186860058115757,0.0,0.22147725169966448,-0.013482675288107652,0.0,0.22456805907043653,0.0,0.0,0.0,1.2395787632984387,0.0,0.7228001931696905,-1.271560144272593,0.0,-0.2812247859848699,0.8048803192529701,0.0,0.27416759313339395,0.6354125301787753,-2.247497414313941,-1.943543176197094,-0.13729419468648124,0.14448415882159887,0.053046715991845544,-0.07532,0.08070000000000001,0.024210000000000002,0.00031052308114778163,0.0,-0.0038132873373397966,-1.4707851155886691e-05,0.0,0.0007224799665677436
677,6.770396799780428,step,3.1005146536554267,1.195378230826696,3.5516000352799892,10.143199935555458,124371.0,221497.0,0.0,0.0,8.77,5e-05,1e-05,100.0,0.01,-0.012938360529822265,0.0,0.2215156972698885,-0.013482675288107652,0.0,0.22456805907043653,0.0,0.0,0.0,1.2115547804145743,0.0,0.7249536133876744,-1.2703882821399883,0.0,-0.28886649068235326,0.7860532250875166,0.0,0.2750503167888827,0.636946510966661,-2.247497414313941,-1.943543176197094,-0.1413837402101294,0.14301605198441858,0.054246104179634394,-0.07801000000000001,0.07263,0.0269,0.0005772069402097648,0.0,-0.0037639623840535247,-3.289218192437831e-05,0.0,0.0007116005835055045
678,6.780049299821258,step,3.1049310545508106,1.196536670290675,3.904599929228425,9.652500040829182,124371.0,221497.0,0.0,0.0,8.77,5e-05,1e-05,100.0,0.01,-0.013186860058115757,0.0,0.22147725169966448,-0.013482675288107652,0.0,0.22456805907043653,0.0,0.0,0.0,1.237774481597774,0.0,0.738183255114605,-1.2697842348689852,0.0,-0.2965776488579429,0.8034501501566064,0.0,0.28044611037767286,0.6354125301787753,-2.247497414313941,-1.943543176197094,-0.13736771341083415,0.14513585035036813,0.05384346184777434,-0.08070000000000001,0.07532,0.02959,0.0002975267033015318,0.0,-0.0037981720649275137,-1.7114733096368698e-06,0.0,0.0007073646941554608
679,6.7900920999236405,step,3.1005146536554267,1.1837412906529008,3.8719000294804573,10.042800102382898,124371.0,221497.0,0.0,0.0,8.77,5e-05,1e-05,100.0,0.01,-0.012938360529822265,0.0,0.2215156972698885,-0.013482675288107652,0.0,0.22456805907043653,0.0,0.0,0.0,1.2097788678345005,0.0,0.7403064764476615,-1.2686373410405418,0.0,-0.3041849939322088,0.7846363605754112,0.0,0.28131755503166495,0.636946510966661,-2.247497414313941,-1.943543176197094,-0.14145699985518967,0.14366639228256012,0.05504111022506326,-0.07532,0.07263,0.024210000000000002,0.0005649086688975859,0.0,-0.0037470383684784893,-2.0593910612199426e-05,0.0,0.0006946765679304691
680,6.800068699987605,step,3.1005146536554267,1.1775240314069213,3.927400102838874,9.976600063964725,124371.0,221497.0,0.0,0.0,8.77,5e-05,1e-05,100.0,0.01,-0.012938360529822265,0.0,0.2215156972698885,-0.013482675288107652,0.0,0.22456805907043653,0.0,0.0,0.0,1.2086299852835602,0.0,0.7479133331026321,-1.267549492438299,0.0,-0.3117805707364401,0.7837572446494746,0.0,0.28442710929731896,0.636946510966661,-2.247497414313941,-1.943543176197094,-0.14152188324955914,0.14397613980464527,0.05544445727146291,-0.08070000000000001,0.08339,0.02959,0.0005358256279826804,0.0,-0.0037412418443403847,8.489130302706104e-06,0.0,0.0006888800437923645
681,6.81007849983871,step,3.1049310545508106,1.1792648738963418,3.8369998801499605,10.009799851104617,124371.0,221497.0,0.0,0.0,8.77,5e-05,1e-05,100.0,0.01,-0.013186860058115757,0.0,0.22147725169966448,-0.013482675288107652,0.0,0.22456805907043653,0.0,0.0,0.0,1.2349356842837718,0.0,0.7610973355278743,-1.2670189164583818,0.0,-0.3194409710408878,0.801220254411818,0.0,0.28980075314186526,0.6354125301787753,-2.247497414313941,-1.943543176197094,-0.1374932917167527,0.1460995857672529,0.055035588566757075,-0.08070000000000001,0.08608,0.0269,0.00026133802722694396,0.0,-0.003773171004923882,3.447720276495098e-05,0.0,0.0006823636341518292
682,6.820072499802336,step,3.1005146536554267,1.1645357968140253,3.885400015860796,9.993999963626266,124371.0,221497.0,0.0,0.0,8.77,5e-05,1e-05,100.0,0.01,-0.012938360529822265,0.0,0.2215156972698885,-0.013482675288107652,0.0,0.22456805907043653,0.0,0.0,0.0,1.207013543768126,0.0,0.7631697991968484,-1.2659358922378772,0.0,-0.3269943708302893,0.782446937087325,0.0,0.2906526057612462,0.636946510966661,-2.247497414313941,-1.943543176197094,-0.14157891996760233,0.144629276122062,0.05622926242885445,-0.07532,0.08877,0.0269,0.0005334493530404025,0.0,-0.0037204673308548495,1.086540524498393e-05,0.0,0.0006681055303068293
683,6.830053099896759,step,3.1005146536554267,1.15826214550865,3.9146998897194862,9.980600094422698,124371.0,221497.0,0.0,0.0,8.77,5e-05,1e-05,100.0,0.01,-0.012938360529822265,0.0,0.2215156972698885,-0.013482675288107652,0.0,0.22456805907043653,0.0,0.0,0.0,1.2059285315646378,0.0,0.7707227106025633,-1.2649032059807905,0.0,-0.3345340436593904,0.7816107459490464,0.0,0.29373920973508455,0.636946510966661,-2.247497414313941,-1.943543176197094,-0.14163742121522024,0.1449394115379208,0.05662779200606662,-0.08070000000000001,0.08070000000000001,0.02959,0.0005086551208244571,0.0,-0.0037137060433851763,3.565963746092937e-05,0.0,0.0006613442428371561
684,6.840059899957851,step,3.1049310545508106,1.1609581142113319,3.940299851819873,10.00680006109178,124371.0,221497.0,0.0,0.0,8.77,5e-05,1e-05,100.0,0.01,-0.013186860058115757,0.0,0.22147725169966448,-0.013482675288107652,0.0,0.22456805907043653,0.0,0.0,0.0,1.2322893935802106,0.0,0.7838508090745253,-1.2644199303802082,0.0,-0.34213761850313823,0.7991196501863373,0.0,0.29908711225302853,0.6354125301787753,-2.247497414313941,-1.943543176197094,-0.13759964758851848,0.14706455952972675,0.05621328464439147,-0.07801000000000001,0.07532,0.03228,0.00023803997324339029,0.0,-0.0037451813213392245,5.7775256748504654e-05,0.0,0.0006543739505671716
685,6.8500725999474525,step,3.1049310545508106,1.153390090693059,3.9031999185681343,10.01269998960197,124371.0,221497.0,0.0,0.0,8.77,5e-05,1e-05,100.0,0.01,-0.013186860058115757,0.0,0.22147725169966448,-0.013482675288107652,0.0,0.22456805907043653,0.0,0.0,0.0,1.2318081073415479,0.0,0.7914548729381891,-1.2638844305421917,0.0,-0.34971275840007493,0.798683071835238,0.0,0.30218421064868356,0.6354125301787753,-2.247497414313941,-1.943543176197094,-0.13759235716603133,0.1474057138362353,0.05659267656815313,-0.07801000000000001,0.07801000000000001,0.02959,0.00026376329978115625,0.0,-0.003731175536710488,3.2051930210738686e-05,0.0,0.000640368165938435
686,6.860087899956852,step,3.1049310545508106,1.1464394403034721,4.0160000789910555,10.015300009399652,124371.0,221497.0,0.0,0.0,8.77,5e-05,1e-05,100.0,0.01,-0.013186860058115757,0.0,0.22147725169966448,-0.013482675288107652,0.0,0.22456805907043653,0.0,0.0,0.0,1.2312726126689966,0.0,0.7990300133078234,-1.2633058979127045,0.0,-0.3572617498566747,0.7982112527350512,0.0,0.30527041045546105,0.6354125301787753,-2.247497414313941,-1.943543176197094,-0.13759104944446288,0.1477429754177357,0.056972597678117576,-0.07801000000000001,0.08070000000000001,0.0269,0.0002849593306130091,0.0,-0.0037182959830341896,1.0855899378885863e-05,0.0,0.0006274886122621367
687,6.870094099780545,step,3.1049310545508106,1.1400547358408675,3.9619000162929296,10.006199823692441,124371.0,221497.0,0.0,0.0,8.77,5e-05,1e-05,100.0,0.01,-0.013186860058115757,0.0,0.22147725169966448,-0.013482675288107652,0.0,0.22456805907043653,0.0,0.0,0.0,1.230694083352392,0.0,0.8065790050561971,-1.2626924431989308,0.0,-0.3647868020230198,0.7977115070846513,0.0,0.30834666327537974,0.6354125301787753,-2.247497414313941,-1.943543176197094,-0.13759451572211415,0.14807699434150923,0.057352786983254155,-0.07532,0.08339,0.03228,0.00030216038938604255,0.0,-0.0037065045580071307,-6.345159394147615e-06,0.0,0.0006156971872350778
688,6.880065599922091,step,3.1049310545508106,1.134193693614681,3.8801999762654305,9.97150014154613,124371.0,221497.0,0.0,0.0,8.77,5e-05,1e-05,100.0,0.01,-0.013186860058115757,0.0,0.22147725169966448,-0.013482675288107652,0.0,0.22456805907043653,0.0,0.0,0.0,1.2300806313267483,0.0,0.8141040574896194,-1.2620511856135612,0.0,-0.37229003288645196,0.797189141772257,0.0,0.31141373910145775,0.6354125301787753,-2.247497414313941,-1.943543176197094,-0.13760187701010987,0.1484082518536125,0.05773306429523225,-0.07532,0.07532,0.02959,0.00031585484199824355,0.0,-0.003695756358935531,-2.003961200634861e-05,0.0,0.0006049489881634782
689,6.890118999872357,step,3.1049310545508106,1.1288206536538645,5.34699996933341,10.053399950265884,124371.0,221497.0,0.0,0.0,8.77,5e-05,1e-05,100.0,0.01,-0.013186860058115757,0.0,0.22147725169966448,-0.013482675288107652,0.0,0.22456805907043653,0.0,0.0,0.0,1.229439375881519,0.0,0.8216072885964967,-1.2613883387390763,0.0,-0.3797734590204964,0.7966488114728034,0.0,0.3144723864442201,0.6354125301787753,-2.247497414313941,-1.943543176197094,-0.13761236050436654,0.14873717886768156,0.058113280008776705,-0.07532,0.08608,0.03228,0.0003264887614370451,0.0,-0.003686001433903399,-3.0673531445150144e-05,0.0,0.0005951940631313459
690,6.900062899803743,step,3.1049310545508106,1.123904650639148,3.88810015283525,9.943899931386113,124371.0,221497.0,0.0,0.0,8.77,5e-05,1e-05,100.0,0.01,-0.013186860058115757,0.0,0.22147725169966448,-0.013482675288107652,0.0,0.22456805907043653,0.0,0.0,0.0,1.2287765306689018,0.0,0.8290907149514896,-1.2607092925408645,0.0,-0.3872389883917246,0.7960945761011727,0.0,0.31752332686063656,0.6354125301787753,-2.247497414313941,-1.943543176197094,-0.1376252904172749,0.14906415951160729,0.05849331155821733,-0.07532,0.07532,0.03228,0.00033446782469177946,0.0,-0.003677186287976783,-3.865259469988452e-05,0.0,0.00058637891720473
691,6.910291499923915,step,3.1005146536554267,1.1152748085402364,3.6418999079614878,10.228600120171905,124371.0,221497.0,0.0,0.0,8.77,5e-05,1e-05,100.0,0.01,-0.012938360529822265,0.0,0.2215156972698885,-0.013482675288107652,0.0,0.22456805907043653,0.0,0.0,0.0,1.2007039324251993,0.0,0.8309678188772625,-1.2595113995395395,0.0,-0.3946097951850415,0.7771993425392382,0.0,0.3183039262537934,0.636946510966661,-2.247497414313941,-1.943543176197094,-0.14173953405780498,0.14757226286264738,0.05968616361782028,-0.07532,0.08608,0.03228,0.0005900285833596775,0.0,-0.003630530177293008,-4.5713825074291075e-05,0.0,0.0005781683767449876
692,6.920519399922341,step,3.1049310545508106,1.1169495324048146,3.507500048726797,10.227899998426437,124371.0,221497.0,0.0,0.0,8.77,5e-05,1e-05,100.0,0.01,-0.013186860058115757,0.0,0.22147725169966448,-0.013482675288107652,0.0,0.22456805907043653,0.0,0.0,0.0,1.2268976010014205,0.0,0.8439265626395716,-1.2589002603640016,0.0,-0.40205788121625663,0.7946238625937943,0.0,0.3235806860231479,0.6354125301787753,-2.247497414313941,-1.943543176197094,-0.13771094669155826,0.1496862397005972,0.05926660125592165,-0.08070000000000001,0.08339,0.03228,0.00030101985868467596,0.0,-0.0036685944778689097,-5.2046286927810216e-06,0.0,0.0005777871070968567
693,6.930056199897081,step,3.1005146536554267,1.1075361315664587,3.922899952158332,9.536799974739552,124371.0,221497.0,0.0,0.0,8.77,5e-05,1e-05,100.0,0.01,-0.012938360529822265,0.0,0.2215156972698885,-0.013482675288107652,0.0,0.22456805907043653,0.0,0.0,0.0,1.198894893875785,0.0,0.8457867117409366,-1.2577619752023717,0.0,-0.409411867446129,0.7757692753113818,0.0,0.324354720809137,0.636946510966661,-2.247497414313941,-1.943543176197094,-0.14182033050077533,0.1481955831817177,0.06045685222016571,-0.07532,0.08070000000000001,0.02959,0.0005606684241688726,0.0,-0.0036222451191038067,-1.6353665883486138e-05,0.0,0.0005698833185557865
694,6.940068299882114,step,3.1005146536554267,1.1041844137127275,3.9566000923514366,10.012099985033274,124371.0,221497.0,0.0,0.0,8.77,5e-05,1e-05,100.0,0.01,-0.012938360529822265,0.0,0.2215156972698885,-0.013482675288107652,0.0,0.22456805907043653,0.0,0.0,0.0,1.197754618783132,0.0,0.8531402094431406,-1.2566955715357353,0.0,-0.41676523428761303,0.7748999116735764,0.0,0.327361184380713,0.636946510966661,-2.247497414313941,-1.943543176197094,-0.14188620478427927,0.1484936384639707,0.06084780675716015,-0.08070000000000001,0.07801000000000001,0.03228,0.0005252628106341904,0.0,-0.0036219400360513933,1.9051947651196085e-05,0.0,0.0005695782355033732
695,6.950552799971774,step,3.1049310545508106,1.1091885856635886,4.4056999031454325,10.484500089660287,124371.0,221497.0,0.0,0.0,8.77,5e-05,1e-05,100.0,0.01,-0.013186860058115757,0.0,0.22147725169966448,-0.013482675288107652,0.0,0.22456805907043653,0.0,0.0,0.0,1.2240817617308641,0.0,0.8660820017812457,-1.2561967563613732,0.0,-0.42419561871273,0.7924210222560248,0.0,0.3326267321873011,0.6354125301787753,-2.247497414313941,-1.943543176197094,-0.1378399152163913,0.15061477844285692,0.06042175878718302,-0.08070000000000001,0.07801000000000001,0.03497,0.00024569407314477417,0.0,-0.003659875457424162,5.012115684712077e-05,0.0,0.0005690680866521089
696,6.960052199894562,step,3.1005146536554267,1.0981859269355543,3.859699936583638,9.499399922788143,124371.0,221497.0,0.0,0.0,8.77,5e-05,1e-05,100.0,0.01,-0.012938360529822265,0.0,0.2215156972698885,-0.013482675288107652,0.0,0.22456805907043653,0.0,0.0,0.0,1.196191381226706,0.0,0.8679244494348456,-1.2551536031721608,0.0,-0.4315319071319941,0.7736322493731319,0.0,0.33339393490389835,0.636946510966661,-2.247497414313941,-1.943543176197094,-0.14194113906827238,0.14912670564216743,0.061608208844863996,-0.07532,0.08608,0.03497,0.0005138106640387256,0.0,-0.0036135279681477795,3.0504094246660922e-05,0.0,0.0005611661675997593
697,6.97007119981572,step,3.1005146536554267,1.0957746447184205,3.8848998956382275,10.018999921157956,124371.0,221497.0,0.0,0.0,8.77,5e-05,1e-05,100.0,0.01,-0.012938360529822265,0.0,0.2215156972698885,-0.013482675288107652,0.0,0.22456805907043653,0.0,0.0,0.0,1.1951462394302161,0.0,0.8752602493264545,-1.2541669793501584,0.0,-0.43886779873900356,0.7728258110343212,0.0,0.3363916732262478,0.636946510966661,-2.247497414313941,-1.943543176197094,-0.14199703605899391,0.1494283287417185,0.06199497762747141,-0.08070000000000001,0.08070000000000001,0.03228,0.0004859668228808022,0.0,-0.0036133325161565263,5.834793540458429e-05,0.0,0.0005609707156085061
698,6.980046899989247,step,3.1049310545508106,1.1028873595944872,4.759099800139666,9.975700173527002,124371.0,221497.0,0.0,0.0,8.77,5e-05,1e-05,100.0,0.01,-0.013186860058115757,0.0,0.22147725169966448,-0.013482675288107652,0.0,0.22456805907043653,0.0,0.0,0.0,1.2215531634042898,0.0,0.8881845664276007,-1.2537342990057794,0.0,-0.4462811081011795,0.790408160104019,0.0,0.34164677557065093,0.6354125301787753,-2.247497414313941,-1.943543176197094,-0.13793876652521034,0.15155409167369066,0.06156428667944482,-0.08070000000000001,0.08608,0.03497,0.00021311901009456391,0.0,-0.0036514650441513176,8.269621989733103e-05,0.0,0.0005606576733792647
699,6.990045699989423,step,3.1005146536554267,1.091142113932932,4.096699878573418,9.998800000175834,124371.0,221497.0,0.0,0.0,8.77,5e-05,1e-05,100.0,0.01,-0.012938360529822265,0.0,0.2215156972698885,-0.013482675288107652,0.0,0.22456805907043653,0.0,0.0,0.0,1.1937289187804103,0.0,0.8900099390137928,-1.2527452121115932,0.0,-0.45360086307060354,0.7716547839097454,0.0,0.3424080317676869,0.636946510966661,-2.247497414313941,-1.943543176197094,-0.14203672271673728,0.15006651488540468,0.06274860617064434,-0.07801000000000001,0.08070000000000001,0.02959,0.0004871800222147138,0.0,-0.003605384329294983,5.71347360706727e-05,0.0,0.0005530225287469627
700,7.0000678999349475,step,3.1005146536554267,1.0894424769701696,3.834499977529049,10.022199945524335,124371.0,221497.0,0.0,0.0,8.77,5e-05,1e-05,100.0,0.01,-0.012938360529822265,0.0,0.2215156972698885,-0.013482675288107652,0.0,0.22456805907043653,0.0,0.0,0.0,1.192737844207914,0.0,0.8973292054495192,-1.2518020352917467,0.0,-0.46092087272462895,0.7708842123804555,0.0,0.3453981800581807,0.636946510966661,-2.247497414313941,-1.943543176197094,-0.14208699800425592,0.1503698566585302,0.06313268706216348,-0.08070000000000001,0.08070000000000001,0.02959,0.00046456677036770986,0.0,-0.0036055097755530296,7.974798791767661e-05,0.0,0.0005531479750050094
701,7.010049699805677,step,3.1005146536554267,1.0879236779032377,3.9127999916672707,9.981799870729446,124371.0,221497.0,0.0,0.0,8.77,5e-05,1e-05,100.0,0.01,-0.012938360529822265,0.0,0.2215156972698885,-0.013482675288107652,0.0,0.22456805907043653,0.0,0.0,0.0,1.1917946627090465,0.0,0.9046492149452942,-1.2508962173891567,0.0,-0.46824041354509854,0.7701451637880682,0.0,0.34838785813788614,0.636946510966661,-2.247497414313941,-1.943543176197094,-0.14213217780745804,0.15067545525367143,0.06351512133726109,-0.08339,0.08877,0.03228,0.00044616543652555403,0.0,-0.0036052788490859434,9.814932175983244e-05,0.0,0.0005529170485379232
702,7.020062599796802,step,2.9421213533869706,0.9880438896254734,3.8846000097692013,10.012899991124868,124371.0,221497.0,0.0,0.0,8.77,5e-05,1e-05,100.0,0.01,-0.012825642645122884,0.0,0.2217002400098771,-0.013482675288107652,0.0,0.22456805907043653,0.0,0.0,0.0,1.178463291657706,0.0,0.8851437308132523,-1.2497901414560264,0.0,-0.4751815078760692,0.7605330498870317,0.0,0.34013310686845044,0.636946510966661,-2.245963433526055,-1.943543176197094,-0.1440597377791541,0.14855188862453636,0.06337064181574256,-0.08070000000000001,0.08339,0.03228,0.0005448035969750992,0.0,-0.003418873013314736,0.00011222904600966877,0.0,0.0005510539527552958
703,7.030544099863619,step,3.1005146536554267,1.1024373874927162,4.408199805766344,10.481500066816807,124371.0,221497.0,0.0,0.0,8.77,5e-05,1e-05,100.0,0.01,-0.012938360529822265,0.0,0.2215156972698885,-0.013482675288107652,0.0,0.22456805907043653,0.0,0.0,0.0,1.189781859866397,0.0,0.9189075035551627,-1.2489769365337282,0.0,-0.4825612481918931,0.7685899674340441,0.0,0.3542141374091147,0.636946510966661,-2.247497414313941,-1.943543176197094,-0.14223884617615437,0.15126257000568158,0.06426621459660162,-0.07801000000000001,0.07801000000000001,0.03497,0.0004005484193946846,0.0,-0.003634930431425617,0.00014376633889070188,0.0,0.000582568630877597
704,7.040234099840745,step,3.1049310545508106,1.109973078434063,3.6702000070363283,9.689999977126718,124371.0,221497.0,0.0,0.0,8.77,5e-05,1e-05,100.0,0.01,-0.013186860058115757,0.0,0.22147725169966448,-0.013482675288107652,0.0,0.22456805907043653,0.0,0.0,0.0,1.216363106718837,0.0,0.9318780146450257,-1.2486815135238019,0.0,-0.4900051301876611,0.7863030000101603,0.0,0.35948105736199926,0.6354125301787753,-2.247497414313941,-1.943543176197094,-0.13815451951489438,0.153402109423666,0.06382962877258501,-0.07801000000000001,0.08877,0.03497,0.00014551217833808335,0.0,-0.0036665237577994288,0.00015030305165381159,0.0,0.0005757163870273758
705,7.05006349994801,step,3.1049310545508106,1.1032514173976704,3.8848000112921,9.829400107264519,124371.0,221497.0,0.0,0.0,8.77,5e-05,1e-05,100.0,0.01,-0.013186860058115757,0.0,0.22147725169966448,-0.013482675288107652,0.0,0.22456805907043653,0.0,0.0,0.0,1.216069676025206,0.0,0.9393223864040682,-1.2483054633069353,0.0,-0.49742275494928717,0.7859926360896526,0.0,0.3625103169591117,0.6354125301787753,-2.247497414313941,-1.943543176197094,-0.13812849387214027,0.15374433041416302,0.0641947973503039,-0.07532,0.08877,0.03497,0.00018522553891245228,0.0,-0.0036535906171544937,0.00011058969107944266,0.0,0.0005627832463824408
706,7.060045299818739,step,3.1049310545508106,1.0977381174973513,3.8122001569718122,9.981799870729446,124371.0,221497.0,0.0,0.0,8.77,5e-05,1e-05,100.0,0.01,-0.013186860058115757,0.0,0.22147725169966448,-0.013482675288107652,0.0,0.22456805907043653,0.0,0.0,0.0,1.2156936331602668,0.0,0.9467400116143592,-1.247860988735574,0.0,-0.5048179796402813,0.7856282935000608,0.0,0.36553000940902325,0.6354125301787753,-2.247497414313941,-1.943543176197094,-0.1381114525122536,0.1540814473971418,0.06456159853883386,-0.07801000000000001,0.09146,0.03497,0.0002189283194656332,0.0,-0.003642557342957683,7.688691052626175e-05,0.0,0.00055174997218563
707,7.070046899840236,step,2.9421213533869706,0.9885255749896696,3.889399813488126,10.001600021496415,124371.0,221497.0,0.0,0.0,8.77,5e-05,1e-05,100.0,0.01,-0.012825642645122884,0.0,0.2217002400098771,-0.013482675288107652,0.0,0.22456805907043653,0.0,0.0,0.0,1.1754300602911631,0.0,0.9217217859524987,-1.2466216017887721,0.0,-0.5117382541106754,0.7579291024559819,0.0,0.35504954454606397,0.636946510966661,-2.245963433526055,-1.943543176197094,-0.14411178852642206,0.15015396227662384,0.06522469207144738,-0.07532,0.08608,0.03497,0.000610466647394352,0.0,-0.0034086180800042705,4.656599559041592e-05,0.0,0.0005407990194448305
708,7.080111099872738,step,2.9346274631595826,1.0049877583068596,4.993600072339177,10.064200032502413,124371.0,221497.0,0.0,0.0,8.77,5e-05,1e-05,100.0,0.01,-0.013074425390941058,0.0,0.22166196712953137,-0.013482675288107652,0.0,0.22456805907043653,0.0,0.0,0.0,1.2016125553470003,0.0,0.9342025487650928,-1.2459688026636366,0.0,-0.518796812123299,0.7753667795478544,0.0,0.3601028001348489,0.6354125301787753,-2.245963433526055,-1.943543176197094,-0.14007393434737153,0.15225268495344518,0.06478280238297168,-0.08070000000000001,0.08070000000000001,0.040350000000000004,0.0003215396889339279,0.0,-0.003476730375871597,8.671020823266602e-05,0.0,0.0005706384349664379
709,7.090089899953455,step,2.9346274631595826,1.0153630414553563,6.078099831938744,9.97880008071661,124371.0,221497.0,0.0,0.0,8.77,5e-05,1e-05,100.0,0.01,-0.013074425390941058,0.0,0.22166196712953137,-0.013482675288107652,0.0,0.22456805907043653,0.0,0.0,0.0,1.2009617433728577,0.0,0.9412615918663949,-1.2452934374084457,0.0,-0.5258899097431584,0.7748238941208088,0.0,0.362981941442457,0.6354125301787753,-2.245963433526055,-1.943543176197094,-0.14008977690218705,0.152559375489387,0.06514256834016689,-0.07532,0.08608,0.03766,0.0003326547565850892,0.0,-0.003493743043534437,7.559514058150469e-05,0.0,0.0005876511026292781
710,7.100117899943143,step,3.1005146536554267,1.119600307806329,3.8030999712646008,10.027999989688396,124371.0,221497.0,0.0,0.0,8.77,5e-05,1e-05,100.0,0.01,-0.012938360529822265,0.0,0.2215156972698885,-0.013482675288107652,0.0,0.22456805907043653,0.0,0.0,0.0,1.1852871572603367,0.0,0.9696163906678583,-1.2443209408725993,0.0,-0.533308418075572,0.7648129070416727,0.0,0.3748920611859171,0.636946510966661,-2.247497414313941,-1.943543176197094,-0.14233511573115404,0.15347416229553415,0.06684388594897384,-0.07532,0.08070000000000001,0.03228,0.00047900835277694275,0.0,-0.003654025824656012,6.530640550844372e-05,0.0,0.0006016640241079917
711,7.110157299786806,step,3.1005146536554267,1.1093443320682683,3.7404000759124756,10.039399843662977,124371.0,221497.0,0.0,0.0,8.77,5e-05,1e-05,100.0,0.01,-0.012938360529822265,0.0,0.2215156972698885,-0.013482675288107652,0.0,0.22456805907043653,0.0,0.0,0.0,1.1843135711735013,0.0,0.9770367586056773,-1.2433796181650665,0.0,-0.5406963222549522,0.7640522207044905,0.0,0.3779230099199624,0.636946510966661,-2.247497414313941,-1.943543176197094,-0.1423827719662095,0.15378314024750395,0.06723217714843507,-0.08070000000000001,0.08877,0.03228,0.0004636535174640819,0.0,-0.003638951585939154,8.066124082130457e-05,0.0,0.0005865897853911338
712,7.120584799908102,step,3.1049310545508106,1.1103481250330272,4.228399833664298,10.427500121295452,124371.0,221497.0,0.0,0.0,8.77,5e-05,1e-05,100.0,0.01,-0.013186860058115757,0.0,0.22147725169966448,-0.013482675288107652,0.0,0.22456805907043653,0.0,0.0,0.0,1.2107657987316143,0.0,0.9900130893630746,-1.2429707749765302,0.0,-0.5481360973522819,0.7817024197384477,0.0,0.38318936878466403,0.6354125301787753,-2.247497414313941,-1.943543176197094,-0.13830257094098025,0.1559215163169393,0.0667976745534786,-0.07801000000000001,0.08339,0.040350000000000004,0.00020137789191647493,0.0,-0.0036645008830812256,9.443733807542001e-05,0.0,0.0005736935123091726
713,7.130532999988645,step,3.1049310545508106,1.1007529096018562,4.27249982021749,9.948200080543756,124371.0,221497.0,0.0,0.0,8.77,5e-05,1e-05,100.0,0.01,-0.013186860058115757,0.0,0.22147725169966448,-0.013482675288107652,0.0,0.22456805907043653,0.0,0.0,0.0,1.210358946208425,0.0,0.9974533536147986,-1.2424948271608816,0.0,-0.5555395505436568,0.7813174329627857,0.0,0.38621874426819475,0.6354125301787753,-2.247497414313941,-1.943543176197094,-0.13828862958440424,0.15625828860422236,0.06716663918279672,-0.07532,0.09146,0.03766,0.00023443063371245476,0.0,-0.003646610334683592,6.138459627944018e-05,0.0,0.0005558029639115389
714,7.140251499833539,step,2.9346274631595826,0.9902521541142919,4.573900019749999,9.718499844893813,124371.0,221497.0,0.0,0.0,8.77,5e-05,1e-05,100.0,0.01,-0.013074425390941058,0.0,0.22166196712953137,-0.013482675288107652,0.0,0.22456805907043653,0.0,0.0,0.0,1.197488675151692,0.0,0.9780066803092632,-1.241733314981188,0.0,-0.5625347422426668,0.7719418190627619,0.0,0.3779703881250261,0.6354125301787753,-2.245963433526055,-1.943543176197094,-0.1401813131746736,0.15415186667069672,0.06701828736214288,-0.07801000000000001,0.08608,0.03497,0.0003750868834685851,0.0,-0.0034455189603171785,3.3163013698008826e-05,0.0,0.0005394270194120196
715,7.150169399799779,step,2.9346274631595826,1.0009793907022906,3.768600057810545,9.91789996623993,124371.0,221497.0,0.0,0.0,8.77,5e-05,1e-05,100.0,0.01,-0.013074425390941058,0.0,0.22166196712953137,-0.013482675288107652,0.0,0.22456805907043653,0.0,0.0,0.0,1.1967262657236006,0.0,0.9849995235944126,-1.2409649665502296,0.0,-0.5695674238239531,0.7713265887896329,0.0,0.3808244414875183,0.6354125301787753,-2.245963433526055,-1.943543176197094,-0.14020951637785092,0.15445022836522299,0.06737881179110262,-0.07801000000000001,0.08070000000000001,0.03497,0.0003784541154707296,0.0,-0.0034639848016781005,2.9795781695864283e-05,0.0,0.0005578928607729416
716,7.160285099875182,step,2.9346274631595826,1.0094493296487534,3.571900073438883,10.115700075402856,124371.0,221497.0,0.0,0.0,8.77,5e-05,1e-05,100.0,0.01,-0.013074425390941058,0.0,0.22166196712953137,-0.013482675288107652,0.0,0.22456805907043653,0.0,0.0,0.0,1.195957917300565,0.0,0.9920322040105234,-1.2401913723632916,0.0,-0.5766295777812368,0.7707068038467777,0.0,0.38369477987446615,0.6354125301787753,-2.245963433526055,-1.943543176197094,-0.14023804983759966,0.15475021585741613,0.0677414460935545,-0.07532,0.07801000000000001,0.040350000000000004,0.00038103794054184507,0.0,-0.0034785015775827843,2.7211956624748838e-05,0.0,0.0005724096366776254
717,7.170187899842858,step,2.9346274631595826,1.0159347428421726,4.28210012614727,9.902799967676401,124371.0,221497.0,0.0,0.0,8.77,5e-05,1e-05,100.0,0.01,-0.013074425390941058,0.0,0.22166196712953137,-0.013482675288107652,0.0,0.22456805907043653,0.0,0.0,0.0,1.1951843235172308,0.0,0.9990943576387503,-1.2394139086159859,0.0,-0.5837142293085696,0.7700830889985247,0.0,0.3865771804547488,0.6354125301787753,-2.245963433526055,-1.943543176197094,-0.1402669181259713,0.15505136673986653,0.06810567126377087,-0.07532,0.08877,0.03497,0.00038294391312818977,0.0,-0.003489582875637294,2.5305984038404136e-05,0.0,0.0005834909347321353
718,7.180200399830937,step,3.1049310545508106,1.1247308411868993,3.6895000375807285,10.012499988079071,124371.0,221497.0,0.0,0.0,8.77,5e-05,1e-05,100.0,0.01,-0.013186860058115757,0.0,0.22147725169966448,-0.013482675288107652,0.0,0.22456805907043653,0.0,0.0,0.0,1.2068011896197344,0.0,1.0330291359726964,-1.2388632840398022,0.0,-0.5911930898257509,0.7784148677234108,0.0,0.4007291396622474,0.6354125301787753,-2.247497414313941,-1.943543176197094,-0.1383933078262544,0.15779390565161833,0.06898759863673007,-0.07532,0.08339,0.03228,0.0002712130701901598,0.0,-0.0036837526149801963,2.4602159801735137e-05,0.0,0.0005929452442081434
719,7.190137899946421,step,2.9346274631595826,1.0074149306297664,3.7517999298870564,9.937500115484,124371.0,221497.0,0.0,0.0,8.77,5e-05,1e-05,100.0,0.01,-0.013074425390941058,0.0,0.22166196712953137,-0.013482675288107652,0.0,0.22456805907043653,0.0,0.0,0.0,1.1938571372608067,0.0,1.0136602180029755,-1.2380420700870394,0.0,-0.5982426539381823,0.7689732240341686,0.0,0.3925178393121596,0.6354125301787753,-2.245963433526055,-1.943543176197094,-0.14029793740443772,0.15568493029766883,0.06884747217395885,-0.07532,0.08877,0.02959,0.0004044933100434962,0.0,-0.0034723003823886258,3.756587123097694e-06,0.0,0.0005662084414834669
720,7.200182099826634,step,3.1049310545508106,1.1159452717917664,4.166800063103437,10.044199880212545,124371.0,221497.0,0.0,0.0,8.77,5e-05,1e-05,100.0,0.01,-0.013186860058115757,0.0,0.22147725169966448,-0.013482675288107652,0.0,0.22456805907043653,0.0,0.0,0.0,1.2054293549767714,0.0,1.04755756174069,-1.2374566312955757,0.0,-0.6056894334441865,0.7772829102541617,0.0,0.4066536140878796,0.6354125301787753,-2.247497414313941,-1.943543176197094,-0.13842744027775455,0.15842477513303024,0.0697283878250663,-0.07801000000000001,0.08877,0.03766,0.0002883609975090489,0.0,-0.003667950941912016,7.454232482846017e-06,0.0,0.000577143571139963
721,7.21004129992798,step,2.9421213533869706,1.0006329109745669,4.058800172060728,9.859200101345778,124371.0,221497.0,0.0,0.0,8.77,5e-05,1e-05,100.0,0.01,-0.012825642645122884,0.0,0.2217002400098771,-0.013482675288107652,0.0,0.22456805907043653,0.0,0.0,0.0,1.1650257131834905,0.0,1.0225932384343723,-1.2361005315230695,0.0,-0.6126315252727164,0.7494064289306719,0.0,0.39621859688967753,0.636946510966661,-2.245963433526055,-1.943543176197094,-0.144472120037064,0.15447737050310015,0.07040907280047982,-0.07801000000000001,0.08608,0.03497,0.0006679541718510733,0.0,-0.003419364336055034,-1.092152886630535e-05,0.0,0.0005515452754955939
722,7.220029799966142,step,2.9346274631595826,1.0068193459905117,3.781799925491214,9.988500038161874,124371.0,221497.0,0.0,0.0,8.77,5e-05,1e-05,100.0,0.01,-0.013074425390941058,0.0,0.22166196712953137,-0.013482675288107652,0.0,0.22456805907043653,0.0,0.0,0.0,1.191091494065024,0.0,1.0350958196835343,-1.235352458795436,0.0,-0.6196871155735842,0.766805353624469,0.0,0.4012735129539461,0.6354125301787753,-2.245963433526055,-1.943543176197094,-0.1404299400489232,0.1565796623466988,0.06996765744353407,-0.08070000000000001,0.08070000000000001,0.040350000000000004,0.0003684672097152074,0.0,-0.0034752686136265767,3.9782687451386486e-05,0.0,0.0005691766727214179
723,7.23005639994517,step,2.9421213533869706,1.0093468413230007,3.8394001312553883,10.026599979028106,124371.0,221497.0,0.0,0.0,8.77,5e-05,1e-05,100.0,0.01,-0.012825642645122884,0.0,0.2217002400098771,-0.013482675288107652,0.0,0.22456805907043653,0.0,0.0,0.0,1.162920632825217,0.0,1.0365885718046397,-1.234092805248724,0.0,-0.6266785828736873,0.7477887612734893,0.0,0.4019415713756305,0.636946510966661,-2.245963433526055,-1.943543176197094,-0.14459242959997554,0.1550465232665454,0.07115155326032076,-0.07801000000000001,0.08608,0.03766,0.0006204490692145089,0.0,-0.003443684487782093,3.658357377025903e-05,0.0,0.0005758654272226531
724,7.240282999817282,step,3.1049310545508106,1.1199339421365906,3.611800028011203,10.226599872112274,124371.0,221497.0,0.0,0.0,8.77,5e-05,1e-05,100.0,0.01,-0.013186860058115757,0.0,0.22147725169966448,-0.013482675288107652,0.0,0.22456805907043653,0.0,0.0,0.0,1.2014780894000228,0.0,1.0759930030442777,-1.2336548177339377,0.0,-0.6341488481998805,0.7742335797986872,0.0,0.41826908674165936,0.6354125301787753,-2.247497414313941,-1.943543176197094,-0.13862880515996834,0.15960089149607315,0.07122284713143115,-0.08070000000000001,0.08339,0.040350000000000004,0.0002157330851693248,0.0,-0.0036795190078410625,8.008214482257015e-05,0.0,0.0005887116370690095
725,7.2500520998146385,step,2.7709632770486166,0.9042048602075162,4.621699918061495,9.769099997356534,124371.0,221497.0,0.0,0.0,8.77,5e-05,1e-05,100.0,0.01,-0.01296170750624169,0.0,0.22184650986951995,-0.013482675288107652,0.0,0.22456805907043653,0.0,0.0,0.0,1.1762231108654124,0.0,1.0297909513605674,-1.2327000085625823,0.0,-0.6408045662270113,0.7558897562335583,0.0,0.3988278800891499,0.6354125301787753,-2.2444294527381694,-1.943543176197094,-0.14243342490479335,0.15505184190401178,0.07056333164479081,-0.07532,0.08877,0.03766,0.00047029634711162496,0.0,-0.003278309393615359,5.067143475433655e-05,0.0,0.0005567601926987804
726,7.2600622999016196,step,2.9346274631595826,1.0204021622604014,3.797000041231513,10.010200086981058,124371.0,221497.0,0.0,0.0,8.77,5e-05,1e-05,100.0,0.01,-0.013074425390941058,0.0,0.22166196712953137,-0.013482675288107652,0.0,0.22456805907043653,0.0,0.0,0.0,1.187692052637927,0.0,1.0632670005969542,-1.2320065441213572,0.0,-0.6479136600639064,0.7641110476523457,0.0,0.41277660623569024,0.6354125301787753,-2.245963433526055,-1.943543176197094,-0.14057842055094846,0.15776643820632835,0.07143157293323213,-0.08070000000000001,0.08877,0.040350000000000004,0.00034156960714673405,0.0,-0.0035016220655058267,6.668029001985986e-05,0.0,0.0005955301246006678
727,7.270530299982056,step,2.9346274631595826,1.0198552863334358,4.337500082328916,10.468000080436468,124371.0,221497.0,0.0,0.0,8.77,5e-05,1e-05,100.0,0.01,-0.013074425390941058,0.0,0.22166196712953137,-0.013482675288107652,0.0,0.22456805907043653,0.0,0.0,0.0,1.1869994885880457,0.0,1.070378438651833,-1.2312991414224352,0.0,-0.6550194566932952,0.7635398418493767,0.0,0.4156777176356509,0.6354125301787753,-2.245963433526055,-1.943543176197094,-0.14059830470619186,0.1580736946658724,0.07179530549146829,-0.07532,0.08339,0.03766,0.0003484349702754065,0.0,-0.0034999980083723127,5.9814926891187386e-05,0.0,0.0005939060674671538
728,7.280205499846488,step,2.9421213533869706,1.0164190065440288,3.7273999769240618,9.675199864432216,124371.0,221497.0,0.0,0.0,8.77,5e-05,1e-05,100.0,0.01,-0.012825642645122884,0.0,0.2217002400098771,-0.013482675288107652,0.0,0.22456805907043653,0.0,0.0,0.0,1.1588673134680794,0.0,1.0719209125184996,-1.2300720127930362,0.0,-0.6620419281709243,0.7445344673691217,0.0,0.4163686988003702,0.636946510966661,-2.245963433526055,-1.943543176197094,-0.14476211414277593,0.15654191106452248,0.07298182017946248,-0.07801000000000001,0.08339,0.040350000000000004,0.0006044287478126684,0.0,-0.0034589557606952495,5.260389517209956e-05,0.0,0.0005911367001358095
729,7.290068599861115,step,2.9346274631595826,1.0185246337032912,3.9214000571519136,9.86310001462698,124371.0,221497.0,0.0,0.0,8.77,5e-05,1e-05,100.0,0.01,-0.013074425390941058,0.0,0.22166196712953137,-0.013482675288107652,0.0,0.22456805907043653,0.0,0.0,0.0,1.1850629648892015,0.0,1.08450622093812,-1.2294299060839278,0.0,-0.6691492434628813,0.7620362091527351,0.0,0.42145025781030576,0.6354125301787753,-2.245963433526055,-1.943543176197094,-0.14069739361409253,0.15865812557898745,0.07253759091107415,-0.07801000000000001,0.08877,0.040350000000000004,0.0003162730824222053,0.0,-0.0035007460337157566,9.197681474438862e-05,0.0,0.0005946540928105978
730,7.300100299995393,step,2.9421213533869706,1.012871214345621,3.742100205272436,10.031700134277344,124371.0,221497.0,0.0,0.0,8.77,5e-05,1e-05,100.0,0.01,-0.012825642645122884,0.0,0.2217002400098771,-0.013482675288107652,0.0,0.22456805907043653,0.0,0.0,0.0,1.1569980719567914,0.0,1.0860506991166614,-1.2282559399717692,0.0,-0.676168172461296,0.7430697107875982,0.0,0.42214239402307674,0.636946510966661,-2.245963433526055,-1.943543176197094,-0.144856362317631,0.15712841294352026,0.07372246230401758,-0.07532,0.08877,0.040350000000000004,0.0005782432665547564,0.0,-0.0034572108936744856,7.878937643001152e-05,0.0,0.0005893918331150456
731,7.310112499864772,step,2.9421213533869706,1.0105247623747102,3.9923000149428844,10.012199869379401,124371.0,221497.0,0.0,0.0,8.77,5e-05,1e-05,100.0,0.01,-0.012825642645122884,0.0,0.2217002400098771,-0.013482675288107652,0.0,0.22456805907043653,0.0,0.0,0.0,1.155822113962158,0.0,1.0930691417227587,-1.2271484643464203,0.0,-0.6831895495240948,0.7421793402466932,0.0,0.4250143781751721,0.636946510966661,-2.245963433526055,-1.943543176197094,-0.14492948178087922,0.15740825265291417,0.07409901929356205,-0.07801000000000001,0.08339,0.040350000000000004,0.000545493022838589,0.0,-0.003458416700836638,0.000111539620146179,0.0,0.000590597640277198
732,7.320142899872735,step,2.9346274631595826,1.0139414539611298,3.683599876239896,10.03040000796318,124371.0,221497.0,0.0,0.0,8.77,5e-05,1e-05,100.0,0.01,-0.013074425390941058,0.0,0.22166196712953137,-0.013482675288107652,0.0,0.22456805907043653,0.0,0.0,0.0,1.182139406085461,0.0,1.1056538421487614,-1.2266026976380426,0.0,-0.6902887897227419,0.7597691249396583,0.0,0.4300914717577536,0.6354125301787753,-2.245963433526055,-1.943543176197094,-0.1408483549751693,0.15953180017927976,0.07364957561138447,-0.08070000000000001,0.08339,0.03497,0.00026882030150670515,0.0,-0.0034967686034603944,0.00013942959565988876,0.0,0.0005906766625552356
733,7.330192599911243,step,3.132255758697199,1.1171269132764194,3.6454000510275364,10.04970003850758,124371.0,221497.0,0.0,0.0,8.77,5e-05,1e-05,100.0,0.01,-0.012748291477829743,0.0,0.22152311136036112,-0.013482675288107652,0.0,0.22456805907043653,0.0,0.0,0.0,1.1456439854883762,0.0,1.1329375625611557,-1.2253467523579546,0.0,-0.6976562144503689,0.7366831459822379,0.0,0.4429429701947315,0.636946510966661,-2.245963433526055,-1.9450771569849798,-0.14547483329753774,0.15884975891041106,0.07631656803193004,-0.07801000000000001,0.08339,0.03497,0.0006186225427212186,0.0,-0.003628864322809275,0.00011576126755669027,0.0,0.0005839166127338674
734,7.3400620999746025,step,2.9346274631595826,0.9912233371758299,3.7811000365763903,9.869500063359737,124371.0,221497.0,0.0,0.0,8.77,5e-05,1e-05,100.0,0.01,-0.013074425390941058,0.0,0.22166196712953137,-0.013482675288107652,0.0,0.22456805907043653,0.0,0.0,0.0,1.1803370742731876,0.0,1.1201227596947219,-1.2248323991671097,0.0,-0.7046773687467692,0.7583482342830935,0.0,0.4360004575234871,0.6354125301787753,-2.245963433526055,-1.943543176197094,-0.14093060497628984,0.16013872591708178,0.07440343150864023,-0.07801000000000001,0.09146,0.040350000000000004,0.00025334740599129767,0.0,-0.00345830697605963,0.00015490249117529624,0.0,0.0005522150351544709
735,7.35005689994432,step,2.9346274631595826,0.9910250251293167,3.782199928537011,9.99479996971786,124371.0,221497.0,0.0,0.0,8.77,5e-05,1e-05,100.0,0.01,-0.013074425390941058,0.0,0.22166196712953137,-0.013482675288107652,0.0,0.22456805907043653,0.0,0.0,0.0,1.1798253288625793,0.0,1.1271421496232754,-1.224264502742547,0.0,-0.7116936886445102,0.7578974859461284,0.0,0.43886122518256776,0.6354125301787753,-2.245963433526055,-1.943543176197094,-0.14093196710801095,0.16044996679899617,0.07475642238991971,-0.07801000000000001,0.08877,0.03766,0.00027972041117968124,0.0,-0.003455925767229454,0.00012852948598691266,0.0,0.000549833826324295
736,7.360056699952111,step,2.9346274631595826,0.9906548630202227,6.700899917632341,9.999800007790327,124371.0,221497.0,0.0,0.0,8.77,5e-05,1e-05,100.0,0.01,-0.013074425390941058,0.0,0.22166196712953137,-0.013482675288107652,0.0,0.22456805907043653,0.0,0.0,0.0,1.1792574380622618,0.0,1.134158469013656,-1.2236503713797924,0.0,-0.7187047931095923,0.7574098491248431,0.0,0.4417216574609613,0.6354125301787753,-2.245963433526055,-1.943543176197094,-0.14093931955839223,0.1607584601296338,0.07511123793072919,-0.07801000000000001,0.08877,0.04573,0.0003024936764486651,0.0,-0.0034533568780716214,0.00010575622071792883,0.0,0.0005472649371664625
737,7.370180399855599,step,2.9346274631595826,0.9901279811097363,4.121399950236082,10.12369990348816,124371.0,221497.0,0.0,0.0,8.77,5e-05,1e-05,100.0,0.01,-0.013074425390941058,0.0,0.22166196712953137,-0.013482675288107652,0.0,0.22456805907043653,0.0,0.0,0.0,1.1786433102589626,0.0,1.1411695735367244,-1.222996603086948,0.0,-0.7257104327002907,0.7568918774513423,0.0,0.44458072195767406,0.6354125301787753,-2.245963433526055,-1.943543176197094,-0.1409516254644214,0.16106456260998095,0.07546742791170652,-0.07532,0.09415,0.04304,0.0003220170576552458,0.0,-0.0034506651250625305,8.623283951134813e-05,0.0,0.0005445731841573717
738,7.380048799794167,step,2.9346274631595826,0.9894627429630154,3.8419000338763,9.868399938568473,124371.0,221497.0,0.0,0.0,8.77,5e-05,1e-05,100.0,0.01,-0.013074425390941058,0.0,0.22166196712953137,-0.013482675288107652,0.0,0.22456805907043653,0.0,0.0,0.0,1.1779895450171252,0.0,1.1481752131883944,-1.2223091285220162,0.0,-0.7327104695481026,0.7563479168805293,0.0,0.4474382098334989,0.6354125301787753,-2.245963433526055,-1.943543176197094,-0.14096818531402533,0.1613685680467183,0.07582474869612874,-0.07532,0.09415,0.048420000000000005,0.0003386192616484063,0.0,-0.003447905464187523,6.96306355181876e-05,0.0,0.000541813523282364
739,7.3900960998144,step,2.9346274631595826,0.988679315535769,4.811399849131703,10.047300020232797,124371.0,221497.0,0.0,0.0,8.77,5e-05,1e-05,100.0,0.01,-0.013074425390941058,0.0,0.22166196712953137,-0.013482675288107652,0.0,0.22456805907043653,0.0,0.0,0.0,1.1773020730466917,0.0,1.155175250098708,-1.2215932546640527,0.0,-0.7397048594711964,0.7557818715017737,0.0,0.45029396868605426,0.6354125301787753,-2.245963433526055,-1.943543176197094,-0.14098836983379412,0.16167074461145176,0.07618298548209726,-0.07532,0.08339,0.04304,0.00035260748481814674,0.0,-0.003445124041315744,5.564241234844717e-05,0.0,0.0005390321004105853
740,7.4000410998705775,step,2.7709632770486166,0.8930138846607856,3.8428998086601496,9.945000056177378,124371.0,221497.0,0.0,0.0,8.77,5e-05,1e-05,100.0,0.01,-0.01296170750624169,0.0,0.22184650986951995,-0.013482675288107652,0.0,0.22456805907043653,0.0,0.0,0.0,1.1641606511021414,0.0,1.1353446151271225,-1.2206236041204244,0.0,-0.7463162490419509,0.7461914037376258,0.0,0.44193107542215637,0.6354125301787753,-2.2444294527381694,-1.943543176197094,-0.14293198922887373,0.1595213264937179,0.07603030210310409,-0.07801000000000001,0.08339,0.040350000000000004,0.0004776065441389422,0.0,-0.00325647517612746,4.336123772701934e-05,0.0,0.0005349259752108811
741,7.41005799989216,step,2.7917472096374722,0.9112812345599279,3.975700121372938,10.016900021582842,124371.0,221497.0,0.0,0.0,8.77,5e-05,1e-05,100.0,0.01,-0.012712641808134861,0.0,0.22188460962574047,-0.013482675288107652,0.0,0.22456805907043653,0.0,0.0,0.0,1.1357341330520645,0.0,1.1364154998785005,-1.2191655075519499,0.0,-0.752907001360541,0.7269918454393685,0.0,0.442464983610131,0.636946510966661,-2.2444294527381694,-1.943543176197094,-0.14714225248211787,0.1579462211582868,0.07720393448422841,-0.07801000000000001,0.09146,0.040350000000000004,0.0007181932374152808,0.0,-0.0032463101875637446,5.1840242557509714e-05,0.0,0.0005628607428676824
742,7.42018729983829,step,2.7709632770486166,0.9192183005744509,4.676599986851215,10.129299946129322,124371.0,221497.0,0.0,0.0,8.77,5e-05,1e-05,100.0,0.01,-0.01296170750624169,0.0,0.22184650986951995,-0.013482675288107652,0.0,0.22456805907043653,0.0,0.0,0.0,1.161730002775373,0.0,1.1485439246767515,-1.2183197058110953,0.0,-0.7596334814537169,0.7443724240028649,0.0,0.4473365186045573,0.6354125301787753,-2.2444294527381694,-1.943543176197094,-0.14309236514859436,0.16003748602838777,0.07674623832779584,-0.08339,0.08070000000000001,0.04573,0.00041660415613713637,0.0,-0.003313163626454233,0.00010436362572882515,0.0,0.0005916144255376544
743,7.430202799849212,step,2.7917472096374722,0.9292463568724102,3.730199998244643,10.015500010922551,124371.0,221497.0,0.0,0.0,8.77,5e-05,1e-05,100.0,0.01,-0.012712641808134861,0.0,0.22188460962574047,-0.013482675288107652,0.0,0.22456805907043653,0.0,0.0,0.0,1.133430223541578,0.0,1.1497327301057378,-1.2169633783349074,0.0,-0.7663135034312976,0.7252491924747468,0.0,0.44791780881545484,0.636946510966661,-2.2444294527381694,-1.943543176197094,-0.14729047878738893,0.15847275634408448,0.07792161313310603,-0.07801000000000001,0.08608,0.048420000000000005,0.0006680663285133157,0.0,-0.003290280433965485,0.00010196715145947485,0.0,0.0006068309892694229
744,7.4401759000029415,step,2.6151857403447942,0.8419789700810745,3.7700000684708357,9.97310015372932,124371.0,221497.0,0.0,0.0,8.77,5e-05,1e-05,100.0,0.01,-0.012848706669253696,0.0,0.22203087948538325,-0.013482675288107652,0.0,0.22456805907043653,0.0017687599394631353,0.0,0.002880907004851416,1.1208074082827992,0.0,1.086028794087774,-1.2159665339036807,0.0,-0.7727248410205988,0.7173062380856954,0.0,0.4221186329102755,0.6354125301787753,-2.242895471950284,-1.943543176197094,-0.14819283670931657,0.1544764211414907,0.0755961252543807,-0.08339,0.09146,0.04304,0.000491001038436853,0.0,-0.0031579385062540785,0.0001429675804171033,0.0,0.0006207589212007944
745,7.450056199915707,step,2.4687886185589907,0.7726453279747458,3.938599955290556,9.880299912765622,124371.0,221497.0,0.0,0.0,8.77,5e-05,1e-05,100.0,0.01,-0.012735423145878957,0.0,0.2222150755432819,-0.013482675288107652,0.0,0.22456805907043653,0.001773177112607128,0.0,0.0028781903730029585,1.1072577128370245,0.0,1.0657084820511977,-1.214751365160277,0.0,-0.7788203829426754,0.7075632419563643,0.0,0.4136060432601205,0.6354125301787753,-2.2413614911623982,-1.943543176197094,-0.1502165032190818,0.15228312839715866,0.07544838458786875,-0.08070000000000001,0.08608,0.03766,0.0005985378422116965,0.0,-0.003002391666964079,0.00014871430001699788,0.0,0.0006494081398094507
746,7.460049599874765,step,2.4687886185589907,0.7934533989866962,4.152399953454733,9.99339995905757,124371.0,221497.0,0.0,0.0,8.77,5e-05,1e-05,100.0,0.01,-0.012735423145878957,0.0,0.2222150755432819,-0.013482675288107652,0.0,0.22456805907043653,0.003546354225214256,0.0,0.005756380746005917,1.0797123290668686,0.0,1.0227262303151037,-1.213576533305847,0.0,-0.7850084715056448,0.6902540523623703,0.0,0.3966200787714358,0.6354125301787753,-2.2413614911623982,-1.943543176197094,-0.1532966221164181,0.14887820698777163,0.07439724679460119,-0.08070000000000001,0.08608,0.04573,0.0005786696925255515,0.0,-0.003047976008270263,0.0001685824497031429,0.0,0.0006949924811156345
747,7.470096999779344,step,2.3008394660383757,0.6757130027741964,3.8137000519782305,10.047399904578924,124371.0,221497.0,0.0,0.0,8.77,5e-05,1e-05,100.0,0.01,-0.01225781426530835,0.0,0.22262034817728354,-0.013482675288107652,0.0,0.22456805907043653,0.003572807112663787,0.0,0.005739999732220978,1.025494646630983,0.0,0.97028195586945,-1.2114470655863991,0.0,-0.7904168924739626,0.6529887355517081,0.0,0.3750344339478133,0.636946510966661,-2.238293529586627,-1.943543176197094,-0.16163792422879653,0.14234986600083369,0.07467307443256482,-0.08608,0.07801000000000001,0.04573,0.0010488806766768262,0.0,-0.00266394657838385,0.00017598034612247514,0.0,0.0007162356852308625
748,7.48005749983713,step,2.2114816385061524,0.6771031690352948,3.8978001102805138,9.960500057786703,124371.0,221497.0,0.0,0.0,8.77,5e-05,1e-05,100.0,0.01,-0.012508009106902085,0.0,0.22258294525186995,-0.013482675288107652,0.0,0.22456805907043653,0.003563997862883063,0.0,0.005745473592954556,1.0510725837450423,0.0,0.9810287646828091,-1.209999269206559,0.0,-0.7960524087852058,0.6699684149672032,0.0,0.3792584843015382,0.6354125301787753,-2.238293529586627,-1.943543176197094,-0.15731153353138055,0.1444123427020045,0.07396566615840287,-0.09415,0.08339,0.03766,0.000713119824596595,0.0,-0.002775803600109191,0.00026154635660897193,0.0,0.0007906897815426047
749,7.490089499857277,step,2.2114816385061524,0.6920513719924265,4.454399924725294,10.03200002014637,124371.0,221497.0,0.0,0.0,8.77,5e-05,1e-05,100.0,0.01,-0.012508009106902085,0.0,0.22258294525186995,-0.013482675288107652,0.0,0.22456805907043653,0.005345996794324595,0.0,0.008618210389431835,1.0231664834158516,0.0,0.9376822871354279,-1.2085881732846946,0.0,-0.8017630459562156,0.6525059633667569,0.0,0.3621525423946093,0.6354125301787753,-2.238293529586627,-1.943543176197094,-0.16055095849283565,0.14095702924337894,0.07298270797616918,-0.09146,0.07801000000000001,0.04304,0.0006950428183831899,0.0,-0.002812804780030843,0.00027962336282237707,0.0,0.000827690961464257
750,7.5005026999861,step,2.214971796749847,0.6493888540463145,3.4197999630123377,10.413200128823519,124371.0,221497.0,0.0,0.0,8.77,5e-05,1e-05,100.0,0.01,-0.012143402668699801,0.0,0.22280384567311134,-0.013482675288107652,0.0,0.22456805907043653,0.005372411932347387,0.0,0.008601768543656851,0.9811700159209656,0.0,0.911561839639205,-1.206442543417295,0.0,-0.807041844605003,0.6240462667193719,0.0,0.3515762530353924,0.636946510966661,-2.2367595487987413,-1.943543176197094,-0.1670038077192283,0.13683786894635452,0.07375970644612655,-0.08877,0.08339,0.03766,0.0010568414288052515,0.0,-0.0026001004139269705,0.0002824311906025989,0.0,0.0008358870166017833
751,7.510109599912539,step,2.104914933887909,0.6302709555378091,3.973300103098154,9.606899926438928,124371.0,221497.0,0.0,0.0,8.77,5e-05,1e-05,100.0,0.01,-0.012393879126427143,0.0,0.22276661803692638,-0.013482675288107652,0.0,0.22456805907043653,0.005359210669494882,0.0,0.00860999959533626,1.006828957525282,0.0,0.9221088786275696,-1.2049234044195922,0.0,-0.8124460803958017,0.6410379368548366,0.0,0.3556895057890682,0.6354125301787753,-2.2367595487987413,-1.943543176197094,-0.16263535754805464,0.13890072830200134,0.07302077803834486,-0.09415,0.07263,0.03766,0.0007482600113279771,0.0,-0.0026618851468870686,0.00034053615035253165,0.0,0.0008604441133769148
752,7.520576199982315,step,2.214971796749847,0.6479883146466878,4.216700093820691,10.466600069776177,124371.0,221497.0,0.0,0.0,8.77,5e-05,1e-05,100.0,0.01,-0.012143402668699801,0.0,0.22280384567311134,-0.013482675288107652,0.0,0.22456805907043653,0.005372411932347387,0.0,0.008601768543656851,0.9775043168971549,0.0,0.9222425406820675,-1.2028791621692345,0.0,-0.8177583764487516,0.6214374601193884,0.0,0.35599416271505746,0.636946510966661,-2.2367595487987413,-1.943543176197094,-0.16718803351496947,0.13719399586939124,0.07431542161846849,-0.09146,0.08070000000000001,0.040350000000000004,0.001006902417568662,0.0,-0.0026165997389104214,0.0003323702018391884,0.0,0.0008523863415852342
753,7.530209499876946,step,2.016296158984362,0.5524909627491907,3.651300212368369,9.633299894630909,124371.0,221497.0,0.0,0.0,8.77,5e-05,1e-05,100.0,0.01,-0.012279467529818622,0.0,0.22295011553275415,-0.013482675288107652,0.0,0.22456805907043653,0.0053724119313489855,0.0,0.008601768542658449,0.9904572888665595,0.0,0.9062926665202329,-1.2011675091424656,0.0,-0.8227277619292123,0.6295883512238868,0.0,0.34914557312902084,0.6354125301787753,-2.235225568010856,-1.943543176197094,-0.16499155205059565,0.1367879365829075,0.07321396079608009,-0.09146,0.07532,0.048420000000000005,0.0008430838225708016,0.0,-0.002447697308492058,0.00036012393571822844,0.0,0.0008297537708096764
754,7.540512099862099,step,2.1012532682601024,0.5263902428266853,3.3795000053942204,10.302599985152483,124371.0,221497.0,0.0,0.0,8.77,5e-05,1e-05,100.0,0.01,-0.011913735704630127,0.0,0.22317031307034527,-0.013482675288107652,0.0,0.22456805907043653,0.005398776502289172,0.0,0.00858524573543789,0.9480384893750619,0.0,0.8795341340150944,-1.1986852344322456,0.0,-0.8272175085149714,0.600991707427841,0.0,0.33839191308282857,0.636946510966661,-2.23369158722297,-1.943543176197094,-0.17148055510391896,0.1326222083387978,0.07395484792898144,-0.09146,0.07532,0.03766,0.0012226576406748134,0.0,-0.002211448614116282,0.0003462819428027117,0.0,0.0008137026140250165
755,7.550176399992779,step,1.9480764518703793,0.4891086940862678,3.7034000270068645,9.664300130680203,124371.0,221497.0,0.0,0.0,8.77,5e-05,1e-05,100.0,0.01,-0.012164774586298041,0.0,0.22313343730756605,-0.013482675288107652,0.0,0.22456805907043653,0.005385600553429242,0.0,0.00859351724837124,0.9734224041454772,0.0,0.8892402923189971,-1.1968020883889399,0.0,-0.8317901659134538,0.6177668637075534,0.0,0.34212907120864533,0.6354125301787753,-2.23369158722297,-1.943543176197094,-0.1671535005484537,0.1346322039012493,0.07319492231073824,-0.09684000000000001,0.07801000000000001,0.03497,0.0009275536220365529,0.0,-0.0022522867768922064,0.0003903470797730578,0.0,0.0008176650140217204
756,7.560501399915665,step,1.9024517076883105,0.4370067416410295,4.370199982076883,10.32499992288649,124371.0,221497.0,0.0,0.0,8.77,5e-05,1e-05,100.0,0.01,-0.012049800565748947,0.0,0.22331658292998813,-0.013482675288107652,0.0,0.22456805907043653,0.005398776502289172,0.0,0.008585245734439487,0.9586713635110538,0.0,0.8673325085695591,-1.1946460642521268,0.0,-0.8359376828818978,0.6075750726135443,0.0,0.3331058789069264,0.6354125301787753,-2.2321576064350843,-1.943543176197094,-0.1695043954028763,0.13228902786848606,0.07311350214840781,-0.09415,0.07801000000000001,0.040350000000000004,0.0010619611816131635,0.0,-0.0020428815917988823,0.0003709135407455413,0.0,0.0007914054513504781
757,7.570432199863717,step,1.8810668588299024,0.39695524266591875,3.3990999218076468,9.930799948051572,124371.0,221497.0,0.0,0.0,8.77,5e-05,1e-05,100.0,0.01,-0.011934545738716384,0.0,0.22349955196906107,-0.013482675288107652,0.0,0.22456805907043653,0.005411939745480701,0.0,0.008576954015839224,0.9436137494973055,0.0,0.8450228094340807,-1.1922415970249824,0.0,-0.8396881894459349,0.5972322387191463,0.0,0.32393961179151654,0.6354125301787753,-2.230623625647199,-1.943543176197094,-0.17161580517301295,0.12995985819525185,0.07284732578723588,-0.09415,0.06994,0.03497,0.0011843331501208416,0.0,-0.0018473320007817778,0.00036379639927042575,0.0,0.0007788248994063179
758,7.580620899796486,step,1.8810668588299024,0.39611269843314445,4.361199913546443,10.188699932768941,124371.0,221497.0,0.0,0.0,8.77,5e-05,1e-05,100.0,0.01,-0.011934545738716384,0.0,0.22349955196906107,-0.013482675288107652,0.0,0.22456805907043653,0.005411939745480701,0.0,0.008576954015839224,0.9412083552877809,0.0,0.8487709932211476,-1.1898451647162716,0.0,-0.84343822239398,0.5955839862896454,0.0,0.32551698919765004,0.6354125301787753,-2.230623625647199,-1.943543176197094,-0.17171346295424228,0.13004621982508874,0.0730257581121577,-0.09415,0.06994,0.03766,0.0011803755082150699,0.0,-0.001847098718700261,0.0003677540411761975,0.0,0.000778591617324801
759,7.590054199798033,step,1.8810668588299024,0.39080273897282064,5.919600138440728,9.43330000154674,124371.0,221497.0,0.0,0.0,8.77,5e-05,1e-05,100.0,0.01,-0.011934545738716384,0.0,0.22349955196906107,-0.013482675288107652,0.0,0.22456805907043653,0.005411939745480701,0.0,0.008576954015839224,0.9388119218255709,0.0,0.8525210254357729,-1.1874341056266544,0.0,-0.8471432097104248,0.5939415369658387,0.0,0.3270949281694084,0.6354125301787753,-2.230623625647199,-1.943543176197094,-0.17194505665498966,0.1301107863198313,0.07328915099869454,-0.09953000000000001,0.07532,0.03766,0.0011875800071207104,0.0,-0.0018249112527326822,0.00036054954227055696,0.0,0.0007564041513572223
760,7.600524299778044,step,1.884747233617068,0.35489997730795475,4.3836000841110945,10.470099980011582,124371.0,221497.0,0.0,0.0,8.77,5e-05,1e-05,100.0,0.01,-0.011819010376405995,0.0,0.22368234399424108,-0.013482675288107652,0.0,0.22456805907043653,0.005425090257544567,0.0,0.008568642118528912,0.9234694591002576,0.0,0.829797195686161,-1.1847540436931325,0.0,-0.850393173848363,0.5834622490667418,0.0,0.3177833615848851,0.6354125301787753,-2.229089644859313,-1.943543176197094,-0.1742202709097614,0.1277284661219507,0.07309240925141396,-0.09684000000000001,0.06994,0.040350000000000004,0.0013200787918480675,0.0,-0.001600787160586648,0.00034358611985358983,0.0,0.0007150720843912
761,7.610123899998143,step,2.1383090759473355,0.38828882629844763,4.066800000146031,9.599600220099092,124371.0,221497.0,0.0,0.0,8.77,5e-05,1e-05,100.0,0.01,-0.011451034272956073,0.0,0.2239011254231877,-0.013482675288107652,0.0,0.22456805907043653,0.005451352950010585,0.0,0.008551957849679088,0.8798343507480951,0.0,0.8015273800483708,-1.1813151962181856,0.0,-0.8531479459549034,0.5543746886535639,0.0,0.30658495783189055,0.636946510966661,-2.2275556640714274,-1.943543176197094,-0.18068234656045648,0.12346606863950543,0.07367454033607397,-0.09415,0.07532,0.03497,0.001693822655102697,0.0,-0.001356877685822621,0.0003378183600488817,0.0,0.0006899440385738024
762,7.620516899973154,step,1.9133481881743646,0.31836282503242325,4.341699881479144,10.392999975010753,124371.0,221497.0,0.0,0.0,8.77,5e-05,1e-05,100.0,0.01,-0.011703194750683696,0.0,0.2238649585754008,-0.013482675288107652,0.0,0.22456805907043653,0.005438228002039085,0.0,0.008560310053490977,0.9043845551419796,0.0,0.8093941587084301,-1.1784934271938043,0.0,-0.8559685417828561,0.5705371387174173,0.0,0.3095147460832314,0.6354125301787753,-2.2275556640714274,-1.943543176197094,-0.17647038378960628,0.12534954745082685,0.07287458345337894,-0.09684000000000001,0.06187,0.040350000000000004,0.00138987737484272,0.0,-0.0013892995106879532,0.0003896031625812359,0.0,0.0006861990156522342
763,7.6301790999714285,step,2.2020182398384693,0.3658095133505307,3.8132998161017895,9.662199998274446,124371.0,221497.0,0.0,0.0,8.77,5e-05,1e-05,100.0,0.01,-0.011334658938644951,0.0,0.2240833838275963,-0.013482675288107652,0.0,0.22456805907043653,0.005464465070009396,0.0,0.008543585519074073,0.8605493630600255,0.0,0.7807502088934384,-1.1748948035097961,0.0,-0.8582794687069327,0.5413987649078952,0.0,0.2982058145670474,0.636946510966661,-2.226021683283542,-1.943543176197094,-0.18321730879154813,0.12101832985905409,0.07360462232292428,-0.09684000000000001,0.07532,0.04573,0.0017725212785879645,0.0,-0.0011382593752135319,0.0003754950708747364,0.0,0.000653584132373294
764,7.640511899953708,step,2.2020182398384693,0.3514171869174071,4.718600073829293,10.332799982279539,124371.0,221497.0,0.0,0.0,8.77,5e-05,1e-05,100.0,0.01,-0.011334658938644951,0.0,0.2240833838275963,-0.013482675288107652,0.0,0.22456805907043653,0.005464465070009396,0.0,0.008543585519074073,0.8569477807564275,0.0,0.7830583678556977,-1.1713840510150322,0.0,-0.8605697691820623,0.5390036295517013,0.0,0.2992298891157523,0.636946510966661,-2.226021683283542,-1.943543176197094,-0.18331779948879207,0.1210023750699887,0.07366867986848671,-0.10222,0.06725,0.03228,0.0017292398559145645,0.0,-0.0011280997078321265,0.00041877649354813643,0.0,0.0006434244649918886
765,7.650095499819145,step,1.9657822197440131,0.27943530224406016,3.9100998546928167,9.583599865436554,124371.0,221497.0,0.0,0.0,8.77,5e-05,1e-05,100.0,0.01,-0.011587099134074921,0.0,0.22404739528283057,-0.013482675288107652,0.0,0.22456805907043653,0.005451352950010585,0.0,0.008551957849679088,0.8814596732394633,0.0,0.7904371865965519,-1.1684400741804772,0.0,-0.8628729768387463,0.5551258562820299,0.0,0.30194093374765163,0.6354125301787753,-2.226021683283542,-1.943543176197094,-0.17938600618991504,0.12281711079642943,0.07302196753774534,-0.10222,0.06725,0.03497,0.0014500714831917104,0.0,-0.0011344572089104854,0.0004455046708410201,0.0,0.0006137934213045282
766,7.660525399958715,step,2.284797451748909,0.34485042493135254,4.424799932166934,10.429900139570236,124371.0,221497.0,0.0,0.0,8.77,5e-05,1e-05,100.0,0.01,-0.011218004160473818,0.0,0.22426546350011203,-0.013482675288107652,0.0,0.22456805907043653,0.0036517095543894948,0.0,0.005690128724423995,0.8645525205140205,0.0,0.8098390582800804,-1.1646776948928155,0.0,-0.8646299695371776,0.542413734238375,0.0,0.3096183524816615,0.636946510966661,-2.224487702495656,-1.943543176197094,-0.18301804949795034,0.122089868220158,0.07503447835715447,-0.09684000000000001,0.06187,0.040350000000000004,0.0018531799740925984,0.0,-0.0008654161195383928,0.000411491153541235,0.0,0.0005628205492138941
767,7.670177099993452,step,2.0402124876655003,0.2672060450145842,3.871399909257889,9.651700034737587,124371.0,221497.0,0.0,0.0,8.77,5e-05,1e-05,100.0,0.01,-0.011470723799763743,0.0,0.22422965368723913,-0.013482675288107652,0.0,0.22456805907043653,0.0036429767123411943,0.0,0.0056957236787171135,0.8887760688487638,0.0,0.8167046431719004,-1.1614908756251716,0.0,-0.8664200771334138,0.558353386865876,0.0,0.31211434186995124,0.6354125301787753,-2.224487702495656,-1.943543176197094,-0.17898113889538725,0.12389083483509733,0.0742882007970913,-0.10222,0.07263,0.04304,0.0015696848181195485,0.0,-0.0008817270389763516,0.0004422666702243599,0.0,0.0005433216557789472
768,7.68050599982962,step,2.284797451748909,0.33619081850333365,4.4652000069618225,10.328899836167693,124371.0,221497.0,0.0,0.0,8.77,5e-05,1e-05,100.0,0.01,-0.011218004160473818,0.0,0.22426546350011203,-0.013482675288107652,0.0,0.22456805907043653,0.0036517095543894948,0.0,0.005690128724423995,0.8576028405511915,0.0,0.8133853082098342,-1.1577330312358152,0.0,-0.8680596339243025,0.5378154580076367,0.0,0.31122834337097766,0.636946510966661,-2.224487702495656,-1.943543176197094,-0.18364833447273585,0.12194556455239455,0.0753854156502019,-0.09953000000000001,0.07263,0.03766,0.0018509462857583055,0.0,-0.0008075724372676324,0.0004137248418755279,0.0,0.0005049768669431337
769,7.690096199978143,step,2.284797451748909,0.32683573163206225,4.319899948313832,9.590200148522854,124371.0,221497.0,0.0,0.0,8.77,5e-05,1e-05,100.0,0.01,-0.011218004160473818,0.0,0.22426546350011203,-0.013482675288107652,0.0,0.22456805907043653,0.0036517095543894948,0.0,0.005690128724423995,0.8538429729467556,0.0,0.8150244135378955,-1.1540024316117972,0.0,-0.8696166865974256,0.53533434737165,0.0,0.31198546135806643,0.636946510966661,-2.224487702495656,-1.943543176197094,-0.18394968439113712,0.12186117141644559,0.07553560871641328,-0.10222,0.06187,0.04304,0.0018375267313583494,0.0,-0.0007669345942610511,0.00042714439627548396,0.0,0.0004643390239365524
770,7.700354499975219,step,2.0402124876655003,0.2526837850208482,4.750499967485666,10.258299997076392,124371.0,221497.0,0.0,0.0,8.77,5e-05,1e-05,100.0,0.01,-0.011470723799763743,0.0,0.22422965368723913,-0.013482675288107652,0.0,0.22456805907043653,0.0018214883561705972,0.0,0.0028478618393585568,0.9051474638617187,0.0,0.870249687418864,-1.1507975186265587,0.0,-0.8711538014298608,0.567741043301188,0.0,0.3335537641419465,0.6354125301787753,-2.224487702495656,-1.943543176197094,-0.17708760070251267,0.1272379266212114,0.07628598804221876,-0.10222,0.06187,0.04304,0.001578596975172169,0.0,-0.0007571141045483736,0.0004333545131717394,0.0,0.00041870872135096925
771,7.710251299897209,step,2.0402124876655003,0.25803885154945616,4.226500168442726,9.896799921989441,124371.0,221497.0,0.0,0.0,8.77,5e-05,1e-05,100.0,0.01,-0.011470723799763743,0.0,0.22422965368723913,-0.013482675288107652,0.0,0.22456805907043653,0.0018214883561705972,0.0,0.0028478618393585568,0.9019450335006352,0.0,0.871788717331818,-1.1475021019316332,0.0,-0.872582847049944,0.5656247379245648,0.0,0.3342555931911597,0.6354125301787753,-2.224487702495656,-1.943543176197094,-0.17746463337618423,0.12715323286341385,0.0764977766737369,-0.09684000000000001,0.07532,0.04573,0.0016231750598227571,0.0,-0.0007038840379245319,0.00038877642852115125,0.0,0.0003654786547271276
772,7.720569099998102,step,2.284797451748909,0.33472083302830696,4.803499905392528,10.317800100892782,124371.0,221497.0,0.0,0.0,8.77,5e-05,1e-05,100.0,0.01,-0.011218004160473818,0.0,0.22426546350011203,-0.013482675288107652,0.0,0.22456805907043653,0.0018258547771947474,0.0,0.0028450643622119974,0.8707260290862044,0.0,0.8680601704798423,-1.1436065032037326,0.0,-0.8738319876355445,0.5450453616941356,0.0,0.3332029651670054,0.636946510966661,-2.224487702495656,-1.943543176197094,-0.1820131519542808,0.12520571192954155,0.077495294050313,-0.09684000000000001,0.07263,0.040350000000000004,0.0019187979195294282,0.0,-0.0006152708541779316,0.00034587320810440525,0.0,0.00031267528385343294
773,7.730546199949458,step,2.0402124876655003,0.25718743333047706,4.476299975067377,9.97709995135665,124371.0,221497.0,0.0,0.0,8.77,5e-05,1e-05,100.0,0.01,-0.011470723799763743,0.0,0.22422965368723913,-0.013482675288107652,0.0,0.22456805907043653,0.0,0.0,0.0,0.9217986676120784,0.0,0.923024778008001,-1.1402399845312288,0.0,-0.875067270475305,0.5773284199471961,0.0,0.35467288951236614,0.6354125301787753,-2.224487702495656,-1.943543176197094,-0.17516260055702254,0.13056282720878853,0.07823474432527497,-0.09953000000000001,0.07263,0.03766,0.0016581967178992546,0.0,-0.0006084451475935719,0.0003537547704446538,0.0,0.0002700397643961676
774,7.740268899826333,step,2.0402124876655003,0.2638573431558343,3.7013001274317503,9.722699876874685,124371.0,221497.0,0.0,0.0,8.77,5e-05,1e-05,100.0,0.01,-0.011470723799763743,0.0,0.22422965368723913,-0.013482675288107652,0.0,0.22456805907043653,0.0,0.0,0.0,0.9184346290470871,0.0,0.9242619771518152,-1.1367932546109567,0.0,-0.8762130976937343,0.5751141613017123,0.0,0.3552554812345373,0.6354125301787753,-2.224487702495656,-1.943543176197094,-0.17551368076750357,0.13046382704038384,0.07840894594599523,-0.09684000000000001,0.06994,0.03766,0.0016977051955661244,0.0,-0.0005643833044496657,0.000314246292777784,0.0,0.00022597792125226136
775,7.7500604998786,step,2.284797451748909,0.3447736663428212,3.928700229153037,9.791600052267313,124371.0,221497.0,0.0,0.0,8.77,5e-05,1e-05,100.0,0.01,-0.011218004160473818,0.0,0.22426546350011203,-0.013482675288107652,0.0,0.22456805907043653,0.0,0.0,0.0,0.8871291461168138,0.0,0.9202025124648475,-1.1327622014143524,0.0,-0.8772077300093603,0.5544657748806275,0.0,0.3540676787717989,0.636946510966661,-2.224487702495656,-1.943543176197094,-0.18003673926415104,0.12850163797959252,0.07936886595793327,-0.09953000000000001,0.06725,0.040350000000000004,0.001985516740150766,0.0,-0.0004899114491056071,0.00027915438748306754,0.0,0.0001873158787811084
776,7.760064499918371,step,2.284797451748909,0.33770533197146113,3.897000104188919,10.0040000397712,124371.0,221497.0,0.0,0.0,8.77,5e-05,1e-05,100.0,0.01,-0.011218004160473818,0.0,0.22426546350011203,-0.013482675288107652,0.0,0.22456805907043653,0.0,0.0,0.0,0.8830960717435348,0.0,0.9211966903097621,-1.1287618268397102,0.0,-0.8781470222222149,0.5518224670111832,0.0,0.35456839462641415,0.636946510966661,-2.224487702495656,-1.943543176197094,-0.1804606394876624,0.1283597859949206,0.07955369857892877,-0.10222,0.07801000000000001,0.048420000000000005,0.0019704058213661116,0.0,-0.0004626533864864878,0.00029426530626772184,0.0,0.00016005781616198914
777,7.770060999784619,step,2.0402124876655003,0.25806136753707076,3.855600021779537,9.996499866247177,124371.0,221497.0,0.0,0.0,8.77,5e-05,1e-05,100.0,0.01,-0.011470723799763743,0.0,0.22422965368723913,-0.013482675288107652,0.0,0.22456805907043653,0.0,0.0,0.0,0.9069544543993611,0.0,0.9273412764903801,-1.1253015647705444,0.0,-0.8791112082984194,0.5675843785130429,0.0,0.3567779286048337,0.6354125301787753,-2.224487702495656,-1.943543176197094,-0.17671832633702506,0.13007269402776894,0.07894789947073838,-0.09953000000000001,0.07801000000000001,0.048420000000000005,0.001704370527638976,0.0,-0.00047491499158010806,0.0003075809607049323,0.0,0.00013650960838270374
778,7.780069899978116,step,2.284797451748909,0.34142711219755456,3.805499989539385,10.008900193497539,124371.0,221497.0,0.0,0.0,8.77,5e-05,1e-05,100.0,0.01,-0.011218004160473818,0.0,0.22426546350011203,-0.013482675288107652,0.0,0.22456805907043653,0.0,0.0,0.0,0.8756374561530994,0.0,0.9231006249513222,-1.121255442000164,0.0,-0.8799480154069494,0.5469324861099288,0.0,0.35552103191632123,0.636946510966661,-2.224487702495656,-1.943543176197094,-0.18124422112084926,0.12810049212722704,0.07989869940792785,-0.09953000000000001,0.07263,0.04304,0.0019929393390449596,0.0,-0.00041217380203841496,0.00027173178858887377,0.0,0.00010957823171391627
779,7.790502899792045,step,2.284797451748909,0.3355474237137686,3.9741999935358763,10.4329998139292,124371.0,221497.0,0.0,0.0,8.77,5e-05,1e-05,100.0,0.01,-0.011218004160473818,0.0,0.22426546350011203,-0.013482675288107652,0.0,0.22456805907043653,0.0,0.0,0.0,0.8715893134887727,0.0,0.9239369774680283,-1.11723891730933,0.0,-0.8807510724370605,0.5442831271553381,0.0,0.3559577753252132,0.636946510966661,-2.224487702495656,-1.943543176197094,-0.18167060366672033,0.12795058978828716,0.0800763647278504,-0.09953000000000001,0.07532,0.048420000000000005,0.001978360647187025,0.0,-0.0003955500210030804,0.00028631048044680833,0.0,9.295445067858171e-05
780,7.8001774998847395,step,2.284797451748909,0.3308704264635737,5.270000081509352,9.674600092694163,124371.0,221497.0,0.0,0.0,8.77,5e-05,1e-05,100.0,0.01,-0.011218004160473818,0.0,0.22426546350011203,-0.013482675288107652,0.0,0.22456805907043653,0.0,0.0,0.0,0.8675727853550794,0.0,0.9247400347299006,-1.113245907954642,0.0,-0.8815252801718142,0.5416550924210428,0.0,0.3563801991299619,0.636946510966661,-2.224487702495656,-1.943543176197094,-0.18209380519017898,0.1278006121697848,0.0802513406669001,-0.09953000000000001,0.07532,0.048420000000000005,0.001966778043016236,0.0,-0.00038134014678906623,0.00029789308461759725,0.0,7.874457646456755e-05
781,7.810500899795443,step,2.0402124876655003,0.25282500567232424,3.440199885517359,10.323399910703301,124371.0,221497.0,0.0,0.0,8.77,5e-05,1e-05,100.0,0.01,-0.011470723799763743,0.0,0.22422965368723913,-0.013482675288107652,0.0,0.22456805907043653,0.0,0.0,0.0,0.891438534946781,0.0,0.930719536281633,-1.1097870146111533,0.0,-0.8823482668800824,0.5574258340745044,0.0,0.3585162661518351,0.6354125301787753,-2.224487702495656,-1.943543176197094,-0.1783509398041005,0.12950752890707645,0.07963824357374409,-0.10222,0.07263,0.040350000000000004,0.0017036963545105342,0.0,-0.000405366490217642,0.0003082551338333742,0.0,6.696110702023765e-05
782,7.8200875998009,step,2.0402124876655003,0.26224675371265976,3.7247000727802515,9.586700005456805,124371.0,221497.0,0.0,0.0,8.77,5e-05,1e-05,100.0,0.01,-0.011470723799763743,0.0,0.22422965368723913,-0.013482675288107652,0.0,0.22456805907043653,0.0,0.0,0.0,0.8879816666451799,0.0,0.9315429786034052,-1.1062532069537185,0.0,-0.8831385460243651,0.5551609121470378,0.0,0.35893240489178724,0.6354125301787753,-2.224487702495656,-1.943543176197094,-0.1787142725314535,0.12938491330009638,0.07979548821084934,-0.09953000000000001,0.06725,0.040350000000000004,0.0017405957991872365,0.0,-0.0003892562052238103,0.00027135568915667187,0.0,5.0850822026406e-05
783,7.830518799833953,step,2.284797451748909,0.3478130560859261,4.25919983536005,10.431200033053756,124371.0,221497.0,0.0,0.0,8.77,5e-05,1e-05,100.0,0.01,-0.011218004160473818,0.0,0.22426546350011203,-0.013482675288107652,0.0,0.22456805907043653,0.0,0.0,0.0,0.8565891051622379,0.0,0.9271279647622025,-1.102140522368547,0.0,-0.8838288201055734,0.5344638717541397,0.0,0.35761357496716634,0.636946510966661,-2.224487702495656,-1.943543176197094,-0.18325003347123975,0.1273994128198369,0.08073916685233576,-0.09684000000000001,0.06725,0.03766,0.002025724715738574,0.0,-0.0003399981783137243,0.00023894641189525952,0.0,3.740260798922561e-05
784,7.8401815998367965,step,2.0402124876655003,0.2649315342468273,4.61219996213913,9.662800002843142,124371.0,221497.0,0.0,0.0,8.77,5e-05,1e-05,100.0,0.01,-0.011470723799763743,0.0,0.22422965368723913,-0.013482675288107652,0.0,0.22456805907043653,0.0,0.0,0.0,0.8803331597379876,0.0,0.9330230772966256,-1.098579925056943,0.0,-0.8845829576904612,0.5501576168414934,0.0,0.35971383723911887,0.6354125301787753,-2.224487702495656,-1.943543176197094,-0.17952012285173125,0.12909768243589362,0.08012679124530513,-0.10222,0.07532,0.040350000000000004,0.0017537911861546982,0.0,-0.00037145448748558923,0.0002581603021892102,0.0,3.3049104288184914e-05
785,7.850380999967456,step,2.284797451748909,0.3507724560718701,5.842199781909585,10.199400130659342,124371.0,221497.0,0.0,0.0,8.77,5e-05,1e-05,100.0,0.01,-0.011218004160473818,0.0,0.22426546350011203,-0.013482675288107652,0.0,0.22456805907043653,0.0,0.0,0.0,0.8489158241630342,0.0,0.9285723766867359,-1.0944445827598706,0.0,-0.8852444460801081,0.529445330554514,0.0,0.35838399456696346,0.636946510966661,-2.224487702495656,-1.943543176197094,-0.18405902813266328,0.12710871246278868,0.08106907876654554,-0.09953000000000001,0.07532,0.04573,0.0020368848925157845,0.0,-0.0003258196324885059,0.00022778623511804895,0.0,2.3224062164007198e-05
786,7.860328399809077,step,2.284797451748909,0.344131786439868,4.174399888142943,9.947399841621518,124371.0,221497.0,0.0,0.0,8.77,5e-05,1e-05,100.0,0.01,-0.011218004160473818,0.0,0.22426546350011203,-0.013482675288107652,0.0,0.22456805907043653,0.0,0.0,0.0,0.8447784611159583,0.0,0.9292334100970552,-1.0903491082531083,0.0,-0.8859029883235923,0.5267421676587414,0.0,0.35875139081320817,0.636946510966661,-2.224487702495656,-1.943543176197094,-0.1844958858125525,0.12694648630524008,0.08124123500441995,-0.09953000000000001,0.06725,0.048420000000000005,0.0020172477998770455,0.0,-0.0003243684924911615,0.00024742332775678794,0.0,2.1772922166662836e-05
787,7.870451299939305,step,2.0402124876655003,0.2622296890031379,4.437800031155348,10.122900130227208,124371.0,221497.0,0.0,0.0,8.77,5e-05,1e-05,100.0,0.01,-0.011470723799763743,0.0,0.22422965368723913,-0.013482675288107652,0.0,0.22456805907043653,0.0,0.0,0.0,0.8685417431328066,0.0,0.9350972457238299,-1.0868025006980964,0.0,-0.8866330974256377,0.5424490631913006,0.0,0.36083392187866536,0.6354125301787753,-2.224487702495656,-1.943543176197094,-0.18076366102789485,0.12864518779058706,0.08062745895627607,-0.10491,0.06725,0.04304,0.0017469004569707043,0.0,-0.00035961913017392696,0.00026505103137320404,0.0,2.1213746976522644e-05
788,7.880494599929079,step,2.0402124876655003,0.2706843325577499,4.39910008572042,10.043299989774823,124371.0,221497.0,0.0,0.0,8.77,5e-05,1e-05,100.0,0.01,-0.011470723799763743,0.0,0.22422965368723913,-0.013482675288107652,0.0,0.22456805907043653,0.0,0.0,0.0,0.8649971594838208,0.0,0.9358278101851016,-1.0831942266293602,0.0,-0.8873504361690315,0.5401293221762067,0.0,0.36121425479745317,0.6354125301787753,-2.224487702495656,-1.943543176197094,-0.18113686447310917,0.12851415619414044,0.08078316518734933,-0.09953000000000001,0.06994,0.040350000000000004,0.0017772746270286438,0.0,-0.00035332902194568116,0.00023467686131526462,0.0,1.4923638748276838e-05
789,7.8901334998663515,step,2.284797451748909,0.3567199177751203,3.713299985975027,9.638899937272072,124371.0,221497.0,0.0,0.0,8.77,5e-05,1e-05,100.0,0.01,-0.011218004160473818,0.0,0.22426546350011203,-0.013482675288107652,0.0,0.22456805907043653,0.0,0.0,0.0,0.8335301305698566,0.0,0.9313398557205809,-1.0790189200269518,0.0,-0.8879851098368654,0.5193857024911795,0.0,0.35987630043749014,0.636946510966661,-2.224487702495656,-1.943543176197094,-0.18568185904933923,0.1265198372117889,0.08172432409659018,-0.10222,0.07532,0.040350000000000004,0.0020565695241450055,0.0,-0.00031261189831942467,0.00020810160348882795,0.0,1.0016327994925986e-05
790,7.900515899993479,step,2.0402124876655003,0.27121119787373066,4.231200087815523,10.382400127127767,124371.0,221497.0,0.0,0.0,8.77,5e-05,1e-05,100.0,0.01,-0.011470723799763743,0.0,0.22422965368723913,-0.013482675288107652,0.0,0.22456805907043653,0.0,0.0,0.0,0.8572115622166756,0.0,0.9371793676481825,-1.0754062413052685,0.0,-0.8886986309280634,0.5350399628047515,0.0,0.36194649831452513,0.6354125301787753,-2.224487702495656,-1.943543176197094,-0.1819580465946114,0.12821454678583424,0.08111287132314463,-0.10222,0.07263,0.05111,0.0017794441623173829,0.0,-0.0003514486170060451,0.0002325073260265255,0.0,1.304323380864076e-05
791,7.910212499788031,step,2.284797451748909,0.35716070402212413,3.6331000737845898,9.69659979455173,124371.0,221497.0,0.0,0.0,8.77,5e-05,1e-05,100.0,0.01,-0.011218004160473818,0.0,0.22426546350011203,-0.013482675288107652,0.0,0.22456805907043653,0.0,0.0,0.0,0.8257421444202909,0.0,0.9326880503774405,-1.0712281527076304,0.0,-0.8893323586861679,0.5142949302813606,0.0,0.3606102179957798,0.636946510966661,-2.224487702495656,-1.943543176197094,-0.1865036023911885,0.1262193067507698,0.08205343708439929,-0.09953000000000001,0.07263,0.04304,0.002057939810725343,0.0,-0.0003121459854398858,0.00020673131690849026,0.0,9.550415115387094e-06
792,7.920434899860993,step,2.284797451748909,0.34937339844705395,4.317400045692921,10.222400072962046,124371.0,221497.0,0.0,0.0,8.77,5e-05,1e-05,100.0,0.01,-0.011218004160473818,0.0,0.22426546350011203,-0.013482675288107652,0.0,0.22456805907043653,0.0,0.0,0.0,0.8215620343541067,0.0,0.933321323012793,-1.0670981574862826,0.0,-0.8899740824538416,0.5115646574502396,0.0,0.36096731114210684,0.636946510966661,-2.224487702495656,-1.943543176197094,-0.1869451660695578,0.12605379414286338,0.08222568942460365,-0.10222,0.07263,0.048420000000000005,0.002034251161864197,0.0,-0.0003160844625771814,0.0002304199657696365,0.0,1.3488892252682739e-05
793,7.930564899928868,step,2.1343388591475256,0.2930884939669122,5.401300033554435,10.13000006787479,124371.0,221497.0,0.0,0.0,8.77,5e-05,1e-05,100.0,0.01,-0.011354069021592625,0.0,0.2244117333597549,-0.013482675288107652,0.0,0.22456805907043653,0.0,0.0,0.0,0.8324312580068067,0.0,0.9127013451340223,-1.0632860968785014,0.0,-0.8903242518713361,0.5185683669415083,0.0,0.3522266709499256,0.6354125301787753,-2.2229537217077704,-1.943543176197094,-0.18511576210093378,0.12532954766445475,0.08105144931025207,-0.10222,0.06456,0.04573,0.0018776507731514975,0.0,-0.00017247781322013176,0.00025095549336352947,0.0,1.6152102538494396e-05
794,7.940397299826145,step,2.3846614080648463,0.3794770522934773,4.293799865990877,9.832399897277355,124371.0,221497.0,0.0,0.0,8.77,5e-05,1e-05,100.0,0.01,-0.011101070212942724,0.0,0.22444736401228388,-0.013482675288107652,0.0,0.22456805907043653,0.0,0.0,0.0,0.8007307501238753,0.0,0.9078704037162485,-1.0589430370224886,0.0,-0.8906584429869632,0.49771307626141387,0.0,0.35078225286225023,0.636946510966661,-2.2229537217077704,-1.943543176197094,-0.18968394426787563,0.12330728249129001,0.08197707297679967,-0.10491,0.06456,0.048420000000000005,0.00213919728344301,0.0,-0.00016460761546043733,0.0002424077917219181,0.0,4.391255730778397e-05
795,7.95038289995864,step,2.0402124876655003,0.26072553824309885,5.272899987176061,9.985600132495165,124371.0,221497.0,0.0,0.0,8.77,5e-05,1e-05,100.0,0.01,-0.011470723799763743,0.0,0.22422965368723913,-0.013482675288107652,0.0,0.22456805907043653,0.0,0.0,0.0,0.8371347355720657,0.0,0.9398503863030148,-1.0554310504773607,0.0,-0.891496433093704,0.5219349388566377,0.0,0.3635029125610209,0.6354125301787753,-2.224487702495656,-1.943543176197094,-0.18408030248250412,0.12740397431122305,0.08192352281637219,-0.10491,0.07263,0.04304,0.0017298476939996222,0.0,-0.0004127564941132809,0.0002821037943442862,0.0,7.435111091587659e-05
796,7.96010799985379,step,2.284797451748909,0.3462227468263626,4.245199961587787,9.72509989514947,124371.0,221497.0,0.0,0.0,8.77,5e-05,1e-05,100.0,0.01,-0.011218004160473818,0.0,0.22426546350011203,-0.013482675288107652,0.0,0.22456805907043653,0.0,0.0,0.0,0.805766945302415,0.0,0.9354858504186646,-1.051336299967775,0.0,-0.8922341021289529,0.5012533740480425,0.0,0.36222354868567025,0.636946510966661,-2.224487702495656,-1.943543176197094,-0.18861494213018298,0.12541775138459113,0.08286545827536068,-0.10222,0.06725,0.05111,0.0020168911912083467,0.0,-0.0003633428155727388,0.0002477799364254867,0.0,6.074724524824011e-05
797,7.970188000006601,step,2.0402124876655003,0.26431698770572337,3.7571999710053205,10.080000152811408,124371.0,221497.0,0.0,0.0,8.77,5e-05,1e-05,100.0,0.01,-0.011470723799763743,0.0,0.22422965368723913,-0.013482675288107652,0.0,0.22456805907043653,0.0,0.0,0.0,0.8295289359560776,0.0,0.941428358790927,-1.0477902100144345,0.0,-0.8930347864788096,0.5169571070272289,0.0,0.3643232356478025,0.6354125301787753,-2.224487702495656,-1.943543176197094,-0.18488104541937092,0.12712329605249292,0.08225813336878551,-0.10222,0.06187,0.048420000000000005,0.001746645509508198,0.0,-0.0003943813446958067,0.00026530597883571037,0.0,5.597596149840237e-05
798,7.980278999777511,step,2.3846614080648463,0.38287848902384836,3.9093000814318657,10.090999770909548,124371.0,221497.0,0.0,0.0,8.77,5e-05,1e-05,100.0,0.01,-0.011101070212942724,0.0,0.22444736401228388,-0.013482675288107652,0.0,0.22456805907043653,0.0,0.0,0.0,0.7852357965195581,0.0,0.9105832526911236,-1.0434276591425078,0.0,-0.8933695615391762,0.4875916475699852,0.0,0.35226276972133075,0.636946510966661,-2.2229537217077704,-1.943543176197094,-0.19131924572661918,0.12271028900295378,0.08263219908852665,-0.10222,0.06456,0.048420000000000005,0.002148797687231366,0.0,-0.00016489524055471056,0.00023280738793356225,0.0,4.420018240205721e-05
799,7.99052089988254,step,2.0402124876655003,0.2632013199814654,4.352600080892444,10.241900105029345,124371.0,221497.0,0.0,0.0,8.77,5e-05,1e-05,100.0,0.01,-0.011470723799763743,0.0,0.22422965368723913,-0.013482675288107652,0.0,0.22456805907043653,0.0,0.0,0.0,0.8216193597301101,0.0,0.9425615055849985,-1.0398979344161614,0.0,-0.8942068842698438,0.5117922957995451,0.0,0.3649693606761459,0.6354125301787753,-2.224487702495656,-1.943543176197094,-0.18571667796228641,0.12680772855048136,0.08258143106139326,-0.10491,0.06456,0.048420000000000005,0.0017385847297149161,0.0,-0.0004124277744708745,0.00027336675862899224,0.0,7.40223912734702e-05
800,8.000052099814638,step,2.284797451748909,0.34881072442452693,3.844600170850754,9.531199932098389,124371.0,221497.0,0.0,0.0,8.77,5e-05,1e-05,100.0,0.01,-0.011218004160473818,0.0,0.22426546350011203,-0.013482675288107652,0.0,0.22456805907043653,0.0,0.0,0.0,0.7902338306067694,0.0,0.9381963016025242,-1.0357871106504248,0.0,-0.8949428626583045,0.4910993357461209,0.0,0.36369610064366714,0.636946510966661,-2.224487702495656,-1.943543176197094,-0.190253787240003,0.12481934432857777,0.08352291804314917,-0.10222,0.06994,0.04573,0.002024808159206479,0.0,-0.00036251007848488376,0.00023986296842735434,0.0,5.991450816038508e-05
801,8.010487899882719,step,2.284797451748909,0.3428675067709049,4.341799998655915,10.435800068080425,124371.0,221497.0,0.0,0.0,8.77,5e-05,1e-05,100.0,0.01,-0.011218004160473818,0.0,0.22426546350011203,-0.013482675288107652,0.0,0.22456805907043653,0.0,0.0,0.0,0.7861209871189673,0.0,0.9389318258439517,-1.0317106125879894,0.0,-0.8956678032665653,0.4884103363232604,0.0,0.36409327861957547,0.636946510966661,-2.224487702495656,-1.943543176197094,-0.19068761979638976,0.12466172983002584,0.08369786808079499,-0.10491,0.06994,0.04573,0.0020079008510668957,0.0,-0.0003570733610088294,0.00025677027656693767,0.0,5.447779068433071e-05
802,8.020141899818555,step,2.284797451748909,0.33802833492079837,3.7314000073820353,9.6539999358356,124371.0,221497.0,0.0,0.0,8.77,5e-05,1e-05,100.0,0.01,-0.011218004160473818,0.0,0.22426546350011203,-0.013482675288107652,0.0,0.22456805907043653,0.0,0.0,0.0,0.7820444852499957,0.0,0.9396567664308639,-1.0276622708045844,0.0,-0.896383586439585,0.48574519395649773,0.0,0.3644852822606148,0.636946510966661,-2.224487702495656,-1.943543176197094,-0.19111764167159914,0.12450531788415539,0.08387107355418907,-0.1076,0.06994,0.04573,0.0019940323257389165,0.0,-0.0003525628174657349,0.0002706388018949169,0.0,4.996724714123623e-05
803,8.030485399998724,step,2.1343388591475256,0.28427675674151853,4.353900207206607,10.34350018016994,124371.0,221497.0,0.0,0.0,8.77,5e-05,1e-05,100.0,0.01,-0.011354069021592625,0.0,0.2244117333597549,-0.013482675288107652,0.0,0.22456805907043653,0.0,0.0,0.0,0.7929953650393482,0.0,0.9191108482935092,-1.0239144156960738,0.0,-0.8967927562364758,0.4928199563859621,0.0,0.3557778579323959,0.6354125301787753,-2.2229537217077704,-1.943543176197094,-0.18927904245093577,0.12379042194399258,0.08269730568419965,-0.1076,0.06994,0.048420000000000005,0.0018460260122282039,0.0,-0.00020153876460253457,0.0002825802542868231,0.0,4.521305392089721e-05
804,8.04012219980359,step,2.1343388591475256,0.28950134616996215,3.843100043013692,9.636799804866314,124371.0,221497.0,0.0,0.0,8.77,5e-05,1e-05,100.0,0.01,-0.011354069021592625,0.0,0.2244117333597549,-0.013482675288107652,0.0,0.22456805907043653,0.0,0.0,0.0,0.789248599223951,0.0,0.9195181582753567,-1.0201368582924126,0.0,-0.8972456661287764,0.49037842401181436,0.0,0.3560330554027031,0.6354125301787753,-2.2229537217077704,-1.943543176197094,-0.18967571988746915,0.12363480467522675,0.08284386612886223,-0.1076,0.06456,0.04573,0.0018606560360373576,0.0,-0.00022308318176012112,0.0002679502304776694,0.0,6.675747107848376e-05
805,8.05054029985331,step,2.1343388591475256,0.2939948063663412,4.310299875214696,10.418100049719214,124371.0,221497.0,0.0,0.0,8.77,5e-05,1e-05,100.0,0.01,-0.011354069021592625,0.0,0.2244117333597549,-0.013482675288107652,0.0,0.22456805907043653,0.0,0.0,0.0,0.7854710447338271,0.0,0.9199710670882261,-1.016334013314849,0.0,-0.8977336316961452,0.4879158230438568,0.0,0.35630757271714153,0.6354125301787753,-2.2229537217077704,-1.943543176197094,-0.19007542058535348,0.1234798753731223,0.08299368656642651,-0.1076,0.07263,0.03766,0.0018731115653623787,0.0,-0.0002403500413847331,0.0002554947011526483,0.0,8.402433070309575e-05
806,8.060215499950573,step,2.284797451748909,0.34978879801140705,3.6615999415516853,9.67520009726286,124371.0,221497.0,0.0,0.0,8.77,5e-05,1e-05,100.0,0.01,-0.011218004160473818,0.0,0.22426546350011203,-0.013482675288107652,0.0,0.22456805907043653,0.0,0.0,0.0,0.7666689779624491,0.0,0.9417207336767756,-1.012232068279273,0.0,-0.8985481787025748,0.4757088397220962,0.0,0.36569059726086217,0.636946510966661,-2.224487702495656,-1.943543176197094,-0.19274330122028283,0.12388416630820215,0.08449175287852798,-0.10491,0.07263,0.040350000000000004,0.0020204348933364077,0.0,-0.000401209470087861,0.00024423623429742575,0.0,9.861389976336234e-05
807,8.0705041999463,step,2.0402124876655003,0.26768265167452787,4.266199888661504,10.288699995726347,124371.0,221497.0,0.0,0.0,8.77,5e-05,1e-05,100.0,0.01,-0.011470723799763743,0.0,0.22422965368723913,-0.013482675288107652,0.0,0.22456805907043653,0.0,0.0,0.0,0.7904247042839511,0.0,0.9477424337706717,-1.0086758798429756,0.0,-0.8994070479529686,0.49140615464786375,0.0,0.36780773668103084,0.6354125301787753,-2.224487702495656,-1.943543176197094,-0.1890082611953578,0.12559635165538488,0.08389108033872111,-0.10491,0.06725,0.048420000000000005,0.0017516195711202176,0.0,-0.0004230406276191489,0.0002603319172236908,0.0,8.463524442174457e-05
808,8.080395399825647,step,2.3846614080648463,0.38563815580957594,5.606899969279766,9.891199879348278,124371.0,221497.0,0.0,0.0,8.77,5e-05,1e-05,100.0,0.01,-0.011101070212942724,0.0,0.22444736401228388,-0.013482675288107652,0.0,0.22456805907043653,0.0,0.0,0.0,0.7461214671251075,0.0,0.9169555135159229,-1.0043009617834378,0.0,-0.8997838765118762,0.46205335310980716,0.0,0.3558060733315703,0.636946510966661,-2.2229537217077704,-1.943543176197094,-0.1954498659736283,0.12118116608890359,0.08426277540485475,-0.10491,0.07263,0.04304,0.002154889211414445,0.0,-0.0001856089154338821,0.0002267158637504832,0.0,6.491385728122875e-05
809,8.090263599995524,step,2.284797451748909,0.34218140687050524,4.899200052022934,9.868200169876218,124371.0,221497.0,0.0,0.0,8.77,5e-05,1e-05,100.0,0.01,-0.011218004160473818,0.0,0.22426546350011203,-0.013482675288107652,0.0,0.22456805907043653,0.0,0.0,0.0,0.7546339025659328,0.0,0.9437705265933822,-1.0002412463126955,0.0,-0.9005762026064492,0.46784266918879547,0.0,0.3668110431941428,0.636946510966661,-2.224487702495656,-1.943543176197094,-0.19401335993590477,0.12341817963951832,0.0849987082680126,-0.11298000000000001,0.06725,0.040350000000000004,0.0019996344960661813,0.0,-0.0003902644415008353,0.0002650366315676521,0.0,8.766887117633664e-05
810,8.10051149991341,step,2.3846614080648463,0.3688247853661853,4.519700072705746,10.247899917885661,124371.0,221497.0,0.0,0.0,8.77,5e-05,1e-05,100.0,0.01,-0.011101070212942724,0.0,0.22444736401228388,-0.013482675288107652,0.0,0.22456805907043653,0.0,0.0,0.0,0.7376848056594932,0.0,0.9181242120187979,-0.9959649103745265,0.0,-0.9009688732218933,0.4565499112436903,0.0,0.3564864535857549,0.636946510966661,-2.2229537217077704,-1.943543176197094,-0.19634192669039915,0.12084178347910646,0.0846044573916624,-0.11029,0.06725,0.048420000000000005,0.0021063320620267278,0.0,-0.00019341200482948022,0.0002752730131382005,0.0,7.271694667682687e-05
811,8.11014229990542,step,2.0402124876655003,0.25523298567749025,3.928299993276596,9.630799992009997,124371.0,221497.0,0.0,0.0,8.77,5e-05,1e-05,100.0,0.01,-0.011470723799763743,0.0,0.22422965368723913,-0.013482675288107652,0.0,0.22456805907043653,0.0,0.0,0.0,0.7741566031604646,0.0,0.9501608164767824,-0.9925017405901202,0.0,-0.9018452888357715,0.4807813311885067,0.0,0.36917243002797084,0.6354125301787753,-2.224487702495656,-1.943543176197094,-0.1907264543438923,0.12495139741350991,0.08456029110646027,-0.1076,0.06187,0.04573,0.0017058027382807852,0.0,-0.00043168318248701853,0.00030614875006312317,0.0,9.327779928961421e-05
812,8.120534599991515,step,2.3846614080648463,0.3727990809696477,4.285600036382675,10.39230008609593,124371.0,221497.0,0.0,0.0,8.77,5e-05,1e-05,100.0,0.01,-0.011101070212942724,0.0,0.22444736401228388,-0.013482675288107652,0.0,0.22456805907043653,0.0,0.0,0.0,0.7299473201728586,0.0,0.9193937534676476,-0.9882017283028925,0.0,-0.9022323913779657,0.45149778091191967,0.0,0.35719104866134316,0.636946510966661,-2.2229537217077704,-1.943543176197094,-0.19715898537094234,0.1205397149675937,0.08492745164941577,-0.10491,0.06456,0.05111,0.0021179939739660748,0.0,-0.00019066942066877954,0.0002636111011988535,0.0,6.997436251612619e-05
813,8.13015369977802,step,2.0402124876655003,0.25799937375012827,3.8938000798225403,9.619099786505103,124371.0,221497.0,0.0,0.0,8.77,5e-05,1e-05,100.0,0.01,-0.011470723799763743,0.0,0.22422965368723913,-0.013482675288107652,0.0,0.22456805907043653,0.0,0.0,0.0,0.7663934240762401,0.0,0.9514243348397898,-0.9847169648211856,0.0,-0.9031020994692632,0.47570858745670946,0.0,0.36986827289449903,0.6354125301787753,-2.224487702495656,-1.943543176197094,-0.1915457537264434,0.12464872727511028,0.0848849590173085,-0.11029,0.06187,0.04573,0.001716438828994789,0.0,-0.00042837935648437587,0.0002955126593491193,0.0,8.997397328697155e-05
814,8.140519299777225,step,2.1343388591475256,0.2933715763564209,4.785700002685189,10.365599999204278,124371.0,221497.0,0.0,0.0,8.77,5e-05,1e-05,100.0,0.01,-0.011354069021592625,0.0,0.2244117333597549,-0.013482675288107652,0.0,0.22456805907043653,0.0,0.0,0.0,0.750052081291273,0.0,0.9258298150282046,-0.9809138200242464,0.0,-0.903554502465866,0.4647877084881868,0.0,0.3595386611364709,0.6354125301787753,-2.2229537217077704,-1.943543176197094,-0.19381405898404436,0.12210227783733985,0.08447686458157161,-0.10491,0.06725,0.04304,0.0018732592429941538,0.0,-0.0002228335075820385,0.00025534702352087314,0.0,6.650779690040113e-05
815,8.150197699898854,step,2.0402124876655003,0.2723520364060416,4.802200011909008,9.678400121629238,124371.0,221497.0,0.0,0.0,8.77,5e-05,1e-05,100.0,0.01,-0.011470723799763743,0.0,0.22422965368723913,-0.013482675288107652,0.0,0.22456805907043653,0.0,0.0,0.0,0.759107545989058,0.0,0.9527468990746744,-0.9773227050844414,0.0,-0.9044039112658037,0.47094454295901284,0.0,0.37057705458786233,0.6354125301787753,-2.224487702495656,-1.943543176197094,-0.1923138975074295,0.12437104126793155,0.08519630942372657,-0.10491,0.06994,0.05111,0.0017688228066041654,0.0,-0.00041838083231656104,0.000243128681739743,0.0,7.997544911915672e-05
816,8.16034709988162,step,2.3846614080648463,0.3912691488652657,3.5964001435786486,10.149399982765317,124371.0,221497.0,0.0,0.0,8.77,5e-05,1e-05,100.0,0.01,-0.011101070212942724,0.0,0.22444736401228388,-0.013482675288107652,0.0,0.22456805907043653,0.0,0.0,0.0,0.7147682956823407,0.0,0.9219523763431158,-0.9729144236030655,0.0,-0.9047651754685986,0.4415851103131833,0.0,0.35860105242584056,0.636946510966661,-2.2229537217077704,-1.943543176197094,-0.19876148166053006,0.11995029653291255,0.08556440279899874,-0.1076,0.06725,0.048420000000000005,0.00217132254268978,0.0,-0.00017794260886229196,0.00021028253247514818,0.0,5.7247550709638606e-05
817,8.170535999815911,step,2.0402124876655003,0.26996539680242165,5.521600134670734,10.18889993429184,124371.0,221497.0,0.0,0.0,8.77,5e-05,1e-05,100.0,0.01,-0.011470723799763743,0.0,0.22422965368723913,-0.013482675288107652,0.0,0.22456805907043653,0.0,0.0,0.0,0.7511061277107821,0.0,0.9539571192187344,-0.9693389536216204,0.0,-0.9056103288581713,0.46571827091277873,0.0,0.37125672942135596,0.6354125301787753,-2.224487702495656,-1.943543176197094,-0.1931588670314905,0.12405478967951838,0.08552646685931815,-0.1076,0.06725,0.04573,0.0017611167989660835,0.0,-0.0004162848072571575,0.0002508346893778249,0.0,7.787942405975318e-05
818,8.180246399948373,step,2.1343388591475256,0.30450066618283783,3.8516998756676912,9.710400132462382,124371.0,221497.0,0.0,0.0,8.77,5e-05,1e-05,100.0,0.01,-0.011354069021592625,0.0,0.2244117333597549,-0.013482675288107652,0.0,0.22456805907043653,0.0,0.0,0.0,0.7346740770737868,0.0,0.9283380446910571,-0.965460705142281,0.0,-0.9060395398105525,0.4547469197553867,0.0,0.3609270509457159,0.6354125301787753,-2.2229537217077704,-1.943543176197094,-0.1954374783068064,0.12150250846509462,0.08511909579839168,-0.10491,0.06456,0.0538,0.0019102519621123262,0.0,-0.00021141014257188378,0.00021835430440270078,0.0,5.5084431890246416e-05
819,8.19023219984956,step,2.0402124876655003,0.2805035082862418,3.824099898338318,9.98579990118742,124371.0,221497.0,0.0,0.0,8.77,5e-05,1e-05,100.0,0.01,-0.011470723799763743,0.0,0.22422965368723913,-0.013482675288107652,0.0,0.22456805907043653,0.0,0.0,0.0,0.743654436888172,0.0,0.9552319366781014,-0.9618082802116181,0.0,-0.9068671674684908,0.46084762007582625,0.0,0.37194991748143086,0.6354125301787753,-2.224487702495656,-1.943543176197094,-0.19394493803168578,0.12376715444292205,0.08584112035627565,-0.11029,0.06725,0.04573,0.0017990213694237679,0.0,-0.00040765241471698124,0.0002129301189201405,0.0,6.924703151957692e-05
820,8.200080999871716,step,2.284797451748909,0.36612139298652036,3.755900077521801,9.848800022155046,124371.0,221497.0,0.0,0.0,8.77,5e-05,1e-05,100.0,0.01,-0.011218004160473818,0.0,0.22426546350011203,-0.013482675288107652,0.0,0.22456805907043653,0.0,0.0,0.0,0.7121441870131044,0.0,0.9508565850534518,-0.9575895311897207,0.0,-0.9075800674190905,0.4400747998313945,0.0,0.37070533537017397,0.636946510966661,-2.224487702495656,-1.943543176197094,-0.19849812810929712,0.12176600183441585,0.08678117796490459,-0.11029,0.06994,0.04573,0.002077967319441059,0.0,-0.0003511426708932255,0.0001867038081927743,0.0,4.8547100568726816e-05
821,8.210532799828798,step,2.0402124876655003,0.2788647716656222,4.251700127497315,10.451799957081676,124371.0,221497.0,0.0,0.0,8.77,5e-05,1e-05,100.0,0.01,-0.011470723799763743,0.0,0.22422965368723913,-0.013482675288107652,0.0,0.22456805907043653,0.0,0.0,0.0,0.735782176723012,0.0,0.9567743243574858,-0.9539345327370539,0.0,-0.9083444134757193,0.45569751329590147,0.0,0.37276194892206305,0.6354125301787753,-2.224487702495656,-1.943543176197094,-0.19477425437243068,0.12347240618058525,0.0861830382229415,-0.1076,0.06187,0.04304,0.0018002889714053985,0.0,-0.000376482724659444,0.00021166251693850984,0.0,3.8077341462039655e-05
822,8.22022599983029,step,2.3846614080648463,0.3990907720949009,3.6794000770896673,9.693200001493096,124371.0,221497.0,0.0,0.0,8.77,5e-05,1e-05,100.0,0.01,-0.011101070212942724,0.0,0.22444736401228388,-0.013482675288107652,0.0,0.22456805907043653,0.0,0.0,0.0,0.6913801276252057,0.0,0.9258928800934754,-0.94947686348849,0.0,-0.9086337635667056,0.426311499205231,0.0,0.3607728511568354,0.636946510966661,-2.2229537217077704,-1.943543176197094,-0.20123065267671353,0.11904202064591599,0.08654573941434816,-0.11029,0.07263,0.05111,0.0021956487506874073,0.0,-0.00014252092974149425,0.00018595632447752095,0.0,2.1825871588840897e-05
823,8.230498499935493,step,2.0402124876655003,0.27329715062226667,4.227800061926246,10.272500105202198,124371.0,221497.0,0.0,0.0,8.77,5e-05,1e-05,100.0,0.01,-0.011470723799763743,0.0,0.22422965368723913,-0.013482675288107652,0.0,0.22456805907043653,0.0,0.0,0.0,0.7276685713976658,0.0,0.9578257081193335,-0.9458645679297759,0.0,-0.909418733838504,0.4504020615035555,0.0,0.37337950848754115,0.6354125301787753,-2.224487702495656,-1.943543176197094,-0.19563207774241315,0.12314352342468471,0.08650928212771894,-0.11298000000000001,0.06187,0.05111,0.0017792554333545024,0.0,-0.00038664129178186675,0.00023269605498940594,0.0,4.823590858446243e-05
824,8.240174299804494,step,2.3846614080648463,0.392738350096372,3.634899854660034,9.675799869000912,124371.0,221497.0,0.0,0.0,8.77,5e-05,1e-05,100.0,0.01,-0.011101070212942724,0.0,0.22444736401228388,-0.013482675288107652,0.0,0.22456805907043653,0.0,0.0,0.0,0.6833101589918964,0.0,0.9269671994906172,-0.9414438297732807,0.0,-0.9097253144258309,0.42104831344719634,0.0,0.3614058907870793,0.636946510966661,-2.2229537217077704,-1.943543176197094,-0.20208417740084686,0.11871536347123439,0.08687044781333227,-0.1076,0.06725,0.05111,0.0021774581444220444,0.0,-0.00015100790256391335,0.0002041469307428839,0.0,3.0312844411259994e-05
825,8.25048129982315,step,2.3846614080648463,0.37838485847779463,4.847199888899922,10.307000018656254,124371.0,221497.0,0.0,0.0,8.77,5e-05,1e-05,100.0,0.01,-0.011101070212942724,0.0,0.22444736401228388,-0.013482675288107652,0.0,0.22456805907043653,0.0,0.0,0.0,0.6788864625983272,0.0,0.927271013026141,-0.9371086314547935,0.0,-0.9100792896555806,0.41817009530983873,0.0,0.3616366711090725,0.636946510966661,-2.2229537217077704,-1.943543176197094,-0.20255360062322686,0.11852305040586308,0.08703455724033668,-0.11029,0.06187,0.05111,0.002135325041227573,0.0,-0.00017435238633384796,0.0002462800339373553,0.0,5.36573281811946e-05
826,8.26046419981867,step,2.1343388591475256,0.28523949913606517,4.260699963197112,9.982899995520711,124371.0,221497.0,0.0,0.0,8.77,5e-05,1e-05,100.0,0.01,-0.011354069021592625,0.0,0.2244117333597549,-0.013482675288107652,0.0,0.22456805907043653,0.0,0.0,0.0,0.7024407912168814,0.0,0.932804237699285,-0.9333608757431429,0.0,-0.9105443725327037,0.43371961089143557,0.0,0.36351468716411495,0.6354125301787753,-2.2229537217077704,-1.943543176197094,-0.19884469642454905,0.120208523702138,0.08642675917862667,-0.11029,0.06994,0.0538,0.0018459770537750397,0.0,-0.00022907905032442129,0.00028262921273998725,0.0,7.275333964278392e-05
827,8.270512599963695,step,2.1343388591475256,0.29018117547649447,4.231099970638752,10.048400145024061,124371.0,221497.0,0.0,0.0,8.77,5e-05,1e-05,100.0,0.01,-0.011354069021592625,0.0,0.2244117333597549,-0.013482675288107652,0.0,0.22456805907043653,0.0,0.0,0.0,0.6986950587241029,0.0,0.9332697732120374,-0.9295825703920163,0.0,-0.9110275572256248,0.4312773634940703,0.0,0.3637935940779653,0.6354125301787753,-2.2229537217077704,-1.943543176197094,-0.19924093806481924,0.12005566486087844,0.08657611747412744,-0.11029,0.06187,0.04573,0.0018610244415485466,0.0,-0.00023799519619028723,0.00026758182496648035,0.0,8.166948550864986e-05
828,8.280199499800801,step,2.3846614080648463,0.37697236099549125,3.597700037062168,9.686899837106466,124371.0,221497.0,0.0,0.0,8.77,5e-05,1e-05,100.0,0.01,-0.011101070212942724,0.0,0.22444736401228388,-0.013482675288107652,0.0,0.22456805907043653,0.0,0.0,0.0,0.667027221665981,0.0,0.9285737069949321,-0.9252618116542676,0.0,-0.9114514227466833,0.41044224106825367,0.0,0.36245440143630075,0.636946510966661,-2.2229537217077704,-1.943543176197094,-0.20380939936412112,0.11803017963852196,0.08749828724279443,-0.11029,0.06994,0.048420000000000005,0.002128212748762451,0.0,-0.000208777221879215,0.0002533923264024774,0.0,8.808216372656165e-05
829,8.290560900000855,step,2.1343388591475256,0.2847612474246016,4.189600003883243,10.36140020005405,124371.0,221497.0,0.0,0.0,8.77,5e-05,1e-05,100.0,0.01,-0.011354069021592625,0.0,0.2244117333597549,-0.013482675288107652,0.0,0.22456805907043653,0.0,0.0,0.0,0.6905939714709006,0.0,0.9341763701545152,-0.9215242660245225,0.0,-0.9119698965037856,0.4259977757393012,0.0,0.36435594003570354,0.6354125301787753,-2.2229537217077704,-1.943543176197094,-0.2000984709665598,0.11972040323235944,0.08689426536805428,-0.11567000000000001,0.05918,0.040350000000000004,0.001840948023505983,0.0,-0.0002553770128666526,0.000287658243009044,0.0,9.905130218501525e-05
830,8.300200099823996,step,2.1343388591475256,0.2899719003279866,3.6452000495046377,9.639199823141098,124371.0,221497.0,0.0,0.0,8.77,5e-05,1e-05,100.0,0.01,-0.011354069021592625,0.0,0.2244117333597549,-0.013482675288107652,0.0,0.22456805907043653,0.0,0.0,0.0,0.6868584482199638,0.0,0.9346952965875602,-0.9177525574994122,0.0,-0.912492208496764,0.42356088400856595,0.0,0.36465636732067824,0.6354125301787753,-2.2229537217077704,-1.943543176197094,-0.20049332680632975,0.11957050531982756,0.08704587590070226,-0.11298000000000001,0.06456,0.048420000000000005,0.0018577751397288516,0.0,-0.00025726755640782654,0.00027083112678617533,0.0,0.00010094184572618918
831,8.31047649984248,step,2.284797451748909,0.3462228588675666,4.293799865990877,10.2764000184834,124371.0,221497.0,0.0,0.0,8.77,5e-05,1e-05,100.0,0.01,-0.011218004160473818,0.0,0.22426546350011203,-0.013482675288107652,0.0,0.22456805907043653,0.0,0.0,0.0,0.6680875197497942,0.0,0.9564793100942266,-0.9136740463223277,0.0,-0.913314941455734,0.4113237313419397,0.0,0.3740402772423993,0.636946510966661,-2.224487702495656,-1.943543176197094,-0.20315788054108352,0.1199726042589459,0.08854548885220594,-0.11298000000000001,0.06187,0.048420000000000005,0.0020088924214185116,0.0,-0.0004052415046481119,0.0002557787062153218,0.0,0.00010264593432361322
832,8.320264399982989,step,2.0402124876655003,0.26483993999860467,3.532799892127514,9.78790014050901,124371.0,221497.0,0.0,0.0,8.77,5e-05,1e-05,100.0,0.01,-0.011470723799763743,0.0,0.22422965368723913,-0.013482675288107652,0.0,0.22456805907043653,0.0,0.0,0.0,0.6918666805231347,0.0,0.9625091964325687,-0.910134651416929,0.0,-0.9141603293569769,0.4270344544372319,0.0,0.37612254027030795,0.6354125301787753,-2.224487702495656,-1.943543176197094,-0.1994170346210553,0.12169436351437302,0.08795100449626381,-0.11298000000000001,0.06456,0.048420000000000005,0.001743347827955584,0.0,-0.00041640031723038826,0.0002686036603883244,0.0,7.799493403298394e-05
833,8.330485799815506,step,2.0402124876655003,0.2730343082610816,4.328399896621704,10.221399832516909,124371.0,221497.0,0.0,0.0,8.77,5e-05,1e-05,100.0,0.01,-0.011470723799763743,0.0,0.22422965368723913,-0.013482675288107652,0.0,0.22456805907043653,0.0,0.0,0.0,0.688329309647526,0.0,0.9633550408302275,-0.9065254624362737,0.0,-0.9149511961693866,0.4247167124626823,0.0,0.3765496846023078,0.6354125301787753,-2.224487702495656,-1.943543176197094,-0.1997888100672618,0.1215690428837736,0.08811206775780943,-0.11298000000000001,0.06187,0.04573,0.0017777252717714645,0.0,-0.00038954566429238676,0.00023422621657244393,0.0,5.114028109498244e-05
834,8.34014069987461,step,2.1488849703300463,0.31619643007368037,3.677399829030037,9.654900059103966,124371.0,221497.0,0.0,0.0,8.77,5e-05,1e-05,100.0,0.01,-0.011396920033391947,0.0,0.2240510178408076,-0.013482675288107652,0.0,0.22456805907043653,0.0,0.0,0.0,0.6765843073045293,0.0,0.9901123107542916,-0.9027077944385884,0.0,-0.9160626063381062,0.4178602484416265,0.0,0.3887229096885488,0.6354125301787753,-2.224487702495656,-1.9450771569849798,-0.2006688998205573,0.12224737890009998,0.08979160515490872,-0.11029,0.06994,0.04304,0.00188041272293985,0.0,-0.0005474310031496241,0.00020534253177585497,0.0,3.038977352070129e-05
835,8.350513699930161,step,2.3846614080648463,0.39563527944358984,4.331200150772929,10.373000055551529,124371.0,221497.0,0.0,0.0,8.77,5e-05,1e-05,100.0,0.01,-0.011101070212942724,0.0,0.22444736401228388,-0.013482675288107652,0.0,0.22456805907043653,0.0,0.0,0.0,0.640152799617028,0.0,0.9336133447535083,-0.8982648030666508,0.0,-0.9162665466261025,0.39287956778569444,0.0,0.3651585723813011,0.636946510966661,-2.2229537217077704,-1.943543176197094,-0.2066438467841616,0.11701030041635749,0.08865082730174291,-0.11029,0.06456,0.048420000000000005,0.00218841908431242,0.0,-0.00010045187598837658,0.00019318599085250835,0.0,-2.0243182164276775e-05
836,8.36015889979899,step,2.284797451748909,0.34707829234375887,4.974200157448649,9.645199868828058,124371.0,221497.0,0.0,0.0,8.77,5e-05,1e-05,100.0,0.01,-0.011218004160473818,0.0,0.22426546350011203,-0.013482675288107652,0.0,0.22456805907043653,0.0,0.0,0.0,0.6485977487492465,0.0,0.9602531993588229,-0.8941474572736865,0.0,-0.9169000908142594,0.3985743842615009,0.0,0.3760399660020838,0.636946510966661,-2.224487702495656,-1.943543176197094,-0.20521210384029132,0.1192391343371386,0.08938856445007973,-0.11836,0.06994,0.048420000000000005,0.002028020618484135,0.0,-0.00031205556708366046,0.00023665050914969824,0.0,9.459996759161773e-06
837,8.370510999811813,step,2.1343388591475256,0.2920950928828494,4.274699836969376,10.35210001282394,124371.0,221497.0,0.0,0.0,8.77,5e-05,1e-05,100.0,0.01,-0.011354069021592625,0.0,0.2244117333597549,-0.013482675288107652,0.0,0.22456805907043653,0.0,0.0,0.0,0.6594805562811769,0.0,0.9396273528504678,-0.890339291020836,0.0,-0.9172204413016831,0.40567388220919176,0.0,0.3673183470232393,0.6354125301787753,-2.2229537217077704,-1.943543176197094,-0.20338093521991057,0.11852443767070325,0.08821195855231753,-0.11567000000000001,0.06456,0.0538,0.0018757325878709396,0.0,-0.00015779034025924953,0.00025287367864408735,0.0,1.4646295776121689e-06
838,8.380167199997231,step,2.1343388591475256,0.29595969640432146,3.614300163462758,9.656200185418129,124371.0,221497.0,0.0,0.0,8.77,5e-05,1e-05,100.0,0.01,-0.011354069021592625,0.0,0.2244117333597549,-0.013482675288107652,0.0,0.22456805907043653,0.0,0.0,0.0,0.6556734791908565,0.0,0.9399458443312347,-0.8865093364132955,0.0,-0.917580208621483,0.4031953185731807,0.0,0.36753877541539165,0.6354125301787753,-2.2229537217077704,-1.943543176197094,-0.203784531545478,0.11836187593780566,0.08835623795543915,-0.11298000000000001,0.06725,0.040350000000000004,0.0018864645581196818,0.0,-0.00017720531116377687,0.00024214170839534518,0.0,2.0879600482139504e-05
839,8.390484699979424,step,2.284797451748909,0.3500144771962238,4.291099961847067,10.317499982193112,124371.0,221497.0,0.0,0.0,8.77,5e-05,1e-05,100.0,0.01,-0.011218004160473818,0.0,0.22426546350011203,-0.013482675288107652,0.0,0.22456805907043653,0.0,0.0,0.0,0.6368443031473564,0.0,0.9615673120325665,-0.8823835025354464,0.0,-0.9182717421869763,0.3909085710638982,0.0,0.37685388229442446,0.636946510966661,-2.224487702495656,-1.943543176197094,-0.2064562675931075,0.11875203608527866,0.08985020386687048,-0.11298000000000001,0.06456,0.04573,0.002032201469941237,0.0,-0.0003406185440121601,0.00023246965769259647,0.0,3.802297368766139e-05
840,8.400476399809122,step,2.1343388591475256,0.2938530081669302,4.248099867254496,9.991699829697609,124371.0,221497.0,0.0,0.0,8.77,5e-05,1e-05,100.0,0.01,-0.011354069021592625,0.0,0.2244117333597549,-0.013482675288107652,0.0,0.22456805907043653,0.0,0.0,0.0,0.647716603362507,0.0,0.9409990037198102,-0.8785682353022846,0.0,-0.9186410474102104,0.39800584324374244,0.0,0.36815743145336505,0.6354125301787753,-2.2229537217077704,-1.943543176197094,-0.2046258887814586,0.11804015587924703,0.08867663813036165,-0.11567000000000001,0.06994,0.04304,0.0018792302135761634,0.0,-0.00018190325634356348,0.0002493760529388635,0.0,2.5577545661926114e-05
841,8.410555499838665,step,2.1343388591475256,0.2974816076341309,4.220200004056096,10.079100029543042,124371.0,221497.0,0.0,0.0,8.77,5e-05,1e-05,100.0,0.01,-0.011354069021592625,0.0,0.2244117333597549,-0.013482675288107652,0.0,0.22456805907043653,0.0,0.0,0.0,0.6439024240193418,0.0,0.9413664498936751,-0.8747324112460951,0.0,-0.9190417145933755,0.39552150482355153,0.0,0.36839798390458167,0.6354125301787753,-2.2229537217077704,-1.943543176197094,-0.20502996745803015,0.11787954196624702,0.08882353954332706,-0.11298000000000001,0.06456,0.0538,0.0018893555863397458,0.0,-0.00019735075688744535,0.0002392506801752812,0.0,4.1025046205807986e-05
842,8.420353999827057,step,2.1343388591475256,0.3005214096013165,3.4504998475313187,9.798499988391995,124371.0,221497.0,0.0,0.0,8.77,5e-05,1e-05,100.0,0.01,-0.011354069021592625,0.0,0.2244117333597549,-0.013482675288107652,0.0,0.22456805907043653,0.0,0.0,0.0,0.6400666021724978,0.0,0.9417671161356946,-0.8708795613190793,0.0,-0.9194678811335452,0.3930223287335831,0.0,0.3686525926694136,0.6354125301787753,-2.2229537217077704,-1.943543176197094,-0.2054361647683251,0.11771946596998961,0.08897278930150318,-0.11298000000000001,0.06725,0.0538,0.0018977417697743863,0.0,-0.0002099106011083667,0.0002308644967406407,0.0,5.358489042672933e-05
843,8.430499499896541,step,2.3846614080648463,0.3870465099199307,4.303700057789683,10.145500069484115,124371.0,221497.0,0.0,0.0,8.77,5e-05,1e-05,100.0,0.01,-0.011101070212942724,0.0,0.22444736401228388,-0.013482675288107652,0.0,0.22456805907043653,0.0,0.0,0.0,0.6083242183314923,0.0,0.937014031539011,-0.8664963308677682,0.0,-0.9198415337886885,0.37214137327852304,0.0,0.36731428701101926,0.636946510966661,-2.2229537217077704,-1.943543176197094,-0.21001475798741526,0.11568306110554917,0.08989076078274023,-0.11298000000000001,0.06456,0.0538,0.0021589835242928723,0.0,-0.00018404460710511308,0.00022262155087205597,0.0,6.334954895245972e-05
844,8.440149399917573,step,2.1343388591475256,0.2916772960330043,3.680499969050288,9.649900021031499,124371.0,221497.0,0.0,0.0,8.77,5e-05,1e-05,100.0,0.01,-0.011354069021592625,0.0,0.2244117333597549,-0.013482675288107652,0.0,0.22456805907043653,0.0,0.0,0.0,0.6318284954931155,0.0,0.9425664817567005,-0.8627070406093141,0.0,-0.9203160273490609,0.38765636048516927,0.0,0.36917448963618454,0.6354125301787753,-2.2229537217077704,-1.943543176197094,-0.20630888747552875,0.11737282865977576,0.08929035517620168,-0.11836,0.06456,0.048420000000000005,0.0018664351162095156,0.0,-0.0002337143325240511,0.00026217115030551137,0.0,7.738862184241373e-05
845,8.450483799912035,step,2.284797451748909,0.34711172295707327,4.2316000908613205,10.334399994462729,124371.0,221497.0,0.0,0.0,8.77,5e-05,1e-05,100.0,0.01,-0.011218004160473818,0.0,0.22426546350011203,-0.013482675288107652,0.0,0.22456805907043653,0.0,0.0,0.0,0.613042003047243,0.0,0.9643031293359622,-0.8586153067273093,0.0,-0.9210991620671701,0.37538250811774204,0.0,0.378532563515418,0.636946510966661,-2.224487702495656,-1.943543176197094,-0.20897545092333103,0.11776906818725402,0.09078871248311365,-0.11567000000000001,0.06187,0.05111,0.0020154053352127096,0.0,-0.00038573718002749794,0.00024926579242112376,0.0,8.314160970299925e-05
846,8.460148699814454,step,2.3846614080648463,0.37310463619653345,3.706699935719371,9.664899902418256,124371.0,221497.0,0.0,0.0,8.77,5e-05,1e-05,100.0,0.01,-0.011101070212942724,0.0,0.22444736401228388,-0.013482675288107652,0.0,0.22456805907043653,0.0,0.0,0.0,0.596058869704305,0.0,0.9386471717258749,-0.8543118286667692,0.0,-0.9214670049579222,0.36414197807870113,0.0,0.3682765542163897,0.636946510966661,-2.2229537217077704,-1.943543176197094,-0.21131200773701975,0.11518659715739483,0.0903842921803604,-0.11836,0.06725,0.048420000000000005,0.0021197010590859404,0.0,-0.00018118297668435413,0.00026190401607898784,0.0,6.048791853170078e-05
847,8.470478599891067,step,2.1343388591475256,0.2817332856671565,4.8541000578552485,10.32990007661283,124371.0,221497.0,0.0,0.0,8.77,5e-05,1e-05,100.0,0.01,-0.011354069021592625,0.0,0.2244117333597549,-0.013482675288107652,0.0,0.22456805907043653,0.0,0.0,0.0,0.619643986525978,0.0,0.9441919535822306,-0.8505877318837264,0.0,-0.9219336605417178,0.3797093189094748,0.0,0.37012704595011964,0.6354125301787753,-2.2229537217077704,-1.943543176197094,-0.20759720181093555,0.11688076634181854,0.08978161010345209,-0.11567000000000001,0.05918,0.04573,0.001834323722371627,0.0,-0.00022985369537952582,0.0002942825441433999,0.0,7.352798469788846e-05
848,8.480523400008678,step,2.1343388591475256,0.28749542285947866,4.5055001974105835,10.044800117611885,124371.0,221497.0,0.0,0.0,8.77,5e-05,1e-05,100.0,0.01,-0.011354069021592625,0.0,0.2244117333597549,-0.013482675288107652,0.0,0.22456805907043653,0.0,0.0,0.0,0.6159219130436819,0.0,0.9446590612038092,-0.8468261466137005,0.0,-0.922408262900855,0.3772823899816656,0.0,0.3704060306333353,0.6354125301787753,-2.2229537217077704,-1.943543176197094,-0.2079909154396077,0.11672908304647703,0.08993024455946899,-0.11298000000000001,0.06725,0.048420000000000005,0.0018527888764733689,0.0,-0.00023376792193555862,0.0002758173900416581,0.0,7.744221125392125e-05
849,8.490143499802798,step,2.0402124876655003,0.26733602874193574,6.675900192931294,9.620099794119596,124371.0,221497.0,0.0,0.0,8.77,5e-05,1e-05,100.0,0.01,-0.011470723799763743,0.0,0.22422965368723913,-0.013482675288107652,0.0,0.22456805907043653,0.0,0.0,0.0,0.6250198688417792,0.0,0.9716006585257708,-0.8432707983261917,0.0,-0.9232604952586103,0.383395994612199,0.0,0.3813854597531692,0.6354125301787753,-2.224487702495656,-1.943543176197094,-0.20648205846676043,0.11900476122621284,0.09065973912482934,-0.11298000000000001,0.06187,0.04573,0.001751205751355906,0.0,-0.00041977159077105197,0.00026074573698800247,0.0,8.136620757364765e-05
850,8.500455499859527,step,2.0402124876655003,0.27512569533603737,4.444400081411004,10.31200005672872,124371.0,221497.0,0.0,0.0,8.77,5e-05,1e-05,100.0,0.01,-0.011470723799763743,0.0,0.22422965368723913,-0.013482675288107652,0.0,0.22456805907043653,0.0,0.0,0.0,0.6214654584120045,0.0,0.9724552060640379,-0.8396476823953036,0.0,-0.924053789477767,0.3810669801738001,0.0,0.38181654795686976,0.6354125301787753,-2.224487702495656,-1.943543176197094,-0.20685559825650973,0.11887905274155297,0.09082180314573647,-0.11298000000000001,0.06994,0.048420000000000005,0.0017845850653484341,0.0,-0.0003907412964252535,0.00022736642299547426,0.0,5.233591322784917e-05
851,8.510492599802092,step,2.3846614080648463,0.394950566899587,4.216799978166819,10.037099942564964,124371.0,221497.0,0.0,0.0,8.77,5e-05,1e-05,100.0,0.01,-0.011101070212942724,0.0,0.22444736401228388,-0.013482675288107652,0.0,0.22456805907043653,0.0,0.0,0.0,0.5770932759940408,0.0,0.94160225591716,-0.8352139772251512,0.0,-0.9243534339490055,0.3517623307269754,0.0,0.36993971165096695,0.636946510966661,-2.2229537217077704,-1.943543176197094,-0.21331557721837857,0.11443890334559678,0.09116836021482616,-0.11298000000000001,0.06725,0.048420000000000005,0.002183845116121555,0.0,-0.00014759148161052555,0.0001977599590433734,0.0,2.6896423457872196e-05
852,8.520208599977195,step,2.1343388591475256,0.29720305736509567,3.5964997950941324,9.716000175103545,124371.0,221497.0,0.0,0.0,8.77,5e-05,1e-05,100.0,0.01,-0.011354069021592625,0.0,0.2244117333597549,-0.013482675288107652,0.0,0.22456805907043653,0.0,0.0,0.0,0.6005461462736629,0.0,0.9470783834792236,-0.831380679627785,0.0,-0.9247608433233221,0.36724516935913454,0.0,0.37175812654390517,0.6354125301787753,-2.2229537217077704,-1.943543176197094,-0.20961459394933585,0.11612527946644802,0.09056807454065581,-0.11836,0.06725,0.05111,0.0018881111655787229,0.0,-0.00020067165907942407,0.0002404951009363041,0.0,4.4345948397786706e-05
853,8.530086699873209,step,2.3846614080648463,0.3841474906201458,3.709399839863181,9.878099896013737,124371.0,221497.0,0.0,0.0,8.77,5e-05,1e-05,100.0,0.01,-0.011101070212942724,0.0,0.22444736401228388,-0.013482675288107652,0.0,0.22456805907043653,0.0,0.0,0.0,0.5688253339690603,0.0,0.9423069937942472,-0.8270121043934929,0.0,-0.9251114498739428,0.34637959733047546,0.0,0.37042685918775614,0.636946510966661,-2.2229537217077704,-1.943543176197094,-0.21419219127384637,0.11408583084007615,0.09148175063897221,-0.11836,0.06456,0.048420000000000005,0.00215176501902816,0.0,-0.00017269312547162386,0.00022984005613676823,0.0,5.1998067318970506e-05
854,8.540046599926427,step,2.284797451748909,0.3402928388133272,3.743699984624982,9.959900053218007,124371.0,221497.0,0.0,0.0,8.77,5e-05,1e-05,100.0,0.01,-0.011218004160473818,0.0,0.22426546350011203,-0.013482675288107652,0.0,0.22456805907043653,0.0,0.0,0.0,0.5773450441497338,0.0,0.9690980995114978,-0.8229554852320936,0.0,-0.9258587670221701,0.3520812635899154,0.0,0.3813321811108665,0.636946510966661,-2.224487702495656,-1.943543176197094,-0.2127496897453217,0.11632709953350899,0.09222988033524991,-0.11836,0.06725,0.0538,0.0019981093923939356,0.0,-0.00036809504505099595,0.00026656173523989784,0.0,6.549947472649727e-05
855,8.55045529990457,step,2.3846614080648463,0.3678899279065227,3.3919999841600657,10.408699978142977,124371.0,221497.0,0.0,0.0,8.77,5e-05,1e-05,100.0,0.01,-0.011101070212942724,0.0,0.22444736401228388,-0.013482675288107652,0.0,0.22456805907043653,0.0,0.0,0.0,0.5603990443402841,0.0,0.9434067769364461,-0.8186795308933172,0.0,-0.9261914994792974,0.3408845521651954,0.0,0.371078892242704,0.636946510966661,-2.2229537217077704,-1.943543176197094,-0.21508352182758803,0.11374372929400241,0.09181972608404562,-0.11567000000000001,0.056490000000000005,0.05111,0.00210614410321168,0.0,-0.0001638891454407452,0.0002754609719532483,0.0,4.3194087288091855e-05
856,8.56049619987607,step,2.1343388591475256,0.2780118957805845,4.229800077155232,10.040899971500039,124371.0,221497.0,0.0,0.0,8.77,5e-05,1e-05,100.0,0.01,-0.011354069021592625,0.0,0.2244117333597549,-0.013482675288107652,0.0,0.22456805907043653,0.0,0.0,0.0,0.5840116866333984,0.0,0.9489164484952637,-0.8149763587864566,0.0,-0.9266240629266647,0.3564697322338352,0.0,0.3729008644997807,0.6354125301787753,-2.2229537217077704,-1.943543176197094,-0.2113649023822579,0.11544043142394751,0.0912168207555715,-0.11836,0.06456,0.0538,0.001824017161575812,0.0,-0.00021306143184826514,0.00030458910493921494,0.0,5.6735721166627776e-05
857,8.57045659981668,step,2.284797451748909,0.33485013440009476,4.260499961674213,9.960399940609932,124371.0,221497.0,0.0,0.0,8.77,5e-05,1e-05,100.0,0.01,-0.011218004160473818,0.0,0.22426546350011203,-0.013482675288107652,0.0,0.22456805907043653,0.0,0.0,0.0,0.565311314595162,0.0,0.9706111653815733,-0.8109522333180945,0.0,-0.9273649549126415,0.34422867540136654,0.0,0.38223382654384713,0.636946510966661,-2.224487702495656,-1.943543176197094,-0.21402259067054086,0.11583618869546713,0.09271068186882651,-0.11567000000000001,0.06187,0.056490000000000005,0.0019821044506757018,0.0,-0.00036493029713419693,0.00028256667695813163,0.0,6.233472680969824e-05
858,8.580087299924344,step,2.0402124876655003,0.25652029148592376,3.7437998689711094,9.63070010766387,124371.0,221497.0,0.0,0.0,8.77,5e-05,1e-05,100.0,0.01,-0.011470723799763743,0.0,0.22422965368723913,-0.013482675288107652,0.0,0.22456805907043653,0.0,0.0,0.0,0.5891448633320682,0.0,0.9765592108024638,-0.8074548843943444,0.0,-0.9281360353752655,0.3599744785411442,0.0,0.3842422911057341,0.6354125301787753,-2.224487702495656,-1.943543176197094,-0.21027322479880994,0.11756502096005031,0.09211730681629907,-0.12105,0.06187,0.04573,0.0017226378555618232,0.0,-0.00037979979223115096,0.0002893136327820852,0.0,4.139440903374664e-05
859,8.59011029987596,step,2.3846614080648463,0.376954253314698,5.853899987414479,10.02299995161593,124371.0,221497.0,0.0,0.0,8.77,5e-05,1e-05,100.0,0.01,-0.011101070212942724,0.0,0.22444736401228388,-0.013482675288107652,0.0,0.22456805907043653,0.0,0.0,0.0,0.5449004671471759,0.0,0.9456845019176808,-0.8031224297477323,0.0,-0.9284145123056997,0.3307712884028255,0.0,0.37238209834091063,0.636946510966661,-2.2229537217077704,-1.943543176197094,-0.21672157257114433,0.1131263436903939,0.09245378216815187,-0.11298000000000001,0.07263,0.04573,0.0021339736310199663,0.0,-0.00013716529655050452,0.000247631444144962,0.0,1.6470238397851166e-05
860,8.600657699862495,step,2.0402124876655003,0.2587001753124291,4.22260002233088,10.54739998653531,124371.0,221497.0,0.0,0.0,8.77,5e-05,1e-05,100.0,0.01,-0.011470723799763743,0.0,0.22422965368723913,-0.013482675288107652,0.0,0.22456805907043653,0.0,0.0,0.0,0.5813141280184175,0.0,0.9776064569796772,-0.7996070579240951,0.0,-0.9291742291655889,0.3548628877562257,0.0,0.3848515719943557,0.6354125301787753,-2.224487702495656,-1.943543176197094,-0.21110095511524635,0.11724912041682481,0.0924337567406551,-0.12105,0.06725,0.0538,0.0017315151309750783,0.0,-0.0003742025891286592,0.00028043635736883007,0.0,3.579720593125486e-05
861,8.610502799972892,step,2.1343388591475256,0.29601146070672557,4.239500034600496,9.845100110396743,124371.0,221497.0,0.0,0.0,8.77,5e-05,1e-05,100.0,0.01,-0.011354069021592625,0.0,0.2244117333597549,-0.013482675288107652,0.0,0.22456805907043653,0.0,0.0,0.0,0.5649421767501568,0.0,0.9519019459516508,-0.7957751962206263,0.0,-0.9295168790172238,0.3440216128181561,0.0,0.37457165302749335,0.6354125301787753,-2.2229537217077704,-1.943543176197094,-0.21337872362153487,0.1146908759680376,0.0920071467099595,-0.11567000000000001,0.06187,0.05111,0.0018874039083852882,0.0,-0.00016877401097170969,0.0002412023581297388,0.0,1.2448300290072322e-05
862,8.620484899962321,step,2.3846614080648463,0.3841334402695698,4.287899937480688,9.982099989429116,124371.0,221497.0,0.0,0.0,8.77,5e-05,1e-05,100.0,0.01,-0.011101070212942724,0.0,0.22444736401228388,-0.013482675288107652,0.0,0.22456805907043653,0.0,0.0,0.0,0.5332198521546176,0.0,0.947063031090661,-0.7914026618483693,0.0,-0.9298128776268642,0.32315752533973524,0.0,0.37322642915508736,0.636946510966661,-2.2229537217077704,-1.943543176197094,-0.21795793777317202,0.11264533311222633,0.09291517651969122,-0.11836,0.06187,0.048420000000000005,0.0021537151135376745,0.0,-0.00014579569304553177,0.00022788996162725374,0.0,2.510063489287841e-05
863,8.630106099881232,step,2.1343388591475256,0.29010169319666557,3.6726000253111124,9.621199918910861,124371.0,221497.0,0.0,0.0,8.77,5e-05,1e-05,100.0,0.01,-0.011354069021592625,0.0,0.2244117333597549,-0.013482675288107652,0.0,0.22456805907043653,0.0,0.0,0.0,0.556734825650419,0.0,0.9525378264614843,-0.7876154505492138,0.0,-0.9302155129896704,0.3386794972425548,0.0,0.3750261778396033,0.6354125301787753,-2.2229537217077704,-1.943543176197094,-0.21424908615707106,0.11433806178082637,0.09231571827341198,-0.12374,0.06456,0.05111,0.0018654111137247679,0.0,-0.00019832019426136634,0.0002631951527902591,0.0,4.199448357972897e-05
864,8.640478399815038,step,2.1343388591475256,0.2951896871229927,4.377600038424134,10.372299933806062,124371.0,221497.0,0.0,0.0,8.77,5e-05,1e-05,100.0,0.01,-0.011354069021592625,0.0,0.2244117333597549,-0.013482675288107652,0.0,0.22456805907043653,0.0,0.0,0.0,0.5529496365674732,0.0,0.9529409143657639,-0.7837964315769829,0.0,-0.9306333388456078,0.3362131267220445,0.0,0.37528056872623194,0.6354125301787753,-2.2229537217077704,-1.943543176197094,-0.21464987853238543,0.11418045768997158,0.09246337306903603,-0.12105,0.056490000000000005,0.05111,0.0018810781526538722,0.0,-0.00020580235262844705,0.0002475281138611548,0.0,4.947664194680969e-05
865,8.650126199936494,step,2.3846614080648463,0.38308947956257894,3.721799934282899,9.647800121456385,124371.0,221497.0,0.0,0.0,8.77,5e-05,1e-05,100.0,0.01,-0.011101070212942724,0.0,0.22444736401228388,-0.013482675288107652,0.0,0.22456805907043653,0.0,0.0,0.0,0.5212410859846542,0.0,0.9481794893440917,-0.7794344269748741,0.0,-0.9309902559638734,0.31535660317012176,0.0,0.3739711207309572,0.636946510966661,-2.2229537217077704,-1.943543176197094,-0.21922747614951243,0.1121382290852923,0.0933738703941951,-0.12105,0.05918,0.04573,0.0021485286191205303,0.0,-0.00017580142920455314,0.00023307645604439802,0.0,5.510637105189979e-05
866,8.660263299942017,step,2.1343388591475256,0.2896431523815897,4.015499958768487,10.13710000552237,124371.0,221497.0,0.0,0.0,8.77,5e-05,1e-05,100.0,0.01,-0.011354069021592625,0.0,0.2244117333597549,-0.013482675288107652,0.0,0.22456805907043653,0.0,0.0,0.0,0.54476658996619,0.0,0.9537152041186157,-0.7756557081538877,0.0,-0.9314413010735939,0.33088349200191547,0.0,0.37579093383815065,0.6354125301787753,-2.2229537217077704,-1.943543176197094,-0.21551687873019493,0.11383521861682555,0.0927778563981102,-0.12374,0.06725,0.04573,0.0018612280983320763,0.0,-0.0002221646731597277,0.0002673781681829506,0.0,6.583896247809034e-05
867,8.6702705998905,step,2.0402124876655003,0.2691946960544094,3.5340001340955496,10.007299948483706,124371.0,221497.0,0.0,0.0,8.77,5e-05,1e-05,100.0,0.01,-0.011470723799763743,0.0,0.22422965368723913,-0.013482675288107652,0.0,0.22456805907043653,0.0,0.0,0.0,0.5538494305348507,0.0,0.9806336968172998,-0.7720815381580448,0.0,-0.9322689747070613,0.3369500817899171,0.0,0.3867253355292965,0.6354125301787753,-2.224487702495656,-1.943543176197094,-0.2140077468526021,0.11611105493937723,0.09351226135339695,-0.11836,0.05918,0.048420000000000005,0.0017604764841279356,0.0,-0.000407675060208891,0.00025147500421597276,0.0,6.92696770114867e-05
868,8.680089099798352,step,2.1343388591475256,0.3044142142363509,3.6886001471430063,9.81849990785122,124371.0,221497.0,0.0,0.0,8.77,5e-05,1e-05,100.0,0.01,-0.011354069021592625,0.0,0.2244117333597549,-0.013482675288107652,0.0,0.22456805907043653,0.0,0.0,0.0,0.537416662675661,0.0,0.9549966908787675,-0.7682003009668744,0.0,-0.9326648390496002,0.3260825227714299,0.0,0.37648821656133746,0.6354125301787753,-2.2229537217077704,-1.943543176197094,-0.21629233049894173,0.11355240688351724,0.09308883364578704,-0.12105,0.06725,0.056490000000000005,0.0019117240680564815,0.0,-0.0001949850921347001,0.00021688219845854544,0.0,3.865938145306274e-05
869,8.690139499958605,step,2.0402124876655003,0.27997116892548707,3.698099870234728,10.050400160253048,124371.0,221497.0,0.0,0.0,8.77,5e-05,1e-05,100.0,0.01,-0.011470723799763743,0.0,0.22422965368723913,-0.013482675288107652,0.0,0.22456805907043653,0.0,0.0,0.0,0.5463940329431689,0.0,0.9818572362892666,-0.764541388928241,0.0,-0.9334464534940788,0.33207821794904946,0.0,0.38739771289159186,0.6354125301787753,-2.224487702495656,-1.943543176197094,-0.21479450611265238,0.1158208561768252,0.09382454887817628,-0.11567000000000001,0.06725,0.04573,0.0018022166290352188,0.0,-0.0003849883611467662,0.00020973485930868957,0.0,4.658297794936188e-05
870,8.700480700004846,step,2.0402124876655003,0.28626380705372395,4.307700088247657,10.341200046241283,124371.0,221497.0,0.0,0.0,8.77,5e-05,1e-05,100.0,0.01,-0.011470723799763743,0.0,0.22422965368723913,-0.013482675288107652,0.0,0.22456805907043653,0.0,0.0,0.0,0.5427360569859253,0.0,0.9826411650875994,-0.7608292559422083,0.0,-0.9341766993750631,0.3296835686952937,0.0,0.38780243583390867,0.6354125301787753,-2.224487702495656,-1.943543176197094,-0.21517947671457516,0.11568703130407368,0.0939866936240584,-0.11836,0.06456,0.048420000000000005,0.0018284308903793443,0.0,-0.0003596865013693668,0.0001835205979645641,0.0,2.1281118171962506e-05
871,8.710138899972662,step,2.0402124876655003,0.2914916187575742,6.335599813610315,9.658199967816472,124371.0,221497.0,0.0,0.0,8.77,5e-05,1e-05,100.0,0.01,-0.011470723799763743,0.0,0.22422965368723913,-0.013482675288107652,0.0,0.22456805907043653,0.0,0.0,0.0,0.5390239286341197,0.0,0.9833714122776758,-0.757074247141252,0.0,-0.9348655316061758,0.327254990798625,0.0,0.3881865442162211,0.6354125301787753,-2.224487702495656,-1.943543176197094,-0.2155705202087404,0.11554818124756835,0.09414806635697112,-0.12105,0.06456,0.056490000000000005,0.001849549601576249,0.0,-0.00033928798736313723,0.00016240188676765947,0.0,8.826041657329143e-07
872,8.720292899990454,step,2.1343388591475256,0.32593983306655167,3.5148002207279205,10.154000017791986,124371.0,221497.0,0.0,0.0,8.77,5e-05,1e-05,100.0,0.01,-0.011354069021592625,0.0,0.2244117333597549,-0.013482675288107652,0.0,0.22456805907043653,0.0,0.0,0.0,0.5224093861173303,0.0,0.9575932500633942,-0.7530472810695478,0.0,-0.9351493201025424,0.3162802527338696,0.0,0.3779037885729372,0.6354125301787753,-2.2229537217077704,-1.943543176197094,-0.2178757804752027,0.11297402274874829,0.09372282149074215,-0.11836,0.06725,0.048420000000000005,0.001983503604994214,0.0,-0.00013978153666459426,0.00014510266152081277,0.0,-1.6544174017043108e-05
873,8.730476199882105,step,2.1343388591475256,0.3239842166142125,4.288600059226155,10.183299891650677,124371.0,221497.0,0.0,0.0,8.77,5e-05,1e-05,100.0,0.01,-0.011354069021592625,0.0,0.2244117333597549,-0.013482675288107652,0.0,0.22456805907043653,0.0,0.0,0.0,0.5183814872471629,0.0,0.957874723685133,-0.7490352492884793,0.0,-0.9354699629231499,0.3136592456746798,0.0,0.37811438296067196,0.6354125301787753,-2.2229537217077704,-1.943543176197094,-0.21830309705661027,0.1127994489439893,0.09387276974828215,-0.12105,0.06187,0.05111,0.0019761476405319527,0.0,-0.00015793433052722515,0.00015245862598307425,0.0,1.6086198455877825e-06
874,8.740189699921757,step,2.1343388591475256,0.3220918505981036,3.618400078266859,9.71350003965199,124371.0,221497.0,0.0,0.0,8.77,5e-05,1e-05,100.0,0.01,-0.011354069021592625,0.0,0.2244117333597549,-0.013482675288107652,0.0,0.22456805907043653,0.0,0.0,0.0,0.5143694537788333,0.0,0.9581953653582925,-0.7450376342185917,0.0,-0.9358216250947186,0.3110476039016318,0.0,0.37834056554824064,0.6354125301787753,-2.2229537217077704,-1.943543176197094,-0.2187285051445517,0.1126274375651283,0.09402408693378958,-0.12105,0.06456,0.056490000000000005,0.0019690466125892865,0.0,-0.00017321307719667502,0.00015955965392574047,0.0,1.6887366515037656e-05
875,8.750476299785078,step,2.0402124876655003,0.2918448597806463,4.238500026986003,10.286599863320589,124371.0,221497.0,0.0,0.0,8.77,5e-05,1e-05,100.0,0.01,-0.011470723799763743,0.0,0.22422965368723913,-0.013482675288107652,0.0,0.22456805907043653,0.0,0.0,0.0,0.5232313746154935,0.0,0.9850140220912128,-0.7412919716983437,0.0,-0.9365714619259302,0.3169571832699191,0.0,0.389224007340188,0.6354125301787753,-2.224487702495656,-1.943543176197094,-0.21724252446645115,0.11488920535423491,0.09476345392300736,-0.12374,0.06725,0.0538,0.0018449460411915795,0.0,-0.000369336128336525,0.00016700544715232885,0.0,3.0930745139120684e-05
876,8.760177899850532,step,2.1343388591475256,0.3241147700076345,3.687099786475301,9.70160006545484,124371.0,221497.0,0.0,0.0,8.77,5e-05,1e-05,100.0,0.01,-0.011354069021592625,0.0,0.2244117333597549,-0.013482675288107652,0.0,0.22456805907043653,0.0,0.0,0.0,0.5066271094172454,0.0,0.9592991789660311,-0.73728044644637,0.0,-0.9369082165148512,0.3059961647369526,0.0,0.3789747637798969,0.6354125301787753,-2.2229537217077704,-1.943543176197094,-0.2195467356238713,0.1123180712327479,0.09433969448031905,-0.11836,0.06187,0.05111,0.001975898146926169,0.0,-0.0001658702678963688,0.000152708119588858,0.0,9.544557214731444e-06
877,8.77046939986758,step,2.3846614080648463,0.4082060221383248,4.285000031813979,10.291500017046928,124371.0,221497.0,0.0,0.0,8.77,5e-05,1e-05,100.0,0.01,-0.011101070212942724,0.0,0.22444736401228388,-0.013482675288107652,0.0,0.22456805907043653,0.0,0.0,0.0,0.4747251162106361,0.0,0.9544543686540996,-0.7327722115875376,0.0,-0.9372016778658407,0.2850171712694888,0.0,0.3776536132317974,0.636946510966661,-2.2229537217077704,-1.943543176197094,-0.22414681594924096,0.11025918025237905,0.09524953044237265,-0.12105,0.06725,0.048420000000000005,0.002220555111573156,0.0,-0.00014454595277179141,0.00016104996359177226,0.0,2.3850894619138058e-05
878,8.780207199975848,step,2.0402124876655003,0.2780099327031599,3.5651999060064554,9.737800108268857,124371.0,221497.0,0.0,0.0,8.77,5e-05,1e-05,100.0,0.01,-0.011470723799763743,0.0,0.22422965368723913,-0.013482675288107652,0.0,0.22456805907043653,0.0,0.0,0.0,0.5109639228518529,0.0,0.986393621636414,-0.7291253653665457,0.0,-0.9379769257459382,0.30895556408713776,0.0,0.3900721318257538,0.6354125301787753,-2.224487702495656,-1.943543176197094,-0.2185407223279771,0.11438215376777461,0.09524651513238308,-0.12643000000000001,0.06187,0.05111,0.001796273546237119,0.0,-0.0003818524759227769,0.00021567794210678934,0.0,4.344709272537258e-05
879,8.79028769978322,step,2.0402124876655003,0.2825663866511254,5.453499965369701,10.08049980737269,124371.0,221497.0,0.0,0.0,8.77,5e-05,1e-05,100.0,0.01,-0.011470723799763743,0.0,0.22422965368723913,-0.013482675288107652,0.0,0.22456805907043653,0.0,0.0,0.0,0.5073200313293817,0.0,0.9871716372661299,-0.725438324981968,0.0,-0.9387077147271425,0.30657020250156314,0.0,0.3904741167524275,0.6354125301787753,-2.224487702495656,-1.943543176197094,-0.2189242272387456,0.11424870919426602,0.09540789490462151,-0.12374,0.06187,0.048420000000000005,0.0018160713957726205,0.0,-0.0003599540082778814,0.00019588009257128793,0.0,2.1548625080477102e-05
880,8.800402999855578,step,2.0402124876655003,0.2863541932705099,3.582199802622199,10.115300072357059,124371.0,221497.0,0.0,0.0,8.77,5e-05,1e-05,100.0,0.01,-0.011470723799763743,0.0,0.22422965368723913,-0.013482675288107652,0.0,0.22456805907043653,0.0,0.0,0.0,0.5036329957423371,0.0,0.9879024276236289,-0.7217188364764062,0.0,-0.9394027794151533,0.30415791328979314,0.0,0.39085786168290854,0.6354125301787753,-2.224487702495656,-1.943543176197094,-0.2193125960339657,0.11411105319970669,0.09556844306371245,-0.12105,0.05918,0.048420000000000005,0.0018320538907331623,0.0,-0.00034235781723134884,0.0001798975976107461,0.0,3.952434033944519e-06
881,8.81047339993529,step,2.1343388591475256,0.31906816314087455,4.320899955928326,10.070400079712272,124371.0,221497.0,0.0,0.0,8.77,5e-05,1e-05,100.0,0.01,-0.011354069021592625,0.0,0.2244117333597549,-0.013482675288107652,0.0,0.22456805907043653,0.0,0.0,0.0,0.4870539727187148,0.0,0.9621304978028354,-0.717735546493167,0.0,-0.9396974131988063,0.2932248355443705,0.0,0.380594691381284,0.6354125301787753,-2.2229537217077704,-1.943543176197094,-0.22161504575728086,0.11153787309639333,0.09513955574881358,-0.12374,0.06994,0.048420000000000005,0.001961990714798486,0.0,-0.00014512344073001535,0.0001666155517165411,0.0,-1.1202269951622016e-05
882,8.820135799935088,step,2.0402124876655003,0.2873796861599658,3.6492999643087387,9.662399999797344,124371.0,221497.0,0.0,0.0,8.77,5e-05,1e-05,100.0,0.01,-0.011470723799763743,0.0,0.22422965368723913,-0.013482675288107652,0.0,0.22456805907043653,0.0,0.0,0.0,0.4959292863256289,0.0,0.9888898115680445,-0.7140115138631073,0.0,-0.9404049195791663,0.2991302391501457,0.0,0.39143978674847113,0.6354125301787753,-2.224487702495656,-1.943543176197094,-0.2201271448514541,0.11379827796976977,0.09587767637626773,-0.12105,0.0538,0.05918,0.0018342921234777104,0.0,-0.0003484860391204073,0.00017765936486619795,0.0,1.0080655923002963e-05
883,8.83046430000104,step,2.284797451748909,0.3706262536017227,4.332000156864524,10.32850006595254,124371.0,221497.0,0.0,0.0,8.77,5e-05,1e-05,100.0,0.01,-0.011218004160473818,0.0,0.22426546350011203,-0.013482675288107652,0.0,0.22456805907043653,0.0,0.0,0.0,0.46434742617698066,0.0,0.9843943385042306,-0.7097496067397662,0.0,-0.9410111046598965,0.2783191038509398,0.0,0.39024234349259607,0.636946510966661,-2.224487702495656,-1.943543176197094,-0.2246962699969074,0.11176808160169813,0.0967975880754231,-0.12105,0.06187,0.056490000000000005,0.002099225072368197,0.0,-0.0002985796928786208,0.00016544605526563633,0.0,-4.0158774458779e-06
884,8.840108999982476,step,2.284797451748909,0.3582574274222116,3.652299987152219,9.644699981436133,124371.0,221497.0,0.0,0.0,8.77,5e-05,1e-05,100.0,0.01,-0.011218004160473818,0.0,0.22426546350011203,-0.013482675288107652,0.0,0.22456805907043653,0.0,0.0,0.0,0.46008349483861005,0.0,0.9850000692936318,-0.7055595315442054,0.0,-0.9416078803519756,0.27553503525217765,0.0,0.3905901952919674,0.636946510966661,-2.224487702495656,-1.943543176197094,-0.22514691192549896,0.11159737669987277,0.0969713370492177,-0.12643000000000001,0.06187,0.05111,0.002063843873428589,0.0,-0.0002939450483403187,0.0002008272542052443,0.0,-8.650521984179967e-06
885,8.850446600001305,step,2.0402124876655003,0.26998648491410776,3.317900002002716,10.337600018829107,124371.0,221497.0,0.0,0.0,8.77,5e-05,1e-05,100.0,0.01,-0.011470723799763743,0.0,0.22422965368723913,-0.013482675288107652,0.0,0.22456805907043653,0.0,0.0,0.0,0.48375217370603085,0.0,0.9908021384413329,-0.70194584646126,0.0,-0.9422716607124896,0.29117489255265305,0.0,0.3925029057751656,0.6354125301787753,-2.224487702495656,-1.943543176197094,-0.22141267416853094,0.11332027291344196,0.09638355999920753,-0.12643000000000001,0.06456,0.05111,0.0017799398509216247,0.0,-0.0003269485549568206,0.00023201163742228364,0.0,-1.1456828240583722e-05
886,8.860084899934009,step,2.0402124876655003,0.2751172843045739,3.691800171509385,9.638299932703376,124371.0,221497.0,0.0,0.0,8.77,5e-05,1e-05,100.0,0.01,-0.011470723799763743,0.0,0.22422965368723913,-0.013482675288107652,0.0,0.22456805907043653,0.0,0.0,0.0,0.4801405104105525,0.0,0.9914663742119619,-0.6982940157574676,0.0,-0.9429197322564319,0.2888131195435089,0.0,0.3928577714051705,0.6354125301787753,-2.224487702495656,-1.943543176197094,-0.22179339926527142,0.11318302434513033,0.09653831807535346,-0.12105,0.06725,0.056490000000000005,0.001798728679811102,0.0,-0.00031921109361613705,0.00021322280853280635,0.0,-1.919428958126727e-05
887,8.870466299820691,step,2.1343388591475256,0.30891273026119614,4.259399836882949,10.38139988668263,124371.0,221497.0,0.0,0.0,8.77,5e-05,1e-05,100.0,0.01,-0.011354069021592625,0.0,0.2244117333597549,-0.013482675288107652,0.0,0.22456805907043653,0.0,0.0,0.0,0.4636291467915774,0.0,0.9656474511682914,-0.6943728478157157,0.0,-0.9431844556698975,0.2779372496144719,0.0,0.3825857648535398,0.6354125301787753,-2.2229537217077704,-1.943543176197094,-0.22408964838452639,0.11061012433766955,0.096103067890658,-0.12374,0.05918,0.05111,0.0019313921721125843,0.0,-0.00013039092845231902,0.0001972140944024427,0.0,-2.5934782229318346e-05
888,8.880186999915168,step,2.0402124876655003,0.27855227190437115,3.565700026229024,9.720700094476342,124371.0,221497.0,0.0,0.0,8.77,5e-05,1e-05,100.0,0.01,-0.011470723799763743,0.0,0.22422965368723913,-0.013482675288107652,0.0,0.22456805907043653,0.0,0.0,0.0,0.47256658286651776,0.0,0.9923768543727916,-0.6907056034413077,0.0,-0.9438765050132186,0.28387154961660516,0.0,0.393405331551189,0.6354125301787753,-2.224487702495656,-1.943543176197094,-0.22259457073514743,0.11287270821660456,0.0968394132369497,-0.12643000000000001,0.05918,0.0538,0.001806320765437832,0.0,-0.0003408725931307184,0.0002056307229060764,0.0,2.4672099333140885e-06
889,8.89048989978619,step,2.0402124876655003,0.28210030179187184,4.921999992802739,10.30289987102151,124371.0,221497.0,0.0,0.0,8.77,5e-05,1e-05,100.0,0.01,-0.011470723799763743,0.0,0.22422965368723913,-0.013482675288107652,0.0,0.22456805907043653,0.0,0.0,0.0,0.4689002721410218,0.0,0.9930712176058857,-0.6870112900896355,0.0,-0.9445525700613091,0.28147357313254967,0.0,0.39377374849094654,0.6354125301787753,-2.224487702495656,-1.943543176197094,-0.2229809415587245,0.11273431907238216,0.09699748850475794,-0.12374,0.06456,0.0538,0.0018196537344847726,0.0,-0.0003329994433080791,0.00019229775385913583,0.0,-5.405939889325216e-06
890,8.900041199987754,step,2.1343388591475256,0.3143880987514226,3.9138998836278915,9.551300201565027,124371.0,221497.0,0.0,0.0,8.77,5e-05,1e-05,100.0,0.01,-0.011354069021592625,0.0,0.2244117333597549,-0.013482675288107652,0.0,0.22456805907043653,0.0,0.0,0.0,0.45234642439411954,0.0,0.9672802886606539,-0.683057297477916,0.0,-0.9448447127730766,0.27057533743946327,0.0,0.3835198620843112,0.6354125301787753,-2.2229537217077704,-1.943543176197094,-0.2252818991109292,0.11016042270070148,0.0965641759509473,-0.12374,0.06725,0.05111,0.0019475601382821818,0.0,-0.0001438964499937718,0.00018104612823284516,0.0,-1.2429260687865553e-05
891,8.910440699895844,step,2.3846614080648463,0.39689030464503555,4.406200023368001,10.399499908089638,124371.0,221497.0,0.0,0.0,8.77,5e-05,1e-05,100.0,0.01,-0.011101070212942724,0.0,0.22444736401228388,-0.013482675288107652,0.0,0.22456805907043653,0.0,0.0,0.0,0.42050196281423236,0.0,0.9623908654102294,-0.678610979314474,0.0,-0.9451181538484431,0.24963579811440775,0.0,0.3821998162806208,0.636946510966661,-2.2229537217077704,-1.943543176197094,-0.2298778580303652,0.10809769925555587,0.09746625769245998,-0.12374,0.06187,0.05111,0.002190057713201922,0.0,-0.00013468485929243916,0.00019154736196300625,0.0,1.3989801139785809e-05
892,8.920113899977878,step,2.3846614080648463,0.3783245758854781,3.7487000226974487,9.673200082033873,124371.0,221497.0,0.0,0.0,8.77,5e-05,1e-05,100.0,0.01,-0.011101070212942724,0.0,0.22444736401228388,-0.013482675288107652,0.0,0.22456805907043653,0.0,0.0,0.0,0.41605361357194215,0.0,0.962663852082483,-0.6742742782640994,0.0,-0.9454486879525126,0.2467423259136469,0.0,0.3824186244488282,0.636946510966661,-2.2229537217077704,-1.943543176197094,-0.23035007393985935,0.10790280303370298,0.09762969782843237,-0.12643000000000001,0.06456,0.05111,0.0021360652198293517,0.0,-0.00016280633492344243,0.0002455398553355766,0.0,4.211127677078907e-05
893,8.930072299903259,step,2.1343388591475256,0.2822158875212393,3.8131000474095345,9.958399925380945,124371.0,221497.0,0.0,0.0,8.77,5e-05,1e-05,100.0,0.01,-0.011354069021592625,0.0,0.2244117333597549,-0.013482675288107652,0.0,0.22456805907043653,0.0,0.0,0.0,0.4396064381421643,0.0,0.9681736362574553,-0.6705448869354267,0.0,-0.9458986153840868,0.2622851869806718,0.0,0.3841872078302264,0.6354125301787753,-2.2229537217077704,-1.943543176197094,-0.22663345695427492,0.10960839958152004,0.09703860178702087,-0.12643000000000001,0.05918,0.056490000000000005,0.001836931579044998,0.0,-0.00022161415483086964,0.00029167468747002905,0.0,6.528844414923227e-05
894,8.94051199988462,step,2.0402124876655003,0.26015324428157793,4.530200036242604,10.439699981361628,124371.0,221497.0,0.0,0.0,8.77,5e-05,1e-05,100.0,0.01,-0.011470723799763743,0.0,0.22422965368723913,-0.013482675288107652,0.0,0.22456805907043653,0.0,0.0,0.0,0.4487386055197297,0.0,0.9950910111401446,-0.6670392373001744,0.0,-0.9467460130763984,0.2683286107790211,0.0,0.3950667491630526,0.6354125301787753,-2.224487702495656,-1.943543176197094,-0.22511595899356657,0.11188943114599317,0.09777937309503013,-0.12374,0.06187,0.0538,0.0017267264152604424,0.0,-0.00041739025053480234,0.000285225073083466,0.0,7.898486733739802e-05
895,8.95044199982658,step,2.0402124876655003,0.26637198452940225,4.372899886220694,9.929999941959977,124371.0,221497.0,0.0,0.0,8.77,5e-05,1e-05,100.0,0.01,-0.011470723799763743,0.0,0.22422965368723913,-0.013482675288107652,0.0,0.22456805907043653,0.0,0.0,0.0,0.4452338935606089,0.0,0.9959407239356686,-0.6634796340577285,0.0,-0.9475508882113345,0.26603199529126,0.0,0.39549470882433363,0.6354125301787753,-2.224487702495656,-1.943543176197094,-0.22548423514455188,0.1117658120246901,0.09793951677123408,-0.12374,0.0538,0.048420000000000005,0.00175330155209192,0.0,-0.00039644553822629864,0.0002586499362519884,0.0,5.8040155028894324e-05
896,8.96016679983586,step,2.1343388591475256,0.2985505367370846,3.722399938851595,9.724800009280443,124371.0,221497.0,0.0,0.0,8.77,5e-05,1e-05,100.0,0.01,-0.011354069021592625,0.0,0.2244117333597549,-0.013482675288107652,0.0,0.22456805907043653,0.0,0.0,0.0,0.42881475799297647,0.0,0.9702786053736644,-0.6596365184218563,0.0,-0.9479483665707071,0.2552307496478131,0.0,0.3853020702785858,0.6354125301787753,-2.2229537217077704,-1.943543176197094,-0.22777077986812283,0.10920355433028738,0.09750606938097639,-0.12374,0.06187,0.0538,0.0018929470927813927,0.0,-0.0001957800847299083,0.0002356591737336343,0.0,3.9454374048270946e-05
897,8.970466599799693,step,2.284797451748909,0.34977864365695793,3.3738999627530575,10.299799963831902,124371.0,221497.0,0.0,0.0,8.77,5e-05,1e-05,100.0,0.01,-0.011218004160473818,0.0,0.22426546350011203,-0.013482675288107652,0.0,0.22456805907043653,0.0,0.0,0.0,0.40997148670769246,0.0,0.9919354702973965,-0.6555187663516294,0.0,-0.9486784693518207,0.24281951187298262,0.0,0.3946035534231886,0.636946510966661,-2.224487702495656,-1.943543176197094,-0.2304441181332315,0.10958261971676245,0.09900440344516315,-0.12643000000000001,0.05918,0.0538,0.002028220732515591,0.0,-0.0003596160167651883,0.0002364503951182424,0.0,5.702044644068961e-05
898,8.980482199927792,step,2.0402124876655003,0.2644640281507005,4.394599935039878,10.015600128099322,124371.0,221497.0,0.0,0.0,8.77,5e-05,1e-05,100.0,0.01,-0.011470723799763743,0.0,0.22422965368723913,-0.013482675288107652,0.0,0.22456805907043653,0.0,0.0,0.0,0.4337114035737214,0.0,0.9978727253622734,-0.6519671338572453,0.0,-0.9494589230867527,0.25850146130077906,0.0,0.3965505892433457,0.6354125301787753,-2.224487702495656,-1.943543176197094,-0.22669995512334606,0.11131921442396411,0.09842415629228793,-0.12912,0.06187,0.056490000000000005,0.00174937551764476,0.0,-0.000384416647472246,0.00026257597069914837,0.0,4.601126427484169e-05
899,8.990455999970436,step,2.0402124876655003,0.27029515549402666,4.567099967971444,9.973800042644143,124371.0,221497.0,0.0,0.0,8.77,5e-05,1e-05,100.0,0.01,-0.011470723799763743,0.0,0.22422965368723913,-0.013482675288107652,0.0,0.22456805907043653,0.0,0.0,0.0,0.4301617930303592,0.0,0.9986536352843791,-0.6483681196297488,0.0,-0.9502084925398254,0.2561772812578422,0.0,0.39695155637638774,0.6354125301787753,-2.224487702495656,-1.943543176197094,-0.2270734055081357,0.11119029608909664,0.09858247936601226,-0.12643000000000001,0.06187,0.0538,0.0017727136428649743,0.0,-0.0003692044298088908,0.00023923784547893404,0.0,3.0799046611486454e-05
900,9.000116599956527,step,2.284797451748909,0.35366933763425584,3.744299989193678,9.660599986091256,124371.0,221497.0,0.0,0.0,8.77,5e-05,1e-05,100.0,0.01,-0.011218004160473818,0.0,0.22426546350011203,-0.013482675288107652,0.0,0.22456805907043653,0.0,0.0,0.0,0.39870402285783124,0.0,0.9941979117318356,-0.644213733933581,0.0,-0.9508600647685066,0.2354469247398347,0.0,0.39579249958001556,0.636946510966661,-2.224487702495656,-1.943543176197094,-0.2316312609126718,0.10916234036645413,0.09949572816705891,-0.12643000000000001,0.06725,0.05111,0.002046264820254106,0.0,-0.0003209353745451852,0.00021840630737972756,0.0,1.8339804220686494e-05
901,9.010469599859789,step,2.0402124876655003,0.26697056109591744,4.344299901276827,10.352999903261662,124371.0,221497.0,0.0,0.0,8.77,5e-05,1e-05,100.0,0.01,-0.011470723799763743,0.0,0.22422965368723913,-0.013482675288107652,0.0,0.22456805907043653,0.0,0.0,0.0,0.42240637451327023,0.0,1.0000543223913239,-0.6406313296881083,0.0,-0.9515776355850926,0.25110638230138965,0.0,0.39770311813637993,0.6354125301787753,-2.224487702495656,-1.943543176197094,-0.2278910932387229,0.11089438301408072,0.09891354934219442,-0.12643000000000001,0.05918,0.048420000000000005,0.0017645323076770226,0.0,-0.0003534433308335468,0.0002474191806668858,0.0,1.5037947636142488e-05
902,9.020059400005266,step,2.1343388591475256,0.30056297481325783,4.15610009804368,9.589800145477057,124371.0,221497.0,0.0,0.0,8.77,5e-05,1e-05,100.0,0.01,-0.011354069021592625,0.0,0.2244117333597549,-0.013482675288107652,0.0,0.22456805907043653,0.0,0.0,0.0,0.4059664542136403,0.0,0.9743053535768373,-0.6367686163228264,0.0,-0.951905651130968,0.24030522295878404,0.0,0.3874872270167882,0.6354125301787753,-2.2229537217077704,-1.943543176197094,-0.2301811420443854,0.10832639795245888,0.09847488188327493,-0.12912,0.06187,0.05918,0.001902600058870934,0.0,-0.00016156580565941704,0.00022600620764409306,0.0,5.24009497777968e-06
903,9.030089099891484,step,2.3846614080648463,0.3843446574690306,3.759200219064951,10.029699886217713,124371.0,221497.0,0.0,0.0,8.77,5e-05,1e-05,100.0,0.01,-0.011101070212942724,0.0,0.22444736401228388,-0.013482675288107652,0.0,0.22456805907043653,0.0,0.0,0.0,0.374213274632472,0.0,0.9694518033678664,-0.6323954390203395,0.0,-0.952209876630334,0.21942486831190258,0.0,0.38619728860805347,0.636946510966661,-2.2229537217077704,-1.943543176197094,-0.23476872537664464,0.1062657898094006,0.09937253063437701,-0.12912,0.0538,0.05111,0.002154031792249648,0.0,-0.0001498478914346032,0.0002275732829152802,0.0,2.915283328194985e-05
904,9.040101099992171,step,2.0402124876655003,0.26134725263399616,3.7318000104278326,10.012000100687146,124371.0,221497.0,0.0,0.0,8.77,5e-05,1e-05,100.0,0.01,-0.011470723799763743,0.0,0.22422965368723913,-0.013482675288107652,0.0,0.22456805907043653,0.0,0.0,0.0,0.4105871398889567,0.0,1.0014018202807684,-0.6288706370836588,0.0,-0.9530118329501369,0.24339669248652826,0.0,0.39852771432989187,0.6354125301787753,-2.224487702495656,-1.943543176197094,-0.2291417539026086,0.11040671110452013,0.09937985035976803,-0.12912,0.05918,0.05918,0.0017361599834233984,0.0,-0.0003950078602732888,0.00027579150492051,0.0,5.660247707588449e-05
905,9.050479399971664,step,2.0402124876655003,0.26780006185829486,4.358000122010708,10.378299979493022,124371.0,221497.0,0.0,0.0,8.77,5e-05,1e-05,100.0,0.01,-0.011470723799763743,0.0,0.22422965368723913,-0.013482675288107652,0.0,0.22456805907043653,0.0,0.0,0.0,0.4070652936524495,0.0,1.0022065441723091,-0.6252933999751044,0.0,-0.953782143122792,0.24108999433348613,0.0,0.3989377391937173,0.6354125301787753,-2.224487702495656,-1.943543176197094,-0.22951211191023202,0.11028019628276475,0.09953838902548875,-0.12643000000000001,0.0538,0.05918,0.0017619872068437464,0.0,-0.0003794203818008266,0.00024996428150016203,0.0,4.1014998603422254e-05
906,9.060135499807075,step,2.0402124876655003,0.27334310037006665,3.7346999160945415,9.656099835410714,124371.0,221497.0,0.0,0.0,8.77,5e-05,1e-05,100.0,0.01,-0.011470723799763743,0.0,0.22422965368723913,-0.013482675288107652,0.0,0.22456805907043653,0.0,0.0,0.0,0.4034880622836343,0.0,1.0029768555783234,-0.6216722621498794,0.0,-0.9545268013458903,0.23874811761595108,0.0,0.39933503088612315,0.6354125301787753,-2.224487702495656,-1.943543176197094,-0.2298885637273521,0.11014949729874227,0.09969713380133294,-0.12643000000000001,0.0538,0.05111,0.001783610738859526,0.0,-0.00036678537730488043,0.00022834074948438238,0.0,2.8379994107476114e-05
907,9.070500699803233,step,2.1343388591475256,0.30599087210508924,4.351099953055382,10.36519999615848,124371.0,221497.0,0.0,0.0,8.77,5e-05,1e-05,100.0,0.01,-0.011354069021592625,0.0,0.2244117333597549,-0.013482675288107652,0.0,0.22456805907043653,0.0,0.0,0.0,0.3870073908218764,0.0,0.9772545191802562,-0.6177766622003775,0.0,-0.954878717015754,0.22792965351012873,0.0,0.3891405773635414,0.6354125301787753,-2.2229537217077704,-1.943543176197094,-0.23218340619532735,0.10758029746360795,0.0992597040763104,-0.12912,0.06456,0.05111,0.0019187985212356128,0.0,-0.0001733379391332302,0.00020980774527941414,0.0,1.7012228451592827e-05
908,9.080453799804673,step,2.0402124876655003,0.2777689593535567,4.4374000281095505,9.953100001439452,124371.0,221497.0,0.0,0.0,8.77,5e-05,1e-05,100.0,0.01,-0.011470723799763743,0.0,0.22422965368723913,-0.013482675288107652,0.0,0.22456805907043653,0.0,0.0,0.0,0.39597039528309497,0.0,1.004071114745906,-0.6141304440019717,0.0,-0.9556491330185035,0.23383881385549796,0.0,0.3999561744661008,0.6354125301787753,-2.224487702495656,-1.943543176197094,-0.2306826929463458,0.10985037043964849,0.10000525112288308,-0.12643000000000001,0.056490000000000005,0.05918,0.0017959642103645714,0.0,-0.0003794725089779774,0.00021598727797933698,0.0,4.106712578057307e-05
909,9.09052009996958,step,2.1343388591475256,0.309407399434739,5.447099916636944,10.06630016490817,124371.0,221497.0,0.0,0.0,8.77,5e-05,1e-05,100.0,0.01,-0.011354069021592625,0.0,0.2244117333597549,-0.013482675288107652,0.0,0.22456805907043653,0.0,0.0,0.0,0.37946557406678083,0.0,0.9783768498292262,-0.6102150107140514,0.0,-0.9560229673930365,0.22300792613108256,0.0,0.38977755122857977,0.6354125301787753,-2.2229537217077704,-1.943543176197094,-0.23298018085690747,0.10728113644109977,0.09956942916322149,-0.12912,0.06187,0.056490000000000005,0.0019285675377983607,0.0,-0.0001841341139591483,0.00020003872871666626,0.0,2.780840327751093e-05
910,9.100358599796891,step,2.3846614080648463,0.39240079897965996,4.777600057423115,9.838499827310443,124371.0,221497.0,0.0,0.0,8.77,5e-05,1e-05,100.0,0.01,-0.011101070212942724,0.0,0.22444736401228388,-0.013482675288107652,0.0,0.22456805907043653,0.0,0.0,0.0,0.34765967308203793,0.0,0.9735691191185606,-0.6057989127389588,0.0,-0.9563666512933963,0.2020926916991629,0.0,0.38851767855915526,0.636946510966661,-2.2229537217077704,-1.943543176197094,-0.23757401873027562,0.10521801552649694,0.10046932119240734,-0.12912,0.0538,0.05918,0.0021751725983369333,0.0,-0.00016928333718330168,0.00020643247682799494,0.0,4.858827903064832e-05
911,9.110388899920508,step,2.0402124876655003,0.2673128911359868,4.583499860018492,10.030300123617053,124371.0,221497.0,0.0,0.0,8.77,5e-05,1e-05,100.0,0.01,-0.011470723799763743,0.0,0.22422965368723913,-0.013482675288107652,0.0,0.22456805907043653,0.0,0.0,0.0,0.38399061691140085,0.0,1.0055585945036338,-0.6022398004993722,0.0,-0.9572023334236491,0.2260215655015349,0.0,0.4008415584359183,0.6354125301787753,-2.224487702495656,-1.943543176197094,-0.23194964495802173,0.10936174771045742,0.10048379857914622,-0.13181,0.06187,0.05918,0.0017530597060161882,0.0,-0.0004116196879911426,0.0002588917823277202,0.0,7.321430479373826e-05
912,9.12014039978385,step,2.0402124876655003,0.27254433245688536,3.820700105279684,9.75149986334145,124371.0,221497.0,0.0,0.0,8.77,5e-05,1e-05,100.0,0.01,-0.011470723799763743,0.0,0.22422965368723913,-0.013482675288107652,0.0,0.22456805907043653,0.0,0.0,0.0,0.3804344597092217,0.0,1.0063970442695704,-0.5986357766193751,0.0,-0.9580012254659518,0.22369179145543833,0.0,0.4012661270969596,0.6354125301787753,-2.224487702495656,-1.943543176197094,-0.23232346289606925,0.10923520729552733,0.10064513962162416,-0.12912,0.05918,0.05111,0.001775181173908957,0.0,-0.0003934985340559179,0.00023677031443495146,0.0,5.50931508585136e-05
913,9.130402099806815,step,2.1343388591475256,0.30415630232152807,3.4574000164866447,10.26170002296567,124371.0,221497.0,0.0,0.0,8.77,5e-05,1e-05,100.0,0.01,-0.011354069021592625,0.0,0.2244117333597549,-0.013482675288107652,0.0,0.22456805907043653,0.0,0.0,0.0,0.36397090397343146,0.0,0.9807289426949609,-0.5947562450362521,0.0,-0.958397520572694,0.21289513127391702,0.0,0.39110507268412703,0.6354125301787753,-2.2229537217077704,-1.943543176197094,-0.2346168963581857,0.10666866328890509,0.10020801048668249,-0.13181,0.056490000000000005,0.05111,0.001910883961720738,0.0,-0.00019519726733929538,0.00021772230479428904,0.0,3.887155665765801e-05
914,9.140482199843973,step,2.3846614080648463,0.3873149768241458,8.583999937400222,10.080100037157536,124371.0,221497.0,0.0,0.0,8.77,5e-05,1e-05,100.0,0.01,-0.011101070212942724,0.0,0.22444736401228388,-0.013482675288107652,0.0,0.22456805907043653,0.0,0.0,0.0,0.3322009046409522,0.0,0.9759436720479152,-0.5903704161804388,0.0,-0.9587584278858958,0.19200292263958293,0.0,0.3898593988892178,0.636946510966661,-2.2229537217077704,-1.943543176197094,-0.2392073043645638,0.10460698783079796,0.10110674953749875,-0.12912,0.056490000000000005,0.05111,0.002160263382281646,0.0,-0.00017776682099075074,0.00022134169288328233,0.0,5.707176283809739e-05
915,9.15022959979251,step,2.0402124876655003,0.26415836486019906,3.9671999402344227,9.74739994853735,124371.0,221497.0,0.0,0.0,8.77,5e-05,1e-05,100.0,0.01,-0.011470723799763743,0.0,0.22422965368723913,-0.013482675288107652,0.0,0.22456805907043653,0.0,0.0,0.0,0.36856211802294164,0.0,1.0079503709039854,-0.5868365544214856,0.0,-0.9596068023973104,0.21594280400022772,0.0,0.4021758414519081,0.6354125301787753,-2.224487702495656,-1.943543176197094,-0.2335785992617819,0.10875465876796661,0.10112324319845484,-0.13181,0.05918,0.05918,0.0017406224471785462,0.0,-0.00041787138799108034,0.0002713290411653622,0.0,7.946600479367602e-05
916,9.160196699900553,step,2.1343388591475256,0.2958470526620254,3.7400000728666782,9.96710010804236,124371.0,221497.0,0.0,0.0,8.77,5e-05,1e-05,100.0,0.01,-0.011354069021592625,0.0,0.2244117333597549,-0.013482675288107652,0.0,0.22456805907043653,0.0,0.0,0.0,0.35217167467127436,0.0,0.9823345181939842,-0.5830151894537065,0.0,-0.9600421441207088,0.20519862902689429,0.0,0.3920403495902959,0.6354125301787753,-2.2229537217077704,-1.943543176197094,-0.2358642973631085,0.10619362654956385,0.10068526434776634,-0.12912,0.056490000000000005,0.0538,0.0018822336852668522,0.0,-0.00021442988651740498,0.0002463725812481747,0.0,5.8104175835767616e-05
917,9.17020109994337,step,2.0402124876655003,0.2708321970072412,3.7193000316619873,10.004400042816997,124371.0,221497.0,0.0,0.0,8.77,5e-05,1e-05,100.0,0.01,-0.011470723799763743,0.0,0.22422965368723913,-0.013482675288107652,0.0,0.22456805907043653,0.0,0.0,0.0,0.36120891682160544,0.0,1.0092345409198442,-0.579431535121768,0.0,-0.9608782251452159,0.21113591830678172,0.0,0.4028705455399115,0.6354125301787753,-2.224487702495656,-1.943543176197094,-0.2343541306696958,0.10847204691609222,0.1014350110872082,-0.13181,0.05111,0.05918,0.0017651480444295506,0.0,-0.0004118161654824781,0.00024680344391435783,0.0,7.341078228507379e-05
918,9.180460599949583,step,2.3846614080648463,0.38610951998204424,4.292199853807688,10.259500006213784,124371.0,221497.0,0.0,0.0,8.77,5e-05,1e-05,100.0,0.01,-0.011101070212942724,0.0,0.22444736401228388,-0.013482675288107652,0.0,0.22456805907043653,0.0,0.0,0.0,0.3168771251459849,0.0,0.9784266903712127,-0.5750517920940029,0.0,-0.9612294046005448,0.18199813673057993,0.0,0.39124207757282625,0.636946510966661,-2.2229537217077704,-1.943543176197094,-0.2408256260703775,0.10400730052511745,0.10174490433039152,-0.12912,0.056490000000000005,0.05918,0.0021572657752350352,0.0,-0.00017297531273962008,0.00022433929992989304,0.0,5.228025458696672e-05
919,9.190148499794304,step,2.1343388591475256,0.2882982615623836,5.0760000012815,9.68789984472096,124371.0,221497.0,0.0,0.0,8.77,5e-05,1e-05,100.0,0.01,-0.011354069021592625,0.0,0.2244117333597549,-0.013482675288107652,0.0,0.22456805907043653,0.0,0.0,0.0,0.34038395698915214,0.0,0.9839543535555221,-0.5712837412764459,0.0,-0.961694921640434,0.19750925902990715,0.0,0.3929811651735593,0.6354125301787753,-2.2229537217077704,-1.943543176197094,-0.23711039282566793,0.10571978995020587,0.1011628225740463,-0.1345,0.06187,0.05111,0.0018559735163754644,0.0,-0.00022929289950921502,0.00027263275013956253,0.0,7.296718882757766e-05
920,9.200087699806318,step,2.3846614080648463,0.3723303131647478,3.7890998646616936,9.939200012013316,124371.0,221497.0,0.0,0.0,8.77,5e-05,1e-05,100.0,0.01,-0.011101070212942724,0.0,0.22444736401228388,-0.013482675288107652,0.0,0.22456805907043653,0.0,0.0,0.0,0.308728390595913,0.0,0.9792410714630643,-0.566988906450496,0.0,-0.9621083336335424,0.17669011621299902,0.0,0.3917710450799549,0.636946510966661,-2.2229537217077704,-1.943543176197094,-0.2416889503473384,0.10366488670302712,0.10205961123703666,-0.13181,0.05111,0.056490000000000005,0.0021154437878143904,0.0,-0.00020362828096323745,0.0002661612873505379,0.0,8.29332228105841e-05
921,9.210107499966398,step,2.0402124876655003,0.2552702094384877,3.968099830672145,10.019800160080194,124371.0,221497.0,0.0,0.0,8.77,5e-05,1e-05,100.0,0.01,-0.011470723799763743,0.0,0.22422965368723913,-0.013482675288107652,0.0,0.22456805907043653,0.0,0.0,0.0,0.34518060128807293,0.0,1.0113002760655885,-0.5635280218590444,0.0,-0.9629947806520252,0.2006750886495861,0.0,0.40408593762749967,0.6354125301787753,-2.224487702495656,-1.943543176197094,-0.2360488133846144,0.10782181860363632,0.1020789543339014,-0.13181,0.05111,0.05111,0.0017046771543093738,0.0,-0.0004366242042989685,0.0003072743340345346,0.0,9.82188211015642e-05
922,9.220444299979135,step,2.0402124876655003,0.2625450099295399,4.4021999929100275,10.336800012737513,124371.0,221497.0,0.0,0.0,8.77,5e-05,1e-05,100.0,0.01,-0.011470723799763743,0.0,0.22422965368723913,-0.013482675288107652,0.0,0.22456805907043653,0.0,0.0,0.0,0.3417226735077964,0.0,1.0121894909316305,-0.56000201795543,0.0,-0.9638281754973258,0.19840794555870384,0.0,0.40452890504772593,0.6354125301787753,-2.224487702495656,-1.943543176197094,-0.23641188231490246,0.107702220347173,0.10223943089389723,-0.12912,0.05918,0.05111,0.001736752018643829,0.0,-0.00041049307359517005,0.00027519946970007945,0.0,7.208769039776573e-05
923,9.230111499782652,step,2.1343388591475256,0.2951934141121908,4.6536000445485115,9.667199803516269,124371.0,221497.0,0.0,0.0,8.77,5e-05,1e-05,100.0,0.01,-0.011354069021592625,0.0,0.2244117333597549,-0.013482675288107652,0.0,0.22456805907043653,0.0,0.0,0.0,0.325337139303838,0.0,0.9865558923414467,-0.5561828804116093,0.0,-0.9642451396768295,0.18768120630967675,0.0,0.394399708016445,0.6354125301787753,-2.2229537217077704,-1.943543176197094,-0.23869802528781972,0.10513979522740058,0.10179839026717885,-0.13181,0.05918,0.05111,0.0018811365557224514,0.0,-0.00020537792930768167,0.00024746971079257557,0.0,4.90522186260443e-05
924,9.240036899922416,step,2.0402124876655003,0.2704904462252628,3.819199977442622,9.925400139763951,124371.0,221497.0,0.0,0.0,8.77,5e-05,1e-05,100.0,0.01,-0.011470723799763743,0.0,0.22422965368723913,-0.013482675288107652,0.0,0.22456805907043653,0.0,0.0,0.0,0.3343766076085978,0.0,1.013437536681316,-0.5525967843494941,0.0,-0.9650602699391461,0.1936065371698489,0.0,0.40520872128270763,0.6354125301787753,-2.224487702495656,-1.943543176197094,-0.23718686087701438,0.10741825651081052,0.10254920146843732,-0.1345,0.05111,0.056490000000000005,0.0017663507316441887,0.0,-0.0004014967558841825,0.0002456007566997197,0.0,6.309137268677818e-05
925,9.250414999900386,step,2.0402124876655003,0.2757078108450169,3.6293999291956425,10.378099977970123,124371.0,221497.0,0.0,0.0,8.77,5e-05,1e-05,100.0,0.01,-0.011470723799763743,0.0,0.22422965368723913,-0.013482675288107652,0.0,0.22456805907043653,0.0,0.0,0.0,0.33079144680275846,0.0,1.014254981158723,-0.5489653986188894,0.0,-0.9658338513620169,0.19125841067462995,0.0,0.40562540570480243,0.6354125301787753,-2.224487702495656,-1.943543176197094,-0.2375638870564454,0.10728938581749664,0.1027105054252968,-0.13181,0.0538,0.0538,0.0017886583992823917,0.0,-0.00038103165353252523,0.00022329308906151668,0.0,4.2626270335120915e-05
926,9.260487099876627,step,2.0402124876655003,0.2801346663559005,4.281200002878904,10.072099976241589,124371.0,221497.0,0.0,0.0,8.77,5e-05,1e-05,100.0,0.01,-0.011470723799763743,0.0,0.22422965368723913,-0.013482675288107652,0.0,0.22456805907043653,0.0,0.0,0.0,0.3271600650958524,0.0,1.0150285637811365,-0.545296674106698,0.0,-0.9665735768323377,0.18888127932027501,0.0,0.40602529251702274,0.6354125301787753,-2.224487702495656,-1.943543176197094,-0.23794608544834003,0.107156317216485,0.10287124554711993,-0.1345,0.0538,0.05111,0.001807049815193116,0.0,-0.00036435572362950405,0.00020490167315079244,0.0,2.5950340432099727e-05
927,9.270137199899182,step,2.1343388591475256,0.3123446746441087,3.623099997639656,9.650100022554398,124371.0,221497.0,0.0,0.0,8.77,5e-05,1e-05,100.0,0.01,-0.011354069021592625,0.0,0.2244117333597549,-0.013482675288107652,0.0,0.22456805907043653,0.0,0.0,0.0,0.31063180644159055,0.0,0.9893012947217485,-0.5413594869654514,0.0,-0.9669138578147747,0.17807137057020528,0.0,0.395868765944452,0.6354125301787753,-2.2229537217077704,-1.943543176197094,-0.24024849147664065,0.10458240820093953,0.10242940566171263,-0.13181,0.056490000000000005,0.0538,0.0019392825142165334,0.0,-0.00016760721182063792,0.0001893237522984936,0.0,1.1281501139000553e-05
928,9.280432399827987,step,2.1343388591475256,0.31030807896040086,4.789100028574467,10.295199928805232,124371.0,221497.0,0.0,0.0,8.77,5e-05,1e-05,100.0,0.01,-0.011354069021592625,0.0,0.2244117333597549,-0.013482675288107652,0.0,0.22456805907043653,0.0,0.0,0.0,0.3066936862328475,0.0,0.9896392607670916,-0.5374390017462642,0.0,-0.9672949084599058,0.1755072899079507,0.0,0.39610025128411536,0.6354125301787753,-2.2229537217077704,-1.943543176197094,-0.2406659323385221,0.10441464714945288,0.10257906541372294,-0.1345,0.0538,0.05918,0.0019310558934739696,0.0,-0.0001876885265097613,0.00019755037304105736,0.0,3.1362815828123945e-05
929,9.29103079997003,step,2.1343388591475256,0.308534123082077,3.894199850037694,10.598400142043829,124371.0,221497.0,0.0,0.0,8.77,5e-05,1e-05,100.0,0.01,-0.011354069021592625,0.0,0.2244117333597549,-0.013482675288107652,0.0,0.22456805907043653,0.0,0.0,0.0,0.30277319919030815,0.0,0.9900203102211063,-0.5335332552634284,0.0,-0.9677094570890429,0.17295362871849032,0.0,0.39634887874047375,0.6354125301787753,-2.2229537217077704,-1.943543176197094,-0.24108125456890755,0.10424971314301326,0.10273022478568547,-0.13181,0.056490000000000005,0.06456,0.0019237962503169555,0.0,-0.00020418813709815263,0.00020481001619807146,0.0,4.786242641651527e-05
930,9.300437700003386,step,2.0402124876655003,0.2803833974564123,4.422300029546022,9.40690003335476,124371.0,221497.0,0.0,0.0,8.77,5e-05,1e-05,100.0,0.01,-0.011470723799763743,0.0,0.22422965368723913,-0.013482675288107652,0.0,0.22456805907043653,0.0,0.0,0.0,0.31172698858920206,0.0,1.016901853383939,-0.5298785876540698,0.0,-0.9685234439058438,0.17881162773858844,0.0,0.40714838563199257,0.6354125301787753,-2.224487702495656,-1.943543176197094,-0.23957849585803676,0.10652484020253547,0.1034856513051285,-0.13181,0.0538,0.056490000000000005,0.0018001260127703104,0.0,-0.00040093354570008193,0.00021182547557359798,0.0,6.252816250267761e-05
931,9.310108699835837,step,2.284797451748909,0.3626318078262811,3.777500009164214,9.670999832451344,124371.0,221497.0,0.0,0.0,8.77,5e-05,1e-05,100.0,0.01,-0.011218004160473818,0.0,0.22426546350011203,-0.013482675288107652,0.0,0.22456805907043653,0.0,0.0,0.0,0.280214494628522,0.0,1.012512861642725,-0.5256784433873462,0.0,-0.9692237142322342,0.15804590445411004,0.0,0.4060631135193277,0.636946510966661,-2.224487702495656,-1.943543176197094,-0.24414581273896613,0.10448766924946466,0.10439611351302597,-0.1345,0.056490000000000005,0.05111,0.0020688034481045887,0.0,-0.00034492188216473903,0.00019586767952924468,0.0,4.2326311840240344e-05
932,9.320894199889153,step,2.1343388591475256,0.30051185369450506,3.953200066462159,10.785500053316355,124371.0,221497.0,0.0,0.0,8.77,5e-05,1e-05,100.0,0.01,-0.011354069021592625,0.0,0.2244117333597549,-0.013482675288107652,0.0,0.22456805907043653,0.0,0.0,0.0,0.2910115504726632,0.0,0.9919509764038693,-0.5218208636313227,0.0,-0.9696040707894855,0.1652737813664573,0.0,0.3974157755429886,0.6354125301787753,-2.2229537217077704,-1.943543176197094,-0.24232283512608244,0.10379155974752359,0.10322202379521969,-0.1345,0.05111,0.056490000000000005,0.0019000714722651549,0.0,-0.00018734664982460734,0.0002285347942498721,0.0,3.102093914296997e-05
933,9.330435499781743,step,2.1343388591475256,0.3000595339529872,3.494500182569027,9.54129989258945,124371.0,221497.0,0.0,0.0,8.77,5e-05,1e-05,100.0,0.01,-0.011354069021592625,0.0,0.2244117333597549,-0.013482675288107652,0.0,0.22456805907043653,0.0,0.0,0.0,0.2871550556060856,0.0,0.9923294731499022,-0.5179696296604059,0.0,-0.9700175603285381,0.16276171505901746,0.0,0.3976618395171868,0.6354125301787753,-2.2229537217077704,-1.943543176197094,-0.24273135774011437,0.10362948856775503,0.10337089427403069,-0.13719,0.0538,0.056490000000000005,0.0018969458219837026,0.0,-0.00020366647663144435,0.00023166044453132436,0.0,4.734076594980699e-05
934,9.340517999837175,step,2.284797451748909,0.35102539560283985,4.262099973857403,10.08250005543232,124371.0,221497.0,0.0,0.0,8.77,5e-05,1e-05,100.0,0.01,-0.011218004160473818,0.0,0.22426546350011203,-0.013482675288107652,0.0,0.22456805907043653,0.0,0.0,0.0,0.2683045980329614,0.0,1.0140046631402764,-0.5138459730987899,0.0,-0.9707569697834296,0.15027425805787037,0.0,0.4069531596441147,0.636946510966661,-2.224487702495656,-1.943543176197094,-0.24540564656504407,0.10400154503510871,0.10487169037836966,-0.13719,0.056490000000000005,0.06187,0.0020311290212241175,0.0,-0.0003642000685452196,0.00023354210640971589,0.0,6.16044982207209e-05
935,9.350043799960986,step,2.1343388591475256,0.291246395428199,4.264499992132187,9.525800123810768,124371.0,221497.0,0.0,0.0,8.77,5e-05,1e-05,100.0,0.01,-0.011354069021592625,0.0,0.2244117333597549,-0.013482675288107652,0.0,0.22456805907043653,0.0,0.0,0.0,0.2791790737587698,0.0,0.9934842307821502,-0.5100521930676492,0.0,-0.9711687377359557,0.15755742104275178,0.0,0.39832236398497084,0.6354125301787753,-2.2229537217077704,-1.943543176197094,-0.24357418095322542,0.10331160747685413,0.10369688374616523,-0.1345,0.05111,0.06187,0.0018686465776797665,0.0,-0.0002028185000105684,0.00025995968883526046,0.0,4.649278932893105e-05
936,9.360416099894792,step,2.1343388591475256,0.29243948644343887,4.4525000266730785,10.372299933806062,124371.0,221497.0,0.0,0.0,8.77,5e-05,1e-05,100.0,0.01,-0.011354069021592625,0.0,0.2244117333597549,-0.013482675288107652,0.0,0.22456805907043653,0.0,0.0,0.0,0.2753863801312608,0.0,0.9938941397457,-0.506253508187626,0.0,-0.9716068787000941,0.15508601736312486,0.0,0.39857971388833585,0.6354125301787753,-2.2229537217077704,-1.943543176197094,-0.24397573425045285,0.10315397122594697,0.10384512426226544,-0.1345,0.05918,0.05918,0.001871062487142806,0.0,-0.00021580866746573514,0.0002575437793722209,0.0,5.9482956784097775e-05
937,9.370162999955937,step,2.1343388591475256,0.2935117729622059,3.734300145879388,9.746900061145425,124371.0,221497.0,0.0,0.0,8.77,5e-05,1e-05,100.0,0.01,-0.011354069021592625,0.0,0.2244117333597549,-0.013482675288107652,0.0,0.22456805907043653,0.0,0.0,0.0,0.27158769625576207,0.0,0.9943322798243475,-0.5024502398740126,0.0,-0.972065941639978,0.15261005384380297,0.0,0.3988487139900059,0.6354125301787753,-2.2229537217077704,-1.943543176197094,-0.2443777674392127,0.10299736996695696,0.10399494092222425,-0.13719,0.06456,0.056490000000000005,0.0018733200817904316,0.0,-0.0002261138981470007,0.0002552861847245954,0.0,6.978818746536335e-05
938,9.380087499972433,step,2.1343388591475256,0.29446259250985296,3.91170009970665,9.924500016495585,124371.0,221497.0,0.0,0.0,8.77,5e-05,1e-05,100.0,0.01,-0.011354069021592625,0.0,0.2244117333597549,-0.013482675288107652,0.0,0.22456805907043653,0.0,0.0,0.0,0.26778442829518434,0.0,0.9947913425306151,-0.49864270992382875,0.0,-0.9725411734822885,0.15013061708870218,0.0,0.399126351721095,0.6354125301787753,-2.2229537217077704,-1.943543176197094,-0.24478017168151137,0.10284152902327381,0.10414593058433017,-0.13719,0.056490000000000005,0.05111,0.0018754191736005258,0.0,-0.00023407797722817356,0.00025318709291450117,0.0,7.77522665465362e-05
939,9.390137299895287,step,2.1343388591475256,0.2952954741824961,3.7332000210881233,10.049799922853708,124371.0,221497.0,0.0,0.0,8.77,5e-05,1e-05,100.0,0.01,-0.011354069021592625,0.0,0.2244117333597549,-0.013482675288107652,0.0,0.22456805907043653,0.0,0.0,0.0,0.26397689867302815,0.0,0.995266574192545,-0.49483123645852845,0.0,-0.9730284554668072,0.1476480294988244,0.0,0.39941068170472677,0.6354125301787753,-2.2229537217077704,-1.943543176197094,-0.24518293924210674,0.10268624214406022,0.10429785106474648,-0.1345,0.05918,0.06187,0.001877361572992682,0.0,-0.00024001333900796696,0.0002512446935223449,0.0,8.368762832632959e-05
940,9.400441099889576,step,2.0402124876655003,0.2709667610215512,4.330900032073259,10.303799994289875,124371.0,221497.0,0.0,0.0,8.77,5e-05,1e-05,100.0,0.01,-0.011470723799763743,0.0,0.22422965368723913,-0.013482675288107652,0.0,0.22456805907043653,0.0,0.0,0.0,0.27302496252768826,0.0,1.02222085095031,-0.49125427190110454,0.0,-0.9738965929017857,0.15354515654976436,0.0,0.4102179935406305,0.6354125301787753,-2.224487702495656,-1.943543176197094,-0.24366858698796223,0.10497023290598079,0.10505660593569349,-0.13719,0.056490000000000005,0.05918,0.0017618529603315094,0.0,-0.00042760572134185025,0.000250098528012399,0.0,8.920033814444593e-05
941,9.410013099899516,step,2.1343388591475256,0.3017436627232903,3.805899992585182,9.572000009939075,124371.0,221497.0,0.0,0.0,8.77,5e-05,1e-05,100.0,0.01,-0.011354069021592625,0.0,0.2244117333597549,-0.013482675288107652,0.0,0.22456805907043653,0.0,0.0,0.0,0.256589396634921,0.0,0.9966243086221007,-0.48739497286699274,0.0,-0.9743359038411762,0.1428208577655356,0.0,0.40013993892844324,0.6354125301787753,-2.2229537217077704,-1.943543176197094,-0.24596196537631632,0.1024052288288209,0.10461380899776518,-0.13719,0.05918,0.06456,0.0019009183118525058,0.0,-0.0002163849450128877,0.0002276879546625212,0.0,6.005923433125034e-05
942,9.4204273999203,step,2.0402124876655003,0.27531106497832103,4.311099881306291,10.41430002078414,124371.0,221497.0,0.0,0.0,8.77,5e-05,1e-05,100.0,0.01,-0.011470723799763743,0.0,0.22422965368723913,-0.013482675288107652,0.0,0.22456805907043653,0.0,0.0,0.0,0.26558870315524397,0.0,1.0235283005961262,-0.48377811576566004,0.0,-0.9751628850727984,0.14868377013089282,0.0,0.4109241204065123,0.6354125301787753,-2.224487702495656,-1.943543176197094,-0.24445282818063752,0.10468483791605568,0.10537232175822464,-0.1345,0.05111,0.056490000000000005,0.0017815022454872825,0.0,-0.00040733401398908005,0.00023044924285662584,0.0,6.892863079167573e-05
943,9.430223299888894,step,2.0402124876655003,0.2790998272576827,3.634700085967779,9.795899968594313,124371.0,221497.0,0.0,0.0,8.77,5e-05,1e-05,100.0,0.01,-0.011470723799763743,0.0,0.22422965368723913,-0.013482675288107652,0.0,0.22456805907043653,0.0,0.0,0.0,0.2619727805868129,0.0,1.0243575961601803,-0.48012409983354865,0.0,-0.9759395181462381,0.14631538326718732,0.0,0.41134635137529935,0.6354125301787753,-2.224487702495656,-1.943543176197094,-0.24483306166208774,0.10455508701000626,0.10553524479738075,-0.1345,0.0538,0.06187,0.001799805025668314,0.0,-0.00038253476028753185,0.00021214646267559431,0.0,4.4129377090127526e-05
944,9.440450299996883,step,2.3846614080648463,0.39577764326146714,4.398000193759799,10.227000107988715,124371.0,221497.0,0.0,0.0,8.77,5e-05,1e-05,100.0,0.01,-0.011101070212942724,0.0,0.22444736401228388,-0.013482675288107652,0.0,0.22456805907043653,0.0,0.0,0.0,0.2175696958113254,0.0,0.993487984771483,-0.47568511067034414,0.0,-0.9762297893505048,0.1171859256488983,0.0,0.3997826787377778,0.636946510966661,-2.2229537217077704,-1.943543176197094,-0.25131893241673586,0.10007308234544415,0.105830362381484,-0.13719,0.05918,0.05918,0.002186447775066553,0.0,-0.00014297462899786324,0.00019515730009837546,0.0,2.2279570845209882e-05
945,9.45005609979853,step,2.1343388591475256,0.2947176288318103,3.8354999851435423,9.605799801647663,124371.0,221497.0,0.0,0.0,8.77,5e-05,1e-05,100.0,0.01,-0.011354069021592625,0.0,0.2244117333597549,-0.013482675288107652,0.0,0.22456805907043653,0.0,0.0,0.0,0.24101728012612608,0.0,0.998954738985277,-0.47186771156025403,0.0,-0.9766339495611561,0.13265831184485619,0.0,0.4014604733975139,0.6354125301787753,-2.2229537217077704,-1.943543176197094,-0.24760704858627963,0.10178813879425427,0.1052539562127123,-0.13719,0.05111,0.0538,0.0018802802809214814,0.0,-0.00019907126619591985,0.00024832598559354556,0.0,4.274555551428248e-05
946,9.460428999969736,step,2.1343388591475256,0.2953030993215356,4.407099913805723,10.372900171205401,124371.0,221497.0,0.0,0.0,8.77,5e-05,1e-05,100.0,0.01,-0.011354069021592625,0.0,0.2244117333597549,-0.013482675288107652,0.0,0.22456805907043653,0.0,0.0,0.0,0.23720189990307142,0.0,0.9993593509204924,-0.46804877635393055,0.0,-0.9770592598666741,0.13017230949056688,0.0,0.4017162040282076,0.6354125301787753,-2.2229537217077704,-1.943543176197094,-0.24801104719285613,0.10162919891862807,0.10540270644801256,-0.13988,0.0538,0.0538,0.0018810368933096335,0.0,-0.0002094888581663666,0.00024756937320539346,0.0,5.316314748472924e-05
947,9.470079899998382,step,2.0402124876655003,0.26993062904311066,3.7424000911414623,9.650900028645992,124371.0,221497.0,0.0,0.0,8.77,5e-05,1e-05,100.0,0.01,-0.011470723799763743,0.0,0.22422965368723913,-0.013482675288107652,0.0,0.22456805907043653,0.0,0.0,0.0,0.24624250299702405,0.0,1.0262516560414832,-0.46446642717242864,0.0,-0.9778736957413432,0.13605217295718375,0.0,0.4124848354106026,0.6354125301787753,-2.224487702495656,-1.943543176197094,-0.24649699569803207,0.10391073580306931,0.1061607387524553,-0.13988,0.05918,0.0538,0.0017645051856247378,0.0,-0.0004011547315468624,0.0002474463027191706,0.0,6.274934834945808e-05
948,9.4800999998115,step,2.1343388591475256,0.30153107686447916,3.7263999693095684,10.020099813118577,124371.0,221497.0,0.0,0.0,8.77,5e-05,1e-05,100.0,0.01,-0.011354069021592625,0.0,0.2244117333597549,-0.013482675288107652,0.0,0.22456805907043653,0.0,0.0,0.0,0.22980155232074514,0.0,1.0006014120607636,-0.46060352258606757,0.0,-0.9782667886055553,0.12533955324776785,0.0,0.4023986159279397,0.6354125301787753,-2.2229537217077704,-1.943543176197094,-0.24879208830713953,0.10134220272032896,0.10571347114343563,-0.13719,0.0538,0.0538,0.0019026942458328516,0.0,-0.0001936199857110172,0.00022591202068217536,0.0,3.729427502937983e-05
949,9.490135999862105,step,2.1343388591475256,0.3009903471704698,4.042899934574962,10.036000050604343,124371.0,221497.0,0.0,0.0,8.77,5e-05,1e-05,100.0,0.01,-0.011354069021592625,0.0,0.2244117333597549,-0.013482675288107652,0.0,0.22456805907043653,0.0,0.0,0.0,0.2259377161354548,0.0,1.0009921909684587,-0.45674642997000914,0.0,-0.97868194388936,0.12282242975494685,0.0,0.4026498611023983,0.6354125301787753,-2.2229537217077704,-1.943543176197094,-0.24920132390827,0.10118036118913906,0.10586318751634832,-0.13719,0.06187,0.05918,0.0018998315288786555,0.0,-0.00020448694808861386,0.00022877473763637142,0.0,4.81612374069765e-05
950,9.50042979978025,step,2.3846614080648463,0.38428343827496836,4.342200001701713,10.293799918144941,124371.0,221497.0,0.0,0.0,8.77,5e-05,1e-05,100.0,0.01,-0.011101070212942724,0.0,0.22444736401228388,-0.013482675288107652,0.0,0.22456805907043653,0.0,0.0,0.0,0.19419108730968854,0.0,0.9962280944179428,-0.45237783617235855,0.0,-0.9790418885307663,0.10194753090769358,0.0,0.4014648504710681,0.636946510966661,-2.2229537217077704,-1.943543176197094,-0.25379360549371155,0.09910946249953059,0.1067529121877813,-0.13719,0.0538,0.05918,0.0021517741625094087,0.0,-0.00017729265186623613,0.0002298309126555196,0.0,5.6597593713582773e-05
951,9.510103499982506,step,2.0402124876655003,0.2617811390666048,3.686599899083376,9.673700202256441,124371.0,221497.0,0.0,0.0,8.77,5e-05,1e-05,100.0,0.01,-0.011470723799763743,0.0,0.22422965368723913,-0.013482675288107652,0.0,0.22456805907043653,0.0,0.0,0.0,0.2305695366879533,0.0,1.0282338315593815,-0.4488567058376137,0.0,-0.9798729710291202,0.12582414092716915,0.0,0.4136578931298657,0.6354125301787753,-2.224487702495656,-1.943543176197094,-0.2481543233587079,0.10327316242424664,0.10678857079808288,-0.14257,0.06187,0.05918,0.001734351516317843,0.0,-0.00040935411478017875,0.00027759997202606544,0.0,7.094873158277443e-05
952,9.520459399791434,step,2.1343388591475256,0.2939810485362218,6.458600051701069,10.35589980892837,124371.0,221497.0,0.0,0.0,8.77,5e-05,1e-05,100.0,0.01,-0.011354069021592625,0.0,0.2244117333597549,-0.013482675288107652,0.0,0.22456805907043653,0.0,0.0,0.0,0.21419182510736376,0.0,1.0026006870187545,-0.44504420178654136,0.0,-0.9802777738050099,0.11516047721613208,0.0,0.40358505910067716,0.6354125301787753,-2.2229537217077704,-1.943543176197094,-0.2504430291037455,0.10070794563795929,0.10633877916621437,-0.13719,0.05111,0.06456,0.0018778691935083997,0.0,-0.0001993877651293773,0.00025073707300662723,0.0,4.3062054447739925e-05
953,9.530117499874905,step,2.0402124876655003,0.26869564742530966,3.8155000656843185,9.658100083470345,124371.0,221497.0,0.0,0.0,8.77,5e-05,1e-05,100.0,0.01,-0.011470723799763743,0.0,0.22422965368723913,-0.013482675288107652,0.0,0.22456805907043653,0.0,0.0,0.0,0.2232379284723285,0.0,1.0294701709448957,-0.44146610778470896,0.0,-0.9810727742360266,0.12103239769996739,0.0,0.41433260177549647,0.6354125301787753,-2.224487702495656,-1.943543176197094,-0.24892782966090674,0.10298932615942291,0.10709728224042603,-0.13719,0.0538,0.0538,0.0017624092741955987,0.0,-0.00039158170017214943,0.0002495422141483097,0.0,5.317631697474511e-05
954,9.540428499924019,step,2.1343388591475256,0.3008778166142495,4.355000099167228,10.311000049114227,124371.0,221497.0,0.0,0.0,8.77,5e-05,1e-05,100.0,0.01,-0.011354069021592625,0.0,0.2244117333597549,-0.013482675288107652,0.0,0.22456805907043653,0.0,0.0,0.0,0.2068012326056644,0.0,1.0038004907725424,-0.43760561181533586,0.0,-0.9814475564410022,0.11033505818746495,0.0,0.4042500137798091,0.6354125301787753,-2.2229537217077704,-1.943543176197094,-0.25122326792246347,0.10041943697166306,0.1066471579524743,-0.13719,0.05918,0.06187,0.0019015078686959138,0.0,-0.00018460097289627815,0.00022709839781911317,0.0,2.8275262214640784e-05
955,9.550075999926776,step,2.0402124876655003,0.27368095579119156,3.7278998643159866,9.647500002756715,124371.0,221497.0,0.0,0.0,8.77,5e-05,1e-05,100.0,0.01,-0.011470723799763743,0.0,0.22422965368723913,-0.013482675288107652,0.0,0.22456805907043653,0.0,0.0,0.0,0.2157993421957146,0.0,1.0306399539158433,-0.43398751698322796,0.0,-0.9822179054368694,0.11617270805258148,0.0,0.4149826801926257,0.6354125301787753,-2.224487702495656,-1.943543176197094,-0.24971310684266415,0.1026974039713765,0.10740638753136131,-0.13988,0.06187,0.0538,0.001782111896378537,0.0,-0.0003794395043809175,0.00022983959196537138,0.0,4.103412118351316e-05
956,9.56047509983182,step,2.0402124876655003,0.2777970250945399,4.386699991300702,10.39909990504384,124371.0,221497.0,0.0,0.0,8.77,5e-05,1e-05,100.0,0.01,-0.011470723799763743,0.0,0.22422965368723913,-0.013482675288107652,0.0,0.22456805907043653,0.0,0.0,0.0,0.21218218189964652,0.0,1.0314126171560565,-0.4303322450374032,0.0,-0.9829451180995709,0.11380483696789954,0.0,0.4153818608921231,0.6354125301787753,-2.224487702495656,-1.943543176197094,-0.250093796366519,0.10256495488877485,0.10756660069034762,-0.13719,0.05918,0.06456,0.0018004236819182348,0.0,-0.00035819247353511283,0.00021152780642567362,0.0,1.978709033770851e-05
957,9.570121499942616,step,2.0402124876655003,0.2812714352519899,3.7499000318348408,9.646400110796094,124371.0,221497.0,0.0,0.0,8.77,5e-05,1e-05,100.0,0.01,-0.011470723799763743,0.0,0.22422965368723913,-0.013482675288107652,0.0,0.22456805907043653,0.0,0.0,0.0,0.20852691335306697,0.0,1.0321398310359988,-0.4266466182043329,0.0,-0.9836377410922242,0.111413268350343,0.0,0.4157634079612491,0.6354125301787753,-2.224487702495656,-1.943543176197094,-0.25047880345082646,0.10242861173966708,0.1077258977517713,-0.13988,0.05111,0.05918,0.0018153751434424924,0.0,-0.0003411551471672428,0.00019657634490141598,0.0,2.7497639698384783e-06
958,9.58043390000239,step,2.3846614080648463,0.39962349847585876,4.344899905845523,10.312400059774518,124371.0,221497.0,0.0,0.0,8.77,5e-05,1e-05,100.0,0.01,-0.011101070212942724,0.0,0.22444736401228388,-0.013482675288107652,0.0,0.22456805907043653,0.0,0.0,0.0,0.16409221661556198,0.0,1.0011862086549672,-0.42218201904401415,0.0,-0.9838580346724162,0.08229423640630154,0.0,0.4042137166034293,0.636946510966661,-2.2229537217077704,-1.943543176197094,-0.2569718628662812,0.09793532440164573,0.10801031611421688,-0.13988,0.05111,0.05918,0.0021990621156633126,0.0,-0.00010850677723313193,0.0001825429595016157,0.0,-1.2188280919521422e-05
959,9.590109599987045,step,2.0402124876655003,0.26948119043558155,3.7418000865727663,9.675699984654784,124371.0,221497.0,0.0,0.0,8.77,5e-05,1e-05,100.0,0.01,-0.011470723799763743,0.0,0.22422965368723913,-0.013482675288107652,0.0,0.22456805907043653,0.0,0.0,0.0,0.20037372748755153,0.0,1.0330499799955222,-0.418582415708932,0.0,-0.9845770029275185,0.10609539491640087,0.0,0.41632433320005136,0.6354125301787753,-2.224487702495656,-1.943543176197094,-0.251341649578705,0.10209130027016247,0.1080466211209517,-0.14526,0.056490000000000005,0.056490000000000005,0.0017730038109466416,0.0,-0.0003541316466240496,0.00023894767739726674,0.0,1.5726263426645275e-05
960,9.600451999809593,step,2.1343388591475256,0.30240488055629283,5.989599972963333,10.342399822548032,124371.0,221497.0,0.0,0.0,8.77,5e-05,1e-05,100.0,0.01,-0.011354069021592625,0.0,0.2244117333597549,-0.013482675288107652,0.0,0.22456805907043653,0.0,0.0,0.0,0.18391754101934638,0.0,1.0073047201681558,-0.4147068647784948,0.0,-0.984893782051518,0.09539899839076851,0.0,0.406223022294129,0.6354125301787753,-2.2229537217077704,-1.943543176197094,-0.25364032165603634,0.09951630953969615,0.10759174579907549,-0.13719,0.056490000000000005,0.06187,0.0019089232700208725,0.0,-0.00015603124616694934,0.00021968299649415446,0.0,-2.944645146880204e-07
961,9.610057799844071,step,2.0402124876655003,0.27379335562588036,4.553399980068207,9.605800034478307,124371.0,221497.0,0.0,0.0,8.77,5e-05,1e-05,100.0,0.01,-0.011470723799763743,0.0,0.22422965368723913,-0.013482675288107652,0.0,0.22456805907043653,0.0,0.0,0.0,0.19290059631734635,0.0,1.034086180173384,-0.4110792224256928,0.0,-0.9856217097549688,0.10121637666491665,0.0,0.41692077831965485,0.6354125301787753,-2.224487702495656,-1.943543176197094,-0.25213136956703613,0.10179154069298979,0.10835040692650474,-0.14257,0.06187,0.0538,0.0017868145785909764,0.0,-0.0003585446706678336,0.00022513690975293197,0.0,2.013928747042926e-05
962,9.62051279982552,step,2.1343388591475256,0.30605827673670627,4.290899960324168,10.454999981448054,124371.0,221497.0,0.0,0.0,8.77,5e-05,1e-05,100.0,0.01,-0.011354069021592625,0.0,0.2244117333597549,-0.013482675288107652,0.0,0.22456805907043653,0.0,0.0,0.0,0.17641435106068432,0.0,1.0083494270397368,-0.4071809202147285,0.0,-0.9859475221378309,0.09050418909678232,0.0,0.4068274356885187,0.6354125301787753,-2.2229537217077704,-1.943543176197094,-0.25443341762903,0.09921533506321267,0.10789638766160811,-0.13988,0.0538,0.06456,0.0019201295345237638,0.0,-0.0001604806259729099,0.00020847673199126315,0.0,4.154915291272544e-06
963,9.630508799804375,step,2.3846614080648463,0.3889669081264232,4.383299965411425,9.995999978855252,124371.0,221497.0,0.0,0.0,8.77,5e-05,1e-05,100.0,0.01,-0.011101070212942724,0.0,0.22444736401228388,-0.013482675288107652,0.0,0.22456805907043653,0.0,0.0,0.0,0.14462558126410385,0.0,1.003493674399134,-0.40278054987859435,0.0,-0.9862392177174889,0.06960507712902674,0.0,0.40562495226900114,0.636946510966661,-2.2229537217077704,-1.943543176197094,-0.2590323051863658,0.09713415031008339,0.10877975405165642,-0.14257,0.05918,0.05918,0.0021674258659293067,0.0,-0.00014367621268973908,0.00021417920923562156,0.0,2.2981154537085727e-05
964,9.640434799948707,step,2.1343388591475256,0.28954431391767566,5.264700157567859,9.926000144332647,124371.0,221497.0,0.0,0.0,8.77,5e-05,1e-05,100.0,0.01,-0.011354069021592625,0.0,0.2244117333597549,-0.013482675288107652,0.0,0.22456805907043653,0.0,0.0,0.0,0.16811271582402804,0.0,1.008964166600084,-0.398997672037589,0.0,-0.9866479363687817,0.08510138151989496,0.0,0.40727558682952786,0.6354125301787753,-2.2229537217077704,-1.943543176197094,-0.2553139378388542,0.09885714373443896,0.10820712007003905,-0.14257,0.05111,0.0538,0.001863276645812722,0.0,-0.00020131655043331353,0.000265329620702305,0.0,4.499083975167617e-05
965,9.65045509999618,step,2.0402124876655003,0.2650134817046186,3.3851000480353832,10.02030004747212,124371.0,221497.0,0.0,0.0,8.77,5e-05,1e-05,100.0,0.01,-0.011470723799763743,0.0,0.22422965368723913,-0.013482675288107652,0.0,0.22456805907043653,0.0,0.0,0.0,0.1771913947394252,0.0,1.0358403325846433,-0.3954475934365985,0.0,-0.9874526822988866,0.09097011889498956,0.0,0.4180017553018927,0.6354125301787753,-2.224487702495656,-1.943543176197094,-0.2537938607490845,0.101141647837943,0.10896838780656184,-0.14257,0.056490000000000005,0.05918,0.0017486101391704205,0.0,-0.0003963818976979862,0.0002633413491734879,0.0,5.79765145005819e-05
966,9.66049259994179,step,2.284797451748909,0.3476339488140066,4.382699960842729,10.037499945610762,124371.0,221497.0,0.0,0.0,8.77,5e-05,1e-05,100.0,0.01,-0.011218004160473818,0.0,0.22426546350011203,-0.013482675288107652,0.0,0.22456805907043653,0.0,0.0,0.0,0.14578349235997662,0.0,1.0314421001388212,-0.3913356722018617,0.0,-0.9881410144861488,0.07027521842094164,0.0,0.4169615574088698,0.636946510966661,-2.224487702495656,-1.943543176197094,-0.258354350390176,0.09909795651499616,0.10986581198790188,-0.14257,0.048420000000000005,0.056490000000000005,0.002025348723412722,0.0,-0.00033904168809901505,0.0002393224042211116,0.0,3.644611777451636e-05
967,9.670187699841335,step,2.1343388591475256,0.28904851630827494,3.5331000108271837,9.695099899545312,124371.0,221497.0,0.0,0.0,8.77,5e-05,1e-05,100.0,0.01,-0.011354069021592625,0.0,0.2244117333597549,-0.013482675288107652,0.0,0.22456805907043653,0.0,0.0,0.0,0.15666877249628658,0.0,1.0108682767909776,-0.38755172998812065,0.0,-0.9885073574108546,0.07762837289660368,0.0,0.4083240977858295,0.6354125301787753,-2.2229537217077704,-1.943543176197094,-0.25652183764706826,0.09841255736926739,0.10868687987707917,-0.14257,0.05111,0.06187,0.0018638009082775158,0.0,-0.00018044416041244744,0.00026480535823751117,0.0,2.4118449730810076e-05
968,9.680120499804616,step,2.0402124876655003,0.2642566770583108,3.9058001711964607,9.932799963280559,124371.0,221497.0,0.0,0.0,8.77,5e-05,1e-05,100.0,0.01,-0.011470723799763743,0.0,0.22422965368723913,-0.013482675288107652,0.0,0.22456805907043653,0.0,0.0,0.0,0.16574545331110094,0.0,1.0376997548352849,-0.38399933797387986,0.0,-0.9892776462073938,0.0834910056687181,0.0,0.41902627383299196,0.6354125301787753,-2.224487702495656,-1.943543176197094,-0.25500184628940675,0.1006952315487303,0.10944690460969944,-0.14257,0.05918,0.056490000000000005,0.0017497496231988782,0.0,-0.00037940985288100544,0.00026220186514503015,0.0,4.1004469683601124e-05
969,9.690086399903521,step,2.1343388591475256,0.29714024739797146,3.6528001073747873,9.965900098904967,124371.0,221497.0,0.0,0.0,8.77,5e-05,1e-05,100.0,0.01,-0.011354069021592625,0.0,0.2244117333597549,-0.013482675288107652,0.0,0.22456805907043653,0.0,0.0,0.0,0.14933446081603982,0.0,1.012005363019515,-0.38016186773286287,0.0,-0.9896393567535596,0.07284097554848118,0.0,0.408962147972099,0.6354125301787753,-2.2229537217077704,-1.943543176197094,-0.2572964345739262,0.09812375167619695,0.10899030347002836,-0.14257,0.05918,0.06456,0.0018901664234518348,0.0,-0.00017816245766898175,0.00023843984306319219,0.0,2.1836746987344388e-05
970,9.700455099809915,step,2.284797451748909,0.34803959078186414,4.3901000171899796,10.368699906393886,124371.0,221497.0,0.0,0.0,8.77,5e-05,1e-05,100.0,0.01,-0.011218004160473818,0.0,0.22426546350011203,-0.013482675288107652,0.0,0.22456805907043653,0.0,0.0,0.0,0.13049683558393255,0.0,1.033626460879024,-0.3760484002368256,0.0,-0.99033316126359,0.060293728347689104,0.0,0.4182138407837453,0.636946510966661,-2.224487702495656,-1.943543176197094,-0.2599698797080005,0.09848655448060548,0.11048934113271901,-0.14526,0.05111,0.06456,0.0020261103426588503,0.0,-0.00034173710984954124,0.0002385607849749831,0.0,3.914153952504256e-05
971,9.710111499996856,step,2.0402124876655003,0.26291601795883063,3.6599000450223684,9.656400186941028,124371.0,221497.0,0.0,0.0,8.77,5e-05,1e-05,100.0,0.01,-0.011470723799763743,0.0,0.22422965368723913,-0.013482675288107652,0.0,0.22456805907043653,0.0,0.0,0.0,0.1542410371291043,0.0,1.0395274176790128,-0.3724998773752255,0.0,-0.9910773295232215,0.07597464489440242,0.0,0.4200392123958613,0.6354125301787753,-2.224487702495656,-1.943543176197094,-0.2562162393956561,0.10024461089502171,0.10992586121815578,-0.14257,0.05111,0.05918,0.0017478438514405758,0.0,-0.0003665440431875026,0.00026410763690333256,0.0,2.8138659990098306e-05
972,9.720451699802652,step,2.0402124876655003,0.26894410347419906,4.2443000711500645,10.340199805796146,124371.0,221497.0,0.0,0.0,8.77,5e-05,1e-05,100.0,0.01,-0.011470723799763743,0.0,0.22422965368723913,-0.013482675288107652,0.0,0.22456805907043653,0.0,0.0,0.0,0.15069453630896412,0.0,1.040272042125669,-0.3689029656405255,0.0,-0.9917910739778322,0.07365333072322107,0.0,0.42042531979824027,0.6354125301787753,-2.224487702495656,-1.943543176197094,-0.25658956645501835,0.10011414556126941,0.1100823156631089,-0.14526,0.0538,0.06456,0.0017716780488304267,0.0,-0.00035155863584561663,0.00024027343951348165,0.0,1.3153252648212316e-05
973,9.730761299841106,step,2.0402124876655003,0.2741057816225307,4.11719991825521,10.309600038453937,124371.0,221497.0,0.0,0.0,8.77,5e-05,1e-05,100.0,0.01,-0.011470723799763743,0.0,0.22422965368723913,-0.013482675288107652,0.0,0.22456805907043653,0.0,0.0,0.0,0.14709762946371188,0.0,1.0409857870647072,-0.3652657327788449,0.0,-0.9924808755370049,0.071299990291849,0.0,0.42080001776578524,0.6354125301787753,-2.224487702495656,-1.943543176197094,-0.25696843697682537,0.09997989270318533,0.11023897903550257,-0.14526,0.0538,0.056490000000000005,0.0017915384348628459,0.0,-0.0003397654350663103,0.0002204130534810625,0.0,1.3600518689059807e-06
974,9.74044939992018,step,2.1343388591475256,0.3073241971540049,4.2449000757187605,9.688100079074502,124371.0,221497.0,0.0,0.0,8.77,5e-05,1e-05,100.0,0.01,-0.011354069021592625,0.0,0.2244117333597549,-0.013482675288107652,0.0,0.22456805907043653,0.0,0.0,0.0,0.13060086268975507,0.0,1.0152085939833768,-0.3613571882576979,0.0,-0.9927800236339609,0.06060569789434414,0.0,0.410713695254918,0.6354125301787753,-2.2229537217077704,-1.943543176197094,-0.2592732696638337,0.09739998274060485,0.10977985958962133,-0.14526,0.05111,0.06187,0.0019251744390024843,0.0,-0.00014734698981166085,0.00020343182751254266,0.0,-8.978720869976512e-06
975,9.750148999970406,step,2.284797451748909,0.35653057324181114,3.5967999137938023,9.699600050225854,124371.0,221497.0,0.0,0.0,8.77,5e-05,1e-05,100.0,0.01,-0.011218004160473818,0.0,0.22426546350011203,-0.013482675288107652,0.0,0.22456805907043653,0.0,0.0,0.0,0.11169216157987255,0.0,1.0367671284576307,-0.3571848764680818,0.0,-0.9934268180312162,0.04800439332773955,0.0,0.4199392088384912,0.636946510966661,-2.224487702495656,-1.943543176197094,-0.26195467808611,0.09775556383794914,0.11127843207381172,-0.14795,0.05111,0.05918,0.002055094413139899,0.0,-0.0003185820282074143,0.00020957671449393445,0.0,1.5986457882915617e-05
976,9.760357299819589,step,2.1343388591475256,0.29638573474789426,3.405399853363633,10.208299849182367,124371.0,221497.0,0.0,0.0,8.77,5e-05,1e-05,100.0,0.01,-0.011354069021592625,0.0,0.2244117333597549,-0.013482675288107652,0.0,0.22456805907043653,0.0,0.0,0.0,0.12251798087345986,0.0,1.0161540800634088,-0.35335017967051857,0.0,-0.9937650298112496,0.05533700086362825,0.0,0.4112914600307548,0.6354125301787753,-2.2229537217077704,-1.943543176197094,-0.26012864646525075,0.09706737958665032,0.11009928368408053,-0.15064,0.048420000000000005,0.05918,0.0018888003490943914,0.0,-0.00016658801514653755,0.0002398059174206356,0.0,1.0262304464900182e-05
977,9.770500699989498,step,2.3846614080648463,0.3802108631455883,4.1767999064177275,10.143400169909,124371.0,221497.0,0.0,0.0,8.77,5e-05,1e-05,100.0,0.01,-0.011101070212942724,0.0,0.22444736401228388,-0.013482675288107652,0.0,0.22456805907043653,0.0,0.0,0.0,0.0907948346588762,0.0,1.0113111817893978,-0.349000988137145,0.0,-0.9940733740398499,0.034481242646152134,0.0,0.41011315970456375,0.636946510966661,-2.2229537217077704,-1.943543176197094,-0.26472220670311336,0.09498545090111643,0.11097744117275221,-0.14257,0.048420000000000005,0.05918,0.0021422174738129347,0.0,-0.00015187659347447788,0.00023938760135199357,0.0,3.118153532182452e-05
978,9.78042779979296,step,2.284797451748909,0.3338565458735287,4.192600026726723,9.927099803462625,124371.0,221497.0,0.0,0.0,8.77,5e-05,1e-05,100.0,0.01,-0.011218004160473818,0.0,0.22426546350011203,-0.013482675288107652,0.0,0.22456805907043653,0.0,0.0,0.0,0.09933392640208241,0.0,1.0380600241491198,-0.34498064503706244,0.0,-0.9948011574219735,0.03994622864219675,0.0,0.4207587967866953,0.636946510966661,-2.224487702495656,-1.943543176197094,-0.2632633561291657,0.0972392655629837,0.11175950445557484,-0.14795,0.05111,0.06187,0.0019802414250171124,0.0,-0.00035847358442882743,0.000284429702616721,0.0,5.5878014104328744e-05
979,9.79025619989261,step,2.0402124876655003,0.25312477471553324,3.538999939337373,9.828400099650025,124371.0,221497.0,0.0,0.0,8.77,5e-05,1e-05,100.0,0.01,-0.011470723799763743,0.0,0.22422965368723913,-0.013482675288107652,0.0,0.22456805907043653,0.0,0.0,0.0,0.12317327359466244,0.0,1.0439954133139597,-0.34150906027266215,0.0,-0.9955785491889486,0.0556875536571526,0.0,0.4225840928993227,0.6354125301787753,-2.224487702495656,-1.943543176197094,-0.2594983947224804,0.09900590314695572,0.11119656469796914,-0.14526,0.05111,0.06187,0.0017099475815341627,0.0,-0.0003829084588327199,0.0003020039068097457,0.0,4.45030756353156e-05
980,9.800430299947038,step,2.1343388591475256,0.287413187654886,3.272700123488903,10.174100054427981,124371.0,221497.0,0.0,0.0,8.77,5e-05,1e-05,100.0,0.01,-0.011354069021592625,0.0,0.2244117333597549,-0.013482675288107652,0.0,0.22456805907043653,0.0,0.0,0.0,0.10684417626724467,0.0,1.018306266513027,-0.33773664791904306,0.0,-0.9959521324019098,0.04511269627193426,0.0,0.4125417583343562,0.6354125301787753,-2.2229537217077704,-1.943543176197094,-0.26178555470495846,0.09643725460479002,0.11073419878231971,-0.14526,0.05111,0.056490000000000005,0.0018581218142126944,0.0,-0.00018401040298813385,0.0002704844523023326,0.0,2.7684692306496488e-05
981,9.810029999818653,step,2.1343388591475256,0.28980645433122953,3.7330000195652246,9.599699871614575,124371.0,221497.0,0.0,0.0,8.77,5e-05,1e-05,100.0,0.01,-0.011354069021592625,0.0,0.2244117333597549,-0.013482675288107652,0.0,0.22456805907043653,0.0,0.0,0.0,0.10307083450255025,0.0,1.0186775349826431,-0.3339522137643904,0.0,-0.9963624747536844,0.04265477252128941,0.0,0.4127828969513412,0.6354125301787753,-2.2229537217077704,-1.943543176197094,-0.26218526360323324,0.09627872139719393,0.11087990472381605,-0.14526,0.05918,0.056490000000000005,0.0018640432163958825,0.0,-0.0002021163127610424,0.0002645630501191445,0.0,4.579060207940503e-05
982,9.820596699835733,step,2.1343388591475256,0.2919248100342778,4.154199967160821,10.566700017079711,124371.0,221497.0,0.0,0.0,8.77,5e-05,1e-05,100.0,0.01,-0.011354069021592625,0.0,0.2244117333597549,-0.013482675288107652,0.0,0.22456805907043653,0.0,0.0,0.0,0.09928640073594149,0.0,1.0190878761881008,-0.3301571524998101,0.0,-0.9968026457429561,0.040188719618632684,0.0,0.41304022647093197,0.6354125301787753,-2.2229537217077704,-1.943543176197094,-0.2625859349705998,0.09612149012605628,0.11102788685868037,-0.14526,0.05918,0.056490000000000005,0.0018692776560402034,0.0,-0.00021680856716646763,0.00025932861047482355,0.0,6.0482856484830264e-05
983,9.83021179982461,step,2.3846614080648463,0.3764591115721888,3.475799923762679,9.615099988877773,124371.0,221497.0,0.0,0.0,8.77,5e-05,1e-05,100.0,0.01,-0.011101070212942724,0.0,0.22444736401228388,-0.013482675288107652,0.0,0.22456805907043653,0.0,0.0,0.0,0.06760180506436482,0.0,1.0143487959921622,-0.32583626906848345,0.0,-0.9971936981070925,0.019356093848548396,0.0,0.4119121376003304,0.636946510966661,-2.2229537217077704,-1.943543176197094,-0.26717550181284533,0.0940443181118315,0.11190821685774699,-0.14526,0.05111,0.06725,0.002128274167248912,0.0,-0.00019261492652152549,0.0002533309079160162,0.0,7.191986836887213e-05
984,9.840427999850363,step,2.0402124876655003,0.2580462091449739,3.7727998569607735,10.216200025752187,124371.0,221497.0,0.0,0.0,8.77,5e-05,1e-05,100.0,0.01,-0.011470723799763743,0.0,0.22422965368723913,-0.013482675288107652,0.0,0.22456805907043653,0.0,0.0,0.0,0.1040279659114936,0.0,1.0463856407886405,-0.32235045177593474,0.0,-0.9980605246527273,0.04319422871900564,0.0,0.42400436780870043,0.6354125301787753,-2.224487702495656,-1.943543176197094,-0.2615230809330698,0.09822562556977893,0.11196198163559783,-0.14795,0.048420000000000005,0.05918,0.0017169578891423959,0.0,-0.0004269600358077607,0.00029499359920151253,0.0,8.85546526103564e-05
985,9.850189299788326,step,2.0402124876655003,0.2653345927012488,3.5246999468654394,9.761299937963486,124371.0,221497.0,0.0,0.0,8.77,5e-05,1e-05,100.0,0.01,-0.011470723799763743,0.0,0.22422965368723913,-0.013482675288107652,0.0,0.22456805907043653,0.0,0.0,0.0,0.10054510534378537,0.0,1.0472552351512339,-0.31880074424247123,0.0,-0.9988768003793878,0.04091134548356313,0.0,0.4244399204516595,0.6354125301787753,-2.224487702495656,-1.943543176197094,-0.26188891676211,0.0981039512065301,0.11212235034590892,-0.14795,0.06187,0.0538,0.001748427367881964,0.0,-0.0004020609604528133,0.00026352412046194446,0.0,6.365557725540897e-05
986,9.860402199905366,step,2.0402124876655003,0.27168484859340125,4.272300051525235,10.21290011703968,124371.0,221497.0,0.0,0.0,8.77,5e-05,1e-05,100.0,0.01,-0.011470723799763743,0.0,0.22422965368723913,-0.013482675288107652,0.0,0.22456805907043653,0.0,0.0,0.0,0.09699540443179747,0.0,1.0480715123221565,-0.31519735146707234,0.0,-0.999651269833836,0.038586282472019603,0.0,0.4248553027461992,0.6354125301787753,-2.224487702495656,-1.943543176197094,-0.2622621742637381,0.09797667768884777,0.11228239503538348,-0.14795,0.05111,0.06456,0.0017748703199748652,0.0,-0.00038146905821977335,0.0002370811683690432,0.0,4.306367502236903e-05
987,9.870060399873182,step,2.1343388591475256,0.3047509028175279,3.673100145533681,9.658199967816472,124371.0,221497.0,0.0,0.0,8.77,5e-05,1e-05,100.0,0.01,-0.011354069021592625,0.0,0.2244117333597549,-0.013482675288107652,0.0,0.22456805907043653,0.0,0.0,0.0,0.08053247877301704,0.0,1.0223789873356384,-0.3113112105063993,0.0,-1.0000193100145989,0.027938159327165812,0.0,0.4148280793765673,0.6354125301787753,-2.2229537217077704,-1.943543176197094,-0.26456444246269784,0.09540086486715807,0.11182240605618697,-0.14795,0.048420000000000005,0.0538,0.0019141394458653284,0.0,-0.00018128015293087968,0.00021446682064969855,0.0,2.495444224924232e-05
988,9.880422099959105,step,2.1343388591475256,0.3046184270974269,4.274199949577451,10.361700085923076,124371.0,221497.0,0.0,0.0,8.77,5e-05,1e-05,100.0,0.01,-0.011354069021592625,0.0,0.2244117333597549,-0.013482675288107652,0.0,0.22456805907043653,0.0,0.0,0.0,0.07664540584445459,0.0,1.0227447126572313,-0.3074293619869718,0.0,-1.0004220176344547,0.025406550269827553,0.0,0.41506966515412386,0.6354125301787753,-2.2229537217077704,-1.943543176197094,-0.2649762924896037,0.09523677444980619,0.11197168955660361,-0.14526,0.05111,0.05918,0.0019120251810483269,0.0,-0.00019835578485630218,0.0002165810854667001,0.0,4.203007417466481e-05
989,9.8900870999787,step,2.0402124876655003,0.27784947836812524,3.688500029966235,9.665000019595027,124371.0,221497.0,0.0,0.0,8.77,5e-05,1e-05,100.0,0.01,-0.011470723799763743,0.0,0.22422965368723913,-0.013482675288107652,0.0,0.22456805907043653,0.0,0.0,0.0,0.08562309347329287,0.0,1.0496144140617178,-0.303789684445404,0.0,-1.001225274325565,0.0311623795360314,0.0,0.4257491150857098,0.6354125301787753,-2.224487702495656,-1.943543176197094,-0.2634641328009855,0.09751893283664739,0.1127430345823284,-0.14526,0.04573,0.06456,0.0017927425749730303,0.0,-0.00039564836509249954,0.0002192089133708781,0.0,5.7242981895095225e-05
990,9.900477499933913,step,2.1343388591475256,0.3095966329431463,4.22260002233088,10.39039995521307,124371.0,221497.0,0.0,0.0,8.77,5e-05,1e-05,100.0,0.01,-0.011354069021592625,0.0,0.2244117333597549,-0.013482675288107652,0.0,0.22456805907043653,0.0,0.0,0.0,0.06912481400641406,0.0,1.0239529907696874,-0.2998747663974377,0.0,-1.0016167437686445,0.02049655347420601,0.0,0.41574116800870153,0.6354125301787753,-2.2229537217077704,-1.943543176197094,-0.26577032624793234,0.09494260306150742,0.11228487819792604,-0.14526,0.0538,0.05918,0.0019283137536124414,0.0,-0.00019282036097831165,0.00020029251290258556,0.0,3.649465029667429e-05
991,9.910062599927187,step,2.1343388591475256,0.30838882242035903,3.6700000055134296,9.585099993273616,124371.0,221497.0,0.0,0.0,8.77,5e-05,1e-05,100.0,0.01,-0.011354069021592625,0.0,0.2244117333597549,-0.013482675288107652,0.0,0.22456805907043653,0.0,0.0,0.0,0.06520896395042304,0.0,1.02434214614964,-0.29597068669135046,0.0,-1.0020381732046548,0.017945709009676094,0.0,0.41599298926770767,0.6354125301787753,-2.2229537217077704,-1.943543176197094,-0.2661851093790396,0.0947782624252044,0.11243627508391452,-0.15064,0.05918,0.06187,0.001922975270544409,0.0,-0.00020757731520278024,0.00020563099597061788,0.0,5.1251604521142875e-05
992,9.920345999998972,step,2.3846614080648463,0.39189016509297947,3.4680000972002745,10.283400071784854,124371.0,221497.0,0.0,0.0,8.77,5e-05,1e-05,100.0,0.01,-0.011101070212942724,0.0,0.22444736401228388,-0.013482675288107652,0.0,0.22456805907043653,0.0,0.0,0.0,0.033415347647741345,0.0,1.0195843236632252,-0.29155983199807195,0.0,-1.0024108246898686,-0.002956653427714872,0.0,0.4148728973705734,0.636946510966661,-2.2229537217077704,-1.943543176197094,-0.27078753394053195,0.09269232463337307,0.11331709975090207,-0.15064,0.0538,0.05918,0.0021725899919292826,0.0,-0.00018355147551942958,0.0002090150832356457,0.0,6.285641736677623e-05
993,9.930589699884877,step,2.1343388591475256,0.2929039044614032,4.131900146603584,10.243699885904789,124371.0,221497.0,0.0,0.0,8.77,5e-05,1e-05,100.0,0.01,-0.011354069021592625,0.0,0.2244117333597549,-0.013482675288107652,0.0,0.22456805907043653,0.0,0.0,0.0,0.05689199875017686,0.0,1.0251357726690469,-0.28776271962676975,0.0,-1.002887409270792,0.012528694211705643,0.0,0.4165144235907319,0.6354125301787753,-2.2229537217077704,-1.943543176197094,-0.26706626106582665,0.09442768363917109,0.11275622932812795,-0.15333,0.05111,0.06187,0.001870287939589845,0.0,-0.00023474427584290668,0.000258318326925182,0.0,7.841856516126931e-05
994,9.940089299809188,step,2.0402124876655003,0.26932804339613253,3.6747001577168703,9.499599924311042,124371.0,221497.0,0.0,0.0,8.77,5e-05,1e-05,100.0,0.01,-0.011470723799763743,0.0,0.22422965368723913,-0.013482675288107652,0.0,0.22456805907043653,0.0,0.0,0.0,0.06595644342415742,0.0,1.052079804729541,-0.28419549148495754,0.0,-1.003748388686382,0.01832861634156632,0.0,0.42721217120153054,0.6354125301787753,-2.224487702495656,-1.943543176197094,-0.2655438951817664,0.09671787743481286,0.11352978402553915,-0.14795,0.056490000000000005,0.056490000000000005,0.0017570572369204872,0.0,-0.0004240800007351028,0.00025489425142342123,0.0,8.567461753769849e-05
995,9.950346799800172,step,2.1343388591475256,0.3007758680668253,3.456300124526024,10.257499990984797,124371.0,221497.0,0.0,0.0,8.77,5e-05,1e-05,100.0,0.01,-0.011354069021592625,0.0,0.2244117333597549,-0.013482675288107652,0.0,0.22456805907043653,0.0,0.0,0.0,0.049530615468811136,0.0,1.0264761044864994,-0.2803419957111511,0.0,-1.004183548110728,0.007718889023389404,0.0,0.4172359655218027,0.6354125301787753,-2.2229537217077704,-1.943543176197094,-0.2678426034364794,0.09414707724426877,0.11307045705080498,-0.14795,0.0538,0.06725,0.0018980598850539129,0.0,-0.00021434009414735147,0.0002305463814611141,0.0,5.80143834657141e-05
996,9.96040719980374,step,2.0402124876655003,0.2748975148238925,6.97570014744997,10.060400003567338,124371.0,221497.0,0.0,0.0,8.77,5e-05,1e-05,100.0,0.01,-0.011470723799763743,0.0,0.22422965368723913,-0.013482675288107652,0.0,0.22456805907043653,0.0,0.0,0.0,0.058535725552638085,0.0,1.0533759449119848,-0.27672762755283137,0.0,-1.0050089077640423,0.013477589928831475,0.0,0.42791332696604745,0.6354125301787753,-2.224487702495656,-1.943543176197094,-0.2663265464495656,0.09643267900279946,0.11384442324658053,-0.14795,0.04573,0.05918,0.0017802763033385315,0.0,-0.00040653529694951123,0.00023167518500537688,0.0,6.812991375210691e-05
997,9.97005599993281,step,2.0402124876655003,0.2791549397042642,4.360999912023544,9.648800129070878,124371.0,221497.0,0.0,0.0,8.77,5e-05,1e-05,100.0,0.01,-0.011470723799763743,0.0,0.22422965368723913,-0.013482675288107652,0.0,0.22456805907043653,0.0,0.0,0.0,0.05492229218233598,0.0,1.0542036188695139,-0.2730733374918512,0.0,-1.0057860249594734,0.011110857948549673,0.0,0.42833483907614295,0.6354125301787753,-2.224487702495656,-1.943543176197094,-0.26670652419477636,0.0963029684265008,0.11400718307348086,-0.14795,0.05111,0.05918,0.0017999400493039302,0.0,-0.0003827732171550893,0.00021201143903997821,0.0,4.436783395768499e-05
998,9.980154499877244,step,2.1343388591475256,0.3107916967732366,4.109999863430858,10.09849994443357,124371.0,221497.0,0.0,0.0,8.77,5e-05,1e-05,100.0,0.01,-0.011354069021592625,0.0,0.2244117333597549,-0.013482675288107652,0.0,0.22456805907043653,0.0,0.0,0.0,0.03840846871545984,0.0,1.028513742431493,-0.26914827638232786,0.0,-1.0061513742788508,0.00045156470162865844,0.0,0.4183312470002771,0.6354125301787753,-2.2229537217077704,-1.943543176197094,-0.2690154912079994,0.09372370010911049,0.1135458277019839,-0.14795,0.0538,0.06994,0.0019333097726515294,0.0,-0.00017995475481135564,0.0001952964938634976,0.0,2.3629044129718272e-05
999,9.990388499805704,step,2.3846614080648463,0.3940307445689587,3.4658999647945166,10.233999928459525,124371.0,221497.0,0.0,0.0,8.77,5e-05,1e-05,100.0,0.01,-0.011101070212942724,0.0,0.22444736401228388,-0.013482675288107652,0.0,0.22456805907043653,0.0,0.0,0.0,0.006592939491542232,0.0,1.023697526099343,-0.2647213872883931,0.0,-1.0064741593132769,-0.020463179809922346,0.0,0.4171981071519543,0.636946510966661,-2.2229537217077704,-1.943543176197094,-0.27362147448581475,0.09163181522993837,0.1144227629682469,-0.14795,0.048420000000000005,0.06187,0.0021804878214464166,0.0,-0.0001589894893630227,0.0002011172537185117,0.0,3.8294431210369355e-05
1000,10.000491099897772,step,2.0402124876655003,0.2679563920692,4.491900093853474,10.102600092068315,124371.0,221497.0,0.0,0.0,8.77,5e-05,1e-05,100.0,0.01,-0.011470723799763743,0.0,0.22422965368723913,-0.013482675288107652,0.0,0.22456805907043653,0.0,0.0,0.0,0.04291309229140381,0.0,1.0556661027567016,-0.26115065875414445,0.0,-1.007278968196281,0.0032750786530713447,0.0,0.42921072228297436,0.6354125301787753,-2.224487702495656,-1.943543176197094,-0.2679767517918152,0.09581180988975165,0.11448551370808245,-0.15064,0.056490000000000005,0.05918,0.0017587813738744575,0.0,-0.0003964129054840896,0.0002531701144694509,0.0,5.800752228668526e-05
1001,10.01039809989743,step,2.0402124876655003,0.27309207715684203,4.339100094512105,9.906999999657273,124371.0,221497.0,0.0,0.0,8.77,5e-05,1e-05,100.0,0.01,-0.011470723799763743,0.0,0.22422965368723913,-0.013482675288107652,0.0,0.22456805907043653,0.0,0.0,0.0,0.039345318858084274,0.0,1.0564736793866736,-0.2575344823713217,0.0,-1.00803914727134,0.0009384777239263447,0.0,0.42962298007947153,0.6354125301787753,-2.224487702495656,-1.943543176197094,-0.26835198326484494,0.0956832889453168,0.11464574851510395,-0.15064,0.05111,0.06725,0.0017811669539565238,0.0,-0.0003744302556743726,0.00023078453438738454,0.0,3.602487247696828e-05
1002,10.02003619982861,step,2.0402124876655003,0.27749213699408065,3.7440999876707792,9.638099931180477,124371.0,221497.0,0.0,0.0,8.77,5e-05,1e-05,100.0,0.01,-0.011470723799763743,0.0,0.22422965368723913,-0.013482675288107652,0.0,0.22456805907043653,0.0,0.0,0.0,0.03572914767716483,0.0,1.0572338598399365,-0.25388064821723394,0.0,-1.0087630967337515,-0.0014284598677719014,0.0,0.4300170506730087,0.6354125301787753,-2.224487702495656,-1.943543176197094,-0.2687326389526095,0.09555030391244086,0.11480532157182582,-0.14795,0.05111,0.056490000000000005,0.0017997154899337799,0.0,-0.00035658516683732496,0.00021223599841012851,0.0,1.8179783639920644e-05
1003,10.030408299993724,step,2.284797451748909,0.36061992870745546,4.457300063222647,10.372100165113807,124371.0,221497.0,0.0,0.0,8.77,5e-05,1e-05,100.0,0.01,-0.011218004160473818,0.0,0.22426546350011203,-0.013482675288107652,0.0,0.22456805907043653,0.0,0.0,0.0,0.00421655566547038,0.0,1.0527525162116573,-0.24968013844643933,0.0,-1.00938496014386,-0.02218714386225603,0.0,0.42899952149933845,0.636946510966661,-2.224487702495656,-1.943543176197094,-0.27330945686859254,0.09348622008368893,0.11569280711449369,-0.15064,0.05111,0.06994,0.0020689834790831355,0.0,-0.00030630213758972585,0.0001956876485506979,0.0,3.7065672652271636e-06
1004,10.040506099816412,step,2.284797451748909,0.349726632204291,4.276399966329336,10.097799822688103,124371.0,221497.0,0.0,0.0,8.77,5e-05,1e-05,100.0,0.01,-0.011218004160473818,0.0,0.22426546350011203,-0.013482675288107652,0.0,0.22456805907043653,0.0,0.0,0.0,1.4021819534933404e-05,0.0,1.053373924602951,-0.24554344394995137,0.0,-1.0099965893231353,-0.024931701622614502,0.0,0.42935230973817023,0.636946510966661,-2.224487702495656,-1.943543176197094,-0.27375347416130896,0.09331910911763967,0.11586524111758834,-0.15333,0.056490000000000005,0.06725,0.00203755092554603,0.0,-0.0003012612126375999,0.00022712020208780345,0.0,-1.3343576868987878e-06
1005,10.05040519987233,step,2.055474436330294,0.26742461412862095,4.295699996873736,9.899100055918097,124371.0,221497.0,0.0,0.0,8.77,5e-05,1e-05,100.0,0.01,-0.011427324393576646,0.0,0.22459059479225618,-0.013482675288107652,0.0,0.22456805907043653,0.0,0.0,0.0,0.018951912172008915,0.0,1.0067246589213112,-0.24188727263608065,0.0,-1.0099362400890068,-0.0126110917293841,0.0,0.4095365653960142,0.6354125301787753,-2.2229537217077704,-1.9420091954092087,-0.27141431436595187,0.09185659565319063,0.11313761287819554,-0.15064,0.048420000000000005,0.06187,0.001800866670443486,0.0,2.972533697102826e-05,0.0002544842240875197,0.0,-7.1896151513784596e-06
1006,10.060058899922296,step,2.0402124876655003,0.27107298374965744,3.7382999435067177,9.653700049966574,124371.0,221497.0,0.0,0.0,8.77,5e-05,1e-05,100.0,0.01,-0.011470723799763743,0.0,0.22422965368723913,-0.013482675288107652,0.0,0.22456805907043653,0.0,0.0,0.0,0.020081585036056334,0.0,1.0591263638753028,-0.23829018886334596,0.0,-1.010720228302829,-0.011637898714148514,0.0,0.43115297292521626,0.6354125301787753,-2.224487702495656,-1.943543176197094,-0.27038777536087466,0.09490973274620915,0.1154279348261266,-0.15333,0.04304,0.06456,0.0017717627870814886,0.0,-0.00038615757389054504,0.00024018870126241978,0.0,4.775219069314072e-05
1007,10.07042060000822,step,2.0402124876655003,0.2757180643183095,6.1841001734137535,10.361700085923076,124371.0,221497.0,0.0,0.0,8.77,5e-05,1e-05,100.0,0.01,-0.011470723799763743,0.0,0.22422965368723913,-0.013482675288107652,0.0,0.22456805907043653,0.0,0.0,0.0,0.01648485249972162,0.0,1.05991493914651,-0.2346532752154937,0.0,-1.0114677323723706,-0.013992869886016685,0.0,0.43155816209810316,0.6354125301787753,-2.224487702495656,-1.943543176197094,-0.27076619886333925,0.09477897703090779,0.11558822841253291,-0.15064,0.0538,0.05918,0.0017913812043900727,0.0,-0.0003681871141408393,0.00022057028395383572,0.0,2.9781730943435002e-05
1008,10.080049599986523,step,2.3093596290993657,0.3657398028812731,3.682800102978945,9.62899997830391,124371.0,221497.0,0.0,0.0,8.77,5e-05,1e-05,100.0,0.01,-0.011174051128844717,0.0,0.22462633760663525,-0.013482675288107652,0.0,0.22456805907043653,0.0,0.0,0.0,-0.019856017833173166,0.0,1.0030007021234422,-0.23037795898147806,0.0,-1.0113746665718526,-0.03804971211270567,0.0,0.40906375086546587,0.636946510966661,-2.2229537217077704,-1.9420091954092087,-0.2767541524644625,0.08949155385761912,0.11429942691408211,-0.15064,0.05918,0.06456,0.0021058298013102755,0.0,4.584005614704713e-05,0.00020279435795265933,0.0,1.2438480051672125e-05
1009,10.090438999934122,step,2.1343388591475256,0.2976354160522131,4.298999905586243,10.389399947598577,124371.0,221497.0,0.0,0.0,8.77,5e-05,1e-05,100.0,0.01,-0.011354069021592625,0.0,0.2244117333597549,-0.013482675288107652,0.0,0.22456805907043653,0.0,0.0,0.0,-0.004289287492657291,0.0,1.0340973406561011,-0.22654751195113182,0.0,-1.0118323196613455,-0.02739430303404451,0.0,0.4216234051976796,0.6354125301787753,-2.2229537217077704,-1.943543176197094,-0.2735307162333529,0.09199414699578114,0.11526184272437816,-0.15333,0.048420000000000005,0.06187,0.0018867071035976268,0.0,-0.00022541946882151945,0.00024189916291740012,0.0,6.909375813988209e-05
1010,10.100048699881881,step,2.1343388591475256,0.29778668371898764,3.652100218459964,9.609699947759509,124371.0,221497.0,0.0,0.0,8.77,5e-05,1e-05,100.0,0.01,-0.011354069021592625,0.0,0.2244117333597549,-0.013482675288107652,0.0,0.22456805907043653,0.0,0.0,0.0,-0.008118298365255619,0.0,1.0345577197001663,-0.22271817601018082,0.0,-1.0123072095825802,-0.0298904795570208,0.0,0.4219021921496725,0.6354125301787753,-2.2229537217077704,-1.943543176197094,-0.27393585422080363,0.09183716786027439,0.11541376724878794,-0.15064,0.04304,0.06456,0.001886159830593157,0.0,-0.00023390956217968342,0.0002424464359218699,0.0,7.758385149804606e-05
1011,10.110151999862865,step,2.0402124876655003,0.2726230136044272,3.9797001518309116,10.103299980983138,124371.0,221497.0,0.0,0.0,8.77,5e-05,1e-05,100.0,0.01,-0.011470723799763743,0.0,0.22422965368723913,-0.013482675288107652,0.0,0.22456805907043653,0.0,0.0,0.0,0.0009119034540066726,0.0,1.0614996052040002,-0.21912773730927967,0.0,-1.013167384341157,-0.024146662114462442,0.0,0.43256689359981,0.6354125301787753,-2.224487702495656,-1.943543176197094,-0.27241515388248033,0.09412752792241298,0.11619335296820202,-0.15064,0.04573,0.06456,0.00176848972152728,0.0,-0.0004236836626339165,0.00024346176681662836,0.0,8.527827943651217e-05
1012,10.120125999907032,step,2.1343388591475256,0.30316765495300224,3.712099976837635,9.974000044167042,124371.0,221497.0,0.0,0.0,8.77,5e-05,1e-05,100.0,0.01,-0.011354069021592625,0.0,0.2244117333597549,-0.013482675288107652,0.0,0.22456805907043653,0.0,0.0,0.0,-0.015537136919701227,0.0,1.0358951001502934,-0.21525874879784446,0.0,-1.013602482773736,-0.03473750585892548,0.0,0.4226238984072108,0.6354125301787753,-2.2229537217077704,-1.943543176197094,-0.2747183309521242,0.09155374701542189,0.11572979495137042,-0.15064,0.05918,0.06456,0.0019056909155594243,0.0,-0.00021431005232737152,0.00022291535095560265,0.0,5.7984341645734156e-05
1013,10.13039999990724,step,2.1343388591475256,0.30232995253740724,4.486800171434879,10.274000000208616,124371.0,221497.0,0.0,0.0,8.77,5e-05,1e-05,100.0,0.01,-0.011354069021592625,0.0,0.2244117333597549,-0.013482675288107652,0.0,0.22456805907043653,0.0,0.0,0.0,-0.01940705718444316,0.0,1.0363278846680128,-0.2113973010388615,0.0,-1.0140560451525948,-0.03725957791007503,0.0,0.42289241080687223,0.6354125301787753,-2.2229537217077704,-1.943543176197094,-0.27512797936861677,0.09139357727909334,0.11588176080299575,-0.15602000000000002,0.0538,0.06187,0.0019019766777418946,0.0,-0.00022340456749252513,0.00022662958877313235,0.0,6.707885681088777e-05
1014,10.140047499909997,step,2.1343388591475256,0.3015956899297697,3.9101000875234604,9.647500002756715,124371.0,221497.0,0.0,0.0,8.77,5e-05,1e-05,100.0,0.01,-0.011354069021592625,0.0,0.2244117333597549,-0.013482675288107652,0.0,0.22456805907043653,0.0,0.0,0.0,-0.023268506061413858,0.0,1.0367814461048683,-0.2075423078149033,0.0,-1.0145238183238272,-0.039776646072885766,0.0,0.4231691907364957,0.6354125301787753,-2.2229537217077704,-1.943543176197094,-0.2755366095047443,0.09123476938205768,0.11603445093315312,-0.15064,0.04573,0.05918,0.001898797462108549,0.0,-0.0002304041690290189,0.00022980880440647803,0.0,7.407845834738152e-05
1015,10.150199599796906,step,2.1343388591475256,0.3009506343425096,3.713799873366952,10.152099886909127,124371.0,221497.0,0.0,0.0,8.77,5e-05,1e-05,100.0,0.01,-0.011354069021592625,0.0,0.2244117333597549,-0.013482675288107652,0.0,0.22456805907043653,0.0,0.0,0.0,-0.027123499782410267,0.0,1.037249219117297,-0.20369279365116244,0.0,-1.0150021199235362,-0.04228986273516994,0.0,0.42345160999846376,0.6354125301787753,-2.2229537217077704,-1.943543176197094,-0.27594447278188705,0.09107692377656779,0.11618761412698925,-0.15333,0.04304,0.06725,0.0018960987217914893,0.0,-0.00023559000259862294,0.0002325075447235376,0.0,7.926429191698557e-05
1016,10.16004309989512,step,2.1343388591475256,0.30038361381482964,3.8844000082463026,9.843500098213553,124371.0,221497.0,0.0,0.0,8.77,5e-05,1e-05,100.0,0.01,-0.011354069021592625,0.0,0.2244117333597549,-0.013482675288107652,0.0,0.22456805907043653,0.0,0.0,0.0,-0.030973014367895357,0.0,1.037727520599564,-0.19984788646090457,0.0,-1.0154877837877931,-0.04479977372941432,0.0,0.42373819050425054,0.6354125301787753,-2.2229537217077704,-1.943543176197094,-0.276351693733608,0.09091982354481215,0.11634110420933763,-0.15333,0.0538,0.06725,0.0018938295324442533,0.0,-0.0002392163252473741,0.0002347767340707737,0.0,8.289061456573675e-05
1017,10.170452499995008,step,2.284797451748909,0.3517615778495341,4.31930017657578,10.409400099888444,124371.0,221497.0,0.0,0.0,8.77,5e-05,1e-05,100.0,0.01,-0.011218004160473818,0.0,0.22426546350011203,-0.013482675288107652,0.0,0.22456805907043653,0.0,0.0,0.0,-0.049817145653309115,0.0,1.059474885794171,-0.195729044813054,0.0,-1.0162772281318786,-0.05744504192902969,0.0,0.4330189027532373,0.636946510966661,-2.224487702495656,-1.943543176197094,-0.27902541877525006,0.09127860605730018,0.11784821422668476,-0.15602000000000002,0.05111,0.056490000000000005,0.0020287574097822593,0.0,-0.00038884501993658816,0.0002359137178515741,0.0,8.624944961208947e-05
1018,10.18043479998596,step,2.1343388591475256,0.2912468732040854,4.261800087988377,9.982299990952015,124371.0,221497.0,0.0,0.0,8.77,5e-05,1e-05,100.0,0.01,-0.011354069021592625,0.0,0.2244117333597549,-0.013482675288107652,0.0,0.22456805907043653,0.0,0.0,0.0,-0.038937854897601605,0.0,1.0390044885724377,-0.1919387736608821,0.0,-1.0167201595636126,-0.04999974493906744,0.0,0.4244482655037688,0.6354125301787753,-2.2229537217077704,-1.943543176197094,-0.2771926468586486,0.09060815021681323,0.1166726626114046,-0.15602000000000002,0.0538,0.06456,0.0018669182606390108,0.0,-0.0002181682378162471,0.0002616880058760162,0.0,6.184252713460975e-05
1019,10.190398099832237,step,2.0402124876655003,0.2668453024339481,4.610100062564015,9.963299846276641,124371.0,221497.0,0.0,0.0,8.77,5e-05,1e-05,100.0,0.01,-0.011470723799763743,0.0,0.22422965368723913,-0.013482675288107652,0.0,0.22456805907043653,0.0,0.0,0.0,-0.029867502529194345,0.0,1.0659125561333787,-0.18838061877656315,0.0,-1.0175458707364173,-0.044245140971517646,0.0,0.43508262158565947,0.6354125301787753,-2.224487702495656,-1.943543176197094,-0.2756669233879195,0.09289968439288965,0.11745160271119079,-0.15602000000000002,0.0538,0.06725,0.0017525881555757654,0.0,-0.0004067084397482877,0.000259363332768143,0.0,6.830305655088336e-05
1020,10.200121099827811,step,2.0402124876655003,0.27175568063186956,3.6442000418901443,9.722999995574355,124371.0,221497.0,0.0,0.0,8.77,5e-05,1e-05,100.0,0.01,-0.011470723799763743,0.0,0.22422965368723913,-0.013482675288107652,0.0,0.22456805907043653,0.0,0.0,0.0,-0.033424720921277386,0.0,1.0667405818379359,-0.18477606504684926,0.0,-1.0183172178963908,-0.04657536147155368,0.0,0.4355029669078407,0.6354125301787753,-2.224487702495656,-1.943543176197094,-0.2760409139949898,0.09277260852111835,0.11761247321985693,-0.15602000000000002,0.04573,0.05918,0.0017754421542113795,0.0,-0.0003799311554323655,0.00023650933413252892,0.0,4.152577223496119e-05
1021,10.210414899978787,step,2.0402124876655003,0.276018578598114,4.260600078850985,10.293800150975585,124371.0,221497.0,0.0,0.0,8.77,5e-05,1e-05,100.0,0.01,-0.011470723799763743,0.0,0.22422965368723913,-0.013482675288107652,0.0,0.22456805907043653,0.0,0.0,0.0,-0.03702927054147581,0.0,1.0675119303404657,-0.18113292545937512,0.0,-1.0190441724177226,-0.0489350094755046,0.0,0.43590131791660974,0.6354125301787753,-2.224487702495656,-1.943543176197094,-0.27642026840704537,0.09264068550056029,0.1177721948296673,-0.15602000000000002,0.048420000000000005,0.06994,0.0017944478241391732,0.0,-0.00035806532462737676,0.00021750366420473523,0.0,1.965994142997244e-05
1022,10.220103699946776,step,2.0402124876655003,0.27964282660791023,3.591800108551979,9.688799967989326,124371.0,221497.0,0.0,0.0,8.77,5e-05,1e-05,100.0,0.01,-0.011470723799763743,0.0,0.22422965368723913,-0.013482675288107652,0.0,0.22456805907043653,0.0,0.0,0.0,-0.04067240715861402,0.0,1.0682388853573026,-0.17745811922676208,0.0,-1.019735504814724,-0.05131869063466714,0.0,0.43628247674836956,0.6354125301787753,-2.224487702495656,-1.943543176197094,-0.27680398530527495,0.0925048953460989,0.11793106788420307,-0.15602000000000002,0.05111,0.06187,0.0018100453990063817,0.0,-0.0003405194573992137,0.0002019060893375267,0.0,2.1140742018093566e-06
1023,10.230405099922791,step,2.1343388591475256,0.311932399931535,4.268400138244033,10.301399976015091,124371.0,221497.0,0.0,0.0,8.77,5e-05,1e-05,100.0,0.01,-0.011354069021592625,0.0,0.2244117333597549,-0.013482675288107652,0.0,0.22456805907043653,0.0,0.0,0.0,-0.057206747970110855,0.0,1.0424632232440478,-0.17351960169174263,0.0,-1.0200265368111112,-0.06193948641272237,0.0,0.42629290239053,0.6354125301787753,-2.2229537217077704,-1.943543176197094,-0.27911857054372496,0.08991792692020328,0.1174589297423351,-0.15602000000000002,0.04304,0.06725,0.0019399378067612458,0.0,-0.00014334936121235663,0.00018866845975378118,0.0,-1.2976349469280736e-05
1024,10.24049049988389,step,2.0402124876655003,0.2807237984955869,4.239699803292751,10.085399961099029,124371.0,221497.0,0.0,0.0,8.77,5e-05,1e-05,100.0,0.01,-0.011470723799763743,0.0,0.22422965368723913,-0.013482675288107652,0.0,0.22456805907043653,0.0,0.0,0.0,-0.04828666192193642,0.0,1.069218935220536,-0.16983986068249468,0.0,-1.0207305936480486,-0.05628808024113115,0.0,0.4368593281786288,0.6354125301787753,-2.224487702495656,-1.943543176197094,-0.2776090520136884,0.09219594465473782,0.11823691115970572,-0.15064,0.0538,0.06725,0.001812476049543509,0.0,-0.00034678694811923966,0.0001994754388003994,0.0,8.381564921835344e-06
1025,10.250385699793696,step,2.1343388591475256,0.3124431114534635,4.285699920728803,9.895199909806252,124371.0,221497.0,0.0,0.0,8.77,5e-05,1e-05,100.0,0.01,-0.011354069021592625,0.0,0.2244117333597549,-0.013482675288107652,0.0,0.22456805907043653,0.0,0.0,0.0,-0.06482500667223624,0.0,1.0434583111991231,-0.16589906498714727,0.0,-1.021034377881024,-0.06690780021646645,0.0,0.426879828504202,0.6354125301787753,-2.2229537217077704,-1.943543176197094,-0.27992419667199375,0.08960928127278425,0.11776505002360615,-0.15602000000000002,0.0538,0.06994,0.0019410599267748784,0.0,-0.0001496305433217131,0.00018754633974014858,0.0,-6.695167359924262e-06
1026,10.26051319995895,step,2.1343388591475256,0.3093765947501737,4.131300142034888,10.127500165253878,124371.0,221497.0,0.0,0.0,8.77,5e-05,1e-05,100.0,0.01,-0.011354069021592625,0.0,0.2244117333597549,-0.013482675288107652,0.0,0.22456805907043653,0.0,0.0,0.0,-0.06876673546775004,0.0,1.0437597812402555,-0.16198112281341526,0.0,-1.0213787016542388,-0.06947335446906781,0.0,0.4270965231322919,0.6354125301787753,-2.2229537217077704,-1.943543176197094,-0.28034222596951275,0.08943965326757995,0.1179130562309404,-0.15333,0.04304,0.06187,0.001929803302878916,0.0,-0.00016959850996896715,0.0001988029636361109,0.0,1.3272799287329781e-05
1027,10.270507599925622,step,2.284797451748909,0.35793987935286514,4.212800180539489,9.994399966672063,124371.0,221497.0,0.0,0.0,8.77,5e-05,1e-05,100.0,0.01,-0.011218004160473818,0.0,0.22426546350011203,-0.013482675288107652,0.0,0.22456805907043653,0.0,0.0,0.0,-0.08768390367868101,0.0,1.0653658052376664,-0.15780519362363005,0.0,-1.022055908690191,-0.08218167418209414,0.0,0.43631660108572007,0.636946510966661,-2.224487702495656,-1.943543176197094,-0.28302459548048103,0.08978644155604353,0.11941611520854134,-0.15871000000000002,0.04304,0.06187,0.0020568761828763044,0.0,-0.0003335619355168915,0.00020779494475752901,0.0,3.096636519239282e-05
1028,10.280141899827868,step,2.1343388591475256,0.2964509234963,3.5669999197125435,9.634299902245402,124371.0,221497.0,0.0,0.0,8.77,5e-05,1e-05,100.0,0.01,-0.011354069021592625,0.0,0.2244117333597549,-0.013482675288107652,0.0,0.22456805907043653,0.0,0.0,0.0,-0.0768617016926419,0.0,1.0447831703828514,-0.1539716893227701,0.0,-1.0224119858589387,-0.07475174889109304,0.0,0.4277063305430554,0.6354125301787753,-2.2229537217077704,-1.943543176197094,-0.2811984536586314,0.0891101132832108,0.11823667927388877,-0.15602000000000002,0.048420000000000005,0.06725,0.0018882129784864132,0.0,-0.00017538770759204197,0.00024039328802861375,0.0,1.906199691040461e-05
1029,10.290452799992636,step,2.0402124876655003,0.26925840096842635,4.25649993121624,10.3109001647681,124371.0,221497.0,0.0,0.0,8.77,5e-05,1e-05,100.0,0.01,-0.011470723799763743,0.0,0.22422965368723913,-0.013482675288107652,0.0,0.22456805907043653,0.0,0.0,0.0,-0.06783458353934416,0.0,1.071604383397637,-0.15038225845534725,0.0,-1.0231728446476855,-0.06904284919609642,0.0,0.43828703863333157,0.6354125301787753,-2.224487702495656,-1.943543176197094,-0.27967663128900194,0.09139669184017504,0.11901574965002219,-0.15871000000000002,0.056490000000000005,0.06456,0.0017679933077751344,0.0,-0.0003747650522747678,0.00024395818056877397,0.0,3.635966907736347e-05
1030,10.3004224000033,step,2.1343388591475256,0.30106098777161466,4.799199989065528,9.969600010663271,124371.0,221497.0,0.0,0.0,8.77,5e-05,1e-05,100.0,0.01,-0.011354069021592625,0.0,0.2244117333597549,-0.013482675288107652,0.0,0.22456805907043653,0.0,0.0,0.0,-0.0842826158513356,0.0,1.045900561565015,-0.14651853235716644,0.0,-1.0235259310773557,-0.07959488686987967,0.0,0.4283384136261066,0.6354125301787753,-2.2229537217077704,-1.943543176197094,-0.28198238222565125,0.08881635567147816,0.11854207420668997,-0.15333,0.0538,0.06456,0.001903098885858855,0.0,-0.00017391460311680747,0.00022550738065617196,0.0,1.758889243517011e-05
1031,10.310130199883133,step,2.1343388591475256,0.29986539522244887,3.772699972614646,9.707799879834056,124371.0,221497.0,0.0,0.0,8.77,5e-05,1e-05,100.0,0.01,-0.011354069021592625,0.0,0.2244117333597549,-0.013482675288107652,0.0,0.22456805907043653,0.0,0.0,0.0,-0.08814727403007569,0.0,1.046251333886561,-0.14266578908905705,0.0,-1.0239127631742146,-0.08211159176641829,0.0,0.4285733707791162,0.6354125301787753,-2.2229537217077704,-1.943543176197094,-0.28239192918692063,0.08865261361453936,0.11868987197346063,-0.15871000000000002,0.0538,0.06994,0.0018976892343614625,0.0,-0.0001905362113772938,0.0002309170321535645,0.0,3.4210500695656444e-05
1032,10.320547599811107,step,2.1343388591475256,0.29889461181892246,4.280900117009878,10.417399927973747,124371.0,221497.0,0.0,0.0,8.77,5e-05,1e-05,100.0,0.01,-0.011354069021592625,0.0,0.2244117333597549,-0.013482675288107652,0.0,0.22456805907043653,0.0,0.0,0.0,-0.09200001868112925,0.0,1.0466381648709289,-0.1388222299539005,0.0,-1.0243272312254572,-0.08462142234135642,0.0,0.4288227427253698,0.6354125301787753,-2.2229537217077704,-1.943543176197094,-0.28280000584782267,0.08849110511419839,0.11883902107150379,-0.15871000000000002,0.04573,0.06187,0.0018931655407180851,0.0,-0.00020414844802665999,0.00023544072579694182,0.0,4.782273734502262e-05
1033,10.33011439978145,step,2.1343388591475256,0.2981081417149545,3.7721002008765936,9.566799970343709,124371.0,221497.0,0.0,0.0,8.77,5e-05,1e-05,100.0,0.01,-0.011354069021592625,0.0,0.2244117333597549,-0.013482675288107652,0.0,0.22456805907043653,0.0,0.0,0.0,-0.0958435785234359,0.0,1.047052632613611,-0.13498625828682845,0.0,-1.0247639559158153,-0.08712594923834413,0.0,0.42908316144765246,0.6354125301787753,-2.2229537217077704,-1.943543176197094,-0.2832069498828306,0.08833131100593429,0.11898920406170779,-0.15871000000000002,0.05111,0.06725,0.0018894282928668671,0.0,-0.00021511107426551112,0.00023917797364815985,0.0,5.8785363583873756e-05
1034,10.340376499807462,step,2.0402124876655003,0.27166550304514836,4.356799880042672,10.262100026011467,124371.0,221497.0,0.0,0.0,8.77,5e-05,1e-05,100.0,0.01,-0.011470723799763743,0.0,0.22422965368723913,-0.013482675288107652,0.0,0.22456805907043653,0.0,0.0,0.0,-0.08682001375813159,0.0,1.073956351963323,-0.13139460504582062,0.0,-1.0255905768377713,-0.0814314191740486,0.0,0.4396879959934253,0.6354125301787753,-2.224487702495656,-1.943543176197094,-0.2816845146481383,0.09062207696371484,0.11977388562553493,-0.15602000000000002,0.040350000000000004,0.06994,0.001769087949731116,0.0,-0.000407156541542369,0.00024286353861279245,0.0,6.875115834496467e-05
1035,10.35004309983924,step,2.0402124876655003,0.27529556832583524,3.7697998341172934,9.666600031778216,124371.0,221497.0,0.0,0.0,8.77,5e-05,1e-05,100.0,0.01,-0.011470723799763743,0.0,0.22422965368723913,-0.013482675288107652,0.0,0.22456805907043653,0.0,0.0,0.0,-0.09041073207313935,0.0,1.0747852879289044,-0.12776702737057516,0.0,-1.0263686890574109,-0.08378342388534328,0.0,0.4401094930119375,0.6354125301787753,-2.224487702495656,-1.943543176197094,-0.2820620667296391,0.09049348322019561,0.1199359364431345,-0.15602000000000002,0.05111,0.06725,0.0017867827213157237,0.0,-0.00038326332163311246,0.00022516876702818466,0.0,4.485793843570814e-05
1036,10.360426099970937,step,2.0402124876655003,0.2784151113099609,4.343499895185232,10.383000131696463,124371.0,221497.0,0.0,0.0,8.77,5e-05,1e-05,100.0,0.01,-0.011470723799763743,0.0,0.22422965368723913,-0.013482675288107652,0.0,0.22456805907043653,0.0,0.0,0.0,-0.09403830644536476,0.0,1.075563401425992,-0.12410978407359478,0.0,-1.027107151671353,-0.08615818742619542,0.0,0.44051113753818105,0.6354125301787753,-2.224487702495656,-1.943543176197094,-0.28244383381761495,0.09036080320764307,0.1200967676098187,-0.15871000000000002,0.056490000000000005,0.06187,0.0018013946814385172,0.0,-0.00036373369698833915,0.00021055680690539123,0.0,2.532831379093483e-05
1037,10.370482599828392,step,2.0402124876655003,0.28103728966366903,4.342400003224611,10.056499857455492,124371.0,221497.0,0.0,0.0,8.77,5e-05,1e-05,100.0,0.01,-0.011470723799763743,0.0,0.22422965368723913,-0.013482675288107652,0.0,0.22456805907043653,0.0,0.0,0.0,-0.0976955474586349,0.0,1.0763018644825335,-0.12042840255048606,0.0,-1.0278137594582457,-0.08855129961412311,0.0,0.4408973149033777,0.6354125301787753,-2.224487702495656,-1.943543176197094,-0.2828289864973349,0.09022489268954331,0.1202566781786645,-0.15871000000000002,0.0538,0.06725,0.0018132840933906406,0.0,-0.00034804343211795034,0.00019866739495326782,0.0,9.638048920546018e-06
1038,10.380328899947926,step,2.284797451748909,0.36299096611755544,3.5111999604851007,9.846300119534135,124371.0,221497.0,0.0,0.0,8.77,5e-05,1e-05,100.0,0.01,-0.011218004160473818,0.0,0.22426546350011203,-0.013482675288107652,0.0,0.22456805907043653,0.0,0.0,0.0,-0.12923568788065729,0.0,1.0718031791296154,-0.11621183204000995,0.0,-1.0284221026476226,-0.1093249314677621,0.0,0.43992428354668006,0.636946510966661,-2.224487702495656,-1.943543176197094,-0.2874131036619173,0.088147817407392,0.121135292601188,-0.15871000000000002,0.0538,0.05918,0.0020768942820275555,0.0,-0.0002996426807966252,0.00018777684560627788,0.0,-2.952889527873474e-06
1039,10.390483799856156,step,2.3846614080648463,0.3850559719191077,4.240900045260787,10.154899908229709,124371.0,221497.0,0.0,0.0,8.77,5e-05,1e-05,100.0,0.01,-0.011101070212942724,0.0,0.22444736401228388,-0.013482675288107652,0.0,0.22456805907043653,0.0,0.0,0.0,-0.14634459483469991,0.0,1.0459701149928955,-0.11183003395846047,0.0,-1.0286515458181131,-0.12025436205435748,0.0,0.42997491581391595,0.636946510966661,-2.2229537217077704,-1.943543176197094,-0.28978660899440173,0.08553008602340459,0.12066961084013414,-0.16140000000000002,0.04304,0.06187,0.0021582780029313097,0.0,-0.00011301345670807131,0.00022332707223361855,0.0,-7.681601444582041e-06
1040,10.400380999781191,step,2.1343388591475256,0.2858098744957704,4.357300000265241,9.897199925035238,124371.0,221497.0,0.0,0.0,8.77,5e-05,1e-05,100.0,0.01,-0.011354069021592625,0.0,0.2244117333597549,-0.013482675288107652,0.0,0.22456805907043653,0.0,0.0,0.0,-0.1228378021528112,0.0,1.0513764959866676,-0.10806693499816569,0.0,-1.0290115179556696,-0.1047494567705855,0.0,0.43148809718534314,0.6354125301787753,-2.2229537217077704,-1.943543176197094,-0.2860571080225901,0.08727480983882663,0.1201127181784499,-0.16140000000000002,0.04304,0.06725,0.001853534452684292,0.0,-0.00017730619524155774,0.000275071813830735,0.0,2.098048455992038e-05
1041,10.410527699859813,step,2.1343388591475256,0.28703661844460027,4.327200120314956,10.146700078621507,124371.0,221497.0,0.0,0.0,8.77,5e-05,1e-05,100.0,0.01,-0.011354069021592625,0.0,0.2244117333597549,-0.013482675288107652,0.0,0.22456805907043653,0.0,0.0,0.0,-0.12659888083901724,0.0,1.0517369198078987,-0.10429924345080502,0.0,-1.0294069055201895,-0.1071991630781811,0.0,0.4317245234325141,0.6354125301787753,-2.2229537217077704,-1.943543176197094,-0.2864555718210978,0.08711634322036163,0.12025748167312386,-0.16140000000000002,0.040350000000000004,0.06187,0.00185579655592511,0.0,-0.00019475025257990986,0.00027280971058991693,0.0,3.8424541898272494e-05
1042,10.420107799815014,step,2.0402124876655003,0.26251279286240353,5.265699932351708,9.580099955201149,124371.0,221497.0,0.0,0.0,8.77,5e-05,1e-05,100.0,0.01,-0.011470723799763743,0.0,0.22422965368723913,-0.013482675288107652,0.0,0.22456805907043653,0.0,0.0,0.0,-0.11750703385039968,0.0,1.0785993020288005,-0.10076498285596261,0.0,-1.0302035495378439,-0.10147524047463716,0.0,0.4422953013647484,0.6354125301787753,-2.224487702495656,-1.943543176197094,-0.2849251310457052,0.0894092603509182,0.12104017832483695,-0.16140000000000002,0.048420000000000005,0.06725,0.0017408188959218186,0.0,-0.0003923912575319081,0.0002711325924220898,0.0,5.398587433450377e-05
1043,10.430061699822545,step,2.055474436330294,0.26916099876869065,3.5685000475496054,9.953900007531047,124371.0,221497.0,0.0,0.0,8.77,5e-05,1e-05,100.0,0.01,-0.011427324393576646,0.0,0.22459059479225618,-0.013482675288107652,0.0,0.22456805907043653,0.0,0.0,0.0,-0.12582452851162765,0.0,1.0269320726379256,-0.09709651454414173,0.0,-1.0302233026034455,-0.10697778544054642,0.0,0.42134703707619564,0.6354125301787753,-2.2229537217077704,-1.9420091954092087,-0.2867166802069299,0.08605686412659411,0.1190131892380029,-0.16140000000000002,0.0538,0.06725,0.0018069236223349143,0.0,-9.72947775889019e-06,0.00024842727219609147,0.0,3.226519957853999e-05
1044,10.440384299959987,step,2.0402124876655003,0.2740462274354172,3.2326998189091682,10.32260013744235,124371.0,221497.0,0.0,0.0,8.77,5e-05,1e-05,100.0,0.01,-0.011470723799763743,0.0,0.22422965368723913,-0.013482675288107652,0.0,0.22456805907043653,0.0,0.0,0.0,-0.1247091709439793,0.0,1.0794134256407093,-0.09349360202918203,0.0,-1.0310726157266914,-0.10617303360159754,0.0,0.4427949288953561,0.6354125301787753,-2.224487702495656,-1.943543176197094,-0.2856872702609226,0.08911176826619122,0.12132398289369069,-0.16140000000000002,0.0538,0.06725,0.0017746337651354514,0.0,-0.00041833370625199575,0.000237317723208457,0.0,7.992832305459143e-05
1045,10.450473599834368,step,2.284797451748909,0.3555479489693389,4.149900050833821,10.089299874380231,124371.0,221497.0,0.0,0.0,8.77,5e-05,1e-05,100.0,0.01,-0.011218004160473818,0.0,0.22426546350011203,-0.013482675288107652,0.0,0.22456805907043653,0.0,0.0,0.0,-0.15617049464216903,0.0,1.075062032346469,-0.08934035745880196,0.0,-1.0317992222137775,-0.12689816424226572,0.0,0.4418903215143218,0.636946510966661,-2.224487702495656,-1.943543176197094,-0.29026291802765153,0.0870430736112107,0.12220524216129701,-0.16140000000000002,0.05111,0.06725,0.0020457027526643596,0.0,-0.0003578938985044586,0.00021896837496947381,0.0,5.529832817995989e-05
1046,10.460390099789947,step,2.1343388591475256,0.2943081239051404,4.305600188672543,9.916499955579638,124371.0,221497.0,0.0,0.0,8.77,5e-05,1e-05,100.0,0.01,-0.011354069021592625,0.0,0.2244117333597549,-0.013482675288107652,0.0,0.22456805907043653,0.0,0.0,0.0,-0.1453265390657295,0.0,1.0545264840913493,-0.08552509323312994,0.0,-1.032198177203174,-0.11942074064325459,0.0,0.4333073095133273,0.6354125301787753,-2.2229537217077704,-1.943543176197094,-0.28843408886633354,0.08637359569962721,0.12102671102787677,-0.16140000000000002,0.040350000000000004,0.06456,0.0018792287322210066,0.0,-0.0001965074067196212,0.00024937753429402033,0.0,4.018169603798384e-05
1047,10.4700593999587,step,2.0402124876655003,0.2683546815544299,3.678299952298403,9.66930016875267,124371.0,221497.0,0.0,0.0,8.77,5e-05,1e-05,100.0,0.01,-0.011470723799763743,0.0,0.22422965368723913,-0.013482675288107652,0.0,0.22456805907043653,0.0,0.0,0.0,-0.136281181032814,0.0,1.0813905742637813,-0.08195001233939905,0.0,-1.0329960059322896,-0.11373679017979109,0.0,0.4438703620522032,0.6354125301787753,-2.224487702495656,-1.943543176197094,-0.28690800406817635,0.08866496921030417,0.12181249555695148,-0.15871000000000002,0.04304,0.06187,0.0017609251517383636,0.0,-0.0003929747934773646,0.00025102633660554477,0.0,5.456941027996026e-05
1048,10.480095299892128,step,2.1343388591475256,0.299835643178739,3.6641000770032406,10.035899933427572,124371.0,221497.0,0.0,0.0,8.77,5e-05,1e-05,100.0,0.01,-0.011354069021592625,0.0,0.2244117333597549,-0.013482675288107652,0.0,0.22456805907043653,0.0,0.0,0.0,-0.15271486307188809,0.0,1.0557237224371834,-0.07809725141304479,0.0,-1.0333807336324814,-0.12424462625079266,0.0,0.4339711644868874,0.6354125301787753,-2.2229537217077704,-1.943543176197094,-0.28921410048851504,0.08608507331700335,0.12133488826352729,-0.15871000000000002,0.04573,0.06725,0.0018976979320241103,0.0,-0.00018949967958101007,0.00023090833449091667,0.0,3.317396889937271e-05
1049,10.490116399945691,step,1.9449857094534162,0.24247847545381376,3.6182000767439604,10.021100053563714,124371.0,221497.0,0.0,0.0,8.77,5e-05,1e-05,100.0,0.01,-0.011544253455452819,0.0,0.22440840253701216,-0.013482675288107652,0.0,0.22456805907043653,0.0,0.0,0.0,-0.13560341572271886,0.0,1.056590302538204,-0.07464079314668536,0.0,-1.0338012333656637,-0.11361257983462485,0.0,0.4334952328658108,0.6354125301787753,-2.224487702495656,-1.9420091954092087,-0.2871863954390082,0.0875971261802132,0.12057376850406056,-0.15871000000000002,0.04573,0.06187,0.001702496944289974,0.0,-0.00020711938511886724,0.0002359248883648591,0.0,4.7462851694498985e-05
1050,10.500387099804357,step,2.0402124876655003,0.28193165012796023,4.295899998396635,10.270699858665466,124371.0,221497.0,0.0,0.0,8.77,5e-05,1e-05,100.0,0.01,-0.011470723799763743,0.0,0.22422965368723913,-0.013482675288107652,0.0,0.22456805907043653,0.0,0.0,0.0,-0.14716395322362325,0.0,1.0829936720235969,-0.07097428349857259,0.0,-1.0346094966313724,-0.12084407050237053,0.0,0.4447772967225653,0.6354125301787753,-2.224487702495656,-1.943543176197094,-0.28805749748135706,0.0882328321099845,0.12225945846931888,-0.15871000000000002,0.05111,0.06725,0.001805958872084516,0.0,-0.0003981143800993358,0.00020599261625939237,0.0,5.970899690193151e-05
1051,10.51050869980827,step,2.284797451748909,0.3633559270088727,5.282500060275197,10.121600003913045,124371.0,221497.0,0.0,0.0,8.77,5e-05,1e-05,100.0,0.01,-0.011218004160473818,0.0,0.22426546350011203,-0.013482675288107652,0.0,0.22456805907043653,0.0,0.0,0.0,-0.17868980773861512,0.0,1.0785989144455843,-0.06676842209680307,0.0,-1.0353012525272989,-0.14160980274825097,0.0,0.4438651374165835,0.636946510966661,-2.224487702495656,-1.943543176197094,-0.2926410366812362,0.0861572476208361,0.12313930335796582,-0.15871000000000002,0.048420000000000005,0.07263,0.0020716194534475306,0.0,-0.00034072805405227475,0.00019305167418630278,0.0,3.813248372777606e-05
1052,10.520205799955875,step,2.0402124876655003,0.27310434315485366,3.525999840348959,9.697100147604942,124371.0,221497.0,0.0,0.0,8.77,5e-05,1e-05,100.0,0.01,-0.011470723799763743,0.0,0.22422965368723913,-0.013482675288107652,0.0,0.22456805907043653,0.0,0.0,0.0,-0.15503893336093783,0.0,1.0844955097016005,-0.0631483865337162,0.0,-1.0360432496160594,-0.12599499924436858,0.0,0.44557286639510213,0.6354125301787753,-2.224487702495656,-1.943543176197094,-0.28888733559324226,0.08793606648428817,0.1225994981886802,-0.16409,0.04573,0.06994,0.0017830678137675947,0.0,-0.0003654746214011963,0.00022888367457631368,0.0,2.7069238203791986e-05
1053,10.530508199939504,step,2.284797451748909,0.3552972883338883,4.188599996268749,10.302399983629584,124371.0,221497.0,0.0,0.0,8.77,5e-05,1e-05,100.0,0.01,-0.011218004160473818,0.0,0.22426546350011203,-0.013482675288107652,0.0,0.22456805907043653,0.0,0.0,0.0,-0.18651570978449714,0.0,1.0800326687478166,-0.058982155919858205,0.0,-1.0366815182811582,-0.1467272298312627,0.0,0.44463482661497605,0.636946510966661,-2.224487702495656,-1.943543176197094,-0.29346634127953314,0.08585893162463491,0.12347386128005797,-0.16140000000000002,0.04304,0.06725,0.0020520990976035623,0.0,-0.0003143826333859498,0.00021257203003027109,0.0,1.1787063061451108e-05
1054,10.540413199923933,step,2.0402124876655003,0.2670568488558281,4.265700001269579,9.904999984428287,124371.0,221497.0,0.0,0.0,8.77,5e-05,1e-05,100.0,0.01,-0.011470723799763743,0.0,0.22422965368723913,-0.013482675288107652,0.0,0.22456805907043653,0.0,0.0,0.0,-0.16282520258899882,0.0,1.0858757760523634,-0.055395618354822325,0.0,-1.0373812258896475,-0.13108546423361775,0.0,0.44631682517625165,0.6354125301787753,-2.224487702495656,-1.943543176197094,-0.2897084248770532,0.08763776435314924,0.12293062212327918,-0.16140000000000002,0.04304,0.06725,0.001766568196261225,0.0,-0.0003446447124629617,0.0002453832920826834,0.0,6.239329265557371e-06
1055,10.550081599969417,step,2.1343388591475256,0.2999399258935531,3.596099792048335,9.668400045484304,124371.0,221497.0,0.0,0.0,8.77,5e-05,1e-05,100.0,0.01,-0.011354069021592625,0.0,0.2244117333597549,-0.013482675288107652,0.0,0.22456805907043653,0.0,0.0,0.0,-0.17926925680133207,0.0,1.0601089440806961,-0.05153518009945108,0.0,-1.0376878409107146,-0.14158412238395915,0.0,0.4363906437837916,0.6354125301787753,-2.2229537217077704,-1.943543176197094,-0.2920170821648733,0.085051921678407,0.12244650923618741,-0.16140000000000002,0.04304,0.07263,0.0019014794413566342,0.0,-0.00015102486308620505,0.0002271268251583928,0.0,-5.3008475954323105e-06
1056,10.560417299857363,step,2.3093596290993657,0.3557522330761881,4.28039999678731,10.335699887946248,124371.0,221497.0,0.0,0.0,8.77,5e-05,1e-05,100.0,0.01,-0.011174051128844717,0.0,0.22462633760663525,-0.013482675288107652,0.0,0.22456805907043653,0.0,0.0,0.0,-0.2029750494760327,0.0,1.0292184961875275,-0.047318517211707996,0.0,-1.0376020169924887,-0.1574204643685996,0.0,0.4243400590451617,0.636946510966661,-2.2229537217077704,-1.9420091954092087,-0.2961113936553451,0.08217150839179177,0.12175083009703055,-0.16140000000000002,0.04573,0.07263,0.002076939782942836,0.0,4.2273028420112814e-05,0.000231684376320099,0.0,1.600550777860644e-05
1057,10.570051999995485,step,2.055474436330294,0.2633259699948226,3.634100081399083,9.634700138121843,124371.0,221497.0,0.0,0.0,8.77,5e-05,1e-05,100.0,0.01,-0.011427324393576646,0.0,0.22459059479225618,-0.013482675288107652,0.0,0.22456805907043653,0.0,0.0,0.0,-0.17927336712930625,0.0,1.0343254968418587,-0.04369132301377256,0.0,-1.03770081350156,-0.14181460708035637,0.0,0.4256800491933069,0.6354125301787753,-2.2229537217077704,-1.9420091954092087,-0.2923664009312499,0.08391260541523067,0.12117909432744181,-0.16678,0.05111,0.06187,0.0017865938375224814,0.0,-4.866274719344071e-05,0.0002687570570085243,0.0,7.119846901309051e-05
1058,10.580404299777001,step,2.3846614080648463,0.3780889120282351,4.2489999905228615,10.352299781516194,124371.0,221497.0,0.0,0.0,8.77,5e-05,1e-05,100.0,0.01,-0.011101070212942724,0.0,0.22444736401228388,-0.013482675288107652,0.0,0.22456805907043653,0.0,0.0,0.0,-0.21886343926019172,0.0,1.055244688293083,-0.03936881540991624,0.0,-1.0381702531846038,-0.1675415498162186,0.0,0.4355088377017533,0.636946510966661,-2.2229537217077704,-1.943543176197094,-0.29745866644905183,0.082577019664757,0.12356904004041999,-0.16409,0.04573,0.06456,0.0021290741620863195,0.0,-0.00023122501830529423,0.00025253091307860876,0.0,0.00011052996015264088
1059,10.590035500004888,step,2.0402124876655003,0.259180073916124,3.6865000147372484,9.631200227886438,124371.0,221497.0,0.0,0.0,8.77,5e-05,1e-05,100.0,0.01,-0.011470723799763743,0.0,0.22422965368723913,-0.013482675288107652,0.0,0.22456805907043653,0.0,0.0,0.0,-0.18243948728444664,0.0,1.0873621942680871,-0.03589039653149494,0.0,-1.039097402472501,-0.14386239291798428,0.0,0.4473797046490195,0.6354125301787753,-2.224487702495656,-1.943543176197094,-0.29178821736413624,0.08679350257960153,0.12366802587343273,-0.16947,0.04304,0.06725,0.0017133137608255423,0.0,-0.0004566723240690051,0.0002986377275183661,0.0,0.0001182669408716008
1060,10.600448599783704,step,2.0402124876655003,0.2647442570943993,4.2085000313818455,10.413099778816104,124371.0,221497.0,0.0,0.0,8.77,5e-05,1e-05,100.0,0.01,-0.011470723799763743,0.0,0.22422965368723913,-0.013482675288107652,0.0,0.22456805907043653,0.0,0.0,0.0,-0.1859149504697839,0.0,1.0882921122977964,-0.03235543358573228,0.0,-1.0399583611398044,-0.1461418763843032,0.0,0.4478396683221985,0.6354125301787753,-2.224487702495656,-1.943543176197094,-0.2921529202058375,0.08667498540067381,0.12383107494072389,-0.16140000000000002,0.05111,0.06994,0.0017411648426115785,0.0,-0.0004240697810559749,0.0002707866457323299,0.0,8.566439785857058e-05
1061,10.610174999805167,step,2.1343388591475256,0.29574397321472967,3.5342001356184483,9.726400021463633,124371.0,221497.0,0.0,0.0,8.77,5e-05,1e-05,100.0,0.01,-0.011354069021592625,0.0,0.2244117333597549,-0.013482675288107652,0.0,0.22456805907043653,0.0,0.0,0.0,-0.20230944437609388,0.0,1.062686077676436,-0.028534517227513694,0.0,-1.0403917164723369,-0.15659969209769767,0.0,0.437989471633259,0.6354125301787753,-2.2229537217077704,-1.943543176197094,-0.2944559866577652,0.08409834803822572,0.12335128562078712,-0.16140000000000002,0.048420000000000005,0.07263,0.0018820127202363998,0.0,-0.00021345147910758406,0.0002465935462786272,0.0,5.71257684259467e-05
1062,10.620472699869424,step,2.1343388591475256,0.29590509430364986,4.311499884352088,10.297700064256787,124371.0,221497.0,0.0,0.0,8.77,5e-05,1e-05,100.0,0.01,-0.011354069021592625,0.0,0.2244117333597549,-0.013482675288107652,0.0,0.22456805907043653,0.0,0.0,0.0,-0.20613129245484543,0.0,1.0631171183863215,-0.024714442265611127,0.0,-1.0408414741855867,-0.159090521389377,0.0,0.4382561291542986,0.6354125301787753,-2.2229537217077704,-1.943543176197094,-0.294860526095602,0.08394033700556576,0.12350154046824602,-0.16409,0.04573,0.07263,0.0018815982859957507,0.0,-0.00022153055916543924,0.0002470079805192763,0.0,6.520484848380188e-05
1063,10.630400699796155,step,2.3846614080648463,0.37907439799167214,4.51419991441071,9.92799992673099,124371.0,221497.0,0.0,0.0,8.77,5e-05,1e-05,100.0,0.01,-0.011101070212942724,0.0,0.22444736401228388,-0.013482675288107652,0.0,0.22456805907043653,0.0,0.0,0.0,-0.2378409032440693,0.0,1.0583876243281396,-0.020378309543328157,0.0,-1.041230926254949,-0.17993344090629726,0.0,0.4372488684875007,0.636946510966661,-2.2229537217077704,-1.943543176197094,-0.2994624796460939,0.08183750260991601,0.12436265789071332,-0.16678,0.04573,0.06994,0.0021357852867982066,0.0,-0.0001918266927999513,0.0002458197883667217,0.0,7.113163464729795e-05
1064,10.64038040000014,step,1.9449857094534162,0.22828748701605212,4.740000003948808,9.979700203984976,124371.0,221497.0,0.0,0.0,8.77,5e-05,1e-05,100.0,0.01,-0.011544253455452819,0.0,0.22440840253701216,-0.013482675288107652,0.0,0.22456805907043653,0.0,0.0,0.0,-0.19332438936058455,0.0,1.0644400404962222,-0.017035586322222445,0.0,-1.0417214115430906,-0.1512609933483191,0.0,0.43809058002066237,0.6354125301787753,-2.224487702495656,-1.9420091954092087,-0.2932867411524423,0.08527683427262622,0.12291068487241213,-0.16947,0.04304,0.06456,0.0016464761414676978,0.0,-0.00024159114328313594,0.00029194569118713536,0.0,8.193460985876769e-05
1065,10.650262999814004,step,2.1343388591475256,0.295625338196572,3.6146999336779118,9.882599813863635,124371.0,221497.0,0.0,0.0,8.77,5e-05,1e-05,100.0,0.01,-0.011354069021592625,0.0,0.2244117333597549,-0.013482675288107652,0.0,0.22456805907043653,0.0,0.0,0.0,-0.21762870698575873,0.0,1.0644468543682817,-0.013221848937925648,0.0,-1.0422079031395706,-0.1665845660515153,0.0,0.43907178482354337,0.6354125301787753,-2.2229537217077704,-1.943543176197094,-0.2960773331118955,0.08346652324465456,0.12395516445224941,-0.16678,0.04304,0.06456,0.0018784766783625736,0.0,-0.000239624029166253,0.00025012958815245337,0.0,8.329831848461565e-05
1066,10.66036229999736,step,2.0402124876655003,0.2708815100371212,3.4097000025212765,10.099300183355808,124371.0,221497.0,0.0,0.0,8.77,5e-05,1e-05,100.0,0.01,-0.011470723799763743,0.0,0.22422965368723913,-0.013482675288107652,0.0,0.22456805907043653,0.0,0.0,0.0,-0.2085844239423662,0.0,1.0914002986453153,-0.009643729542760202,0.0,-1.0430687963360805,-0.16094138423099924,0.0,0.44963466319766776,0.6354125301787753,-2.224487702495656,-1.943543176197094,-0.29454870817950773,0.08576403947643005,0.1247508931559252,-0.16678,0.048420000000000005,0.06994,0.0017624217818171637,0.0,-0.00042403753306757917,0.00024952970652674473,0.0,8.563214987017485e-05
1067,10.670452599879354,step,2.1343388591475256,0.30156248791883933,4.360600141808391,10.090299881994724,124371.0,221497.0,0.0,0.0,8.77,5e-05,1e-05,100.0,0.01,-0.011354069021592625,0.0,0.2244117333597549,-0.013482675288107652,0.0,0.22456805907043653,0.0,0.0,0.0,-0.22502114563417286,0.0,1.065796512137236,-0.005784204279262043,0.0,-1.0434956325299085,-0.17141474967705742,0.0,0.43979786730452586,0.6354125301787753,-2.2229537217077704,-1.943543176197094,-0.29685693008563824,0.083184903960858,0.12427089643060335,-0.16409,0.05111,0.06456,0.0019010297423426986,0.0,-0.00021024044258744515,0.00022757652417232832,0.0,5.391473190580778e-05
1068,10.680054399883375,step,2.1343388591475256,0.30097353209279937,3.8435999304056168,9.601800004020333,124371.0,221497.0,0.0,0.0,8.77,5e-05,1e-05,100.0,0.01,-0.011354069021592625,0.0,0.2244117333597549,-0.013482675288107652,0.0,0.22456805907043653,0.0,0.0,0.0,-0.22888160243147437,0.0,1.066221034516388,-0.0019297479905052875,0.0,-1.0439336317567383,-0.17393048283388354,0.0,0.44006278665099435,0.6354125301787753,-2.2229537217077704,-1.943543176197094,-0.2972656170564926,0.08302479057926086,0.12442214018439302,-0.16678,0.040350000000000004,0.06725,0.001898532991812854,0.0,-0.00021573885399883848,0.00023007327470217303,0.0,5.941314331720112e-05
1069,10.69009149982594,step,2.1343388591475256,0.3004545991104569,3.7836998235434294,10.037099942564964,124371.0,221497.0,0.0,0.0,8.77,5e-05,1e-05,100.0,0.01,-0.011354069021592625,0.0,0.2244117333597549,-0.013482675288107652,0.0,0.22456805907043653,0.0,0.0,0.0,-0.23273605964795838,0.0,1.066659032882661,0.0019203781042895205,0.0,-1.044380016131132,-0.17644264267513188,0.0,0.4403330563295869,0.6354125301787753,-2.2229537217077704,-1.943543176197094,-0.2976735897936555,0.08286558402199326,0.12457383662478434,-0.16409,0.048420000000000005,0.06725,0.0018964001316941162,0.0,-0.00021986900312984489,0.00023220613482091072,0.0,6.354329244820752e-05
1070,10.700038499897346,step,2.3846614080648463,0.3835846470049218,3.7423998583108187,9.947000071406364,124371.0,221497.0,0.0,0.0,8.77,5e-05,1e-05,100.0,0.01,-0.011101070212942724,0.0,0.22444736401228388,-0.013482675288107652,0.0,0.22456805907043653,0.0,0.0,0.0,-0.26447572130106284,0.0,1.0619261663110757,0.006283313289188132,0.0,-1.0447595275573367,-0.1973043366892599,0.0,0.43933525758078373,0.636946510966661,-2.2229537217077704,-1.943543176197094,-0.30227956529503863,0.08075903898102671,0.12543400106806402,-0.16409,0.03766,0.06725,0.002148986982634286,0.0,-0.00018693037602248748,0.0002326180925306424,0.0,6.623531786983412e-05
1071,10.710403200006112,step,2.0402124876655003,0.2614709818275175,4.398999968543649,10.364700108766556,124371.0,221497.0,0.0,0.0,8.77,5e-05,1e-05,100.0,0.01,-0.011470723799763743,0.0,0.22422965368723913,-0.013482675288107652,0.0,0.22456805907043653,0.0,0.0,0.0,-0.2280916132091647,0.0,1.0939514703676825,0.009799933371280552,0.0,-1.045600320212871,-0.1736735540077584,0.0,0.4511289609221628,0.6354125301787753,-2.224487702495656,-1.943543176197094,-0.2966110018486018,0.08497441083013342,0.12553640306778463,-0.16947,0.040350000000000004,0.06456,0.0017321299673312798,0.0,-0.0004141369044609115,0.00027982152101262863,0.0,7.573152126350718e-05
1072,10.7203630998265,step,2.1343388591475256,0.29347012897281316,4.296500002965331,9.959899820387363,124371.0,221497.0,0.0,0.0,8.77,5e-05,1e-05,100.0,0.01,-0.011354069021592625,0.0,0.2244117333597549,-0.013482675288107652,0.0,0.22456805907043653,0.0,0.0,0.0,-0.24446481444871052,0.0,1.0683280360941845,0.013608929764231894,0.0,-1.0460065872766657,-0.184094912944881,0.0,0.44129251058441,0.6354125301787753,-2.2229537217077704,-1.943543176197094,-0.2989131317870665,0.0823967834020011,0.1250517924103417,-0.16409,0.048420000000000005,0.06456,0.00187614147780277,0.0,-0.00020010900794260804,0.00025246478871225695,0.0,4.378329726097068e-05
1073,10.73035249998793,step,2.1343388591475256,0.2943533026492584,3.4403998870402575,9.98940016143024,124371.0,221497.0,0.0,0.0,8.77,5e-05,1e-05,100.0,0.01,-0.011354069021592625,0.0,0.2244117333597549,-0.013482675288107652,0.0,0.22456805907043653,0.0,0.0,0.0,-0.24827474036487035,0.0,1.068731989492571,0.017422527382619832,0.0,-1.0464238861353856,-0.18657735950811416,0.0,0.441547842974387,0.6354125301787753,-2.2229537217077704,-1.943543176197094,-0.2993165533025177,0.08223806701067359,0.12520032610051657,-0.16678,0.048420000000000005,0.06725,0.0018784078359191212,0.0,-0.00020554277733966507,0.0002501984305959058,0.0,4.92170666580277e-05
1074,10.740308000007644,step,2.1343388591475256,0.29513033252214294,3.49349994212389,9.955500019714236,124371.0,221497.0,0.0,0.0,8.77,5e-05,1e-05,100.0,0.01,-0.011354069021592625,0.0,0.2244117333597549,-0.013482675288107652,0.0,0.22456805907043653,0.0,0.0,0.0,-0.25208833816619125,0.0,1.069149287492256,0.021240273224257908,0.0,-1.046849718631518,-0.18906250689523957,0.0,0.44180870231056174,0.6354125301787753,-2.2229537217077704,-1.943543176197094,-0.29972029113883536,0.08207980069585266,0.1253496332469983,-0.16947,0.040350000000000004,0.06725,0.0018804510653937332,0.0,-0.0002097460659371729,0.0002481552011212938,0.0,5.342035525553553e-05
1075,10.750383599894121,step,2.3846614080648463,0.3789379259432641,4.27610008046031,10.075599886476994,124371.0,221497.0,0.0,0.0,8.77,5e-05,1e-05,100.0,0.01,-0.011101070212942724,0.0,0.22444736401228388,-0.013482675288107652,0.0,0.22456805907043653,0.0,0.0,0.0,-0.28379561891352917,0.0,1.0643958690407394,0.025578218978315314,0.0,-1.0472090554262088,-0.20990218773556632,0.0,0.4408090901084617,0.636946510966661,-2.2229537217077704,-1.943543176197094,-0.3043235005086053,0.07997225265353157,0.12620638779622534,-0.16947,0.05111,0.06994,0.002136678305263357,0.0,-0.0001769932537262602,0.0002449267699015712,0.0,5.629819557360685e-05
1076,10.760354199912399,step,2.1343388591475256,0.28320895321937545,4.335500067099929,9.970600018277764,124371.0,221497.0,0.0,0.0,8.77,5e-05,1e-05,100.0,0.01,-0.011354069021592625,0.0,0.2244117333597549,-0.013482675288107652,0.0,0.22456805907043653,0.0,0.0,0.0,-0.2602460578383121,0.0,1.0699340035539728,0.029314393508071336,0.0,-1.0476578845074538,-0.1943759513028567,0.0,0.442322714668278,0.6354125301787753,-2.2229537217077704,-1.943543176197094,-0.3005845361861147,0.08173622702872518,0.12566376709213517,-0.16947,0.04304,0.06456,0.0018402726808975155,0.0,-0.00022107315652125615,0.0002883335856175115,0.0,6.474744583961879e-05
1077,10.77048740000464,step,2.0402124876655003,0.26087636872124004,4.126100102439523,10.133200092241168,124371.0,221497.0,0.0,0.0,8.77,5e-05,1e-05,100.0,0.01,-0.011470723799763743,0.0,0.22422965368723913,-0.013482675288107652,0.0,0.22456805907043653,0.0,0.0,0.0,-0.2511206744013399,0.0,1.0968502802758946,0.03283130798234537,0.0,-1.0484795480740696,-0.18870178588824357,0.0,0.4528470100332233,0.6354125301787753,-2.224487702495656,-1.943543176197094,-0.2990462734259389,0.0840369541791298,0.12645824199225858,-0.16947,0.04304,0.07263,0.001732274971769636,0.0,-0.0004047147697435654,0.0002796765165742725,0.0,6.630938654616109e-05
1078,10.780090999789536,step,2.0402124876655003,0.2670561940886357,3.638699883595109,9.603599784895778,124371.0,221497.0,0.0,0.0,8.77,5e-05,1e-05,100.0,0.01,-0.011470723799763743,0.0,0.22422965368723913,-0.013482675288107652,0.0,0.22456805907043653,0.0,0.0,0.0,-0.25463665085495374,0.0,1.0976742592205002,0.03640573089214625,0.0,-1.049238699288468,-0.1910051195307698,0.0,0.4532647450221183,0.6354125301787753,-2.224487702495656,-1.943543176197094,-0.29941589623669396,0.08391161053430238,0.1266175172306801,-0.16678,0.048420000000000005,0.06456,0.0017606010582461497,0.0,-0.00037392397742689514,0.00025135043009775863,0.0,3.551859422949082e-05
1079,10.790111399954185,step,2.1343388591475256,0.3003531172747736,3.6303000524640083,10.02040016464889,124371.0,221497.0,0.0,0.0,8.77,5e-05,1e-05,100.0,0.01,-0.011354069021592625,0.0,0.2244117333597549,-0.013482675288107652,0.0,0.22456805907043653,0.0,0.0,0.0,-0.2710706058163063,0.0,1.0719664169609633,0.04026641291479228,0.0,-1.0495745417869051,-0.2014499947611072,0.0,0.44340878399527184,0.6354125301787753,-2.2229537217077704,-1.943543176197094,-0.3017257648166297,0.08132647301282334,0.12612881652232732,-0.16947,0.0538,0.06456,0.0019015995102272692,0.0,-0.0001654210128665188,0.00022700675628775776,0.0,9.095302184881427e-06
1080,10.800358299864456,step,2.0402124876655003,0.27293806713433216,4.311300115659833,10.246899910271168,124371.0,221497.0,0.0,0.0,8.77,5e-05,1e-05,100.0,0.01,-0.011470723799763743,0.0,0.22422965368723913,-0.013482675288107652,0.0,0.22456805907043653,0.0,0.0,0.0,-0.26207268251997173,0.0,1.0987669396964586,0.04388787119168999,0.0,-1.0503038862222756,-0.19586135265849997,0.0,0.4538833426700246,0.6354125301787753,-2.224487702495656,-1.943543176197094,-0.3002013429036056,0.08361621236597658,0.12692278935410828,-0.16947,0.05111,0.06725,0.0017837685790391205,0.0,-0.0003592424895269436,0.00022818290930478788,0.0,2.0837106329539307e-05
1081,10.810490699950606,step,2.284797451748909,0.35645216604603114,4.1645001620054245,10.132400086149573,124371.0,221497.0,0.0,0.0,8.77,5e-05,1e-05,100.0,0.01,-0.011218004160473818,0.0,0.22426546350011203,-0.013482675288107652,0.0,0.22456805907043653,0.0,0.0,0.0,-0.29355196677341283,0.0,1.0942933049037544,0.048064990873126275,0.0,-1.050915670064216,-0.2165925415793665,0.0,0.4529817322364,0.636946510966661,-2.224487702495656,-1.943543176197094,-0.30478393326348174,0.08152978806254764,0.12778947145208885,-0.16678,0.03766,0.07263,0.0020574625658851364,0.0,-0.0003013373925577615,0.000207208561748697,0.0,-1.2581777667371695e-06
1082,10.820357599994168,step,2.1343388591475256,0.29708901665529436,4.3126000091433525,9.866900043562055,124371.0,221497.0,0.0,0.0,8.77,5e-05,1e-05,100.0,0.01,-0.011354069021592625,0.0,0.2244117333597549,-0.013482675288107652,0.0,0.22456805907043653,0.0,0.0,0.0,-0.2827318855602363,0.0,1.073642933223064,0.051908227498746136,0.0,-1.0512054683945404,-0.20905864913814542,0.0,0.44436969490882305,0.6354125301787753,-2.2229537217077704,-1.943543176197094,-0.30295808001866326,0.08086116604151437,0.12660485531966967,-0.16947,0.05111,0.06725,0.0018930066869265977,0.0,-0.0001427417124169116,0.0002355995795884293,0.0,-1.3583998264725774e-05
1083,10.830553599866107,step,2.284797451748909,0.34754055627202324,4.171800101175904,10.19599987193942,124371.0,221497.0,0.0,0.0,8.77,5e-05,1e-05,100.0,0.01,-0.011218004160473818,0.0,0.22426546350011203,-0.013482675288107652,0.0,0.22456805907043653,0.0,0.0,0.0,-0.3015732603686982,0.0,1.0951925731777696,0.05603021827155792,0.0,-1.0518269343086948,-0.22182423430659548,0.0,0.4535381925333833,0.636946510966661,-2.224487702495656,-1.943543176197094,-0.3056330156431309,0.08119747480155712,0.12810464178286762,-0.16947,0.040350000000000004,0.07263,0.002030308528068822,0.0,-0.00030610634883857505,0.00023436259956501147,0.0,3.5107785140763644e-06
1084,10.840426999842748,step,2.1343388591475256,0.29019831191228923,4.374800017103553,9.87339997664094,124371.0,221497.0,0.0,0.0,8.77,5e-05,1e-05,100.0,0.01,-0.011354069021592625,0.0,0.2244117333597549,-0.013482675288107652,0.0,0.22456805907043653,0.0,0.0,0.0,-0.29069711774017193,0.0,1.0745541966234549,0.05982757268770651,0.0,-1.0521269593639342,-0.2142501711956024,0.0,0.44493070982351335,0.6354125301787753,-2.2229537217077704,-1.943543176197094,-0.30380112093888184,0.08053245165555638,0.12691863460420566,-0.17216,0.040350000000000004,0.06994,0.0018704071600691855,0.0,-0.0001477789402888781,0.0002581991064458415,0.0,-8.546770392759253e-06
1085,10.850458799861372,step,2.0402124876655003,0.2646160612249888,4.276899853721261,10.031800018623471,124371.0,221497.0,0.0,0.0,8.77,5e-05,1e-05,100.0,0.01,-0.011470723799763743,0.0,0.22422965368723913,-0.013482675288107652,0.0,0.22456805907043653,0.0,0.0,0.0,-0.2816338483326699,0.0,1.1013193575279803,0.06339596617522743,0.0,-1.0528322046967566,-0.20862861697246526,0.0,0.4553794061811507,0.6354125301787753,-2.224487702495656,-1.943543176197094,-0.3022693762393704,0.08282412777510048,0.12771019031496333,-0.16947,0.03766,0.06725,0.0017576312341613675,0.0,-0.00034737234810291155,0.00025432025418254084,0.0,8.966964905507229e-06
1086,10.860363699961454,step,2.1343388591475256,0.2990657208786786,4.314800025895238,9.904900100082159,124371.0,221497.0,0.0,0.0,8.77,5e-05,1e-05,100.0,0.01,-0.011354069021592625,0.0,0.2244117333597549,-0.013482675288107652,0.0,0.22456805907043653,0.0,0.0,0.0,-0.29806084210149025,0.0,1.0755599222345396,0.06725137398238393,0.0,-1.053130728874087,-0.21905353261508706,0.0,0.44551591445716027,0.6354125301787753,-2.2229537217077704,-1.943543176197094,-0.304579584687104,0.08023616093715699,0.1272166621605958,-0.16947,0.04573,0.06994,0.001899001667272863,0.0,-0.0001470396748741715,0.00022960459924216393,0.0,-9.286035807465858e-06
1087,10.870499099837616,step,2.0402124876655003,0.27160859069337273,4.257299937307835,10.13539987616241,124371.0,221497.0,0.0,0.0,8.77,5e-05,1e-05,100.0,0.01,-0.011470723799763743,0.0,0.22422965368723913,-0.013482675288107652,0.0,0.22456805907043653,0.0,0.0,0.0,-0.28905764399374506,0.0,1.1023231271996705,0.0708682460091541,0.0,-1.0538368919406913,-0.2134748289280632,0.0,0.45596148524043584,0.6354125301787753,-2.224487702495656,-1.943543176197094,-0.30305402923977487,0.08252515398122967,0.12801072716266493,-0.17216,0.04304,0.06994,0.001781509597091076,0.0,-0.000347824382769314,0.00023044189125283245,0.0,9.418999571909697e-06
1088,10.880074599990621,step,2.0402124876655003,0.2765891040232468,3.5991999320685863,9.575500153005123,124371.0,221497.0,0.0,0.0,8.77,5e-05,1e-05,100.0,0.01,-0.011470723799763743,0.0,0.22422965368723913,-0.013482675288107652,0.0,0.22456805907043653,0.0,0.0,0.0,-0.29267358118693976,0.0,1.1030316043759418,0.07452549677997422,0.0,-1.0545106663840313,-0.21584040952614097,0.0,0.45633447997744214,0.6354125301787753,-2.224487702495656,-1.943543176197094,-0.30343495605605825,0.08238976914008804,0.12816777993940995,-0.16947,0.04573,0.06994,0.0018013983627181178,0.0,-0.0003318711937277961,0.00021055312562579063,0.0,-6.534189469608231e-06
1089,10.890104299876839,step,2.1343388591475256,0.31016798240868426,3.630500053986907,10.029699886217713,124371.0,221497.0,0.0,0.0,8.77,5e-05,1e-05,100.0,0.01,-0.011354069021592625,0.0,0.2244117333597549,-0.013482675288107652,0.0,0.22456805907043653,0.0,0.0,0.0,-0.30919036532849115,0.0,1.0772383850089673,0.07845385849183678,0.0,-1.0547870237273507,-0.22631709667757685,0.0,0.4464649636126765,0.6354125301787753,-2.2229537217077704,-1.943543176197094,-0.3057552674675159,0.07979572122380213,0.12767480764403177,-0.16678,0.03766,0.06725,0.001934935501928107,0.0,-0.00013612128261822944,0.00019367076458692,0.0,-2.020442806340792e-05
1090,10.900378999998793,step,2.055474436330294,0.28345792369124095,4.811800085008144,10.274700121954083,124371.0,221497.0,0.0,0.0,8.77,5e-05,1e-05,100.0,0.01,-0.011427324393576646,0.0,0.22459059479225618,-0.013482675288107652,0.0,0.22456805907043653,0.0,0.0,0.0,-0.3050442927182466,0.0,1.0515132339750206,0.08221826598662485,0.0,-1.054740845834961,-0.22378424544549552,0.0,0.43579065571198494,0.6354125301787753,-2.2229537217077704,-1.9420091954092087,-0.3056619528241918,0.07885718462632196,0.12626549144239918,-0.16947,0.03766,0.06725,0.001854178978324312,0.0,2.2745167055038226e-05,0.00020117191620669383,0.0,-2.0944523538842468e-07
1091,10.910473299911246,step,2.055474436330294,0.28541186066533,4.206999903544784,10.094299912452698,124371.0,221497.0,0.0,0.0,8.77,5e-05,1e-05,100.0,0.01,-0.011427324393576646,0.0,0.22459059479225618,-0.013482675288107652,0.0,0.22456805907043653,0.0,0.0,0.0,-0.3088081144584838,0.0,1.0514647805462944,0.08599556592765024,0.0,-1.054791818266688,-0.22622334977713573,0.0,0.4358640105671126,0.6354125301787753,-2.2229537217077704,-1.9420091954092087,-0.3060629075010556,0.07867974768434388,0.12639030873247142,-0.16947,0.040350000000000004,0.06456,0.0018605292214437187,0.0,-2.5106742963660924e-05,0.00019482167308728705,0.0,4.7642464783310725e-05
1092,10.920431199949235,step,2.1343388591475256,0.31485348997663376,4.577500047162175,9.95790003798902,124371.0,221497.0,0.0,0.0,8.77,5e-05,1e-05,100.0,0.01,-0.011354069021592625,0.0,0.2244117333597549,-0.013482675288107652,0.0,0.22456805907043653,0.0,0.0,0.0,-0.3206607802551579,0.0,1.0775149445884784,0.08993220447038774,0.0,-1.055287349781998,-0.23376855284254844,0.0,0.4468506783424884,0.6354125301787753,-2.2229537217077704,-1.943543176197094,-0.306975092011303,0.0792741422469163,0.12807627885061987,-0.16947,0.04573,0.06994,0.0019390122990965023,0.0,-0.00024407668937463328,0.00018959396741852468,0.0,8.775097869299591e-05
1093,10.930465499870479,step,2.0402124876655003,0.2859689206298789,4.3252999894320965,10.034299921244383,124371.0,221497.0,0.0,0.0,8.77,5e-05,1e-05,100.0,0.01,-0.011470723799763743,0.0,0.22422965368723913,-0.013482675288107652,0.0,0.22456805907043653,0.0,0.0,0.0,-0.31173846842888825,0.0,1.104479744449948,0.09361215926288378,0.0,-1.056157050165279,-0.22825953379233965,0.0,0.45736895599676664,0.6354125301787753,-2.224487702495656,-1.943543176197094,-0.3054564741948522,0.08156931169754075,0.12888469205952108,-0.17216,0.040350000000000004,0.06725,0.0018125813496219555,0.0,-0.0004283755598598872,0.0001993701387219529,0.0,8.997017666248285e-05
1094,10.940414499957114,step,2.284797451748909,0.3670406564187277,4.412999842315912,9.949000086635351,124371.0,221497.0,0.0,0.0,8.77,5e-05,1e-05,100.0,0.01,-0.011218004160473818,0.0,0.22426546350011203,-0.013482675288107652,0.0,0.22456805907043653,0.0,0.0,0.0,-0.3432762503418201,0.0,1.100146467280386,0.09783265669071427,0.0,-1.0568915120653206,-0.24903058603768932,0.0,0.45654479236134593,0.636946510966661,-2.224487702495656,-1.943543176197094,-0.31004587554918495,0.07948273483309942,0.12975677397768282,-0.17216,0.05111,0.06994,0.002078828506103505,0.0,-0.0003617631240302172,0.00018584262153032837,0.0,5.9167553705718535e-05
1095,10.950068999780342,step,2.0402124876655003,0.2761520942437213,3.7387001793831587,9.654499823227525,124371.0,221497.0,0.0,0.0,8.77,5e-05,1e-05,100.0,0.01,-0.011470723799763743,0.0,0.22422965368723913,-0.013482675288107652,0.0,0.22456805907043653,0.0,0.0,0.0,-0.3196400110222839,0.0,1.1060857687632069,0.10146812851975147,0.0,-1.0576602443285066,-0.23343014680371485,0.0,0.4582076034375363,0.6354125301787753,-2.224487702495656,-1.943543176197094,-0.30628854382321435,0.08127616666741219,0.12923069518246594,-0.17485,0.048420000000000005,0.07263,0.0017906710288468663,0.0,-0.00037864317408055435,0.0002212804594970421,0.0,4.023779088315003e-05
1096,10.960367599967867,step,2.3846614080648463,0.3924403078454603,4.352000076323748,10.298600187525153,124371.0,221497.0,0.0,0.0,8.77,5e-05,1e-05,100.0,0.01,-0.011101070212942724,0.0,0.22444736401228388,-0.013482675288107652,0.0,0.22456805907043653,0.0,0.0,0.0,-0.36402253513410404,0.0,1.0752087108973711,0.1058889748626918,0.0,-1.0579397671440052,-0.26222891192407477,0.0,0.44715645515374197,0.636946510966661,-2.2229537217077704,-1.943543176197094,-0.31280802480516323,0.07673097986537938,0.12944090657683996,-0.17216,0.05111,0.07532,0.0021775114322322743,0.0,-0.00013768045281415016,0.00020409364293265397,0.0,1.6985394661496803e-05
1097,10.970467399805784,step,2.0402124876655003,0.26537007846985566,4.233399871736765,10.09979983791709,124371.0,221497.0,0.0,0.0,8.77,5e-05,1e-05,100.0,0.01,-0.011470723799763743,0.0,0.22422965368723913,-0.013482675288107652,0.0,0.22456805907043653,0.0,0.0,0.0,-0.32769726978740327,0.0,1.1071317118063182,0.1094506456457744,0.0,-1.0587033148873903,-0.238688866636539,0.0,0.4588216325710328,0.6354125301787753,-2.224487702495656,-1.943543176197094,-0.30714039921201874,0.08094965466633791,0.12955476384152753,-0.17216,0.04304,0.06994,0.001754319930253842,0.0,-0.00037608951121577156,0.0002576315580900665,0.0,3.768412801836724e-05
1098,10.980073499958962,step,2.284797451748909,0.34798964018253065,3.7104999646544456,9.606100153177977,124371.0,221497.0,0.0,0.0,8.77,5e-05,1e-05,100.0,0.01,-0.011218004160473818,0.0,0.22426546350011203,-0.013482675288107652,0.0,0.22456805907043653,0.0,0.0,0.0,-0.35911474699569534,0.0,1.1026927330431868,0.11357129779150137,0.0,-1.0593511635603399,-0.25937910421117405,0.0,0.4579576532927632,0.636946510966661,-2.224487702495656,-1.943543176197094,-0.3117181501316895,0.07886243875372616,0.13041658077984808,-0.16947,0.048420000000000005,0.06994,0.0020296491801624285,0.0,-0.00031910131732055305,0.0002350219474714049,0.0,1.650574699605436e-05
1099,10.990119599970058,step,2.0402124876655003,0.26212372213389395,3.654200118035078,10.046100011095405,124371.0,221497.0,0.0,0.0,8.77,5e-05,1e-05,100.0,0.01,-0.011470723799763743,0.0,0.22422965368723913,-0.013482675288107652,0.0,0.22456805907043653,0.0,0.0,0.0,-0.3353786598090251,0.0,1.108545421224442,0.11712336264556836,0.0,-1.060050464196116,-0.24371197697986308,0.0,0.4595767759630928,0.6354125301787753,-2.224487702495656,-1.943543176197094,-0.3079501306774169,0.08065779676457102,0.12988395607526182,-0.17216,0.03766,0.06725,0.0017495884787112907,0.0,-0.0003444442558835623,0.00026236300963261767,0.0,6.038872686157969e-06
1100,11.000366499880329,step,2.0402124876655003,0.2678135849319714,4.341299878433347,10.246899910271168,124371.0,221497.0,0.0,0.0,8.77,5e-05,1e-05,100.0,0.01,-0.011470723799763743,0.0,0.22422965368723913,-0.013482675288107652,0.0,0.22456805907043653,0.0,0.0,0.0,-0.33892870343891573,0.0,1.1092451772993932,0.12072076957110314,0.0,-1.0607207944570418,-0.24603454702098196,0.0,0.4599446809282665,0.6354125301787753,-2.224487702495656,-1.943543176197094,-0.3083240918401756,0.0805250743949911,0.1300383504411699,-0.17216,0.04304,0.07263,0.0017719219577158004,0.0,-0.00033017474331996935,0.00024002953062810797,0.0,-8.230639877434968e-06
1101,11.010044099995866,step,2.1343388591475256,0.30157806159433187,3.9966001641005278,9.677600115537643,124371.0,221497.0,0.0,0.0,8.77,5e-05,1e-05,100.0,0.01,-0.011354069021592625,0.0,0.2244117333597549,-0.013482675288107652,0.0,0.22456805907043653,0.0,0.0,0.0,-0.355385642726157,0.0,1.0834485131206004,0.1245941210805747,0.0,-1.0609965682117595,-0.2564479417136133,0.0,0.450095746503749,0.6354125301787753,-2.2229537217077704,-1.943543176197094,-0.31063940379568455,0.07793236838438987,0.12953961732901442,-0.16947,0.04573,0.06725,0.0019078399334998804,0.0,-0.00013583383294152443,0.00022076633301514655,0.0,-2.0491877740112937e-05
1102,11.020365699892864,step,2.1343388591475256,0.30061509887053356,4.273800179362297,10.321599896997213,124371.0,221497.0,0.0,0.0,8.77,5e-05,1e-05,100.0,0.01,-0.011354069021592625,0.0,0.2244117333597549,-0.013482675288107652,0.0,0.22456805907043653,0.0,0.0,0.0,-0.35925992672677726,0.0,1.0837219718837396,0.12845773007804215,0.0,-1.0613179409831877,-0.2589690542764021,0.0,0.45029941799576934,0.6354125301787753,-2.2229537217077704,-1.943543176197094,-0.3110504082803221,0.07776457903208106,0.12968397923176994,-0.17485,0.04573,0.06994,0.0019030412072782558,0.0,-0.0001582938716950486,0.00022556505923677114,0.0,1.9681610134112413e-06
1103,11.030047499807552,step,2.055474436330294,0.2746550484779243,3.6333000753074884,9.681799914687872,124371.0,221497.0,0.0,0.0,8.77,5e-05,1e-05,100.0,0.01,-0.011427324393576646,0.0,0.22459059479225618,-0.013482675288107652,0.0,0.22456805907043653,0.0,0.0,0.0,-0.3550481698263743,0.0,1.058044149992375,0.13216349778113112,0.0,-1.0613117640390475,-0.2563661679702837,0.0,0.43968719494443076,0.6354125301787753,-2.2229537217077704,-1.9420091954092087,-0.3109496363043055,0.0768331982597608,0.1282730068189685,-0.17485,0.040350000000000004,0.06994,0.0018252956363342904,0.0,3.0424867634526405e-06,0.00023005525819671537,0.0,1.949323505619716e-05
1104,11.040359299862757,step,2.3846614080648463,0.38839726220805676,4.585799993947148,10.311800055205822,124371.0,221497.0,0.0,0.0,8.77,5e-05,1e-05,100.0,0.01,-0.011101070212942724,0.0,0.22444736401228388,-0.013482675288107652,0.0,0.22456805907043653,0.0,0.0,0.0,-0.3947182531771789,0.0,1.0788556408694794,0.1365539458012028,0.0,-1.061691012365941,-0.2822378562236191,0.0,0.44938518188197724,0.636946510966661,-2.2229537217077704,-1.943543176197094,-0.31605696145134965,0.07546805049826814,0.13065459573024268,-0.17485,0.03766,0.06994,0.0021625385762602772,0.0,-0.00018680078505433208,0.00021906649890465106,0.0,6.610572690167872e-05
1105,11.050039699999616,step,2.0402124876655003,0.2646311088951976,3.7017001304775476,9.680400136858225,124371.0,221497.0,0.0,0.0,8.77,5e-05,1e-05,100.0,0.01,-0.011470723799763743,0.0,0.22422965368723913,-0.013482675288107652,0.0,0.22456805907043653,0.0,0.0,0.0,-0.3583622432656335,0.0,1.1108829544559358,0.14009069710054778,0.0,-1.0625412744968992,-0.2586975835694326,0.0,0.46106503062772425,0.6354125301787753,-2.224487702495656,-1.943543176197094,-0.31038377404733036,0.07969628833929698,0.13077697939012545,-0.17754,0.03766,0.06994,0.0017420457057016501,0.0,-0.0004188011450595204,0.00026990578264225826,0.0,8.039576186211607e-05
1106,11.060371399857104,step,2.1343388591475256,0.29586435767938873,4.269199911504984,10.331699857488275,124371.0,221497.0,0.0,0.0,8.77,5e-05,1e-05,100.0,0.01,-0.011354069021592625,0.0,0.2244117333597549,-0.013482675288107652,0.0,0.22456805907043653,0.0,0.0,0.0,-0.3747555766281841,0.0,1.0852689902722965,0.1439134899365394,0.0,-1.0629649168189832,-0.26906332522134774,0.0,0.4512987963127352,0.6354125301787753,-2.2229537217077704,-1.943543176197094,-0.31269173244864085,0.07711458563542828,0.13028342498019452,-0.17485,0.04573,0.07263,0.001882936989366367,0.0,-0.0002086672840345148,0.00024566927714865993,0.0,5.234157335287743e-05
1107,11.07047939999029,step,2.194906182726985,0.3148873755847335,4.163899924606085,10.108000133186579,124371.0,221497.0,0.0,0.0,8.77,5e-05,1e-05,100.0,0.01,-0.011291259532457826,0.0,0.22444432493261335,-0.013482675288107652,0.0,0.22456805907043653,0.0,0.0,0.0,-0.38550315603011853,0.0,1.0809528268356856,0.14786371123730754,0.0,-1.0633392434867408,-0.27674793958855404,0.0,0.4496965232583829,0.636946510966661,-2.224487702495656,-1.9420091954092087,-0.31485517103963107,0.07668651194248141,0.13023225894826362,-0.16947,0.048420000000000005,0.06725,0.001945702558969521,0.0,-0.00018437659561119864,0.0002457131966803051,0.0,6.064245778801487e-05
1108,11.080068099778146,step,2.1343388591475256,0.29307265979249164,3.5947998985648155,9.588699787855148,124371.0,221497.0,0.0,0.0,8.77,5e-05,1e-05,100.0,0.01,-0.011354069021592625,0.0,0.2244117333597549,-0.013482675288107652,0.0,0.22456805907043653,0.0,0.0,0.0,-0.38253002501462746,0.0,1.08606423016035,0.15166330888108093,0.0,-1.0638047440077463,-0.274128257804186,0.0,0.45180797699804487,0.6354125301787753,-2.2229537217077704,-1.943543176197094,-0.3135151078193466,0.076789359965225,0.13058510570789733,-0.17485,0.03766,0.06994,0.0018715120737936564,0.0,-0.00022928476304503125,0.0002570941927213706,0.0,7.295905236339388e-05
1109,11.09018489997834,step,2.1343388591475256,0.2938093615762531,3.6222999915480614,10.11680020019412,124371.0,221497.0,0.0,0.0,8.77,5e-05,1e-05,100.0,0.01,-0.011354069021592625,0.0,0.2244117333597549,-0.013482675288107652,0.0,0.22456805907043653,0.0,0.0,0.0,-0.3863291210319677,0.0,1.0865301446947924,0.15546678394683033,0.0,-1.064278078459308,-0.27660514982468,0.0,0.4520883084008401,0.6354125301787753,-2.2229537217077704,-1.943543176197094,-0.31391702949685535,0.0766340323477418,0.13073628760056943,-0.17485,0.03766,0.07263,0.0018734219186571591,0.0,-0.00023314340730047368,0.0002551843478578678,0.0,7.681769661883631e-05
1110,11.1003839999903,step,2.1343388591475256,0.29446810060948647,4.231499973684549,10.199100011959672,124371.0,221497.0,0.0,0.0,8.77,5e-05,1e-05,100.0,0.01,-0.011354069021592625,0.0,0.2244117333597549,-0.013482675288107652,0.0,0.22456805907043653,0.0,0.0,0.0,-0.3901325955098396,0.0,1.0870034791907115,0.1592739360737045,0.0,-1.0647566155146255,-0.2790850602722178,0.0,0.45237176854913186,0.6354125301787753,-2.2229537217077704,-1.943543176197094,-0.31431937587946157,0.07647884610458691,0.13088797860394297,-0.17485,0.03766,0.07532,0.0018752330747152982,0.0,-0.00023570597751375427,0.00025337319179972876,0.0,7.938026683211691e-05
1111,11.110534799983725,step,2.3846614080648463,0.37781478387313105,4.108699969947338,10.150799993425608,124371.0,221497.0,0.0,0.0,8.77,5e-05,1e-05,100.0,0.01,-0.011101070212942724,0.0,0.22444736401228388,-0.013482675288107652,0.0,0.22456805907043653,0.0,0.0,0.0,-0.4218292825783641,0.0,1.0823027653358646,0.16360103106192636,0.0,-1.0651652573584958,-0.2999155925247986,0.0,0.4514458100108549,0.636946510966661,-2.2229537217077704,-1.943543176197094,-0.3189252547407937,0.07436311554929098,0.13173755999738446,-0.17754,0.04573,0.06994,0.002131333702709354,0.0,-0.0002012787185279792,0.00025027137245557446,0.0,8.058366037532583e-05
1112,11.120482199825346,step,2.0402124876655003,0.25823426582141595,6.859499961137772,9.947399841621518,124371.0,221497.0,0.0,0.0,8.77,5e-05,1e-05,100.0,0.01,-0.011470723799763743,0.0,0.22422965368723913,-0.013482675288107652,0.0,0.22456805907043653,0.0,0.0,0.0,-0.3854093337406814,0.0,1.114357199843863,0.16708813619179586,0.0,-1.0660323277733461,-0.27634951179706974,0.0,0.4631112276621948,0.6354125301787753,-2.224487702495656,-1.943543176197094,-0.31324354434608903,0.0785985155786317,0.1318630424720268,-0.17754,0.04304,0.07801000000000001,0.0017175922202797831,0.0,-0.00042708015488979596,0.00029435926806412526,0.0,8.867477169239164e-05
1113,11.130365999881178,step,2.0402124876655003,0.2644839510001481,4.447900224477053,9.88380005583167,124371.0,221497.0,0.0,0.0,8.77,5e-05,1e-05,100.0,0.01,-0.011470723799763743,0.0,0.22422965368723913,-0.013482675288107652,0.0,0.22456805907043653,0.0,0.0,0.0,-0.3888934825247132,0.0,1.1152270382691674,0.17063505664788708,0.0,-1.0668345452177894,-0.2786332376015501,0.0,0.4635469097898131,0.6354125301787753,-2.224487702495656,-1.943543176197094,-0.3136095159321364,0.07847679259423143,0.13202346672882304,-0.17485,0.03766,0.07263,0.0017470545780652988,0.0,-0.0003951364786068588,0.0002648969102786096,0.0,5.67310954094545e-05
1114,11.140382699901238,step,2.284797451748909,0.34749401655263656,4.592200042679906,10.016700020059943,124371.0,221497.0,0.0,0.0,8.77,5e-05,1e-05,100.0,0.01,-0.011218004160473818,0.0,0.22426546350011203,-0.013482675288107652,0.0,0.22456805907043653,0.0,0.0,0.0,-0.4202991574299499,0.0,1.1108239638222417,0.17474824434832498,0.0,-1.0675101099952893,-0.2993152541351231,0.0,0.46272059078457745,0.636946510966661,-2.224487702495656,-1.943543176197094,-0.31818766248218244,0.07638684631386233,0.13288248756237034,-0.17216,0.040350000000000004,0.06994,0.0020259725278448924,0.0,-0.0003327530323618994,0.00023869859978894103,0.0,3.0157462037400692e-05
1115,11.150073299882933,step,2.0402124876655003,0.26244953385447284,6.006300216540694,9.690599981695414,124371.0,221497.0,0.0,0.0,8.77,5e-05,1e-05,100.0,0.01,-0.011470723799763743,0.0,0.22422965368723913,-0.013482675288107652,0.0,0.22456805907043653,0.0,0.0,0.0,-0.39655560693988956,0.0,1.1167043673505064,0.1782989435453053,0.0,-1.0682277532947684,-0.2836453148805123,0.0,0.464327530816323,0.6354125301787753,-2.224487702495656,-1.943543176197094,-0.31441683194614106,0.07818879833707804,0.13235509699193532,-0.17754,0.04573,0.06994,0.0017489158170333943,0.0,-0.00035347903266890076,0.0002630356713105141,0.0,1.5073649471496436e-05
1116,11.160524199949577,step,2.0402124876655003,0.26862393284416297,4.283699905499816,10.450900066643953,124371.0,221497.0,0.0,0.0,8.77,5e-05,1e-05,100.0,0.01,-0.011470723799763743,0.0,0.22422965368723913,-0.013482675288107652,0.0,0.22456805907043653,0.0,0.0,0.0,-0.40010428444389745,0.0,1.11742246619343,0.18190002937974742,0.0,-1.0689084716324004,-0.2859674249197252,0.0,0.46470287908836716,0.6354125301787753,-2.224487702495656,-1.943543176197094,-0.3147905426331452,0.0780569948432541,0.13251033633300424,-0.17754,0.04573,0.07532,0.0017737340239091072,0.0,-0.0003352914458768651,0.00023821746443480115,0.0,-3.1139373205392278e-06
1117,11.170064899837598,step,2.0402124876655003,0.2739268178010852,3.6510999780148268,9.540699888020754,124371.0,221497.0,0.0,0.0,8.77,5e-05,1e-05,100.0,0.01,-0.011470723799763743,0.0,0.22422965368723913,-0.013482675288107652,0.0,0.22456805907043653,0.0,0.0,0.0,-0.40370536523532485,0.0,1.1181031850877539,0.18554303147216117,0.0,-1.0695602972568763,-0.2883227072291595,0.0,0.4650642153779358,0.6354125301787753,-2.224487702495656,-1.943543176197094,-0.31517004664810655,0.07792100771110036,0.13266553646756607,-0.17485,0.04573,0.07263,0.0017943801002142372,0.0,-0.00032106018599467465,0.00021757138812967115,0.0,-1.7345197202729668e-05
1118,11.180455599911511,step,2.0402124876655003,0.27840355531792393,7.55749992094934,10.39070007391274,124371.0,221497.0,0.0,0.0,8.77,5e-05,1e-05,100.0,0.01,-0.011470723799763743,0.0,0.22422965368723913,-0.013482675288107652,0.0,0.22456805907043653,0.0,0.0,0.0,-0.4073483641008049,0.0,1.1187550110346012,0.18922044738256028,0.0,-1.070190209939587,-0.2907045479574796,0.0,0.4654147539882626,0.6354125301787753,-2.224487702495656,-1.943543176197094,-0.31555417905156147,0.07778172101969538,0.13282075420907763,-0.17754,0.03766,0.07532,0.001811330809711202,0.0,-0.00031026684971781316,0.00020062067863270633,0.0,-2.8138533479591158e-05
1119,11.190367999952286,step,2.0402124876655003,0.2821133883442942,4.781899973750114,9.912400040775537,124371.0,221497.0,0.0,0.0,8.77,5e-05,1e-05,100.0,0.01,-0.011470723799763743,0.0,0.22422965368723913,-0.013482675288107652,0.0,0.22456805907043653,0.0,0.0,0.0,-0.41102577736220647,0.0,1.1193849239617653,0.19292566563526198,0.0,-1.0708042352786904,-0.2931082350639066,0.0,0.46575716453878263,0.6354125301787753,-2.224487702495656,-1.943543176197094,-0.31594210097276365,0.07763980970976597,0.13297607425225666,-0.17485,0.040350000000000004,0.07263,0.0018250250016170985,0.0,-0.00030244145393405346,0.00018692648672680992,0.0,-3.596392926335086e-05
1120,11.200096699874848,step,2.1343388591475256,0.3155494644609281,4.108499968424439,9.728699922561646,124371.0,221497.0,0.0,0.0,8.77,5e-05,1e-05,100.0,0.01,-0.011354069021592625,0.0,0.2244117333597549,-0.013482675288107652,0.0,0.22456805907043653,0.0,0.0,0.0,-0.4275905304912345,0.0,1.0935319545704392,0.1968910324915197,0.0,-1.071035187477942,-0.3035525083325473,0.0,0.45592437813324177,0.6354125301787753,-2.2229537217077704,-1.943543176197094,-0.31827137726047217,0.07503741923269365,0.13247271379132908,-0.17754,0.03766,0.06725,0.0019531625830616923,0.0,-0.00011375673686839642,0.00017544368345333468,0.0,-4.2568973813240945e-05
1121,11.210444599855691,step,2.1343388591475256,0.31234489642900853,4.826600197702646,10.347899980843067,124371.0,221497.0,0.0,0.0,8.77,5e-05,1e-05,100.0,0.01,-0.011354069021592625,0.0,0.2244117333597549,-0.013482675288107652,0.0,0.22456805907043653,0.0,0.0,0.0,-0.43155683105494524,0.0,1.0937605916499462,0.20083249420770674,0.0,-1.0713217609611578,-0.30613227755298655,0.0,0.4561119691888462,0.6354125301787753,-2.2229537217077704,-1.943543176197094,-0.3186924304598181,0.07486325610375041,0.1326180077105914,-0.17754,0.03766,0.07532,0.0019413879788897574,0.0,-0.00014115329678302397,0.00018721828762526958,0.0,-1.517241389861339e-05
1122,11.220499399816617,step,2.0402124876655003,0.28116306224605747,4.487199941650033,10.054799960926175,124371.0,221497.0,0.0,0.0,8.77,5e-05,1e-05,100.0,0.01,-0.011470723799763743,0.0,0.22422965368723913,-0.013482675288107652,0.0,0.22456805907043653,0.0,0.0,0.0,-0.42263875813252144,0.0,1.1205141586840304,0.20451487772277094,0.0,-1.0720275971746567,-0.3006788466734569,0.0,0.46648800602174717,0.6354125301787753,-2.224487702495656,-1.943543176197094,-0.31717205182296826,0.07715156771425252,0.13342477485779425,-0.18023,0.04304,0.07532,0.0018137776298695859,0.0,-0.000347663389529873,0.0001981738584743225,0.0,9.258006332468673e-06
1123,11.230298899812624,step,2.1343388591475256,0.31290019124706947,4.552199970930815,9.799499996006489,124371.0,221497.0,0.0,0.0,8.77,5e-05,1e-05,100.0,0.01,-0.011354069021592625,0.0,0.2244117333597549,-0.013482675288107652,0.0,0.22456805907043653,0.0,0.0,0.0,-0.439179744874309,0.0,1.0947553147056015,0.20845803446688174,0.0,-1.07233828102317,-0.3111036040770135,0.0,0.4566988573478058,0.6354125301787753,-2.2229537217077704,-1.943543176197094,-0.3194985543074078,0.07455437657056749,0.13292426770984528,-0.17754,0.04573,0.07263,0.0019422228739292245,0.0,-0.00015302898573436445,0.00018638339258580244,0.0,-3.2967249472729107e-06
1124,11.2402627998963,step,2.055474436330294,0.2843351225209171,3.609699895605445,9.96390008367598,124371.0,221497.0,0.0,0.0,8.77,5e-05,1e-05,100.0,0.01,-0.011427324393576646,0.0,0.22459059479225618,-0.013482675288107652,0.0,0.22456805907043653,0.0,0.0,0.0,-0.4350484675544985,0.0,1.0690644908875981,0.2122285314840931,0.0,-1.0723278709681126,-0.3085075341509508,0.0,0.4461540100635822,0.6354125301787753,-2.2229537217077704,-1.9420091954092087,-0.31940618528416626,0.07362161786485306,0.131512622586341,-0.17754,0.048420000000000005,0.07263,0.0018571784050550534,0.0,5.1275281109693235e-06,0.00019817248947595232,0.0,1.7408193708680478e-05
1125,11.250425799982622,step,1.9449857094534162,0.25450230212943714,4.338999977335334,10.163000086322427,124371.0,221497.0,0.0,0.0,8.77,5e-05,1e-05,100.0,0.01,-0.011544253455452819,0.0,0.22440840253701216,-0.013482675288107652,0.0,0.22456805907043653,0.0,0.0,0.0,-0.4259286065770543,0.0,1.0955351651477052,0.21576596771084136,0.0,-1.0727879362332227,-0.30296368892368797,0.0,0.4563899622498493,0.6354125301787753,-2.224487702495656,-1.9420091954092087,-0.3178729450509562,0.07590148523919345,0.132301852981355,-0.18023,0.04573,0.06725,0.0017423830703452525,0.0,-0.00022660759878030315,0.00019603876230958064,0.0,6.69510653559349e-05
1126,11.260438999859616,step,2.1343388591475256,0.31971473149182705,4.606599919497967,10.013199876993895,124371.0,221497.0,0.0,0.0,8.77,5e-05,1e-05,100.0,0.01,-0.011354069021592625,0.0,0.2244117333597549,-0.013482675288107652,0.0,0.22456805907043653,0.0,0.0,0.0,-0.45043024452682706,0.0,1.095513378818571,0.21973643827940387,0.0,-1.0732581489922692,-0.3184237834636937,0.0,0.4572756104174618,0.6354125301787753,-2.2229537217077704,-1.943543176197094,-0.3206922682475591,0.07406545738502118,0.133341726022896,-0.17754,0.04573,0.06994,0.0019556764437635554,0.0,-0.00023160580101152272,0.0001729298227514716,0.0,7.528009032988536e-05
1127,11.270479599945247,step,2.1343388591475256,0.3151187198041856,4.7161998227238655,10.040600085631013,124371.0,221497.0,0.0,0.0,8.77,5e-05,1e-05,100.0,0.01,-0.011354069021592625,0.0,0.2244117333597549,-0.013482675288107652,0.0,0.22456805907043653,0.0,0.0,0.0,-0.45440223611093794,0.0,1.0959835497717236,0.22367617942590454,0.0,-1.0737422726219126,-0.32101299467313865,0.0,0.4575617915500357,0.6354125301787753,-2.2229537217077704,-1.943543176197094,-0.3211125760622141,0.07390227200290746,0.13349896363223843,-0.17754,0.040350000000000004,0.07801000000000001,0.0019405405031189711,0.0,-0.00023845767447796905,0.00018806576339605585,0.0,8.213196379633169e-05
1128,11.280478999949992,step,2.1343388591475256,0.31114737532800235,4.46259998716414,9.99940000474453,124371.0,221497.0,0.0,0.0,8.77,5e-05,1e-05,100.0,0.01,-0.011354069021592625,0.0,0.2244117333597549,-0.013482675288107652,0.0,0.22456805907043653,0.0,0.0,0.0,-0.45834198049929353,0.0,1.096467673232978,0.22758937927744294,0.0,-1.0742364746942676,-0.3235816078896331,0.0,0.45785289259202017,0.6354125301787753,-2.2229537217077704,-1.943543176197094,-0.32152937212624394,0.07374123860701973,0.13365578921971022,-0.17754,0.03497,0.06994,0.0019274674468027601,0.0,-0.00024342186516037125,0.00020113881971226683,0.0,8.709615447873389e-05
1129,11.29017909988761,step,2.1343388591475256,0.3077304447613814,3.7740999832749367,9.700099937617779,124371.0,221497.0,0.0,0.0,8.77,5e-05,1e-05,100.0,0.01,-0.011354069021592625,0.0,0.2244117333597549,-0.013482675288107652,0.0,0.22456805907043653,0.0,0.0,0.0,-0.462255182394148,0.0,1.0969618751928962,0.23147981948677723,0.0,-1.074737470917471,-0.32613323355392976,0.0,0.4581474701754962,0.6354125301787753,-2.2229537217077704,-1.943543176197094,-0.3219432855522053,0.07358191106526674,0.13381220728192644,-0.18023,0.03228,0.07801000000000001,0.001916257063711265,0.0,-0.00024676836037808373,0.00021234920280376198,0.0,9.044264969644637e-05
1130,11.300210899906233,step,2.0402124876655003,0.2793597280204142,3.836600109934807,10.031800018623471,124371.0,221497.0,0.0,0.0,8.77,5e-05,1e-05,100.0,0.01,-0.011470723799763743,0.0,0.22422965368723913,-0.013482675288107652,0.0,0.22456805907043653,0.0,0.0,0.0,-0.45328608733895814,0.0,1.1239298662479715,0.23511275845553137,0.0,-1.0756148196795539,-0.32066828121910446,0.0,0.4685942537649237,0.6354125301787753,-2.224487702495656,-1.943543176197094,-0.3204154692944369,0.07588337860625052,0.13463008785325375,-0.17754,0.03228,0.07532,0.00178942345501264,0.0,-0.0004321428096095399,0.00022252803333126835,0.0,9.373742641213557e-05
1131,11.310217299964279,step,2.055474436330294,0.2807869545199506,3.8264000322669744,10.006400058045983,124371.0,221497.0,0.0,0.0,8.77,5e-05,1e-05,100.0,0.01,-0.011427324393576646,0.0,0.22459059479225618,-0.013482675288107652,0.0,0.22456805907043653,0.0,0.0,0.0,-0.4617022622273109,0.0,1.0723433418793062,0.23885883883761738,0.0,-1.075693746841849,-0.32586982024128364,0.0,0.4481485885478177,0.6354125301787753,-2.2229537217077704,-1.9420091954092087,-0.3222258077844007,0.07253336184451141,0.13257284694301008,-0.18023,0.03497,0.06994,0.0018451518612673532,0.0,-3.8875994522171006e-05,0.00021019903326365257,0.0,6.141171634182081e-05
1132,11.320104099810123,step,2.284797451748909,0.3624732073758038,4.0849000215530396,9.886799845844507,124371.0,221497.0,0.0,0.0,8.77,5e-05,1e-05,100.0,0.01,-0.011218004160473818,0.0,0.22426546350011203,-0.013482675288107652,0.0,0.22456805907043653,0.0,0.0,0.0,-0.48852327910842475,0.0,1.119678575723803,0.24303694138062898,0.0,-1.0765105206837846,-0.3438413247436095,0.0,0.4679450564039673,0.636946510966661,-2.224487702495656,-1.943543176197094,-0.3254027194797474,0.07361654125679434,0.13562179384705592,-0.18023,0.03497,0.07263,0.0020579466795933544,0.0,-0.00040230630978689433,0.000206724448040479,0.0,9.971073946239565e-05
1133,11.33011469990015,step,2.1343388591475256,0.29775584190545007,4.1865999810397625,10.010600090026855,124371.0,221497.0,0.0,0.0,8.77,5e-05,1e-05,100.0,0.01,-0.011354069021592625,0.0,0.2244117333597549,-0.013482675288107652,0.0,0.22456805907043653,0.0,0.0,0.0,-0.47770383619157825,0.0,1.0992377800964361,0.2468673354785842,0.0,-1.0769751421960099,-0.3362143483411618,0.0,0.45944284056926643,0.6354125301787753,-2.2229537217077704,-1.943543176197094,-0.32357552749635426,0.07296803559957529,0.13444552526810266,-0.18023,0.03497,0.06994,0.0018866810314662557,0.0,-0.00022885180258464517,0.00024192523504877128,0.0,7.25260919030078e-05
1134,11.340527599910274,step,2.1343388591475256,0.2962906505304273,4.520599963143468,10.412900010123849,124371.0,221497.0,0.0,0.0,8.77,5e-05,1e-05,100.0,0.01,-0.011354069021592625,0.0,0.2244117333597549,-0.013482675288107652,0.0,0.22456805907043653,0.0,0.0,0.0,-0.4815331455962652,0.0,1.099700543615883,0.2506874804019613,0.0,-1.0774452754653256,-0.3387107753742324,0.0,0.45972260659175784,0.6354125301787753,-2.2229537217077704,-1.943543176197094,-0.3239806839305789,0.0728111535467851,0.13459757590131483,-0.18023,0.040350000000000004,0.07801000000000001,0.0018816327458929714,0.0,-0.00023156664792090112,0.0002469735206220556,0.0,7.524093723926376e-05
1135,11.350320999976248,step,2.0402124876655003,0.2697529428241877,3.701800014823675,9.793400065973401,124371.0,221497.0,0.0,0.0,8.77,5e-05,1e-05,100.0,0.01,-0.011470723799763743,0.0,0.22422965368723913,-0.013482675288107652,0.0,0.22456805907043653,0.0,0.0,0.0,-0.4724937536652914,0.0,1.1266376711403565,0.2542613089264377,0.0,-1.0782910868029467,-0.33320951841409857,0.0,0.4701454028835914,0.6354125301787753,-2.224487702495656,-1.943543176197094,-0.3224449763620834,0.07511500387483716,0.13541305114407703,-0.18292,0.03766,0.06994,0.0017603082905861048,0.0,-0.000416608883075694,0.0002516431977578036,0.0,7.820349987828969e-05
1136,11.360157999908552,step,2.0402124876655003,0.27273575809740513,3.8997000083327293,9.836999932304025,124371.0,221497.0,0.0,0.0,8.77,5e-05,1e-05,100.0,0.01,-0.011470723799763743,0.0,0.22422965368723913,-0.013482675288107652,0.0,0.22456805907043653,0.0,0.0,0.0,-0.4760666474173237,0.0,1.1274857976800183,0.2578696358458207,0.0,-1.0790764305160598,-0.3355503907706319,0.0,0.47057430513489473,0.6354125301787753,-2.224487702495656,-1.943543176197094,-0.32282052080846574,0.07498813511518777,0.13557542998056415,-0.18023,0.03766,0.07263,0.0017773006588964705,0.0,-0.00038682523229214866,0.0002346508294474379,0.0,4.841984909474434e-05
1137,11.370239399839193,step,2.1343388591475256,0.3029841573797361,3.5649999044835567,10.081399930641055,124371.0,221497.0,0.0,0.0,8.77,5e-05,1e-05,100.0,0.01,-0.011354069021592625,0.0,0.2244117333597549,-0.013482675288107652,0.0,0.22456805907043653,0.0,0.0,0.0,-0.49253450815988165,0.0,1.1018041478963327,0.2617448327886305,0.0,-1.0794398263380285,-0.3459012746250343,0.0,0.4608419029053234,0.6354125301787753,-2.2229537217077704,-1.943543176197094,-0.32514034150236487,0.07239647482728667,0.13507207013367378,-0.18023,0.03766,0.06725,0.0019087489115280124,0.0,-0.00017899254924927266,0.00021985735498701456,0.0,2.2666838567635296e-05
1138,11.380276099778712,step,1.9449857094534162,0.24385247633373683,3.685399889945984,10.036699939519167,124371.0,221497.0,0.0,0.0,8.77,5e-05,1e-05,100.0,0.01,-0.011544253455452819,0.0,0.22440840253701216,-0.013482675288107652,0.0,0.22456805907043653,0.0,0.0,0.0,-0.47544549819704796,0.0,1.1026493954820267,0.2652145374699707,0.0,-1.0798319656512483,-0.3352702193385628,0.0,0.4604869626226245,0.6354125301787753,-2.224487702495656,-1.9420091954092087,-0.3231041025588298,0.0739286782468679,0.13432510089413302,-0.18292,0.04573,0.07263,0.001709021536600868,0.0,-0.0001931503090867466,0.00022940029605396524,0.0,3.349377566237835e-05
1139,11.390360199846327,step,1.9449857094534162,0.25142153698031194,4.562699934467673,10.084100067615509,124371.0,221497.0,0.0,0.0,8.77,5e-05,1e-05,100.0,0.01,-0.011544253455452819,0.0,0.22440840253701216,-0.013482675288107652,0.0,0.22456805907043653,0.0,0.0,0.0,-0.4789136797413771,0.0,1.1030415761674592,0.2687364488552005,0.0,-1.0802408874574712,-0.33753040876602536,0.0,0.46073071661410087,0.6354125301787753,-2.224487702495656,-1.9420091954092087,-0.3234710877810464,0.07378556433061097,0.13446165119154505,-0.17754,0.04304,0.07532,0.0017347362268977063,0.0,-0.00020141661547710586,0.00020368560575712686,0.0,4.1760082052737604e-05
1140,11.400352299911901,step,2.284797451748909,0.36818841447066425,4.426199942827225,9.99210006557405,124371.0,221497.0,0.0,0.0,8.77,5e-05,1e-05,100.0,0.01,-0.011218004160473818,0.0,0.22426546350011203,-0.013482675288107652,0.0,0.22456805907043653,0.0,0.0,0.0,-0.5183999500675913,0.0,1.124228032762642,0.2729671243901859,0.0,-1.0809555938595758,-0.3633560652675076,0.0,0.470506796069868,0.636946510966661,-2.224487702495656,-1.943543176197094,-0.32855859626520967,0.07243464825452434,0.13685407057591137,-0.18292,0.03766,0.07532,0.002083841787038661,0.0,-0.00035203244821154476,0.00018082934059517226,0.0,4.943687788704608e-05
1141,11.410525699844584,step,2.3846614080648463,0.3872169294318377,4.416000097990036,10.173399932682514,124371.0,221497.0,0.0,0.0,8.77,5e-05,1e-05,100.0,0.01,-0.011101070212942724,0.0,0.22444736401228388,-0.013482675288107652,0.0,0.22456805907043653,0.0,0.0,0.0,-0.5355235498399791,0.0,1.0985036042952194,0.27735665993830694,0.0,-1.0812602644084865,-0.3740920658605739,0.0,0.4607987158631622,0.636946510966661,-2.2229537217077704,-1.943543176197094,-0.3309444063542431,0.06981049285532068,0.13636411565689616,-0.18561,0.03766,0.07801000000000001,0.0021620891333369247,0.0,-0.00015006710296024958,0.0002195159418280036,0.0,2.937204480759622e-05
1142,11.420165999792516,step,1.9449857094534162,0.23156702393865886,3.8017998449504375,9.640299947932363,124371.0,221497.0,0.0,0.0,8.77,5e-05,1e-05,100.0,0.01,-0.011544253455452819,0.0,0.22440840253701216,-0.013482675288107652,0.0,0.22456805907043653,0.0,0.0,0.0,-0.4910593553582126,0.0,1.1044693801870893,0.28073390511651525,0.0,-1.0816756752932764,-0.3454469779194439,0.0,0.4616064902762364,0.6354125301787753,-2.224487702495656,-1.9420091954092087,-0.32475597711684495,0.07328690562487704,0.13494249817440218,-0.18561,0.03497,0.06994,0.0016634801154632984,0.0,-0.0002046128457162986,0.0002749417171915348,0.0,4.495631229193035e-05
1143,11.430126899853349,step,2.0402124876655003,0.2709222063351766,3.7805999163538218,9.9609000608325,124371.0,221497.0,0.0,0.0,8.77,5e-05,1e-05,100.0,0.01,-0.011470723799763743,0.0,0.22422965368723913,-0.013482675288107652,0.0,0.22456805907043653,0.0,0.0,0.0,-0.5025386587507479,0.0,1.130868113863887,0.28432803037801646,0.0,-1.0824683756915339,-0.3528265802664682,0.0,0.47256963600876073,0.6354125301787753,-2.224487702495656,-1.943543176197094,-0.3256195896616571,0.07391286132824347,0.1366375235023724,-0.18023,0.03766,0.07801000000000001,0.0017703055566026312,0.0,-0.00039044880677598873,0.0002416459317412772,0.0,5.2043423578584415e-05
1144,11.440407499903813,step,2.055474436330294,0.27568204147640296,4.360000137239695,10.280600050464272,124371.0,221497.0,0.0,0.0,8.77,5e-05,1e-05,100.0,0.01,-0.011427324393576646,0.0,0.22459059479225618,-0.013482675288107652,0.0,0.22456805907043653,0.0,0.0,0.0,-0.5109175362611571,0.0,1.079196898849063,0.28804072399265107,0.0,-1.0824712388491888,-0.3579484255954611,0.0,0.45215702461122403,0.6354125301787753,-2.2229537217077704,-1.9420091954092087,-0.32742777689009145,0.07056107066460593,0.13456942259902552,-0.18023,0.03497,0.07532,0.0018287070309857421,0.0,-1.4102635655061663e-06,0.00022664386354526362,0.0,2.3945985385155967e-05
1145,11.450473199831322,step,2.1343388591475256,0.3038655987271285,4.2999000288546085,10.065699927508831,124371.0,221497.0,0.0,0.0,8.77,5e-05,1e-05,100.0,0.01,-0.011354069021592625,0.0,0.2244117333597549,-0.013482675288107652,0.0,0.22456805907043653,0.0,0.0,0.0,-0.5227059430924851,0.0,1.1051943671672717,0.2919125621498302,0.0,-1.0829208489257756,-0.36556473191632377,0.0,0.46294187833132733,0.6354125301787753,-2.2229537217077704,-1.943543176197094,-0.32833403335702854,0.07114847549717986,0.13625763757429163,-0.18023,0.03766,0.06994,0.0019070945237610719,0.0,-0.00022145783994005473,0.0002215117427539551,0.0,6.513212925841736e-05
1146,11.460466399788857,step,1.9449857094534162,0.24446386632875877,4.270599922165275,9.99319995753467,124371.0,221497.0,0.0,0.0,8.77,5e-05,1e-05,100.0,0.01,-0.011544253455452819,0.0,0.22440840253701216,-0.013482675288107652,0.0,0.22456805907043653,0.0,0.0,0.0,-0.5056132280168188,0.0,1.1061304156484142,0.29537825525280326,0.0,-1.083381462247818,-0.35493200459677265,0.0,0.4626356043568363,0.6354125301787753,-2.224487702495656,-1.9420091954092087,-0.32629590799172253,0.0726870540795127,0.13551626102211534,-0.18292,0.03497,0.07532,0.001707045612291774,0.0,-0.00022687754714371337,0.00023137622036305911,0.0,6.722101371934512e-05
1147,11.470388099784032,step,2.284797451748909,0.361397814466061,4.466000013053417,9.921699995175004,124371.0,221497.0,0.0,0.0,8.77,5e-05,1e-05,100.0,0.01,-0.011218004160473818,0.0,0.22426546350011203,-0.013482675288107652,0.0,0.22456805907043653,0.0,0.0,0.0,-0.5450417616691239,0.0,1.127368606962579,0.2995616781591449,0.0,-1.08413569265691,-0.3807361763461861,0.0,0.4724176865314125,0.636946510966661,-2.224487702495656,-1.943543176197094,-0.3313778712602435,0.07133806572783376,0.1379083521733212,-0.18292,0.03228,0.07801000000000001,0.002060567252912623,0.0,-0.0003715002085420697,0.00020410387472121058,0.0,6.890463821757103e-05
1148,11.480346199823543,step,2.0402124876655003,0.27070616112062873,4.424300044775009,9.958100039511919,124371.0,221497.0,0.0,0.0,8.77,5e-05,1e-05,100.0,0.01,-0.011470723799763743,0.0,0.22422965368723913,-0.013482675288107652,0.0,0.22456805907043653,0.0,0.0,0.0,-0.5213690350052985,0.0,1.1333299484114543,0.3031573201335112,0.0,-1.0849145808698177,-0.36511698100406514,0.0,0.47401175290365516,0.6354125301787753,-2.224487702495656,-1.943543176197094,-0.3276103355917509,0.0731505909315928,0.13739573971937646,-0.18292,0.03766,0.07532,0.0017710526216094039,0.0,-0.0003836455412539416,0.0002408988667345045,0.0,4.524015805653731e-05
1149,11.490443699993193,step,1.9449857094534162,0.24405608306695245,4.290999844670296,10.09750016964972,124371.0,221497.0,0.0,0.0,8.77,5e-05,1e-05,100.0,0.01,-0.011544253455452819,0.0,0.22440840253701216,-0.013482675288107652,0.0,0.22456805907043653,0.0,0.0,0.0,-0.516857054493045,0.0,1.108126464626823,0.3066318364226495,0.0,-1.0852758850489526,-0.3622770917788291,0.0,0.4637208868324194,0.6354125301787753,-2.224487702495656,-1.9420091954092087,-0.3274816224199193,0.07225680082253508,0.1359941866859269,-0.18292,0.04304,0.07532,0.0017113915196708398,0.0,-0.0001779622994216005,0.00022703031298399335,0.0,1.830576599723226e-05
1150,11.500414099777117,step,2.194906186926508,0.3284294510255401,4.242599941790104,9.970399783924222,124371.0,221497.0,0.0,0.0,8.77,5e-05,1e-05,100.0,0.01,-0.011291259532457826,0.0,0.22444432493261335,-0.013482675292313864,0.0,0.22456805907043653,0.0,0.0,0.0,-0.5482204273133828,0.0,1.1032638381905615,0.31067255248938347,0.0,-1.0855826198192593,-0.3829759792922521,0.0,0.4627908251167894,0.636946510966661,-2.224487702495656,-1.9420091954092087,-0.33207190055526603,0.07013396488897766,0.13682295491425484,-0.18292,0.04304,0.07263,0.0019902762383425822,0.0,-0.0001510838462124982,0.0002011395215134556,0.0,2.7349708389314437e-05
1151,11.510525999823585,step,2.040279925863189,0.2750097148881461,4.106199834495783,10.111900046467781,124371.0,221497.0,0.0,0.0,8.77,5e-05,1e-05,100.0,0.01,-0.011470723799763743,0.0,0.22422965368723913,-0.013482743673548125,0.0,0.22456805907043653,0.0,0.0,0.0,-0.5327752463577465,0.0,1.134774602168089,0.31429914040910106,0.0,-1.0863561479732173,-0.3749410123750839,0.0,0.474951712803018,0.6354125301787753,-2.224487702495656,-1.943543176197094,-0.3292065833383266,0.0725160221246876,0.13797701692862857,-0.18292,0.03228,0.07532,0.0017862952119544247,0.0,-0.000381005415645565,0.00022572466182995722,0.0,4.26000324481607e-05
1152,11.520400099921972,step,2.040698552944069,0.2769715923935902,4.323000088334084,9.874100098386407,124371.0,221497.0,0.0,0.0,8.77,5e-05,1e-05,100.0,0.01,-0.011470723799763743,0.0,0.22422965368723913,-0.013483168179271171,0.0,0.22456805907043653,0.0,0.0,0.0,-0.5372277106926934,0.0,1.135550859524896,0.3179496190202429,0.0,-1.0870790487473736,-0.3799928119246933,0.0,0.47544864041586055,0.6354125301787753,-2.224487702495656,-1.943543176197094,-0.330027101277982,0.0721913204840359,0.13827750752408524,-0.18292,0.03228,0.07532,0.0017980626993685193,0.0,-0.00035606862984693635,0.00021438168013890833,0.0,1.7663246649532026e-05
1153,11.530495699960738,step,2.0571041329724133,0.28286783684335465,4.1998999658972025,10.095600038766861,124371.0,221497.0,0.0,0.0,8.77,5e-05,1e-05,100.0,0.01,-0.011427324393576646,0.0,0.22459059479225618,-0.013484305082628989,0.0,0.22456805907043653,0.0,0.0,0.0,-0.5470749450652174,0.0,1.083807573406418,0.32170997322006945,0.0,-1.0870231190234836,-0.388112516063806,0.0,0.4551810942045371,0.6354125301787753,-2.2229537217077704,-1.9420091954092087,-0.3323367386672058,0.06861803297287132,0.13635992898574145,-0.18561,0.03497,0.07801000000000001,0.0018521825062843044,0.0,2.7548483644228034e-05,0.0002047981827680385,0.0,-5.012761824578233e-06
1154,11.540387899847701,step,2.198648258339477,0.32909398386449573,4.330900032073259,9.892199886962771,124371.0,221497.0,0.0,0.0,8.77,5e-05,1e-05,100.0,0.01,-0.011291259532457826,0.0,0.22444432493261335,-0.013486423313827309,0.0,0.22456805907043653,0.0,0.0,0.0,-0.5677894430007598,0.0,1.1050087559923787,0.3257526410121521,0.0,-1.087357089555241,-0.40420015601652504,0.0,0.4643048185290991,0.636946510966661,-2.224487702495656,-1.9420091954092087,-0.3355374452439748,0.0686939296389754,0.1380112051678356,-0.18292,0.03497,0.06994,0.0019912375710670694,0.0,-0.00016449896569951158,0.0002039262103024136,0.0,4.076482787632781e-05
1155,11.550048099830747,step,2.0625359834761823,0.27741771580666297,3.6819998640567064,9.660199983045459,124371.0,221497.0,0.0,0.0,8.77,5e-05,1e-05,100.0,0.01,-0.011427324393576646,0.0,0.22459059479225618,-0.01348973725825145,0.0,0.22456805907043653,0.0,0.0,0.0,-0.5593003991926594,0.0,1.0840828825380258,0.32947654030203527,0.0,-1.0874159102075747,-0.3998469484918661,0.0,0.45574058287503194,0.6354125301787753,-2.2229537217077704,-1.9420091954092087,-0.3342608757736218,0.06778891478753418,0.13698451478520476,-0.18561,0.04304,0.07532,0.0018342264460630368,0.0,-2.8972425859733138e-05,0.0002281864186117668,0.0,5.150814767938294e-05
1156,11.560563599923626,step,2.0678534101063017,0.28052734889527886,4.616899881511927,10.515500092878938,124371.0,221497.0,0.0,0.0,8.77,5e-05,1e-05,100.0,0.01,-0.011427324393576646,0.0,0.22459059479225618,-0.013495055001496916,0.0,0.22456805907043653,0.0,0.0,0.0,-0.5663476627157922,0.0,1.0841398436152465,0.33321954644651947,0.0,-1.087543473709869,-0.40632517575140614,0.0,0.4560108473405541,0.6354125301787753,-2.2229537217077704,-1.9420091954092087,-0.3353240385917369,0.0673265998000313,0.13732482622079423,-0.1883,0.02959,0.07532,0.0018436376291488742,0.0,-6.283208305236511e-05,0.0002240929787713957,0.0,8.536780487201491e-05
1157,11.570394499925897,step,1.9641650760770937,0.25469879262371575,4.322199849411845,9.830900002270937,124371.0,221497.0,0.0,0.0,8.77,5e-05,1e-05,100.0,0.01,-0.011544253455452819,0.0,0.22440840253701216,-0.013501918962483029,0.0,0.22456805907043653,0.0,0.0,0.0,-0.5609232871216306,0.0,1.11075076562671,0.33674479763580684,0.0,-1.0880980399219786,-0.40496503388225125,0.0,0.46638158766434085,0.6354125301787753,-2.224487702495656,-1.9420091954092087,-0.33445857854618416,0.06932293276501149,0.13834670883794828,-0.18561,0.03228,0.07801000000000001,0.0017363812651896393,0.0,-0.00027315454397707054,0.00022128424184057098,0.0,0.00011349801055270228
1158,11.580346299801022,step,2.3376705313453936,0.37796874401773506,4.370100097730756,9.951799875125289,124371.0,221497.0,0.0,0.0,8.77,5e-05,1e-05,100.0,0.01,-0.011174051128844717,0.0,0.22462633760663525,-0.013510995100218269,0.0,0.22456805907043653,0.0,0.0,0.0,-0.6096400818582849,0.0,1.0796287334018313,0.34109112300959593,0.0,-1.0881868821756875,-0.4379692679187148,0.0,0.4556884523598942,0.636946510966661,-2.2229537217077704,-1.9420091954092087,-0.3417109208368359,0.06442757658137903,0.1387318000548431,-0.1883,0.03766,0.07801000000000001,0.0021408057316310734,0.0,-4.3759725651967374e-05,0.0001961382397424787,0.0,0.00010203826185068663
1159,11.590068599907681,step,1.9843477386331212,0.2550741347945431,4.646199988201261,9.722300106659532,124371.0,221497.0,0.0,0.0,8.77,5e-05,1e-05,100.0,0.01,-0.011544253455452819,0.0,0.22440840253701216,-0.013522167947829396,0.0,0.22456805907043653,0.0,0.0,0.0,-0.5780673877387266,0.0,1.1113937199567965,0.344613244552046,0.0,-1.088777108047652,-0.4192673331960453,0.0,0.4671770377694194,0.6354125301787753,-2.224487702495656,-1.9420091954092087,-0.3367984196001314,0.06832855306488417,0.13912371513774305,-0.1883,0.03766,0.06994,0.0017348397409568481,0.0,-0.00029071889952799336,0.00024307475141972963,0.0,0.0001310623661036251
1160,11.600336499977857,step,2.1094853787388925,0.2963409572770147,4.367899848148227,10.267900070175529,124371.0,221497.0,0.0,0.0,8.77,5e-05,1e-05,100.0,0.01,-0.011427324393576646,0.0,0.22459059479225618,-0.013536689393844555,0.0,0.22456805907043653,0.0,0.0,0.0,-0.6002962379156267,0.0,1.0855033556186566,0.34845804461174235,0.0,-1.0889630122294494,-0.4347494198916657,0.0,0.4576491511724536,0.6354125301787753,-2.2229537217077704,-1.9420091954092087,-0.3399782328877864,0.06535183434793962,0.1388707713662354,-0.1883,0.04304,0.07532,0.001893776764715107,0.0,-9.15680957357073e-05,0.00021558823555280215,0.0,0.0001141038175553571
1161,11.61005529994145,step,2.1098222450778508,0.3061957016219345,3.7060000468045473,9.718799963593483,124371.0,221497.0,0.0,0.0,8.77,5e-05,1e-05,100.0,0.01,-0.011470723799763743,0.0,0.22422965368723913,-0.013553229910786797,0.0,0.22456805907043653,0.0,0.0,0.0,-0.6054957885427947,0.0,1.1381531326900864,0.3522518182247648,0.0,-1.0899206483055406,-0.43998105436257895,0.0,0.4786590196707669,0.6354125301787753,-2.224487702495656,-1.943543176197094,-0.33983359375655176,0.06801610244891669,0.14153231275111383,-0.19099000000000002,0.04304,0.07532,0.0018686434164013799,0.0,-0.00047168875410847516,0.00021386269462167332,0.0,0.00013328337091107084
1162,11.620350199984387,step,2.1467352311312933,0.31119935578633384,4.452999914065003,10.294900042936206,124371.0,221497.0,0.0,0.0,8.77,5e-05,1e-05,100.0,0.01,-0.011427324393576646,0.0,0.22459059479225618,-0.01357394133514363,0.0,0.22456805907043653,0.0,0.0,0.0,-0.6212486163415691,0.0,1.0866491688864064,0.35619457366060026,0.0,-1.090041674594036,-0.4510899406084988,0.0,0.45873805063930606,0.6354125301787753,-2.2229537217077704,-1.9420091954092087,-0.3426503891709465,0.06423404104661275,0.13977665772851217,-0.19099000000000002,0.03228,0.08070000000000001,0.0019420252073989494,0.0,-5.961214354810042e-05,0.00020459173416803524,0.0,8.214786536775022e-05
1163,11.630182299995795,step,2.0589330738646057,0.28696265669983045,3.6508000921458006,9.832100011408329,124371.0,221497.0,0.0,0.0,8.77,5e-05,1e-05,100.0,0.01,-0.011544253455452819,0.0,0.22440840253701216,-0.013596987046055473,0.0,0.22456805907043653,0.0,0.0,0.0,-0.6198060103184561,0.0,1.1132489680431756,0.35994455719390633,0.0,-1.0905762364098486,-0.45187989223233954,0.0,0.46914895024959896,0.6354125301787753,-2.224487702495656,-1.9420091954092087,-0.34213007740710755,0.06607992388716652,0.1409138984817015,-0.19099000000000002,0.02959,0.08070000000000001,0.0018470743792071691,0.0,-0.0002633012719443127,0.0002056592113954855,0.0,0.00010364473851994443
1164,11.640371999936178,step,2.197226816913739,0.33392151750157084,5.829100031405687,10.189699940383434,124371.0,221497.0,0.0,0.0,8.77,5e-05,1e-05,100.0,0.01,-0.011427324393576646,0.0,0.22459059479225618,-0.013624435639327973,0.0,0.22456805907043653,0.0,0.0,0.0,-0.6448970542372598,0.0,1.087302484746669,0.3640285374287921,0.0,-1.0907073139294354,-0.46885712781247646,0.0,0.459681258954609,0.6354125301787753,-2.2229537217077704,-1.9420091954092087,-0.34556148782690277,0.06299007352396443,0.14073355420662803,-0.1883,0.040350000000000004,0.07532,0.002011586234992206,0.0,-6.456293100185738e-05,0.0001855250107591212,0.0,8.709865282150718e-05
1165,11.6503711999394,step,2.227870210733409,0.3427698438044539,5.907099926844239,9.999200003221631,124371.0,221497.0,0.0,0.0,8.77,5e-05,1e-05,100.0,0.01,-0.011427324393576646,0.0,0.22459059479225618,-0.013655080622861034,0.0,0.22456805907043653,0.0,0.0,0.0,-0.6579469661302938,0.0,1.087431246676328,0.36816507173372726,0.0,-1.0908733745638959,-0.4784159863220273,0.0,0.46009821219451774,0.6354125301787753,-2.2229537217077704,-1.9420091954092087,-0.347129797364888,0.06231006784382274,0.1412378151066012,-0.19099000000000002,0.03228,0.07263,0.002037472022342772,0.0,-8.179405071586442e-05,0.00019028420694161552,0.0,0.00010432977253551422
1166,11.660455100005493,step,2.3410353727540323,0.38418938791031093,4.19760006479919,10.08390006609261,124371.0,221497.0,0.0,0.0,8.77,5e-05,1e-05,100.0,0.01,-0.011354069021592625,0.0,0.2244117333597549,-0.013689879135592796,0.0,0.22456805907043653,0.0,0.0,0.0,-0.6798743383212156,0.0,1.113596499601866,0.3725122740214606,0.0,-1.0914313187054028,-0.4937681289766234,0.0,0.47106030623546036,0.6354125301787753,-2.2229537217077704,-1.943543176197094,-0.3492866794630339,0.06235047356914453,0.1433377722036794,-0.19368000000000002,0.02959,0.08070000000000001,0.002141237660268843,0.0,-0.0002748183611082038,0.00019457245373132818,0.0,0.00011849265042656644
1167,11.670471399789676,step,2.1900483672972286,0.3257832283037869,4.1837000753730536,10.016299784183502,124371.0,221497.0,0.0,0.0,8.77,5e-05,1e-05,100.0,0.01,-0.011544253455452819,0.0,0.22440840253701216,-0.013728474516251421,0.0,0.22456805907043653,0.0,0.0,0.0,-0.6735785434023871,0.0,1.114640884219025,0.37651430902190547,0.0,-1.0919536952653703,-0.49107932064142484,0.0,0.47117867257474816,0.6354125301787753,-2.224487702495656,-1.9420091954092087,-0.3485466042306141,0.06333667432317533,0.14302596577400067,-0.19368000000000002,0.02959,0.07801000000000001,0.001971223672946391,0.0,-0.0002572993592224201,0.0002129973878522112,0.0,9.764282579805185e-05
1168,11.680096099851653,step,2.2309488678770864,0.3443607272385494,3.8156998343765736,9.62470006197691,124371.0,221497.0,0.0,0.0,8.77,5e-05,1e-05,100.0,0.01,-0.011544253455452819,0.0,0.22440840253701216,-0.01376948212739127,0.0,0.22456805907043653,0.0,0.0,0.0,-0.6881270169576914,0.0,1.1151633043282196,0.3806353851778851,0.0,-1.092438223570574,-0.5013789572465371,0.0,0.4717756403314812,0.6354125301787753,-2.224487702495656,-1.9420091954092087,-0.3502310456899848,0.06262345096880068,0.1435883310077245,-0.19368000000000002,0.02959,0.08070000000000001,0.0020298580286726396,0.0,-0.0002386569995824721,0.0001953706432658124,0.0,7.900046615810384e-05
1169,11.69013709994033,step,2.389273529593499,0.4021516956409854,3.831899957731366,10.04100008867681,124371.0,221497.0,0.0,0.0,8.77,5e-05,1e-05,100.0,0.01,-0.011427324393576646,0.0,0.22459059479225618,-0.013816491641899426,0.0,0.22456805907043653,0.0,0.0,0.0,-0.7167987943454893,0.0,1.0891644732020693,0.38511882942074105,0.0,-1.092517674833944,-0.5202518614993614,0.0,0.462398342571579,0.6354125301787753,-2.2229537217077704,-1.9420091954092087,-0.3539826209806973,0.05939033425072889,0.1435002270866258,-0.19637000000000002,0.03497,0.08070000000000001,0.0022083443615236744,0.0,-3.913414330035698e-05,0.0001808228867991057,0.0,6.166986512000678e-05
1170,11.700396299827844,step,2.4418912154373804,0.4179753094064603,4.537699976935983,10.259199887514114,124371.0,221497.0,0.0,0.0,8.77,5e-05,1e-05,100.0,0.01,-0.011427324393576646,0.0,0.22459059479225618,-0.013869111617982637,0.0,0.22456805907043653,0.0,0.0,0.0,-0.7338879652557957,0.0,1.0892416081570735,0.3896889304903336,0.0,-1.0926314363565781,-0.5320919718591223,0.0,0.4628813397065273,0.6354125301787753,-2.2229537217077704,-1.9420091954092087,-0.3559259965117326,0.05854407055143314,0.144120928415371,-0.19906000000000001,0.03228,0.08070000000000001,0.002251027643470637,0.0,-5.6033844397102746e-05,0.00019075958093535406,0.0,7.856956621675255e-05
1171,11.71052429988049,step,2.478217543262452,0.43431282954636635,4.269599914550781,10.128000052645802,124371.0,221497.0,0.0,0.0,8.77,5e-05,1e-05,100.0,0.01,-0.011470723799763743,0.0,0.22422965368723913,-0.013925727667043142,0.0,0.22456805907043653,0.0,0.0,0.0,-0.7467988556849158,0.0,1.141821556885679,0.3942654577000233,0.0,-1.0935095252907348,-0.5418327041136747,0.0,0.483804829920843,0.6354125301787753,-2.224487702495656,-1.943543176197094,-0.3564908048585562,0.06089094953559261,0.14702299186310902,-0.19906000000000001,0.03228,0.08339,0.0022541928730310237,0.0,-0.00043250738531008906,0.00020081099424837465,0.0,9.410200211268474e-05
1172,11.720372199779376,step,2.5372734713925174,0.45250218673053666,4.405200015753508,9.84789989888668,124371.0,221497.0,0.0,0.0,8.77,5e-05,1e-05,100.0,0.01,-0.011470723799763743,0.0,0.22422965368723913,-0.01398532883142483,0.0,0.22456805907043653,0.0,0.0,0.0,-0.7647822641536743,0.0,1.1427042350843013,0.3989585685437672,0.0,-1.0942840057261625,-0.5541320706516524,0.0,0.484605042312001,0.6354125301787753,-2.224487702495656,-1.943543176197094,-0.3584980936851697,0.0600517682518236,0.14770686361138208,-0.19637000000000002,0.03497,0.08339,0.0023116167634518315,0.0,-0.000381474466959769,0.00020298826820925502,0.0,4.306908376236468e-05
1173,11.730529699940234,step,2.5124242318731933,0.4384923623004504,4.340699873864651,10.157500160858035,124371.0,221497.0,0.0,0.0,8.77,5e-05,1e-05,100.0,0.01,-0.011544253455452819,0.0,0.22440840253701216,-0.01405159972436713,0.0,0.22456805907043653,0.0,0.0,0.0,-0.7758600982928805,0.0,1.1174958896769973,0.4036297244258315,0.0,-1.0946079205922596,-0.5617648103598472,0.0,0.4749789097835612,0.6354125301787753,-2.224487702495656,-1.9420091954092087,-0.3601137616765129,0.0584066293043911,0.1468508442077135,-0.19906000000000001,0.03228,0.08070000000000001,0.0023008027300421663,0.0,-0.00015954599397533051,0.00020654353887214526,0.0,-1.1053944903773733e-07
1174,11.740431499900296,step,2.6937423484373997,0.5136418718162109,4.198400070890784,9.901799960061908,124371.0,221497.0,0.0,0.0,8.77,5e-05,1e-05,100.0,0.01,-0.011427324393576646,0.0,0.22459059479225618,-0.014120972473970057,0.0,0.22456805907043653,0.0,0.0,0.0,-0.8081871915652541,0.0,1.0913341727386534,0.40869715981400795,0.0,-1.0945514212341427,-0.5826073795436539,0.0,0.4656585687729214,0.6354125301787753,-2.2229537217077704,-1.9420091954092087,-0.36420055216583214,0.05501857879220914,0.14685270279313703,-0.20175,0.03228,0.07801000000000001,0.002495992313207969,0.0,2.78290600191637e-05,0.00019765576718544162,0.0,-5.293338199513897e-06
1175,11.750377799849957,step,2.1579752266308914,0.31225490296385955,4.270799923688173,9.946299949660897,124371.0,221497.0,0.0,0.0,8.77,5e-05,1e-05,100.0,0.01,-0.012050074500546015,0.0,0.22433539369504973,-0.014195470478413217,0.0,0.22456805907043653,0.0,0.0,0.0,-0.7600702218428325,0.0,1.1283712385901865,0.41261386298466446,0.0,-1.0950731313271662,-0.551943988076237,0.0,0.4782910630540625,0.632344568603004,-2.224487702495656,-1.9420091954092087,-0.35608371235624653,0.060485416730293756,0.14693056454890635,-0.20175,0.0269,0.08608,0.0019291930253093647,0.0,-0.0002569710873764113,0.00021620295255783705,0.0,2.4305711989613336e-05
1176,11.760503999888897,step,1.9917870809854836,0.28711902951075324,6.914300145581365,10.126200038939714,124371.0,221497.0,0.0,0.0,8.77,5e-05,1e-05,100.0,0.01,-0.012302900432398456,0.0,0.22429830742048532,-0.014276336477303198,0.0,0.22456805907043653,-0.003951999193046085,0.0,-0.0005828035763053281,-0.6938155981159848,0.0,1.144224299335413,0.41636154879891635,0.0,-1.0956306279757597,-0.5092947539126262,0.0,0.4828414615430306,0.6308105878151185,-2.224487702495656,-1.9420091954092087,-0.3477029065905009,0.06467677770126247,0.14556554342438385,-0.19368000000000002,0.03766,0.08877,0.0018459426254386594,0.0,-0.00027459794608834977,0.00012749341946608232,0.0,4.8462961371332895e-06
1177,11.770138599909842,step,1.5876086602910422,0.20089526365227917,3.8685998879373074,9.634600020945072,124371.0,221497.0,0.0,0.0,8.77,5e-05,1e-05,100.0,0.01,-0.012808380140097206,0.0,0.2242229716005278,-0.014358030389780372,0.0,0.22456805907043653,-0.00790038515631215,0.0,-0.0011898507932946324,-0.5993947623784731,0.0,1.1660839802216203,0.4194592934269454,0.0,-1.0963005096086855,-0.4480100411379263,0.0,0.4889176080752402,0.6277426262393471,-2.224487702495656,-1.9420091954092087,-0.335058700477312,0.07093362796984737,0.14358015511712097,-0.20175,0.040350000000000004,0.08339,0.001525810629550848,0.0,-0.0003299537692070099,2.3839620132318218e-05,0.0,-1.5133700701734827e-05
1178,11.780158899957314,step,1.2718647660292923,0.15963612960299786,3.66969988681376,10.02030004747212,124371.0,221497.0,0.0,0.0,8.77,5e-05,1e-05,100.0,0.01,-0.0131986603393357,0.0,0.2243295226414419,-0.014447956283101322,0.0,0.22456805907043653,-0.01581099104075879,0.0,-0.002417138549332595,-0.4594413885389403,0.0,1.1721931741857123,0.4222560705074307,0.0,-1.0967003151141779,-0.3569916965637816,0.0,0.48809971244426464,0.6246746646635758,-2.2229537217077704,-1.9420091954092087,-0.3178361478351351,0.0778568080783507,0.1393862843829448,-0.1883,0.04304,0.07801000000000001,0.0013775674596533173,0.0,-0.0001969263329564111,-0.0001282715158876951,0.0,-4.161009603821791e-05
1179,11.790390699869022,step,0.8984448584456748,0.1109999845191089,4.29209996946156,10.23179991170764,124371.0,221497.0,0.0,0.0,8.77,5e-05,1e-05,100.0,0.01,-0.013704231598365979,0.0,0.22425143852191512,-0.01454503751647162,0.0,0.22456805907043653,-0.023705251427587552,0.0,-0.003698451910984308,-0.30771658051595147,0.0,1.2057899368170584,0.4245429524217522,0.0,-1.0972661510761887,-0.2586182403155695,0.0,0.4979852168147471,0.6216067030878045,-2.2229537217077704,-1.9420091954092087,-0.29909361899426334,0.08713282108919185,0.13610381968349744,-0.17754,0.04573,0.07532,0.0011264158774829227,0.0,-0.00027870551936604634,-0.0002856099593772825,0.0,-3.7915029155366074e-05
1180,11.800098799867555,step,0.8547394523919755,0.10262766982948471,4.127399995923042,9.708099998533726,124371.0,221497.0,0.0,0.0,8.77,5e-05,1e-05,100.0,0.01,-0.01424686399235571,0.0,0.2238101816996418,-0.014642087248645897,0.0,0.22456805907043653,-0.027582054753817167,0.0,-0.004405949966642943,-0.21068276854921317,0.0,1.282561665572272,0.4262724947482376,0.0,-1.098729047802677,-0.19495439228302128,0.0,0.5267866465844697,0.6185387415120333,-2.224487702495656,-1.943543176197094,-0.2856689717429146,0.0963266359837687,0.13653711105723665,-0.16947,0.04304,0.07263,0.000851895292507861,0.0,-0.000720557580832939,-0.0004566720362176739,0.0,-3.7319789961779435e-05
1181,11.81019979994744,step,0.5220088841179323,0.07938764049723417,3.5973999183624983,10.101000079885125,124371.0,221497.0,0.0,0.0,8.77,5e-05,1e-05,100.0,0.01,-0.014462133366678953,0.0,0.22413140500763182,-0.01474818669131299,0.0,0.22456805907043653,-0.03553197061897234,0.0,-0.00571125385234894,-0.09001587916628351,0.0,1.2595941810032234,0.4281482912772331,0.0,-1.0994004414328749,-0.11728390666252902,0.0,0.5148125544179676,0.6170047607241477,-2.2229537217077704,-1.9420091954092087,-0.2708206944261098,0.10079567850070725,0.13079003497532865,-0.15871000000000002,0.056490000000000005,0.08070000000000001,0.0009239335795852656,0.0,-0.0003306985115233235,-0.0006378802549512292,0.0,-0.0001059555512813909
1182,11.82033049990423,step,0.4990344517880796,0.07942506869421775,4.904200090095401,10.130699956789613,124371.0,221497.0,0.0,0.0,8.77,5e-05,1e-05,100.0,0.01,-0.01471464354602292,0.0,0.22409061892256116,-0.01485985473453183,0.0,0.22456805907043653,-0.039470186519029955,0.0,-0.006406391641892938,-0.025605052526980972,0.0,1.2780434610179883,0.42998209702746437,0.0,-1.100180447782291,-0.07538149191120821,0.0,0.5208977344820864,0.615470779936262,-2.2229537217077704,-1.9420091954092087,-0.2633539229096093,0.10460160873827865,0.12977031712250858,-0.14526,0.056490000000000005,0.06725,0.0009032507976665137,0.0,-0.0003841962853515011,-0.0007580396091576045,0.0,-9.324386252387314e-05
1183,11.830331099918112,step,0.3555090682366155,0.08013298904962848,4.320500185713172,10.000600013881922,124371.0,221497.0,0.0,0.0,8.77,5e-05,1e-05,100.0,0.01,-0.014853818042020725,0.0,0.22423393318540671,-0.014975253582747101,0.0,0.22456805907043653,-0.03950455445848792,0.0,-0.006439766821630669,-0.03192168628424295,0.0,1.2585613373257456,0.43191494973322503,0.0,-1.1007007648686098,-0.07917432471010002,0.0,0.5131413683158248,0.6139367991483764,-2.221419740919885,-1.9420091954092087,-0.26291352789610345,0.10324025180648991,0.128957607742817,-0.14526,0.06456,0.07532,0.000952036903597868,0.0,-0.0002562849544983953,-0.0008306013628714916,0.0,-7.784093053142256e-05
1184,11.840450099902228,step,0.3756268456020162,0.06768495333141311,4.801400005817413,10.118999984115362,124371.0,221497.0,0.0,0.0,8.77,5e-05,1e-05,100.0,0.01,-0.015106485036722003,0.0,0.22419254614317544,-0.01509723470717523,0.0,0.22456805907043653,-0.033776577419232456,0.0,-0.0029648573199752056,-0.1121908921480987,0.0,1.2058458551532103,0.4336155710571825,0.0,-1.101402288053595,-0.12965599564796176,0.0,0.4931892863237991,0.6124028183604907,-2.221419740919885,-1.9420091954092087,-0.27101874402073933,0.09742839754495744,0.12946654492107199,-0.14526,0.056490000000000005,0.06994,0.0008376500985448017,0.0,-0.0003455389843441802,-0.0008469004280915758,0.0,-2.9973942916915533e-05
1185,11.850339099997655,step,0.4393859061032568,0.05600939911934736,4.332700045779347,9.889000095427036,124371.0,221497.0,0.0,0.0,8.77,5e-05,1e-05,100.0,0.01,-0.015359088247245578,0.0,0.2241507715634744,-0.015221497873252655,0.0,0.22456805907043653,-0.02982352848448199,0.0,-0.0023605729522106936,-0.16592953727061568,0.0,1.2023149156018855,0.4350487953365023,0.0,-1.1022661966836802,-0.1638729565605905,0.0,0.4926544900176253,0.610868837572605,-2.221419740919885,-1.9420091954092087,-0.2755610008165892,0.09532775145723588,0.13106094764261306,-0.15064,0.05918,0.07532,0.000705942258806494,0.0,-0.00042552280094932906,-0.0008435326327994174,0.0,8.235293987201707e-06
1186,11.860381099861115,step,0.7165598554204469,0.03229998905173135,5.001700017601252,10.04199986346066,124371.0,221497.0,0.0,0.0,8.77,5e-05,1e-05,100.0,0.01,-0.015864100938312198,0.0,0.2240660601857733,-0.015352774089616533,0.0,0.22456805907043653,-0.025869716281778796,0.0,-0.001783855039965212,-0.192436900817865,0.0,1.205659138131034,0.4356938031531757,0.0,-1.1033611689979497,-0.18007128592707228,0.0,0.4941978535704936,0.6078008759968337,-2.221419740919885,-1.9420091954092087,-0.2759043492719802,0.09538244390751456,0.13220319682102866,-0.15064,0.056490000000000005,0.07263,0.00031770203841813304,0.0,-0.0005393344503156694,-0.0008290288871137983,0.0,3.733556565243439e-05
1187,11.870372299803421,step,1.2970542668236853,0.044987739845052006,4.334799945354462,9.991199942305684,124371.0,221497.0,0.0,0.0,8.77,5e-05,1e-05,100.0,0.01,-0.01662112673853841,0.0,0.22393608907531376,-0.015488446864809716,0.0,0.22456805907043653,-0.025861233179264212,0.0,-0.001902886678324296,-0.13218649300124458,0.0,1.2276770005617135,0.43512287882092265,0.0,-1.104748047651291,-0.13979313133511895,0.0,0.5016088082634048,0.6031989336331769,-2.221419740919885,-1.9420091954092087,-0.2655536096631904,0.1005779758003844,0.1312203626134039,-0.15333,0.05918,0.07263,-0.0002812118232532222,0.0,-0.0006831144736781764,-0.0008514680504754724,0.0,5.1144478555404434e-05
1188,11.880318699870259,step,2.410243419146113,0.2084867954801783,4.303299821913242,9.946400066837668,124371.0,221497.0,0.0,0.0,8.77,5e-05,1e-05,100.0,0.01,-0.01788148153085746,0.0,0.22371173328264043,-0.015628488081090564,0.0,0.22456805907043653,-0.029783810355392078,0.0,-0.002817764480122434,0.04275118170859007,0.0,1.2772772192735136,0.4324643377214383,0.0,-1.1065801227033458,-0.024427878832327655,0.0,0.5183526661797809,0.5955290296937487,-2.221419740919885,-1.9420091954092087,-0.24019477386441698,0.11320822231072479,0.127731086222801,-0.14257,0.056490000000000005,0.06994,-0.0013094785903226506,0.0,-0.0009023983330539017,-0.000943514859444245,0.0,4.6072545257804486e-05
1189,11.890354099916294,step,3.2837015780476286,0.403521873120695,4.712000023573637,10.035400046035647,124371.0,221497.0,0.0,0.0,8.77,5e-05,1e-05,100.0,0.01,-0.018888503273872176,0.0,0.22352529271934862,-0.015774770081912515,0.0,0.22456805907043653,-0.04326807830342918,0.0,-0.008148049342997213,0.333151144485983,0.0,1.397099135064262,0.42851856774120317,0.0,-1.1087265133758728,0.16476890042669254,0.0,0.5626119779346815,0.5893931065422061,-2.221419740919885,-1.9420091954092087,-0.20319311560410316,0.1333140560389833,0.12298271735588956,-0.12912,0.06994,0.06994,-0.0019435100373125015,0.0,-0.0010572161674263273,-0.001170223154647159,0.0,1.4449816338418017e-05
1190,11.900469599990174,step,4.155027327639631,0.6461173200279682,4.28739981725812,10.115500073879957,124371.0,221497.0,0.0,0.0,8.77,5e-05,1e-05,100.0,0.01,-0.019894362082196887,0.0,0.2233326766964934,-0.015927236865672614,0.0,0.22456805907043653,-0.055003796016121674,0.0,-0.010707943136864897,0.5980896296942274,0.0,1.4708974260229684,0.4233935629749476,0.0,-1.1111841936128557,0.3385058136700828,0.0,0.5893886779937508,0.5832571833906636,-2.221419740919885,-1.9420091954092087,-0.16902937973661003,0.15002044777268286,0.11695770413222246,-0.1076,0.07801000000000001,0.06456,-0.002524348417263457,0.0,-0.001210543501777137,-0.0014427767992608157,0.0,-2.4838872165996442e-05
1191,11.91032849997282,step,5.282346938524122,1.0844399621567942,4.4148999731987715,9.858899982646108,124371.0,221497.0,0.0,0.0,8.77,5e-05,1e-05,100.0,0.01,-0.0211499925273773,0.0,0.2230832334978216,-0.016080625486232625,0.0,0.22456805907043653,-0.06668863222417987,0.0,-0.013514390281309794,0.8911604475178598,0.0,1.5574699611839233,0.41661710908452493,0.0,-1.1140654556243388,0.5313252038246145,0.0,0.622096118269799,0.5755872794512353,-2.221419740919885,-1.9420091954092087,-0.13047912992212277,0.1691719797746376,0.11070410593422016,-0.09415,0.07801000000000001,0.05918,-0.0033377784866813727,0.0,-0.0014191809627764685,-0.0017315885544633034,0.0,-6.564460983845438e-05
1192,11.920477999839932,step,5.636414514926816,1.0999434328699216,4.252600017935038,10.149499867111444,124371.0,221497.0,0.0,0.0,8.77,5e-05,1e-05,100.0,0.01,-0.021651702804717413,0.0,0.22298076090020796,-0.016243407962267833,0.0,0.22456805907043653,-0.0744876634953767,0.0,-0.015332915637203777,1.043935788369531,0.0,1.606258508318544,0.40983127993606006,0.0,-1.1170570596107214,0.6318360294326172,0.0,0.6408710895036865,0.5725193178754641,-2.221419740919885,-1.9420091954092087,-0.11067828920617506,0.1774668278334512,0.10556264645764138,-0.07263,0.08877,0.06187,-0.003342396320006343,0.0,-0.0014735304907085526,-0.0020658985224432367,0.0,-0.00011376767952001564
1193,11.930330599891022,step,5.582442136824655,0.9336129153190827,4.460700089111924,9.852600051090121,124371.0,221497.0,0.0,0.0,8.77,5e-05,1e-05,100.0,0.01,-0.021796902608580512,0.0,0.2231179670780184,-0.01640608695373567,0.0,0.22456805907043653,-0.08239756685017724,0.0,-0.017020028982797364,1.159390294697308,0.0,1.6180747750960869,0.40353789522509337,0.0,-1.1197167503156202,0.7064553061508806,0.0,0.6443447122271801,0.5709853370875784,-2.2198857601319992,-1.9420091954092087,-0.09623681063774825,0.1821896855536409,0.10090503004304417,-0.06187,0.09146,0.06187,-0.0030998401872640684,0.0,-0.0013100448345976618,-0.0022909754675807734,0.0,-0.00014004715782047253
1194,11.940451100002974,step,5.26644087948221,0.735057516441061,5.807599984109402,10.120500111952424,124371.0,221497.0,0.0,0.0,8.77,5e-05,1e-05,100.0,0.01,-0.021691075929137535,0.0,0.2233068245303474,-0.01657788837420006,0.0,0.22456805907043653,-0.07856445233598801,0.0,-0.016158795192239905,1.0712385975317198,0.0,1.5785966533119045,0.3979476620017615,0.0,-1.1220624204396594,0.6487757214494438,0.0,0.6287528947799377,0.5709853370875784,-2.218351779344114,-1.9420091954092087,-0.10639412990571481,0.17549296920756116,0.10196580612754699,-0.05111,0.09684000000000001,0.05111,-0.0027534991737698843,0.0,-0.001155372323559154,-0.002359688381167592,0.0,-0.00010586221652998597
1195,11.950282899895683,step,4.953207111887773,0.6372134631034104,3.574900096282363,9.83179989270866,124371.0,221497.0,0.0,0.0,8.77,5e-05,1e-05,100.0,0.01,-0.0215849596706148,0.0,0.22349551942444704,-0.016749267434643167,0.0,0.22456805907043653,-0.06912827341896859,0.0,-0.01154850316954884,0.8995193978337235,0.0,1.4749017276108127,0.3927247159015474,0.0,-1.1242028659982823,0.5377829776948927,0.0,0.5881626777320246,0.5709853370875784,-2.216817798556228,-1.9420091954092087,-0.126431587558236,0.1625616103793694,0.103911367409246,-0.056490000000000005,0.09415,0.05111,-0.0025725899433964353,0.0,-0.0010542878698815855,-0.0022631022925751984,0.0,-1.825177610790987e-05
1196,11.960346299922094,step,4.739198202051583,0.6744783386629803,4.431999986991286,10.063400026410818,124371.0,221497.0,0.0,0.0,8.77,5e-05,1e-05,100.0,0.01,-0.02150140856294487,0.0,0.22332122951088898,-0.016929164513490882,0.0,0.22456805907043653,-0.051685942577179816,0.0,-0.005354272756804453,0.6100815415918267,0.0,1.3967554950349366,0.387607288657346,0.0,-1.1269480172388253,0.3532435742726722,0.0,0.5608940561171859,0.5709853370875784,-2.216817798556228,-1.943543176197094,-0.15917024672175495,0.14624076922736862,0.11137481309192243,-0.06994,0.08608,0.056490000000000005,-0.0025206160683825043,0.0,-0.0013521388769900508,-0.0020516279810714848,0.0,0.00010530931744249876
1197,11.970392899820581,step,4.711013064522761,0.7710074354007108,4.27180016413331,10.04659989848733,124371.0,221497.0,0.0,0.0,8.77,5e-05,1e-05,100.0,0.01,-0.0217303697752015,0.0,0.22363250270720558,-0.017113186826116396,0.0,0.22456805907043653,-0.03997398962980052,0.0,-0.003000488830468073,0.43977836887451294,0.0,1.31411928787603,0.3818284202696442,0.0,-1.129218491182225,0.242353531164287,0.0,0.528062986782414,0.5694513562996928,-2.2152838177683423,-1.9420091954092087,-0.1762822907449374,0.13590565643154337,0.11376976614374695,-0.08339,0.07801000000000001,0.056490000000000005,-0.00284641242952973,0.0,-0.0011183340439400436,-0.0017707705195553732,0.0,0.0001827776807090942
1198,11.980120899854228,step,5.191342166225717,1.2244555571288684,3.6322998348623514,9.728000033646822,124371.0,221497.0,0.0,0.0,8.77,5e-05,1e-05,100.0,0.01,-0.022339299306704294,0.0,0.2233392273861653,-0.017295490609046914,0.0,0.22456805907043653,-0.026489203648552968,0.0,0.002280783468262389,0.286244730862911,0.0,1.2689650004173105,0.3746492207825335,0.0,-1.1323300619400116,0.1458158596300479,0.0,0.5116644092053132,0.5663833947239215,-2.216817798556228,-1.9420091954092087,-0.19103459130644182,0.12848587406010573,0.11730270371672506,-0.09415,0.06725,0.05918,-0.003536152977228834,0.0,-0.0015326207634653248,-0.001507655720428546,0.0,0.0003037890791940882
1199,11.990145399933681,step,5.629937290163482,1.619465696447625,3.467000089585781,10.024500079452991,124371.0,221497.0,0.0,0.0,8.77,5e-05,1e-05,100.0,0.01,-0.022988245830996734,0.0,0.22336896882501095,-0.017487484386024,0.0,0.22456805907043653,-0.018662715596336085,0.0,0.0038495017541776613,0.22144902610465347,0.0,1.2410064841182715,0.3662147574632469,0.0,-1.1354658414823249,0.10545169718143017,0.0,0.5010172965349052,0.5617814523602646,-2.2152838177683423,-1.9420091954092087,-0.1944187942740915,0.1251957882806236,0.1180598084363925,-0.10222,0.06725,0.06725,-0.004154439869148437,0.0,-0.0015445449293326361,-0.001346321575824299,0.0,0.00034545468390705363
1200,12.000274399993941,step,6.721654623635959,2.5821366397574583,5.418000044301152,10.129000060260296,124371.0,221497.0,0.0,0.0,8.77,5e-05,1e-05,100.0,0.01,-0.02424406362842428,0.0,0.22309579500036483,-0.017685627886006538,0.0,0.22456805907043653,-0.022614853628711615,0.0,0.0028370861908737226,0.39913657419568727,0.0,1.3011119637410984,0.3554922774000827,0.0,-1.1392255294059324,0.22327630470136764,0.0,0.5241772216469167,0.5541115484208363,-2.2152838177683423,-1.9420091954092087,-0.1683275891028358,0.1380245351005116,0.11433336673832875,-0.10222,0.06456,0.06725,-0.005281414712978586,0.0,-0.0018518543283809244,-0.0012770210294391574,0.0,0.0003795902583092251
1201,12.010385199915618,step,7.810047164309682,3.566412987680501,6.283000111579895,10.110799921676517,124371.0,221497.0,0.0,0.0,8.77,5e-05,1e-05,100.0,0.01,-0.025497749291317234,0.0,0.22281299730330162,-0.017887453968382455,0.0,0.22456805907043653,-0.03206161328710604,0.0,-0.00212094954234934,0.6602577590228033,0.0,1.4305214323163804,0.3428475930460111,0.0,-1.1435188506110046,0.3950841758096353,0.0,0.5756100553218034,0.5464416444814081,-2.2152838177683423,-1.9420091954092087,-0.13268718692372988,0.1575023542069789,0.11042056324159324,-0.09146,0.07263,0.06725,-0.006228206683077449,0.0,-0.0021146982457825422,-0.0013820886398573304,0.0,0.0003596364786476289
1202,12.0200654999353,step,8.64645676333474,4.247922846288697,4.112799884751439,9.680300019681454,124371.0,221497.0,0.0,0.0,8.77,5e-05,1e-05,100.0,0.01,-0.026499113119944462,0.0,0.22257984111802534,-0.01808435204586001,0.0,0.22456805907043653,-0.049265704035951124,0.0,-0.009006361834547727,1.0116405836084081,0.0,1.5861141372723928,0.32903675912034946,0.0,-1.1481725597330092,0.6252190431725583,0.0,0.6379487967518034,0.5403057213298655,-2.2152838177683423,-1.9420091954092087,-0.08814642189829178,0.18125668338759213,0.1041214987204429,-0.08070000000000001,0.08608,0.056490000000000005,-0.006802599870907883,0.0,-0.0022922092353721535,-0.0016121612031765676,0.0,0.0003039912829609615
1203,12.030338799813762,step,9.467692474275296,4.921193757740901,4.5779999345541,10.273299878463149,124371.0,221497.0,0.0,0.0,8.77,5e-05,1e-05,100.0,0.01,-0.0274990274787225,0.0,0.22234054506890408,-0.01829710473614169,0.0,0.22456805907043653,-0.06092466593754841,0.0,-0.012150138643736848,1.2798071672977016,0.0,1.6791621946837423,0.3141701604993324,0.0,-1.153176951137428,0.8021272641103265,0.0,0.6762659557319739,0.534169798178323,-2.2152838177683423,-1.9420091954092087,-0.052976667086182566,0.19836733342045873,0.09791369557750473,-0.05111,0.10222,0.06187,-0.007322622399525058,0.0,-0.0024649396629421666,-0.0018793003430557526,0.0,0.00023742566140971203
1204,12.040527999866754,step,9.374850108836123,4.437563716630651,4.179799929261208,10.18920005299151,124371.0,221497.0,0.0,0.0,8.77,5e-05,1e-05,100.0,0.01,-0.027649381025409106,0.0,0.2224720833875416,-0.018511837564507933,0.0,0.22456805907043653,-0.07425589188524001,0.0,-0.01806567167641424,1.4802382986006506,0.0,1.7659154889853457,0.3000009205860582,0.0,-1.1577716030406315,0.931740391911683,0.0,0.7105784047670737,0.5326358173904374,-2.213749836980457,-1.9420091954092087,-0.028386501365827377,0.20947431642248648,0.09237446203134797,-0.03228,0.11298000000000001,0.05111,-0.006979134650645958,0.0,-0.002263120287437821,-0.002158408810255215,0.0,0.00016714460454288595
1205,12.050173499854282,step,8.776712281495112,3.600404347884388,3.5514000337570906,9.645499987527728,124371.0,221497.0,0.0,0.0,8.77,5e-05,1e-05,100.0,0.01,-0.027299354715082186,0.0,0.22272472779978558,-0.01871839857378957,0.0,0.22456805907043653,-0.07828526914464906,0.0,-0.018848618106992798,1.4880627390676469,0.0,1.747137126764009,0.2872178864054152,0.0,-1.161847661741231,0.9353965030294543,0.0,0.7016507170346454,0.534169798178323,-2.212215856192571,-1.9420091954092087,-0.029149816073889334,0.20686976224776232,0.09046015805105265,-0.01076,0.11567000000000001,0.05111,-0.00629635162765072,0.0,-0.002007684441052516,-0.0022846045136418972,0.0,0.00016435317040156645
1206,12.060321299824864,step,7.6428091525979465,2.519326962170135,3.8358999881893396,10.147799970582128,124371.0,221497.0,0.0,0.0,8.77,5e-05,1e-05,100.0,0.01,-0.02649492355774842,0.0,0.22341872096999382,-0.01893902826507094,0.0,0.22456805907043653,-0.06916798574184958,0.0,-0.013628033364762336,1.2475993961212535,0.0,1.5613167817551457,0.27634989634396084,0.0,-1.1646500072111252,0.7758207763357676,0.0,0.624592567999012,0.5372377597540943,-2.207613913828914,-1.9420091954092087,-0.05984237279141463,0.18511862941003351,0.09127076277186486,-0.00538,0.11836,0.048420000000000005,-0.005353086438300349,0.0,-0.00138031019953988,-0.0022028088543771304,0.0,0.00023097209909717065
1207,12.070370399858803,step,6.795501417232499,2.04512623092685,4.421300021931529,10.049100033938885,124371.0,221497.0,0.0,0.0,8.77,5e-05,1e-05,100.0,0.01,-0.025936432930196873,0.0,0.22404989825143543,-0.01916071533888147,0.0,0.22456805907043653,-0.05437074474013467,0.0,-0.004710150768493471,0.948132826820467,0.0,1.3203030185941156,0.26641809339421774,0.0,-1.1665514807749218,0.5808201829463665,0.0,0.527168865641845,0.53877174054198,-2.203011971465257,-1.9420091954092087,-0.09833697064037704,0.15905734791797885,0.09386447097404613,-0.03766,0.1076,0.0538,-0.004891962485934275,0.0,-0.0009365809399520181,-0.0018837551053811283,0.0,0.00041842012095091147
1208,12.080381799954921,step,6.2020430486529765,1.9368588229028891,4.66740014962852,10.01140009611845,124371.0,221497.0,0.0,0.0,8.77,5e-05,1e-05,100.0,0.01,-0.02558076266880918,0.0,0.2242981988198305,-0.01938459341494857,0.0,0.22456805907043653,-0.03144116580653833,0.0,0.0058565297170568385,0.5493294912001057,0.0,1.1059286901606424,0.25676677202951564,0.0,-1.1684737026820882,0.3252703400913729,0.0,0.44318993404671725,0.5403057213298655,-2.201477990677372,-1.9420091954092087,-0.14660589608867708,0.13107952148539356,0.10032458695605251,-0.05918,0.09146,0.0538,-0.004753809786071097,0.0,-0.0009468006470811114,-0.0014423594677895144,0.0,0.0006769403964750926
1209,12.090409399941564,step,5.866095126771584,2.0545599233226914,4.872200079262257,10.027599986642599,124371.0,221497.0,0.0,0.0,8.77,5e-05,1e-05,100.0,0.01,-0.025477261529377293,0.0,0.22448834070768922,-0.019611708101185354,0.0,0.22456805907043653,-0.010060863085044157,0.0,0.013333877181190444,0.20090863871231804,0.0,0.9527086447882719,0.24683168645118003,0.0,-1.1704792127711385,0.10270867021844564,0.0,0.3842122503397786,0.5403057213298655,-2.199944009889486,-1.9420091954092087,-0.18599839483666178,0.10891257517277277,0.10658683030386912,-0.07801000000000001,0.07801000000000001,0.05918,-0.004893579362146087,0.0,-0.000987824685048831,-0.0009719740660458524,0.0,0.0009081063223015202
1210,12.100421999813989,step,5.890708519608593,2.471192768501979,4.533000057563186,10.012599872425199,124371.0,221497.0,0.0,0.0,8.77,5e-05,1e-05,100.0,0.01,-0.025730306281182586,0.0,0.2244306572143155,-0.01984120044133527,0.0,0.22456805907043653,0.00735514706275923,0.0,0.019911384904635693,-0.04908455923516001,0.0,0.8509409555965505,0.23600029184311092,0.0,-1.1729773179069147,-0.05584527968434161,0.0,0.3453200990366242,0.53877174054198,-2.199944009889486,-1.9420091954092087,-0.2121311681537814,0.09406101877098375,0.11069191771753892,-0.09953000000000001,0.0538,0.0538,-0.005335061152657632,0.0,-0.0012304550011689973,-0.0005540446871896837,0.0,0.001093053145047953
1211,12.11032999982126,step,6.425707002474286,3.3099944984559584,4.290799843147397,9.908000007271767,124371.0,221497.0,0.0,0.0,8.77,5e-05,1e-05,100.0,0.01,-0.026488905457557874,0.0,0.22425527869509077,-0.02007081548323953,0.0,0.22456805907043653,0.01281646375696308,0.0,0.023849162942859374,-0.06467947782598958,0.0,0.811787062011797,0.2235007099630842,0.0,-1.1760203719234097,-0.06362773384165475,0.0,0.32942989717549465,0.534169798178323,-2.199944009889486,-1.9420091954092087,-0.2096799230057589,0.09268892146337032,0.108798595333346,-0.11298000000000001,0.0538,0.06725,-0.0061567356859950845,0.0,-0.0014988724773028325,-0.0002613542883232586,0.0,0.0011860921019570655
1212,12.120533199980855,step,6.954361077299199,4.007536339738151,4.175200127065182,10.203200159594417,124371.0,221497.0,0.0,0.0,8.77,5e-05,1e-05,100.0,0.01,-0.027246689522200038,0.0,0.22407641101557021,-0.02030972907949891,0.0,0.22456805907043653,0.011118253962063143,0.0,0.020919404465085632,0.026729515396115504,0.0,0.890785152394227,0.20975866324652875,0.0,-1.1794163944537999,-0.003416482575032319,0.0,0.36060606705377285,0.529567855814666,-2.199944009889486,-1.9420091954092087,-0.19536640212158898,0.1016836609588176,0.10885950810874323,-0.11836,0.056490000000000005,0.05918,-0.006768718364381593,0.0,-0.0016727290003760611,-0.00016824207831953476,0.0,0.001181080945509744
1213,12.130077299894765,step,7.755416346694494,4.903376399083539,4.6808000188320875,9.544099913910031,124371.0,221497.0,0.0,0.0,8.77,5e-05,1e-05,100.0,0.01,-0.028255772588324332,0.0,0.22383249975137298,-0.020535316954184923,0.0,0.22456805907043653,0.001538073043401418,0.0,0.016058321945428063,0.266043564665194,0.0,1.012525102636935,0.19455181873766575,0.0,-1.1831474398887205,0.15224192404414527,0.0,0.4084848025763995,0.5234319326631235,-2.199944009889486,-1.9420091954092087,-0.16319225613945493,0.11938125737149625,0.1053795207816965,-0.1076,0.05111,0.06187,-0.007490212325317793,0.0,-0.0018377463178948711,-0.00023024330882161562,0.0,0.001102186998831321
1214,12.140111199812964,step,8.803212193326454,6.007885347842817,3.6985999904572964,10.033899918198586,124371.0,221497.0,0.0,0.0,8.77,5e-05,1e-05,100.0,0.01,-0.029514990651810666,0.0,0.22351891126451834,-0.02077451962319507,0.0,0.22456805907043653,-0.01741219813178757,0.0,0.0060671337347203026,0.6721154911433287,0.0,1.232202548273824,0.17770953897557054,0.0,-1.1872379019417727,0.4157501854481434,0.0,0.4962517353366137,0.5157620287236954,-2.199944009889486,-1.9420091954092087,-0.11085645058884991,0.14930409552547644,0.10034410183653217,-0.09415,0.06994,0.06187,-0.008295754677242258,0.0,-0.0020147788890824796,-0.0004447163513733379,0.0,0.000965631083164286
1215,12.150543199852109,step,9.327156059341164,6.221624111069973,4.6570999547839165,10.43200003914535,124371.0,221497.0,0.0,0.0,8.77,5e-05,1e-05,100.0,0.01,-0.030269353964971615,0.0,0.22332612556183404,-0.02102525090867054,0.0,0.22456805907043653,-0.04014945089469483,0.0,-0.00511576155186058,1.079280519154631,0.0,1.4550026692212121,0.16056070213946771,0.0,-1.1913608378765432,0.6797656003948467,0.0,0.5860261743531203,0.5111600863600384,-2.199944009889486,-1.9420091954092087,-0.060822640726593546,0.1778892205329139,0.09488665169256462,-0.06187,0.07263,0.056490000000000005,-0.008446750998195432,0.0,-0.002030774072629982,-0.000797352058105643,0.0,0.0007888405640274878
1216,12.160469099879265,step,8.967135447969286,5.189673681248365,4.53410018235445,9.925900027155876,124371.0,221497.0,0.0,0.0,8.77,5e-05,1e-05,100.0,0.01,-0.030171141742804497,0.0,0.22351905244642803,-0.02126557588515044,0.0,0.22456805907043653,-0.053528697045838666,0.0,-0.011143321489530986,1.2553475214947256,0.0,1.5338647881135645,0.14481025670622444,0.0,-1.1947382855396234,0.7925584054531867,0.0,0.616805752262286,0.5111600863600384,-2.1984100291016,-1.9420091954092087,-0.04057202927670128,0.18747573483539987,0.09066542283220075,-0.03497,0.09415,0.048420000000000005,-0.007757965858371565,0.0,-0.001663579850466293,-0.001147599999282491,0.0,0.0006145732264577902
1217,12.170349299907684,step,8.35198252245066,4.1640597063087155,4.2993000242859125,9.880200028419495,124371.0,221497.0,0.0,0.0,8.77,5e-05,1e-05,100.0,0.01,-0.029820686498491428,0.0,0.22377617383174953,-0.021506329648796382,0.0,0.22456805907043653,-0.06148473457178509,0.0,-0.01303618335688102,1.3218846106703284,0.0,1.532142678981914,0.13062826217644116,0.0,-1.1973979878674477,0.8344243613803379,0.0,0.6147325692619898,0.512694067147924,-2.196876048313715,-1.9420091954092087,-0.03487899738248454,0.1885860543344972,0.08798672734737542,-0.01614,0.09953000000000001,0.048420000000000005,-0.006985417004998011,0.0,-0.001310050559531617,-0.001328939844697034,0.0,0.0005181653208446103
1218,12.180457699811086,step,7.517042278651047,3.195492243844186,4.326799884438515,10.108399903401732,124371.0,221497.0,0.0,0.0,8.77,5e-05,1e-05,100.0,0.01,-0.029269573984597605,0.0,0.22441663602217743,-0.021754056991104526,0.0,0.22456805907043653,-0.056191843963827995,0.0,-0.008844014588779906,1.1674399949509775,0.0,1.3702230402427833,0.11805598013818648,0.0,-1.1987065506449974,0.7325455595536627,0.0,0.5476076468578112,0.5142280479358097,-2.192274105950058,-1.9420091954092087,-0.055152821043067596,0.17227515391899934,0.08714083064102016,-0.0269,0.10222,0.04304,-0.006192544536469892,0.0,-0.0006445395715819391,-0.001322972457023187,0.0,0.0004931165233228363
1219,12.190331699792296,step,6.324260177557168,2.2048287043919084,3.52009991183877,9.873999981209636,124371.0,221497.0,0.0,0.0,8.77,5e-05,1e-05,100.0,0.01,-0.02830758930315054,0.0,0.22498744923872466,-0.02199725027262463,0.0,0.22456805907043653,-0.042857338598024604,0.0,-0.0026338513667009374,0.8474798022729775,0.0,1.1826599744500061,0.10756175988057146,0.0,-1.1990423726279862,0.5261752247018309,0.0,0.47193926103072487,0.5188299902994666,-2.1892061443742863,-1.9420091954092087,-0.0974500653318648,0.1472552816791063,0.09172957516308751,-0.056490000000000005,0.09684000000000001,0.04304,-0.00516898412898054,0.0,-0.0001654109078730537,-0.0011413549015453694,0.0,0.0005848010761611788
1220,12.200488899834454,step,5.425447793629169,1.7290567880379477,4.311899887397885,10.157200042158365,124371.0,221497.0,0.0,0.0,8.77,5e-05,1e-05,100.0,0.01,-0.027594733741974076,0.0,0.22549172192308,-0.022248489200612155,0.0,0.22456805907043653,-0.019831182282956637,0.0,0.008246821306534168,0.40831975972922335,0.0,0.9241603785545752,0.09827091220485293,0.0,-1.1986776962392611,0.2461895876284013,0.0,0.3702657908243395,0.5218979518752379,-2.186138182798515,-1.9420091954092087,-0.15161489405748269,0.11523373024249953,0.09808058282398116,-0.06725,0.07801000000000001,0.04573,-0.0045762565490005324,0.0,0.00017962329923139092,-0.0007699879923613881,0.0,0.0007440395534120844
1221,12.210337699856609,step,5.121502034010085,1.8084304896485146,4.47589997202158,9.848800022155046,124371.0,221497.0,0.0,0.0,8.77,5e-05,1e-05,100.0,0.01,-0.027491816436729044,0.0,0.22568218045311533,-0.022492964905724416,0.0,0.22456805907043653,0.0033080039660584276,0.0,0.018939421454900445,0.03456091841748811,0.0,0.7137813613145494,0.0887693903397966,0.0,-1.1983000631762453,0.01008183134579799,0.0,0.2887928383308402,0.5218979518752379,-2.1846042020106298,-1.9420091954092087,-0.19434801271254795,0.08935454125565538,0.10274709548719002,-0.08608,0.056490000000000005,0.056490000000000005,-0.0046800252439907816,0.0,0.0001860051782209219,-0.0003188262870138462,0.0,0.0009281162044578791
1222,12.22042559995316,step,4.876705321590968,1.9039912964275905,4.423200152814388,10.087900096550584,124371.0,221497.0,0.0,0.0,8.77,5e-05,1e-05,100.0,0.01,-0.027491816436729044,0.0,0.22568218045311533,-0.022744081362160166,0.0,0.22456805907043653,0.016874757246316815,0.0,0.024756776634678967,-0.18599623585119723,0.0,0.6142052456019749,0.07901293399154267,0.0,-1.1981945911610197,-0.12861640144696487,0.0,0.2507640741020092,0.5218979518752379,-2.1846042020106298,-1.9420091954092087,-0.21862908136267853,0.07547288967556393,0.10598223433827736,-0.1076,0.05111,0.05918,-0.004805594582658132,0.0,5.195080333453132e-05,5.7859508089253345e-05,0.0,0.0010621705793442697
1223,12.230086999945343,step,5.113565408584798,2.365319446519831,3.6202999763190746,9.66139999218285,124371.0,221497.0,0.0,0.0,8.77,5e-05,1e-05,100.0,0.01,-0.028001470325126274,0.0,0.2255602391828102,-0.022985084194405755,0.0,0.22456805907043653,0.024763247827149976,0.0,0.026726967585441096,-0.2643941506886358,0.0,0.5982287606431956,0.06814073633415564,0.0,-1.1984421601911912,-0.1770199780292127,0.0,0.24487019922090003,0.5188299902994666,-2.1846042020106298,-1.9420091954092087,-0.22392593752845705,0.07229405303549347,0.10727149627997146,-0.12105,0.03766,0.056490000000000005,-0.005355158912106247,0.0,-0.00012194144551662574,0.00033877278138572803,0.0,0.0011141215578903008
1224,12.24037339980714,step,5.825263835247407,3.198562135005826,4.294200101867318,10.28639986179769,124371.0,221497.0,0.0,0.0,8.77,5e-05,1e-05,100.0,0.01,-0.029019643781188598,0.0,0.2253116687380248,-0.023242036714892847,0.0,0.22456805907043653,0.024598788073981033,0.0,0.026878408889552417,-0.1675668729138154,0.0,0.6320267262309499,0.0555124531963729,0.0,-1.1991163795488815,-0.11344016529866251,0.0,0.2572766250371998,0.512694067147924,-2.1846042020106298,-1.9420091954092087,-0.2075369931926587,0.07944908886550123,0.10444286719559234,-0.11298000000000001,0.040350000000000004,0.0538,-0.006220128176565111,0.0,-0.0003320903386626994,0.00044252111026936,0.0,0.001075700006250968
1225,12.250310799805447,step,6.812952974295977,4.206474297184239,4.324899986386299,9.937399998307228,124371.0,221497.0,0.0,0.0,8.77,5e-05,1e-05,100.0,0.01,-0.030290184349301336,0.0,0.2249921779823028,-0.0234904452823543,0.0,0.22456805907043653,0.009364496550070689,0.0,0.018017869800927157,0.18382975183915243,0.0,0.8302243078240246,0.04104918776880354,0.0,-1.200182994770454,0.11206352224998313,0.0,0.33479589049420655,0.5050241632084959,-2.1846042020106298,-1.9420091954092087,-0.16155768696651496,0.10586843046744876,0.10057839606263465,-0.11836,0.04573,0.056490000000000005,-0.007123958485061322,0.0,-0.0005253670131457933,0.0003242194181142851,0.0,0.0009494859250120713
1226,12.260425699874759,step,8.068306517140277,5.413642451135357,4.221299896016717,10.114900069311261,124371.0,221497.0,0.0,0.0,8.77,5e-05,1e-05,100.0,0.01,-0.03181154255409384,0.0,0.2245959400005188,-0.023743284209924012,0.0,0.22456805907043653,-0.008171323455119815,0.0,0.010883531764120755,0.5986680804098549,0.0,1.0105426363977268,0.024663108522515034,0.0,-1.2016589790153303,0.37937204896540594,0.0,0.40623291753627183,0.49582027848118193,-2.1846042020106298,-1.9420091954092087,-0.10746511033614942,0.13418736079721966,0.09343834174858476,-0.09415,0.06456,0.05111,-0.00807105068133304,0.0,-0.0007270039077799632,2.79233716321374e-06,0.0,0.0007548848378622323
1227,12.27030389988795,step,8.83707317209518,5.778163636151984,3.4467000514268875,9.878200013190508,124371.0,221497.0,0.0,0.0,8.77,5e-05,1e-05,100.0,0.01,-0.032823727458073326,0.0,0.22432400954469117,-0.02399002483244981,0.0,0.22456805907043653,-0.036497150516574206,0.0,-0.004695967857639772,1.1204492169120832,0.0,1.3171979270871634,0.00773528626653841,0.0,-1.2031942364783192,0.7145852400033705,0.0,0.5295620197181609,0.4896843553296394,-2.1846042020106298,-1.9420091954092087,-0.04308648803745488,0.1718968898020042,0.08782301246619817,-0.05918,0.06994,0.056490000000000005,-0.008337889088601273,0.0,-0.0007561992473266768,-0.0004958135370222438,0.0,0.0005121497215813167
1228,12.280422999989241,step,8.584780718489228,4.740609800809601,4.268699791282415,10.119100101292133,124371.0,221497.0,0.0,0.0,8.77,5e-05,1e-05,100.0,0.01,-0.032823727458073326,0.0,0.22432400954469117,-0.02424241638029926,0.0,0.22456805907043653,-0.05777473076579818,0.0,-0.013097083084531624,1.4261880171468784,0.0,1.4619903898109547,-0.007624592808163588,0.0,-1.2042452383103885,0.9107283762867848,0.0,0.5872284925756662,0.4896843553296394,-2.1846042020106298,-1.9420091954092087,-0.008031776916562844,0.18995527402268872,0.08136641473514461,-0.02959,0.09953000000000001,0.0538,-0.007565590316496625,0.0,-0.0005176765549163765,-0.0010157207612774407,0.0,0.00027362702917101643
1229,12.290324199944735,step,8.141791646088793,3.805026550807704,4.431500099599361,9.901199955493212,124371.0,221497.0,0.0,0.0,8.77,5e-05,1e-05,100.0,0.01,-0.03262937751489675,0.0,0.22471091222345504,-0.024488839192095616,0.0,0.22456805907043653,-0.065828413789684,0.0,-0.015172332157725586,1.51347119400996,0.0,1.442190423553079,-0.021417418911487813,0.0,-1.2041489282701843,0.9647442783759747,0.0,0.5773132487025299,0.4896843553296394,-2.181536240434858,-1.9420091954092087,0.0016827331142551527,0.19121865689117534,0.0769167489110058,0.00269,0.10491,0.04304,-0.006793730022022077,0.0,4.743802369838797e-05,-0.0013468083007790585,0.0,9.54151293201249e-05
1230,12.300374699989334,step,6.971568151940149,2.4890264846078183,4.24919999204576,10.050500044599175,124371.0,221497.0,0.0,0.0,8.77,5e-05,1e-05,100.0,0.01,-0.03167130482179427,0.0,0.22529994458456154,-0.024738260318016715,0.0,0.22456805907043653,-0.06604541429719087,0.0,-0.014793526852592592,1.398574352940531,0.0,1.3500099301651878,-0.03248343221185346,0.0,-1.2027365990357202,0.8886438711475431,0.0,0.5375396164096727,0.49428629769329635,-2.178468278859087,-1.9420091954092087,-0.0162256095090334,0.17874842280637554,0.0766955538018142,-0.00269,0.10491,0.04304,-0.005450623840220141,0.0,0.0006956502930785511,-0.001482420663557413,0.0,3.6235221046456876e-05
1231,12.310290399938822,step,6.004722823386366,1.8256479158690877,3.3366999123245478,9.915699949488044,124371.0,221497.0,0.0,0.0,8.77,5e-05,1e-05,100.0,0.01,-0.030761908991440087,0.0,0.22620089703974605,-0.024983454496362852,0.0,0.22456805907043653,-0.05124309088867153,0.0,-0.005369229188870288,1.0639992972488963,0.0,1.0569361700511866,-0.041516254018189376,0.0,-1.1996236380644845,0.673275664422705,0.0,0.41809031470890795,0.4973542592690676,-2.1723323557075442,-1.9420091954092087,-0.06004128976660411,0.14850954020325371,0.07826890704775291,-0.04304,0.10222,0.04573,-0.004449164531588635,0.0,0.001533305520510437,-0.0013292899634885997,0.0,9.953244879908258e-05
1232,12.320406599901617,step,5.270993955229168,1.4959571621177354,4.172899993136525,10.11619996279478,124371.0,221497.0,0.0,0.0,8.77,5e-05,1e-05,100.0,0.01,-0.030047076371230386,0.0,0.22671363292096497,-0.025232526534746086,0.0,0.22456805907043653,-0.028124764176579865,0.0,0.005855320099019735,0.6252179024645,0.0,0.7878883680853618,-0.04931207617830105,0.0,-1.1958789064380793,0.39599440689276433,0.0,0.31211144295136173,0.5004222208448389,-2.169264394131773,-1.9420091954092087,-0.11548051070739578,0.11598696032786153,0.08458831151669399,-0.01883,0.08339,0.03766,-0.003839873761819637,0.0,0.0018444875244669925,-0.0009746760746646627,0.0,0.00030108632606144466
1233,12.330084399785846,step,4.66559652256949,1.2834041972557773,3.515099873766303,9.677799884229898,124371.0,221497.0,0.0,0.0,8.77,5e-05,1e-05,100.0,0.01,-0.0294312492691558,0.0,0.2270324607731418,-0.025469618902865185,0.0,0.22456805907043653,-0.004823862054308659,0.0,0.01687656836999187,0.194893588420492,0.0,0.5498656052550156,-0.05629084836620323,0.0,-1.191946102271565,0.125839095364171,0.0,0.22017306565346684,0.5034901824206102,-2.1677304133438877,-1.9420091954092087,-0.16776471452402766,0.08592235323718253,0.09060075916268173,-0.06187,0.06725,0.04573,-0.003437431442594418,0.0,0.0019371236566480222,-0.0005241989236961985,0.0,0.0005272780460572378
1234,12.340131299803033,step,4.459659529580794,1.3595612362759886,3.574900096282363,10.046900017187,124371.0,221497.0,0.0,0.0,8.77,5e-05,1e-05,100.0,0.01,-0.0294312492691558,0.0,0.2270324607731418,-0.025714357103988214,0.0,0.22456805907043653,0.018477228366147982,0.0,0.027801714505171386,-0.16888122947926626,0.0,0.35964058949098715,-0.06373620572548394,0.0,-1.1884042502692356,-0.10136251578580212,0.0,0.14749081057410812,0.5034901824206102,-2.1677304133438877,-1.9420091954092087,-0.20799528538086806,0.06217821281021442,0.0948315067953705,-0.09146,0.04304,0.05111,-0.00366725045596258,0.0,0.001744558084146702,-4.964170920500723e-05,0.0,0.0007198436185585581
1235,12.350338299991563,step,4.433100562203828,1.5492440856181549,4.27910010330379,10.207000188529491,124371.0,221497.0,0.0,0.0,8.77,5e-05,1e-05,100.0,0.01,-0.029688191998675492,0.0,0.22696870894763832,-0.02596136214453633,0.0,0.22456805907043653,0.030482672213851425,0.0,0.030829177076619693,-0.3360884488822554,0.0,0.3137393895481607,-0.07192748586467573,0.0,-1.185184757457908,-0.20560147070950996,0.0,0.13076917734914956,0.5019562016327246,-2.1677304133438877,-1.9420091954092087,-0.2246750252629515,0.053605267275312805,0.09823294238040708,-0.11298000000000001,0.02959,0.056490000000000005,-0.004034658697466532,0.0,0.0015857783462324064,0.00030782884332736845,0.0,0.0008148715309693817
1236,12.360350099857897,step,4.801631319849603,2.073455915470451,4.211599938571453,10.011799866333604,124371.0,221497.0,0.0,0.0,8.77,5e-05,1e-05,100.0,0.01,-0.03055988268566219,0.0,0.22658384736945092,-0.026201871572170472,0.0,0.22456805907043653,0.03428766424544225,0.0,0.03202137887983063,-0.3120912804240146,0.0,0.34613440845948795,-0.08181380743293112,0.0,-1.182748891775533,-0.1893276685927453,0.0,0.14307844414656104,0.4973542592690676,-2.169264394131773,-1.9420091954092087,-0.21625452958722538,0.0578559279405293,0.09727123303982407,-0.12105,0.0269,0.0538,-0.00486956038903684,0.0,0.0011997986266190147,0.0005115492755451223,0.0,0.0008159896723953725
1237,12.370393099961802,step,5.697525068990539,3.0070705387973597,4.170800093561411,10.043000103905797,124371.0,221497.0,0.0,0.0,8.77,5e-05,1e-05,100.0,0.01,-0.031939824391640004,0.0,0.22606033788679797,-0.02644119766799213,0.0,0.22456805907043653,0.018881495824768658,0.0,0.02314500886517057,0.05528295985606552,0.0,0.5711490756346802,-0.09396746867608455,0.0,-1.1811234548107328,0.04389293519543259,0.0,0.23052341812362753,0.4896843553296394,-2.170798374919659,-1.9420091954092087,-0.16773197323047995,0.08647620488023391,0.09364460325185145,-0.11836,0.03228,0.0538,-0.005986350632318752,0.0,0.0008006176416598862,0.00048772390867087793,0.0,0.0006916611747015502
1238,12.3801678000018,step,6.884204264837805,4.082160123253886,3.4579001367092133,9.774700039997697,124371.0,221497.0,0.0,0.0,8.77,5e-05,1e-05,100.0,0.01,-0.033470943807018344,0.0,0.22564887178019435,-0.026672112124557234,0.0,0.22456805907043653,0.00212927111983611,0.0,0.010987825194212503,0.46266920854073174,0.0,0.8366350472325412,-0.10819828274049004,0.0,-1.1798617348627989,0.30338370571440054,0.0,0.3356870143989168,0.48048047060232557,-2.170798374919659,-1.9420091954092087,-0.11426926489218973,0.11850580584395042,0.0909193311583184,-0.09146,0.048420000000000005,0.048420000000000005,-0.007009463327016395,0.0,0.0006214668861515423,0.0002106316445552852,0.0,0.0004593458236062801
1239,12.390338099794462,step,8.36262398365221,5.388181582198773,4.307199968025088,10.170299792662263,124371.0,221497.0,0.0,0.0,8.77,5e-05,1e-05,100.0,0.01,-0.03525237234857764,0.0,0.2251510417472944,-0.02691009381747843,0.0,0.22456805907043653,-0.02481533259748638,0.0,-0.0018604527743479504,1.0506620622394043,0.0,1.12682252072248,-0.1245919078939328,0.0,-1.1790504806249988,0.6791515499171037,0.0,0.45228149920306504,0.46974260508712606,-2.170798374919659,-1.9420091954092087,-0.03904531818509424,0.15927426867000535,0.08240559281659166,-0.06725,0.06187,0.04573,-0.008074767458126518,0.0,0.0003995875993468047,-0.00026751107297269365,0.0,0.00018339507751105252
1240,12.400381999788806,step,8.87896636557419,5.240869978341558,4.239900037646294,10.04389999434352,124371.0,221497.0,0.0,0.0,8.77,5e-05,1e-05,100.0,0.01,-0.03601418585297457,0.0,0.22493183575542075,-0.027142674693963406,0.0,0.22456805907043653,-0.05554068414028718,0.0,-0.016119876322176506,1.5853547088522526,0.0,1.4010224482756637,-0.14075007283468985,0.0,-1.178072112256556,1.0204886727314266,0.0,0.563135997374716,0.4651406627234691,-2.170798374919659,-1.9420091954092087,0.02595268051844679,0.19413644186444431,0.073481814210582,-0.02959,0.09146,0.04573,-0.007958790275210448,0.0,0.0004819005552230319,-0.0009127208838007154,0.0,-0.00011812387023881355
1241,12.410321799805388,step,8.567158575990216,4.1912001212469585,4.2624999769032,9.939800016582012,124371.0,221497.0,0.0,0.0,8.77,5e-05,1e-05,100.0,0.01,-0.03591924286519907,0.0,0.2251263923087784,-0.02737029731261041,0.0,0.22456805907043653,-0.07149343231276019,0.0,-0.020684572655710016,1.8067447778950037,0.0,1.449605297916198,-0.1551018327064931,0.0,-1.1761781759734549,1.1604266272261226,0.0,0.5813005216698895,0.4651406627234691,-2.169264394131773,-1.9420091954092087,0.051199511984017176,0.2032025220234129,0.06545418536198014,0.00807,0.10222,0.03497,-0.007069035829170821,0.0,0.0009328684121668027,-0.0014799097234178367,0.0,-0.00037453517382493454
1242,12.420452299993485,step,7.697336554234132,2.9945988017410734,4.142200108617544,10.130500188097358,124371.0,221497.0,0.0,0.0,8.77,5e-05,1e-05,100.0,0.01,-0.03521891044332129,0.0,0.2256607149089246,-0.027599521147074053,0.0,0.22456805907043653,-0.07969341694129921,0.0,-0.022646967545387888,1.84459400097955,0.0,1.4035028227537834,-0.16689478724338058,0.0,-1.172913798026899,1.1813631090898553,0.0,0.559228968307627,0.4682086242992405,-2.166196432556002,-1.9420091954092087,0.05250485915467762,0.19957837237788317,0.06108015687131118,0.024210000000000002,0.10491,0.040350000000000004,-0.005808682621343614,0.0,0.0016078867588562877,-0.0018107066749036222,0.0,-0.000515230920368233
1243,12.430081799859181,step,6.6210657398257595,2.150151465259649,3.725999966263771,9.629499865695834,124371.0,221497.0,0.0,0.0,8.77,5e-05,1e-05,100.0,0.01,-0.03416089173586033,0.0,0.22645593479187706,-0.027814677368894,0.0,0.22456805907043653,-0.07607107662611612,0.0,-0.02103254811240204,1.6664569983536566,0.0,1.257112818382492,-0.17605822235691662,0.0,-1.1680620941836088,1.0642913684164848,0.0,0.49639598574733196,0.47281056666289734,-2.161594490192345,-1.9420091954092087,0.027150328912687066,0.18261136259635044,0.061937335807053545,0.02152,0.11567000000000001,0.03228,-0.004513498812304839,0.0,0.002389732590783346,-0.001832715554661489,0.0,-0.0005018568693428167
1244,12.440440699923784,step,5.325997239271491,1.4984547865990048,4.137999843806028,10.358900064602494,124371.0,221497.0,0.0,0.0,8.77,5e-05,1e-05,100.0,0.01,-0.0326793377887426,0.0,0.22718925288692432,-0.02804300415437873,0.0,0.22456805907043653,-0.05160250796383056,0.0,-0.005998520838008381,1.1285504168979152,0.0,0.8893132751407882,-0.1823026468808715,0.0,-1.1620679385554507,0.7238969405012557,0.0,0.3483439934509119,0.48048047060232557,-2.158526528616574,-1.9420091954092087,-0.044833561524898424,0.14019678436108915,0.06823825326866542,0.01883,0.10222,0.03497,-0.0030757245861614147,0.0,0.002952453307439059,-0.0015606090482024586,0.0,-0.00033125949095127094
1245,12.450389799894765,step,4.420117077197136,1.3090443553099262,4.191300133243203,9.949099970981479,124371.0,221497.0,0.0,0.0,8.77,5e-05,1e-05,100.0,0.01,-0.030827077345928877,0.0,0.22816568769204354,-0.028259100851269352,0.0,0.22456805907043653,-0.016235307436091174,0.0,0.008731250068451539,0.3863960181503245,0.0,0.4902136866000376,-0.18545292767616567,0.0,-1.154616230786335,0.2575831509382672,0.0,0.19282933201462557,0.4896843553296394,-2.153924586252917,-1.9420091954092087,-0.13939817319595832,0.08850830616832019,0.08092265717868033,-0.07801000000000001,0.08070000000000001,0.03228,-0.0015516875987895864,0.0,0.0036703783841786066,-0.0010162888958699383,0.0,-7.274976257159917e-05
1246,12.46040379977785,step,4.107757840128734,1.1689430118144082,4.303300054743886,10.01399988308549,124371.0,221497.0,0.0,0.0,8.77,5e-05,1e-05,100.0,0.01,-0.030050436819702167,0.0,0.22836098875079583,-0.02847330051836718,0.0,0.22456805907043653,0.021061409478473177,0.0,0.025786881884963652,-0.26848940336490934,0.0,0.16354096076370256,-0.18817568319560918,0.0,-1.147472439567937,-0.14978674114368573,0.0,0.06967750315923857,0.49428629769329635,-2.153924586252917,-1.9420091954092087,-0.2167979308507805,0.04627981017367938,0.09104857444489411,-0.09953000000000001,0.048420000000000005,0.04304,-0.0013411077451786042,0.0,0.003518712445725048,-0.00023602855615638386,0.0,0.0002742172346342493
1247,12.470319599844515,step,4.012254320508805,1.0969185165100352,4.2709000408649445,9.915800066664815,124371.0,221497.0,0.0,0.0,8.77,5e-05,1e-05,100.0,0.01,-0.029532180709899977,0.0,0.22848920298085423,-0.028681995338209927,0.0,0.22456805907043653,0.051137353496539716,0.0,0.03566025056802732,-0.7873353712324147,0.0,-0.030600071078929213,-0.1909028899155424,0.0,-1.1405870732499948,-0.4727974420708321,0.0,-0.0008870036967366557,0.4973542592690676,-2.153924586252917,-1.9420091954092087,-0.2763899221412629,0.015438008521271147,0.10064781035816006,-0.12105,0.02959,0.048420000000000005,-0.0013433002077076436,0.0,0.003391423883430947,0.0004931148360175935,0.0,0.0005297200269867544
1248,12.480078799882904,step,3.8064045584480235,1.045954253623043,3.5621998831629753,9.759200038388371,124371.0,221497.0,0.0,0.0,8.77,5e-05,1e-05,100.0,0.01,-0.029636264709326524,0.0,0.22829937952486026,-0.02888395936641517,0.0,0.22456805907043653,0.07129515627703913,0.0,0.040697538592813394,-1.089449536223545,0.0,-0.09578931291297835,-0.19464811144805064,0.0,-1.1344007150035311,-0.6618008171911417,0.0,-0.023233083810029403,0.4973542592690676,-2.155458567040802,-1.9420091954092087,-0.30707154663697567,0.00035261419054136156,0.10626153257281273,-0.14795,0.02959,0.048420000000000005,-0.0018447288303295782,0.0,0.0030471237316516946,0.0010924234874182244,0.0,0.0006841967227720364
1249,12.49032499990426,step,3.569110120511945,1.3368913549442518,4.305799957364798,10.246200021356344,124371.0,221497.0,0.0,0.0,8.77,5e-05,1e-05,100.0,0.01,-0.03087617196693103,0.0,0.2276593370481627,-0.02909220237168398,0.0,0.22456805907043653,0.07730145577780588,0.0,0.040320089982032806,-1.055433588475363,0.0,-0.0025038462923654406,-0.2012224752682559,0.0,-1.1295404363997072,-0.6420722158912221,0.0,0.011574308503701749,0.4912183361175251,-2.158526528616574,-1.9420091954092087,-0.2943361507043394,0.00788498390631541,0.10537405731210608,-0.17754,-0.00807,0.0538,-0.0032382379453228622,0.0,0.0023939561347933224,0.0014542683500758128,0.0,0.0006973218429328588
1250,12.500384099781513,step,4.049963386739651,2.1265765580777076,4.204399883747101,10.059099877253175,124371.0,221497.0,0.0,0.0,8.77,5e-05,1e-05,100.0,0.01,-0.032622315087375106,0.0,0.22687371682651475,-0.0292927286647442,0.0,0.22456805907043653,0.05998262234824935,0.0,0.028925929955409074,-0.6154910579546456,0.0,0.30112105862628813,-0.21088120506361105,0.0,-1.1259296516312387,-0.36702503590660124,0.0,0.1271671947735464,0.48201445139021115,-2.161594490192345,-1.9420091954092087,-0.23661966922326397,0.044011919970815966,0.10302899635122005,-0.16409,-0.00538,0.05918,-0.00475745884808107,0.0,0.0017785112855655408,0.0014278724254501649,0.0,0.0005271464705126757
1251,12.510309099918231,step,5.780784467940277,3.7610224446159037,4.300400149077177,9.925000136718154,124371.0,221497.0,0.0,0.0,8.77,5e-05,1e-05,100.0,0.01,-0.035122478032713525,0.0,0.22585453754322338,-0.029486660239009085,0.0,0.22456805907043653,0.02544577126233775,0.0,0.009809100393781984,0.16715404190122718,0.0,0.7716306792833634,-0.22441969235554537,0.0,-1.1237477982729835,0.12781640032624342,0.0,0.3110260121927832,0.4682086242992405,-2.164662451768116,-1.9420091954092087,-0.13691212818400816,0.10367752201613314,0.09642977233318073,-0.12643000000000001,0.04304,0.05918,-0.006668454084678924,0.0,0.0010746835023212012,0.001032636290974484,0.0,0.00021179497046564378
1252,12.52045729989186,step,8.014186267822131,5.650396110657556,4.165600053966045,10.148199973627925,124371.0,221497.0,0.0,0.0,8.77,5e-05,1e-05,100.0,0.01,-0.03769492005503847,0.0,0.22460230339616294,-0.029680806949927935,0.0,0.22456805907043653,-0.018744857768182254,0.0,-0.010879227921125972,1.1052836889258955,0.0,1.3042482016364894,-0.2412199312228421,0.0,-1.1232264734849176,0.7280309114691507,0.0,0.5271607320183211,0.4544027972082697,-2.169264394131773,-1.9420091954092087,-0.018497185029087232,0.1735040261189301,0.08689995094106276,-0.07801000000000001,0.040350000000000004,0.0538,-0.008275047210403659,0.0,0.00025678130336567317,0.0002609341052931275,0.0,-0.00022253697763926627
1253,12.530025099869817,step,9.72133222612922,6.580109096070124,3.6527998745441437,9.567799977958202,124371.0,221497.0,0.0,0.0,8.77,5e-05,1e-05,100.0,0.01,-0.03955561055978128,0.0,0.22386262757798883,-0.029859907044293532,0.0,0.22456805907043653,-0.06762069075738894,0.0,-0.03698783765950327,2.039241597063705,0.0,1.8564449876128946,-0.2593581960166077,0.0,-1.1231326381251063,1.3279634473805093,0.0,0.7566564678051662,0.4436649316930702,-2.170798374919659,-1.9420091954092087,0.09957174241412772,0.24086900158252694,0.07522497088350134,-0.01345,0.10222,0.04304,-0.00893409901304364,0.0,4.6219106679164105e-05,-0.0007616045024441097,0.0,-0.0007516505991268642
1254,12.540397099917755,step,10.305188594771883,5.914433787026606,4.477499984204769,10.372000047937036,124371.0,221497.0,0.0,0.0,8.77,5e-05,1e-05,100.0,0.01,-0.04031144931072164,0.0,0.22362363204470065,-0.030049628343326227,0.0,0.22456805907043653,-0.10961211218103549,0.0,-0.05600386684279404,2.7500079281511747,0.0,2.215352757316577,-0.27654525878142877,0.0,-1.122561181329336,1.7834499246707882,0.0,0.9068489109694327,0.43906298932941323,-2.170798374919659,-1.9420091954092087,0.188729689744497,0.2850998007189678,0.05898623509193597,0.04304,0.1345,0.03497,-0.00846557938315494,0.0,0.0002814740909970878,-0.001796241584240476,0.0,-0.001225901116732971
1255,12.55044489982538,step,9.150240728933303,3.661818553535674,4.2616999708116055,10.047799907624722,124371.0,221497.0,0.0,0.0,8.77,5e-05,1e-05,100.0,0.01,-0.039373822819196505,0.0,0.224255589154508,-0.030228918885908333,0.0,0.22456805907043653,-0.12993452793784965,0.0,-0.06151491911717269,2.9524662794458734,0.0,2.21690105554809,-0.28984259004928625,0.0,-1.120056803396666,1.9054947789905117,0.0,0.9015789198983797,0.4436649316930702,-2.1677304133438877,-1.9420091954092087,0.21218169944320084,0.2868321498020035,0.04361402402484883,0.09146,0.15333,0.03228,-0.006549671399499754,0.0,0.0012335447007171979,-0.0025952325337884174,0.0,-0.001546014616645735
1256,12.560509899863973,step,6.834558993154066,1.8602650353219603,4.126999992877245,10.065000038594007,124371.0,221497.0,0.0,0.0,8.77,5e-05,1e-05,100.0,0.01,-0.037131539608191946,0.0,0.22577268031594946,-0.03040397806735399,0.0,0.22456805907043653,-0.12452482194009476,0.0,-0.052424149478574496,2.625724794714714,0.0,1.838863092100407,-0.29763707153787267,0.0,-1.1143770754022826,1.682892254149901,0.0,0.7341879844425993,0.4544027972082697,-2.160060509404459,-1.9420091954092087,0.16462169819714226,0.24865594094122845,0.03755870495822759,0.11029,0.16678,0.024210000000000002,-0.003839213406913201,0.0,0.002797580300317278,-0.002888348133924757,0.0,-0.0015929590548043457
1257,12.570515799801797,step,4.804105758886609,1.7594056660269666,4.90709999576211,10.005899937823415,124371.0,221497.0,0.0,0.0,8.77,5e-05,1e-05,100.0,0.01,-0.03414184534904911,0.0,0.22778454036618007,-0.030573417093262053,0.0,0.22456805907043653,-0.09189552464519844,0.0,-0.03035416615461773,1.8076061201389362,0.0,1.1644057117233466,-0.29968293564381715,0.0,-1.1052236758501295,1.1543926611388886,0.0,0.45192225407218545,0.4682086242992405,-2.14932264388926,-1.9420091954092087,0.049930393186294914,0.17749192902582608,0.04535878443528349,0.09415,0.13988,0.02152,-0.0010077012711834665,0.0,0.00450855574304954,-0.0025607269846035937,0.0,-0.0012920744473060063
1258,12.580297000007704,step,5.049762496099037,2.8687098221200222,4.35320008546114,9.781200205907226,124371.0,221497.0,0.0,0.0,8.77,5e-05,1e-05,100.0,0.01,-0.03093493586025968,0.0,0.22961384392701034,-0.030734545121504617,0.0,0.22456805907043653,-0.034276989999526455,0.0,0.0015689452354175745,0.5896020597987154,0.0,0.344994272780087,-0.2967230541666621,0.0,-1.0936187375587296,0.39284402561342785,0.0,0.12905514842017485,0.48354843217809684,-2.140118759161946,-1.9420091954092087,-0.11523381299292786,0.08458267439331255,0.06518676071368414,0.02959,0.10491,0.02152,0.0014579053996866295,0.0,0.005716074217378458,-0.0016582961384416918,0.0,-0.0006702893608046484
1259,12.590651899809018,step,6.49023804050947,3.4675425857265996,3.939799964427948,10.354899801313877,124371.0,221497.0,0.0,0.0,8.77,5e-05,1e-05,100.0,0.01,-0.02894123121912963,0.0,0.23075560108894314,-0.03090018849066248,0.0,0.22456805907043653,0.030742651964350366,0.0,0.03529565471394509,-0.6095565083515728,0.0,-0.4076829005087166,-0.29206465755182853,0.0,-1.0813030374054604,-0.34165379755172387,0.0,-0.15370181827868554,0.49275231690541066,-2.1339828360104036,-1.9420091954092087,-0.26576900343687604,-0.002267325953180195,0.08114496951572805,-0.02959,0.056490000000000005,0.040350000000000004,0.002294518084952404,0.0,0.006066163761270241,-0.00033556081341955127,0.0,0.00012137825723636253
1260,12.600316899828613,step,8.111772819260041,3.8682706649254768,4.260800080373883,9.665000019595027,124371.0,221497.0,0.0,0.0,8.77,5e-05,1e-05,100.0,0.01,-0.026727007217861642,0.0,0.23143182741595533,-0.031050147554508155,0.0,0.22456805907043653,0.09925015488547648,0.0,0.0653860106088076,-1.8851672071008239,0.0,-1.0313909917367514,-0.285334952139933,0.0,-1.0691323924630025,-1.1186055261267878,0.0,-0.3749858038826641,0.5050241632084959,-2.132448855222518,-1.9420091954092087,-0.41845714126307154,-0.08591369385536476,0.09998053470993555,-0.15064,-0.00538,0.048420000000000005,0.0033147522743827143,0.0,0.005994716043945507,0.001008388062263798,0.0,0.0008690523015732936
1261,12.610449999803677,step,8.784000559161829,3.2572794227026822,4.140899982303381,10.133099975064397,124371.0,221497.0,0.0,0.0,8.77,5e-05,1e-05,100.0,0.01,-0.025782039435159235,0.0,0.23148018145761307,-0.031202484982164415,0.0,0.22456805907043653,0.1541742794675798,0.0,0.08446741589299435,-2.8210738187171827,0.0,-1.3759676639408256,-0.27901687877115156,0.0,-1.0580442943374524,-1.6920595264885063,0.0,-0.49049921609740676,0.5111600863600384,-2.1339828360104036,-1.9420091954092087,-0.5176218608238665,-0.14286555831571052,0.10893224791291847,-0.23403000000000002,-0.040350000000000004,0.05918,0.003112000717277473,0.0,0.005461501838591435,0.0023084448297277073,0.0,0.001450620548585099
1262,12.620299599831924,step,7.894965011443886,1.86976479137861,4.303900059312582,9.849600028246641,124371.0,221497.0,0.0,0.0,8.77,5e-05,1e-05,100.0,0.01,-0.026565265784855782,0.0,0.2308511958623985,-0.031345711850383255,0.0,0.22456805907043653,0.17802862846172512,0.0,0.09086317076250638,-3.10382384203814,0.0,-1.4046899547930618,-0.2759848757751139,0.0,-1.0488630527329117,-1.8738240225077907,0.0,-0.49833490980493145,0.5096261055721527,-2.140118759161946,-1.9404752146213229,-0.5355678830132465,-0.15726414968421637,0.10439881547157653,-0.28514,-0.08339,0.06187,0.001493429238267385,0.0,0.004522269494369501,0.003287016827260088,0.0,0.0017608672975924621
1263,12.630426799878478,step,5.8309798623813816,1.03908005340582,4.124999977648258,10.127200046554208,124371.0,221497.0,0.0,0.0,8.77,5e-05,1e-05,100.0,0.01,-0.028758801686659022,0.0,0.2297209351207622,-0.03148793974939557,0.0,0.22456805907043653,0.1695116913949912,0.0,0.08149247751571688,-2.746743226642856,0.0,-1.0897946240102576,-0.2779144332243173,0.0,-1.041918212150111,-1.6682798766959512,0.0,-0.38746372754882075,0.5004222208448389,-2.147788663101374,-1.938941233833437,-0.4825388056934111,-0.12497445882109431,0.09957805635297656,-0.28783000000000003,-0.08608,0.056490000000000005,-0.0009504138074147256,0.0,0.0034207182496239002,0.0036795518701512766,0.0,0.0017321578007017608
1264,12.640079399803653,step,3.616756688060687,2.171431953107215,3.613700158894062,9.65259992517531,124371.0,221497.0,0.0,0.0,8.77,5e-05,1e-05,100.0,0.01,-0.032963985740079235,0.0,0.2279253135307274,-0.03161870828561536,0.0,0.22456805907043653,0.12036957199037107,0.0,0.055895619932723635,-1.5587278755045837,0.0,-0.39926285114110316,-0.2875242947434088,0.0,-1.0378905379776826,-0.9439775690805289,0.0,-0.13906693953566185,0.48201445139021115,-2.160060509404459,-1.9343392914697801,-0.3354996035847231,-0.03504994778843315,0.08718557198067896,-0.26093,-0.06994,0.0538,-0.004733388518107385,0.0,0.001983852383780424,0.00338811106364351,0.0,0.001373402076510441
1265,12.650088799884543,step,6.747828603868723,6.697070969258789,4.622400039806962,10.009400080889463,124371.0,221497.0,0.0,0.0,8.77,5e-05,1e-05,100.0,0.01,-0.038478197516446114,0.0,0.2250735983104234,-0.031749332757512225,0.0,0.22456805907043653,0.03632205601378754,0.0,0.015073024539010174,0.2999261942601255,0.0,0.7073270666907601,-0.3058191137401912,0.0,-1.0382818771373767,0.2190306775787004,0.0,0.2816285068877528,0.4559367779961553,-2.175400317283316,-1.931271329894009,-0.10829590900257616,0.11215677020865311,0.07919621394717784,-0.19368000000000002,-0.01076,0.048420000000000005,-0.009011210620276384,0.0,-0.0001927561892023234,0.0022823458613424955,0.0,0.0006982954291891864
1266,12.660283899866045,step,13.093137350913175,14.86033088873887,5.42709999717772,10.195099981501698,124371.0,221497.0,0.0,0.0,8.77,5e-05,1e-05,100.0,0.01,-0.04458281156578065,0.0,0.22140638851869837,-0.03187714019382437,0.0,0.22456805907043653,-0.0550007502014479,0.0,-0.04387243072129998,2.3408865222881543,0.0,2.2459063446256198,-0.3324588768872164,0.0,-1.0440559193875985,1.54332813063574,0.0,0.9176041129130242,0.42525716223844245,-2.192274105950058,-1.9297373491061236,0.1457460493718241,0.2881317181837047,0.08266140717027118,-0.06456,0.024210000000000002,0.05111,-0.013121557345516255,0.0,-0.002844035289787457,0.0004158859735599752,0.0,-0.00031763526195070346
1267,12.670208799885586,step,17.17661009355869,17.852405010457385,4.373000003397465,9.924900019541383,124371.0,221497.0,0.0,0.0,8.77,5e-05,1e-05,100.0,0.01,-0.048084174921490204,0.0,0.21854964587884324,-0.03199645796222597,0.0,0.22456805907043653,-0.1520010965263959,0.0,-0.11518011462547616,4.188289100626595,0.0,3.8828648785377236,-0.3609776367483395,0.0,-1.0529610070629933,2.7850620451947505,0.0,1.6358982768878267,0.4068493927838148,-2.204545952253143,-1.931271329894009,0.3884325235509843,0.4470239316899821,0.07419924422612009,0.05918,0.23134000000000002,0.04573,-0.014047067193332782,0.0,-0.004386248404486795,-0.0020406497659314505,0.0,-0.0016321647871065017
1268,12.680228799814358,step,18.032913563516153,13.646929389386473,5.252099828794599,10.01999992877245,124371.0,221497.0,0.0,0.0,8.77,5e-05,1e-05,100.0,0.01,-0.04860502639574399,0.0,0.21727701005405867,-0.03211179821475952,0.0,0.22456805907043653,-0.23086855132023995,0.0,-0.16825978125882773,5.440269067177381,0.0,4.9818833733242744,-0.3855557249900364,0.0,-1.0618077040654168,3.638579194960148,0.0,2.1293222352455468,0.40531541199592913,-2.212215856192571,-1.9328053106818948,0.5711562211101753,0.5427008380559266,0.036798106960588495,0.19906000000000001,0.23941,0.03766,-0.012106068380814326,0.0,-0.004357487767254029,-0.0043871598001701435,0.0,-0.0029335612491238365
1269,12.690320699941367,step,15.26086436469955,5.61403963701527,4.3623000383377075,10.091900127008557,124371.0,221497.0,0.0,0.0,8.77,5e-05,1e-05,100.0,0.01,-0.046156378240667144,0.0,0.21834325099977664,-0.032222758982154154,0.0,0.22456805907043653,-0.267401904886231,0.0,-0.1908724306574128,5.732870887582427,0.0,5.221349169065736,-0.40161904560168493,0.0,-1.0665691862693267,3.813850102010653,0.0,2.21133195014797,0.4191212390868999,-2.2091478946168,-1.9343392914697801,0.6402866926493741,0.5535592106010454,-0.006636910382558939,0.30666,0.30128,0.01614,-0.007912074195325452,0.0,-0.002345293441365924,-0.006021545063187538,0.0,-0.003879514629293969
1270,12.700338299851865,step,11.327878963233623,1.2588915198442432,4.297300009056926,10.017599910497665,124371.0,221497.0,0.0,0.0,8.77,5e-05,1e-05,100.0,0.01,-0.042726073860126376,0.0,0.2200741272767298,-0.03232773654884519,0.0,0.22456805907043653,-0.2563991717935393,0.0,-0.1829433008259675,5.203456468279685,0.0,4.839311553627315,-0.409513318839501,0.0,-1.0673597721526524,3.4320241274085155,0.0,2.0092651027863058,0.43906298932941323,-2.204545952253143,-1.9343392914697801,0.5676771980976747,0.5115117770474239,-0.0009136486479701597,0.35777000000000003,0.30397,-0.00269,-0.0038883663649518898,0.0,-0.0003894072911744782,-0.006509970946329299,0.0,-0.0041045245025322676
1271,12.710319599835202,step,3.999372508521482,1.0326954476389107,4.344200016930699,9.981299983337522,124371.0,221497.0,0.0,0.0,8.77,5e-05,1e-05,100.0,0.01,-0.03635215076464693,0.0,0.22379998599756828,-0.032427224750484096,0.0,0.22456805907043653,-0.19968676475821298,0.0,-0.13701770767444973,3.6631893950696006,0.0,3.515419268651497,-0.40542807464295144,0.0,-1.061448295836494,2.3645980249993723,0.0,1.405131216199371,0.47281056666289734,-2.1892061443742863,-1.9343392914697801,0.3606136034826384,0.3774536217402805,0.004956083533813438,0.24479,0.29052,0.00538,0.0020122088060474524,0.0,0.002911729171578541,-0.005937134820210285,0.0,-0.003679802244446788
1272,12.720473899971694,step,6.364404275285285,10.251409807805945,4.125999985262752,10.154300136491656,124371.0,221497.0,0.0,0.0,8.77,5e-05,1e-05,100.0,0.01,-0.027564867330326245,0.0,0.22855808969703975,-0.03252322364850649,0.0,0.22456805907043653,-0.07622439691381314,0.0,-0.06667108573255806,0.8542020771324417,0.0,1.6183354025489674,-0.3870012336418703,0.0,-1.0482945123081255,0.5402678344343944,0.0,0.6369871936524577,0.5142280479358097,-2.1631284709802308,-1.9374072530455517,-0.04220796351497032,0.1645634912547124,0.07472210878935531,0.15333,0.22058,-0.0,0.009076238762257785,0.0,0.0064789661952105735,-0.004117882444077542,0.0,-0.002488935568607354
1273,12.730210499837995,step,14.13029748675617,19.471921332269634,3.5049000289291143,9.736599866300821,124371.0,221497.0,0.0,0.0,8.77,5e-05,1e-05,100.0,0.01,-0.020464056238717457,0.0,0.23178834786850083,-0.03261036171555999,0.0,0.22456805907043653,0.09735614107196953,0.0,0.0123294784626729,-2.52682579107093,0.0,-0.211486373984227,-0.3601718412597511,0.0,-1.0323640455535144,-1.5373688170952673,0.0,-0.010630647444161936,0.5464416444814081,-2.143186720737717,-1.9404752146213229,-0.5127380159535451,-0.07089237132730795,0.17053362847147607,0.01614,0.11029,0.040350000000000004,0.013214960236110278,0.0,0.0078466363198433,-0.0010686547592677446,0.0,-0.0006263475217789995
1274,12.740401999792084,step,17.960222468269805,18.9641522720674,4.142999881878495,10.191499954089522,124371.0,221497.0,0.0,0.0,8.77,5e-05,1e-05,100.0,0.01,-0.016955257634540463,0.0,0.23321584668665513,-0.032696457095017416,0.0,0.22456805907043653,0.2722550483071098,0.0,0.0840188634405095,-5.539468287313491,0.0,-1.6573603618484,-0.33314840533802603,0.0,-1.0176012028534178,-3.340759201088392,0.0,-0.47841578784287225,0.5633154331481501,-2.135516816798289,-1.9404752146213229,-0.8660561076322983,-0.2843209454084421,0.20094002610154488,-0.25555,-0.02959,0.09415,0.013310537415922767,0.0,0.007271516867588403,0.002430662044554185,0.0,0.0013762707486301914
1275,12.750530199846253,step,14.844389981320907,6.074399603317552,4.061500076204538,10.128200054168701,124371.0,221497.0,0.0,0.0,8.77,5e-05,1e-05,100.0,0.01,-0.019787217556621536,0.0,0.23175307886106292,-0.032776882853535375,0.0,0.22456805907043653,0.3767037942998426,0.0,0.13827934808007916,-6.806705980984596,0.0,-2.3847358656744784,-0.3178611317038703,0.0,-1.0092334525583668,-4.140211478707444,0.0,-0.7628003675020605,0.551043586845065,-2.144720701525603,-1.9404752146213229,-0.9202163903273346,-0.39535545754873985,0.1224414243069173,-0.44654,-0.13719,0.10491,0.007529828119720844,0.0,0.0041215800134369075,0.005459837177192994,0.0,0.003063439777189477
1276,12.760202799923718,step,7.111355033459659,0.1018087778327656,3.3863000571727753,9.672600077465177,124371.0,221497.0,0.0,0.0,8.77,5e-05,1e-05,100.0,0.01,-0.02704601822090634,0.0,0.22867867737977893,-0.0328489646730814,0.0,0.22456805907043653,0.3731741588504268,0.0,0.16436010491298103,-5.970308928995253,0.0,-2.3909175075797906,-0.32007964725895494,0.0,-1.0088228096192022,-3.6867268785935914,0.0,-0.8512846665254113,0.517296009511581,-2.1631284709802308,-1.9374072530455517,-0.7666115320499748,-0.3677325957569809,0.04168086047362747,-0.16409,-0.20444,0.07263,-0.0010927416628031738,0.0,0.00020226436868234048,0.0068956881149782314,0.0,0.003908353940660055
1277,12.770287599880248,step,1.4145894568398043,5.807082868254883,4.2761999648064375,10.084799956530333,124371.0,221497.0,0.0,0.0,8.77,5e-05,1e-05,100.0,0.01,-0.034295539216573454,0.0,0.22489506648598234,-0.03291926544962867,0.0,0.22456805907043653,0.28726472814324955,0.0,0.14771348038375387,-3.893742426498586,0.0,-1.5574807118582812,-0.3356205310004449,0.0,-1.015811019400415,-2.4403696869638236,0.0,-0.6023834545190968,0.48354843217809684,-2.1846042020106298,-1.9343392914697801,-0.5264639476637238,-0.20676256573929527,0.04102761750799826,-0.06725,-0.18561,0.024210000000000002,-0.007654745129996909,0.0,-0.003442079979488123,0.0062784713630521264,0.0,0.003769087395033933
1278,12.780457899905741,step,12.193408058890457,24.338166212150632,4.166000057011843,10.170300025492907,124371.0,221497.0,0.0,0.0,8.77,5e-05,1e-05,100.0,0.01,-0.04372629901958067,0.0,0.21879671213122281,-0.032985221112878604,0.0,0.22456805907043653,0.1377116484145111,0.0,0.08075602097140257,-0.6179393926927002,0.0,0.4776957063818584,-0.3658639039524923,0.0,-1.0331962632322085,-0.36173399365543135,0.0,0.18362506055305292,0.4405969701172989,-2.2198857601319992,-1.9282033683182378,-0.13623455242365967,0.06639824356453596,0.03967520343197653,-0.09146,-0.09953000000000001,0.02152,-0.014896534564588993,0.0,-0.008563194524127479,0.004155456657886931,0.0,0.0027918475849137616
1279,12.790354099823162,step,21.20720162794153,40.81153232734096,4.847000120207667,9.896199917420745,124371.0,221497.0,0.0,0.0,8.77,5e-05,1e-05,100.0,0.01,-0.050797509668804294,0.0,0.21296703107552278,-0.0330447197373768,0.0,0.22456805907043653,-0.041266236648591775,0.0,-0.04135133190042234,2.84979894629883,0.0,3.424620103693582,-0.403230532772665,0.0,-1.0585795582701365,1.9940997315688849,0.0,1.4765187131145772,0.40531541199592913,-2.2490313951018264,-1.926669387530352,0.261094719432562,0.3928930142850635,0.08653338785563738,-0.09953000000000001,0.12105,0.01883,-0.018405132214070318,0.0,-0.012502677280579466,0.0006523422826428225,0.0,0.0009016492856657177
1280,12.800306899938732,step,26.241125999656596,42.669197872773594,4.230499966070056,9.952800115570426,124371.0,221497.0,0.0,0.0,8.77,5e-05,1e-05,100.0,0.01,-0.05422205265581182,0.0,0.20899707867331813,-0.03309999633540571,0.0,0.22456805907043653,-0.22000413133006116,0.0,-0.19583676953368606,5.919451550716577,0.0,6.661310684987426,-0.4394231050136138,0.0,-1.0872772517004872,4.195421325628886,0.0,2.975730028313638,0.38997560411707277,-2.272041106920111,-1.9251354067424666,0.6676675494397215,0.6866398473386685,0.08275160078947288,0.11836,0.1883,0.05111,-0.01782684438748026,0.0,-0.014135201876689414,-0.0032952119329258504,0.0,-0.001435778520428992
1281,12.81031239987351,step,25.32817231444102,26.472599998728338,4.4466000981628895,10.005499934777617,124371.0,221497.0,0.0,0.0,8.77,5e-05,1e-05,100.0,0.01,-0.05276245797603682,0.0,0.2085396691757201,-0.033151057460699615,0.0,0.22456805907043653,-0.3460581760400061,0.0,-0.3082700439926913,7.6675475614164,0.0,8.673704401201604,-0.4655853872547488,0.0,-1.1125589642190572,5.4557962382756395,0.0,3.878904682723822,0.40224745042015786,-2.281244991647425,-1.9251354067424666,0.9810388238577977,0.8329775862923586,-0.01140061324060277,0.33625,0.35508,0.04573,-0.01288637158003294,0.0,-0.012452642269168084,-0.006725028935304264,0.0,-0.0035757476255483603
1282,12.82044929987751,step,18.857895116908843,7.645251037500681,4.309099866077304,10.136900003999472,124371.0,221497.0,0.0,0.0,8.77,5e-05,1e-05,100.0,0.01,-0.04667574640959258,0.0,0.21137796549409593,-0.033198297107602505,0.0,0.22456805907043653,-0.39131233913355845,0.0,-0.3338372952343887,7.696043228001801,0.0,8.722418737572852,-0.47523600197601734,0.0,-1.1295627340180363,5.400858823587137,0.0,3.7933260140714844,0.4405969701172989,-2.276643049283768,-1.926669387530352,1.0589343407555958,0.8131405957195585,-0.10542843718623493,0.06994,0.44923,-0.00538,-0.004753461725081043,0.0,-0.008375297455757429,-0.008723987576909032,0.0,-0.004814796120583172
1283,12.830283099785447,step,11.96579018043981,2.079730060577681,4.347600042819977,9.833799907937646,124371.0,221497.0,0.0,0.0,8.77,5e-05,1e-05,100.0,0.01,-0.040459353514001775,0.0,0.21502552222291643,-0.03323992658688139,0.0,0.22456805907043653,-0.33751003123561246,0.0,-0.2901486000157228,6.223050934291024,0.0,7.464265622344158,-0.4722208489857663,0.0,-1.1393041587328439,4.277128301695854,0.0,3.1310820568219975,0.4758785282386686,-2.2628372221927973,-1.9282033683182378,0.8317592919861181,0.7066457766333087,-0.04938675779281486,0.01614,0.44654,-0.0538,0.0014851296780955953,0.0,-0.004798190671475664,-0.008704556605215984,0.0,-0.004744346176044436
1284,12.840429999865592,step,4.318871684379423,6.412823975860599,4.325499990954995,10.146900080144405,124371.0,221497.0,0.0,0.0,8.77,5e-05,1e-05,100.0,0.01,-0.03160184924564943,0.0,0.2205880001210716,-0.03327868656206224,0.0,0.22456805907043653,-0.21692351493647208,0.0,-0.1981481949770242,3.454864438443162,0.0,5.096699100157971,-0.4543318644980626,0.0,-1.1400950018220408,2.2822059567289044,0.0,2.051683062480235,0.5188299902994666,-2.2321576064350843,-1.9328053106818948,0.41941700557640804,0.472445199459432,0.016279488358036,0.05111,0.40081,-0.02152,0.008811314669464918,0.0,-0.0003895339792974713,-0.007134477353052112,0.0,-0.0035905249700674572
1285,12.850284099811688,step,10.93796994753565,18.970200989474936,4.43900004029274,9.85409994609654,124371.0,221497.0,0.0,0.0,8.77,5e-05,1e-05,100.0,0.01,-0.022448207506485504,0.0,0.22583637826294795,-0.03331239422243899,0.0,0.22456805907043653,-0.018114419849470247,0.0,-0.08657294819699295,-0.522222710590551,0.0,2.432023440527999,-0.42401589174786564,0.0,-1.1346680463511467,-0.34916568870857256,0.0,0.993098588486589,0.5571795099966076,-2.195342067525829,-1.9404752146213229,-0.20215322280896234,0.16416158736967412,0.16697825447786102,0.17754,0.269,-0.03497,0.014932293982172226,0.0,0.0026730758464288875,-0.004068107266218738,0.0,-0.001404756653917474
1286,12.860419699922204,step,20.354360511511327,33.22152062692428,4.311900120228529,10.135600110515952,124371.0,221497.0,0.0,0.0,8.77,5e-05,1e-05,100.0,0.01,-0.013833883570534555,0.0,0.2303721324587705,-0.03334318196733512,0.0,0.22456805907043653,0.22346232243897182,0.0,0.024391866128436145,-5.087110303630266,0.0,-0.12488114543672771,-0.3842737365188249,0.0,-1.1256327196222975,-3.173574136945281,0.0,0.10736502638664905,0.5909270873300917,-2.160060509404459,-1.9466111377728657,-0.8546840490201314,-0.18115205086875566,0.29769845501525893,-0.02959,0.09684000000000001,0.12105,0.019575210409875546,0.0,0.00445039834452541,-6.59120130749799e-05,0.0,0.0013536750438085587
1287,12.87020709994249,step,22.628094092593116,25.079384329423856,5.8889000210911036,9.78740002028644,124371.0,221497.0,0.0,0.0,8.77,5e-05,1e-05,100.0,0.01,-0.011891405678524203,0.0,0.23169048912997955,-0.03336933929212319,0.0,0.22456805907043653,0.43973103323919527,0.0,0.12184515728560405,-8.550101067742903,0.0,-1.9873234244038374,-0.349342140203126,0.0,-1.119823004026139,-5.256951546649075,0.0,-0.5310240471488122,0.593995048905863,-2.144720701525603,-1.9512130801365222,-1.207583382408287,-0.4665690127723393,0.26504170491436085,-0.42233000000000004,-0.05111,0.15871000000000002,0.01720574397366787,0.0,0.0028616063864909764,0.004272189639931118,0.0,0.004260823673052046
1288,12.880349699873477,step,17.263193136351873,6.615545368258053,4.48520015925169,10.142599930986762,124371.0,221497.0,0.0,0.0,8.77,5e-05,1e-05,100.0,0.01,-0.017027951434985908,0.0,0.23006400775116265,-0.03339292578149227,0.0,0.22456805907043653,0.5372594120621562,0.0,0.19883058282601024,-9.464533314646777,0.0,-3.069438804208096,-0.3312834396227747,0.0,-1.1219818467165925,-5.8624145310334805,0.0,-1.0235409419670458,0.5663833947239215,-2.1508566246771457,-1.952747060924408,-1.1628568323255337,-0.5983794267792415,0.09918554538458824,-0.33087,-0.25286000000000003,0.14526,0.00889490923559686,0.0,-0.0010633494752334905,0.0074700651109095035,0.0,0.006559298155959605
1289,12.890491699799895,step,9.00245317815682,1.8449284687628833,4.232999868690968,10.141999926418066,124371.0,221497.0,0.0,0.0,8.77,5e-05,1e-05,100.0,0.01,-0.02492312475740667,0.0,0.22756205616063557,-0.03341312738689893,0.0,0.22456805907043653,0.4873284650758029,0.0,0.23436266673819087,-7.868264026994003,0.0,-3.3094671304844563,-0.33113704746627753,0.0,-1.131585231160353,-4.919072385541021,0.0,-1.2155941920733768,0.5311018366025517,-2.170798374919659,-1.943543176197094,-0.9469699629872828,-0.5355915639067408,0.010089653581445895,-0.02959,-0.31204000000000004,0.056490000000000005,7.21062370491049e-05,0.0,-0.004730198200126014,0.008417896392443155,0.0,0.007724195290325055
1290,12.900281299836934,step,1.0809970291877067,10.87390813526378,4.486300051212311,9.789600037038326,124371.0,221497.0,0.0,0.0,8.77,5e-05,1e-05,100.0,0.01,-0.03358598973062557,0.0,0.22349843175584438,-0.033429618425741846,0.0,0.22456805907043653,0.3376962978321593,0.0,0.2180438163407954,-4.6890298588107555,0.0,-2.430914658200312,-0.34598293514245476,0.0,-1.149565637881824,-2.9836970767634208,0.0,-0.973685086187656,0.4896843553296394,-2.1938080867379433,-1.938941233833437,-0.5677700855483324,-0.2991853327975451,-0.017058800856784087,-0.02959,-0.30935,0.03497,-0.0073124211132412215,0.0,-0.008856345178047665,0.007156049808357497,0.0,0.0077867178634555174
1291,12.910414799815044,step,11.798822023223078,31.169135583642788,4.188799997791648,10.133499978110194,124371.0,221497.0,0.0,0.0,8.77,5e-05,1e-05,100.0,0.01,-0.04287460498029855,0.0,0.21747778168347878,-0.0334437954863214,0.0,0.22456805907043653,0.13808299835970358,0.0,0.1351336586032056,-0.6835666139825424,0.0,-0.12403142423372944,-0.37366485948817657,0.0,-1.1777111143158778,-0.42847924488649114,0.0,-0.06139210143967171,0.44826687405672705,-2.230623625647199,-1.931271329894009,-0.12379325293388793,0.03455743673885306,0.0003243650633083413,-0.14526,-0.19099000000000002,0.00269,-0.013634879399338527,0.0,-0.013863204451483821,0.004204069905361377,0.0,0.006772927064526072
1292,12.920312499860302,step,20.012752109948973,45.224253813860486,4.27310005761683,9.897700045257807,124371.0,221497.0,0.0,0.0,8.77,5e-05,1e-05,100.0,0.01,-0.04865246244588208,0.0,0.211546990840215,-0.03345502749263479,0.0,0.22456805907043653,-0.07712615985000598,0.0,-0.011537000201253766,3.1791980612645783,0.0,3.2671817068297933,-0.40464374633957007,0.0,-1.213787716984943,2.222471435120235,0.0,1.4585689934040915,0.41758725829901433,-2.2582352798291403,-1.935873272257666,0.2941767162169146,0.39907649685886765,0.06519604823073451,-0.08608,0.11298000000000001,0.04304,-0.015258815856484495,0.0,-0.017769722956654903,6.138090323720528e-05,0.0,0.00474865472643337
1293,12.930464399978518,step,23.617361980371182,42.338015277588035,4.863000009208918,10.151900118216872,124371.0,221497.0,0.0,0.0,8.77,5e-05,1e-05,100.0,0.01,-0.050258790271149996,0.0,0.20796328463416697,-0.03346411096988047,0.0,0.22456805907043653,-0.25415054076505855,0.0,-0.17438041715777217,6.018347392534008,0.0,6.600945213255879,-0.43034625925386116,0.0,-1.2519489747442216,4.313818499535998,0.0,3.036312031718022,0.4114513351474717,-2.2797110108595393,-1.938941233833437,0.6586635818759055,0.6721342144613538,0.06485147618772252,0.14795,0.21251,0.04573,-0.012659909747223232,0.0,-0.018796530933921602,-0.004134769554046291,0.0,0.002191756497652037
1294,12.940293999854475,step,20.841937498236287,23.386059297520237,4.2489999905228615,9.829599875956774,124371.0,221497.0,0.0,0.0,8.77,5e-05,1e-05,100.0,0.01,-0.047026884713620834,0.0,0.20873710763378556,-0.03347080359514171,0.0,0.22456805907043653,-0.37001244571501213,0.0,-0.28326192013392004,7.410424004152591,0.0,8.383270095434504,-0.44284095339721463,0.0,-1.2837795509743195,5.311383314021838,0.0,3.8022086962800827,0.4344610469657564,-2.2843129532231963,-1.938941233833437,0.9428913114149732,0.7972866674036634,-0.034742492834724664,0.3497,0.36853,0.05111,-0.006154328205241832,0.0,-0.015678320000029534,-0.007401752913237295,0.0,-0.00015263143662144069
1295,12.950265899999067,step,15.034991360693635,12.464161370932697,5.586300045251846,9.971900144591928,124371.0,221497.0,0.0,0.0,8.77,5e-05,1e-05,100.0,0.01,-0.040084521976526954,0.0,0.2110634299382348,-0.033475743177246386,0.0,0.22456805907043653,-0.3791179041232393,0.0,-0.3031049178576536,6.794856858515507,0.0,8.41533295750738,-0.4381164858487177,0.0,-1.3082925572144737,4.85127179240755,0.0,3.7108810232088505,0.4774125090265543,-2.281244991647425,-1.943543176197094,0.8986427758947869,0.7590848774025906,-0.0589830108812546,0.00807,0.43578,-0.01614,0.0023270616755297884,0.0,-0.01207401189402462,-0.008935840474810356,0.0,-0.001430617238177119
1296,12.960489199962467,step,9.831678801607993,12.796367781081624,4.209399921819568,10.223299963399768,124371.0,221497.0,0.0,0.0,8.77,5e-05,1e-05,100.0,0.01,-0.032525978132991004,0.0,0.21478269517437337,-0.03347916304664185,0.0,0.22456805907043653,-0.29720481940441107,0.0,-0.26003755646256355,4.742377168793033,0.0,7.164863378976874,-0.4190895434878719,0.0,-1.3249597061443639,3.3284028345009515,0.0,3.0400585949748558,0.5188299902994666,-2.264371202980683,-1.948145118560751,0.6253632781053486,0.637381388004157,0.015980501027382354,0.00269,0.40888,-0.02959,0.009371821885944591,0.0,-0.008209493052277165,-0.008418636972293746,0.0,-0.0015758708437859942
1297,12.970298299798742,step,11.059298434379553,22.724481208218723,4.585399990901351,9.809099836274981,124371.0,221497.0,0.0,0.0,8.77,5e-05,1e-05,100.0,0.01,-0.023865071865764198,0.0,0.2191055714240723,-0.033481168296956444,0.0,0.22456805907043653,-0.1464265645471769,0.0,-0.17813989160988108,1.531119903473743,0.0,5.156669578192277,-0.3868226981404724,0.0,-1.3347103344183748,1.0545681592770169,0.0,2.1240564443367687,0.5602474715723789,-2.2367595487987413,-1.9558150225001791,0.1433540163000202,0.40274119351743554,0.13986135686781015,0.0538,0.33894,-0.024210000000000002,0.0158932066793577,0.0,-0.004802723933622287,-0.006277110248165452,0.0,-0.0006597637127419408
1298,12.980471099959686,step,18.893702296070927,39.20507591730954,4.203899996355176,10.172800160944462,124371.0,221497.0,0.0,0.0,8.77,5e-05,1e-05,100.0,0.01,-0.014588789300010521,0.0,0.2246650766452179,-0.03348224250588952,0.0,0.22456805907043653,0.06937859851017691,0.0,-0.08174471022086331,-2.7271124197021055,0.0,2.7145816791744157,-0.34259074797061684,0.0,-1.3366567105477256,-1.8004882417580497,0.0,1.154904132746773,0.6001309720574056,-2.1984100291016,-1.9588829840759507,-0.48712150917303,0.08167017516765161,0.2913334462565102,0.10222,0.2421,0.09953000000000001,0.021786682841532245,0.0,-0.0009586979379759642,-0.002893229635653246,0.0,0.0010557155127573303
1299,12.990364499855787,step,26.033231046843703,49.370079731032895,4.928199807181954,9.893399896100163,124371.0,221497.0,0.0,0.0,8.77,5e-05,1e-05,100.0,0.01,-0.007745829192249448,0.0,0.228485529466238,-0.0334826227850101,0.0,0.22456805907043653,0.30900145351807357,0.0,0.01622950667779208,-7.083194219402464,0.0,0.49053015791179316,-0.2929153450414481,0.0,-1.3357302493362373,-4.522436373468365,0.0,0.3999743485318073,0.6262086454514615,-2.1677304133438877,-1.961950945651722,-1.0996454612964555,-0.2685240548553769,0.39182986279819754,-0.21251,0.04304,0.15064,0.024467884515313388,0.0,0.00045633340836585996,0.001268909077447266,0.0,0.003461136987435621
1300,13.000384499784559,step,27.243105708660917,37.718146038892,4.351200070232153,10.01999992877245,124371.0,221497.0,0.0,0.0,8.77,5e-05,1e-05,100.0,0.01,-0.006782711498220337,0.0,0.22998089033253763,-0.03348267528810765,0.0,0.22456805907043653,0.49893270857290256,0.0,0.10601028994168149,-10.059143690283904,0.0,-1.2586943053709745,-0.24950194134206632,0.0,-1.336818220465961,-6.3200191269675035,0.0,-0.22031664170935694,0.6231406838756902,-2.1508566246771457,-1.965018907227493,-1.3949949447667485,-0.5454691468699953,0.32749229502833305,-0.59987,-0.11836,0.22327,0.021383503414109665,0.0,-0.0005358859795467847,0.005316460375777651,0.0,0.005948717241647882
1301,13.010283699957654,step,21.096046666450786,14.318834631913276,4.497100133448839,9.899200173094869,124371.0,221497.0,0.0,0.0,8.77,5e-05,1e-05,100.0,0.01,-0.012806531076095334,0.0,0.2287561666952641,-0.03348267528810765,0.0,0.22456805907043653,0.5576190705979464,0.0,0.1831086549840772,-10.309986022222866,0.0,-2.394235276833251,-0.22385145423616618,0.0,-1.3444336155854357,-6.496935880666292,0.0,-0.7624282338293263,0.5909270873300917,-2.156992547828688,-1.9634849264396077,-1.2776240728607637,-0.6469709769024681,0.13628365047037816,-0.13988,-0.27976,0.18292,0.012634284157968523,0.0,-0.0037510034611591414,0.008041860054043795,0.0,0.007939111085986716
1302,13.020368999801576,step,11.256114313547247,5.303390707600593,4.261200083419681,10.085299843922257,124371.0,221497.0,0.0,0.0,8.77,5e-05,1e-05,100.0,0.01,-0.022311870196909195,0.0,0.22595125213508724,-0.03348267528810765,0.0,0.22456805907043653,0.4702781318132168,0.0,0.22733987951288848,-7.990878380428861,0.0,-2.733101004577017,-0.21832464863285894,0.0,-1.3597510551627046,-5.088800470393973,0.0,-1.0324049390784729,0.5464416444814081,-2.178468278859087,-1.9542810417122938,-0.9499033891443075,-0.5331749017902497,0.015827107803946888,-0.01614,-0.3497,0.08070000000000001,0.0027222575614158397,0.0,-0.007544686515805523,0.008448547529782618,0.0,0.00892787958045623
1303,13.030095799826086,step,3.9265163245292696,10.69030516902527,3.832699963822961,9.72680002450943,124371.0,221497.0,0.0,0.0,8.77,5e-05,1e-05,100.0,0.01,-0.03018966537185383,0.0,0.22242945762597596,-0.03348267528810765,0.0,0.22456805907043653,0.3038770120874129,0.0,0.20926394030523401,-4.657058145335292,0.0,-1.8976353927442393,-0.22482256509702947,0.0,-1.381938717051149,-3.011321348131322,0.0,-0.7770650067043905,0.5111600863600384,-2.203011971465257,-1.9466111377728657,-0.5893144870565714,-0.268690655094431,0.028405206662582172,-0.05111,-0.30666,0.01076,-0.0032005833925932954,0.0,-0.01092865113797603,0.006493593308847118,0.0,0.00879004969351546
1304,13.040099899983034,step,10.254041723860537,28.217467820441364,3.7225999403744936,10.00410015694797,124371.0,221497.0,0.0,0.0,8.77,5e-05,1e-05,100.0,0.01,-0.039281539083200284,0.0,0.21611119497311082,-0.03348267528810765,0.0,0.22456805907043653,0.07995449767151153,0.0,0.1239719165322704,-0.3232554654225886,0.0,0.49732262746531797,-0.24306699254669184,0.0,-1.4147718444997501,-0.20070986548904934,0.0,0.19487273235675454,0.47127658587501176,-2.242895471950284,-1.9404752146213229,-0.09057008544685605,0.09801201389111643,0.031450082808484416,-0.16409,-0.14257,0.01614,-0.008986389995122322,0.0,-0.016172131946960353,0.0031875262000296903,0.0,0.007715267849634642
1305,13.050283299991861,step,18.898488905001464,43.53506993057479,4.310799995437264,10.183400008827448,124371.0,221497.0,0.0,0.0,8.77,5e-05,1e-05,100.0,0.01,-0.045355336127350106,0.0,0.2098645626328955,-0.03348267528810765,0.0,0.22456805907043653,-0.13088506499349575,0.0,-0.023169747851536217,3.495353531077627,0.0,3.947169973783999,-0.26491573846670025,0.0,-1.4559954517928009,2.486957687642185,0.0,1.7847315485405715,0.4405969701172989,-2.2751090684958823,-1.943543176197094,0.3219156490906828,0.46116669411133016,0.09255509744391925,-0.08608,0.00269,0.01614,-0.010761716271077974,0.0,-0.020304907521117025,-0.0011109445681644799,0.0,0.0056014110835759835
1306,13.06032139994204,step,22.32325301296404,40.627488454281895,4.256500164046884,10.038099950179458,124371.0,221497.0,0.0,0.0,8.77,5e-05,1e-05,100.0,0.01,-0.047083948617906886,0.0,0.20686684473669942,-0.03348267528810765,0.0,0.22456805907043653,-0.30718829559064265,0.0,-0.18604946653107407,6.325726230851049,0.0,7.201524801117095,-0.2815885108555733,0.0,-1.4978689885861378,4.593403484974345,0.0,3.3290467072478194,0.43599502775364196,-2.2965847995262814,-1.9420091954092087,0.6999463240798852,0.729252413980971,0.07181406089271862,0.12912,0.23403000000000002,0.048420000000000005,-0.008212262916975948,0.0,-0.02062503376103442,-0.005389010412823286,0.0,0.0029238194272973063
1307,13.070296899881214,step,20.020262010090498,26.489129032527586,4.23559988848865,9.97549993917346,124371.0,221497.0,0.0,0.0,8.77,5e-05,1e-05,100.0,0.01,-0.0436058552264102,0.0,0.20729576568219704,-0.03348267528810765,0.0,0.22456805907043653,-0.40905029563438255,0.0,-0.2888973355501912,7.471561339335116,0.0,8.934811003373483,-0.28456195280897584,0.0,-1.5341403973618681,5.455192083689319,0.0,4.083112767588458,0.46053872035981225,-2.302720722677824,-1.943543176197094,0.937695039227661,0.8277475548699358,-0.02426463240797401,0.36046,0.37929,0.03766,-0.0014645846845486084,0.0,-0.01786567574293749,-0.008658595253753941,0.0,0.0005933823546980001
1308,13.080415799980983,step,14.920408879048056,19.444320466695224,4.149099811911583,10.118900099769235,124371.0,221497.0,0.0,0.0,8.77,5e-05,1e-05,100.0,0.01,-0.03682511231945802,0.0,0.2100268515617929,-0.03348267528810765,0.0,0.22456805907043653,-0.40891906394669675,0.0,-0.30100335550627416,6.725103399333763,0.0,8.780558119456378,-0.2708837850567522,0.0,-1.562160457145473,4.856569525160298,0.0,3.857821504280387,0.5050241632084959,-2.2996527611020525,-1.943543176197094,0.899169178211637,0.7874928679976353,-0.05521987105487032,0.00538,0.45192000000000004,-0.01076,0.006737254439983088,0.0,-0.013801429811752029,-0.010079691471333458,0.0,-0.0007397776968915987
1309,13.090315699810162,step,11.49607300397291,21.611964931793928,4.243900068104267,9.899899829179049,124371.0,221497.0,0.0,0.0,8.77,5e-05,1e-05,100.0,0.01,-0.030342262294005357,0.0,0.21350923902763141,-0.03348267528810765,0.0,0.22456805907043653,-0.31536978002974947,0.0,-0.26320682265100703,4.607647108363633,0.0,7.6578907413113635,-0.24534701563748823,0.0,-1.5828600140058757,3.2737868846540894,0.0,3.23672259543532,0.5403057213298655,-2.2827789724353105,-1.9466111377728657,0.5988431286863068,0.6667830949621281,0.04678896526077281,0.00269,0.4304,-0.02959,0.01257827190522585,0.0,-0.010195677073836134,-0.009437858911123554,0.0,-0.0008631429689689839
1310,13.100430499995127,step,14.171036287815408,36.530052026213085,4.485900048166513,10.114800184965134,124371.0,221497.0,0.0,0.0,8.77,5e-05,1e-05,100.0,0.01,-0.02069534501951205,0.0,0.2184604855692464,-0.03348267528810765,0.0,0.22456805907043653,-0.15714329082460246,0.0,-0.17873521196717945,1.1691474649273481,0.0,5.5185076853815325,-0.20446129583708506,0.0,-1.5953043105996405,0.8025489773487325,0.0,2.2627801136526027,0.5863251449664348,-2.250565375889712,-1.9542810417122938,0.10394505394198816,0.40403693243789607,0.15384494373558585,0.06725,0.38467,0.03228,0.02013847923545101,0.0,-0.006129504623539806,-0.0073511489668554066,0.0,2.1931122349683543e-05
1311,13.110369199886918,step,21.247341770905713,52.39690599601668,4.168400075286627,9.938699891790748,124371.0,221497.0,0.0,0.0,8.77,5e-05,1e-05,100.0,0.01,-0.012286431407266638,0.0,0.22309538202723098,-0.03348267528810765,0.0,0.22456805907043653,0.05561799259271296,0.0,-0.08025807457672084,-2.958039166357382,0.0,3.178005718694802,-0.1537155736960878,0.0,-1.6019913865069073,-1.9804380589047932,0.0,1.347704994320642,0.6246746646635758,-2.2198857601319992,-1.9558150225001791,-0.5317738201900721,0.08618096972862203,0.31413354704657664,0.06725,0.22327,0.08608,0.024995075948604492,0.0,-0.003293754884634562,-0.0037988320677634774,0.0,0.0018210778414290063
1312,13.120532299857587,step,27.819140414057774,61.58138244704616,4.159600008279085,10.163099970668554,124371.0,221497.0,0.0,0.0,8.77,5e-05,1e-05,100.0,0.01,-0.0058009531594390845,0.0,0.2273297312755042,-0.03348267528810765,0.0,0.22456805907043653,0.29886629694872135,0.0,0.022041135900241746,-7.335749660297738,0.0,0.8247972332010067,-0.09829455142407495,0.0,-1.6047444598218374,-4.723312168523676,0.0,0.5597358437431131,0.6476843764818605,-2.186138182798515,-1.957349003288065,-1.153842845492564,-0.27909608331800695,0.4109170475812835,-0.26093,0.0538,0.17485,0.027297919950559187,0.0,-0.0013560409369593315,0.00038380217810938047,0.0,0.004117713142027009
1313,13.130302999867126,step,28.38128021880514,46.195058363500905,4.289600066840649,9.770700009539723,124371.0,221497.0,0.0,0.0,8.77,5e-05,1e-05,100.0,0.01,-0.005472169532139151,0.0,0.22914065506759126,-0.03348267528810765,0.0,0.22456805907043653,0.4823012388253424,0.0,0.11708011435016738,-10.151291058986423,0.0,-1.0562816545369302,-0.050405356766778285,0.0,-1.6087914282243094,-6.403581164556761,0.0,-0.09929606294258189,0.6415484533303178,-2.169264394131773,-1.957349003288065,-1.42140860180718,-0.552264927339438,0.3300244937365803,-0.5944900000000001,-0.06994,0.22865000000000002,0.023588078109338557,0.0,-0.001993355859639426,0.004422427646629944,0.0,0.006565951856794159
1314,13.140438599977642,step,21.54843086275005,18.302072622550604,4.175099777057767,10.135600110515952,124371.0,221497.0,0.0,0.0,8.77,5e-05,1e-05,100.0,0.01,-0.012274967398300002,0.0,0.2283848638476434,-0.03348267528810765,0.0,0.22456805907043653,0.5324193400927706,0.0,0.20276445353806663,-10.193503957183236,0.0,-2.403431820041416,-0.021717371470160996,0.0,-1.6183884658270598,-6.42032846238951,0.0,-0.718043014540819,0.6047329144210625,-2.17386633649543,-1.952747060924408,-1.2695639073070852,-0.6424790848972521,0.1242663093599042,-0.09684000000000001,-0.28514,0.18561,0.014130420083668284,0.0,-0.0047270720297536775,0.007077287806139367,0.0,0.008543876806960539
1315,13.150289999786764,step,13.49475517383932,8.187389055792286,5.113800056278706,9.851399809122086,124371.0,221497.0,0.0,0.0,8.77,5e-05,1e-05,100.0,0.01,-0.02009035977532378,0.0,0.22622766818342413,-0.03348267528810765,0.0,0.22456805907043653,0.44888383402777654,0.0,0.23837835220402753,-8.120223682651725,0.0,-2.6875460088973058,-0.009403352127958328,0.0,-1.6344425737259582,-5.1554302505193546,0.0,-0.9529358307556711,0.5679173755118071,-2.190740125162172,-1.9450771569849798,-0.9816445687448057,-0.5115723236960624,0.05341868923750358,-0.0269,-0.34432,0.07801000000000001,0.006065335868819536,0.0,-0.00790753642455059,0.007326979643964337,0.0,0.009567145537538188
1316,13.16027869982645,step,4.833669383099754,10.637908704782218,5.480899941176176,9.988700039684772,124371.0,221497.0,0.0,0.0,8.77,5e-05,1e-05,100.0,0.01,-0.028984952742222556,0.0,0.22279750785531938,-0.03348267528810765,0.0,0.22456805907043653,0.28142759217500213,0.0,0.22898722105594704,-4.665450428707663,0.0,-2.012750371075138,-0.011630132506981538,0.0,-1.6573976795715586,-3.0036228428010023,0.0,-0.7797108358444347,0.529567855814666,-2.218351779344114,-1.9328053106818948,-0.5839813245024827,-0.26791130820472214,0.0101365090734057,-0.07263,-0.25824,0.024210000000000002,-0.0010968125458910571,0.0,-0.011306659750053911,0.005594535091776154,0.0,0.009536108534936756
1317,13.170070299878716,step,8.710452878044789,24.79523062835463,3.6245998926460743,9.791600052267313,124371.0,221497.0,0.0,0.0,8.77,5e-05,1e-05,100.0,0.01,-0.0381878559688798,0.0,0.21723776138876444,-0.03348267528810765,0.0,0.22456805907043653,0.06056974508420642,0.0,0.14139496741882407,-0.36917728366968955,0.0,0.3119327585428554,-0.02592897194475792,0.0,-1.6895738310218242,-0.2380461203556464,0.0,0.12006273543449023,0.4896843553296394,-2.255167318253369,-1.9236014259545808,-0.10593362588764893,0.09609296902663408,0.027855726180831472,-0.19368000000000002,-0.15333,0.00269,-0.007042969587290183,0.0,-0.01584853491686628,0.002337788906518033,0.0,0.008518237235194185
1318,13.18033599993214,step,17.46678878608007,39.78839920203926,4.452800145372748,10.265700053423643,124371.0,221497.0,0.0,0.0,8.77,5e-05,1e-05,100.0,0.01,-0.04479260858367248,0.0,0.2112573821775281,-0.03348267528810765,0.0,0.22456805907043653,-0.15759177105598876,0.0,-0.001500522260459713,3.6127377792879023,0.0,3.650011582160642,-0.045052908249487114,0.0,-1.7298689302314632,2.509450084219286,0.0,1.5825119391994429,0.45900473957192656,-2.2889148955868532,-1.922067445166695,0.3193505747523999,0.45946689660613516,0.0786109110176495,-0.09146,-0.01345,0.01345,-0.00941959677004583,0.0,-0.01984756591507403,-0.001890336525519001,0.0,0.006536889022165596
1319,13.190254199784249,step,20.89925304488823,37.323954711288415,3.5047000274062157,9.918199852108955,124371.0,221497.0,0.0,0.0,8.77,5e-05,1e-05,100.0,0.01,-0.04685849436225934,0.0,0.2085098449128837,-0.03348267528810765,0.0,0.22456805907043653,-0.33716419850571455,0.0,-0.15646311741008065,6.52611454103816,0.0,6.73207292284617,-0.0597244245073696,0.0,-1.770500744690814,4.615944333824454,0.0,2.972244415708707,0.452868816420384,-2.3088566458293664,-1.9189994835909239,0.6877666891323422,0.7102728203914446,0.05031324943129116,0.14526,0.24748,0.04304,-0.007226533541645874,0.0,-0.020013416806233364,-0.006149285532505815,0.0,0.003955202648680545
1320,13.200379999820143,step,18.491233357367026,23.732320623848985,4.155999980866909,10.125800035893917,124371.0,221497.0,0.0,0.0,8.77,5e-05,1e-05,100.0,0.01,-0.043926729816402846,0.0,0.20930871976342197,-0.03348267528810765,0.0,0.22456805907043653,-0.43738000598796345,0.0,-0.25668924037958063,7.705733178228473,0.0,8.365631000688662,-0.06183128175849155,0.0,-1.8048835482954628,5.441821792070255,0.0,3.61332877704264,0.4758785282386686,-2.314992568980909,-1.9159315220151527,0.9170078084062139,0.7993590581950365,-0.04527522168321525,0.37929,0.38736000000000004,0.02959,-0.0010377437699741893,0.0,-0.01693543319841423,-0.009406310758321004,0.0,0.001676093891399666
1321,13.210263199871406,step,13.287984456704471,17.863966336537064,4.979399964213371,9.883200051262975,124371.0,221497.0,0.0,0.0,8.77,5e-05,1e-05,100.0,0.01,-0.037513800019344956,0.0,0.21190628335283568,-0.03348267528810765,0.0,0.22456805907043653,-0.4383808239209504,0.0,-0.26997762132846276,7.015768230207337,0.0,8.249052382545868,-0.04796863955767673,0.0,-1.8313604338381215,4.883990015855671,0.0,3.4342057833273305,0.517296009511581,-2.3119246074051376,-1.9159315220151527,0.8626894912289537,0.7482260445746888,-0.07414251788826133,0.00269,0.43309000000000003,-0.01883,0.006828118313006762,0.0,-0.013041331113240816,-0.010859243044244066,0.0,0.00037955539563996193
1322,13.22032029996626,step,8.974991550884308,20.462384927700572,4.540699999779463,10.057100094854832,124371.0,221497.0,0.0,0.0,8.77,5e-05,1e-05,100.0,0.01,-0.030594879508619582,0.0,0.2160703470916498,-0.03348267528810765,0.0,0.22456805907043653,-0.3441654931578275,0.0,-0.22964600197139093,4.84017020617442,0.0,6.982530811586386,-0.021278271565756755,0.0,-1.8489883521168329,3.2573197002159513,0.0,2.793331265376434,0.5541115484208363,-2.2919828571626244,-1.917465502803038,0.5781815379410136,0.61888109410763,0.004682998534458721,0.00269,0.41157,-0.040350000000000004,0.013146483031626272,0.0,-0.008682725116571298,-0.010258687252138202,0.0,0.00018501313778456104
1323,13.230247400002554,step,12.552155412486982,35.045419355153626,3.5059000365436077,9.927100036293268,124371.0,221497.0,0.0,0.0,8.77,5e-05,1e-05,100.0,0.01,-0.0215256972775196,0.0,0.22074872897818998,-0.03348267528810765,0.0,0.22456805907043653,-0.1837335722371195,0.0,-0.15066982984566163,1.4314527082571944,0.0,4.973431226401265,0.0193917934442921,0.0,-1.8588987900403604,0.8759278530772429,0.0,1.9660373301018408,0.5970630104816343,-2.2628372221927973,-1.9236014259545808,0.07624194312612212,0.36904416751458996,0.12625074399105646,0.06456,0.33625,-0.01076,0.020032257318880194,0.0,-0.004881439028382119,-0.008075279308292143,0.0,0.0010621089361355657
1324,13.240101299947128,step,20.381431688487115,51.24908836607056,3.6123001482337713,9.85389994457364,124371.0,221497.0,0.0,0.0,8.77,5e-05,1e-05,100.0,0.01,-0.013120644365293463,0.0,0.22545713407898504,-0.03348267528810765,0.0,0.22456805907043653,0.036115965538558024,0.0,-0.05192249780540898,-2.8003396973888304,0.0,2.615109479485465,0.06987276097427629,0.0,-1.8626572918083824,-1.889089747706126,0.0,1.143111774473161,0.6354125301787753,-2.23369158722297,-1.9236014259545808,-0.5505482160701696,0.05714295961811719,0.2789204054447313,0.07801000000000001,0.2152,0.08608,0.02486466965363389,0.0,-0.0018512700811242626,-0.0045026387308197,0.0,0.0027403450896727748
1325,13.250266999937594,step,26.951348417298185,58.80647648102805,4.494199994951487,10.165699990466237,124371.0,221497.0,0.0,0.0,8.77,5e-05,1e-05,100.0,0.01,-0.007039976879165022,0.0,0.22977947753034783,-0.03348267528810765,0.0,0.22456805907043653,0.2778294836819151,0.0,0.04808175841137813,-7.1103730043360995,0.0,0.2853113734862375,0.12409350791809631,0.0,-1.8619981826325613,-4.488723690848322,0.0,0.45890436657509454,0.6584222419970599,-2.204545952253143,-1.9205334643788097,-1.145894622615196,-0.29066183962659403,0.3652311596258883,-0.29321,0.040350000000000004,0.15064,0.026706717939401315,0.0,0.00032464773803583466,-0.0002640195304586847,0.0,0.004886770721875464
1326,13.260467099957168,step,27.752394975471077,44.214069863892824,5.310799926519394,10.200100019574165,124371.0,221497.0,0.0,0.0,8.77,5e-05,1e-05,100.0,0.01,-0.006547155850502445,0.0,0.2312518618428816,-0.03348267528810765,0.0,0.22456805907043653,0.4675531715041203,0.0,0.14003705231420416,-10.03617276154286,0.0,-1.4973904422112085,0.17110115509154528,0.0,-1.8629904529642694,-6.192728275550122,0.0,-0.11121431191930085,0.6522863188455174,-2.187672163586401,-1.9236014259545808,-1.3929060989026438,-0.5391932528681552,0.29647305894768206,-0.6052500000000001,-0.13719,0.19906000000000001,0.02315386719694181,0.0,-0.0004887480413359561,0.0037816522406633954,0.0,0.007172550813781025
1327,13.270258899778128,step,22.06968370912841,18.840995086084135,4.437099909409881,9.791799820959568,124371.0,221497.0,0.0,0.0,8.77,5e-05,1e-05,100.0,0.01,-0.01219319077004588,0.0,0.23038431112620028,-0.03348267528810765,0.0,0.22456805907043653,0.5172195182418576,0.0,0.2109545362676144,-10.198315777767322,0.0,-2.5795574101049947,0.20114047434739848,0.0,-1.8692903778010541,-6.2959377752323,0.0,-0.6137512880594904,0.6200727222999189,-2.1892061443742863,-1.9236014259545808,-1.259739913089143,-0.6105874854774682,0.12919526582489174,-0.17754,-0.29859,0.16409,0.014796026828788228,0.0,-0.003103061561098958,0.006493457689273544,0.0,0.008919313616862707
1328,13.280407099984586,step,12.783784035599691,5.311486951811032,4.14249999448657,10.148200206458569,124371.0,221497.0,0.0,0.0,8.77,5e-05,1e-05,100.0,0.01,-0.021223599812419114,0.0,0.22819300082862043,-0.03348267528810765,0.0,0.22456805907043653,0.43857763645473247,0.0,0.24426822732480297,-8.065121399011494,0.0,-2.8227804396355194,0.21176431424852557,0.0,-1.8816479007464415,-5.0205752043086935,0.0,-0.8629509043211595,0.5771212602391209,-2.2060799330410283,-1.914397541227267,-0.9599129679647304,-0.5035180495989909,0.02421106361564415,-0.04573,-0.32549,0.08070000000000001,0.005232828975350313,0.0,-0.006086763800470917,0.007026246500338226,0.0,0.009711705558654814
1329,13.290299899876118,step,4.466777841677797,6.393898399556198,4.211900057271123,9.892799891531467,124371.0,221497.0,0.0,0.0,8.77,5e-05,1e-05,100.0,0.01,-0.029073571091630432,0.0,0.22528353406756133,-0.03348267528810765,0.0,0.22456805907043653,0.2753787732110042,0.0,0.2227182602473733,-4.787020607568684,0.0,-2.0200495860654217,0.20991024895320778,0.0,-1.8994315269756026,-3.0180687911814412,0.0,-0.6833898045635578,0.5433736829056368,-2.229089644859313,-1.9036596757120676,-0.6164912407859411,-0.25758127773107375,0.029781136636386735,-0.06994,-0.28514,0.01076,-0.0009132297445955586,0.0,-0.008759419897591063,0.005322333941072779,0.0,0.009474894894715856
1330,13.300290399929509,step,7.268855010091071,19.613311532651153,4.218700109049678,9.99050005339086,124371.0,221497.0,0.0,0.0,8.77,5e-05,1e-05,100.0,0.01,-0.03862536736732855,0.0,0.21943103937648512,-0.03348267528810765,0.0,0.22456805907043653,0.057449972120920643,0.0,0.1414610766871729,-0.4961615101005629,0.0,0.23399738030863573,0.19483122016034043,0.0,-1.9268776281066637,-0.3239536484397,0.0,0.09280629365684222,0.5019562016327246,-2.2659051837685684,-1.8959897717726395,-0.12431781718887805,0.09400200054309113,0.02761390147705379,-0.18292,-0.17216,0.00538,-0.007427256013062359,0.0,-0.0135187234178647,0.0022845639338414606,0.0,0.008381703723913283
1331,13.310255599906668,step,16.682708027939693,35.13067514749545,4.307799972593784,9.9651999771595,124371.0,221497.0,0.0,0.0,8.77,5e-05,1e-05,100.0,0.01,-0.04531344416634648,0.0,0.21280601609758615,-0.03348267528810765,0.0,0.22456805907043653,-0.1599509728870994,0.0,-0.005132570161074402,3.4844276175370807,0.0,3.724108253522977,0.17450653593013304,0.0,-1.963530608453658,2.377052429987602,0.0,1.5263806841484986,0.46974260508712606,-2.2996527611020525,-1.8990577333484107,0.28668981442183716,0.4553842312570443,0.09257504608988662,-0.08877,0.01345,0.01076,-0.01001103156151586,0.0,-0.018053620854390762,-0.0018197373167229674,0.0,0.0062915778815403785
1332,13.320417699869722,step,20.313083563167446,32.49467990625391,4.103799816220999,10.162099963054061,124371.0,221497.0,0.0,0.0,8.77,5e-05,1e-05,100.0,0.01,-0.047611311276761124,0.0,0.20997343646673933,-0.03348267528810765,0.0,0.22456805907043653,-0.32949559620188246,0.0,-0.16412672370235876,6.27567878498223,0.0,6.883640581459983,0.1579944080971195,0.0,-2.000301298272302,4.3659263956202965,0.0,2.8645971032581996,0.4636066819355835,-2.3211284921324515,-1.8944557909847537,0.6424334354723885,0.7040382454053979,0.07472446695698112,0.12374,0.2421,0.04304,-0.008133136584646272,0.0,-0.018111599282120708,-0.005995499404007201,0.0,0.003516976678423503
1333,13.33008039998822,step,18.2308775046083,19.241826560704506,3.498899983242154,9.662700118497014,124371.0,221497.0,0.0,0.0,8.77,5e-05,1e-05,100.0,0.01,-0.04516516533514937,0.0,0.21057219107703204,-0.03348267528810765,0.0,0.22456805907043653,-0.4344397494179763,0.0,-0.26859991321259946,7.580879550770171,0.0,8.614845940214076,0.15302104631314448,0.0,-2.030917584797629,5.26095073730176,0.0,3.5354266416106293,0.48201445139021115,-2.3257304344961085,-1.892921810196868,0.8899767006110114,0.8054696979486564,-0.017613341306981417,0.32818,0.37391,0.04573,-0.0024496558579844094,0.0,-0.015080215132982416,-0.009232834189057305,0.0,0.0010843471395779233
1334,13.340194799937308,step,12.324927069749789,11.747204284067553,3.589099971577525,10.114399949088693,124371.0,221497.0,0.0,0.0,8.77,5e-05,1e-05,100.0,0.01,-0.03894597884699472,0.0,0.21352015693934834,-0.03348267528810765,0.0,0.22456805907043653,-0.4378720859006837,0.0,-0.2835334741258295,6.951248426770935,0.0,8.471622900059149,0.1637749029596589,0.0,-2.0526365806636813,4.716924033084603,0.0,3.3499758188822666,0.5218979518752379,-2.3211284921324515,-1.8913878294089825,0.8630148959717486,0.7583462989160084,-0.06139551532252148,0.01345,0.44385,-0.01076,0.005296869416365573,0.0,-0.010697807190348841,-0.010760172975252637,0.0,-0.0003500949407393532
1335,13.350338699994609,step,7.331844756437495,14.755133598145408,4.642599960789084,10.143900057300925,124371.0,221497.0,0.0,0.0,8.77,5e-05,1e-05,100.0,0.01,-0.032119408110836786,0.0,0.21736407058239215,-0.03348267528810765,0.0,0.22456805907043653,-0.34907526352357626,0.0,-0.2388742414948182,4.869399209545075,0.0,7.173087391211972,0.18736143529865293,0.0,-2.0661062566853556,3.178280907528494,0.0,2.7519403227534758,0.5587134907844933,-2.3042547034657095,-1.892921810196868,0.5690440792679026,0.6249499371049954,0.01621506417794963,0.00269,0.42771000000000003,-0.03228,0.011617672235293279,0.0,-0.006634560726702987,-0.010254405058022413,0.0,-0.0005694277613413901
1336,13.360412699868903,step,10.867564578867919,29.627503566447185,4.178799921646714,10.073999874293804,124371.0,221497.0,0.0,0.0,8.77,5e-05,1e-05,100.0,0.01,-0.022843745854634,0.0,0.22235059646975244,-0.03348267528810765,0.0,0.22456805907043653,-0.19328295103929696,0.0,-0.15577303416592486,1.50991812879242,0.0,5.044704626810888,0.2255233186904219,0.0,-2.0711108380180345,0.8566407405544991,0.0,1.94034687213678,0.6016649528452912,-2.2735750877079965,-1.8990577333484107,0.08590710373782633,0.3752204385277147,0.12050460879444727,0.06187,0.34701000000000004,-0.00538,0.018796839092539677,0.0,-0.0024650332131191037,-0.008157909659066025,0.0,0.0002475706124350145
1337,13.370408499846235,step,19.488393028880726,47.11971033000487,4.178100032731891,9.995799977332354,124371.0,221497.0,0.0,0.0,8.77,5e-05,1e-05,100.0,0.01,-0.014192855190514345,0.0,0.2273430011330051,-0.03348267528810765,0.0,0.22456805907043653,0.019879322362583125,0.0,-0.05806435506162559,-2.6471697899263162,0.0,2.6578988438405258,0.2740325295806511,0.0,-2.0694250221005857,-1.8056466968452989,0.0,1.1751112507479062,0.6400144725424323,-2.242895471950284,-1.8990577333484107,-0.5310503592288369,0.06953789506003995,0.26810000030811737,0.0538,0.23403000000000002,0.08608,0.02389347040996357,0.0,0.0008303576166464406,-0.004603650312370262,0.0,0.0019445844459221233
1338,13.380409899866208,step,26.311123151385917,55.15521601712983,4.410599824041128,10.001400019973516,124371.0,221497.0,0.0,0.0,8.77,5e-05,1e-05,100.0,0.01,-0.008065331671847559,0.0,0.23136760648040128,-0.03348267528810765,0.0,0.22456805907043653,0.2639927605441502,0.0,0.044545280293094194,-6.996032450783787,0.0,0.32150857551770573,0.32627539638743785,0.0,-2.0640917614970857,-4.374426657217035,0.0,0.5420610699487026,0.6630241843607169,-2.2152838177683423,-1.8975237525605249,-1.1210546407494362,-0.2703927706170346,0.35569946687193177,-0.2421,0.04304,0.13719,0.02573250253450432,0.0,0.002626925940038623,-0.0003151589182442266,0.0,0.004172621469926123
1339,13.390375099843368,step,27.680766340625173,41.787114168855084,4.472699947655201,9.9651999771595,124371.0,221497.0,0.0,0.0,8.77,5e-05,1e-05,100.0,0.01,-0.007323421173945174,0.0,0.23361892916092844,-0.03348267528810765,0.0,0.22456805907043653,0.46094320773713643,0.0,0.14387570574851896,-10.054621591888932,0.0,-1.7048428722525983,0.37168423821428886,0.0,-2.058857949082909,-6.071371465537886,0.0,-0.050060674995930345,0.6584222419970599,-2.196876048313715,-1.8959897717726395,-1.4136776712849448,-0.5424837631178319,0.29058830681751435,-0.58642,-0.06725,0.18561,0.022366367100791516,0.0,0.0025779422042634783,0.0037928870133709623,0.0,0.00647292788622843
1340,13.400584099814296,step,21.72212910880838,15.48124367610919,4.16940008290112,10.208999970927835,124371.0,221497.0,0.0,0.0,8.77,5e-05,1e-05,100.0,0.01,-0.013190317704319526,0.0,0.23231861496736528,-0.03348267528810765,0.0,0.22456805907043653,0.520617320157328,0.0,0.21971109630208388,-10.339424664775844,0.0,-2.8141976124254406,0.3994782765630305,0.0,-2.060104390447011,-6.263874309713625,0.0,-0.5667070267190297,0.6246746646635758,-2.1984100291016,-1.8990577333484107,-1.2421591473304043,-0.6049827514685893,0.10732482357915327,-0.16409,-0.27976,0.16947,0.013690101749167252,0.0,-0.0006139413382403921,0.006602255834620874,0.0,0.008364497235169138
1341,13.410417399834841,step,13.207043684217787,3.080845054352121,4.381699953228235,9.833300020545721,124371.0,221497.0,0.0,0.0,8.77,5e-05,1e-05,100.0,0.01,-0.021463576127078846,0.0,0.2300422949289097,-0.03348267528810765,0.0,0.22456805907043653,0.4445431804597358,0.0,0.25430752335476026,-8.325578412465797,0.0,-3.0719858639192297,0.40933760106581674,0.0,-2.0676433541069823,-5.090157410085098,0.0,-0.8372707381675913,0.5863251449664348,-2.2152838177683423,-1.8913878294089825,-0.9764996810302617,-0.5044427774836896,0.022878821577310818,-0.048420000000000005,-0.32549,0.06456,0.004856262840527925,0.0,-0.003713356738350755,0.007162836320500882,0.0,0.00918759259682393
1342,13.420436599990353,step,4.5035707414196935,3.618263171278569,4.195000045001507,10.019200155511498,124371.0,221497.0,0.0,0.0,8.77,5e-05,1e-05,100.0,0.01,-0.029813317647032073,0.0,0.2271791821860425,-0.03348267528810765,0.0,0.22456805907043653,0.2842577651106266,0.0,0.2315788583974884,-5.034888032170612,0.0,-2.2607133968011195,0.40540876687002614,0.0,-2.080507156827248,-3.1182194885807086,0.0,-0.698594091379351,0.5495096060571795,-2.2367595487987413,-1.8806499638937828,-0.6342265305745247,-0.2729309423825158,0.01587489843524069,-0.06994,-0.25824,0.00538,-0.0019351682264055012,0.0,-0.0063361346023912985,0.005604525867481081,0.0,0.00894725771799726
1343,13.430252799997106,step,6.631643221673666,16.0840601938871,4.499200033023953,9.816200006753206,124371.0,221497.0,0.0,0.0,8.77,5e-05,1e-05,100.0,0.01,-0.039171032293087896,0.0,0.22115905827790766,-0.03348267528810765,0.0,0.22456805907043653,0.06838390886371205,0.0,0.14792619775496446,-0.7938588410021158,0.0,0.05362504986692692,0.3886247253221079,0.0,-2.103365392958063,-0.5151984942759169,0.0,0.03270413484663387,0.5096261055721527,-2.2735750877079965,-1.8745140407422405,-0.1575848988835401,0.07591012783090137,0.02607991453576329,-0.18292,-0.16140000000000002,0.00269,-0.008267069134401435,0.0,-0.011258946055657361,0.002578712129421191,0.0,0.00784994526312849
1344,13.440360399894416,step,16.32755298501285,31.318627135919268,4.213700070977211,10.107599897310138,124371.0,221497.0,0.0,0.0,8.77,5e-05,1e-05,100.0,0.01,-0.04623661501526656,0.0,0.21437364844919904,-0.03348267528810765,0.0,0.22456805907043653,-0.14900262471313225,0.0,0.001474183536658972,3.229833920369869,0.0,3.5600501645658973,0.3657770770336704,0.0,-2.135675086928818,2.1592961773049626,0.0,1.3899615731058588,0.4758785282386686,-2.3073226650414806,-1.8775820023180116,0.24983343301647362,0.43605280786450107,0.09552255940373153,-0.11298000000000001,0.040350000000000004,0.01076,-0.011253730957453982,0.0,-0.01591431199720266,-0.001500208769704926,0.0,0.005719901375965168
1345,13.450265299994498,step,21.303027847909224,32.139404825614434,4.543900024145842,9.904900100082159,124371.0,221497.0,0.0,0.0,8.77,5e-05,1e-05,100.0,0.01,-0.04965593490679734,0.0,0.21070282669606727,-0.03348267528810765,0.0,0.22456805907043653,-0.3281072610804261,0.0,-0.1680655360937449,6.28918874271759,0.0,7.016897908802888,0.34457398008344886,0.0,-2.169695653076374,4.315818762669034,0.0,2.803868804533543,0.4636066819355835,-2.3318663576476513,-1.8729800599543547,0.6260715403710636,0.7140448403006485,0.09628020530501716,0.09684000000000001,0.22058,0.048420000000000005,-0.010443698429276055,0.0,-0.016757011207959426,-0.00572956118941363,0.0,0.0028917788335901633
1346,13.460431299870834,step,19.726150746340977,18.092430388103015,5.37659996189177,10.165999876335263,124371.0,221497.0,0.0,0.0,8.77,5e-05,1e-05,100.0,0.01,-0.04773850364127564,0.0,0.21093382343977574,-0.03348267528810765,0.0,0.22456805907043653,-0.4390724605715967,0.0,-0.28511274547940324,7.7467796437444685,0.0,9.013223395707508,0.33432741222422524,0.0,-2.1979733716284686,5.313804354132205,0.0,3.566654616451046,0.4789464898144399,-2.3380022807991936,-1.8714460791664689,0.9058024777446466,0.8301650860379255,-0.003461233828761373,0.31204000000000004,0.37391,0.05918,-0.005047001620002772,0.0,-0.013928341011662257,-0.009208826733165214,0.0,0.00029410538100146065
1347,13.470277699874714,step,13.908205730277594,8.175328544366094,4.420899786055088,9.846400003880262,124371.0,221497.0,0.0,0.0,8.77,5e-05,1e-05,100.0,0.01,-0.04205853110006788,0.0,0.2136184981784101,-0.03348267528810765,0.0,0.22456805907043653,-0.45685231618700006,0.0,-0.30975236242756105,7.394909653771008,0.0,9.071440799476761,0.3392729346585827,0.0,-2.2175771527706254,4.9615891060600905,0.0,3.476224017877903,0.5157620287236954,-2.3349343192234224,-1.8699120983785835,0.925037906804341,0.8028842645474452,-0.06137785059018354,0.08070000000000001,0.45461,-0.0,0.0024359434379282435,0.0,-0.009655946902609094,-0.011011799249888472,0.0,-0.0012936139894173283
1348,13.480505099985749,step,6.893967033864591,9.09816652510494,4.223499912768602,10.227400111034513,124371.0,221497.0,0.0,0.0,8.77,5e-05,1e-05,100.0,0.01,-0.035080517229566635,0.0,0.2178618170084374,-0.03348267528810765,0.0,0.22456805907043653,-0.3779354404792026,0.0,-0.27005641260973395,5.448886236210613,0.0,7.79736905462185,0.3579441238592269,0.0,-2.227887100398475,3.4918027601788113,0.0,2.8930422802700075,0.5541115484208363,-2.3180605305566804,-1.8699120983785835,0.6730973729558078,0.678877560365538,-0.007614180438083373,0.02152,0.43847,-0.02959,0.0091965937704891,0.0,-0.005078219662895207,-0.010794435711948084,0.0,-0.0016280223991039225
1349,13.490267899818718,step,7.055111667113117,20.18007794478721,4.446399863809347,9.762799832969904,124371.0,221497.0,0.0,0.0,8.77,5e-05,1e-05,100.0,0.01,-0.026744856914402815,0.0,0.22247607336341052,-0.03348267528810765,0.0,0.22456805907043653,-0.23090927521082802,0.0,-0.18767756232416227,2.328109244604025,0.0,5.732253683636017,0.38959486941906923,0.0,-2.2305767477258187,1.3395602602305177,0.0,2.136855733820444,0.5924610681179774,-2.2904488763747386,-1.8760480215301258,0.20223771497728613,0.44777429728055224,0.10469784016220203,0.07532,0.37122,-0.00807,0.015589743444779517,0.0,-0.0013248001286715481,-0.00885192507107468,0.0,-0.0007671855783544636
1350,13.500390599947423,step,15.991797743180229,37.522207550026124,4.222200019285083,10.12270012870431,124371.0,221497.0,0.0,0.0,8.77,5e-05,1e-05,100.0,0.01,-0.017776669872854645,0.0,0.22757787450577927,-0.03348267528810765,0.0,0.22456805907043653,-0.021425180078625903,0.0,-0.07905638450063457,-1.8028191953166393,0.0,3.1411694172286118,0.43270802497690675,0.0,-2.2264094709955042,-1.3028535524766687,0.0,1.3197735481817452,0.632344568603004,-2.259769260617026,-1.8775820023180116,-0.4073091791571677,0.14069267855005507,0.24180110696553886,0.10491,0.27976,0.08608,0.021235614591472076,0.0,0.0020526143678405826,-0.005529609176219068,0.0,0.0009572010675021505
1351,13.510295599931851,step,23.327432038110157,46.870941442722135,4.723499994724989,9.904999984428287,124371.0,221497.0,0.0,0.0,8.77,5e-05,1e-05,100.0,0.01,-0.011256934534426416,0.0,0.23165223393013623,-0.03348267528810765,0.0,0.22456805907043653,0.22316482207126,0.0,0.03353913315663518,-6.196599518970188,0.0,0.6247911824100655,0.48049345179965985,0.0,-2.21865704843843,-3.8898243177066973,0.0,0.6476912043871593,0.6584222419970599,-2.23369158722297,-1.8760480215301258,-1.0157070355593465,-0.20001270653306735,0.3406789498953614,-0.16947,0.09146,0.13181,0.023536966709283347,0.0,0.003818497055995042,-0.0013112259556021105,0.0,0.003265677803704657
1352,13.520285399863496,step,24.902143974795877,35.400365720002455,6.670599803328514,9.989799931645393,124371.0,221497.0,0.0,0.0,8.77,5e-05,1e-05,100.0,0.01,-0.01008337765806927,0.0,0.23308801476059965,-0.03348267528810765,0.0,0.22456805907043653,0.4225830553930399,0.0,0.12900688878375458,-9.334960691707337,0.0,-1.2195768872038442,0.5221679803428999,0.0,-2.212890597476287,-5.6715552353489285,0.0,0.13360759532629654,0.6568882612091743,-2.218351779344114,-1.8791159831058974,-1.3096881644307867,-0.45419285207328036,0.29894025361729226,-0.53262,-0.06456,0.18292,0.020527011186604424,0.0,0.0028402961603778204,0.002872286443433958,0.0,0.0056796595297852965
1353,13.530044199898839,step,19.243520021137,11.395690893369997,3.64940008148551,9.758800035342574,124371.0,221497.0,0.0,0.0,8.77,5e-05,1e-05,100.0,0.01,-0.01585300812004356,0.0,0.2322821953375233,-0.03348267528810765,0.0,0.22456805907043653,0.49611047739471914,0.0,0.21002480489515174,-9.832458838573249,0.0,-2.489697600640758,0.5460358147173016,0.0,-2.212557390416586,-5.950150422521426,0.0,-0.3965368278556958,0.6246746646635758,-2.2198857601319992,-1.8775820023180116,-1.2155836803614188,-0.5567829653228339,0.12818824403684467,-0.22865000000000002,-0.20982,0.17216,0.011756229052358066,0.0,0.0001641229134682464,0.005873438115706026,0.0,0.007550013353618533
1354,13.54005409986712,step,10.985851400838694,1.6710074111138165,4.499699920415878,10.009899968281388,124371.0,221497.0,0.0,0.0,8.77,5e-05,1e-05,100.0,0.01,-0.02378749692884166,0.0,0.2297345324888652,-0.03348267528810765,0.0,0.22456805907043653,0.4355785542676883,0.0,0.24455092494435746,-8.08281630097238,0.0,-2.7084334205626983,0.5522434792057007,0.0,-2.219266732571757,-4.947277250137267,0.0,-0.651976675705208,0.5878591257543204,-2.2367595487987413,-1.8714460791664689,-0.9492854384532948,-0.4573548955719689,0.04357318077666569,-0.03497,-0.2959,0.06994,0.0030576182346932716,0.0,-0.003304722243733677,0.006637560124572719,0.0,0.008471195662162334
1355,13.550240999786183,step,2.0830605502308566,5.300913450577417,4.357700003311038,10.186899919062853,124371.0,221497.0,0.0,0.0,8.77,5e-05,1e-05,100.0,0.01,-0.03322436805471041,0.0,0.22663504204789492,-0.03348267528810765,0.0,0.22456805907043653,0.2888686626666771,0.0,0.2273687372680711,-4.870218593892718,0.0,-1.9581992495326441,0.5419689446395468,0.0,-2.2318952563167476,-3.023927294822793,0.0,-0.556766570123726,0.5449076636935225,-2.2582352798291403,-1.8591742328633838,-0.6039783595781629,-0.245409275453779,0.013092516552680275,-0.048420000000000005,-0.269,0.024210000000000002,-0.00506077677058222,0.0,-0.006220246688927733,0.005319084003979465,0.0,0.00828722966638612
1356,13.56026089983061,step,9.34624940799575,18.831099003536913,4.374499898403883,10.019900044426322,124371.0,221497.0,0.0,0.0,8.77,5e-05,1e-05,100.0,0.01,-0.04232935299536936,0.0,0.2215533167032848,-0.03348267528810765,0.0,0.22456805907043653,0.07716715545421483,0.0,0.14223770082667528,-0.712652080336849,0.0,0.2447065012390042,0.5193639054093314,0.0,-2.252645368402644,-0.4665995068316986,0.0,0.10749272826601822,0.5050241632084959,-2.2889148955868532,-1.8499703481360699,-0.158189705986649,0.09058954877833592,0.034171366203322166,-0.12912,-0.14526,0.00269,-0.011134232572560908,0.0,-0.01022057831964574,0.0022875548652992028,0.0,0.007205835952493999
1357,13.570287799928337,step,18.49885871220173,33.25942293083992,4.8772001173347235,10.026900097727776,124371.0,221497.0,0.0,0.0,8.77,5e-05,1e-05,100.0,0.01,-0.049956017872938185,0.0,0.21615160151771218,-0.03348267528810765,0.0,0.22456805907043653,-0.14517975836508792,0.0,0.0011883391096226545,3.452364975458237,0.0,3.4557597199018897,0.4894897938391193,0.0,-2.2804034051565742,2.2459937076249137,0.0,1.2605326208002012,0.47127658587501176,-2.319594511344566,-1.8423004441966417,0.2754295917725026,0.4413921304608207,0.07588249236219993,-0.10222,0.12643000000000001,0.01614,-0.014714652902560162,0.0,-0.01367236897173057,-0.0017586896822703712,0.0,0.005255911419006215
1358,13.580281199887395,step,22.972647168592196,32.94593656962663,4.38120006583631,9.99339995905757,124371.0,221497.0,0.0,0.0,8.77,5e-05,1e-05,100.0,0.01,-0.053197401433191745,0.0,0.21277517600661516,-0.03348267528810765,0.0,0.22456805907043653,-0.3328760891209414,0.0,-0.15734947945210212,6.626712183890101,0.0,6.677650940702933,0.4617713098168406,0.0,-2.3100510437132624,4.418269778161025,0.0,2.5123817712591303,0.4559367779961553,-2.3364683000113082,-1.8423004441966417,0.654093827873048,0.6982801495236068,0.0616489867722719,0.1076,0.21789,0.04573,-0.013652887062913711,0.0,-0.014603102412498892,-0.006061839082170381,0.0,0.0028102193486775236
1359,13.590290599968284,step,21.592714977028148,17.435696852102314,4.3825998436659575,10.009400080889463,124371.0,221497.0,0.0,0.0,8.77,5e-05,1e-05,100.0,0.01,-0.052223225822052056,0.0,0.21384252385004535,-0.03348267528810765,0.0,0.22456805907043653,-0.4573335282080928,0.0,-0.2663498245096047,8.395141464996117,0.0,8.410817105435344,0.4431106473690429,0.0,-2.332932575996186,5.542572385065126,0.0,3.089751746185855,0.4666746435113548,-2.3395362615870794,-1.8346305402572136,0.9693093741138507,0.8187536284277958,-0.050382634547619286,0.33894,0.37391,0.04573,-0.009191408762260057,0.0,-0.011270420699562037,-0.009549141771684347,0.0,0.0005448854791708507
1360,13.600297799799591,step,14.927987644864427,3.3863010773265465,4.329500021412969,10.007199831306934,124371.0,221497.0,0.0,0.0,8.77,5e-05,1e-05,100.0,0.01,-0.0467493833448519,0.0,0.21772413676942068,-0.03348267528810765,0.0,0.22456805907043653,-0.48282549485437376,0.0,-0.2754532854745553,8.188933942504896,0.0,8.02473340930167,0.43950835310927827,0.0,-2.345436116692021,5.242353121226384,0.0,2.809393603951227,0.5004222208448389,-2.3303323768597655,-1.8300285978935567,0.9853111231819559,0.7548831168692391,-0.137639695086281,0.18023,0.44116,-0.01076,-0.0017743292402433927,0.0,-0.006158685621824405,-0.011492378816500858,0.0,-0.0006852366791914484
1361,13.610288799973205,step,6.936706329903693,1.999202986010788,4.436499904841185,9.991000173613429,124371.0,221497.0,0.0,0.0,8.77,5e-05,1e-05,100.0,0.01,-0.04013249623790295,0.0,0.22259378045712241,-0.03348267528810765,0.0,0.22456805907043653,-0.41151221055095083,0.0,-0.219032989482266,6.4041742067790155,0.0,6.367332504409898,0.44911400815258745,0.0,-2.348209479360243,3.92262044556727,0.0,2.1234857919131156,0.5357037789662087,-2.3119246074051376,-1.8269606363177855,0.7183075684195238,0.6125928499504903,-0.09381028956648517,0.04573,0.42502,-0.07532,0.004731316596037528,0.0,-0.0013660345660788955,-0.011381137545832826,0.0,-0.0006082440472352222
1362,13.620505400002003,step,5.737743802637702,14.714928796497576,5.5027001071721315,10.216600028797984,124371.0,221497.0,0.0,0.0,8.77,5e-05,1e-05,100.0,0.01,-0.030370937190676378,0.0,0.2293887218835466,-0.03348267528810765,0.0,0.22456805907043653,-0.2607985184571145,0.0,-0.11382014432690882,3.0805275903112967,0.0,3.588342973802331,0.47482012975234944,0.0,-2.3395525889183384,1.7339156833181113,0.0,1.1755822607242075,0.5771212602391209,-2.2735750877079965,-1.8300285978935567,0.23710025214968372,0.34114296234065844,-0.024493026644090407,0.08339,0.35239000000000004,-0.05111,0.012661687224488601,0.0,0.004263997534076518,-0.009549949127057327,0.0,0.0005566652790335372
1363,13.630261399783194,step,16.630100453890286,34.738094531041526,5.808599991723895,9.755999781191349,124371.0,221497.0,0.0,0.0,8.77,5e-05,1e-05,100.0,0.01,-0.020450107136429835,0.0,0.23489822888890297,-0.03348267528810765,0.0,0.22456805907043653,-0.02959111285157656,0.0,0.006608577678667591,-1.4720460196449932,0.0,0.7252807379183366,0.5135464644953556,0.0,-2.324152078409764,-0.9555374889653719,0.0,0.39251958121725594,0.6170047607241477,-2.238293529586627,-1.8346305402572136,-0.4326670523966395,0.02167159767336054,0.1313858163459352,0.15333,0.16678,-0.01883,0.019074862614488278,0.0,0.007585603545842926,-0.00604229446281046,0.0,0.0027445662726235075
1364,13.640201799804345,step,25.9632266102079,50.47868631034366,4.526299890130758,9.940400021150708,124371.0,221497.0,0.0,0.0,8.77,5e-05,1e-05,100.0,0.01,-0.012122146155438912,0.0,0.23932668133626533,-0.03348267528810765,0.0,0.22456805907043653,0.2375596714364989,0.0,0.11479532344327092,-6.395781280179585,0.0,-1.778639660778201,0.5599904783360309,0.0,-2.3049977605183756,-3.646884094479054,0.0,-0.14809620754239247,0.6461503956939748,-2.204545952253143,-1.8392324826208706,-1.0629646987382106,-0.3103727003448995,0.2435842377018814,-0.24748,0.06725,0.1076,0.02287624659434798,0.0,0.009434561382508588,-0.0015157174616792397,0.0,0.005324060883320214
1365,13.650246999925002,step,27.99484658281467,38.0436032181062,5.158399930223823,10.045200120657682,124371.0,221497.0,0.0,0.0,8.77,5e-05,1e-05,100.0,0.01,-0.010271427795693192,0.0,0.24021891927175498,-0.03348267528810765,0.0,0.22456805907043653,0.4646227811102047,0.0,0.20630163805230978,-10.017958074140001,0.0,-3.4878570550141768,0.6006277133543663,0.0,-2.2891612428781274,-5.618299143630279,0.0,-0.5288683679422544,0.6461503956939748,-2.187672163586401,-1.8484363673481845,-1.3277626854545095,-0.5511462252769709,0.19136802373273737,-0.54607,-0.10222,0.12912,0.0200160867314563,0.0,0.007800361182753318,0.00319516076095816,0.0,0.007850499018565132
1366,13.660319699905813,step,21.880612060898805,10.064955532586703,4.4664000160992146,10.072699980810285,124371.0,221497.0,0.0,0.0,8.77,5e-05,1e-05,100.0,0.01,-0.016709537728830118,0.0,0.23861879003281367,-0.03348267528810765,0.0,0.22456805907043653,0.5517207525440438,0.0,0.2745498505532047,-10.642245442161318,0.0,-4.434844808058977,0.62112536324303,0.0,-2.2800456449454023,-6.029532982970918,0.0,-0.9174527369817006,0.6124028183604907,-2.192274105950058,-1.8499703481360699,-1.1953377240497005,-0.6500773319271821,-0.001092638271839405,-0.17485,-0.29052,0.11029,0.01009622671860921,0.0,0.004489936353892729,0.006676910840668324,0.0,0.009560794608484404
1367,13.670049599837512,step,14.227503922305743,0.2171755762566311,3.8447000551968813,9.729899931699038,124371.0,221497.0,0.0,0.0,8.77,5e-05,1e-05,100.0,0.01,-0.02461542270939758,0.0,0.2356943207770739,-0.03348267528810765,0.0,0.22456805907043653,0.49298566026427126,0.0,0.2887423204445401,-8.919064529703972,0.0,-4.26086897754519,0.6236482199358383,0.0,-2.27792574567412,-5.156554060885845,0.0,-1.0504348170304887,0.5755872794512353,-2.207613913828914,-1.8484363673481845,-0.9699256137418326,-0.5472213806079512,-0.042400355157012834,-0.02959,-0.36046,-0.00807,0.0012426465125272646,0.0,0.0010441676865268167,0.007624606066182807,0.0,0.010082094020110541
1368,13.680071299895644,step,6.273319504642306,4.768100422084517,3.7102000787854195,10.02170005813241,124371.0,221497.0,0.0,0.0,8.77,5e-05,1e-05,100.0,0.01,-0.034022824195623275,0.0,0.23081808121160013,-0.03348267528810765,0.0,0.22456805907043653,0.33652343721503525,0.0,0.2513636036141583,-5.561222273957446,0.0,-2.9168145924562383,0.6096171238195838,0.0,-2.2843703839789944,-3.323778841379808,0.0,-0.8171746333719785,0.5357037789662087,-2.2367595487987413,-1.8438344249845275,-0.6090217038272521,-0.3088641445817762,-0.04690846628163019,-0.03766,-0.28245000000000003,-0.024210000000000002,-0.006911091187026671,0.0,-0.00317434095122442,0.006370942279511049,0.0,0.009424363092388022
1369,13.690336799947545,step,9.750618119319105,19.28592788513108,4.376700147986412,10.265500051900744,124371.0,221497.0,0.0,0.0,8.77,5e-05,1e-05,100.0,0.01,-0.04322708626713408,0.0,0.22422019648172753,-0.03348267528810765,0.0,0.22456805907043653,0.11917932017046547,0.0,0.1398623416670055,-1.3051679163225907,0.0,-0.050038244284260985,0.5830977429221184,0.0,-2.300526461196924,-0.8339301710763789,0.0,0.020938865536137177,0.49582027848118193,-2.272041106920111,-1.8423004441966417,-0.20455738836060866,0.04093858257474641,0.02866510042156091,-0.17216,-0.18292,-0.02959,-0.013062262426779072,0.0,-0.007957761956202881,0.0033178514477526476,0.0,0.007609899367493879
1370,13.700328999897465,step,18.43633866824482,33.46362958088737,4.340500105172396,9.992199949920177,124371.0,221497.0,0.0,0.0,8.77,5e-05,1e-05,100.0,0.01,-0.05040155941789772,0.0,0.2172434469105364,-0.03348267528810765,0.0,0.22456805907043653,-0.1009041158738553,0.0,-0.03362030934258435,2.780308345486799,0.0,3.9384134182585804,0.5504623974782727,0.0,-2.32518646336248,1.7862146351040893,0.0,1.4394158016574705,0.4636066819355835,-2.3073226650414806,-1.8438344249845275,0.18591444221128345,0.4142601580732752,0.13114169836992068,-0.1345,0.05918,0.00807,-0.016074713366209963,0.0,-0.01214641552066634,-0.0008441707635801071,0.0,0.0048218033607662115
1371,13.710306099848822,step,22.165979949557187,28.824240831668384,4.349800059571862,9.97709995135665,124371.0,221497.0,0.0,0.0,8.77,5e-05,1e-05,100.0,0.01,-0.05287316933566977,0.0,0.21382844046847355,-0.03348267528810765,0.0,0.22456805907043653,-0.2893315347638809,0.0,-0.2136127838827965,5.88341165447449,0.0,7.528670477096659,0.5217432803448883,0.0,-2.350014358010685,3.899513543952672,0.0,2.811426875480929,0.4544027972082697,-2.3272644152839943,-1.8438344249845275,0.5814921774316825,0.6998093391352477,0.131656640565183,0.06725,0.19906000000000001,0.06456,-0.01414575423582114,0.0,-0.012229111857972258,-0.005244739811740975,0.0,0.0014894932560092725
1372,13.720386399887502,step,19.89793771512179,12.515014098850305,4.16940008290112,10.080300038680434,124371.0,221497.0,0.0,0.0,8.77,5e-05,1e-05,100.0,0.01,-0.05018838368213415,0.0,0.21375846923693134,-0.03348267528810765,0.0,0.22456805907043653,-0.40819097183645686,0.0,-0.3306673530143968,7.3811422314280115,0.0,9.559679439364642,0.5056219932050902,0.0,-2.3691416893953474,4.9049420689022085,0.0,3.582754520598659,0.47127658587501176,-2.3318663576476513,-1.8484363673481845,0.8675715612413144,0.8243054503356703,0.039168844138762676,0.28514,0.36584,0.07263,-0.007940625917765193,0.0,-0.009421269034765046,-0.008765082476261305,0.0,-0.0013883207987401436
1373,13.730205099796876,step,12.501367425454456,1.1547908164369927,4.332700045779347,9.818699909374118,124371.0,221497.0,0.0,0.0,8.77,5e-05,1e-05,100.0,0.01,-0.04389393685000639,0.0,0.2176478119508646,-0.03348267528810765,0.0,0.22456805907043653,-0.4313075431134274,0.0,-0.3517723893069528,7.0466487733083945,0.0,9.373373028811312,0.5058453874880876,0.0,-2.376737058762019,4.502497186242556,0.0,3.391019219521983,0.5096261055721527,-2.3226624729203373,-1.845368405772413,0.947308699879275,0.8132066942391143,-0.04388969059527803,0.06994,0.45192000000000004,0.024210000000000002,0.00011003404492877442,0.0,-0.003741139669865595,-0.010521295606827515,0.0,-0.0031791074497063312
1374,13.740141399903223,step,4.662473720698473,3.359122236342179,3.4471999388188124,9.936300106346607,124371.0,221497.0,0.0,0.0,8.77,5e-05,1e-05,100.0,0.01,-0.03734703954782523,0.0,0.22195935248202509,-0.03348267528810765,0.0,0.22456805907043653,-0.3550652122232118,0.0,-0.30296758670748813,5.192581782611972,0.0,7.922045843383971,0.5187074423846638,0.0,-2.375148456969697,3.134219588949963,0.0,2.8088077735216146,0.5433736829056368,-2.3042547034657095,-1.845368405772413,0.6541474470859254,0.6781367492391739,0.02940820670805311,0.03497,0.44923,-0.01883,0.006335273702515989,0.0,0.0007824742811000838,-0.010199637962233565,0.0,-0.0033911808695115306
1375,13.750252799829468,step,6.785962897701676,19.341262803600607,4.332400159910321,10.111399926245213,124371.0,221497.0,0.0,0.0,8.77,5e-05,1e-05,100.0,0.01,-0.0275615992965043,0.0,0.22788319881871896,-0.03348267528810765,0.0,0.22456805907043653,-0.20818411920453633,0.0,-0.19776293585528204,1.9199544574226448,0.0,5.265466954962476,0.5475778664706765,0.0,-2.363591564944857,0.9495286913397771,0.0,1.9091686931963456,0.5878591257543204,-2.272041106920111,-1.8484363673481845,0.17662437252555585,0.41046912504497457,0.09844922229476467,0.09146,0.35777000000000003,-0.0,0.01422028128190367,0.0,0.005692408772666316,-0.008299205290300317,0.0,-0.002377269024383885
1376,13.760185799794272,step,17.59204402714266,39.946674088001345,5.92210004106164,9.932999964803457,124371.0,221497.0,0.0,0.0,8.77,5e-05,1e-05,100.0,0.01,-0.018239655961223886,0.0,0.23335044911262742,-0.03348267528810765,0.0,0.22456805907043653,0.018127063908626204,0.0,-0.06889516097060654,-2.497061577969969,0.0,2.261765605117913,0.5882963960678583,0.0,-2.3451705157933156,-1.6970679242150042,0.0,1.0572949862803247,0.6262086454514615,-2.238293529586627,-1.8499703481360699,-0.5021329935975543,0.06882249445543544,0.24064702612647804,0.12105,0.21789,0.06725,0.02005612880962066,0.0,0.009073385955892613,-0.004813109482736895,0.0,-0.0002909959137017224
1377,13.770492099924013,step,26.702048625422464,55.94327046378223,4.183599958196282,10.30630012974143,124371.0,221497.0,0.0,0.0,8.77,5e-05,1e-05,100.0,0.01,-0.010302958988816072,0.0,0.23782325250843592,-0.03348267528810765,0.0,0.22456805907043653,0.27436240865254496,0.0,0.0485286579475247,-7.217572033975438,0.0,-0.40912544392153355,0.6363356766214728,0.0,-2.323048331292678,-4.291492299780719,0.0,0.43318378683570025,0.653820299633403,-2.204545952253143,-1.8530383097118415,-1.1403027524060811,-0.28805633382062545,0.3345509493715021,-0.29052,0.04573,0.13181,0.023662003717626397,0.0,0.010896399901574177,-0.0004822874183348161,0.0,0.0023587935364252077
1378,13.780128699960187,step,29.96763761982412,47.361879003720574,3.6618998274207115,9.636600036174059,124371.0,221497.0,0.0,0.0,8.77,5e-05,1e-05,100.0,0.01,-0.00849648037132436,0.0,0.24111343208205555,-0.03348267528810765,0.0,0.22456805907043653,0.4916365682279863,0.0,0.156479914205865,-10.691108596593184,0.0,-2.750278835691126,0.6790621379837523,0.0,-2.2997557691827755,-6.028997674998205,0.0,-0.14485977186482102,0.653820299633403,-2.183070221222744,-1.8469023865602987,-1.4897688791192714,-0.5957207849183367,0.2603107793374457,-0.58911,-0.06187,0.17754,0.0210451463041157,0.0,0.011472875631899861,0.003941048612667593,0.0,0.005072497379719152
1379,13.790322299813852,step,25.205314012323335,18.646370270898082,4.4975001364946365,10.193599853664637,124371.0,221497.0,0.0,0.0,8.77,5e-05,1e-05,100.0,0.01,-0.013867590642743496,0.0,0.24039702962493004,-0.03348267528810765,0.0,0.22456805907043653,0.5772001843682845,0.0,0.2484764109186628,-11.412320822303204,0.0,-4.238146846794837,0.7044171741202893,0.0,-2.282742813647072,-6.404848839554075,0.0,-0.7309216739147981,0.6231406838756902,-2.181536240434858,-1.8484363673481845,-1.3247883311903756,-0.69014791458813,0.045571705492042563,-0.30666,-0.31742000000000004,0.15064,0.012488758208060807,0.0,0.008379821939346945,0.007126326437303349,0.0,0.00744914861514656
1380,13.800340699963272,step,18.187065198544182,3.3571519421035494,4.290600074455142,10.018400149419904,124371.0,221497.0,0.0,0.0,8.77,5e-05,1e-05,100.0,0.01,-0.0215111721074637,0.0,0.23825938669532115,-0.03348267528810765,0.0,0.22456805907043653,0.5129059648316716,0.0,0.2909314628380911,-9.640375075599751,0.0,-4.668364102754383,0.7125204216839429,0.0,-2.2726336605654676,-5.444804673916949,0.0,-1.087494896934953,0.5893931065422061,-2.196876048313715,-1.8423004441966417,-1.065719333306558,-0.6070219887192849,-0.04769829042790985,-0.07263,-0.36853,0.01883,0.003991297783113737,0.0,0.004979317238775519,0.007980205397530216,0.0,0.0087120103861091
1381,13.810111599974334,step,10.521251313425662,2.1337655697243725,3.478099824860692,9.770900011062622,124371.0,221497.0,0.0,0.0,8.77,5e-05,1e-05,100.0,0.01,-0.03164561785740806,0.0,0.23492768981658635,-0.03348267528810765,0.0,0.22456805907043653,0.3526573097052245,0.0,0.2804647613881889,-6.151744139832422,0.0,-4.015708746503221,0.7027036286860168,0.0,-2.2694213632999443,-3.5078529965791496,0.0,-1.1188651793592646,0.5464416444814081,-2.221419740919885,-1.8300285978935567,-0.6843586298062025,-0.39311991805522206,-0.09480899168428628,-0.07801000000000001,-0.32011,-0.04573,-0.004835313721088176,0.0,0.0015822341417894622,0.006672371151787766,0.0,0.008777396604360355
1382,13.820319999940693,step,8.591355444773113,11.294245533589748,4.464800003916025,10.208399966359138,124371.0,221497.0,0.0,0.0,8.77,5e-05,1e-05,100.0,0.01,-0.041116821800032094,0.0,0.22850902283744892,-0.03348267528810765,0.0,0.22456805907043653,0.12594908119919893,0.0,0.19322581122087673,-1.7314262295344331,0.0,-1.5983656461935023,0.6802389959514863,0.0,-2.277170721517381,-1.0172415535968387,0.0,-0.5123594893851767,0.5080921247842671,-2.2582352798291403,-1.8269606363177855,-0.23264696790854755,-0.0380261342251272,-0.04413589462037318,-0.1883,-0.20982,-0.05111,-0.011065074604652374,0.0,-0.0038169876991717517,0.0034309280927279327,0.0,0.0077579514661841415
1383,13.83044739998877,step,16.391512561274794,24.580280461632505,4.195799818262458,10.127400048077106,124371.0,221497.0,0.0,0.0,8.77,5e-05,1e-05,100.0,0.01,-0.049680918924117426,0.0,0.22205836045209643,-0.03348267528810765,0.0,0.22456805907043653,-0.11398318786979604,0.0,0.037521534693048766,2.7979147380906366,0.0,2.00205728721774,0.6492194604945942,0.0,-2.2935048098947663,1.748100802126254,0.0,0.6536133509234335,0.47281056666289734,-2.2950508187383956,-1.8208247131662427,0.1818366648703548,0.3330765035678083,0.04322092630951077,-0.14257,-0.01883,-0.01883,-0.015278837543806633,0.0,-0.008045442301709421,-0.0009194060922031403,0.0,0.005535743683369315
1384,13.840328599791974,step,21.574710357958974,25.340169963862337,5.720100132748485,9.881199803203344,124371.0,221497.0,0.0,0.0,8.77,5e-05,1e-05,100.0,0.01,-0.0539735284213554,0.0,0.21781579538323553,-0.03348267528810765,0.0,0.22456805907043653,-0.31743559425050144,0.0,-0.1390075438179942,6.323258717509393,0.0,5.645212363738204,0.6191434268377402,0.0,-2.3125426852401114,4.04070115418689,0.0,1.9521639909638613,0.4559367779961553,-2.319594511344566,-1.8177567515904716,0.5670219912779609,0.6254483555936299,0.06603053533328869,0.04573,0.14526,0.01345,-0.014814110702713105,0.0,-0.00937720698573977,-0.005676742430534645,0.0,0.002624943298538771
1385,13.850316099822521,step,20.490004415106803,11.103717804615254,4.3172999285161495,9.98750003054738,124371.0,221497.0,0.0,0.0,8.77,5e-05,1e-05,100.0,0.01,-0.05286496418685988,0.0,0.2179222214274902,-0.03348267528810765,0.0,0.22456805907043653,-0.45807217465820543,0.0,-0.2748417872720285,8.319482124272884,0.0,7.965007521693595,0.5995685762607563,0.0,-2.3256579860418287,5.3021569877026185,0.0,2.747052415064815,0.4651406627234691,-2.3241964537082227,-1.8162227708025858,0.9026160715341317,0.7690882761772379,-0.03310362848079655,0.31204000000000004,0.34701000000000004,0.02959,-0.009641696998514335,0.0,-0.006460011323060258,-0.009740591900237894,0.0,-0.00018582631988606473
1386,13.860101599944755,step,15.214888710084654,0.8502557730015541,3.5044001415371895,9.785500122234225,124371.0,221497.0,0.0,0.0,8.77,5e-05,1e-05,100.0,0.01,-0.048195960607480666,0.0,0.22069351734644077,-0.03348267528810765,0.0,0.22456805907043653,-0.4960104367812745,0.0,-0.3195366487474657,8.387724753741818,0.0,8.337440520240932,0.594302084006539,0.0,-2.3295020526367707,5.218253171889705,0.0,2.795269602851134,0.49275231690541066,-2.3180605305566804,-1.8146887900147004,0.9912151030881676,0.7712471822834797,-0.10329325576213817,0.36584,0.41695000000000004,-0.05111,-0.0025940388336803313,0.0,-0.0018934154927403783,-0.012119246485692682,0.0,-0.001981126231255383
1387,13.870241899974644,step,8.0768601598631,2.3055946950667248,4.3663999531418085,10.14030002988875,124371.0,221497.0,0.0,0.0,8.77,5e-05,1e-05,100.0,0.01,-0.041546540167813714,0.0,0.22502604732773895,-0.03348267528810765,0.0,0.22456805907043653,-0.4353470514056679,0.0,-0.2835173748378939,6.7591892421729,0.0,7.097340848485431,0.6032581380803801,0.0,-2.3235801584989315,4.02276915504995,0.0,2.302263069730714,0.5280338750267805,-2.302720722677824,-1.8131548092268146,0.79287345533011,0.6587752358509571,-0.08447579650805342,0.08339,0.4304,-0.05111,0.00441135217572582,0.0,0.0029168605251810517,-0.012475217055431882,0.0,-0.00245887226787863
1388,13.880359099945053,step,5.828865433442754,15.823923757330338,4.159299889579415,10.117199970409274,124371.0,221497.0,0.0,0.0,8.77,5e-05,1e-05,100.0,0.01,-0.03277983834107172,0.0,0.23035439577573333,-0.03348267528810765,0.0,0.22456805907043653,-0.29913715581796546,0.0,-0.1961332029715313,3.7612255706939197,0.0,4.826849642523839,0.6269367773133402,0.0,-2.308397331623088,2.063431040372684,0.0,1.5753260752723912,0.5663833947239215,-2.2735750877079965,-1.8177567515904716,0.3641953454776296,0.4360490283117188,-0.009066571973409154,0.10222,0.35777000000000003,-0.040350000000000004,0.011663039976906577,0.0,0.007478382312144387,-0.010960203029870642,0.0,-0.001692045606847591
1389,13.890175699954852,step,14.855127024239305,36.37830310484232,4.386999877169728,9.816600009799004,124371.0,221497.0,0.0,0.0,8.77,5e-05,1e-05,100.0,0.01,-0.023145755948290186,0.0,0.23523684051296279,-0.03348267528810765,0.0,0.22456805907043653,-0.07939330480077696,0.0,-0.07615931287905321,-0.5874806086577037,0.0,2.0561939369998314,0.6637725348561708,0.0,-2.2869021665507296,-0.5177930921806794,0.0,0.837154844878209,0.6062668952089482,-2.242895471950284,-1.8238926747420143,-0.2685604876477945,0.13403711249951084,0.13133062983577645,0.20713,0.269,-0.00269,0.018143648736522612,0.0,0.010587558139749464,-0.007806729396705146,0.0,8.122330277678981e-05
